month,VV_mean,VH_VV_ratio_mean,VH_mean,Total_Backscatter_mean,precipitation
1,-9.421855392184742,1.9117986598536596,-16.220256065264877,-25.64211145744967,5.097842873552819
1,-9.285573032425763,1.8057110307417579,-15.987097422674763,-25.272670455100542,5.097842873552819
1,-10.12640142597924,1.5176749419879805,-16.757005638044344,-26.883407064023654,5.097842873552819
1,-10.030838917966703,2.1785710243428795,-16.985518199235326,-27.016357117202023,9.548982636349077
1,-9.485514220150685,1.8226424292264507,-16.140920033629342,-25.626434253780005,9.548982636349077
1,-9.339788543491059,1.5185760052086128,-15.468084737118245,-24.807873280609325,1.276707020806923e-05
1,-9.556191925581118,1.722414226098258,-16.004582986015873,-25.560774911596965,0.0
1,-8.40287404327177,2.157793669999876,-14.84182333257373,-23.24469737584552,0.0
1,-8.2606020396889,1.7665334998711855,-14.337941625606492,-22.598543665295384,0.0
1,-9.434760614351857,1.6686418641311047,-16.296658324044557,-25.731418938396313,0.0
1,-9.231117173353326,1.8955629679759778,-16.525146568104994,-25.756263741458287,0.0
1,-10.176715891125482,1.742097706232241,-17.520483553579073,-27.697199444704456,0.0
1,-11.217058097483646,2.0512562157471175,-17.73030655146088,-28.947364648944472,0.0
1,-10.72263312819551,1.7466564577678072,-17.83334136985649,-28.555974498052187,0.0
1,-8.402866193670722,1.9176951954372043,-15.957099149809652,-24.3599653434804,0.0
1,-9.822145438604855,2.282698927892475,-15.695812129599815,-25.51795756820464,0.0
1,-9.343620334821464,1.6536601795225885,-16.085505418229598,-25.429125753051117,0.0
1,-10.187402656153449,1.7828410977810794,-17.185706834416152,-27.37310949056967,0.0
1,-10.227716194798072,1.7414891194039388,-17.529231011329696,-27.756947206127734,0.0
1,-10.047301543899206,1.7322150451056473,-16.41128071419306,-26.458582258092342,0.0
1,-9.673305313691866,1.5866974730522136,-15.452409083173299,-25.125714396865245,0.0
1,-9.832316570341813,1.6439856415610161,-16.21043538548045,-26.042751955822293,0.010749195819686854
1,-8.5244108880458,1.9805680791181997,-14.92261105170558,-23.44702193975142,0.010749195819686854
1,-8.337471526295348,1.7528615788491198,-14.380554502444017,-22.718026028739512,0.010749195819686854
1,-9.713749547161699,1.7823613293217073,-16.02438067789374,-25.738130225055304,0.010749195819686854
1,-9.340976069114344,1.7569806575369757,-16.494316806071243,-25.83529287518563,0.010749195819686854
1,-10.409389570854717,1.7514288494405592,-17.49647160727188,-27.905861178126564,0.010749195819686854
1,-11.070163859012027,2.306018878260697,-17.264806367354108,-28.33497022636614,0.0
1,-11.132258933083653,1.6995615571143363,-17.938326793915056,-29.070585726998644,0.0
1,-8.776850876184163,1.99280764533254,-16.01296034113584,-24.789811217320054,0.0
1,-9.61004602434193,1.6823864415854308,-15.320465684271623,-24.930511708613672,0.0
1,-9.257787731312577,1.7766051791450779,-15.839485841571763,-25.09727357288438,0.0
1,-10.444961218851292,1.6944455594770609,-17.25837050509632,-27.703331723947727,0.0
1,-10.395174047642453,1.8131741562949812,-17.69096327926387,-28.08613732690647,0.040654822841931004
1,-10.045739324554111,1.7656043407496314,-16.26328223997972,-26.309021564533865,0.040654822841931004
1,-9.856942179667833,1.677446609222955,-15.61464156499556,-25.471583744663214,0.0
1,-9.990693908245662,1.6480750218962295,-16.32687762038064,-26.317571528626324,0.0
1,-8.588812609543496,1.9999583197461237,-14.955736332772343,-23.54454894231587,0.0
1,-8.38563375764759,1.74305024751646,-14.405932812596967,-22.79156657024463,0.0
1,-9.802605520179103,1.9233582395285713,-15.98128464514987,-25.783890165328888,0.0
1,-9.438252291410217,1.77120038582078,-16.602500204025084,-26.040752495435246,0.0
1,-10.43662899989972,1.9069774008448053,-17.59636834058986,-28.032997340489565,0.0
2,-10.592155572165256,1.6975448087070546,-17.036799942593916,-27.628955514759117,0.003835748698422746
2,-11.008266917596695,1.7331993532205252,-18.04491025909207,-29.053177176688877,0.003835748698422746
2,-8.894972331463945,1.8553992246065922,-16.016807361706153,-24.911779693170157,0.0012844931094034692
2,-9.881331633526752,1.5897551048498868,-15.407561711320007,-25.288893344846855,0.0003004128222498462
2,-9.489834536066478,6.853410265288434,-16.062412953077217,-25.55224748914374,0.0003004128222498462
2,-10.712437725238658,1.5522728614398653,-17.45947742508799,-28.171915150326523,0.0003004128222498462
2,-10.642537959938943,1.367964927266702,-17.802225403316804,-28.4447633632555,0.014530178395229892
2,-10.163832871283144,1.2364876141583732,-16.19032082612852,-26.35415369741166,0.014530178395229892
2,-9.747767093717519,1.6173744208271732,-15.607652893696233,-25.355419987413658,0.010442401695639515
2,-10.360941562335414,1.596741887775432,-16.519560948127097,-26.880502510462506,0.016061086972938822
2,-8.58688905856493,1.0969772424776265,-14.887482686178911,-23.474371744743888,0.016061086972938822
2,-8.342499398229574,1.7715198048772078,-14.282465143640483,-22.62496454187006,0.016061086972938822
2,-9.928429085637006,1.6828354072769065,-16.16435252583194,-26.09278161146903,0.016061086972938822
2,-9.500910867662204,1.7521571080076157,-16.725006734444175,-26.225917602106392,0.016061086972938822
2,-10.389107485518835,1.7260605072231443,-17.54511511852294,-27.934222604041736,0.016061086972938822
2,-10.261396994373293,1.8390964615139282,-16.808811712469495,-27.070208706842788,0.0
2,-11.246265845392593,1.655454345687171,-18.073585770676193,-29.319851616068828,0.0
2,-8.961043473654636,1.8515843016283184,-15.90396759152085,-24.865011065175427,0.0
2,-9.566486573313327,1.5925823648932205,-15.11738526049252,-24.683871833805753,0.0
2,-9.332226167004546,1.7682775313050831,-16.006735540967572,-25.338961707972096,0.0
2,-10.84470326887844,1.7674547835237422,-17.533199331511813,-28.37790260039034,0.0
2,-10.751521981322682,1.6235870119112035,-17.744557104374046,-28.496079085696696,0.0
2,-9.958303103150229,1.7419123214441083,-16.100031905091264,-26.05833500824152,0.0
2,-9.45709535366676,1.7346204462929606,-15.987571226760135,-25.444666580426944,0.0
2,-10.003715687441034,1.709355139958512,-16.574501511224497,-26.578217198665516,0.0
2,-8.78727664944077,2.0632093021427305,-15.370901706027274,-24.15817835546803,0.0
2,-8.562394604850212,1.763705198790627,-14.77883934549393,-23.34123395034401,0.0
2,-9.79518881591022,1.6869004093603575,-15.977285626332197,-25.772474442242526,0.0
2,-9.41203899168983,1.8282935864477117,-16.50481348401529,-25.91685247570516,0.0
2,-10.833588918362576,1.7184658360698586,-17.652016896467853,-28.485605814830397,0.0
2,-9.642656821021175,1.7603359697875107,-16.97657427262359,-26.61923109364481,0.0
2,-11.245458280357026,1.689476027149942,-18.426192649317617,-29.671650929674644,0.0
2,-8.899927054372627,1.933731713000868,-16.09016476164882,-24.99009181602148,0.009406622591311194
3,-9.545350541793818,1.6464178617900251,-15.565831439669108,-25.111181981462842,0.0
3,-9.454438746908014,1.892014377449568,-16.484812379651927,-25.939251126559988,0.0
3,-10.880085575321319,1.736454477565811,-17.843854659175626,-28.72394023449705,0.0
3,-10.843179427794002,0.9828954150905658,-17.913037921590224,-28.756217349384336,0.0
3,-9.667175385440641,1.689814016911163,-16.284563010489343,-25.95173839593004,0.0
3,-9.497492233830103,1.675447868342187,-15.927348916495179,-25.424841150325282,0.0005759072532743384
3,-10.203437045710816,1.6927634379567245,-16.558280752399316,-26.761717798110144,0.02687781135840663
3,-8.775885973146034,1.6758015843145448,-15.299756486380035,-24.07564245952605,0.02687781135840663
3,-8.582911719840848,1.7356383966009605,-14.763195190964952,-23.346106910805876,0.02687781135840663
3,-9.608146094029891,1.7375194403407168,-16.101711576255784,-25.709857670285558,0.02687781135840663
3,-9.706942029863301,1.8014764720306475,-16.79900759538048,-26.50594962524374,0.02687781135840663
3,-11.05146663955025,1.5832158596779053,-17.961143062838342,-29.012609702388712,0.02687781135840663
3,-10.004934022178034,3.5313200904432605,-17.803558258841537,-27.808492281019483,0.6392193852238144
3,-11.709584498633062,1.624775712578133,-18.166386312215522,-29.87597081084842,0.6392193852238144
3,-9.286308096078486,1.9693359872743865,-16.14667729635839,-25.432985392436976,0.01756457091017756
3,-9.697062055329598,1.6888118630178102,-16.04378876622881,-25.74085082155833,0.036495844921132344
3,-9.643844708772596,1.6985169463096754,-16.579541343461567,-26.223386052234186,0.036495844921132344
3,-10.942472059415948,1.658984661714751,-17.915918177248123,-28.85839023666397,0.036495844921132344
3,-10.944146048069232,1.6057292516579693,-18.02782619532424,-28.97197224339349,0.43437395845365256
3,-9.530480671945538,1.5600223984072707,-16.5639983555049,-26.094479027450337,0.43437395845365256
3,-9.525203717631507,1.7122992100465784,-15.959035110914344,-25.48423882854588,0.0
3,-10.305407605670617,1.575502883948368,-16.599161495695366,-26.90456910136598,0.004367275116752562
3,-8.690760768934705,49.265289960684974,-15.19011531861676,-23.880876087551503,0.004367275116752562
3,-8.448381404108396,1.7782378599018733,-14.594683089583368,-23.043064493691755,0.004367275116752562
3,-9.613462432864509,1.8667080819072894,-16.522753302415808,-26.13621573528035,0.004367275116752562
3,-9.76670115610054,1.8327944853796199,-17.001169485895005,-26.76787064199561,0.004367275116752562
3,-11.244007659474551,0.9194675178242372,-18.115277821733844,-29.359285481208463,0.004367275116752562
3,-10.173829639346502,1.8308430610709516,-18.430068353818143,-28.603897993164722,0.459843714510498
3,-11.831088577589544,1.648600550121003,-18.32596216767811,-30.15705074526753,0.459843714510498
3,-9.064238199013282,1.869377741892442,-16.094349822892067,-25.158588021905274,0.02047905272089603
3,-9.579298830007263,1.7069024704642581,-16.84607500381705,-26.425373833824306,0.2047729600913872
3,-9.580033987302027,1.9229813574995633,-16.851702874372453,-26.43173686167453,0.2047729600913872
3,-10.661077269136237,1.6733693619962502,-17.922433659355875,-28.583510928492093,0.2047729600913872
3,-11.060159572525206,1.705715383996509,-18.194453188683948,-29.254612761209103,0.0013780407921734307
3,-9.455728435470819,1.7351069104158172,-16.838461196465193,-26.294189631936025,0.0013780407921734307
3,-9.117680721695843,3.362995365690132,-15.555224327484193,-24.672905049179995,1.113493455862915
4,-10.303399448142525,1.6413900351376396,-16.54857680529911,-26.851976253441602,1.1422394023261107
4,-8.70719246517208,1.963696732579571,-15.275699779883636,-23.98289224505572,1.1422394023261107
4,-8.518697599117253,1.725349762596466,-14.689454120157267,-23.208151719274433,1.1422394023261107
4,-9.509417244379065,1.71076600202854,-16.870636509068447,-26.380053753447324,1.1422394023261107
4,-9.41836700332327,1.856932229708898,-16.69959047771791,-26.11795748104116,1.1422394023261107
4,-10.94998092442968,1.6711934015890733,-17.90042517285054,-28.85040609728024,1.1422394023261107
4,-10.252971762019579,1.9094438996667433,-19.128645512441352,-29.381617274460872,0.0
4,-11.35070632490721,1.6654257933311005,-18.23557623418234,-29.586282559089575,0.0
4,-8.889897025171358,1.8811975369669374,-16.1543503430586,-25.044247368229858,2.25867112350073
4,-9.444970771869732,1.8966010489437715,-17.354178601439582,-26.799149373309174,0.10337214727790608
4,-9.602583035192115,1.8153124646963676,-16.845243316992622,-26.44782635218477,0.10337214727790608
4,-11.170739110342934,1.707198125976176,-18.15316060308565,-29.323899713428595,0.10337214727790608
4,-11.152355811966983,1.631551348563217,-18.331174127794384,-29.48352993976146,0.012815500757663753
4,-9.560694131224098,1.79444478724942,-17.082949982214586,-26.64364411343862,0.012815500757663753
4,-8.572890563454612,1.7741549557160452,-14.89809812432466,-23.47098868777935,1.2075600170009635
4,-10.29339873117694,1.6606575758768947,-16.653037315073938,-26.946436046250916,0.0
4,-8.617377734888423,1.6464941339120907,-15.187425171021797,-23.804802905910222,0.0
4,-8.440737023656146,1.7565923898383944,-14.644210241982293,-23.084947265638434,0.0
4,-9.7438486837862,1.8520881158119569,-17.648895257140943,-27.392743940927065,0.0
4,-9.843563543624912,1.8581293427970156,-17.144042579720868,-26.987606123345913,0.0
4,-11.28047212624481,1.655995718653841,-18.182968471094227,-29.463440597338966,0.0
4,-10.141612521941132,2.254186743479147,-19.71867335458591,-29.86028587652708,0.14240963041637592
4,-11.636634772067303,1.7038468322445137,-18.428281320290214,-30.064916092357482,0.14240963041637592
4,-8.83341273382932,1.904180973518399,-16.39173192960737,-25.225144663436758,0.09801746413611215
4,-9.532104896240588,1.8979636029714588,-17.704308377738005,-27.236413273978634,0.005934346294199177
4,-9.923336139452688,1.830654042816645,-17.163460558213576,-27.08679669766637,0.005934346294199177
4,-11.422602151353283,1.7526580486336991,-18.366861625174785,-29.789463776527914,0.005934346294199177
4,-11.190164445465363,1.7780307502922583,-18.326624016550035,-29.516788462015388,1.107880181690819
4,-9.636680928451163,1.885030555623799,-17.112081246639697,-26.748762175090814,1.107880181690819
4,-9.483068787343145,1.8681669416214208,-16.35197993966856,-25.835048727011554,0.04808817362173993
4,-10.57517360523607,1.6039131502427983,-16.784237765234433,-27.35941137047046,0.3221149624324057
4,-8.747721867274821,2.165887624222611,-15.265455752942165,-24.013177620217046,0.3221149624324057
4,-8.473110962374987,1.7715161335307752,-14.644777755175133,-23.11788871755013,0.3221149624324057
4,-9.579969662837904,1.8113130994501507,-17.66022656587469,-27.24019622871271,0.3221149624324057
4,-9.994049999703536,1.7850522806441615,-17.380435899711276,-27.374485899414783,0.3221149624324057
4,-11.318764437923148,1.514276565158847,-18.273375000779446,-29.59213943870257,0.3221149624324057
4,-9.938799028008063,2.0332637311187263,-19.54903857366756,-29.487837601675647,0.08171604081306325
4,-11.337707771511539,1.67880739646965,-18.251188708279525,-29.588896479791174,0.08171604081306325
4,-9.00168593688998,1.9004746111570714,-16.579973767272044,-25.58165970416198,4.440068708721525
5,-9.071196050914086,4.988706037673307,-17.121792419942395,-26.192988470856527,0.6272744130822486
5,-9.631129288354645,1.8585584316210968,-16.906816096982514,-26.537945385337085,0.6272744130822486
5,-10.934942834451212,1.7028250803247036,-17.998854479328973,-28.933797313780143,0.6272744130822486
5,-10.646047036086276,1.7518599465313511,-17.999762232622608,-28.645809268708877,15.16311932224701
5,-9.515004177726535,1.7050620440876532,-16.752142522123062,-26.26714669984967,15.16311932224701
5,-9.391329415942819,1.7484002004568655,-16.249066792326495,-25.640396208269117,3.755632998207169
5,-9.341250801792755,1.7823405338640448,-16.15674573629845,-25.497996538091183,2.8759889990340346
5,-8.493697742540865,3.7482312377233393,-15.035533645475878,-23.529231388016772,2.8759889990340346
5,-8.414139917612406,1.751942636744031,-14.508386656484328,-22.922526574096672,2.8759889990340346
5,-9.419282463621727,1.8271277366802643,-16.937514394725987,-26.356796858347757,2.8759889990340346
5,-9.699897432317531,1.9499618783785715,-16.91640103809129,-26.616298470408772,2.8759889990340346
5,-10.862688837548713,1.6841476730454128,-17.842352974074508,-28.705041811623232,2.8759889990340346
5,-9.620206615855583,2.0047890354261004,-18.53860585501923,-28.15881247087483,3.758884295863611
5,-11.38129707213874,1.6913935035332426,-18.18244826247161,-29.56374533461029,3.758884295863611
5,-8.278861029579401,1.9924332685160244,-15.657139200275916,-23.936000229855303,9.189201930665492
5,-9.153295746637996,1.849720636053449,-16.201905014151215,-25.35520076078926,2.916134217854633
5,-9.374796214847777,2.9397754362579183,-16.366599203813323,-25.741395418661117,2.916134217854633
5,-10.519466817002924,1.7532505775037697,-17.344008658073896,-27.863475475076715,2.916134217854633
5,-10.358457813919717,1.7375337935110273,-17.655938764000435,-28.014396577919992,2.582696670271406
5,-9.408195689747254,1.7790916154304506,-16.361543742072115,-25.76973943181935,2.582696670271406
5,-9.081770968710757,1.8491226306698008,-15.880530742179086,-24.962301710889772,6.5032565145300465
5,-9.76039434660909,1.6895405260667373,-16.137132427597372,-25.89752677420639,5.415897697881835
5,-8.272378766586744,1.876913689349943,-14.78809027446281,-23.060469041049544,5.415897697881835
5,-8.100374339019442,1.8026475193733906,-14.2578561419355,-22.35823048095499,5.415897697881835
5,-9.849026010813493,1.7973292954523405,-16.661199568054208,-26.510225578867786,5.415897697881835
5,-9.798252360396855,2.4308592256657087,-16.92503148979282,-26.72328385018965,5.415897697881835
5,-10.72101161842657,1.7091666192914163,-17.69475262565149,-28.41576424407803,5.415897697881835
5,-10.507580258533306,1.7621680877538013,-17.665395012356214,-28.17297527088957,4.715250485294522
5,-11.316607725940457,1.9940572153426654,-18.325406632055216,-29.642014357995667,4.715250485294522
5,-8.14450453252593,1.8172589402508077,-15.54067993020014,-23.685184462726056,9.251589582752844
5,-9.699138915982926,1.6901197576600258,-16.106019652781605,-25.805158568764657,11.14832482081765
5,-9.54262920858077,1.8543703133668445,-16.52078017873787,-26.06340938731859,11.14832482081765
5,-10.755508320882953,0.3404844958536301,-17.78568579779077,-28.541194118673793,11.14832482081765
5,-10.13009799760958,1.9228778761218004,-17.86459402749615,-27.99469202510583,7.9069603171443
5,-9.388723133134924,1.651047178985687,-16.330713469545667,-25.719436602680567,7.9069603171443
5,-9.245197002839998,1.830383469573131,-16.298913410532606,-25.5441104133724,4.401160957884124
5,-9.942724752107733,1.6754287424541856,-16.22849649527186,-26.1712212473796,0.8186730039417689
5,-8.354870015215898,1.5973612019319832,-14.960517701932092,-23.315387717148056,0.8186730039417689
5,-8.108341645041861,1.8233036074629985,-14.349311885581427,-22.4576535306233,0.8186730039417689
5,-9.84590747310727,1.6703964090580155,-16.23213665422511,-26.078044127332458,0.8186730039417689
5,-9.764166432818206,1.8391340028571532,-16.80824634674936,-26.57241277956756,0.8186730039417689
5,-10.736863920005213,1.510605528259954,-17.6328329882884,-28.3696969082936,0.8186730039417689
6,-11.306141198877526,1.7081516526705627,-17.478382407978298,-28.78452360685583,0.3528745376849706
6,-11.174783752852658,1.7738317027063297,-18.38603011290231,-29.560813865755023,0.3528745376849706
6,-8.614860713146733,1.8985219764238106,-16.16277240077097,-24.777633113917638,7.098912587065643
6,-9.369005916449971,1.6949791405752856,-15.618561289407577,-24.987567205857427,8.555553898619204
6,-9.354743616782415,1.690384298127534,-16.442012595022497,-25.796756211804993,8.555553898619204
6,-10.516734919293778,1.6493279737501065,-17.511424574187807,-28.028159493481645,8.555553898619204
6,-10.231401793627706,1.8571048735620357,-17.759480187713486,-27.99088198134123,5.2027668536734035
6,-9.554038855435786,2.5947966505135023,-16.238170977462946,-25.79220983289875,5.2027668536734035
6,-9.166928948094013,1.887474779684596,-16.34226613496105,-25.50919508305507,4.655016827228576
6,-9.446806591539195,1.7183391720003398,-15.939857386512168,-25.386663978051356,8.72436514445467
6,-8.012801893464085,1.510012318038928,-14.664987804905959,-22.67778969837008,8.72436514445467
6,-7.972043332357348,1.750123158891238,-14.20650525116798,-22.17854858352531,8.72436514445467
6,-9.503289177140923,1.7720233782016286,-15.841918580387942,-25.345207757528726,8.72436514445467
6,-9.494737304155825,1.8427125282427095,-16.843499786665838,-26.33823709082172,8.72436514445467
6,-10.694476685428624,2.1027525529756512,-17.799331870986286,-28.49380855641484,8.72436514445467
6,-10.85835310028584,1.6042461641460062,-16.843462370326392,-27.70181547061222,7.428987579857596
6,-10.57621684223528,1.8185790589402866,-17.79828362453909,-28.374500466774347,7.428987579857596
6,-8.300135400190584,2.065438383131877,-15.800701171101668,-24.10083657129225,5.404935760331808
6,-9.947001314938316,1.6501909988960903,-15.92115533966054,-25.868156654598845,0.5719683022078009
6,-9.498633106248578,0.626265621852653,-16.987925532550843,-26.486558638799387,0.5719683022078009
6,-10.481438055405166,1.506531043991118,-17.719976577707172,-28.201414633112382,0.5719683022078009
6,-10.175074597715302,1.8073999812660526,-18.059063118708078,-28.234137716423454,0.08901025865622691
6,-9.51529991242579,1.8777812435987722,-16.406193438581933,-25.921493351007772,0.08901025865622691
6,-9.171571691746696,3.2895090113431724,-16.391684583273648,-25.563256275020592,0.9129445089370958
6,-9.382288254235485,1.732710926247154,-15.901321551973517,-25.283609806208972,5.779061831801136
6,-7.997824189772657,1.8774687984128857,-14.66127288709093,-22.659097076863556,5.779061831801136
6,-7.961843580952478,1.8218212660914177,-14.254223549751124,-22.2160671307036,5.779061831801136
6,-9.539579341595717,1.9264187637542896,-15.592478316823383,-25.132057658419008,5.779061831801136
6,-9.591005530452012,1.7122817409613136,-16.813229610179064,-26.404235140631034,5.779061831801136
6,-10.579863549189419,1.8023405332236477,-17.779405437472345,-28.359268986661686,5.779061831801136
6,-10.69321140255852,1.6839920154628636,-16.282699651765036,-26.975911054323536,8.721178263533524
6,-10.904353661539538,1.6546613984775607,-17.780402829468166,-28.684756491007573,8.721178263533524
6,-8.239709950695456,2.0249879668982524,-15.691090084354874,-23.930800035050254,2.4793400593958337
6,-9.451351012924446,1.706534042877031,-15.337032248007286,-24.788383260931653,8.059040255515168
6,-9.228123354431355,2.2259820033625575,-16.515566716962393,-25.743690071393747,8.059040255515168
6,-10.443477557933175,1.7402118006510707,-17.815065895200245,-28.258543453133345,8.059040255515168
7,-10.071309117818291,1.7254586263248537,-17.479480983639128,-27.55079010145734,13.541800970508085
7,-9.154939930416162,1.9265093231672354,-16.172247538721116,-25.327187469137286,13.541800970508085
7,-9.483684834987713,1.5663218249214972,-15.650797034300972,-25.13448186928865,0.6763803873967819
7,-8.096846011192532,1.893206021199646,-14.68216125040052,-22.77900726159309,0.6763803873967819
7,-8.005902610305219,2.0344357978804744,-14.21368362141012,-22.219586231715404,0.6763803873967819
7,-8.907371498546897,1.9410689951937365,-15.416798200122779,-24.324169698669603,0.6763803873967819
7,-9.172807858126797,1.7438803027927747,-16.701499590313958,-25.874307448440756,0.6763803873967819
7,-10.166876319106525,1.8072201072233012,-17.47750698665996,-27.64438330576639,0.6763803873967819
7,-9.535376186598516,1.741107188865893,-15.816116762851495,-25.35149294944999,3.7316474060743046
7,-11.708520686098932,1.6362364713742676,-18.32153875884368,-30.030059444942733,3.7316474060743046
7,-8.267380867923157,1.8705425950101853,-15.54776992678239,-23.815150794705648,3.1847353208149767
7,-9.848157423997753,1.668040177706467,-15.73479469282816,-25.582952116825947,1.8245140032225546
7,-9.567081705068086,1.8496339473455472,-16.503481882216644,-26.070563587284752,1.8245140032225546
7,-10.685211172450993,1.8405152869763584,-17.8586376508829,-28.54384882333395,1.8245140032225546
7,-10.156648170742583,1.806676212946996,-17.389115344937682,-27.54576351568027,3.139239064578878
7,-9.126480718210006,1.6547054608333978,-15.99755845352495,-25.124039171734974,3.139239064578878
7,-8.739531217596777,1.7589722981654632,-15.708290524515725,-24.447821742112595,12.546417327663617
7,-8.940478442483208,1.800532018377767,-15.498209316940992,-24.43868775942415,5.986620647809705
7,-7.621608067665424,2.1473360061995024,-14.415682250709358,-22.037290318374787,5.986620647809705
7,-7.541697099908693,1.7921661657609296,-13.895655410579362,-21.437352510488083,5.986620647809705
7,-9.135702044591456,1.9027592604018928,-15.620915244528828,-24.75661728912031,5.986620647809705
7,-9.19643737618923,1.4589948880069699,-16.413511978296526,-25.609949354485753,5.986620647809705
7,-10.075980669431978,1.6436330453393164,-17.25620158446094,-27.332182253893052,5.986620647809705
7,-8.679385453287093,1.7130340081605084,-15.479405200036986,-24.158790653324104,1.9744391209077512
7,-11.80791516237129,1.9945647026410191,-18.36405628054566,-30.1719714429169,1.9744391209077512
7,-8.435958465807227,1.9509536067892155,-15.582202987802956,-24.01816145361015,3.0610064639610024
7,-10.244552332104597,1.828265017322599,-17.200080112629546,-27.44463244473425,3.114484412876702
7,-8.929226198849952,-0.7679129607510422,-15.737873255818073,-24.667099454667937,3.114484412876702
7,-9.17776287065342,1.7494686657169225,-15.761217445085627,-24.938980315739023,9.921585253699657
7,-9.237344196469582,1.795222859757577,-15.80169803058144,-25.039042227051016,3.654816278576237
7,-8.039321161490331,2.0864683237080834,-14.693906319602386,-22.733227481092744,3.654816278576237
7,-8.046837447524528,1.8365527588128605,-14.273024541146045,-22.31986198867055,3.654816278576237
7,-9.185068316852565,1.5821620356460782,-15.732281103141196,-24.917349419993776,3.654816278576237
7,-9.660840832362206,1.8243076778574192,-16.747327127253303,-26.40816795961551,3.654816278576237
7,-10.381315510697926,1.6912166710624799,-17.66802981030994,-28.049345321008005,3.654816278576237
7,-8.866920627445984,1.1825282495720832,-16.04921896108555,-24.916139588531532,11.550055165274175
7,-11.496427048438148,1.6219854810488699,-18.11861915227008,-29.61504620070805,11.550055165274175
8,-8.275304331579552,1.8800150253863648,-15.52116570971552,-23.796470041295056,11.012202545627387
8,-8.645886449096162,1.77287262450466,-14.992672448076396,-23.638558897172537,13.126984482095716
8,-9.08525735678835,1.8521199346862782,-16.199116773009052,-25.284374129797314,13.126984482095716
8,-10.08490908467508,1.718109461531641,-17.008965620127753,-27.093874704802833,13.126984482095716
8,-9.642914390751251,1.9626834816111287,-16.71629776039041,-26.359212151141765,21.43879202227222
8,-8.145753588673651,1.8801642177578997,-15.402824269426915,-23.54857785810051,21.43879202227222
8,-8.658192625203975,1.8444540156117681,-15.092701173141354,-23.750893798345146,1.60344809292241
8,-9.474152752569655,1.7259428803579255,-15.740209354459056,-25.214362107028784,3.549714407996857
8,-7.960311535298541,1.8021313855107397,-14.636564116664777,-22.596875651963327,3.549714407996857
8,-8.010748277766268,1.8000263721537266,-14.204933399291214,-22.21568167705746,3.549714407996857
8,-8.533928203904331,1.9089590824636153,-15.232091604494254,-23.7660198083985,3.549714407996857
8,-9.358958726517699,1.8433465946921643,-16.411817886429503,-25.770776612947127,3.549714407996857
8,-10.085148366862756,1.8134920629111122,-17.27854780505803,-27.36369617192093,3.549714407996857
8,-8.60015874778332,1.989846186446745,-16.289034708830076,-24.889193456613434,0.08118699526476193
8,-11.115635444831039,1.6402879418841687,-17.56176136301688,-28.67739680784809,0.08118699526476193
8,-8.300620420473527,1.9972568120511083,-15.44542590002547,-23.746046320499087,4.184421463967021
8,-8.346353169559531,1.8219771593708727,-14.692917245728548,-23.039270415288186,1.072766269966031
8,-9.318895681409352,1.8015094350909762,-16.026787982636126,-25.34568366404551,1.072766269966031
8,-10.29721729355105,1.5020069714753348,-17.34202635165603,-27.639243645207017,1.072766269966031
8,-10.214074510054145,1.710446596489476,-17.180971444532705,-27.395045954586752,0.0
8,-8.964862950035947,1.8481091060660697,-15.806885058488726,-24.77174800852476,0.0
8,-8.64239867490289,1.7898539559023392,-14.92238187314052,-23.564780548043377,2.935139021252794
8,-9.521793734170593,1.6615174467786056,-15.466253988033337,-24.988047722203827,4.535340743218632
8,-8.096502809220736,1.821643750035261,-14.676840868869595,-22.773343678090292,4.535340743218632
8,-8.011837296182033,1.8049338494015958,-14.219614727902362,-22.231452024084497,4.535340743218632
8,-8.738975252903797,1.7936537233346739,-15.411208450634232,-24.150183703538033,4.535340743218632
8,-9.42586552803754,1.7620259818613928,-16.46223541766522,-25.888100945702828,4.535340743218632
8,-10.17512812212862,1.4985609875766295,-17.088147329056746,-27.263275451185372,4.535340743218632
8,-8.767686418412367,1.9527906331150058,-16.546659862710708,-25.314346281123022,12.745515810372726
8,-11.175459736385902,1.6455023025610558,-17.822219391656386,-28.997679128042225,12.745515810372726
8,-8.030612181735217,1.9297044657419196,-15.152588626202164,-23.183200807937276,26.174357479297832
8,-7.969399064576382,1.3644010827298563,-14.599070846275408,-22.568469910851856,29.295103971088533
8,-8.886552764364618,1.9110418031160514,-15.9985364787568,-24.885089243121325,29.295103971088533
8,-10.03052789134581,1.691416540552978,-17.162191209932487,-27.192719101278165,29.295103971088533
8,-9.779901249708429,1.7061863938961834,-17.04515503040691,-26.825056280115355,11.037042308594371
8,-8.677377301549544,2.0285424162177454,-16.183046949496138,-24.86042425104563,11.037042308594371
9,-8.280867109635139,1.734476683203957,-14.863039277566084,-23.143906387201085,4.461326021625171
9,-9.416205480706697,1.7304993989278552,-15.865647619435041,-25.281853100141713,11.299018857668157
9,-7.244644370100192,1.8729044457440356,-13.904641453353305,-21.14928582345352,11.299018857668157
9,-7.394862887586849,1.5758453473733283,-13.559252195020553,-20.95411508260738,11.299018857668157
9,-9.542137289847087,2.3343369967187715,-16.772507681447692,-26.314644971294676,11.299018857668157
9,-9.312917119031068,1.8577976486418168,-16.819447399218813,-26.13236451824989,11.299018857668157
9,-10.068765092650054,1.7587401614221463,-17.120319768773065,-27.189084861423073,11.299018857668157
9,-10.162728771935674,1.9806876831775262,-18.396711259684864,-28.559440031620642,1.1060438384700049
9,-10.958232721083053,1.7157922535089765,-17.983210300077427,-28.94144302116054,1.1060438384700049
9,-8.049679444490547,1.8581415259059078,-15.249966747650406,-23.29964619214099,0.059344599374310074
9,-9.892770889390292,1.8519549017921109,-16.86834145191258,-26.761112341302926,0.17248383455418856
9,-9.296963529744513,1.952121730303912,-16.61593595005871,-25.912899479803244,0.17248383455418856
9,-10.37698716669825,1.6962319056015398,-17.498071992380545,-27.87505915907889,0.17248383455418856
9,-10.18133350494932,1.7334910323393613,-17.42097191700108,-27.602305421950238,0.5387452399890964
9,-9.470878174506574,1.9635869511673838,-16.817449877854735,-26.28832805236126,0.5387452399890964
9,-8.316646786461314,1.8950160284927238,-14.668971380853396,-22.985618167314755,5.088685171616868
9,-9.500190508614777,1.694166490382145,-15.928612262682206,-25.42880277129692,10.720116730266312
9,-7.922152743838696,2.618719012339688,-14.571155920523895,-22.493308664362623,10.720116730266312
9,-8.081963918084037,1.8824926588556394,-14.25363713374469,-22.33560105182878,10.720116730266312
9,-10.88796175015377,1.8113148607400087,-18.603573652974475,-29.491535403128204,10.720116730266312
9,-9.461456775539382,1.7745101398371352,-17.06958382673147,-26.531040602270966,10.720116730266312
9,-10.200119986044937,1.766632483770094,-17.225663805954962,-27.42578379199996,10.720116730266312
9,-12.252170857690555,1.8190525692074668,-21.212320143931496,-33.464491001621944,14.613736307967953
9,-10.891326085983554,1.6486106137298528,-18.083032861460126,-28.97435894744364,14.613736307967953
9,-7.94091553877026,1.8059083956952013,-15.204702002521438,-23.145617541291696,15.38378071183513
9,-11.56689622996184,1.487682306537041,-18.60140241178303,-30.168298641744943,4.496849643304593
9,-9.925832816786341,1.9887863597584652,-17.31293826183036,-27.23877107861678,4.496849643304593
9,-10.306622294099432,1.7622182234256016,-17.46736054752334,-27.773982841622765,4.496849643304593
9,-10.31470489838894,1.750767413381945,-17.823850506938054,-28.138555405326883,0.5294937468518376
9,-10.255807438069844,1.9267551336961726,-17.67324114259936,-27.9290485806692,0.5294937468518376
9,-9.701784700431961,1.777849024321234,-16.246410316849968,-25.94819501728166,5.15892570165621
9,-9.721425922031376,1.7043816856679912,-16.026770182142357,-25.748196104173775,4.783605609753679
9,-7.670669920267032,1.7513022683845068,-14.314911011913054,-21.985580932180117,4.783605609753679
9,-7.7022037990066305,1.8437065707041478,-13.990325381456321,-21.692529180462916,4.783605609753679
9,-12.45789044179454,1.7714808142293428,-19.788687765213613,-32.2465782070081,4.783605609753679
9,-10.0731704321568,1.631110095045858,-17.603409822106396,-27.676580254263122,4.783605609753679
9,-10.161164812231805,1.783769954028189,-17.083812008732462,-27.244976820964382,4.783605609753679
9,-14.420782643959503,1.6229500775097172,-22.516813515680678,-36.937596159640165,1.5594846558102946
9,-10.750147719345442,1.8187382781937764,-18.069810959935296,-28.81995867928098,1.5594846558102946
9,-8.732841411629465,2.008808633300629,-16.04906466961793,-24.781906081247325,7.477134817663625
10,-12.138471204581732,1.4636595772045429,-19.173503870454915,-31.31197507503657,11.985349150115914
10,-10.3432753322996,1.7832284465379193,-17.698711408505464,-28.041986740804997,11.985349150115914
10,-10.532324124172979,1.794176085177354,-17.4933181563708,-28.025642280543735,11.985349150115914
10,-10.503642016723619,2.3343373703412404,-17.900109583159946,-28.403751599883496,11.951434117818307
10,-10.921058364431804,2.530798896908757,-18.042889735461266,-28.96394809989294,11.951434117818307
10,-9.754672167065527,1.697901554067614,-16.205018364490343,-25.959690531555875,10.062847667434609
10,-9.697542812566498,1.6890762166860962,-15.91318114431379,-25.61072395688026,2.287629398435562
10,-8.147944988302736,-0.4770596292748337,-14.759031221210044,-22.906976209512788,2.287629398435562
10,-8.185664455910723,1.7941307412657386,-14.515841954838491,-22.70150641074921,2.287629398435562
10,-12.124372753051532,1.716679795242648,-19.3193960656176,-31.443768818669025,2.287629398435562
10,-10.05520798542814,1.988879170428623,-17.52502537076076,-27.58023335618892,2.287629398435562
10,-10.482375639082639,1.7426943351554904,-17.51462137171793,-27.99699701080058,2.287629398435562
10,-13.216714274931553,1.7528687674751064,-20.988768035932438,-34.20548231086398,3.5989596365855236
10,-11.246468795352401,1.6593988446421724,-17.976816375925985,-29.223285171278473,3.5989596365855236
10,-8.838665630645139,2.239682209641979,-15.952822398264622,-24.79148802890972,4.649029612487527
10,-11.724308553146583,3.940215424018415,-18.53893277147394,-30.263241324620562,7.809505844515952
10,-10.390536346803984,1.956326440836522,-17.526219136216433,-27.916755483020474,7.809505844515952
10,-10.43579539978204,1.6257003338374916,-17.450194992428347,-27.885990392210477,7.809505844515952
10,-10.378135531268693,1.8381713427152384,-17.934641650858676,-28.312777182127324,8.485871595621205
10,-10.842120955480011,1.8724607104349464,-17.92127989173265,-28.763400847212772,8.485871595621205
10,-10.441904061417732,1.819621932560299,-17.24116095047686,-27.68306501189444,4.726763808724116
10,-9.204021960484733,1.743799317025204,-15.571397727182845,-24.77541968766764,5.524505358437145
10,-8.256668739973103,1.4399491044792414,-14.771934618282273,-23.02860335825534,5.524505358437145
10,-8.172885494280674,1.8588889411442804,-14.352442283753522,-22.52532777803425,5.524505358437145
10,-11.89056440093939,1.6543557026041986,-19.16219119202373,-31.052755592963013,5.524505358437145
10,-10.576402493280401,2.042592148080183,-17.976180758542444,-28.55258325182291,5.524505358437145
10,-10.545662396847916,1.6986021134657938,-17.442533736695374,-27.988196133543333,5.524505358437145
10,-11.899908956450613,1.917227536212718,-20.215172425149984,-32.11508138160059,1.428111636339938
10,-11.355239771254267,1.6645412304352574,-18.056135967418832,-29.41137573867308,1.428111636339938
10,-8.724599959769277,1.9431640592354065,-16.048708407331105,-24.773308367100494,0.4396808215956537
10,-11.842215814790919,1.8690385167167178,-18.65993959440208,-30.50215540919278,11.89705721519515
10,-10.619117540525828,1.764349764691418,-17.64551455240441,-28.26463209293028,11.89705721519515
10,-10.484026975762532,2.3780799575747116,-17.563436240287476,-28.04746321604996,11.89705721519515
10,-10.700198636861973,1.727911416782813,-18.02361715705794,-28.723815793919986,1.7787941309687332
10,-11.195635081816059,1.7705626834622425,-18.236277139331175,-29.431912221147257,1.7787941309687332
11,-10.187472523501441,1.7479311049262614,-17.149489726295254,-27.336962249796574,6.96393903435659
11,-9.48650264561743,1.7415963937325456,-15.93194130824435,-25.418443953861736,18.38792797408086
11,-8.025049973050784,1.8736378381146312,-14.59835666102264,-22.623406634073433,18.38792797408086
11,-7.746018899943263,1.7482029091130324,-13.93205530244554,-21.678074202388796,18.38792797408086
11,-10.43645711595849,2.004870009591645,-18.033955089843804,-28.4704122058023,18.38792797408086
11,-10.580213218369991,1.7748682213738152,-17.788017264706692,-28.36823048307673,18.38792797408086
11,-10.98879911055218,1.7405086410890045,-19.965964197106256,-30.954763307658403,2.0909652906915595
11,-11.394891821972072,1.6128487256271933,-17.76633682763573,-29.161228649607807,2.0909652906915595
11,-8.750589560454847,1.8373970530334094,-15.814311534500401,-24.564901094955147,9.64367787077036
11,-10.665721931074307,1.8073643716929255,-17.88689539132595,-28.552617322400224,32.29341431012516
11,-10.498104351711177,1.7575289621355081,-17.75837818240269,-28.256482534113907,32.29341431012516
11,-10.646926932510851,1.696809803040877,-17.022713416558478,-27.669640349069184,32.29341431012516
11,-11.520645648535355,1.6231020067665503,-18.271735303874728,-29.792380952410063,32.29341431012516
11,-9.819216650789736,1.7662457970152117,-16.95484996681546,-26.77406661760519,3.5472683922576014
11,-9.920770990674539,1.6658591110201453,-16.27865592872898,-26.199426919403464,0.06956981310692517
11,-8.411490903350142,1.9310304381531738,-15.087808987953881,-23.499299891304094,0.06956981310692517
11,-8.313320560634928,1.7859730037650545,-14.659139856050038,-22.972460416684974,0.06956981310692517
11,-9.964707058416868,1.7010250597480994,-17.74190298321537,-27.706610041632167,0.06956981310692517
11,-10.406434777923176,1.2323004819664631,-17.89392264809597,-28.30035742601912,0.06956981310692517
11,-10.172034919230269,2.0588623595175113,-19.759624337882343,-29.931659257112532,0.012051999992261022
11,-11.35062170366476,1.6583077891085178,-17.992460756194824,-29.34308245985945,0.012051999992261022
11,-8.68969288293076,1.9670067651674479,-15.885057871845381,-24.574750754776026,0.10773382017938514
11,-9.782142602129719,2.1747254955444992,-18.13343110773975,-27.915573709869516,0.014409407210270663
11,-9.743778893554026,2.169238264443187,-17.31546191209683,-27.059240805650838,0.014409407210270663
11,-10.51031101487116,1.7231816129025699,-17.762565442754127,-28.272876457625262,0.014409407210270663
11,-10.59518303992076,1.8872861448182305,-17.959558449760454,-28.55474148968137,0.0033535673296399694
11,-9.773603187598557,1.701101121374539,-17.69440252543153,-27.468005713030053,0.0033535673296399694
11,-9.708440547940434,1.7814414014610813,-16.973759035055433,-26.68219958299593,2.214028706752809
11,-10.019294066831193,1.6705574425316727,-16.400591877478988,-26.41988594431008,0.15103584382408436
11,-7.995064931096785,1.6783282272773752,-14.65775526330168,-22.65282019439847,0.15103584382408436
11,-7.869974886879425,1.9068221429166303,-14.129150413617193,-21.9991253004966,0.15103584382408436
11,-9.420253375845954,1.966460439855772,-17.45367402037429,-26.873927396220324,0.15103584382408436
11,-9.80867006375532,1.9833786650237502,-17.740255913436176,-27.54892597719153,0.15103584382408436
11,-9.1882719490044,2.245424914165503,-19.192074203800363,-28.380346152804734,0.0667942995794612
11,-11.226719343676889,1.9341595673626077,-17.94157433943179,-29.168293683108725,0.0667942995794612
11,-8.727815508968272,1.9320503388985348,-16.214113791554997,-24.94192930052328,0.052912817273376274
12,-9.4185718199862,1.9498606257278077,-17.651095312088316,-27.069667132074542,0.21348406280361992
12,-9.60431940006188,2.323572891024632,-17.359174040996823,-26.963493441058688,0.21348406280361992
12,-10.654085174752144,1.9053588636160157,-17.869853702968552,-28.52393887772082,0.21348406280361992
12,-10.706334160663921,1.6782694207380104,-18.049133610931115,-28.755467771594898,0.18941892950454903
12,-9.3889614573116,1.9103629336926498,-17.473215016037386,-26.862176473348995,0.18941892950454903
12,-9.800076608594706,2.0199753426594462,-17.138518708951054,-26.93859531754585,0.0
12,-9.812726115462098,1.6108844012607566,-16.39500430000384,-26.207730415465946,0.02456474022088397
12,-8.589876906357983,1.9116559159277025,-15.236718677581234,-23.826595583939202,0.02456474022088397
12,-8.436318035450551,1.836257057630604,-14.765031859982546,-23.201349895433147,0.02456474022088397
12,-9.354015438229418,1.7307533888588649,-16.82378992902016,-26.17780536724964,0.02456474022088397
12,-9.838175112955637,1.8260715501682243,-17.568155348417772,-27.406330461373507,0.02456474022088397
12,-9.887593805050482,1.9486360460120795,-18.402656461303994,-28.29025026635445,0.0
12,-10.970215343904908,1.696287054293734,-17.714440107496415,-28.684655451401245,0.0
12,-8.613586559752312,2.578239539300551,-16.196043310276124,-24.80962987002845,0.0
12,-9.350354170975049,2.0134829686208433,-16.804744329393564,-26.1550985003686,0.04811209531459048
12,-9.345613713600388,2.1446583769857357,-16.917330409076975,-26.262944122677357,0.04811209531459048
12,-10.337445679601416,1.7601004570195917,-17.729982203734753,-28.067427883336112,0.04811209531459048
12,-10.358930489716455,1.6976694926597844,-18.002022884086266,-28.36095337380279,1.450115331247836
12,-9.19940460588286,2.0364877876634018,-17.081683034752018,-26.281087640634805,1.450115331247836
12,-9.346686737021802,1.8606386887365203,-16.204369481627385,-25.551056218648974,0.0
12,-9.782460189971316,1.5685184360861277,-16.299947991724757,-26.08240818169618,0.0
12,-8.556947803308256,1.5131263984765038,-15.083513552357234,-23.64046135566551,0.0
12,-8.355349641313165,1.7631833844844937,-14.561362946222781,-22.916712587535866,0.0
12,-9.340096567107357,2.129417243410907,-16.34665316830436,-25.686749735411745,0.0
12,-9.545584329209337,1.857532166048956,-17.153481235826188,-26.699065565035554,0.0
12,-10.47319911341318,1.5862220214327019,-18.085890886903577,-28.559090000316832,0.0
12,-10.671270621101757,1.657827112118838,-18.015279044788276,-28.68654966588983,0.0
12,-8.523691871308552,-1.448427430392408,-16.05028750498745,-24.573979376295885,0.0
12,-9.737796161489905,1.7090143872466634,-16.262937569488788,-26.000733730978645,0.025776318760963614
12,-9.495031231369529,1.8226182337097911,-16.75492904086652,-26.249960272235988,0.025776318760963614
12,-10.4670129526438,1.913554653368563,-17.751279783456127,-28.21829273609985,0.025776318760963614
12,-10.503119534385274,2.0206975195970087,-17.909252296954005,-28.41237183133937,0.12587515306938163
12,-9.896008776014183,1.9038223916031833,-16.941893881618288,-26.83790265763234,0.12587515306938163
1,-9.59978066637306,1.7451916535050909,-15.97034342782835,-25.5701240942015,0.0196525046564941
1,-10.25708501430148,1.637872375525071,-16.674228938004624,-26.93131395230615,0.5179154661539458
1,-8.592609572704559,1.1745686212796378,-15.21194870178896,-23.804558274493527,0.5179154661539458
1,-8.356636197367116,1.81381625841625,-14.662444130936178,-23.01908032830332,0.5179154661539458
1,-9.902437323794103,1.8067201029068138,-16.515964198272805,-26.418401522067075,0.5179154661539458
1,-9.869552849152115,2.0950270369498294,-17.177089722046592,-27.04664257119861,0.5179154661539458
1,-11.441691155617109,1.6980475204452465,-17.946919167885245,-29.388610323502387,0.06540073281066353
1,-10.863639142723033,1.8061480682737807,-18.24004699185755,-29.10368613458054,0.06540073281066353
1,-8.452990893498997,1.9664305156726585,-15.984373230512215,-24.437364124011303,1.2302889831715385e-05
1,-10.337312637635119,1.7500676821883512,-17.939069609337867,-28.276382246973093,0.0
1,-10.063306293947003,1.7230277181856835,-16.673441179630853,-26.73674747357789,0.0
1,-9.82256597562812,3.9370629900583203,-15.914320182018608,-25.736886157646794,0.0
1,-10.115174966747114,1.6616631029730322,-16.62459017716632,-26.739765143913452,0.0
1,-8.674473887801616,1.6384016310372098,-15.311365699963352,-23.985839587764925,0.0
1,-8.408715051732118,1.7917624037971809,-14.761875705964963,-23.170590757697024,0.0
1,-9.902014326859472,1.7544412392006732,-16.40180523630275,-26.303819563162254,0.0
1,-10.196792871113793,2.199411868389768,-17.20330125817028,-27.400094129284035,0.0
1,-11.45065020236761,1.7238763560857322,-17.567820161324835,-29.018470363692437,0.0
1,-11.3713206333114,1.6962018731938582,-18.231279339757375,-29.60259997306896,0.0
1,-8.891363771196584,1.8976061946588285,-16.053481352755878,-24.94484512395249,0.0
1,-10.465447834852498,1.517953847142643,-16.157053478247406,-26.622501313099875,0.20609009511379692
1,-9.982160544948158,1.8011353668347974,-16.71081026953141,-26.692970814479615,0.20609009511379692
1,-10.787676594473155,1.7486555828769927,-17.8286014973557,-28.616278091828782,0.20609009511379692
1,-10.530521462314926,1.7427022918158366,-18.038581381347615,-28.569102843662492,0.00035827379400325387
1,-10.215801642733565,1.7325848862659883,-16.59570040900202,-26.811502051735552,0.00035827379400325387
1,-10.023242106799724,1.7147525521351454,-15.914323793396802,-25.937565900196667,0.08786884559404697
1,-9.939623217719312,1.8601128109533784,-16.398324669511744,-26.337947887230982,0.0
1,-8.668198906723502,3.511767598291508,-15.189250771817857,-23.857449678541297,0.0
1,-8.404887390738093,1.7754206646493158,-14.631419316388223,-23.036306707126304,0.0
1,-9.658561927916539,1.739277746871711,-15.847480228784912,-25.506042156701437,0.0
1,-10.187108340412305,1.610666396253587,-16.83082936884914,-27.017937709261517,0.0
1,-11.404404753554205,1.4990096092800873,-16.87970227504569,-28.28410702859987,0.0
1,-11.754365488965954,1.6163074695933166,-18.351308885866384,-30.10567437483237,0.0
1,-9.13023401918398,1.8999336596044534,-16.04959620065682,-25.179830219840813,0.0
2,-9.976007692821975,1.250551445823742,-15.694109861847123,-25.67011755466926,0.14699910704442762
2,-9.78760995308922,1.8299050878785814,-16.721280586332842,-26.508890539422097,0.14699910704442762
2,-10.669558599654604,1.6862472637581287,-17.920385479809095,-28.589944079463734,0.14699910704442762
2,-10.811811176661212,1.938776463659665,-18.17401823496342,-28.9858294116247,0.0
2,-10.372939877361565,-0.3146465612422212,-16.630766688531686,-27.003706565893303,0.0
2,-10.001495038514548,1.6417068324305855,-16.14319600793624,-26.144691046450898,0.0
2,-10.161926952462808,1.6597969598891718,-16.57310357856245,-26.73503053102518,0.0
2,-8.817163756893477,1.92745504334517,-15.35247153611947,-24.169635293012988,0.0
2,-8.5037864539198,1.7637087060019876,-14.751887068481508,-23.255673522401345,0.0
2,-9.727524768559752,1.7279806960079975,-16.13146201631254,-25.858986784872265,0.0
2,-10.088559364572015,1.6864483437116153,-16.990305279478974,-27.078864644051034,0.0
2,-10.737361639512562,1.6689248049109424,-16.4492742430572,-27.186635882569806,0.021365505921343116
2,-11.616655120207808,1.6425576826585457,-18.345806241133225,-29.96246136134119,0.021365505921343116
2,-9.154539089247422,1.8553612692132515,-16.07340365084827,-25.22794274009569,0.06178460470886222
2,-9.630718533239124,1.7715427939271429,-15.258976891007695,-24.88969542424673,0.004213620039198477
2,-9.706213404190562,1.8248049735616634,-16.39609735967175,-26.102310763862253,0.004213620039198477
2,-11.046349945818829,1.6649915978593839,-17.856793971907127,-28.903143917726002,0.004213620039198477
2,-10.949764620978637,1.602899515281114,-17.97315495315628,-28.922919574134962,0.0
2,-10.049031497078975,1.7326591476883004,-16.181080728849455,-26.230112225928494,0.0
2,-10.10069737954487,1.7771604510415322,-16.279716785277103,-26.380414164822085,0.0
2,-10.633462355997036,1.527428960379428,-16.655172669938317,-27.28863502593535,0.0
2,-8.742586576592437,1.7941526450000884,-15.148661551394506,-23.89124812798692,0.0
2,-8.362158678601476,1.797588915776795,-14.532604783445459,-22.894763462046896,0.0
2,-9.428664973897652,1.685535147039979,-16.070973366721915,-25.499638340619576,0.0
2,-9.95947153976179,1.8581003379171777,-17.098086536365187,-27.057558076127023,0.0
2,-9.900781076332429,1.7739853408473514,-16.556095479789295,-26.45687655612172,0.0
2,-11.761860453143285,1.6441846630662003,-18.41051144188135,-30.172371895024682,0.0
2,-8.877518299920546,1.8327680246734988,-16.0166030437581,-24.894121343678712,0.11086805791713363
2,-9.603237331830695,1.6118604883857657,-15.713026248148907,-25.31626357997952,0.020694704244315115
2,-9.586146702257095,1.740841977845776,-16.596439100169032,-26.182585802426107,0.020694704244315115
2,-10.822969264839237,11.955127690131937,-17.985565283600327,-28.808534548439628,0.020694704244315115
2,-10.964467563831246,1.9408201448351576,-18.261356749540138,-29.225824313371263,0.00024051013261525386
2,-9.51661252121577,1.7846867886820126,-16.136700980407397,-25.65331350162312,0.00024051013261525386
3,-9.513784962583642,1.7689009948667493,-16.11412012781611,-25.627905090399707,0.0
3,-10.368755695108648,1.5320779695035136,-16.622878552870993,-26.991634247979608,0.21771055466655526
3,-8.864968596539521,10.425984268692394,-15.266802261796352,-24.131770858335845,0.21771055466655526
3,-8.515834106315006,1.8658646000706223,-14.635569000877549,-23.15140310719258,0.21771055466655526
3,-9.310098685879677,1.818005887699525,-16.140484105503212,-25.450582791382914,0.21771055466655526
3,-9.916802676431914,1.7752412762336363,-17.162689999715592,-27.07949267614749,0.21771055466655526
3,-9.893437391026096,1.849155913790168,-17.225940727626377,-27.119378118652534,0.0
3,-11.51543375440445,1.6544164655631626,-18.41911911105035,-29.934552865454886,0.0
3,-8.893797102397324,1.8899376159601429,-16.108259058906846,-25.00205616130419,0.0724922644687149
3,-9.630430188231333,1.7129611066344494,-16.195046242089173,-25.825476430320563,0.6091114657215703
3,-9.956852635082221,1.8587905033891061,-16.90430234243919,-26.86115497752142,0.6091114657215703
3,-11.426442890178423,1.5893657367879912,-18.32648619969158,-29.752929089869937,0.6091114657215703
3,-11.063840470984582,1.8824768623381054,-18.165723321851253,-29.22956379283586,0.13897475171594223
3,-9.473130506098812,1.9746555353121942,-16.327787257860894,-25.800917763959745,0.13897475171594223
3,-9.755462244495746,1.4035492694429608,-16.14074599827688,-25.896208242772495,0.0
3,-10.442506500563022,1.6204335762499666,-16.558597555918833,-27.001104056481836,0.0
3,-8.84818589997945,1.8121664609744395,-15.189537924532,-24.037723824511495,0.0
3,-8.454567303072299,1.6391750410862835,-14.52033471008002,-22.97490201315236,0.0
3,-9.321169849562132,1.4213584075067724,-16.397745193521175,-25.718915043083218,0.0
3,-9.913222393951843,1.8089703787456637,-17.25188141959427,-27.165103813546185,0.0
3,-10.081812820734454,2.0901472602220506,-17.998487698776415,-28.080300519510892,0.0
3,-11.589762037362378,1.6467400498418656,-18.404826452783123,-29.994588490145475,0.0
3,-8.764579813796734,1.9017033780176447,-16.233715116794894,-24.99829493059165,0.217789700721271
3,-9.71103128283555,1.7744934304617745,-16.76354367655806,-26.47457495939354,0.0
3,-9.634328894946869,1.816890190348191,-16.769535012773016,-26.403863907719824,0.0
3,-11.217870447691414,1.656421044475814,-18.19162251725404,-29.409492964945596,0.0
3,-10.998194784391039,1.5427549065421606,-18.31691257461903,-29.315107359010007,0.009285597936585854
3,-9.379804487495536,1.8948735401216676,-16.640730285417654,-26.02053477291323,0.009285597936585854
3,-9.7728487111682,1.6668666286534792,-16.130782200141937,-25.903630911310234,0.015045678250541308
3,-10.647072974300178,1.5982954068421982,-16.840747296281606,-27.48782027058184,0.0004493804369476
3,-8.916537604596757,1.8535482074682017,-15.378424491838246,-24.294962096435,0.0004493804369476
3,-8.594811015590984,1.7189922296607734,-14.735317203314699,-23.330128218905607,0.0004493804369476
3,-9.673800087893817,1.9301720369808832,-16.827838593302474,-26.50163868119639,0.0004493804369476
3,-10.243868310739293,2.0349798893195845,-17.56970563236159,-27.813573943100785,0.0004493804369476
3,-10.15313414624364,1.9437349181525474,-18.515727673139388,-28.668861819382997,0.0
3,-12.138714060277412,1.6123723230260356,-18.83483379253736,-30.973547852814768,0.0
3,-9.153143472039998,1.7928821141243945,-16.456017445168847,-25.609160917208694,0.882140553498911
4,-9.77759842472764,1.8346579091120705,-17.484643253885334,-27.262241678612984,9.168171160676153e-05
4,-9.830699124225555,1.6552198074536337,-17.17635937018548,-27.007058494410987,9.168171160676153e-05
4,-11.346953777980152,1.6494141090213899,-18.333017003546274,-29.6799707815265,9.168171160676153e-05
4,-11.058932031730457,1.6211209436348457,-18.608110787226053,-29.667042818956602,0.02376252271118286
4,-9.539242801848207,2.0737377175607414,-17.026520650829465,-26.565763452677707,0.02376252271118286
4,-9.699336551117177,1.7162355515868382,-16.219378779835203,-25.918715330952296,0.09009526208027364
4,-10.549221245182773,1.5662799175162276,-16.76645537410126,-27.315676619283945,0.17924843331046938
4,-8.636328675652505,1.9232825901085076,-15.150302420286245,-23.786631095938752,0.17924843331046938
4,-8.40630096471524,1.7641581623143106,-14.575131372057237,-22.981432336772368,0.17924843331046938
4,-9.834948471101232,1.7746442754245666,-17.20604601548434,-27.040994486585518,0.17924843331046938
4,-10.40156901951161,1.753765247979829,-17.757552869016127,-28.15912188852759,0.17924843331046938
4,-10.434618702891536,1.9199753888388411,-19.265233467061766,-29.699852169953207,1.8910073310292896
4,-11.981691185229865,1.6383684007163726,-18.822139989723837,-30.8038311749536,1.8910073310292896
4,-8.912178670542707,1.9591957121216514,-16.398852154467498,-25.31103082501023,0.6608168113197326
4,-8.815884065898484,1.953663482288728,-16.5423843921287,-25.358268458027265,18.425881342765756
4,-9.28725547500768,2.0009795961770496,-16.430380197959938,-25.71763567296764,18.425881342765756
4,-11.220667541985913,1.744216978118162,-18.067927462606367,-29.28859500459222,18.425881342765756
4,-10.826637157266578,1.8582872059361089,-18.499581838754207,-29.3262189960209,0.47677437313060556
4,-9.49039138486569,1.9296472442645425,-17.06280326748795,-26.553194652353604,0.47677437313060556
4,-9.043733526962074,1.7814730733305888,-15.535441798091822,-24.579175325054045,0.09916187810664485
4,-10.59880551604905,1.6219453413950213,-16.74521589943004,-27.34402141547907,0.06318434546909338
4,-8.644077139697899,1.752794978171115,-15.06030071468432,-23.704377854382248,0.06318434546909338
4,-8.353422336520948,1.7593168426494963,-14.494688314570592,-22.84811065109153,0.06318434546909338
4,-9.119669944106153,1.6487137845606052,-16.80006906129794,-25.919739005404033,0.06318434546909338
4,-10.050831486273639,0.3503876183476069,-17.584948470728435,-27.63577995700214,0.06318434546909338
4,-9.564277768183668,2.2680210973542434,-19.119589224142807,-28.683866992326536,0.0
4,-11.65889235043238,2.3174531569070194,-18.876980803575425,-30.535873154007557,0.0
4,-9.037830932384457,1.7230206269674029,-16.668316688309925,-25.7061476206943,0.0
4,-8.847827734674148,1.8771721923440006,-16.33699162732079,-25.1848193619951,1.6482908332524384
4,-9.825333272246862,1.8581281639085157,-17.305836004751008,-27.131169276997852,1.6482908332524384
4,-11.063676418844267,1.3607955692530949,-18.239201586327756,-29.302878005172147,1.6482908332524384
4,-10.758684744810012,1.7666568822032513,-18.71782457394027,-29.47650931875025,5.60143357464166
4,-9.33942276747167,1.8070739989734632,-16.713455361276054,-26.05287812874777,5.60143357464166
4,-9.542523753348714,1.7736387576199006,-16.125522849736367,-25.668046603085106,0.1369620247500314
5,-10.596801362535441,1.7237214635967688,-16.720184344303163,-27.31698570683866,0.026920835083506643
5,-8.69751872835978,1.919545301369119,-15.131528458271529,-23.829047186631332,0.026920835083506643
5,-8.449958733729902,1.684725767102036,-14.563159799901728,-23.01311853363167,0.026920835083506643
5,-9.447366622907074,1.918289395317559,-17.148535875414996,-26.595902498322115,0.026920835083506643
5,-10.344044795997334,1.2373628291068899,-18.079144791539377,-28.423189587536648,0.026920835083506643
5,-9.97029121730343,1.8797872235430246,-18.99291890153952,-28.963210118842923,0.033079703229616814
5,-11.844595985437191,1.6853497610174355,-18.973105955566137,-30.817701941003225,0.033079703229616814
5,-9.13162698362281,2.17135554815266,-16.62319120086639,-25.754818184488943,0.023003903757555254
5,-9.675932335864172,0.7268029860953352,-17.002805037235095,-26.678737373099228,0.14111573805261465
5,-9.72711629575694,1.78426357384718,-17.03465686992001,-26.761773165676903,0.14111573805261465
5,-11.324975250600097,1.6358560793723318,-18.18036029329418,-29.505335543894294,0.14111573805261465
5,-11.115571455073193,1.6716879836372789,-18.697964228082633,-29.813535683155752,0.02671915921357909
5,-9.6454438974948,2.57289195274463,-16.774481225847566,-26.419925123342328,0.02671915921357909
5,-9.518039365180526,1.8136408887894135,-16.348550101998654,-25.866589467179086,0.3300831590768245
5,-10.390946078563333,1.6178254127184652,-16.601653504634236,-26.992599583197517,0.23685330473708713
5,-8.506273426900899,1.3838871668691441,-15.045628232460535,-23.55190165936145,0.23685330473708713
5,-8.260148663662253,1.5935781071700283,-14.508631700669333,-22.768780364331533,0.23685330473708713
5,-9.388725227626098,1.8109603552535374,-16.869178758954497,-26.25790398658067,0.23685330473708713
5,-10.252194602999381,1.8183906799626297,-17.653299784400534,-27.905494387399877,0.23685330473708713
5,-9.889909988281515,1.9264758967310622,-18.2174618691464,-28.107371857427857,1.4126595141868017
5,-11.847056885327152,1.6888708074892744,-18.94825502976624,-30.795311915093453,1.4126595141868017
5,-9.196794881868541,2.012962318526229,-16.68184476518228,-25.878639647050797,2.0661611630923074
5,-9.695672450859401,1.6844843107594194,-16.66228205886413,-26.357954509723484,7.281470243995269
5,-9.754674630439046,1.8897523424325842,-16.91900476390906,-26.673679394347985,7.281470243995269
5,-11.0321677477349,1.7265110480085493,-17.92231772481675,-28.954485472551596,7.281470243995269
5,-10.686429612283392,1.8097760148502253,-18.31255055581069,-28.998980168094032,8.076417516476461
5,-9.540783544503254,2.141730491354613,-16.37721085965969,-25.917994404162922,8.076417516476461
5,-9.096392786377796,1.6766386331445098,-15.858083730144115,-24.954476516521904,8.121118104982841
5,-9.898449523228148,1.6831739964714658,-16.21901997533476,-26.11746949856287,2.284003586622972
5,-8.27728070578124,1.9267522795426437,-14.814838665770884,-23.09211937155219,2.284003586622972
5,-8.140708851806272,1.7855516636977973,-14.350872829754097,-22.491581681560373,2.284003586622972
5,-8.817814808575385,1.9057177328540587,-15.810069421603588,-24.627884230178978,2.284003586622972
5,-9.899776461408527,1.8262089378581197,-17.053840514515205,-26.95361697592376,2.284003586622972
5,-10.56856263032476,1.6286813629198253,-17.447274651316672,-28.015837281641463,0.028070545227519898
5,-11.648243134207629,1.6822782881559222,-18.82130024898501,-30.46954338319264,0.028070545227519898
5,-8.64295499191125,1.5677271435560165,-16.275730325690173,-24.918685317601412,5.568109292081477
5,-9.40197750359799,1.8250647072955886,-15.910152700469785,-25.312130204067778,6.03083443223281
5,-9.64862083211093,1.970402247907483,-16.578671493797778,-26.2272923259088,6.03083443223281
5,-10.843019599641398,1.738073409706611,-17.55661877518492,-28.399638374826452,6.03083443223281
6,-10.502596737593814,1.7384370505420002,-17.882031775506217,-28.38462851310002,16.493013669966526
6,-9.660196270052012,1.7211174925191421,-16.401951057203245,-26.062147327255264,16.493013669966526
6,-9.303166683911483,1.7942946758836429,-16.40370861177977,-25.70687529569117,9.370422340554558
6,-9.454213495157413,1.983222707962857,-16.09377275941564,-25.54798625457307,2.220950848152739
6,-8.03814896247097,0.7047955499426024,-14.694275399835218,-22.732424362306183,2.220950848152739
6,-8.120768786145936,1.8148150877525546,-14.442655442186021,-22.56342422833194,2.220950848152739
6,-9.076093888816901,1.9561590726537847,-15.972150584415004,-25.0482444732318,2.220950848152739
6,-9.927276791545816,1.9630454648648001,-17.201521908144677,-27.128798699690556,2.220950848152739
6,-10.902294445274059,4.495573692271936,-16.9690607395057,-27.87135518477976,2.775869586020349
6,-8.474514349407634,1.8026935243102464,-15.949596495803513,-24.42411084521118,2.800667108421095
6,-9.548756290975692,1.7797271668520624,-16.066295362331577,-25.615051653307177,9.486569985148481
6,-9.799699105046365,1.8386656422579233,-17.04297003827688,-26.84266914332327,9.486569985148481
6,-10.58429803989679,1.7944592823227001,-17.48370681944379,-28.06800485934067,9.486569985148481
6,-10.093826223157953,1.1162526866724856,-17.580249864820285,-27.674076087978246,29.143038612241703
6,-9.130717119990138,1.9272539450555344,-15.885975976128753,-25.016693096118946,29.143038612241703
6,-9.493507941871608,1.8419267315995016,-16.797335335775067,-26.290843277646545,6.804236241261732
6,-9.5196618293146,1.734675964964625,-15.949864453525404,-25.469526282839976,9.069779501803938
6,-8.201463705765848,2.032345093572528,-14.848754242802006,-23.050217948567834,9.069779501803938
6,-8.088423913294054,1.838308009663083,-14.401191654660805,-22.4896155679549,9.069779501803938
6,-9.08697305902262,1.8591757846201564,-16.084203097870752,-25.171176156893427,9.069779501803938
6,-9.891007875916369,1.306734947738203,-17.195134810859447,-27.086142686775897,9.069779501803938
6,-11.082184696538341,1.570394425069189,-16.605116396465107,-27.687301093003523,9.935106109105034
6,-8.332454074911071,2.1452331037285393,-15.941117197606697,-24.273571272517742,20.861946691232585
6,-9.099900891011893,1.7026575924741811,-15.47812402775491,-24.57802491876674,4.723920027549247
6,-9.397737089764094,1.8446451704860303,-16.419420405228784,-25.817157494992852,4.723920027549247
6,-10.34353425044867,1.7017103840691787,-17.132516276544166,-27.476050526992783,4.723920027549247
6,-10.305343377447741,1.7360373085236844,-17.67552178672158,-27.980865164169415,5.9804497292703385
6,-9.31101640045828,1.8706423464261417,-16.06304013088674,-25.374056531344984,5.9804497292703385
6,-9.343276538947617,1.8478571216976647,-16.44684039719109,-25.790116936138574,11.833030153708355
6,-9.342077229237225,1.7921161704101545,-15.6946500175691,-25.036727246806322,10.208456949791467
6,-8.121164558792053,1.8512364129675338,-14.729989979179152,-22.851154537971183,10.208456949791467
6,-8.077202635835581,1.6968218070282464,-14.335742417082997,-22.412945052918477,10.208456949791467
6,-8.569033530999288,1.8583814805222738,-15.229418836085937,-23.7984523670853,10.208456949791467
6,-9.372745062522773,1.9643161727604364,-16.67923273654888,-26.051977799071715,10.208456949791467
7,-10.553980524247097,1.6309416970515802,-15.912068222741507,-26.466048746988577,4.896219651860786
7,-10.405402910114187,1.777663974907574,-17.69194348295337,-28.097346393067657,4.896219651860786
7,-7.868356049558875,2.1505957598679863,-15.294282434142444,-23.16263848370135,18.263186144652575
7,-8.82362687728123,1.7613412772463515,-15.030020875898318,-23.853647753179608,8.073799667869416
7,-9.043760368222122,1.8047224540925069,-16.111088924230977,-25.15484929245303,8.073799667869416
7,-10.67322095349921,1.741674718394961,-17.698973792266735,-28.372194745765874,8.073799667869416
7,-10.652131605909156,1.673819292562559,-18.03858821574219,-28.69071982165137,0.12209439346497973
7,-9.023637591392822,1.8494211360041946,-15.996009390026112,-25.019646981418923,0.12209439346497973
7,-9.32003026387242,1.6918116114370862,-16.018467008272218,-25.338497272144537,5.629363756762634
7,-9.39565674115373,1.714764346233467,-15.810690869952591,-25.206347611106285,10.231168026892913
7,-7.60293228262388,1.8561520452123872,-14.174289088527761,-21.777221371151622,10.231168026892913
7,-7.68974233846023,1.8603299330280532,-13.89441533822335,-21.584157676683617,10.231168026892913
7,-8.381739921777383,1.8557197877713631,-14.912299940627618,-23.294039862404873,10.231168026892913
7,-9.427286038416502,1.9244583292659763,-16.547098325483763,-25.97438436390029,10.231168026892913
7,-9.638529438069863,2.184463560576555,-15.236563464253829,-24.87509290232369,6.771944703296243
7,-10.855929301006082,1.7695554886560165,-17.999967410203723,-28.85589671120957,6.771944703296243
7,-8.286712255451418,2.2275739099010474,-15.682117466346604,-23.968829721797988,12.79532665115321
7,-8.774630170862642,1.5003082219913653,-14.732267080415644,-23.506897251278268,2.3032609871928895
7,-9.284152800128311,1.647101858656214,-15.974095082005677,-25.258247882134,2.3032609871928895
7,-10.951281583506773,1.525348237833785,-17.783100125283813,-28.73438170879057,2.3032609871928895
7,-10.652925656359487,2.1009030341433106,-17.744780180646554,-28.397705837006058,2.198439375388965
7,-9.049673567602753,1.947857794190119,-15.742813334749833,-24.792486902352607,2.198439375388965
7,-9.561644137764626,1.4824961298656332,-15.640830839639678,-25.202474977404435,8.377606312790142
7,-9.56056599157758,1.7258372175216037,-15.687263504211598,-25.24782949578913,10.411532863968933
7,-8.187138325917376,1.7891011558879637,-14.783848885771047,-22.970987211688453,10.411532863968933
7,-7.937956236345271,1.6822128588927006,-14.22885790643635,-22.166814142781597,10.411532863968933
7,-8.485738387331361,0.8621967740389301,-14.887669235194348,-23.373407622525633,10.411532863968933
7,-9.496882235332674,1.7124824545394393,-16.499518371118686,-25.99640060645137,10.411532863968933
7,-8.817713239673662,1.7066181938053144,-14.874053179170561,-23.691766418844235,2.344997560487646
7,-11.0746462123968,1.8576577203201106,-18.510079254909126,-29.5847254673058,2.344997560487646
7,-8.670093350069086,2.101499493986269,-15.813700448062134,-24.483793798131323,3.2329318811400154
7,-8.981653996354968,1.958950829234186,-15.165385158064447,-24.14703915441947,16.75592300732612
7,-9.274461658846112,1.732546281379711,-16.267287244073547,-25.541748902919682,16.75592300732612
7,-10.632602465692688,1.6821526995012626,-17.81832079569611,-28.450923261388787,16.75592300732612
7,-10.089574126209131,1.8978425271475101,-17.641343895775137,-27.73091802198424,19.021944796949686
7,-8.75844625776045,1.8660457454039963,-15.640914675669892,-24.399360933430348,19.021944796949686
8,-9.468261877002844,1.7037797074268117,-15.917288333588141,-25.38555021059096,0.3631411037268981
8,-9.3122563823523,1.6814221405374663,-15.418046623180459,-24.73030300553275,21.270039629659063
8,-7.929374775500578,1.9070277111462282,-14.518114855514714,-22.447489631015234,21.270039629659063
8,-8.080369397481055,1.4544294041820505,-14.243222093640295,-22.32359149112139,21.270039629659063
8,-8.22705245331504,1.7381708557959286,-14.998633209334992,-23.22568566265001,21.270039629659063
8,-9.401734884261884,1.9191854889165316,-16.570741462750423,-25.972476347012297,21.270039629659063
8,-7.652414188611,2.0538436836616323,-15.185668109542153,-22.838082298153136,26.589275253455313
8,-10.835828771008504,1.7552782992379592,-18.354836432771087,-29.190665203779705,26.589275253455313
8,-8.277362444268096,2.0630846648305763,-15.45074523490879,-23.728107679176645,1.1010930371856575
8,-8.881836960566604,1.8373226290640585,-15.098045730455016,-23.97988269102161,3.9409685542098383
8,-9.55281101234898,1.8101272948363754,-16.28978961876833,-25.842600631117325,3.9409685542098383
8,-10.70700473949454,1.7619564146789997,-17.8271662161656,-28.53417095566011,3.9409685542098383
8,-10.350479791695967,1.9480112982851037,-17.55930770927695,-27.9097875009729,7.252649493162038
8,-9.003301663969516,-1.0582234632821994,-15.746724974654018,-24.75002663862359,7.252649493162038
8,-9.55611451852813,1.6158883236400434,-15.709171911798819,-25.2652864303269,8.294573086423414
8,-9.71264631182875,1.7036705011881803,-16.06500760907928,-25.777653920908108,4.022015139961845
8,-7.962275141895536,1.8783158157064697,-14.647640280445524,-22.609915422341057,4.022015139961845
8,-8.14996093815402,1.8630016542505663,-14.453755631651482,-22.603716569805524,4.022015139961845
8,-8.76018803204515,1.8748966442636938,-15.368739949523038,-24.128927981568165,4.022015139961845
8,-9.71488962051162,1.6752035342707476,-16.82125455313634,-26.536144173647966,4.022015139961845
8,-8.077057787065057,2.0900589397009677,-15.692191326002476,-23.769249113067403,8.88345635844248
8,-10.96399913864384,1.7829106066890448,-17.92813602397761,-28.892135162621233,8.88345635844248
8,-8.337381485192063,1.874395212386541,-15.455752691292778,-23.793134176484855,8.105114209250836
8,-8.882145604238922,1.3413228305027254,-15.353523302871924,-24.23566890711091,1.2851022998631632
8,-9.51969148209299,1.695996003996532,-16.362113913745414,-25.88180539583838,1.2851022998631632
8,-10.75205951021966,0.8705255971992575,-17.594730344405203,-28.346789854624838,1.2851022998631632
8,-10.645787409526106,1.9311588526561139,-17.556850155809734,-28.20263756533578,3.3665078839222056
8,-9.148036028907448,1.6172643138047016,-16.085926746779336,-25.2339627756867,3.3665078839222056
8,-9.424099046001638,1.6415345085979693,-15.614351487532065,-25.0384505335338,4.751252436160399
8,-9.79322226861601,1.747494068418423,-16.178396588689328,-25.971618857305288,4.549893193580107
8,-8.139500270644609,1.9421008329470053,-14.803283841553824,-22.942784112198474,4.549893193580107
8,-8.112807459340639,1.8555566438677429,-14.406452452599046,-22.519259911939677,4.549893193580107
8,-8.908186648102104,1.8571392930755675,-15.697597525282998,-24.60578417338506,4.549893193580107
8,-9.751771647663013,1.7524794419268208,-16.769689491493644,-26.521461139156653,4.549893193580107
8,-9.135914392130113,2.3589635698064604,-17.03990488448463,-26.17581927661479,4.938897631624911
8,-11.691280275122143,1.7003063514511807,-18.0269091053599,-29.71818938048182,4.938897631624911
8,-8.255817824148146,1.9978374475264178,-15.1272417526294,-23.38305957677758,3.7236639733065746
9,-8.678169072597441,1.7335386907149772,-15.128037510703152,-23.806206583300572,2.2279233525638427
9,-9.434790124617363,1.8273166566034464,-16.32184507640639,-25.756635201023883,2.2279233525638427
9,-10.7849858974981,1.8014107220205242,-17.642396809498113,-28.42738270699614,2.2279233525638427
9,-10.692962891282546,1.663832861971012,-17.60999878240555,-28.302961673688106,2.1709421305091063
9,-9.063397160032276,1.8675996680804203,-16.16835436965627,-25.231751529688555,2.1709421305091063
9,-9.01051062807956,1.718858873890794,-15.09191117346093,-24.102421801540494,16.225100394922176
9,-9.983711581902192,1.6522359931322361,-16.18039919908955,-26.164110780991773,9.02667273322381
9,-8.098681455348697,1.9679586578059494,-14.71704526294216,-22.81572671829088,9.02667273322381
9,-8.080506796134323,1.8357263173276874,-14.325208227717503,-22.405715023851794,9.02667273322381
9,-8.469449779286533,1.9271794013374342,-15.19737872519196,-23.666828504478538,9.02667273322381
9,-9.510215892995271,1.78739625369922,-16.467816883781804,-25.97803277677718,9.02667273322381
9,-8.751898019900013,2.015252344466595,-16.572387297845832,-25.324285317745794,8.416295111516362
9,-11.857249388989347,1.637536511433259,-18.090403713680548,-29.94765310266972,8.416295111516362
9,-8.563977027473376,1.8331868902089907,-15.511157429431476,-24.075134456904827,12.295557489861883
9,-8.625918357593841,1.9526301569501074,-15.159367536554653,-23.785285894148753,12.697179654158141
9,-9.136409085245324,1.8671281327340024,-16.154783532849727,-25.291192618095113,12.697179654158141
9,-10.391551080642703,1.7324220727531405,-17.245927365411646,-27.637478446054363,12.697179654158141
9,-9.651283726006781,1.9089553767395515,-17.001729514069535,-26.65301324007641,24.552856763798413
9,-8.617407942533427,1.7454439014005496,-15.692756923293476,-24.310164865826803,24.552856763798413
9,-8.865697136853559,1.8476704736248908,-15.19327354402791,-24.05897068088158,1.4311165593609636
9,-9.773856982149121,1.7826220396549348,-15.918903048385783,-25.692760030535005,17.40749561439378
9,-7.934268723721355,1.899281547054093,-14.453473245445672,-22.38774196916702,17.40749561439378
9,-7.910937548894811,1.8831743193290742,-14.011753918745942,-21.92269146764079,17.40749561439378
9,-8.587701468924816,2.040920611838543,-16.0297559517563,-24.61745742068122,17.40749561439378
9,-9.583385694061453,1.8218960431577493,-16.803571294533928,-26.386956988595387,17.40749561439378
9,-8.208007375560062,2.1485893123527897,-17.14326563312653,-25.351273008686587,8.280002683284675
9,-11.48272014199916,1.6236382762040544,-17.662391257527116,-29.145111399525934,8.280002683284675
9,-8.180370565504214,2.1050580341113005,-15.09988656769687,-23.28025713320112,7.497404281614151
9,-8.876214033905738,1.8955329084851218,-16.17073809294789,-25.046952126853665,11.644386981074035
9,-9.42150268566844,1.9010765404029262,-16.530764923700392,-25.952267609368764,11.644386981074035
9,-10.308022995658908,2.140947155987856,-17.17833041024707,-27.486353405906126,11.644386981074035
9,-10.416888418747371,1.8281079181059052,-17.74150585783095,-28.15839427657827,15.65466526965977
9,-9.036417679032825,1.784318801332153,-16.29478241212587,-25.33120009115875,15.65466526965977
10,-8.67163961848674,1.913866239162594,-15.254955086723887,-23.926594705210572,2.3741722804842444
10,-9.711817530145506,1.7102924798786823,-15.771635914036436,-25.48345344418187,15.69273147998082
10,-8.03557194147576,1.6294821774126995,-14.582252976940104,-22.617824918415803,15.69273147998082
10,-8.101952029105233,1.8157764439408302,-14.237565425850077,-22.339517454955285,15.69273147998082
10,-9.336369702509346,1.9032172354290586,-16.647780330978748,-25.984150033488145,15.69273147998082
10,-9.698984076162622,1.8690577845353316,-16.895741108595704,-26.594725184758353,15.69273147998082
10,-8.255336220057462,2.176172236505018,-16.995437030802943,-25.2507732508604,19.012259023619684
10,-10.757777296893535,1.7626222452051583,-17.177033187434887,-27.934810484328338,19.012259023619684
10,-8.429234383447442,1.8994487553337973,-15.27058923749648,-23.69982362094383,9.558272246847455
10,-9.924931477616454,2.2077955933102498,-17.12039443943349,-27.045325917050093,21.642979701787183
10,-9.839431072340316,1.423492107381971,-17.069713697070352,-26.90914476941074,21.642979701787183
10,-10.255757469838525,1.7932335479695893,-17.242355890777546,-27.498113360616,21.642979701787183
10,-9.971417878598338,2.17955124897446,-17.493794221104935,-27.465212099703297,28.303919903213288
10,-9.612586443637197,1.4468796302418487,-16.822223850604733,-26.43481029424198,28.303919903213288
10,-9.243235353767771,1.7618812456033395,-15.94901196299163,-25.19224731675949,21.00488096321614
10,-9.3089703044766,1.7465064531927261,-15.638798015377034,-24.94776831985369,17.373666021730156
10,-7.3001300736325305,2.5439357775373974,-13.863083648281137,-21.16321372191361,17.373666021730156
10,-7.441469979882254,1.8826600927919184,-13.533005537240742,-20.974475517123018,17.373666021730156
10,-9.75423440288564,1.7354317271655169,-17.458709094477793,-27.21294349736342,17.373666021730156
10,-9.952375062777106,2.006318413665901,-17.34931188559477,-27.30168694837202,17.373666021730156
10,-10.90529174478714,1.8768550674574844,-18.763077505903183,-29.66836925069041,19.47671834949544
10,-10.211016770174732,1.6289176296037737,-16.856242739478773,-27.06725950965356,19.47671834949544
10,-8.52560875116427,3.150160002741995,-15.371895652729975,-23.897504403894448,24.594712955652085
10,-12.034168435059767,8.15909787770725,-18.73232033782348,-30.76648877288319,4.634989355838131
10,-10.584664283814599,1.6584732603822094,-17.60118258014245,-28.18584686395706,4.634989355838131
10,-10.270490379615458,1.724632054076981,-17.4212237971508,-27.691714176766286,4.634989355838131
10,-10.69127334501492,1.756825868308339,-18.059272446230725,-28.750545791245724,4.384507545097039
10,-11.17912381017545,1.831447706094318,-17.941960370258588,-29.121084180434064,4.384507545097039
10,-9.92359364640576,1.7657240048876544,-17.000308576323015,-26.923902222728877,1.9220889407897372
10,-8.591003359409386,1.794970204873654,-15.280883006720979,-23.871886366130326,9.82301315567034
10,-7.935777866659471,1.9550432989275082,-14.534199655869251,-22.469977522528772,9.82301315567034
10,-8.067846697485148,1.7184376346625259,-14.2711552691172,-22.33900196660236,9.82301315567034
10,-11.01244404477804,1.9069117723567324,-18.44758845602707,-29.460032500805152,9.82301315567034
10,-10.310407070796208,1.7265648204397073,-17.66081853866889,-27.971225609465076,9.82301315567034
10,-10.272783483067904,1.751610423611811,-17.27727856849659,-27.55006205156443,9.82301315567034
10,-9.913458470917133,1.7142087794909842,-16.240373582081883,-26.153832052998986,6.983151787657001
10,-10.117047293831687,1.8605456509188378,-17.42736654450818,-27.544413838339896,6.983151787657001
10,-11.690065774934776,13.423231716215072,-19.132846759068727,-30.82291253400342,6.983151787657001
10,-10.293748881463673,1.0866155277567087,-16.75541042918351,-27.049159310647244,6.983151787657001
10,-8.747495862778997,2.048040976679111,-15.59308170599657,-24.340577568775625,12.373799583069657
11,-11.073389256698333,1.815385037264188,-18.71429006127507,-29.78767931797341,3.5707516937073254
11,-11.983131518474336,1.0631979965622913,-18.4231873282952,-30.40631884676966,0.6878407031014997
11,-10.64624297350653,1.8169625266025962,-17.690171728229362,-28.336414701735954,0.6878407031014997
11,-10.51295050547727,1.513829423728052,-17.713868521994485,-28.226819027471734,0.6878407031014997
11,-10.40711261688565,1.7018247369378567,-17.869651888755776,-28.27676450564152,4.265708316188957
11,-11.072526656289162,65.1530782229878,-17.879571981744046,-28.95209863803322,4.265708316188957
11,-11.080043789360522,1.79973281864199,-17.852358722090766,-28.932402511451325,4.265708316188957
11,-10.731993259234912,1.7465636948643484,-17.495381492207148,-28.22737475144197,3.0903789322745805
11,-9.646225825273296,1.7146460746053789,-15.985791259968746,-25.63201708524206,2.241324225951384
11,-8.174135925007528,1.629750759394626,-14.836754372449684,-23.010890297457205,2.241324225951384
11,-8.112334729397343,1.8258585931658258,-14.410605447047397,-22.522940176444727,2.241324225951384
11,-10.63359190871049,0.9068395038467356,-18.308983757104517,-28.94257566581503,2.241324225951384
11,-10.488186467438831,1.8207093247530202,-18.045295708051913,-28.533482175490715,2.241324225951384
11,-10.452732955342094,1.7112735280549145,-17.522856133526826,-27.975589088868894,2.241324225951384
11,-11.81937600310868,2.123839131110501,-19.430961024806983,-31.250337027915577,1.6591236662500362
11,-10.96070813230179,1.7037447744558523,-17.81192976734487,-28.77263789964682,1.6591236662500362
11,-8.585888927104541,1.9792505970109067,-15.663143322883885,-24.249032249988357,0.0007544529825528616
11,-11.883628337359,1.6236883247865248,-18.441956546627253,-30.325584883986135,0.0
11,-10.732213541300851,1.6506026952086408,-17.661094428314104,-28.393307969614973,0.0
11,-10.893037191134097,1.684225671052681,-17.929081705468167,-28.822118896602216,0.0
11,-10.747329751439981,1.7179323288955528,-18.110533855015273,-28.85786360645532,1.1526467181663071
11,-11.060994801154928,1.3740792236014674,-17.821411749021472,-28.882406550176373,1.1526467181663071
11,-10.895340389654507,1.7775218692003034,-18.02022095104389,-28.915561340698215,1.1526467181663071
11,-11.598007314032516,1.6405377741351288,-18.83344291368656,-30.43145022771915,1.1526467181663071
11,-10.256785586946162,1.739118931634183,-16.86004399708779,-27.116829584033887,4.647347206696034
11,-9.707667539576823,1.7097385852237061,-16.10141431326098,-25.809081852837874,4.426054551108381
11,-8.232915308523019,1.8145896885626085,-14.795005680558896,-23.027920989081927,4.426054551108381
11,-8.116945664126646,1.9722586867803442,-14.360323848987555,-22.477269513114233,4.426054551108381
11,-10.254406684768664,1.9479756072923586,-17.341320508531773,-27.595727193300444,4.426054551108381
11,-10.532405700366292,1.9242909284762264,-17.83116511602946,-28.3635708163957,4.426054551108381
11,-11.803406592337167,1.8834997639632187,-19.743891681917624,-31.547298274254885,0.35708747291405246
11,-11.11400852045686,1.743098114973716,-18.000093226545793,-29.114101747002504,0.35708747291405246
11,-8.62520396864648,1.9440226975518389,-15.790639801723795,-24.415843770370298,10.920948891791314
11,-11.314537224562232,1.6598533854864739,-18.24816831162068,-29.562705536182914,0.9067457001488572
11,-10.380322786601278,1.8149082161470755,-17.429050165768068,-27.80937295236934,0.9067457001488572
11,-10.87022305199559,1.8318140081140588,-17.816071367102513,-28.686294419098033,0.9067457001488572
11,-10.86108147631705,1.7264894814064262,-18.126819136262316,-28.987900612579427,12.426579376365904
11,-10.457981823506467,1.7719140447710848,-17.690179621652916,-28.148161445159424,12.426579376365904
12,-10.405540721599285,1.5915226220413385,-17.290726233773487,-27.696266955372632,0.01920752880553408
12,-9.535373404526451,1.7946825068139185,-16.095240904840136,-25.630614309366585,0.0
12,-8.35852946209126,1.7148318800556863,-14.897112980087163,-23.25564244217843,0.0
12,-8.294700567827059,1.7775034130621943,-14.472701649100589,-22.76740221692773,0.0
12,-10.144995535425178,1.7936792327793198,-17.699145872390382,-27.84414140781561,0.0
12,-10.405674507311712,1.6433601193061886,-17.993727395821622,-28.3994019031333,0.0
12,-10.067323251871477,2.950801526101473,-19.27807957884234,-29.345402830713784,0.0
12,-11.147243869634842,1.7805682475379294,-18.165979322314094,-29.31322319194902,0.0
12,-9.00145014770217,1.9443600784046302,-16.054455676863068,-25.055905824565357,0.36321579200107146
12,-10.364860116770998,1.8519991414036485,-18.274379287644965,-28.639239404416042,0.0174965066564143
12,-9.955647422261839,1.7945611302330178,-17.506950364205633,-27.462597786467448,0.0174965066564143
12,-10.827139163804915,1.4681615968116504,-17.90905809393046,-28.736197257735412,0.0174965066564143
12,-10.934416246463307,1.7574129025600966,-18.08728631436513,-29.02170256082828,0.5778742338982444
12,-10.007774566278117,-1.825354206895619,-17.65681297673632,-27.664587543014438,0.5778742338982444
12,-9.697158215927752,1.810208517563906,-16.781356066180205,-26.47851428210795,1.4916453455283758
12,-10.068132370127763,1.638937211983456,-16.281807519577818,-26.34993988970558,3.0317625987311465
12,-8.300750381923676,4.46277439477266,-14.740837249437122,-23.04158763136075,3.0317625987311465
12,-8.017718420203998,1.8792653584982926,-14.09271982283286,-22.1104382430368,3.0317625987311465
12,-9.201392431712629,2.023685466979343,-16.939825298187504,-26.141217729900173,3.0317625987311465
12,-9.846757926643287,1.742724382437213,-17.687890421482333,-27.5346483481256,3.0317625987311465
12,-9.256641856030171,2.2772629296009006,-19.091746042988085,-28.348387899018228,1.2647420544908181
12,-10.860700674693598,1.716897708655865,-17.78908483425826,-28.649785508951954,1.2647420544908181
12,-8.655633874316267,1.9184847711677342,-16.02292515610978,-24.678559030426015,0.0105946001413131
12,-9.420351775737789,31.667197170425247,-17.65409744468252,-27.07444922042034,1.0883540012960062
12,-9.620217126195458,2.130933234552148,-17.402469567631677,-27.022686693826998,1.0883540012960062
12,-11.027551603590588,1.6825064761569721,-18.031474635507642,-29.059026239098042,1.0883540012960062
12,-10.753419251909785,1.9644117241416228,-17.903463899738078,-28.65688315164776,12.942026588590561
12,-9.377376600277,2.0214293850839846,-17.344944198462926,-26.722320798739965,12.942026588590561
12,-9.528314444350634,1.8333879864361766,-16.511574651868752,-26.039889096219483,0.0
12,-9.672817307949915,1.6779858853444298,-16.10145967567096,-25.774276983620886,0.40693484088828125
12,-8.546225853100397,-10.835936018731422,-14.995525241574862,-23.541751094675234,0.40693484088828125
12,-8.420945953649909,1.7666053559837558,-14.565255315736797,-22.986201269386754,0.40693484088828125
12,-8.66767058805498,2.0311183315651316,-16.55840407387229,-25.22607466192728,0.40693484088828125
12,-9.276422900541553,1.9532478478293498,-17.441632377980824,-26.71805527852238,0.40693484088828125
12,-8.993993265916524,2.038520913694075,-18.159669104581305,-27.153662370497894,0.1336240268092358
12,-10.856371365451377,1.6958158021693182,-17.759123520322373,-28.615494885773867,0.1336240268092358
12,-8.61209408454642,1.949442521039124,-15.880391555900408,-24.492485640446954,0.14187274969637895
1,-9.294617202466519,-0.001527770756545849,-17.108149964717363,-26.402767167183978,0.0
1,-9.526731379657988,1.8953891055547814,-17.13330791695729,-26.660039296615288,0.0
1,-10.835787576933212,3.007283246235301,-17.980757381460165,-28.816544958393465,0.0
1,-10.586767377102474,1.517799240980904,-18.101259842814684,-28.68802721991711,1.2017549837052088
1,-9.311747787456001,1.952216565921219,-17.10984349912444,-26.42159128658038,1.2017549837052088
1,-9.465804928146106,0.9315772329239819,-16.281151938007117,-25.7469568661533,0.1660057175554019
1,-9.935830071099533,1.6587321070017886,-16.358632952722065,-26.294463023821496,2.0296399572737434
1,-8.542755472128588,1.7619517876755766,-15.098883051319573,-23.641638523448222,2.0296399572737434
1,-8.373501822438765,1.8266946003524789,-14.619208084097341,-22.992709906536078,2.0296399572737434
1,-9.132927313277655,1.7434651307851763,-16.488616974306556,-25.621544287584168,2.0296399572737434
1,-9.468873618326725,1.9045825062368094,-17.261728058513352,-26.730601676840084,2.0296399572737434
1,-10.002359945895718,1.6894743496757874,-18.10147272636021,-28.103832672255937,0.0
1,-11.130870331924568,1.8434169896138022,-17.98643539564566,-29.117305727570262,0.0
1,-8.64395417387232,1.898444520279252,-16.005984300878904,-24.6499384747511,0.025288816650740453
1,-9.650451301306731,1.64308448218029,-16.538724218482777,-26.189175519789533,0.05953739993675359
1,-9.53331456469725,1.9050025155922647,-16.65103689527947,-26.184351459976686,0.05953739993675359
1,-10.791062737891833,1.0194662167095758,-17.889044317151598,-28.68010705504341,0.05953739993675359
1,-10.486321845443593,1.8506595189334543,-18.218788611951243,-28.7051104573949,0.029757747256475585
1,-9.496586222378138,1.986549068349712,-16.845639238894613,-26.34222546127267,0.029757747256475585
1,-9.422949437311836,1.7190565985225963,-15.868906957984757,-25.29185639529659,0.3839423562441915
1,-8.196839327040378,1.7066658369913674,-14.750439222350241,-22.94727854939062,0.3839423562441915
1,-8.071395995019584,1.6978865315707599,-14.354080296947851,-22.425476291967446,0.3839423562441915
1,-9.427407027695015,2.1893023292517633,-16.210835632940583,-25.638242660635598,0.3839423562441915
1,-9.867881433683749,1.8190294684742443,-16.918225374798446,-26.78610680848209,0.3839423562441915
1,-10.517121631439144,1.7909139509026457,-17.751363065147146,-28.268484696586256,0.46083144839229173
1,-11.555655962013686,1.6498433386116211,-18.092059914779572,-29.647715876793228,0.46083144839229173
1,-8.8613024158828,-2.149964517504127,-15.680702489122424,-24.54200490500514,0.0034565792386492076
1,-10.247952969854257,1.694734285382904,-16.4880339611327,-26.735986930986872,0.01856688828012152
1,-9.879328983097006,1.762156824887672,-16.815163337667595,-26.694492320764578,0.01856688828012152
1,-10.409013455720846,1.756183570034528,-17.763711167720526,-28.17272462344137,0.01856688828012152
1,-10.289475094717972,1.6904483961203398,-17.9335717099301,-28.223046804648153,0.09085760986205607
1,-9.974628436111903,1.6749988108961944,-16.531298329361938,-26.50592676547388,0.09085760986205607
1,-9.981992858849287,1.648235707890569,-16.079864178770986,-26.06185703762015,0.0004394372521757385
2,-10.3177101235115,1.624443230912866,-16.590749543125103,-26.908459666636606,0.21030115126106708
2,-8.697504279356789,1.704504660864871,-15.134984735227963,-23.832489014584766,0.21030115126106708
2,-8.471651182810092,1.4682242366564708,-14.627020774224956,-23.09867195703507,0.21030115126106708
2,-9.703542605713842,1.7586431379536425,-16.412910935538054,-26.116453541251886,0.21030115126106708
2,-10.169813427334661,1.4855707578059645,-17.193351178316565,-27.363164605651157,0.21030115126106708
2,-10.929411069893638,1.7426519444522277,-17.408250669942085,-28.337661739835664,0.0
2,-11.578423680109692,1.622868580573631,-17.955926986676452,-29.534350666786235,0.0
2,-8.824705020051125,1.8969705417561884,-16.01900346786865,-24.84370848791979,0.0
2,-10.402161567378904,1.6201040056882596,-16.204610164239707,-26.606771731618576,0.11868703700925333
2,-9.992838558457278,-0.7753563729308103,-16.73308738051116,-26.725925938968388,0.11868703700925333
2,-10.82506187150471,1.709308982180286,-17.8383421155329,-28.663403987037587,0.11868703700925333
2,-10.427154173570303,1.646888294473616,-17.94067713494577,-28.367831308516,0.07546272087562873
2,-10.188085219361387,1.6824306234376114,-16.54142117602456,-26.729506395386018,0.07546272087562873
2,-9.861163754104869,1.6541986994754618,-15.925705992912691,-25.78686974701743,0.0
2,-10.297677188373632,1.7080280077197267,-16.67563494571282,-26.973312134086477,0.0
2,-8.483459233929844,1.5024783060395077,-15.070271913526957,-23.55373114745684,0.0
2,-8.354461904570938,1.754873448678826,-14.643462612693922,-22.997924517264774,0.0
2,-9.824289928306088,1.7142906810739151,-16.42154192571921,-26.24583185402529,0.0
2,-10.15329276057035,-2.179354127852932,-17.021394427596146,-27.17468718816654,0.0
2,-11.21053234801734,1.6976948091481474,-17.058695527385748,-28.269227875403196,0.0
2,-11.476713744121508,1.6636633310331284,-18.184259747320844,-29.660973491442377,0.0
2,-8.886622778028821,-0.27542752729136893,-16.027462352664536,-24.914085130693547,0.0
2,-10.376303023281869,1.6978120808380477,-16.12099723268543,-26.497300255967286,0.4708921174353749
2,-10.041902030274109,1.893869061473652,-16.666948266129864,-26.70885029640402,0.4708921174353749
2,-10.551446545226954,1.5545989440039216,-17.75706666728683,-28.308513212513713,0.4708921174353749
2,-10.678489401686834,1.721716085776574,-18.080212364706128,-28.758701766392985,0.04178087261345882
2,-10.408495184678074,1.7440989179912463,-16.61389816286475,-27.02239334754287,0.04178087261345882
2,-10.205902787283094,1.7232567149190317,-16.13734277692569,-26.34324556420878,0.06638385614128366
2,-9.862878804585597,1.5738415515278117,-16.346466160039903,-26.20934496462543,2.9154920662940116
2,-8.472366526715588,1.778450928537979,-14.982994405965956,-23.455360932681575,2.9154920662940116
2,-8.312938020379022,1.7541947182405389,-14.483991235507023,-22.79692925588598,2.9154920662940116
2,-9.64454999756366,1.9257406849304066,-16.1438458509183,-25.788395848482,2.9154920662940116
2,-10.311784266704668,4.222369836123304,-16.95453815501612,-27.26632242172073,2.9154920662940116
2,-10.858455894864974,1.915460667265731,-16.406050070680074,-27.26450596554504,0.0
2,-11.34583270263942,1.4868107869998914,-17.78873354265248,-29.134566245291683,0.0
2,-8.864140060729278,1.881147736824044,-15.866071633696205,-24.730211694425407,0.0
3,-10.196119666461456,1.9623654579728924,-15.706827627953192,-25.90294729441475,0.0
3,-9.759187352669297,1.7388332653791307,-16.358244890233816,-26.117432242903142,0.0
3,-10.680518730841086,1.7093949634581442,-17.77166895343915,-28.452187684280272,0.0
3,-10.865794187201487,1.7270308911671395,-18.049944188595276,-28.915738375796614,0.0
3,-10.18317604120374,1.0533946150773308,-16.26814973789809,-26.451325779101943,0.0
3,-9.733236059160598,1.7237668584355907,-15.976207636444158,-25.70944369560463,0.0
3,-9.439943847048351,1.9096754528713997,-15.96193274857545,-25.401876595623737,0.8022972925317249
3,-9.909767504938271,0.9743324470853126,-16.896036042223898,-26.80580354716219,0.8022972925317249
3,-10.035869414044424,1.6617204492388653,-16.019078817230127,-26.054948231274576,0.13257671547082955
3,-11.092383239381164,1.6974531283971868,-18.082173538838095,-29.174556778219436,0.13257671547082955
3,-8.686378397067616,2.4252339990930567,-15.93385374745577,-24.620232144523328,0.05685525990671368
3,-9.870617880030547,1.576919213020556,-15.551207774089965,-25.42182565412049,0.006684954182622892
3,-9.675326723055859,1.9584376893435833,-16.362329776419504,-26.037656499475414,0.006684954182622892
3,-11.293948933388059,1.6311767077302761,-17.999832699964834,-29.29378163335279,0.006684954182622892
3,-11.17504574223438,1.7278038845400816,-18.156153127642245,-29.331198869876676,0.0005561336282435846
3,-9.881004415990649,1.7192467774678037,-16.219220770070624,-26.100225186061344,0.0005561336282435846
3,-9.700322937773198,2.0405654208909385,-15.892779288478833,-25.593102226252196,0.0
3,-9.389086845710013,1.7235369082098164,-15.945895083390717,-25.334981929100756,0.06569081831462452
3,-9.962367820611156,1.78438230258195,-17.11439364264486,-27.076761463255945,0.06569081831462452
3,-9.805067530873083,1.7376700134390075,-16.590707964860172,-26.395775495733258,0.021285950476323385
3,-11.523984362776797,1.6845412548036038,-18.445387636073416,-29.969371998850196,0.021285950476323385
3,-8.700100610683926,1.9343555810828406,-16.028176080475006,-24.728276691158968,0.3051118917041721
3,-9.66435366620723,1.656168374445072,-15.835287017148572,-25.49964068335591,1.7670207854483153
3,-9.777181808088956,1.8049241462451893,-16.688568625714034,-26.46575043380297,1.7670207854483153
3,-11.235731945321241,1.6897041264981205,-18.08122236170951,-29.31695430703072,1.7670207854483153
3,-11.303448375207113,1.7198441678444452,-18.305415793631806,-29.60886416883893,0.053823359751250896
3,-9.686244172270031,1.6799465950978891,-16.401617401483406,-26.087861573753372,0.053823359751250896
4,-9.632751199825677,1.7071317880193808,-16.039401210471844,-25.672152410297464,0.0
4,-10.001670887172688,1.6211543196962865,-16.35788566904511,-26.35955655621772,5.292654415426077
4,-8.680832873861691,1.1885690131007636,-15.1020392604184,-23.782872134280087,5.292654415426077
4,-8.422476462320745,1.8029078994977632,-14.547862695673395,-22.97033915799406,5.292654415426077
4,-8.024993716747833,2.027303095143354,-14.52839532624206,-22.553389042989934,5.292654415426077
4,-9.695187853367091,9.107993645142397,-16.774575155319557,-26.469763008686694,5.292654415426077
4,-8.7057944050769,3.7214315408852907,-15.90034239207251,-24.606136797149414,1.5117224199434256
4,-11.189034328848454,1.7221645937338383,-18.23534106436651,-29.424375393214987,1.5117224199434256
4,-8.598054317804195,1.8643940686202682,-15.754132680705743,-24.352186998509985,5.177989720746307
4,-9.150746518773422,1.78716713234563,-16.009044567854446,-25.15979108662784,0.24339307192140516
4,-9.667933218644748,1.8326107616078224,-16.80926402871228,-26.477197247357058,0.24339307192140516
4,-11.125050787345584,1.7063238323322896,-18.021075997616467,-29.146126784961897,0.24339307192140516
4,-10.932629406409857,1.6685931248108719,-17.932338674670888,-28.864968081080857,2.3142764476112774
4,-9.24919270507781,1.812538275779705,-16.162134866461702,-25.411327571539587,2.3142764476112774
4,-8.808045429503357,1.688997705134412,-14.981702260194398,-23.78974768969785,0.21624208167847878
4,-10.035434166745766,2.0603535694132913,-16.458741772525556,-26.49417593927138,8.781695544200854
4,-8.449675994546896,2.2123153093232193,-15.004069447015386,-23.45374544156229,8.781695544200854
4,-8.310481491702532,1.821561689830475,-14.590931758223665,-22.901413249926197,8.781695544200854
4,-8.784108534710318,1.838236109271446,-15.66306728088615,-24.447175815596353,8.781695544200854
4,-9.727352933536508,2.217785622002222,-17.017116447644295,-26.74446938118073,8.781695544200854
4,-9.944373932585528,1.9584159371140377,-18.03512887268293,-27.979502805268428,9.570932074995119
4,-10.392904108392557,1.7038089970752284,-17.291133161752413,-27.684037270144888,9.570932074995119
4,-8.37454997763271,2.0088738584880392,-15.567979727239582,-23.94252970487235,14.451123152663346
4,-8.982912229610415,1.8797038870699425,-16.389028523363578,-25.371940752973977,1.9228842313446155
4,-9.338305319028562,2.1061051024569584,-16.417646832201612,-25.755952151230186,1.9228842313446155
4,-11.023853538154688,1.794386321670302,-17.899013700847732,-28.922867239002336,1.9228842313446155
4,-10.48404853153585,1.8027152062484963,-17.576593727350055,-28.060642258885895,19.416810131148985
4,-9.27373804652709,1.9180465480077296,-16.631459913515393,-25.905197960042514,19.416810131148985
4,-8.806962096167958,1.8204886436490415,-15.141376592936714,-23.94833868910452,9.527948590935122
4,-9.86177291209636,2.1325632402169066,-16.28611488894061,-26.147887801036862,4.486573099583923
4,-8.285615983211937,2.0361684398178204,-14.853391104650614,-23.13900708786252,4.486573099583923
4,-8.21431449595276,1.94734361664537,-14.460824830816515,-22.675139326769344,4.486573099583923
4,-8.885188995564684,1.891030287720699,-16.20939172199737,-25.094580717562103,4.486573099583923
4,-9.613956858666151,1.8981665996240746,-16.89542100815656,-26.509377866822767,4.486573099583923
4,-9.511713311706155,1.9609576891938607,-18.6022493047985,-28.113962616504622,5.67623867654196
4,-11.218165126179883,1.7329266880242216,-18.000016416889064,-29.21818154306896,5.67623867654196
4,-8.41844485054514,2.0835076663246745,-15.817244357988873,-24.235689208533945,4.538312960889095
5,-8.877006621395672,1.970884655161007,-17.020953326189808,-25.897959947585534,0.03073943133824044
5,-9.284780451349825,1.8675213011687124,-16.669936965531953,-25.954717416881735,0.03073943133824044
5,-10.77140629675863,1.7348961238814788,-17.79939040308279,-28.570796699841374,0.03073943133824044
5,-10.52491831518233,1.7098514114135441,-18.039742190919227,-28.56466050610147,0.09392547757687428
5,-9.311350545545194,1.8791120950926956,-16.86991778980383,-26.18126833534897,0.09392547757687428
5,-9.046800981463551,1.6776145931245732,-15.633433488852921,-24.680234470316503,11.927934634497687
5,-9.937898549444016,1.6144487208421765,-16.295213222530396,-26.233111771974496,6.82508144190116
5,-8.441600903646565,2.2103597769342858,-15.041837254703088,-23.483438158349678,6.82508144190116
5,-8.351202232277776,1.2324025266531295,-14.638691032671703,-22.989893264949448,6.82508144190116
5,-8.595095025285772,1.9092719200815995,-16.41338053715447,-25.00847556244026,6.82508144190116
5,-9.57656949809402,1.9144297339671883,-16.9520165327185,-26.528586030812576,6.82508144190116
5,-8.806066593941116,2.2854584348281914,-18.615844750922843,-27.421911344863915,0.8088032894617452
5,-11.175675405928459,1.6832249905407806,-18.21225229790269,-29.38792770383124,0.8088032894617452
5,-8.493669289480511,1.983978493946867,-15.916656938941339,-24.410326228421837,0.2683672480990392
5,-8.514729317932971,2.075463243616156,-16.4017051914431,-24.916434509376188,3.332683845287391
5,-9.249860298313079,2.24617965098497,-16.60518393377033,-25.855044232083422,3.332683845287391
5,-10.519370283845465,1.7074276737893828,-17.326542954513265,-27.84591323835871,3.332683845287391
5,-10.488504435935665,1.708677495376703,-17.776298229204734,-28.264802665140454,9.567383463960992
5,-9.092983556103892,1.8364977981381252,-16.26198131223166,-25.354964868335557,9.567383463960992
5,-9.125836553756667,1.682782559131302,-15.605243502300254,-24.731080056057017,8.095442779644758
5,-9.262815982560943,1.7552549311298498,-15.963737552820934,-25.226553535381832,7.82001852472993
5,-8.119570557010764,1.934922826831493,-14.692691433161754,-22.812261990172555,7.82001852472993
5,-8.132153107754716,1.832927318677157,-14.357698180335301,-22.489851288090048,7.82001852472993
5,-8.471055499121624,2.0843655155375003,-16.150915813952412,-24.62197131307396,7.82001852472993
5,-9.572209617401155,1.7625510655875434,-16.93433247693707,-26.50654209433825,7.82001852472993
5,-8.973768060971908,2.0518274155387775,-17.931050169281516,-26.904818230253564,20.35354799230981
5,-7.940942704409388,1.988623365730964,-15.478514682342134,-23.41945738675145,9.955000962138563
5,-8.810701587761688,1.8125312857096685,-16.062614727832727,-24.873316315594536,6.878572928077503
5,-9.38816468789609,1.8282237799052252,-16.739224891729368,-26.127389579625557,6.878572928077503
5,-10.53705593724571,1.9437093339791085,-17.36508431663786,-27.90214025388349,6.878572928077503
5,-10.452651171681865,1.8264761284186033,-18.09954591227183,-28.55219708395366,11.408516554459503
5,-9.187102442472897,1.6067561269592527,-16.519000573990155,-25.70610301646298,11.408516554459503
5,-9.429316281118926,1.9332080383244128,-16.54959588504003,-25.978912166158825,1.279290013782942
6,-9.633992250983555,1.67678503208282,-16.089313782820625,-25.72330603380413,6.319197997756368
6,-8.192887233967898,1.1167944044953948,-14.756196078523713,-22.949083312491627,6.319197997756368
6,-8.100663122412008,1.913939244436246,-14.326038213743743,-22.42670133615579,6.319197997756368
6,-8.667600571581158,1.9307227768835784,-16.17805429093188,-24.845654862512944,6.319197997756368
6,-9.696997916009991,2.371265966746496,-17.20712009574964,-26.904118011759714,6.319197997756368
6,-9.36038084718471,1.812893037073344,-17.351319267422646,-26.711700114607375,5.945803594869161
6,-10.841098678200378,1.794080127248963,-18.092847191229623,-28.93394586942993,5.945803594869161
6,-8.219884550687786,2.183134005190267,-15.662647518662574,-23.88253206935032,3.125933219624618
6,-9.089684294668835,1.8436225382618183,-15.94592205288416,-25.035606347552978,5.9113371279662354
6,-9.215349777038428,-0.5038958143847224,-16.50960764275505,-25.724957419793455,5.9113371279662354
6,-10.467030530831288,1.7920781315167011,-17.482389162320665,-27.94941969315202,5.9113371279662354
6,-10.312149735497727,1.906779005177212,-18.073691524294226,-28.385841259791853,8.600054165115468
6,-9.205878823925913,1.848882434032316,-16.257858997686125,-25.463737821612085,8.600054165115468
6,-9.197580889554189,1.6848118057203845,-16.387822344436966,-25.58540323399143,4.222004562122658
6,-9.449119898953402,1.7275020013388822,-15.804160697652435,-25.253280596605805,3.3134016218405358
6,-7.887720703129307,1.887080724139228,-14.534026390343348,-22.421747093472668,3.3134016218405358
6,-7.925834059868254,1.7921143009088272,-14.18807887657863,-22.113912936446862,3.3134016218405358
6,-8.919228261544275,1.938684557190287,-16.154925380241625,-25.07415364178591,3.3134016218405358
6,-9.585510177443558,1.9040209473593295,-17.151153369981046,-26.736663547424605,3.3134016218405358
6,-9.663992141755577,1.8139331150775022,-16.996056150471595,-26.66004829222711,10.536674653566168
6,-11.059531854525902,1.7434255185113545,-18.118815906655186,-29.178347761180856,10.536674653566168
6,-8.178171508067908,2.0415512737552777,-15.513151401381297,-23.69132290944918,11.9143582792753
6,-9.657791740865106,1.5997687835988903,-16.044098348923544,-25.701890089788648,2.8281232895370554
6,-9.395183425740338,1.8885306069041525,-16.569758149753447,-25.964941575493782,2.8281232895370554
6,-10.44234985982292,1.6580858951846145,-17.67618293939112,-28.11853279921402,2.8281232895370554
6,-9.7742129050163,1.7146936548766132,-17.38944374259568,-27.16365664761207,3.6387310905973953
6,-9.337734281888332,1.8201403487703232,-16.15132848671533,-25.489062768603617,3.6387310905973953
6,-9.173723631036026,1.8381494393841087,-16.59510666852206,-25.76883029955824,0.2974445596843758
6,-9.393803604345338,1.7427741355525324,-15.99194657572236,-25.385750180067788,1.9791972769927593
6,-8.021674713161548,1.5650513825634391,-14.629752074553261,-22.651426787714858,1.9791972769927593
6,-7.980960272752655,1.8735883829753832,-14.253075102989035,-22.23403537574163,1.9791972769927593
6,-8.982960656544824,1.954160326405498,-15.950717635882047,-24.933678292426983,1.9791972769927593
6,-9.599205146952118,1.8943123301218712,-16.99270637521836,-26.591911522170523,1.9791972769927593
6,-10.651214167645756,1.7376902315041436,-16.866756099467253,-27.517970267112975,0.4242778566749986
6,-11.25589352765068,1.759575127544211,-18.08082046602367,-29.336713993674515,0.4242778566749986
6,-8.453868544652783,1.6551503973737718,-15.780974242720642,-24.234842787373516,0.047150000537563824
7,-9.544829704891928,1.6302971436529237,-15.83538867936678,-25.38021838425864,1.6597335737555547
7,-9.536844451118974,1.8938599856948863,-16.605915712388214,-26.14276016350722,1.6597335737555547
7,-10.738886111358866,1.9013944558787201,-17.883279742491624,-28.622165853850444,1.6597335737555547
7,-10.295690132488781,1.8759102929337035,-17.514142319208485,-27.809832451697172,0.48115848540449924
7,-9.53547985293514,1.6641478748305034,-16.31811355951975,-25.85359341245493,0.48115848540449924
7,-9.01513244923939,1.7998837462556465,-16.076325064618313,-25.091457513857765,20.482560852028204
7,-9.511859803011056,1.4972160893406474,-15.599511981721342,-25.111371784732317,15.843698090804752
7,-7.42696026491273,2.0075120767940153,-13.962348340612712,-21.389308605525503,15.843698090804752
7,-7.6803489539671705,1.7813060962469782,-13.821302727149716,-21.50165168111695,15.843698090804752
7,-9.06136352720479,1.9917415346696181,-15.623505696785573,-24.684869223990386,15.843698090804752
7,-9.326442918607018,1.9032543668615216,-16.497825723495968,-25.824268642103,15.843698090804752
7,-10.408996759134196,1.6219097266001865,-16.440656296326726,-26.849653055460802,9.023200623724376
7,-11.277558607464679,1.6980197928289722,-17.849117181486434,-29.126675788950976,9.023200623724376
7,-8.474325168763128,1.6983549609945037,-15.525620632081267,-23.999945800844397,10.09515750162738
7,-8.985199340266314,1.8064700510765517,-15.107375220583961,-24.09257456085029,20.224001686823023
7,-9.270751888593702,3.1191527473712464,-16.255218685703806,-25.52597057429754,20.224001686823023
7,-10.404677009417869,1.7447086988680198,-17.563576818904103,-27.96825382832191,20.224001686823023
7,-10.125420424578431,1.8755802555163321,-17.296912243954647,-27.42233266853306,23.462775712486117
7,-9.047588346268345,0.9012361032147777,-16.0108068483014,-25.058395194569773,23.462775712486117
7,-9.330862403172382,1.7302534008924304,-16.04498270093921,-25.375845104111626,13.1108141810244
7,-9.286264729638281,1.7601449862526606,-15.761051558885788,-25.04731628852403,0.9476644113692672
7,-7.993617009194856,1.4834934373199409,-14.597874010374396,-22.591491019569222,0.9476644113692672
7,-8.031718454346352,1.8199373519786188,-14.27682839068035,-22.308546845026697,0.9476644113692672
7,-8.660733168733424,1.8403222076736245,-15.269061662175131,-23.929794830908527,0.9476644113692672
7,-9.469290094818975,1.6283003018928146,-16.524994498341727,-25.99428459316079,0.9476644113692672
7,-9.087746221610834,2.4585223988159326,-15.927530650092088,-25.015276871702863,4.148193316380484
7,-11.13849250716107,1.6040108302183895,-17.62732677780421,-28.765819284965225,4.148193316380484
7,-8.177484143228279,1.6791456982409172,-15.255324863679764,-23.43280900690803,3.3005781312172027
7,-8.672675144359221,1.8169560644459661,-15.015856543577282,-23.68853168793662,1.6592915185913826
7,-9.022432346020778,2.0090277634225266,-16.07223225291799,-25.094664598938774,1.6592915185913826
7,-10.215912332422675,3.5758768316787823,-17.515480620359977,-27.7313929527826,1.6592915185913826
7,-10.015017803257367,1.7305603730717625,-17.238951493230637,-27.25396929648802,1.2061863321713666
7,-8.835428522321958,0.09667155484236505,-15.75162705095316,-24.587055573275144,1.2061863321713666
7,-9.06686849802759,1.7586985051012645,-15.765152332038431,-24.832020830066003,4.018159627451108
7,-9.38794475435389,1.9077761544932164,-15.89863360444339,-25.286578358797374,2.1837744436650675
7,-7.936272548083765,1.683152546635674,-14.57317490789296,-22.509447455976748,2.1837744436650675
7,-7.975527869638893,1.8065729957867285,-14.20047922837818,-22.176007098017173,2.1837744436650675
7,-9.120447559479718,1.7582891479553688,-15.633732928635217,-24.754180488114923,2.1837744436650675
7,-9.269973498196244,1.9296146107791379,-16.54906850646283,-25.819042004659096,2.1837744436650675
8,-8.81591923332555,1.9177131286011033,-15.327948034767168,-24.143867268092706,8.541517924276757
8,-11.32229808844407,1.549047995281939,-17.16073260363765,-28.48303069208155,8.541517924276757
8,-8.380993442793326,2.026442965636053,-15.367794128559341,-23.748787571352686,1.4007871887199406
8,-9.499641380619888,1.6624189042987887,-15.635293869652696,-25.134935250272562,2.1396332892559613
8,-9.664628143098703,1.704092303352551,-16.32002896647401,-25.984657109572613,2.1396332892559613
8,-10.601569086182819,1.5755423841704035,-17.671043435019545,-28.272612521202344,2.1396332892559613
8,-10.301759238725673,1.6112029364885974,-17.264043980001485,-27.565803218727105,0.6160341865848978
8,-9.055847776685688,2.732366601810453,-15.721026905856533,-24.776874682542207,0.6160341865848978
8,-9.16660081712834,1.7518035508409278,-15.492522386194603,-24.65912320332287,10.24749467444934
8,-10.065986715902795,1.6643655714146481,-16.226069802529604,-26.29205651843244,1.2205856124421106
8,-8.172651941810562,1.9027300300738565,-14.812353752129855,-22.985005693940426,1.2205856124421106
8,-8.175606659084249,1.808862844706942,-14.427488730376583,-22.60309538946079,1.2205856124421106
8,-8.875893116850834,2.1636806079512825,-15.34562730462089,-24.221520421471904,1.2205856124421106
8,-9.781171699881243,1.9717133214549454,-16.701141769470443,-26.48231346935168,1.2205856124421106
8,-8.413113771149876,1.9408054241743053,-15.311307423755084,-23.724421194904885,9.317902140939493
8,-10.686934213691682,1.695478627416331,-17.037126772104813,-27.724060985796513,9.317902140939493
8,-8.611609607734493,1.9727068145600037,-15.472795682641655,-24.084405290376225,8.31144330590757
8,-8.345674961190541,1.573402176474256,-14.684999578696699,-23.030674539887173,3.529283136955453
8,-9.443124776539397,2.0769127404551684,-16.123117388589336,-25.566242165128788,3.529283136955453
8,-10.568459708107953,1.7133049962842413,-17.64385827244113,-28.21231798054915,3.529283136955453
8,-10.402651504892685,1.722831748347821,-17.263748481524022,-27.66639998641674,5.8483051969797275
8,-9.15114938738843,1.9236202373128994,-15.906303661541587,-25.05745304893005,5.8483051969797275
8,-9.545880336198596,1.6953723495445876,-15.616735916027501,-25.1626162522262,19.462626567483394
8,-9.264259710598997,2.874872133629339,-15.561474074869572,-24.8257337854686,20.081723013745247
8,-7.543478095682582,1.9607592364301623,-14.204750266773024,-21.748228362455546,20.081723013745247
8,-7.623515622533108,1.840156094730581,-13.877496624274363,-21.501012246807555,20.081723013745247
8,-8.589847097494424,1.7519693435622883,-14.99116535388622,-23.581012451380687,20.081723013745247
8,-9.242369176473524,1.7595792259369296,-16.158764267730646,-25.401133444204266,20.081723013745247
8,-8.615324793335576,1.8784225231539218,-15.699904204828156,-24.31522899816377,18.897082012140025
8,-11.052753950853802,1.5803460620316225,-17.473044941394356,-28.525798892248144,18.897082012140025
8,-8.467906658757705,1.9842949744616465,-15.295542825935172,-23.763449484692952,7.3609161479018566
8,-8.244716890372278,1.6923411458606543,-14.75218588694695,-22.996902777319182,12.12055214742758
8,-9.144934594387852,1.8817443242474898,-15.916217004965507,-25.061151599353323,12.12055214742758
8,-10.503806792299455,1.6846342990914607,-17.40696996810499,-27.91077676040452,12.12055214742758
8,-9.919982555038196,1.805422418489098,-17.023216907080844,-26.94319946211916,10.185524717128086
8,-8.834745428130566,1.8560019531613472,-15.834078448439596,-24.66882387657019,10.185524717128086
9,-9.201867873787092,1.740549685371462,-15.469472372261816,-24.67134024604884,4.813022299128978
9,-9.612291949859749,1.7100755997523962,-15.957092050922869,-25.56938400078269,12.24941653402044
9,-7.84461724252752,1.9300495077153759,-14.54248328914915,-22.387100531676676,12.24941653402044
9,-7.9338012206514685,1.7136523888207695,-14.24511263175849,-22.178913852409917,12.24941653402044
9,-8.17388222720969,1.723200221499588,-14.906589705536952,-23.080471932746676,12.24941653402044
9,-9.369131503629946,3.111875867599495,-16.566149116842656,-25.93528062047269,12.24941653402044
9,-8.056769271724844,2.1209630552072865,-15.677148401464951,-23.73391767318976,2.1985347372179644
9,-11.042797769990203,1.6625637640062576,-17.622174194379333,-28.664971964369474,2.1985347372179644
9,-8.11161394691698,1.864275725226632,-15.003089314608008,-23.114703261524987,15.842611045865452
9,-8.902855256854727,1.8431997706767473,-15.736257302376586,-24.639112559231318,9.133948776291717
9,-9.221217128821388,1.5245392199182803,-16.577371491048975,-25.798588619870483,9.133948776291717
9,-10.347856432240182,1.795628772927353,-17.522863601181257,-27.870720033421456,9.133948776291717
9,-9.756675909360423,2.095523379810842,-17.200949906639636,-26.95762581600006,3.8808334667973843
9,-8.838814627378849,1.9311087133789173,-15.922776833747319,-24.76159146112623,3.8808334667973843
9,-8.973523509102014,1.7747423284920856,-15.09194579537019,-24.065469304472174,4.237853265475044
9,-9.910497435104137,1.668927653877721,-16.05422729678128,-25.96472473188551,6.057097223525986
9,-8.105629854662814,1.854195533264483,-14.751386060171816,-22.857015914834623,6.057097223525986
9,-8.089293256704298,1.7874449634123262,-14.36383434240767,-22.453127599112005,6.057097223525986
9,-8.800073467248007,2.0288565217148418,-16.061750823709275,-24.86182429095743,6.057097223525986
9,-9.15599297304216,1.7473028941571767,-16.424638897184114,-25.580631870226252,6.057097223525986
9,-9.143162296977353,2.034085090499365,-16.949328432336323,-26.09249072931368,12.279234690056724
9,-10.23814461054533,1.7740627351574196,-17.02518812918393,-27.263332739729393,12.279234690056724
9,-8.051011240099335,2.1387781072959338,-15.08688320137953,-23.137894441478924,10.611451340771255
9,-9.9066448408774,1.757543909805559,-16.867378237046953,-26.77402307792447,4.496978034590326
9,-9.423809960246492,1.7435727048159932,-16.655590015162392,-26.0793999754089,4.496978034590326
9,-10.684919242994935,1.6897657432577964,-17.767776596303673,-28.452695839298617,4.496978034590326
9,-10.094557538600181,2.470353914513539,-17.387011991772063,-27.481569530372337,19.41145426321928
9,-9.19759235951817,2.9960396676277927,-16.316872707376625,-25.514465066894804,19.41145426321928
9,-8.543673680297205,1.8516648212021332,-14.681505464504331,-23.22517914480154,5.424934158840648
9,-9.71853331801248,1.4919448917618239,-15.938082825702338,-25.656616143714874,6.13860840855626
9,-8.020872965640509,1.9804762207428979,-14.669314855814356,-22.690187821454828,6.13860840855626
9,-7.78349114086439,0.3726530854405806,-14.040341165919695,-21.823832306784148,6.13860840855626
9,-9.584428049470787,1.8445548073308595,-16.9686716928644,-26.553099742335153,6.13860840855626
9,-9.34023045294213,1.8861879892489495,-16.574041049451495,-25.91427150239365,6.13860840855626
9,-10.702151727519048,0.8186549742078404,-17.214342117742923,-27.91649384526187,9.706722706545003
10,-8.25068816297012,2.1487896983557566,-15.31891059324079,-23.56959875621085,12.174742293720517
10,-10.610972274470313,1.8818388740022673,-17.572518374214884,-28.183490648685318,23.598441338248907
10,-9.667348544917763,1.7058711357855307,-16.70656757979798,-26.373916124715727,23.598441338248907
10,-10.475570646093997,1.639869225233161,-17.32138807916815,-27.79695872526211,23.598441338248907
10,-10.354862862078262,1.7299396219480174,-17.982132560593545,-28.336995422671954,13.365500038126397
10,-9.702696579357958,1.8449903437097537,-16.783107268004827,-26.485803847362824,13.365500038126397
10,-9.020410349967165,1.8957175806890028,-15.675293455532412,-24.695703805499626,7.586375529019656
10,-9.604320299600488,2.36488186873676,-15.965273391651866,-25.569593691252454,27.944013285688673
10,-7.663385912979026,1.739995948235718,-14.298823852502496,-21.962209765481546,27.944013285688673
10,-7.522071623864222,2.141807770215096,-13.696433144562471,-21.218504768426705,27.944013285688673
10,-9.856799794629106,1.9681180546017052,-17.568164644110226,-27.424964438739256,27.944013285688673
10,-9.825103282867245,1.8388497904468395,-17.225562146173857,-27.050665429041125,27.944013285688673
10,-10.32854916780313,2.0525034353937506,-19.170505920546084,-29.49905508834927,0.360499630360386
10,-10.701528100486334,1.6887190236499234,-17.543497776763935,-28.245025877250264,0.360499630360386
10,-8.067548701950097,1.9905668849484057,-15.23825371906931,-23.305802421019443,10.926052980986983
10,-10.798264159952778,-0.2580873494874154,-17.947002650606425,-28.745266810559183,0.8440741274754089
10,-9.972376756348604,1.6138027415607916,-17.290559042331616,-27.262935798680118,0.8440741274754089
10,-10.367809786450186,1.7979870844186623,-17.33090792042594,-27.698717706876156,0.8440741274754089
10,-10.501379020174122,1.968557882055506,-18.040178073122732,-28.541557093296774,1.3142002810345141
10,-10.520398973251556,1.7551840078940912,-17.571860536145582,-28.092259509397113,1.3142002810345141
10,-10.13613145821223,1.5405239600437606,-16.70879044056781,-26.844921898780136,7.989200240067689
10,-9.73709031737558,1.852947859276943,-15.848109426811018,-25.585199744186667,10.584024774569984
10,-8.024362964454728,1.9325348951666648,-14.766114329345237,-22.79047729379994,10.584024774569984
10,-7.980055511818166,1.7490818371719556,-14.343086965974296,-22.32314247779248,10.584024774569984
10,-10.308030027148375,1.78857531213178,-17.694040102474656,-28.002070129623146,10.584024774569984
10,-10.27478765374077,1.8925628452653949,-17.562572707774784,-27.837360361515533,10.584024774569984
10,-12.070660153579324,1.889773826183497,-19.756485253652343,-31.827145407231544,7.972731632243849
10,-10.852155307274392,1.7048059705058825,-17.49049451734716,-28.342649824621567,7.972731632243849
10,-8.755787767734368,2.2357131454872627,-15.761843634142657,-24.517631401876976,5.109325134294597
10,-11.203182816202283,1.7659531787681257,-18.13617139873629,-29.339354214938545,12.293194231928085
10,-10.264533221807913,1.9403044235673104,-17.52745017290284,-27.791983394710783,12.293194231928085
10,-10.436828189208178,1.779309838851559,-17.641483038263686,-28.078311227471875,12.293194231928085
10,-10.38560564945988,1.7738887477923238,-18.09436767292568,-28.479973322385668,2.2002419184016286
10,-10.56902425932333,1.5512334390876723,-17.839870194458037,-28.40889445378143,2.2002419184016286
11,-9.788614736172793,1.6948762308104262,-16.15023653508541,-25.93885127125825,0.33396426635252613
11,-8.087716867019004,1.1534611376345871,-14.71487200956413,-22.802588876583105,0.33396426635252613
11,-7.928665492011814,1.8552200550883045,-14.188028573620892,-22.1166940656327,0.33396426635252613
11,-10.173089066284744,1.9199716574482417,-17.526465977820646,-27.6995550441053,0.33396426635252613
11,-10.39760506247419,3.0946190887955116,-17.62185775155039,-28.019462814024536,0.33396426635252613
11,-11.861775490368833,1.7772990772744424,-18.648973363385426,-30.510748853754208,16.368758817934165
11,-10.433141801646816,1.6702425914268584,-17.42075800207056,-27.853899803717397,16.368758817934165
11,-10.503959595496202,1.736267881879358,-17.496824301253955,-28.00078389675016,16.368758817934165
11,-10.130125820286015,1.7476930701990243,-17.371569477131246,-27.50169529741724,27.245956891300597
11,-10.32095646233311,1.6625721526536237,-17.472481526137084,-27.793437988470338,27.245956891300597
11,-10.500220927865932,1.763996924893617,-17.22780791152369,-27.728028839389737,20.60347864685506
11,-9.888091599285074,-1.8338495130594754,-17.072383512845576,-26.960475112130577,11.636957848173441
11,-9.982965249433603,1.440965909574317,-17.37837743662001,-27.36134268605375,11.636957848173441
11,-11.218381487108639,1.6811799967673968,-19.700892267253508,-30.919273754362276,5.701505503421814
11,-10.512034194521588,1.7566778508096736,-17.304307033054908,-27.816341227576658,5.701505503421814
11,-8.62680788144409,5.072282726021417,-15.770413488252267,-24.397221369696307,2.767753244463896
11,-11.758749384634209,1.866065200053151,-18.536026348888537,-30.29477573352257,2.557860036167723
11,-9.997931628840016,1.8184326242228326,-17.23127306822723,-27.229204697067125,2.557860036167723
11,-10.090474274609077,2.9527009463455616,-17.587626270994626,-27.67810054560383,2.557860036167723
11,-10.194800924213009,1.5560311118808638,-17.95735289867036,-28.152153822883392,1.3150779617465778
11,-10.522533968254825,1.515434833310286,-17.733476072110477,-28.256010040365197,1.3150779617465778
11,-9.854270022400831,1.8493351446775417,-16.82296640484531,-26.677236427246147,5.280241101584038
11,-9.06958091997559,1.835481287566722,-15.71882404783952,-24.78840496781508,10.776089390148421
11,-8.229320847946056,0.6660534491272455,-15.002189260556586,-23.23151010850263,10.776089390148421
11,-8.193153426709582,2.3541931319962712,-14.603770704574497,-22.79692413128403,10.776089390148421
11,-9.981076542389355,1.834305152888325,-16.995064330665343,-26.976140873054696,10.776089390148421
11,-9.92046041375669,1.670496401573264,-17.049334288123905,-26.969794701880573,10.776089390148421
11,-10.731426701086477,2.0112587930638766,-19.563684608200557,-30.295111309287087,15.853906732411236
11,-9.81930115725964,2.0200994971415533,-17.086707882767126,-26.906009040026554,15.853906732411236
11,-8.294409962892074,2.113004100645231,-15.39367119852263,-23.68808116141477,13.477757484026405
12,-11.302607530355731,1.772082498314591,-18.60556373650668,-29.9081712668625,1.3430261617133838
12,-9.757648238674598,1.9383655020581638,-17.274025477243697,-27.031673715918235,1.3430261617133838
12,-10.482219270326093,1.7770929449545134,-17.806133727770305,-28.288352998096403,1.3430261617133838
12,-10.536317917717318,1.8386155591333504,-17.74838449166558,-28.284702409382884,0.09448670074249299
12,-10.058228242842423,1.685870866638166,-17.55449519792612,-27.612723440768473,0.09448670074249299
12,-9.772422989871094,1.272922247049793,-16.87439309746778,-26.646816087339026,0.3824656060531738
12,-9.572967706294374,1.7630522864314078,-16.126097035706252,-25.699064742000633,0.0
12,-8.346677019855274,1.8196471547100799,-14.976359544518129,-23.32303656437334,0.0
12,-8.225388559395538,1.8023861870901499,-14.535505221799767,-22.760893781195243,0.0
12,-9.657547269779437,1.8072924738007445,-17.04918108488874,-26.7067283546683,0.0
12,-9.607600823612543,2.0312806723702987,-17.263808504926942,-26.87140932853947,0.0
12,-10.252323968056968,2.00829247345048,-19.326497276705243,-29.578821244762185,0.0
12,-10.787097641485511,1.760830662632275,-17.724477614739932,-28.511575256225587,0.0
12,-8.67574439257143,1.9170316508128629,-15.82217245296068,-24.497916845532114,0.0
12,-10.4279238879474,2.476568607021301,-17.800319522306623,-28.22824341025399,0.49839008303857085
12,-9.234713221506414,1.7832413921055095,-16.88743786512798,-26.122151086634293,0.49839008303857085
12,-10.059450699625925,1.780077125350425,-17.592413707245647,-27.65186440687151,0.49839008303857085
12,-10.447678076936823,1.7796516086978071,-17.84509715302408,-28.292775229960814,1.0966778140077464
12,-9.663140535205715,1.8712781492816635,-17.319087328997973,-26.982227864203722,1.0966778140077464
12,-9.384613370429436,1.8708638938900914,-16.404966865545187,-25.789580235974622,0.0
12,-9.744651812816489,1.7127872163319626,-16.274342333304887,-26.01899414612136,1.502329134645554
12,-8.374135694216033,1.711690043850983,-15.048524324625957,-23.422660018842016,1.502329134645554
12,-8.266818313091836,1.7928331986452328,-14.59500204982975,-22.861820362921502,1.502329134645554
12,-9.405669676857093,2.3926608623783436,-16.62146044774472,-26.027130124601886,1.502329134645554
12,-9.466502201854992,1.9859939626623928,-17.250591222794682,-26.717093424649683,1.502329134645554
12,-11.292086778273658,1.669123320613405,-17.92012531151548,-29.21221208978899,0.4305749345072265
12,-8.5092502122027,1.5950542599060438,-15.862171458543806,-24.371421670746496,0.44952558795989117
12,-9.39513079122441,1.89125306190424,-17.129390441575108,-26.524521232799575,0.3045408673618648
12,-8.990854497644841,2.1219267133054616,-16.56388310820192,-25.554737605846828,0.3045408673618648
12,-10.178597130239861,1.6527576543963598,-17.516747296840048,-27.695344427079846,0.3045408673618648
12,-10.193638707289871,1.8568884948433038,-17.862788034915344,-28.05642674220511,0.10647021197689546
12,-9.18644928992715,1.9330652796191465,-16.918655744703436,-26.10510503463051,0.10647021197689546
