PRODUCT_ID,GRANULE_MEAN_AOT,GRANULE_MEAN_WV,OZONE_VALUE,CLOUDY_PIXEL_PERCENTAGE,THIN_CIRRUS_PERCENTAGE,VEGETATION_PERCENTAGE,MEAN_SOLAR_ZENITH_ANGLE,WATER_PERCENTAGE,SNOW_ICE_PERCENTAGE,_source_file,AREA
S2B_MSIL2A_20190106T032129_N0211_R118_T48PXT_20190106T090342,,,,0.294384,0.0,76.144463,39.6891339559,2.540956,0.0,dbscl-sentinel-2-2019\dbscl-sentinel-2_2019-01\S2_2019-01-06_03-34-55\20190106T032129_20190106T033238_T48PXT_metadata.json,48PXT
S2B_MSIL2A_20190106T032129_N0211_R118_T48PWT_20190106T090342,,,,0.229114,0.0,66.735429,40.163948526,4.904585,0.0,dbscl-sentinel-2-2019\dbscl-sentinel-2_2019-01\S2_2019-01-06_03-34-59\20190106T032129_20190106T033238_T48PWT_metadata.json,48PWT
S2B_MSIL2A_20190106T032129_N0211_R118_T48PVT_20190106T090342,,,,4.792753,0.000379,46.540064,40.6502769899,3.244485,0.0,dbscl-sentinel-2-2019\dbscl-sentinel-2_2019-01\S2_2019-01-06_03-35-02\20190106T032129_20190106T033238_T48PVT_metadata.json,48PVT
S2B_MSIL2A_20190106T032129_N0211_R118_T48PXS_20190106T090342,,,,1.753549,0.45546,75.331354,38.8914824954,5.151255,9e-06,dbscl-sentinel-2-2019\dbscl-sentinel-2_2019-01\S2_2019-01-06_03-35-10\20190106T032129_20190106T033238_T48PXS_metadata.json,48PXS
S2B_MSIL2A_20190106T032129_N0211_R118_T48PWS_20190106T090342,,,,2.419413,0.0,76.939338,39.3728311502,3.938752,0.0,dbscl-sentinel-2-2019\dbscl-sentinel-2_2019-01\S2_2019-01-06_03-35-13\20190106T032129_20190106T033238_T48PWS_metadata.json,48PWS
S2B_MSIL2A_20190106T032129_N0211_R118_T48PVS_20190106T090342,,,,2.547676,0.0,36.330587,39.8658928297,43.7821,0.0,dbscl-sentinel-2-2019\dbscl-sentinel-2_2019-01\S2_2019-01-06_03-35-16\20190106T032129_20190106T033238_T48PVS_metadata.json,48PVS
S2B_MSIL2A_20190106T032129_N0211_R118_T48PUS_20190106T090342,,,,4.339842,0.0,27.58241,40.3697976811,63.373739,7.2e-05,dbscl-sentinel-2-2019\dbscl-sentinel-2_2019-01\S2_2019-01-06_03-35-20\20190106T032129_20190106T033238_T48PUS_metadata.json,48PUS
S2B_MSIL2A_20190106T032129_N0211_R118_T48PXR_20190106T090342,,,,10.384824,0.0,28.229439,38.0979736296,40.111545,0.006094,dbscl-sentinel-2-2019\dbscl-sentinel-2_2019-01\S2_2019-01-06_03-35-24\20190106T032129_20190106T033238_T48PXR_metadata.json,48PXR
S2B_MSIL2A_20190106T032129_N0211_R118_T48PWR_20190106T090342,,,,10.046656,0.0,40.5835,38.5861424957,17.173514,0.008888,dbscl-sentinel-2-2019\dbscl-sentinel-2_2019-01\S2_2019-01-06_03-35-28\20190106T032129_20190106T033238_T48PWR_metadata.json,48PWR
S2B_MSIL2A_20190106T032129_N0211_R118_T48PVR_20190106T090342,,,,2.369972,0.000166,10.728034,39.0862143119,76.091933,0.0,dbscl-sentinel-2-2019\dbscl-sentinel-2_2019-01\S2_2019-01-06_03-35-31\20190106T032129_20190106T033238_T48PVR_metadata.json,48PVR
S2B_MSIL2A_20190106T032129_N0211_R118_T48PUR_20190106T090342,,,,0.034456,0.0,0.051673,39.5972918086,99.91281,0.0,dbscl-sentinel-2-2019\dbscl-sentinel-2_2019-01\S2_2019-01-06_03-35-34\20190106T032129_20190106T033238_T48PUR_metadata.json,48PUR
S2B_MSIL2A_20190106T032129_N0211_R118_T48PWQ_20190106T090342,,,,14.120272,0.0,1.997896,37.8031936448,78.669614,0.015312,dbscl-sentinel-2-2019\dbscl-sentinel-2_2019-01\S2_2019-01-06_03-35-42\20190106T032129_20190106T033238_T48PWQ_metadata.json,48PWQ
S2B_MSIL2A_20190106T032129_N0211_R118_T48PVQ_20190106T090342,,,,23.746742,0.000182,3.383536,38.3105697038,66.143388,0.010614,dbscl-sentinel-2-2019\dbscl-sentinel-2_2019-01\S2_2019-01-06_03-35-46\20190106T032129_20190106T033238_T48PVQ_metadata.json,48PVQ
S2A_MSIL2A_20190111T032111_N0211_R118_T48PXT_20190111T072711,,,,16.995956,8.755573,57.12716,39.4118030537,1.528072,0.0,dbscl-sentinel-2-2019\dbscl-sentinel-2_2019-01\S2_2019-01-11_03-34-52\20190111T032111_20190111T032721_T48PXT_metadata.json,48PXT
S2A_MSIL2A_20190111T032111_N0211_R118_T48PWT_20190111T072711,,,,43.751686,28.970584,31.412351,39.9028678414,1.292962,0.0,dbscl-sentinel-2-2019\dbscl-sentinel-2_2019-01\S2_2019-01-11_03-34-56\20190111T032111_20190111T032721_T48PWT_metadata.json,48PWT
S2A_MSIL2A_20190111T032111_N0211_R118_T48PVT_20190111T072711,,,,18.87178,10.462702,34.539786,40.4052281829,1.421906,0.0,dbscl-sentinel-2-2019\dbscl-sentinel-2_2019-01\S2_2019-01-11_03-34-59\20190111T032111_20190111T032721_T48PVT_metadata.json,48PVT
S2A_MSIL2A_20190111T032111_N0211_R118_T48PVS_20190111T072711,,,,35.949718,19.466853,28.165779,39.6309649402,20.384014,0.0,dbscl-sentinel-2-2019\dbscl-sentinel-2_2019-01\S2_2019-01-11_03-35-14\20190111T032111_20190111T032721_T48PVS_metadata.json,48PVS
S2A_MSIL2A_20190111T032111_N0211_R118_T48PUS_20190111T072711,,,,13.284651,6.018317,24.48418,40.150866603,57.936019,4.9e-05,dbscl-sentinel-2-2019\dbscl-sentinel-2_2019-01\S2_2019-01-11_03-35-17\20190111T032111_20190111T032721_T48PUS_metadata.json,48PUS
S2A_MSIL2A_20190111T032111_N0211_R118_T48PXR_20190111T072711,,,,43.765204,34.310445,13.961788,37.8403267224,27.967343,0.000623,dbscl-sentinel-2-2019\dbscl-sentinel-2_2019-01\S2_2019-01-11_03-35-22\20190111T032111_20190111T032721_T48PXR_metadata.json,48PXR
S2A_MSIL2A_20190111T032111_N0211_R118_T48PUR_20190111T072711,,,,29.275242,18.306173,0.045309,39.3890600764,70.676959,0.0,dbscl-sentinel-2-2019\dbscl-sentinel-2_2019-01\S2_2019-01-11_03-35-31\20190111T032111_20190111T032721_T48PUR_metadata.json,48PUR
S2B_MSIL2A_20190113T031059_N0211_R075_T48PXS_20190113T071314,,,,1.021568,0.007134,47.204593,39.8780017937,28.152686,0.00099,dbscl-sentinel-2-2019\dbscl-sentinel-2_2019-01\S2_2019-01-13_03-25-15\20190113T031059_20190113T031703_T48PXS_metadata.json,48PXS
S2B_MSIL2A_20190113T031059_N0211_R075_T48PXR_20190113T071314,,,,0.059224,0.014199,7.601288,39.1230103629,83.617955,0.001624,dbscl-sentinel-2-2019\dbscl-sentinel-2_2019-01\S2_2019-01-13_03-25-30\20190113T031059_20190113T031703_T48PXR_metadata.json,48PXR
S2A_MSIL2A_20190114T033101_N0211_R018_T48PUS_20190114T070701,,,,9.16872,0.000278,11.262766,38.5040756243,73.33352,0.057276,dbscl-sentinel-2-2019\dbscl-sentinel-2_2019-01\S2_2019-01-14_03-45-12\20190114T033101_20190114T033726_T48PUS_metadata.json,48PUS
S2A_MSIL2A_20190114T033101_N0211_R018_T48PUR_20190114T070701,,,,0.499485,0.0,0.174411,37.7251466043,99.314547,0.0,dbscl-sentinel-2-2019\dbscl-sentinel-2_2019-01\S2_2019-01-14_03-45-27\20190114T033101_20190114T033726_T48PUR_metadata.json,48PUR
S2B_MSIL2A_20190116T032059_N0211_R118_T48PXT_20190116T070337,,,,17.816045,8.883198,57.781243,38.9594107849,1.840698,0.0,dbscl-sentinel-2-2019\dbscl-sentinel-2_2019-01\S2_2019-01-16_03-34-56\20190116T032059_20190116T032605_T48PXT_metadata.json,48PXT
S2B_MSIL2A_20190116T032059_N0211_R118_T48PWT_20190116T070337,,,,35.59536,4.00005,20.702399,39.4674651954,1.307604,0.0,dbscl-sentinel-2-2019\dbscl-sentinel-2_2019-01\S2_2019-01-16_03-35-00\20190116T032059_20190116T032605_T48PWT_metadata.json,48PWT
S2B_MSIL2A_20190116T032059_N0211_R118_T48PXS_20190116T070337,,,,33.260892,16.592816,45.082518,38.1821197979,2.054191,0.005057,dbscl-sentinel-2-2019\dbscl-sentinel-2_2019-01\S2_2019-01-16_03-35-11\20190116T032059_20190116T032605_T48PXS_metadata.json,48PXS
S2B_MSIL2A_20190119T033049_N0211_R018_T48PUS_20190119T072902,,,,31.165019,30.962583,14.805646,37.9739206236,51.135415,7.7e-05,dbscl-sentinel-2-2019\dbscl-sentinel-2_2019-01\S2_2019-01-19_03-45-16\20190119T033049_20190119T034257_T48PUS_metadata.json,48PUS
S2A_MSIL2A_20190121T032041_N0211_R118_T48PXT_20190121T070422,,,,46.047761,35.567406,36.073279,38.368976016,1.013697,0.0,dbscl-sentinel-2-2019\dbscl-sentinel-2_2019-01\S2_2019-01-21_03-34-53\20190121T032041_20190121T032647_T48PXT_metadata.json,48PXT
S2A_MSIL2A_20190121T032041_N0211_R118_T48PWT_20190121T070422,,,,35.848591,9.341744,28.208211,38.8955616702,1.956769,0.0,dbscl-sentinel-2-2019\dbscl-sentinel-2_2019-01\S2_2019-01-21_03-34-57\20190121T032041_20190121T032647_T48PWT_metadata.json,48PWT
S2A_MSIL2A_20190121T032041_N0211_R118_T48PVT_20190121T070422,,,,28.083391,7.072818,18.458398,39.4330759918,1.431515,0.0,dbscl-sentinel-2-2019\dbscl-sentinel-2_2019-01\S2_2019-01-21_03-35-00\20190121T032041_20190121T032647_T48PVT_metadata.json,48PVT
S2A_MSIL2A_20190121T032041_N0211_R118_T48PXS_20190121T070422,,,,35.290972,16.237044,40.013155,37.604010289,2.325906,0.001935,dbscl-sentinel-2-2019\dbscl-sentinel-2_2019-01\S2_2019-01-21_03-35-08\20190121T032041_20190121T032647_T48PXS_metadata.json,48PXS
S2A_MSIL2A_20190121T032041_N0211_R118_T48PWS_20190121T070422,,,,12.557716,6.045182,68.210483,38.138000394,2.716242,0.0,dbscl-sentinel-2-2019\dbscl-sentinel-2_2019-01\S2_2019-01-21_03-35-11\20190121T032041_20190121T032647_T48PWS_metadata.json,48PWS
S2A_MSIL2A_20190121T032041_N0211_R118_T48PVS_20190121T070422,,,,18.752217,15.246074,26.967889,38.6830507513,30.549613,0.0,dbscl-sentinel-2-2019\dbscl-sentinel-2_2019-01\S2_2019-01-21_03-35-15\20190121T032041_20190121T032647_T48PVS_metadata.json,48PVS
S2A_MSIL2A_20190121T032041_N0211_R118_T48PUS_20190121T070422,,,,46.738236,24.224176,12.863654,39.2382161868,28.023064,0.07072,dbscl-sentinel-2-2019\dbscl-sentinel-2_2019-01\S2_2019-01-21_03-35-18\20190121T032041_20190121T032647_T48PUS_metadata.json,48PUS
S2A_MSIL2A_20190121T032041_N0211_R118_T48PWR_20190121T070422,,,,46.424923,31.543642,29.297829,37.3862079355,2.075511,0.0,dbscl-sentinel-2-2019\dbscl-sentinel-2_2019-01\S2_2019-01-21_03-35-26\20190121T032041_20190121T032647_T48PWR_metadata.json,48PWR
S2A_MSIL2A_20190124T033031_N0211_R018_T48PUS_20190124T073544,,,,4.21302,0.401988,17.401354,37.3131678394,72.753996,0.002668,dbscl-sentinel-2-2019\dbscl-sentinel-2_2019-01\S2_2019-01-24_03-45-13\20190124T033031_20190124T033821_T48PUS_metadata.json,48PUS
S2A_MSIL2A_20190124T033031_N0211_R018_T48PUR_20190124T073544,,,,1.209488,0.047232,0.150968,36.5598893301,98.616922,0.0,dbscl-sentinel-2-2019\dbscl-sentinel-2_2019-01\S2_2019-01-24_03-45-27\20190124T033031_20190124T033821_T48PUR_metadata.json,48PUR
S2B_MSIL2A_20190126T032019_N0211_R118_T48PUS_20190126T071818,,,,48.009909,41.617158,12.767206,38.5575868189,36.907849,0.0,dbscl-sentinel-2-2019\dbscl-sentinel-2_2019-01\S2_2019-01-26_03-35-22\20190126T032019_20190126T033421_T48PUS_metadata.json,48PUS
S2B_MSIL2A_20190126T032019_N0211_R118_T48PUR_20190126T071818,,,,44.319412,38.441756,0.03514,37.8366966771,55.638129,0.0,dbscl-sentinel-2-2019\dbscl-sentinel-2_2019-01\S2_2019-01-26_03-35-36\20190126T032019_20190126T033421_T48PUR_metadata.json,48PUR
S2A_MSIL2A_20190128T031001_N0211_R075_T48PXR_20190128T070920,,,,28.915431,4.943051,1.856862,37.4070018208,62.440056,0.009497,dbscl-sentinel-2-2019\dbscl-sentinel-2_2019-01\S2_2019-01-28_03-25-28\20190128T031001_20190128T031602_T48PXR_metadata.json,48PXR
S2B_MSIL2A_20190129T033009_N0211_R018_T48PUS_20190129T084030,,,,5.2489,0.635512,15.904883,36.4982679246,72.267193,0.002273,dbscl-sentinel-2-2019\dbscl-sentinel-2_2019-01\S2_2019-01-29_03-45-17\20190129T033009_20190129T033745_T48PUS_metadata.json,48PUS
S2B_MSIL2A_20190129T033009_N0211_R018_T48PUR_20190129T084030,,,,25.991909,7.613591,0.090672,35.760130793,73.841852,0.0,dbscl-sentinel-2-2019\dbscl-sentinel-2_2019-01\S2_2019-01-29_03-45-31\20190129T033009_20190129T033745_T48PUR_metadata.json,48PUR
S2A_MSIL2A_20190131T031951_N0211_R118_T48PWT_20190131T072612,,,,38.632949,23.758581,29.192403,37.313624661,1.552769,0.0,dbscl-sentinel-2-2019\dbscl-sentinel-2_2019-01\S2_2019-01-31_03-34-57\20190131T031951_20190131T032917_T48PWT_metadata.json,48PWT
S2A_MSIL2A_20190131T031951_N0211_R118_T48PVT_20190131T072612,,,,41.700136,28.353444,19.394374,37.8903794467,0.852053,0.0,dbscl-sentinel-2-2019\dbscl-sentinel-2_2019-01\S2_2019-01-31_03-35-01\20190131T031951_20190131T032917_T48PVT_metadata.json,48PVT
S2A_MSIL2A_20190131T031951_N0211_R118_T48PWS_20190131T072612,,,,46.964997,24.707539,40.333295,36.5859291398,2.2513,0.0,dbscl-sentinel-2-2019\dbscl-sentinel-2_2019-01\S2_2019-01-31_03-35-12\20190131T031951_20190131T032917_T48PWS_metadata.json,48PWS
S2A_MSIL2A_20190131T031951_N0211_R118_T48PUS_20190131T072612,,,,48.493704,38.360015,17.562602,37.7655795313,31.120068,0.0,dbscl-sentinel-2-2019\dbscl-sentinel-2_2019-01\S2_2019-01-31_03-35-18\20190131T031951_20190131T032917_T48PUS_metadata.json,48PUS
S2A_MSIL2A_20190131T031951_N0211_R118_T48PXR_20190131T072612,,,,38.82765,19.327502,12.767673,35.2824372097,35.63782,0.000132,dbscl-sentinel-2-2019\dbscl-sentinel-2_2019-01\S2_2019-01-31_03-35-23\20190131T031951_20190131T032917_T48PXR_metadata.json,48PXR
S2A_MSIL2A_20190131T031951_N0211_R118_T48PWR_20190131T072612,,,,22.050926,12.153216,26.69678,35.8652857023,16.288701,0.001221,dbscl-sentinel-2-2019\dbscl-sentinel-2_2019-01\S2_2019-01-31_03-35-26\20190131T031951_20190131T032917_T48PWR_metadata.json,48PWR
S2A_MSIL2A_20190131T031951_N0211_R118_T48PVR_20190131T072612,,,,44.825697,26.096708,8.631046,36.4588355982,35.026655,0.0,dbscl-sentinel-2-2019\dbscl-sentinel-2_2019-01\S2_2019-01-31_03-35-30\20190131T031951_20190131T032917_T48PVR_metadata.json,48PVR
S2A_MSIL2A_20190131T031951_N0211_R118_T48PUR_20190131T072612,,,,18.846343,10.248786,0.033199,37.0620503832,81.106848,0.0,dbscl-sentinel-2-2019\dbscl-sentinel-2_2019-01\S2_2019-01-31_03-35-32\20190131T031951_20190131T032917_T48PUR_metadata.json,48PUR
S2A_MSIL2A_20190131T031951_N0211_R118_T48PWQ_20190131T072612,,,,11.168218,2.952747,2.577208,35.1513465179,80.290568,0.008484,dbscl-sentinel-2-2019\dbscl-sentinel-2_2019-01\S2_2019-01-31_03-35-41\20190131T031951_20190131T032917_T48PWQ_metadata.json,48PWQ
S2A_MSIL2A_20190131T031951_N0211_R118_T48PVQ_20190131T072612,,,,15.513542,8.010936,3.141821,35.7537264534,74.120545,0.002037,dbscl-sentinel-2-2019\dbscl-sentinel-2_2019-01\S2_2019-01-31_03-35-44\20190131T031951_20190131T032917_T48PVQ_metadata.json,48PVQ
S2A_MSIL2A_20190203T032941_N0211_R018_T48PUS_20190203T082804,,,,11.425125,0.387808,14.767729,35.5752838399,66.95931,1.1e-05,dbscl-sentinel-2-2019\dbscl-sentinel-2_2019-02\S2_2019-02-03_03-45-13\20190203T032941_20190203T034451_T48PUS_metadata.json,48PUS
S2A_MSIL2A_20190203T032941_N0211_R018_T48PUR_20190203T082804,,,,13.026489,1.262868,0.122896,34.8545039083,86.821276,0.0,dbscl-sentinel-2-2019\dbscl-sentinel-2_2019-02\S2_2019-02-03_03-45-28\20190203T032941_20190203T034451_T48PUR_metadata.json,48PUR
S2B_MSIL2A_20190205T031929_N0211_R118_T48PVT_20190205T091216,,,,40.060686,0.51114,14.647485,36.9222014054,1.144027,0.0,dbscl-sentinel-2-2019\dbscl-sentinel-2_2019-02\S2_2019-02-05_03-35-04\20190205T031929_20190205T032842_T48PVT_metadata.json,48PVT
S2B_MSIL2A_20190205T031929_N0211_R118_T48PVS_20190205T091216,,,,24.801939,8.54457,17.297132,36.2206218776,34.440988,0.001029,dbscl-sentinel-2-2019\dbscl-sentinel-2_2019-02\S2_2019-02-05_03-35-18\20190205T031929_20190205T032842_T48PVS_metadata.json,48PVS
S2B_MSIL2A_20190205T031929_N0211_R118_T48PUS_20190205T091216,,,,34.049303,11.720336,11.224144,36.836197328,47.59284,2.4e-05,dbscl-sentinel-2-2019\dbscl-sentinel-2_2019-02\S2_2019-02-05_03-35-22\20190205T031929_20190205T032842_T48PUS_metadata.json,48PUS
S2B_MSIL2A_20190205T031929_N0211_R118_T48PVR_20190205T091216,,,,37.641882,21.045683,2.728156,35.5272702659,53.225088,0.0,dbscl-sentinel-2-2019\dbscl-sentinel-2_2019-02\S2_2019-02-05_03-35-33\20190205T031929_20190205T032842_T48PVR_metadata.json,48PVR
S2B_MSIL2A_20190205T031929_N0211_R118_T48PUR_20190205T091216,,,,19.248641,13.457172,0.048175,36.1517753472,80.693138,0.0,dbscl-sentinel-2-2019\dbscl-sentinel-2_2019-02\S2_2019-02-05_03-35-36\20190205T031929_20190205T032842_T48PUR_metadata.json,48PUR
S2B_MSIL2A_20190205T031929_N0211_R118_T48PWQ_20190205T091216,,,,45.018514,30.124158,1.166572,34.2174131974,47.910267,0.001606,dbscl-sentinel-2-2019\dbscl-sentinel-2_2019-02\S2_2019-02-05_03-35-44\20190205T031929_20190205T032842_T48PWQ_metadata.json,48PWQ
S2A_MSIL2A_20190207T030911_N0211_R075_T48PXS_20190207T071407,,,,18.4385,1.3e-05,29.460314,36.2952263475,22.897364,0.035648,dbscl-sentinel-2-2019\dbscl-sentinel-2_2019-02\S2_2019-02-07_03-25-13\20190207T030911_20190207T031859_T48PXS_metadata.json,48PXS
S2A_MSIL2A_20190207T030911_N0211_R075_T48PXR_20190207T071407,,,,8.619929,0.0,5.442552,35.6219596786,78.150159,0.000616,dbscl-sentinel-2-2019\dbscl-sentinel-2_2019-02\S2_2019-02-07_03-25-28\20190207T030911_20190207T031859_T48PXR_metadata.json,48PXR
S2B_MSIL2A_20190208T032909_N0211_R018_T48PUS_20190208T073154,,,,4.920259,0.0,14.272237,34.5211370182,74.342155,0.001929,dbscl-sentinel-2-2019\dbscl-sentinel-2_2019-02\S2_2019-02-08_03-45-17\20190208T032909_20190208T034132_T48PUS_metadata.json,48PUS
S2B_MSIL2A_20190208T032909_N0211_R018_T48PUR_20190208T073154,,,,16.017294,0.000249,0.079885,33.8194200155,83.869648,0.0,dbscl-sentinel-2-2019\dbscl-sentinel-2_2019-02\S2_2019-02-08_03-45-31\20190208T032909_20190208T034132_T48PUR_metadata.json,48PUR
S2A_MSIL2A_20190210T031851_N0211_R118_T48PXT_20190210T083901,,,,2.388121,0.000111,69.356936,34.6358113899,1.864037,0.0,dbscl-sentinel-2-2019\dbscl-sentinel-2_2019-02\S2_2019-02-10_03-34-54\20190210T031851_20190210T033344_T48PXT_metadata.json,48PXT
S2A_MSIL2A_20190210T031851_N0211_R118_T48PWT_20190210T083901,,,,25.168186,1.7e-05,27.713314,35.2451716093,1.123663,0.0,dbscl-sentinel-2-2019\dbscl-sentinel-2_2019-02\S2_2019-02-10_03-34-57\20190210T031851_20190210T033344_T48PWT_metadata.json,48PWT
S2A_MSIL2A_20190210T031851_N0211_R118_T48PVT_20190210T083901,,,,23.706369,0.000487,14.557694,35.8646976012,1.068481,0.0,dbscl-sentinel-2-2019\dbscl-sentinel-2_2019-02\S2_2019-02-10_03-35-00\20190210T031851_20190210T033344_T48PVT_metadata.json,48PVT
S2A_MSIL2A_20190210T031851_N0211_R118_T48PXS_20190210T083901,,,,7.906962,2.629428,68.12107,33.9363031372,3.537001,5.9e-05,dbscl-sentinel-2-2019\dbscl-sentinel-2_2019-02\S2_2019-02-10_03-35-08\20190210T031851_20190210T033344_T48PXS_metadata.json,48PXS
S2A_MSIL2A_20190210T031851_N0211_R118_T48PWS_20190210T083901,,,,17.633743,0.180865,56.089264,34.5547882464,3.622873,0.0,dbscl-sentinel-2-2019\dbscl-sentinel-2_2019-02\S2_2019-02-10_03-35-12\20190210T031851_20190210T033344_T48PWS_metadata.json,48PWS
S2A_MSIL2A_20190210T031851_N0211_R118_T48PVS_20190210T083901,,,,30.933643,0.000236,15.739536,35.1834176452,32.345495,0.000365,dbscl-sentinel-2-2019\dbscl-sentinel-2_2019-02\S2_2019-02-10_03-35-15\20190210T031851_20190210T033344_T48PVS_metadata.json,48PVS
S2A_MSIL2A_20190210T031851_N0211_R118_T48PXR_20190210T083901,,,,20.447904,7.615024,28.54054,33.2454404483,32.872239,0.00052,dbscl-sentinel-2-2019\dbscl-sentinel-2_2019-02\S2_2019-02-10_03-35-23\20190210T031851_20190210T033344_T48PXR_metadata.json,48PXR
S2A_MSIL2A_20190210T031851_N0211_R118_T48PWR_20190210T083901,,,,21.575355,0.369783,30.626518,33.8733287233,15.560761,0.007906,dbscl-sentinel-2-2019\dbscl-sentinel-2_2019-02\S2_2019-02-10_03-35-26\20190210T031851_20190210T033344_T48PWR_metadata.json,48PWR
S2A_MSIL2A_20190210T031851_N0211_R118_T48PVR_20190210T083901,,,,10.539975,3.6e-05,7.375556,34.5113279662,69.871008,0.0,dbscl-sentinel-2-2019\dbscl-sentinel-2_2019-02\S2_2019-02-10_03-35-29\20190210T031851_20190210T033344_T48PVR_metadata.json,48PVR
S2A_MSIL2A_20190210T031851_N0211_R118_T48PUR_20190210T083901,,,,24.146363,0.0,0.012519,35.1583310067,75.833738,0.0,dbscl-sentinel-2-2019\dbscl-sentinel-2_2019-02\S2_2019-02-10_03-35-32\20190210T031851_20190210T033344_T48PUR_metadata.json,48PUR
S2A_MSIL2A_20190210T031851_N0211_R118_T48PWQ_20190210T083901,,,,7.851865,0.090823,2.388791,33.2005975427,84.732395,0.003338,dbscl-sentinel-2-2019\dbscl-sentinel-2_2019-02\S2_2019-02-10_03-35-41\20190210T031851_20190210T033344_T48PWQ_metadata.json,48PWQ
S2A_MSIL2A_20190210T031851_N0211_R118_T48PVQ_20190210T083901,,,,7.780678,0.03278,2.660479,33.8482428777,83.742487,0.002153,dbscl-sentinel-2-2019\dbscl-sentinel-2_2019-02\S2_2019-02-10_03-35-44\20190210T031851_20190210T033344_T48PVQ_metadata.json,48PVQ
S2B_MSIL2A_20190212T030839_N0211_R075_T48PXS_20190212T075536,,,,16.009991,0.000268,40.045881,35.2170528764,19.278406,0.043635,dbscl-sentinel-2-2019\dbscl-sentinel-2_2019-02\S2_2019-02-12_03-25-16\20190212T030839_20190212T032044_T48PXS_metadata.json,48PXS
S2B_MSIL2A_20190212T030839_N0211_R075_T48PXR_20190212T075536,,,,21.856109,0.000721,3.153557,34.5661370031,71.100843,0.026238,dbscl-sentinel-2-2019\dbscl-sentinel-2_2019-02\S2_2019-02-12_03-25-31\20190212T030839_20190212T032044_T48PXR_metadata.json,48PXR
S2A_MSIL2A_20190213T032841_N0211_R018_T48PUS_20190213T091704,,,,10.92705,4.747322,13.467783,33.3869077372,71.066135,0.000355,dbscl-sentinel-2-2019\dbscl-sentinel-2_2019-02\S2_2019-02-13_03-45-13\20190213T032841_20190213T034330_T48PUS_metadata.json,48PUS
S2A_MSIL2A_20190213T032841_N0211_R018_T48PUR_20190213T091704,,,,6.9308,0.0,0.122564,32.7069932418,92.90154,0.0,dbscl-sentinel-2-2019\dbscl-sentinel-2_2019-02\S2_2019-02-13_03-45-27\20190213T032841_20190213T034330_T48PUR_metadata.json,48PUR
S2B_MSIL2A_20190215T031829_N0211_R118_T48PXT_20190215T071726,,,,0.900826,0.000795,70.634121,33.4206121877,1.701604,0.0,dbscl-sentinel-2-2019\dbscl-sentinel-2_2019-02\S2_2019-02-15_03-34-57\20190215T031829_20190215T033330_T48PXT_metadata.json,48PXT
S2B_MSIL2A_20190215T031829_N0211_R118_T48PWT_20190215T071726,,,,1.971732,0.000365,41.961658,34.0525905535,2.317872,0.0,dbscl-sentinel-2-2019\dbscl-sentinel-2_2019-02\S2_2019-02-15_03-35-00\20190215T031829_20190215T033330_T48PWT_metadata.json,48PWT
S2B_MSIL2A_20190215T031829_N0211_R118_T48PVT_20190215T071726,,,,3.867245,0.192023,25.694078,34.6944688016,1.622811,0.0,dbscl-sentinel-2-2019\dbscl-sentinel-2_2019-02\S2_2019-02-15_03-35-04\20190215T031829_20190215T033330_T48PVT_metadata.json,48PVT
S2B_MSIL2A_20190215T031829_N0211_R118_T48PXS_20190215T071726,,,,0.310639,0.000307,74.616587,32.7424021599,5.014245,0.0,dbscl-sentinel-2-2019\dbscl-sentinel-2_2019-02\S2_2019-02-15_03-35-11\20190215T031829_20190215T033330_T48PXS_metadata.json,48PXS
S2B_MSIL2A_20190215T031829_N0211_R118_T48PWS_20190215T071726,,,,0.351508,0.0,75.553083,33.3840016237,3.91654,0.0,dbscl-sentinel-2-2019\dbscl-sentinel-2_2019-02\S2_2019-02-15_03-35-15\20190215T031829_20190215T033330_T48PWS_metadata.json,48PWS
S2B_MSIL2A_20190215T031829_N0211_R118_T48PVS_20190215T071726,,,,2.659975,0.000139,27.938142,34.0354359303,42.615625,0.000926,dbscl-sentinel-2-2019\dbscl-sentinel-2_2019-02\S2_2019-02-15_03-35-18\20190215T031829_20190215T033330_T48PVS_metadata.json,48PVS
S2B_MSIL2A_20190215T031829_N0211_R118_T48PUS_20190215T071726,,,,6.479544,0.0,25.161234,34.6955832656,60.974365,8.6e-05,dbscl-sentinel-2-2019\dbscl-sentinel-2_2019-02\S2_2019-02-15_03-35-21\20190215T031829_20190215T033330_T48PUS_metadata.json,48PUS
S2B_MSIL2A_20190215T031829_N0211_R118_T48PXR_20190215T071726,,,,3.638259,0.0,34.982893,32.0740659507,43.636131,0.00073,dbscl-sentinel-2-2019\dbscl-sentinel-2_2019-02\S2_2019-02-15_03-35-26\20190215T031829_20190215T033330_T48PXR_metadata.json,48PXR
S2B_MSIL2A_20190215T031829_N0211_R118_T48PWR_20190215T071726,,,,9.407732,3.6e-05,40.088636,32.7255639429,15.457179,0.004034,dbscl-sentinel-2-2019\dbscl-sentinel-2_2019-02\S2_2019-02-15_03-35-29\20190215T031829_20190215T033330_T48PWR_metadata.json,48PWR
S2B_MSIL2A_20190215T031829_N0211_R118_T48PVR_20190215T071726,,,,6.985348,0.000182,8.778116,33.3868014354,71.253288,0.0,dbscl-sentinel-2-2019\dbscl-sentinel-2_2019-02\S2_2019-02-15_03-35-33\20190215T031829_20190215T033330_T48PVR_metadata.json,48PVR
S2B_MSIL2A_20190215T031829_N0211_R118_T48PUR_20190215T071726,,,,8.595436,0.0,0.037609,34.0566365531,91.306561,0.0,dbscl-sentinel-2-2019\dbscl-sentinel-2_2019-02\S2_2019-02-15_03-35-35\20190215T031829_20190215T033330_T48PUR_metadata.json,48PUR
S2B_MSIL2A_20190215T031829_N0211_R118_T48PWQ_20190215T071726,,,,5.617772,0.001553,2.444952,32.0770819956,86.178517,0.011267,dbscl-sentinel-2-2019\dbscl-sentinel-2_2019-02\S2_2019-02-15_03-35-44\20190215T031829_20190215T033330_T48PWQ_metadata.json,48PWQ
S2B_MSIL2A_20190215T031829_N0211_R118_T48PVQ_20190215T071726,,,,4.156244,0.0,4.295317,32.7483801177,83.993083,0.001447,dbscl-sentinel-2-2019\dbscl-sentinel-2_2019-02\S2_2019-02-15_03-35-47\20190215T031829_20190215T033330_T48PVQ_metadata.json,48PVQ
S2A_MSIL2A_20190217T030801_N0211_R075_T48PXS_20190217T083044,,,,21.840673,0.002569,25.749415,34.0748959758,25.414917,0.075153,dbscl-sentinel-2-2019\dbscl-sentinel-2_2019-02\S2_2019-02-17_03-25-12\20190217T030801_20190217T032232_T48PXS_metadata.json,48PXS
S2A_MSIL2A_20190217T030801_N0211_R075_T48PXR_20190217T083044,,,,6.011034,1.343367,5.244918,33.4493073715,81.35156,0.001525,dbscl-sentinel-2-2019\dbscl-sentinel-2_2019-02\S2_2019-02-17_03-25-27\20190217T030801_20190217T032232_T48PXR_metadata.json,48PXR
S2B_MSIL2A_20190218T032809_N0211_R018_T48PUS_20190218T073351,,,,20.202135,0.006352,10.407408,32.1511615603,62.58924,0.777438,dbscl-sentinel-2-2019\dbscl-sentinel-2_2019-02\S2_2019-02-18_03-45-16\20190218T032809_20190218T033647_T48PUS_metadata.json,48PUS
S2B_MSIL2A_20190218T032809_N0211_R018_T48PUR_20190218T073351,,,,15.258009,4.305176,0.137991,31.4953289176,84.563828,0.0,dbscl-sentinel-2-2019\dbscl-sentinel-2_2019-02\S2_2019-02-18_03-45-30\20190218T032809_20190218T033647_T48PUR_metadata.json,48PUR
S2A_MSIL2A_20190220T031751_N0211_R118_T48PXT_20190220T070941,,,,18.582186,0.000185,50.494629,32.1466343558,0.66322,0.0,dbscl-sentinel-2-2019\dbscl-sentinel-2_2019-02\S2_2019-02-20_03-34-53\20190220T031751_20190220T032400_T48PXT_metadata.json,48PXT
S2A_MSIL2A_20190220T031751_N0211_R118_T48PWT_20190220T070941,,,,28.105902,9e-05,23.138291,32.802408713,1.204525,0.0,dbscl-sentinel-2-2019\dbscl-sentinel-2_2019-02\S2_2019-02-20_03-34-57\20190220T031751_20190220T032400_T48PWT_metadata.json,48PWT
S2A_MSIL2A_20190220T031751_N0211_R118_T48PVT_20190220T070941,,,,20.456754,0.000532,12.619451,33.4677442592,0.885573,0.0,dbscl-sentinel-2-2019\dbscl-sentinel-2_2019-02\S2_2019-02-20_03-35-00\20190220T031751_20190220T032400_T48PVT_metadata.json,48PVT
S2A_MSIL2A_20190220T031751_N0211_R118_T48PXS_20190220T070941,,,,28.033666,0.000108,42.290035,31.4927650881,2.57921,0.18987,dbscl-sentinel-2-2019\dbscl-sentinel-2_2019-02\S2_2019-02-20_03-35-07\20190220T031751_20190220T032400_T48PXS_metadata.json,48PXS
S2A_MSIL2A_20190220T031751_N0211_R118_T48PWS_20190220T070941,,,,31.886221,0.0,37.218404,32.1586582629,2.413041,0.0,dbscl-sentinel-2-2019\dbscl-sentinel-2_2019-02\S2_2019-02-20_03-35-11\20190220T031751_20190220T032400_T48PWS_metadata.json,48PWS
S2A_MSIL2A_20190220T031751_N0211_R118_T48PVS_20190220T070941,,,,21.037642,0.000196,14.837334,32.833982161,38.705096,0.007694,dbscl-sentinel-2-2019\dbscl-sentinel-2_2019-02\S2_2019-02-20_03-35-14\20190220T031751_20190220T032400_T48PVS_metadata.json,48PVS
S2A_MSIL2A_20190220T031751_N0211_R118_T48PUS_20190220T070941,,,,18.316722,0.0,18.834041,33.5175816096,55.109131,0.009222,dbscl-sentinel-2-2019\dbscl-sentinel-2_2019-02\S2_2019-02-20_03-35-18\20190220T031751_20190220T032400_T48PUS_metadata.json,48PUS
S2A_MSIL2A_20190220T031751_N0211_R118_T48PXR_20190220T070941,,,,24.789983,0.0,20.88398,30.8501263888,37.177095,0.052305,dbscl-sentinel-2-2019\dbscl-sentinel-2_2019-02\S2_2019-02-20_03-35-22\20190220T031751_20190220T032400_T48PXR_metadata.json,48PXR
S2A_MSIL2A_20190220T031751_N0211_R118_T48PWR_20190220T070941,,,,27.61136,0.000119,24.531116,31.5263902057,15.189886,0.074894,dbscl-sentinel-2-2019\dbscl-sentinel-2_2019-02\S2_2019-02-20_03-35-26\20190220T031751_20190220T032400_T48PWR_metadata.json,48PWR
S2A_MSIL2A_20190220T031751_N0211_R118_T48PVR_20190220T070941,,,,13.24416,0.068201,5.099383,32.2119337874,70.345742,0.0,dbscl-sentinel-2-2019\dbscl-sentinel-2_2019-02\S2_2019-02-20_03-35-29\20190220T031751_20190220T032400_T48PVR_metadata.json,48PVR
S2A_MSIL2A_20190220T031751_N0211_R118_T48PUR_20190220T070941,,,,3.901754,0.0,0.04666,32.9055824556,96.030873,0.0,dbscl-sentinel-2-2019\dbscl-sentinel-2_2019-02\S2_2019-02-20_03-35-32\20190220T031751_20190220T032400_T48PUR_metadata.json,48PUR
S2A_MSIL2A_20190220T031751_N0211_R118_T48PWQ_20190220T070941,,,,9.717171,0.000166,1.744888,30.905621721,83.611017,0.003109,dbscl-sentinel-2-2019\dbscl-sentinel-2_2019-02\S2_2019-02-20_03-35-40\20190220T031751_20190220T032400_T48PWQ_metadata.json,48PWQ
S2A_MSIL2A_20190220T031751_N0211_R118_T48PVQ_20190220T070941,,,,7.084257,0.180155,2.935014,31.6015985872,83.701515,0.004336,dbscl-sentinel-2-2019\dbscl-sentinel-2_2019-02\S2_2019-02-20_03-35-44\20190220T031751_20190220T032400_T48PVQ_metadata.json,48PVQ
S2B_MSIL2A_20190225T031719_N0211_R118_T48PXT_20190225T072327,,,,0.261313,0.032617,68.835443,30.7959738829,1.495574,0.0,dbscl-sentinel-2-2019\dbscl-sentinel-2_2019-02\S2_2019-02-25_03-34-56\20190225T031719_20190225T032822_T48PXT_metadata.json,48PXT
S2B_MSIL2A_20190225T031719_N0211_R118_T48PWT_20190225T072327,,,,9.279244,0.000541,23.457095,31.4759441344,1.174651,0.0,dbscl-sentinel-2-2019\dbscl-sentinel-2_2019-02\S2_2019-02-25_03-34-59\20190225T031719_20190225T032822_T48PWT_metadata.json,48PWT
S2B_MSIL2A_20190225T031719_N0211_R118_T48PVT_20190225T072327,,,,34.376322,1.692307,5.042339,32.1650599023,0.482458,0.0,dbscl-sentinel-2-2019\dbscl-sentinel-2_2019-02\S2_2019-02-25_03-35-03\20190225T031719_20190225T032822_T48PVT_metadata.json,48PVT
S2B_MSIL2A_20190225T031719_N0211_R118_T48PXS_20190225T072327,,,,18.98222,0.000117,45.395786,30.1691338499,2.308073,8.6e-05,dbscl-sentinel-2-2019\dbscl-sentinel-2_2019-02\S2_2019-02-25_03-35-10\20190225T031719_20190225T032822_T48PXS_metadata.json,48PXS
S2B_MSIL2A_20190225T031719_N0211_R118_T48PWS_20190225T072327,,,,12.714356,0.000123,44.97222,30.8597148895,3.264512,0.0,dbscl-sentinel-2-2019\dbscl-sentinel-2_2019-02\S2_2019-02-25_03-35-14\20190225T031719_20190225T032822_T48PWS_metadata.json,48PWS
S2B_MSIL2A_20190225T031719_N0211_R118_T48PVS_20190225T072327,,,,15.466565,3.415815,15.194067,31.5592479985,38.236347,0.003723,dbscl-sentinel-2-2019\dbscl-sentinel-2_2019-02\S2_2019-02-25_03-35-17\20190225T031719_20190225T032822_T48PVS_metadata.json,48PVS
S2B_MSIL2A_20190225T031719_N0211_R118_T48PUS_20190225T072327,,,,36.161269,8.794501,9.13748,32.2665448167,46.454281,0.0,dbscl-sentinel-2-2019\dbscl-sentinel-2_2019-02\S2_2019-02-25_03-35-20\20190225T031719_20190225T032822_T48PUS_metadata.json,48PUS
S2B_MSIL2A_20190225T031719_N0211_R118_T48PXR_20190225T072327,,,,33.785972,0.028307,16.42908,29.5552243256,33.0993,0.001622,dbscl-sentinel-2-2019\dbscl-sentinel-2_2019-02\S2_2019-02-25_03-35-25\20190225T031719_20190225T032822_T48PXR_metadata.json,48PXR
S2B_MSIL2A_20190225T031719_N0211_R118_T48PWR_20190225T072327,,,,20.029529,0.118095,26.37718,30.2566177583,15.594101,0.00208,dbscl-sentinel-2-2019\dbscl-sentinel-2_2019-02\S2_2019-02-25_03-35-28\20190225T031719_20190225T032822_T48PWR_metadata.json,48PWR
S2B_MSIL2A_20190225T031719_N0211_R118_T48PVR_20190225T072327,,,,8.547095,1.482281,5.65817,30.9667364061,71.095371,0.0,dbscl-sentinel-2-2019\dbscl-sentinel-2_2019-02\S2_2019-02-25_03-35-32\20190225T031719_20190225T032822_T48PVR_metadata.json,48PVR
S2B_MSIL2A_20190225T031719_N0211_R118_T48PUR_20190225T072327,,,,12.04946,0.0,0.041141,31.6843820378,87.851471,0.0,dbscl-sentinel-2-2019\dbscl-sentinel-2_2019-02\S2_2019-02-25_03-35-34\20190225T031719_20190225T032822_T48PUR_metadata.json,48PUR
S2B_MSIL2A_20190225T031719_N0211_R118_T48PWQ_20190225T072327,,,,13.850213,3.86502,2.211041,29.6667093504,77.874613,0.000474,dbscl-sentinel-2-2019\dbscl-sentinel-2_2019-02\S2_2019-02-25_03-35-43\20190225T031719_20190225T032822_T48PWQ_metadata.json,48PWQ
S2B_MSIL2A_20190225T031719_N0211_R118_T48PVQ_20190225T072327,,,,21.848265,10.923792,2.851059,30.387602393,67.624551,0.0,dbscl-sentinel-2-2019\dbscl-sentinel-2_2019-02\S2_2019-02-25_03-35-46\20190225T031719_20190225T032822_T48PVQ_metadata.json,48PVQ
S2A_MSIL2A_20190227T030651_N0211_R075_T48PXS_20190227T083207,,,,4.820232,0.000203,37.371755,31.5967825814,27.174169,0.06636,dbscl-sentinel-2-2019\dbscl-sentinel-2_2019-02\S2_2019-02-27_03-25-11\20190227T030651_20190227T031435_T48PXS_metadata.json,48PXS
S2A_MSIL2A_20190227T030651_N0211_R075_T48PXR_20190227T083207,,,,13.488569,3.320332,4.531427,31.0308555851,74.683678,0.010732,dbscl-sentinel-2-2019\dbscl-sentinel-2_2019-02\S2_2019-02-27_03-25-26\20190227T030651_20190227T031435_T48PXR_metadata.json,48PXR
S2B_MSIL2A_20190228T032659_N0211_R018_T48PUS_20190228T085153,,,,14.615905,0.334232,9.798935,29.5330289611,68.310457,0.001215,dbscl-sentinel-2-2019\dbscl-sentinel-2_2019-02\S2_2019-02-28_03-45-15\20190228T032659_20190228T033458_T48PUS_metadata.json,48PUS
S2B_MSIL2A_20190228T032659_N0211_R018_T48PUR_20190228T085153,,,,0.425822,0.109829,0.172871,28.9357160625,99.387163,0.0,dbscl-sentinel-2-2019\dbscl-sentinel-2_2019-02\S2_2019-02-28_03-45-29\20190228T032659_20190228T033458_T48PUR_metadata.json,48PUR
S2A_MSIL2A_20190302T031641_N0211_R118_T48PXT_20190302T084119,,,,2.989089,0.070766,64.579779,29.4295561288,1.396799,0.0,dbscl-sentinel-2-2019\dbscl-sentinel-2_2019-03\S2_2019-03-02_03-34-52\20190302T031641_20190302T032947_T48PXT_metadata.json,48PXT
S2A_MSIL2A_20190302T031641_N0211_R118_T48PWT_20190302T084119,,,,2.632264,0.004459,29.86263,30.134844077,1.713329,0.0,dbscl-sentinel-2-2019\dbscl-sentinel-2_2019-03\S2_2019-03-02_03-34-55\20190302T031641_20190302T032947_T48PWT_metadata.json,48PWT
S2A_MSIL2A_20190302T031641_N0211_R118_T48PVT_20190302T084119,,,,11.61596,0.000308,16.455206,30.8487341185,1.25457,0.0,dbscl-sentinel-2-2019\dbscl-sentinel-2_2019-03\S2_2019-03-02_03-34-59\20190302T031641_20190302T032947_T48PVT_metadata.json,48PVT
S2A_MSIL2A_20190302T031641_N0211_R118_T48PXS_20190302T084119,,,,45.339378,0.481378,25.193658,28.8338550763,1.318984,0.004901,dbscl-sentinel-2-2019\dbscl-sentinel-2_2019-03\S2_2019-03-02_03-35-06\20190302T031641_20190302T032947_T48PXS_metadata.json,48PXS
S2A_MSIL2A_20190302T031641_N0211_R118_T48PWS_20190302T084119,,,,14.241192,0.172972,38.536784,29.5501548478,3.035465,0.0,dbscl-sentinel-2-2019\dbscl-sentinel-2_2019-03\S2_2019-03-02_03-35-10\20190302T031641_20190302T032947_T48PWS_metadata.json,48PWS
S2A_MSIL2A_20190302T031641_N0211_R118_T48PVS_20190302T084119,,,,22.040013,8.379577,17.432481,30.2747891013,32.484698,0.001354,dbscl-sentinel-2-2019\dbscl-sentinel-2_2019-03\S2_2019-03-02_03-35-13\20190302T031641_20190302T032947_T48PVS_metadata.json,48PVS
S2A_MSIL2A_20190302T031641_N0211_R118_T48PUS_20190302T084119,,,,26.61967,0.407149,13.543451,31.0065505788,50.766057,0.0,dbscl-sentinel-2-2019\dbscl-sentinel-2_2019-03\S2_2019-03-02_03-35-17\20190302T031641_20190302T032947_T48PUS_metadata.json,48PUS
S2A_MSIL2A_20190302T031641_N0211_R118_T48PXR_20190302T084119,,,,30.491276,0.433377,19.636001,28.2529565926,30.543751,0.000379,dbscl-sentinel-2-2019\dbscl-sentinel-2_2019-03\S2_2019-03-02_03-35-21\20190302T031641_20190302T032947_T48PXR_metadata.json,48PXR
S2A_MSIL2A_20190302T031641_N0211_R118_T48PWR_20190302T084119,,,,16.615648,0.221124,27.514336,28.9804434461,13.320747,0.002644,dbscl-sentinel-2-2019\dbscl-sentinel-2_2019-03\S2_2019-03-02_03-35-24\20190302T031641_20190302T032947_T48PWR_metadata.json,48PWR
S2A_MSIL2A_20190302T031641_N0211_R118_T48PVR_20190302T084119,,,,12.105862,8.906354,7.209793,29.7159608018,65.036505,0.0,dbscl-sentinel-2-2019\dbscl-sentinel-2_2019-03\S2_2019-03-02_03-35-28\20190302T031641_20190302T032947_T48PVR_metadata.json,48PVR
S2A_MSIL2A_20190302T031641_N0211_R118_T48PUR_20190302T084119,,,,15.330286,0.315757,0.030163,30.4582933497,84.6196,0.0,dbscl-sentinel-2-2019\dbscl-sentinel-2_2019-03\S2_2019-03-02_03-35-30\20190302T031641_20190302T032947_T48PUR_metadata.json,48PUR
S2A_MSIL2A_20190302T031641_N0211_R118_T48PWQ_20190302T084119,,,,19.371571,2.094967,2.66526,28.4259525737,71.020627,0.008902,dbscl-sentinel-2-2019\dbscl-sentinel-2_2019-03\S2_2019-03-02_03-35-39\20190302T031641_20190302T032947_T48PWQ_metadata.json,48PWQ
S2A_MSIL2A_20190302T031641_N0211_R118_T48PVQ_20190302T084119,,,,14.283719,3.373695,2.418565,29.1724376595,76.140201,5.3e-05,dbscl-sentinel-2-2019\dbscl-sentinel-2_2019-03\S2_2019-03-02_03-35-42\20190302T031641_20190302T032947_T48PVQ_metadata.json,48PVQ
S2B_MSIL2A_20190304T030619_N0211_R075_T48PXR_20190304T081516,,,,20.644604,14.37431,5.174734,29.772851837,66.21452,0.000121,dbscl-sentinel-2-2019\dbscl-sentinel-2_2019-03\S2_2019-03-04_03-25-29\20190304T030619_20190304T032047_T48PXR_metadata.json,48PXR
S2A_MSIL2A_20190305T032621_N0211_R018_T48PUS_20190305T092455,,,,18.475187,10.410957,13.438678,28.196204908,61.515433,6.3e-05,dbscl-sentinel-2-2019\dbscl-sentinel-2_2019-03\S2_2019-03-05_03-45-11\20190305T032621_20190305T033957_T48PUS_metadata.json,48PUS
S2A_MSIL2A_20190305T032621_N0211_R018_T48PUR_20190305T092455,,,,16.616897,14.091444,0.172511,27.6344693006,83.195716,0.0,dbscl-sentinel-2-2019\dbscl-sentinel-2_2019-03\S2_2019-03-05_03-45-25\20190305T032621_20190305T033957_T48PUR_metadata.json,48PUR
S2A_MSIL2A_20190309T030541_N0211_R075_T48PXS_20190309T082705,,,,21.773971,3.772382,24.809135,29.0312378152,23.264903,0.067852,dbscl-sentinel-2-2019\dbscl-sentinel-2_2019-03\S2_2019-03-09_03-25-11\20190309T030541_20190309T032019_T48PXS_metadata.json,48PXS
S2A_MSIL2A_20190309T030541_N0211_R075_T48PXR_20190309T082705,,,,3.773043,0.724719,6.291458,28.5406178576,81.662273,0.000326,dbscl-sentinel-2-2019\dbscl-sentinel-2_2019-03\S2_2019-03-09_03-25-26\20190309T030541_20190309T032019_T48PXR_metadata.json,48PXR
S2B_MSIL2A_20190310T032549_N0211_R018_T48PUS_20190310T092710,,,,4.85362,2.1e-05,16.150829,26.8423999959,72.255981,0.000602,dbscl-sentinel-2-2019\dbscl-sentinel-2_2019-03\S2_2019-03-10_03-45-14\20190310T032549_20190310T033811_T48PUS_metadata.json,48PUS
S2B_MSIL2A_20190310T032549_N0211_R018_T48PUR_20190310T092710,,,,4.632459,0.0,0.147618,26.3208367475,95.193809,0.0,dbscl-sentinel-2-2019\dbscl-sentinel-2_2019-03\S2_2019-03-10_03-45-28\20190310T032549_20190310T033811_T48PUR_metadata.json,48PUR
S2A_MSIL2A_20190312T031541_N0211_R118_T48PWT_20190312T083550,,,,29.798967,0.046569,11.425521,27.4112530074,2.090262,0.0,dbscl-sentinel-2-2019\dbscl-sentinel-2_2019-03\S2_2019-03-12_03-34-56\20190312T031541_20190312T033026_T48PWT_metadata.json,48PWT
S2A_MSIL2A_20190312T031541_N0211_R118_T48PVT_20190312T083550,,,,1.204892,0.040354,17.151293,28.1753448806,1.42388,0.0,dbscl-sentinel-2-2019\dbscl-sentinel-2_2019-03\S2_2019-03-12_03-34-59\20190312T031541_20190312T033026_T48PVT_metadata.json,48PVT
S2A_MSIL2A_20190312T031541_N0211_R118_T48PXS_20190312T083550,,,,48.322962,0.957182,5.770741,26.133788094,1.749375,0.058048,dbscl-sentinel-2-2019\dbscl-sentinel-2_2019-03\S2_2019-03-12_03-35-07\20190312T031541_20190312T033026_T48PXS_metadata.json,48PXS
S2A_MSIL2A_20190312T031541_N0211_R118_T48PWS_20190312T083550,,,,29.466764,1.100716,16.399646,26.9022547349,3.523555,0.0,dbscl-sentinel-2-2019\dbscl-sentinel-2_2019-03\S2_2019-03-12_03-35-10\20190312T031541_20190312T033026_T48PWS_metadata.json,48PWS
S2A_MSIL2A_20190312T031541_N0211_R118_T48PVS_20190312T083550,,,,8.674895,2.37466,13.124231,27.6774078777,41.652861,0.00293,dbscl-sentinel-2-2019\dbscl-sentinel-2_2019-03\S2_2019-03-12_03-35-14\20190312T031541_20190312T033026_T48PVS_metadata.json,48PVS
S2A_MSIL2A_20190312T031541_N0211_R118_T48PUS_20190312T083550,,,,4.529134,1.168178,26.810408,28.4580368863,60.82353,0.001525,dbscl-sentinel-2-2019\dbscl-sentinel-2_2019-03\S2_2019-03-12_03-35-17\20190312T031541_20190312T033026_T48PUS_metadata.json,48PUS
S2A_MSIL2A_20190312T031541_N0211_R118_T48PXR_20190312T083550,,,,48.115269,7.786327,4.915235,25.6329442697,27.038488,0.016785,dbscl-sentinel-2-2019\dbscl-sentinel-2_2019-03\S2_2019-03-12_03-35-22\20190312T031541_20190312T033026_T48PXR_metadata.json,48PXR
S2A_MSIL2A_20190312T031541_N0211_R118_T48PWR_20190312T083550,,,,32.246086,4.259978,12.509802,26.4128450821,16.372432,0.004044,dbscl-sentinel-2-2019\dbscl-sentinel-2_2019-03\S2_2019-03-12_03-35-25\20190312T031541_20190312T033026_T48PWR_metadata.json,48PWR
S2A_MSIL2A_20190312T031541_N0211_R118_T48PVR_20190312T083550,,,,12.532825,4.457095,3.939801,27.1989651856,68.990576,0.0,dbscl-sentinel-2-2019\dbscl-sentinel-2_2019-03\S2_2019-03-12_03-35-28\20190312T031541_20190312T033026_T48PVR_metadata.json,48PVR
S2A_MSIL2A_20190312T031541_N0211_R118_T48PUR_20190312T083550,,,,18.950428,12.785734,0.048719,27.9901111494,80.910712,0.0,dbscl-sentinel-2-2019\dbscl-sentinel-2_2019-03\S2_2019-03-12_03-35-31\20190312T031541_20190312T033026_T48PUR_metadata.json,48PUR
S2A_MSIL2A_20190312T031541_N0211_R118_T48PWQ_20190312T083550,,,,7.626601,2.731869,2.775064,25.9435123564,83.012319,0.000474,dbscl-sentinel-2-2019\dbscl-sentinel-2_2019-03\S2_2019-03-12_03-35-40\20190312T031541_20190312T033026_T48PWQ_metadata.json,48PWQ
S2A_MSIL2A_20190312T031541_N0211_R118_T48PVQ_20190312T083550,,,,15.044456,10.318045,3.496229,26.7404853906,73.545742,4e-05,dbscl-sentinel-2-2019\dbscl-sentinel-2_2019-03\S2_2019-03-12_03-35-43\20190312T031541_20190312T033026_T48PVQ_metadata.json,48PVQ
S2A_MSIL2A_20190315T032531_N0211_R018_T48PUS_20190315T090238,,,,42.84747,29.041138,9.850862,25.5322111802,40.038171,0.004963,dbscl-sentinel-2-2019\dbscl-sentinel-2_2019-03\S2_2019-03-15_03-45-13\20190315T032531_20190315T033351_T48PUS_metadata.json,48PUS
S2A_MSIL2A_20190315T032531_N0211_R018_T48PUR_20190315T090238,,,,43.396435,33.568329,0.090425,25.0566523283,56.475616,0.0,dbscl-sentinel-2-2019\dbscl-sentinel-2_2019-03\S2_2019-03-15_03-45-27\20190315T032531_20190315T033351_T48PUR_metadata.json,48PUR
S2B_MSIL2A_20190317T031539_N0211_R118_T48PXT_20190317T083236,,,,14.036645,0.704909,20.907691,25.2982435517,0.720816,0.0,dbscl-sentinel-2-2019\dbscl-sentinel-2_2019-03\S2_2019-03-17_03-34-55\20190317T031539_20190317T033028_T48PXT_metadata.json,48PXT
S2B_MSIL2A_20190317T031539_N0211_R118_T48PWT_20190317T083236,,,,22.937,0.188934,0.904028,26.081059198,1.156303,0.0,dbscl-sentinel-2-2019\dbscl-sentinel-2_2019-03\S2_2019-03-17_03-34-59\20190317T031539_20190317T033028_T48PWT_metadata.json,48PWT
S2B_MSIL2A_20190317T031539_N0211_R118_T48PVT_20190317T083236,,,,25.738078,0.065825,0.767845,26.8700182549,0.986158,0.0,dbscl-sentinel-2-2019\dbscl-sentinel-2_2019-03\S2_2019-03-17_03-35-02\20190317T031539_20190317T033028_T48PVT_metadata.json,48PVT
S2B_MSIL2A_20190317T031539_N0211_R118_T48PXS_20190317T083236,,,,5.424902,0.0,31.036144,24.823360509,3.160185,0.0,dbscl-sentinel-2-2019\dbscl-sentinel-2_2019-03\S2_2019-03-17_03-35-10\20190317T031539_20190317T033028_T48PXS_metadata.json,48PXS
S2B_MSIL2A_20190317T031539_N0211_R118_T48PWS_20190317T083236,,,,40.015415,0.003965,10.146658,25.6175493825,2.020498,0.0,dbscl-sentinel-2-2019\dbscl-sentinel-2_2019-03\S2_2019-03-17_03-35-13\20190317T031539_20190317T033028_T48PWS_metadata.json,48PWS
S2B_MSIL2A_20190317T031539_N0211_R118_T48PVS_20190317T083236,,,,38.765152,0.004151,0.166101,26.4173745267,31.988466,0.123473,dbscl-sentinel-2-2019\dbscl-sentinel-2_2019-03\S2_2019-03-17_03-35-16\20190317T031539_20190317T033028_T48PVS_metadata.json,48PVS
S2B_MSIL2A_20190317T031539_N0211_R118_T48PUS_20190317T083236,,,,39.100708,0.011775,1.20887,27.2216582713,47.73325,0.703522,dbscl-sentinel-2-2019\dbscl-sentinel-2_2019-03\S2_2019-03-17_03-35-20\20190317T031539_20190317T033028_T48PUS_metadata.json,48PUS
S2B_MSIL2A_20190317T031539_N0211_R118_T48PXR_20190317T083236,,,,23.950028,3.7e-05,23.709425,24.3709562573,29.259118,0.0,dbscl-sentinel-2-2019\dbscl-sentinel-2_2019-03\S2_2019-03-17_03-35-24\20190317T031539_20190317T033028_T48PXR_metadata.json,48PXR
S2B_MSIL2A_20190317T031539_N0211_R118_T48PWR_20190317T083236,,,,46.132318,0.000246,9.92498,25.1763226808,14.138752,0.10339,dbscl-sentinel-2-2019\dbscl-sentinel-2_2019-03\S2_2019-03-17_03-35-28\20190317T031539_20190317T033028_T48PWR_metadata.json,48PWR
S2B_MSIL2A_20190317T031539_N0211_R118_T48PVR_20190317T083236,,,,31.976739,0.023709,0.783806,25.9867915653,58.401799,0.0,dbscl-sentinel-2-2019\dbscl-sentinel-2_2019-03\S2_2019-03-17_03-35-31\20190317T031539_20190317T033028_T48PVR_metadata.json,48PVR
S2B_MSIL2A_20190317T031539_N0211_R118_T48PUR_20190317T083236,,,,24.559111,4.025497,0.045096,26.8012101913,75.337166,0.0,dbscl-sentinel-2-2019\dbscl-sentinel-2_2019-03\S2_2019-03-17_03-35-34\20190317T031539_20190317T033028_T48PUR_metadata.json,48PUR
S2B_MSIL2A_20190317T031539_N0211_R118_T48PWQ_20190317T083236,,,,18.427554,1.668246,1.135132,24.7580772939,74.479616,0.032117,dbscl-sentinel-2-2019\dbscl-sentinel-2_2019-03\S2_2019-03-17_03-35-42\20190317T031539_20190317T033028_T48PWQ_metadata.json,48PWQ
S2B_MSIL2A_20190317T031539_N0211_R118_T48PVQ_20190317T083236,,,,25.589123,0.00082,1.021271,25.5788801242,66.233116,0.005929,dbscl-sentinel-2-2019\dbscl-sentinel-2_2019-03\S2_2019-03-17_03-35-46\20190317T031539_20190317T033028_T48PVQ_metadata.json,48PVQ
S2A_MSIL2A_20190319T030541_N0211_R075_T48PXS_20190319T084648,,,,13.756367,0.172743,28.068215,26.553789973,25.788996,0.047641,dbscl-sentinel-2-2019\dbscl-sentinel-2_2019-03\S2_2019-03-19_03-25-13\20190319T030541_20190319T032255_T48PXS_metadata.json,48PXS
S2A_MSIL2A_20190319T030541_N0211_R075_T48PXR_20190319T084648,,,,13.049148,10.303448,5.599185,26.1578450236,72.614706,4.4e-05,dbscl-sentinel-2-2019\dbscl-sentinel-2_2019-03\S2_2019-03-19_03-25-28\20190319T030541_20190319T032255_T48PXR_metadata.json,48PXR
S2B_MSIL2A_20190320T032539_N0211_R018_T48PUS_20190320T091316,,,,15.686063,7.020244,11.986978,24.2658155517,64.660537,0.021841,dbscl-sentinel-2-2019\dbscl-sentinel-2_2019-03\S2_2019-03-20_03-45-16\20190320T032539_20190320T034313_T48PUS_metadata.json,48PUS
S2B_MSIL2A_20190320T032539_N0211_R018_T48PUR_20190320T091316,,,,19.044033,16.214763,0.140916,23.8423140698,80.778754,0.0,dbscl-sentinel-2-2019\dbscl-sentinel-2_2019-03\S2_2019-03-20_03-45-30\20190320T032539_20190320T034313_T48PUR_metadata.json,48PUR
S2A_MSIL2A_20190322T031541_N0211_R118_T48PXT_20190322T085533,,,,48.190572,1.186139,4.699806,24.0156322862,0.349072,0.0,dbscl-sentinel-2-2019\dbscl-sentinel-2_2019-03\S2_2019-03-22_03-34-55\20190322T031541_20190322T032431_T48PXT_metadata.json,48PXT
S2A_MSIL2A_20190322T031541_N0211_R118_T48PWT_20190322T085533,,,,23.890479,0.50109,13.935561,24.8237532475,2.364053,0.0,dbscl-sentinel-2-2019\dbscl-sentinel-2_2019-03\S2_2019-03-22_03-34-59\20190322T031541_20190322T032431_T48PWT_metadata.json,48PWT
S2A_MSIL2A_20190322T031541_N0211_R118_T48PVT_20190322T085533,,,,4.762231,2.866724,18.427177,25.6368972524,1.296591,0.0,dbscl-sentinel-2-2019\dbscl-sentinel-2_2019-03\S2_2019-03-22_03-35-02\20190322T031541_20190322T032431_T48PVT_metadata.json,48PVT
S2A_MSIL2A_20190322T031541_N0211_R118_T48PXS_20190322T085533,,,,47.618544,0.149256,8.420578,23.5928508718,1.947652,0.287432,dbscl-sentinel-2-2019\dbscl-sentinel-2_2019-03\S2_2019-03-22_03-35-09\20190322T031541_20190322T032431_T48PXS_metadata.json,48PXS
S2A_MSIL2A_20190322T031541_N0211_R118_T48PWS_20190322T085533,,,,30.158055,0.446007,10.775158,24.4118807203,3.616979,0.0,dbscl-sentinel-2-2019\dbscl-sentinel-2_2019-03\S2_2019-03-22_03-35-13\20190322T031541_20190322T032431_T48PWS_metadata.json,48PWS
S2A_MSIL2A_20190322T031541_N0211_R118_T48PVS_20190322T085533,,,,11.012698,4.282056,12.454305,25.2353602684,39.765909,0.021413,dbscl-sentinel-2-2019\dbscl-sentinel-2_2019-03\S2_2019-03-22_03-35-16\20190322T031541_20190322T032431_T48PVS_metadata.json,48PVS
S2A_MSIL2A_20190322T031541_N0211_R118_T48PUS_20190322T085533,,,,12.578202,9.750217,25.64413,26.0621692796,53.899705,0.0,dbscl-sentinel-2-2019\dbscl-sentinel-2_2019-03\S2_2019-03-22_03-35-20\20190322T031541_20190322T032431_T48PUS_metadata.json,48PUS
S2A_MSIL2A_20190322T031541_N0211_R118_T48PXR_20190322T085533,,,,47.195651,3.725007,10.465853,23.1957108798,22.773744,0.144047,dbscl-sentinel-2-2019\dbscl-sentinel-2_2019-03\S2_2019-03-22_03-35-24\20190322T031541_20190322T032431_T48PXR_metadata.json,48PXR
S2A_MSIL2A_20190322T031541_N0211_R118_T48PWR_20190322T085533,,,,38.993975,2.691351,7.026742,24.0252163083,14.191048,0.632702,dbscl-sentinel-2-2019\dbscl-sentinel-2_2019-03\S2_2019-03-22_03-35-28\20190322T031541_20190322T032431_T48PWR_metadata.json,48PWR
S2A_MSIL2A_20190322T031541_N0211_R118_T48PVR_20190322T085533,,,,20.573439,12.7894,2.192319,24.8586028195,64.596903,0.0,dbscl-sentinel-2-2019\dbscl-sentinel-2_2019-03\S2_2019-03-22_03-35-31\20190322T031541_20190322T032431_T48PVR_metadata.json,48PVR
S2A_MSIL2A_20190322T031541_N0211_R118_T48PUR_20190322T085533,,,,17.367975,17.353524,0.051653,25.6947867327,82.578295,0.0,dbscl-sentinel-2-2019\dbscl-sentinel-2_2019-03\S2_2019-03-22_03-35-34\20190322T031541_20190322T032431_T48PUR_metadata.json,48PUR
S2A_MSIL2A_20190322T031541_N0211_R118_T48PWQ_20190322T085533,,,,18.41334,10.199814,0.979675,23.664646388,76.134932,0.097773,dbscl-sentinel-2-2019\dbscl-sentinel-2_2019-03\S2_2019-03-22_03-35-42\20190322T031541_20190322T032431_T48PWQ_metadata.json,48PWQ
S2A_MSIL2A_20190322T031541_N0211_R118_T48PVQ_20190322T085533,,,,18.500429,15.254435,2.568472,24.5074281402,71.726024,0.003003,dbscl-sentinel-2-2019\dbscl-sentinel-2_2019-03\S2_2019-03-22_03-35-46\20190322T031541_20190322T032431_T48PVQ_metadata.json,48PVQ
S2B_MSIL2A_20190324T030539_N0211_R075_T48PXS_20190324T071519,,,,37.820205,4.860178,16.544776,25.4116081897,18.266441,0.122147,dbscl-sentinel-2-2019\dbscl-sentinel-2_2019-03\S2_2019-03-24_03-25-16\20190324T030539_20190324T031715_T48PXS_metadata.json,48PXS
S2B_MSIL2A_20190327T031729_N0211_R118_T48PXT_20190327T091421,,,,16.073866,12.465369,53.762347,22.81470203,0.846641,0.0,dbscl-sentinel-2-2019\dbscl-sentinel-2_2019-03\S2_2019-03-27_03-34-58\20190327T031729_20190327T032719_T48PXT_metadata.json,48PXT
S2B_MSIL2A_20190327T031729_N0211_R118_T48PWT_20190327T091421,,,,24.77597,12.898058,15.879153,23.6465112151,0.671952,0.0,dbscl-sentinel-2-2019\dbscl-sentinel-2_2019-03\S2_2019-03-27_03-35-02\20190327T031729_20190327T032719_T48PWT_metadata.json,48PWT
S2B_MSIL2A_20190327T031729_N0211_R118_T48PWS_20190327T091421,,,,42.079426,14.804615,27.759761,23.2924923563,1.989283,0.0,dbscl-sentinel-2-2019\dbscl-sentinel-2_2019-03\S2_2019-03-27_03-35-16\20190327T031729_20190327T032719_T48PWS_metadata.json,48PWS
S2B_MSIL2A_20190327T031729_N0211_R118_T48PWR_20190327T091421,,,,44.935551,12.938662,13.587366,22.9668518145,8.875274,0.002969,dbscl-sentinel-2-2019\dbscl-sentinel-2_2019-03\S2_2019-03-27_03-35-31\20190327T031729_20190327T032719_T48PWR_metadata.json,48PWR
S2B_MSIL2A_20190327T031729_N0211_R118_T48PVR_20190327T091421,,,,25.31786,17.064562,5.994605,23.8205184594,52.586234,0.0,dbscl-sentinel-2-2019\dbscl-sentinel-2_2019-03\S2_2019-03-27_03-35-34\20190327T031729_20190327T032719_T48PVR_metadata.json,48PVR
S2B_MSIL2A_20190327T031729_N0211_R118_T48PWQ_20190327T091421,,,,21.015982,2.738385,1.439129,22.6704219634,72.153401,0.01417,dbscl-sentinel-2-2019\dbscl-sentinel-2_2019-03\S2_2019-03-27_03-35-45\20190327T031729_20190327T032719_T48PWQ_metadata.json,48PWQ
S2A_MSIL2A_20190329T030541_N0211_R075_T48PXS_20190329T082826,,,,29.685504,2.242703,17.540509,24.3885248482,24.227986,0.060893,dbscl-sentinel-2-2019\dbscl-sentinel-2_2019-03\S2_2019-03-29_03-25-16\20190329T030541_20190329T031935_T48PXS_metadata.json,48PXS
S2A_MSIL2A_20190329T030541_N0211_R075_T48PXR_20190329T082826,,,,22.962068,16.251872,4.521265,24.1095938653,64.59651,0.000666,dbscl-sentinel-2-2019\dbscl-sentinel-2_2019-03\S2_2019-03-29_03-25-31\20190329T030541_20190329T031935_T48PXR_metadata.json,48PXR
S2B_MSIL2A_20190330T032539_N0211_R018_T48PUS_20190330T085822,,,,7.499826,0.015662,14.640312,22.0360025173,70.580554,0.008382,dbscl-sentinel-2-2019\dbscl-sentinel-2_2019-03\S2_2019-03-30_03-45-18\20190330T032539_20190330T033305_T48PUS_metadata.json,48PUS
S2B_MSIL2A_20190330T032539_N0211_R018_T48PUR_20190330T085822,,,,13.657573,7.280505,0.125196,21.7376036733,86.19507,0.0,dbscl-sentinel-2-2019\dbscl-sentinel-2_2019-03\S2_2019-03-30_03-45-33\20190330T032539_20190330T033305_T48PUR_metadata.json,48PUR
S2A_MSIL2A_20190401T031541_N0211_R118_T48PXT_20190401T071907,,,,45.003291,1.105607,16.949823,21.7506164597,0.236982,0.0,dbscl-sentinel-2-2019\dbscl-sentinel-2_2019-04\S2_2019-04-01_03-34-57\20190401T031541_20190401T032152_T48PXT_metadata.json,48PXT
S2A_MSIL2A_20190401T031541_N0211_R118_T48PWT_20190401T071907,,,,49.897124,1.547463,5.690137,22.6036343482,0.757901,0.0,dbscl-sentinel-2-2019\dbscl-sentinel-2_2019-04\S2_2019-04-01_03-35-01\20190401T031541_20190401T032152_T48PWT_metadata.json,48PWT
S2A_MSIL2A_20190401T031541_N0211_R118_T48PVT_20190401T071907,,,,34.416156,13.823286,6.492206,23.4591931021,0.634136,0.0,dbscl-sentinel-2-2019\dbscl-sentinel-2_2019-04\S2_2019-04-01_03-35-04\20190401T031541_20190401T032152_T48PVT_metadata.json,48PVT
S2A_MSIL2A_20190401T031541_N0211_R118_T48PXS_20190401T071907,,,,32.348807,0.127686,30.505723,21.4528570164,1.050735,1.010891,dbscl-sentinel-2-2019\dbscl-sentinel-2_2019-04\S2_2019-04-01_03-35-12\20190401T031541_20190401T032152_T48PXS_metadata.json,48PXS
S2A_MSIL2A_20190401T031541_N0211_R118_T48PWS_20190401T071907,,,,25.2093,0.642559,30.141801,22.3142671084,2.362587,0.0,dbscl-sentinel-2-2019\dbscl-sentinel-2_2019-04\S2_2019-04-01_03-35-15\20190401T031541_20190401T032152_T48PWS_metadata.json,48PWS
S2A_MSIL2A_20190401T031541_N0211_R118_T48PVS_20190401T071907,,,,17.868258,8.158822,10.183002,23.1776630226,35.295057,0.000378,dbscl-sentinel-2-2019\dbscl-sentinel-2_2019-04\S2_2019-04-01_03-35-18\20190401T031541_20190401T032152_T48PVS_metadata.json,48PVS
S2A_MSIL2A_20190401T031541_N0211_R118_T48PUS_20190401T071907,,,,43.806489,28.459638,12.395175,24.042104453,36.348638,0.000159,dbscl-sentinel-2-2019\dbscl-sentinel-2_2019-04\S2_2019-04-01_03-35-22\20190401T031541_20190401T032152_T48PUS_metadata.json,48PUS
S2A_MSIL2A_20190401T031541_N0211_R118_T48PXR_20190401T071907,,,,40.727713,0.531831,12.548667,21.1874548959,24.793382,3.033934,dbscl-sentinel-2-2019\dbscl-sentinel-2_2019-04\S2_2019-04-01_03-35-26\20190401T031541_20190401T032152_T48PXR_metadata.json,48PXR
S2A_MSIL2A_20190401T031541_N0211_R118_T48PWR_20190401T071907,,,,26.461755,1.84605,15.951592,22.0563145382,12.682679,0.240719,dbscl-sentinel-2-2019\dbscl-sentinel-2_2019-04\S2_2019-04-01_03-35-30\20190401T031541_20190401T032152_T48PWR_metadata.json,48PWR
S2A_MSIL2A_20190401T031541_N0211_R118_T48PVR_20190401T071907,,,,18.499305,13.245925,5.010295,22.9266545995,62.452769,0.0,dbscl-sentinel-2-2019\dbscl-sentinel-2_2019-04\S2_2019-04-01_03-35-33\20190401T031541_20190401T032152_T48PVR_metadata.json,48PVR
S2A_MSIL2A_20190401T031541_N0211_R118_T48PUR_20190401T071907,,,,32.673164,29.409501,0.047119,23.7975775851,67.257106,0.0,dbscl-sentinel-2-2019\dbscl-sentinel-2_2019-04\S2_2019-04-01_03-35-36\20190401T031541_20190401T032152_T48PUR_metadata.json,48PUR
S2A_MSIL2A_20190401T031541_N0211_R118_T48PWQ_20190401T071907,,,,15.997405,1.026738,2.31911,21.8306844802,75.133675,0.474119,dbscl-sentinel-2-2019\dbscl-sentinel-2_2019-04\S2_2019-04-01_03-35-44\20190401T031541_20190401T032152_T48PWQ_metadata.json,48PWQ
S2A_MSIL2A_20190401T031541_N0211_R118_T48PVQ_20190401T071907,,,,19.911735,12.797044,3.006795,22.7069274548,69.954664,0.006287,dbscl-sentinel-2-2019\dbscl-sentinel-2_2019-04\S2_2019-04-01_03-35-48\20190401T031541_20190401T032152_T48PVQ_metadata.json,48PVQ
S2B_MSIL2A_20190406T031549_N0211_R118_T48PXT_20190406T072445,,,,44.336256,0.13435,23.963474,20.8199733959,0.402683,0.0,dbscl-sentinel-2-2019\dbscl-sentinel-2_2019-04\S2_2019-04-06_03-35-00\20190406T031549_20190406T032806_T48PXT_metadata.json,48PXT
S2B_MSIL2A_20190406T031549_N0211_R118_T48PWT_20190406T072445,,,,43.058886,0.74168,15.462348,21.6901517019,1.585148,0.0,dbscl-sentinel-2-2019\dbscl-sentinel-2_2019-04\S2_2019-04-06_03-35-04\20190406T031549_20190406T032806_T48PWT_metadata.json,48PWT
S2B_MSIL2A_20190406T031549_N0211_R118_T48PVT_20190406T072445,,,,33.398153,1.364553,9.729994,22.5617350649,1.251565,0.0,dbscl-sentinel-2-2019\dbscl-sentinel-2_2019-04\S2_2019-04-06_03-35-07\20190406T031549_20190406T032806_T48PVT_metadata.json,48PVT
S2B_MSIL2A_20190406T031549_N0211_R118_T48PWS_20190406T072445,,,,33.000232,0.560234,21.722481,21.4713286002,2.426509,0.0,dbscl-sentinel-2-2019\dbscl-sentinel-2_2019-04\S2_2019-04-06_03-35-18\20190406T031549_20190406T032806_T48PWS_metadata.json,48PWS
S2B_MSIL2A_20190406T031549_N0211_R118_T48PVS_20190406T072445,,,,25.12564,4.255195,9.661318,22.3486925994,31.401214,0.037382,dbscl-sentinel-2-2019\dbscl-sentinel-2_2019-04\S2_2019-04-06_03-35-22\20190406T031549_20190406T032806_T48PVS_metadata.json,48PVS
S2B_MSIL2A_20190406T031549_N0211_R118_T48PUS_20190406T072445,,,,43.199532,4.862114,4.683985,23.226165407,45.211297,0.106813,dbscl-sentinel-2-2019\dbscl-sentinel-2_2019-04\S2_2019-04-06_03-35-25\20190406T031549_20190406T032806_T48PUS_metadata.json,48PUS
S2B_MSIL2A_20190406T031549_N0211_R118_T48PXR_20190406T072445,,,,35.014595,0.26825,16.59057,20.4054402882,22.939922,0.011051,dbscl-sentinel-2-2019\dbscl-sentinel-2_2019-04\S2_2019-04-06_03-35-30\20190406T031549_20190406T032806_T48PXR_metadata.json,48PXR
S2B_MSIL2A_20190406T031549_N0211_R118_T48PWR_20190406T072445,,,,18.953713,1.502789,19.220714,21.2868074141,12.38719,0.004821,dbscl-sentinel-2-2019\dbscl-sentinel-2_2019-04\S2_2019-04-06_03-35-33\20190406T031549_20190406T032806_T48PWR_metadata.json,48PWR
S2B_MSIL2A_20190406T031549_N0211_R118_T48PVR_20190406T072445,,,,23.457885,0.589222,2.932581,22.1687663935,61.870497,0.0,dbscl-sentinel-2-2019\dbscl-sentinel-2_2019-04\S2_2019-04-06_03-35-36\20190406T031549_20190406T032806_T48PVR_metadata.json,48PVR
S2B_MSIL2A_20190406T031549_N0211_R118_T48PUR_20190406T072445,,,,7.407026,0.002687,0.048434,23.050508752,92.270797,0.0,dbscl-sentinel-2-2019\dbscl-sentinel-2_2019-04\S2_2019-04-06_03-35-39\20190406T031549_20190406T032806_T48PUR_metadata.json,48PUR
S2B_MSIL2A_20190406T031549_N0211_R118_T48PWQ_20190406T072445,,,,17.202773,3.330258,1.684835,21.1372825548,76.025987,0.007827,dbscl-sentinel-2-2019\dbscl-sentinel-2_2019-04\S2_2019-04-06_03-35-48\20190406T031549_20190406T032806_T48PWQ_metadata.json,48PWQ
S2B_MSIL2A_20190406T031549_N0211_R118_T48PVQ_20190406T072445,,,,23.683508,0.296894,1.354949,22.0225893771,69.131333,0.026337,dbscl-sentinel-2-2019\dbscl-sentinel-2_2019-04\S2_2019-04-06_03-35-51\20190406T031549_20190406T032806_T48PVQ_metadata.json,48PVQ
S2A_MSIL2A_20190408T030541_N0211_R075_T48PXS_20190408T071621,,,,19.191963,5.344554,20.692393,22.743376043,21.49737,0.054026,dbscl-sentinel-2-2019\dbscl-sentinel-2_2019-04\S2_2019-04-08_03-25-17\20190408T030541_20190408T031145_T48PXS_metadata.json,48PXS
S2A_MSIL2A_20190408T030541_N0211_R075_T48PXR_20190408T071621,,,,7.429391,3.025623,5.310286,22.6023085069,77.308929,7.7e-05,dbscl-sentinel-2-2019\dbscl-sentinel-2_2019-04\S2_2019-04-08_03-25-32\20190408T030541_20190408T031145_T48PXR_metadata.json,48PXR
S2A_MSIL2A_20190411T031541_N0211_R118_T48PVT_20190411T074617,,,,19.262942,11.271056,20.787324,21.844446033,0.752311,0.0,dbscl-sentinel-2-2019\dbscl-sentinel-2_2019-04\S2_2019-04-11_03-35-06\20190411T031541_20190411T031758_T48PVT_metadata.json,48PVT
S2A_MSIL2A_20190411T031541_N0211_R118_T48PVS_20190411T074617,,,,20.054253,7.629547,11.903832,21.7044537075,34.512502,0.011473,dbscl-sentinel-2-2019\dbscl-sentinel-2_2019-04\S2_2019-04-11_03-35-20\20190411T031541_20190411T031758_T48PVS_metadata.json,48PVS
S2A_MSIL2A_20190411T031541_N0211_R118_T48PUS_20190411T074617,,,,31.704757,16.187748,17.122059,22.5898068117,43.712795,0.009431,dbscl-sentinel-2-2019\dbscl-sentinel-2_2019-04\S2_2019-04-11_03-35-23\20190411T031541_20190411T031758_T48PUS_metadata.json,48PUS
S2A_MSIL2A_20190411T031541_N0211_R118_T48PWR_20190411T074617,,,,38.062029,11.757305,15.826538,20.7120658178,5.830091,0.069247,dbscl-sentinel-2-2019\dbscl-sentinel-2_2019-04\S2_2019-04-11_03-35-31\20190411T031541_20190411T031758_T48PWR_metadata.json,48PWR
S2A_MSIL2A_20190411T031541_N0211_R118_T48PVR_20190411T074617,,,,46.086397,36.747155,1.583462,21.5996901991,46.621776,0.0,dbscl-sentinel-2-2019\dbscl-sentinel-2_2019-04\S2_2019-04-11_03-35-35\20190411T031541_20190411T031758_T48PVR_metadata.json,48PVR
S2A_MSIL2A_20190414T032541_N0211_R018_T48PUS_20190414T073626,,,,23.261953,8.628505,15.36641,19.836465363,55.101931,0.011276,dbscl-sentinel-2-2019\dbscl-sentinel-2_2019-04\S2_2019-04-14_03-45-19\20190414T032541_20190414T033722_T48PUS_metadata.json,48PUS
S2A_MSIL2A_20190414T032541_N0211_R018_T48PUR_20190414T073626,,,,13.307054,1.529771,0.126833,19.7714335311,86.531746,0.0,dbscl-sentinel-2-2019\dbscl-sentinel-2_2019-04\S2_2019-04-14_03-45-33\20190414T032541_20190414T033722_T48PUR_metadata.json,48PUR
S2B_MSIL2A_20190416T031549_N0211_R118_T48PXT_20190416T082714,,,,32.946776,2.042096,33.86451,19.5039732637,0.606339,0.0,dbscl-sentinel-2-2019\dbscl-sentinel-2_2019-04\S2_2019-04-16_03-35-02\20190416T031549_20190416T033355_T48PXT_metadata.json,48PXT
S2B_MSIL2A_20190416T031549_N0211_R118_T48PWT_20190416T082714,,,,39.194826,5.271197,14.121829,20.3916222087,0.840256,0.0,dbscl-sentinel-2-2019\dbscl-sentinel-2_2019-04\S2_2019-04-16_03-35-06\20190416T031549_20190416T033355_T48PWT_metadata.json,48PWT
S2B_MSIL2A_20190416T031549_N0211_R118_T48PVT_20190416T082714,,,,29.757974,13.60406,18.915193,21.279397065,0.433982,0.0,dbscl-sentinel-2-2019\dbscl-sentinel-2_2019-04\S2_2019-04-16_03-35-09\20190416T031549_20190416T033355_T48PVT_metadata.json,48PVT
S2B_MSIL2A_20190416T031549_N0211_R118_T48PXS_20190416T082714,,,,41.725216,0.05121,23.415583,19.4393311226,1.347696,0.200929,dbscl-sentinel-2-2019\dbscl-sentinel-2_2019-04\S2_2019-04-16_03-35-17\20190416T031549_20190416T033355_T48PXS_metadata.json,48PXS
S2B_MSIL2A_20190416T031549_N0211_R118_T48PWS_20190416T082714,,,,11.705412,1.214615,47.027981,20.32713361,3.072609,0.0,dbscl-sentinel-2-2019\dbscl-sentinel-2_2019-04\S2_2019-04-16_03-35-20\20190416T031549_20190416T033355_T48PWS_metadata.json,48PWS
S2B_MSIL2A_20190416T031549_N0211_R118_T48PVS_20190416T082714,,,,40.037923,13.124479,9.100033,21.2150478972,23.282136,0.200527,dbscl-sentinel-2-2019\dbscl-sentinel-2_2019-04\S2_2019-04-16_03-35-24\20190416T031549_20190416T033355_T48PVS_metadata.json,48PVS
S2B_MSIL2A_20190416T031549_N0211_R118_T48PUS_20190416T082714,,,,47.218674,31.272706,13.17057,22.1023140172,35.855848,0.014794,dbscl-sentinel-2-2019\dbscl-sentinel-2_2019-04\S2_2019-04-16_03-35-27\20190416T031549_20190416T033355_T48PUS_metadata.json,48PUS
S2B_MSIL2A_20190416T031549_N0211_R118_T48PWR_20190416T082714,,,,15.495406,0.000129,22.875383,20.3007815638,14.128545,0.094442,dbscl-sentinel-2-2019\dbscl-sentinel-2_2019-04\S2_2019-04-16_03-35-35\20190416T031549_20190416T033355_T48PWR_metadata.json,48PWR
S2B_MSIL2A_20190416T031549_N0211_R118_T48PVR_20190416T082714,,,,1.829543,0.295696,7.287175,21.1873049639,75.691015,0.0,dbscl-sentinel-2-2019\dbscl-sentinel-2_2019-04\S2_2019-04-16_03-35-38\20190416T031549_20190416T033355_T48PVR_metadata.json,48PVR
S2B_MSIL2A_20190416T031549_N0211_R118_T48PUR_20190416T082714,,,,4.201253,2.743483,0.03546,22.0732943259,95.695329,0.0,dbscl-sentinel-2-2019\dbscl-sentinel-2_2019-04\S2_2019-04-16_03-35-41\20190416T031549_20190416T033355_T48PUR_metadata.json,48PUR
S2B_MSIL2A_20190416T031549_N0211_R118_T48PWQ_20190416T082714,,,,15.763637,1.3e-05,2.826514,20.312744438,74.67038,0.000342,dbscl-sentinel-2-2019\dbscl-sentinel-2_2019-04\S2_2019-04-16_03-35-49\20190416T031549_20190416T033355_T48PWQ_metadata.json,48PWQ
S2B_MSIL2A_20190416T031549_N0211_R118_T48PVQ_20190416T082714,,,,10.046841,7.924642,3.743896,21.1963629416,78.127384,8.3e-05,dbscl-sentinel-2-2019\dbscl-sentinel-2_2019-04\S2_2019-04-16_03-35-53\20190416T031549_20190416T033355_T48PVQ_metadata.json,48PVQ
S2A_MSIL2A_20190418T030551_N0211_R075_T48PXS_20190418T070643,,,,48.837863,9.696822,7.543445,21.7579359188,20.930372,0.198109,dbscl-sentinel-2-2019\dbscl-sentinel-2_2019-04\S2_2019-04-18_03-25-21\20190418T030551_20190418T032510_T48PXS_metadata.json,48PXS
S2A_MSIL2A_20190418T030551_N0211_R075_T48PXR_20190418T070643,,,,16.977188,11.70755,2.732922,21.7658027492,71.112806,0.002002,dbscl-sentinel-2-2019\dbscl-sentinel-2_2019-04\S2_2019-04-18_03-25-34\20190418T030551_20190418T032510_T48PXR_metadata.json,48PXR
S2A_MSIL2A_20190421T031541_N0211_R118_T48PXT_20190421T072735,,,,24.429853,2.035677,34.065446,19.1472629697,0.209824,0.0,dbscl-sentinel-2-2019\dbscl-sentinel-2_2019-04\S2_2019-04-21_03-35-00\20190421T031541_20190421T032816_T48PXT_metadata.json,48PXT
S2A_MSIL2A_20190421T031541_N0211_R118_T48PWT_20190421T072735,,,,21.63835,2e-05,17.979659,20.0335136165,1.453775,0.0,dbscl-sentinel-2-2019\dbscl-sentinel-2_2019-04\S2_2019-04-21_03-35-04\20190421T031541_20190421T032816_T48PWT_metadata.json,48PWT
S2A_MSIL2A_20190421T031541_N0211_R118_T48PVT_20190421T072735,,,,20.217488,0.260912,17.035225,20.9200126218,1.018618,0.0,dbscl-sentinel-2-2019\dbscl-sentinel-2_2019-04\S2_2019-04-21_03-35-07\20190421T031541_20190421T032816_T48PVT_metadata.json,48PVT
S2A_MSIL2A_20190421T031541_N0211_R118_T48PXS_20190421T072735,,,,9.790258,0.000118,52.432275,19.1654548634,0.729523,0.0,dbscl-sentinel-2-2019\dbscl-sentinel-2_2019-04\S2_2019-04-21_03-35-14\20190421T031541_20190421T032816_T48PXS_metadata.json,48PXS
S2A_MSIL2A_20190421T031541_N0211_R118_T48PWS_20190421T072735,,,,4.572852,0.059107,57.806164,20.0483535236,3.351022,0.0,dbscl-sentinel-2-2019\dbscl-sentinel-2_2019-04\S2_2019-04-21_03-35-18\20190421T031541_20190421T032816_T48PWS_metadata.json,48PWS
S2A_MSIL2A_20190421T031541_N0211_R118_T48PVS_20190421T072735,,,,22.616355,3.875412,9.798529,20.9317751303,33.87692,0.032465,dbscl-sentinel-2-2019\dbscl-sentinel-2_2019-04\S2_2019-04-21_03-35-21\20190421T031541_20190421T032816_T48PVS_metadata.json,48PVS
S2A_MSIL2A_20190421T031541_N0211_R118_T48PUS_20190421T072735,,,,29.831811,6.726726,17.55539,21.8149155889,44.154522,0.137661,dbscl-sentinel-2-2019\dbscl-sentinel-2_2019-04\S2_2019-04-21_03-35-25\20190421T031541_20190421T032816_T48PUS_metadata.json,48PUS
S2A_MSIL2A_20190421T031541_N0211_R118_T48PXR_20190421T072735,,,,27.065483,2.474653,20.333542,19.2240417895,22.85267,0.000346,dbscl-sentinel-2-2019\dbscl-sentinel-2_2019-04\S2_2019-04-21_03-35-29\20190421T031541_20190421T032816_T48PXR_metadata.json,48PXR
S2A_MSIL2A_20190421T031541_N0211_R118_T48PWR_20190421T072735,,,,12.536735,2.710119,27.143013,20.1019384297,12.609339,0.00286,dbscl-sentinel-2-2019\dbscl-sentinel-2_2019-04\S2_2019-04-21_03-35-33\20190421T031541_20190421T032816_T48PWR_metadata.json,48PWR
S2A_MSIL2A_20190421T031541_N0211_R118_T48PVR_20190421T072735,,,,28.023185,19.67871,4.579948,20.9807591756,53.945559,0.0,dbscl-sentinel-2-2019\dbscl-sentinel-2_2019-04\S2_2019-04-21_03-35-36\20190421T031541_20190421T032816_T48PVR_metadata.json,48PVR
S2A_MSIL2A_20190421T031541_N0211_R118_T48PUR_20190421T072735,,,,29.697803,26.467746,0.051021,21.8596528606,70.164073,0.0,dbscl-sentinel-2-2019\dbscl-sentinel-2_2019-04\S2_2019-04-21_03-35-39\20190421T031541_20190421T032816_T48PUR_metadata.json,48PUR
S2A_MSIL2A_20190421T031541_N0211_R118_T48PWQ_20190421T072735,,,,38.970384,26.521006,1.502082,20.1940583059,54.102045,0.001918,dbscl-sentinel-2-2019\dbscl-sentinel-2_2019-04\S2_2019-04-21_03-35-47\20190421T031541_20190421T032816_T48PWQ_metadata.json,48PWQ
S2A_MSIL2A_20190421T031541_N0211_R118_T48PVQ_20190421T072735,,,,47.416202,39.579317,2.839762,21.0667488621,43.378329,0.0,dbscl-sentinel-2-2019\dbscl-sentinel-2_2019-04\S2_2019-04-21_03-35-50\20190421T031541_20190421T032816_T48PVQ_metadata.json,48PVQ
S2B_MSIL2A_20190423T030549_N0211_R075_T48PXT_20190423T071400,,,,14.449115,4.820107,47.684583,21.4696591927,1.284963,0.0,dbscl-sentinel-2-2019\dbscl-sentinel-2_2019-04\S2_2019-04-23_03-25-08\20190423T030549_20190423T031830_T48PXT_metadata.json,48PXT
S2B_MSIL2A_20190423T030549_N0211_R075_T48PXS_20190423T071400,,,,10.431648,4.102201,27.686214,21.5156694009,22.537512,0.046006,dbscl-sentinel-2-2019\dbscl-sentinel-2_2019-04\S2_2019-04-23_03-25-23\20190423T030549_20190423T031830_T48PXS_metadata.json,48PXS
S2B_MSIL2A_20190423T030549_N0211_R075_T48PXR_20190423T071400,,,,24.333508,18.14601,3.412958,21.5971204467,61.131477,6.2e-05,dbscl-sentinel-2-2019\dbscl-sentinel-2_2019-04\S2_2019-04-23_03-25-38\20190423T030549_20190423T031830_T48PXR_metadata.json,48PXR
S2B_MSIL2A_20190426T031549_N0211_R118_T48PXT_20190426T072234,,,,34.120806,0.676937,32.415929,18.9574440106,0.202573,0.0,dbscl-sentinel-2-2019\dbscl-sentinel-2_2019-04\S2_2019-04-26_03-35-04\20190426T031549_20190426T033222_T48PXT_metadata.json,48PXT
S2B_MSIL2A_20190426T031549_N0211_R118_T48PVT_20190426T072234,,,,49.142518,4.745756,7.631639,20.7143738301,0.358736,0.0,dbscl-sentinel-2-2019\dbscl-sentinel-2_2019-04\S2_2019-04-26_03-35-11\20190426T031549_20190426T033222_T48PVT_metadata.json,48PVT
S2B_MSIL2A_20190429T032549_N0211_R018_T48PUS_20190429T073720,,,,38.162469,22.736837,13.740203,19.2949756219,43.446216,0.001326,dbscl-sentinel-2-2019\dbscl-sentinel-2_2019-04\S2_2019-04-29_03-45-24\20190429T032549_20190429T033720_T48PUS_metadata.json,48PUS
S2A_MSIL2A_20190501T031541_N0211_R118_T48PXT_20190501T071150,,,,21.925156,1.475227,42.461634,18.977960391,0.782717,0.0,dbscl-sentinel-2-2019\dbscl-sentinel-2_2019-05\S2_2019-05-01_03-35-00\20190501T031541_20190501T032155_T48PXT_metadata.json,48PXT
S2A_MSIL2A_20190501T031541_N0211_R118_T48PWT_20190501T071150,,,,32.213283,9.813357,25.113276,19.8419804295,0.946105,0.0,dbscl-sentinel-2-2019\dbscl-sentinel-2_2019-05\S2_2019-05-01_03-35-04\20190501T031541_20190501T032155_T48PWT_metadata.json,48PWT
S2A_MSIL2A_20190501T031541_N0211_R118_T48PXS_20190501T071150,,,,34.413028,10.174738,32.126868,19.1524838793,1.190049,0.01974,dbscl-sentinel-2-2019\dbscl-sentinel-2_2019-05\S2_2019-05-01_03-35-15\20190501T031541_20190501T032155_T48PXS_metadata.json,48PXS
S2A_MSIL2A_20190501T031541_N0211_R118_T48PWS_20190501T071150,,,,33.986237,13.993636,40.268475,20.006749826,1.729848,0.0,dbscl-sentinel-2-2019\dbscl-sentinel-2_2019-05\S2_2019-05-01_03-35-19\20190501T031541_20190501T032155_T48PWS_metadata.json,48PWS
S2A_MSIL2A_20190501T031541_N0211_R118_T48PVS_20190501T071150,,,,33.367451,26.76447,14.106476,20.8638358799,26.477641,0.001344,dbscl-sentinel-2-2019\dbscl-sentinel-2_2019-05\S2_2019-05-01_03-35-22\20190501T031541_20190501T032155_T48PVS_metadata.json,48PVS
S2A_MSIL2A_20190501T031541_N0211_R118_T48PUS_20190501T071150,,,,28.450107,22.397992,21.808027,21.7226871894,45.604482,0.0,dbscl-sentinel-2-2019\dbscl-sentinel-2_2019-05\S2_2019-05-01_03-35-25\20190501T031541_20190501T032155_T48PUS_metadata.json,48PUS
S2A_MSIL2A_20190504T032541_N0211_R018_T48PUS_20190504T074456,,,,47.309373,7.404532,4.135532,19.4810567077,42.936778,1.642252,dbscl-sentinel-2-2019\dbscl-sentinel-2_2019-05\S2_2019-05-04_03-45-20\20190504T032541_20190504T033029_T48PUS_metadata.json,48PUS
S2A_MSIL2A_20190504T032541_N0211_R018_T48PUR_20190504T074456,,,,32.75758,20.033765,0.104017,19.7256792996,67.104995,0.0,dbscl-sentinel-2-2019\dbscl-sentinel-2_2019-05\S2_2019-05-04_03-45-35\20190504T032541_20190504T033029_T48PUR_metadata.json,48PUR
S2B_MSIL2A_20190506T031549_N0212_R118_T48PXT_20190521T170459,,,,24.243411,0.902397,43.709496,19.1255706506791,0.19679,0.0,dbscl-sentinel-2-2019\dbscl-sentinel-2_2019-05\S2_2019-05-06_03-35-05\20190506T031549_20190506T032940_T48PXT_metadata.json,48PXT
S2B_MSIL2A_20190506T031549_N0212_R118_T48PWT_20190521T170459,,,,11.656145,2.98326,34.763083,19.9712991596688,1.263265,0.0,dbscl-sentinel-2-2019\dbscl-sentinel-2_2019-05\S2_2019-05-06_03-35-09\20190506T031549_20190506T032940_T48PWT_metadata.json,48PWT
S2B_MSIL2A_20190506T031549_N0212_R118_T48PVT_20190521T170459,,,,7.617478,2.491526,33.364782,20.8205279584307,1.019109,0.0,dbscl-sentinel-2-2019\dbscl-sentinel-2_2019-05\S2_2019-05-06_03-35-12\20190506T031549_20190506T032940_T48PVT_metadata.json,48PVT
S2B_MSIL2A_20190506T031549_N0212_R118_T48PVS_20190521T170459,,,,24.5277,13.814706,17.574601,21.0400377916125,28.948361,0.006911,dbscl-sentinel-2-2019\dbscl-sentinel-2_2019-05\S2_2019-05-06_03-35-26\20190506T031549_20190506T032940_T48PVS_metadata.json,48PVS
S2B_MSIL2A_20190506T031549_N0212_R118_T48PUS_20190521T170459,,,,38.702763,13.442299,13.747981,21.8811147230533,39.929676,1.649099,dbscl-sentinel-2-2019\dbscl-sentinel-2_2019-05\S2_2019-05-06_03-35-30\20190506T031549_20190506T032940_T48PUS_metadata.json,48PUS
S2B_MSIL2A_20190506T031549_N0212_R118_T48PUR_20190521T170459,,,,20.952284,19.996288,0.041107,22.1234796067787,78.99977,0.0,dbscl-sentinel-2-2019\dbscl-sentinel-2_2019-05\S2_2019-05-06_03-35-44\20190506T031549_20190506T032940_T48PUR_metadata.json,48PUR
S2B_MSIL2A_20190506T031549_N0212_R118_T48PWQ_20190521T170459,,,,31.678628,19.08301,0.619616,20.7691591997794,65.889907,0.059724,dbscl-sentinel-2-2019\dbscl-sentinel-2_2019-05\S2_2019-05-06_03-35-52\20190506T031549_20190506T032940_T48PWQ_metadata.json,48PWQ
S2B_MSIL2A_20190506T031549_N0212_R118_T48PVQ_20190521T170459,,,,46.531734,22.838527,2.184485,21.5813216524517,46.156809,0.082956,dbscl-sentinel-2-2019\dbscl-sentinel-2_2019-05\S2_2019-05-06_03-35-55\20190506T031549_20190506T032940_T48PVQ_metadata.json,48PVQ
S2A_MSIL2A_20190508T030551_N0212_R075_T48PXR_20190520T185833,,,,48.09615,21.285425,0.07478,22.0707499220126,51.566714,0.0,dbscl-sentinel-2-2019\dbscl-sentinel-2_2019-05\S2_2019-05-08_03-25-35\20190508T030551_20190508T031147_T48PXR_metadata.json,48PXR
S2A_MSIL2A_20190511T031541_N0212_R118_T48PXS_20190511T073816,,,,30.049985,0.790331,40.16884,19.7363478085,1.377718,1.548353,dbscl-sentinel-2-2019\dbscl-sentinel-2_2019-05\S2_2019-05-11_03-35-15\20190511T031541_20190511T032155_T48PXS_metadata.json,48PXS
S2A_MSIL2A_20190511T031541_N0212_R118_T48PWS_20190511T073816,,,,17.269455,1.309113,58.044213,20.5475813897,2.69168,0.0,dbscl-sentinel-2-2019\dbscl-sentinel-2_2019-05\S2_2019-05-11_03-35-19\20190511T031541_20190511T032155_T48PWS_metadata.json,48PWS
S2A_MSIL2A_20190511T031541_N0212_R118_T48PVR_20190511T073816,,,,43.499457,15.973975,2.132654,21.6727129759,45.397359,0.0,dbscl-sentinel-2-2019\dbscl-sentinel-2_2019-05\S2_2019-05-11_03-35-37\20190511T031541_20190511T032155_T48PVR_metadata.json,48PVR
S2B_MSIL2A_20190513T030549_N0212_R075_T48PXT_20190513T071415,,,,28.517101,2.404363,40.522316,21.8179623956,0.932639,0.0,dbscl-sentinel-2-2019\dbscl-sentinel-2_2019-05\S2_2019-05-13_03-25-10\20190513T030549_20190513T032056_T48PXT_metadata.json,48PXT
S2B_MSIL2A_20190513T030549_N0212_R075_T48PXS_20190513T071415,,,,48.680764,12.606996,14.58531,22.1108230878,10.018532,0.175075,dbscl-sentinel-2-2019\dbscl-sentinel-2_2019-05\S2_2019-05-13_03-25-25\20190513T030549_20190513T032056_T48PXS_metadata.json,48PXS
S2B_MSIL2A_20190513T030549_N0212_R075_T48PXR_20190513T071415,,,,23.488765,11.253674,1.440304,22.4341029594,70.621616,0.001345,dbscl-sentinel-2-2019\dbscl-sentinel-2_2019-05\S2_2019-05-13_03-25-39\20190513T030549_20190513T032056_T48PXR_metadata.json,48PXR
S2A_MSIL2A_20190514T032541_N0212_R018_T48PUR_20190514T090135,,,,28.288407,6.628899,0.176243,20.5412879896,71.521795,0.0,dbscl-sentinel-2-2019\dbscl-sentinel-2_2019-05\S2_2019-05-14_03-45-35\20190514T032541_20190514T034252_T48PUR_metadata.json,48PUR
S2B_MSIL2A_20190516T031549_N0212_R118_T48PXR_20190516T072149,,,,32.572579,3.825404,11.934335,20.5396563169,28.214407,1.79301,dbscl-sentinel-2-2019\dbscl-sentinel-2_2019-05\S2_2019-05-16_03-35-35\20190516T031549_20190516T033249_T48PXR_metadata.json,48PXR
S2B_MSIL2A_20190516T031549_N0212_R118_T48PWR_20190516T072149,,,,30.501851,5.611658,17.939705,21.312601296,11.723599,1.231685,dbscl-sentinel-2-2019\dbscl-sentinel-2_2019-05\S2_2019-05-16_03-35-38\20190516T031549_20190516T033249_T48PWR_metadata.json,48PWR
S2B_MSIL2A_20190516T031549_N0212_R118_T48PWQ_20190516T072149,,,,25.960618,15.438974,1.085849,21.7117008344,67.915517,0.964619,dbscl-sentinel-2-2019\dbscl-sentinel-2_2019-05\S2_2019-05-16_03-35-53\20190516T031549_20190516T033249_T48PWQ_metadata.json,48PWQ
S2A_MSIL2A_20190518T030551_N0212_R075_T48PXS_20190518T073920,,,,41.6651,8.911044,17.432381,22.5321646241,13.923143,0.008394,dbscl-sentinel-2-2019\dbscl-sentinel-2_2019-05\S2_2019-05-18_03-25-20\20190518T030551_20190518T031147_T48PXS_metadata.json,48PXS
S2A_MSIL2A_20190518T030551_N0212_R075_T48PXR_20190518T073920,,,,32.375559,13.679628,2.107347,22.8970774745,57.36829,0.010336,dbscl-sentinel-2-2019\dbscl-sentinel-2_2019-05\S2_2019-05-18_03-25-35\20190518T030551_20190518T031147_T48PXR_metadata.json,48PXR
S2B_MSIL2A_20190519T032549_N0212_R018_T48PUS_20190519T084504,,,,22.672278,8.805388,9.728863,20.6320797875,60.876441,0.640925,dbscl-sentinel-2-2019\dbscl-sentinel-2_2019-05\S2_2019-05-19_03-45-25\20190519T032549_20190519T034051_T48PUS_metadata.json,48PUS
S2B_MSIL2A_20190519T032549_N0212_R018_T48PUR_20190519T084504,,,,19.069685,14.768793,0.146371,21.0317498713,80.764264,0.0,dbscl-sentinel-2-2019\dbscl-sentinel-2_2019-05\S2_2019-05-19_03-45-39\20190519T032549_20190519T034051_T48PUR_metadata.json,48PUR
S2A_MSIL2A_20190521T031541_N0212_R118_T48PXT_20190521T072549,,,,29.350965,2.633109,40.634999,20.266329396,0.503977,0.0,dbscl-sentinel-2-2019\dbscl-sentinel-2_2019-05\S2_2019-05-21_03-35-00\20190521T031541_20190521T032632_T48PXT_metadata.json,48PXT
S2A_MSIL2A_20190521T031541_N0212_R118_T48PWT_20190521T072549,,,,43.425386,16.028418,22.009239,21.0507059052,0.659052,0.0,dbscl-sentinel-2-2019\dbscl-sentinel-2_2019-05\S2_2019-05-21_03-35-04\20190521T031541_20190521T032632_T48PWT_metadata.json,48PWT
S2A_MSIL2A_20190521T031541_N0212_R118_T48PVT_20190521T072549,,,,20.342258,4.527098,34.028184,21.8428015386,0.632612,0.0,dbscl-sentinel-2-2019\dbscl-sentinel-2_2019-05\S2_2019-05-21_03-35-07\20190521T031541_20190521T032632_T48PVT_metadata.json,48PVT
S2A_MSIL2A_20190521T031541_N0212_R118_T48PXS_20190521T072549,,,,25.353656,3.941186,39.24534,20.6605321254,1.324619,0.026853,dbscl-sentinel-2-2019\dbscl-sentinel-2_2019-05\S2_2019-05-21_03-35-13\20190521T031541_20190521T032632_T48PXS_metadata.json,48PXS
S2A_MSIL2A_20190521T031541_N0212_R118_T48PWS_20190521T072549,,,,34.802494,10.926031,44.91592,21.4288968609,2.059723,0.0,dbscl-sentinel-2-2019\dbscl-sentinel-2_2019-05\S2_2019-05-21_03-35-15\20190521T031541_20190521T032632_T48PWS_metadata.json,48PWS
S2A_MSIL2A_20190521T031541_N0212_R118_T48PVS_20190521T072549,,,,38.882635,20.146608,25.270614,22.2059041466,0.046138,0.9497,dbscl-sentinel-2-2019\dbscl-sentinel-2_2019-05\S2_2019-05-21_03-35-16\20190521T031541_20190521T032632_T48PVS_metadata.json,48PVS
S2A_MSIL2A_20190521T031541_N0212_R118_T48PXS_20190521T074252,,,,25.851303,0.677971,52.252871,20.6605321254,2.638167,0.122665,dbscl-sentinel-2-2019\dbscl-sentinel-2_2019-05\S2_2019-05-21_03-35-19\20190521T031541_20190521T033512_T48PXS_metadata.json,48PXS
S2A_MSIL2A_20190521T031541_N0212_R118_T48PWS_20190521T074252,,,,23.771651,2.482365,54.636109,21.4288968609,2.975897,0.0,dbscl-sentinel-2-2019\dbscl-sentinel-2_2019-05\S2_2019-05-21_03-35-21\20190521T031541_20190521T033512_T48PWS_metadata.json,48PWS
S2A_MSIL2A_20190521T031541_N0212_R118_T48PVS_20190521T074252,,,,37.839589,14.432018,8.870373,22.2059041466,33.651334,1.651445,dbscl-sentinel-2-2019\dbscl-sentinel-2_2019-05\S2_2019-05-21_03-35-23\20190521T031541_20190521T033512_T48PVS_metadata.json,48PVS
S2A_MSIL2A_20190521T031541_N0212_R118_T48PUS_20190521T074252,,,,37.897922,13.121828,21.035928,22.990014895,36.522466,0.127971,dbscl-sentinel-2-2019\dbscl-sentinel-2_2019-05\S2_2019-05-21_03-35-25\20190521T031541_20190521T033512_T48PUS_metadata.json,48PUS
S2A_MSIL2A_20190521T031541_N0212_R118_T48PVR_20190521T074252,,,,28.481939,11.507653,3.025249,22.5975923376,60.237306,0.0,dbscl-sentinel-2-2019\dbscl-sentinel-2_2019-05\S2_2019-05-21_03-35-36\20190521T031541_20190521T033512_T48PVR_metadata.json,48PVR
S2A_MSIL2A_20190521T031541_N0212_R118_T48PUR_20190521T074252,,,,29.914065,12.257788,0.010393,23.3670312717,70.069313,0.0,dbscl-sentinel-2-2019\dbscl-sentinel-2_2019-05\S2_2019-05-21_03-35-39\20190521T031541_20190521T033512_T48PUR_metadata.json,48PUR
S2A_MSIL2A_20190521T031541_N0212_R118_T48PWQ_20190521T074252,,,,40.226083,28.456828,0.489524,22.2712755362,57.399035,0.491737,dbscl-sentinel-2-2019\dbscl-sentinel-2_2019-05\S2_2019-05-21_03-35-47\20190521T031541_20190521T033512_T48PWQ_metadata.json,48PWQ
S2A_MSIL2A_20190521T031541_N0212_R118_T48PVQ_20190521T074252,,,,35.88085,23.369448,1.995574,23.0169525904,57.896715,0.625761,dbscl-sentinel-2-2019\dbscl-sentinel-2_2019-05\S2_2019-05-21_03-35-51\20190521T031541_20190521T033512_T48PVQ_metadata.json,48PVQ
S2B_MSIL2A_20190526T031549_N0212_R118_T48PXT_20190526T082540,,,,34.894464,1.33168,39.02812,20.7264159706,0.423844,0.0,dbscl-sentinel-2-2019\dbscl-sentinel-2_2019-05\S2_2019-05-26_03-35-05\20190526T031549_20190526T032742_T48PXT_metadata.json,48PXT
S2B_MSIL2A_20190526T031549_N0212_R118_T48PWT_20190526T082540,,,,38.631646,6.871773,27.134183,21.4929826531,0.616969,0.0,dbscl-sentinel-2-2019\dbscl-sentinel-2_2019-05\S2_2019-05-26_03-35-09\20190526T031549_20190526T032742_T48PWT_metadata.json,48PWT
S2B_MSIL2A_20190526T031549_N0212_R118_T48PVT_20190526T082540,,,,40.199566,8.899859,26.347956,22.2682906258,0.68176,0.0,dbscl-sentinel-2-2019\dbscl-sentinel-2_2019-05\S2_2019-05-26_03-35-12\20190526T031549_20190526T032742_T48PVT_metadata.json,48PVT
S2B_MSIL2A_20190526T031549_N0212_R118_T48PXS_20190526T082540,,,,32.624401,2.869678,37.689054,21.1535655134,1.436138,0.083131,dbscl-sentinel-2-2019\dbscl-sentinel-2_2019-05\S2_2019-05-26_03-35-20\20190526T031549_20190526T032742_T48PXS_metadata.json,48PXS
S2B_MSIL2A_20190526T031549_N0212_R118_T48PWR_20190526T082540,,,,45.445926,8.725236,19.880186,22.341658645,5.050657,1.342381,dbscl-sentinel-2-2019\dbscl-sentinel-2_2019-05\S2_2019-05-26_03-35-38\20190526T031549_20190526T032742_T48PWR_metadata.json,48PWR
S2A_MSIL2A_20190531T031541_N0212_R118_T48PXT_20190531T085136,,,,27.403024,11.121623,54.098791,21.2293361759,0.840739,0.0,dbscl-sentinel-2-2019\dbscl-sentinel-2_2019-05\S2_2019-05-31_03-34-59\20190531T031541_20190531T032154_T48PXT_metadata.json,48PXT
S2A_MSIL2A_20190531T031541_N0212_R118_T48PWT_20190531T085136,,,,37.779509,9.523675,22.554675,21.9815870259,0.841421,0.0,dbscl-sentinel-2-2019\dbscl-sentinel-2_2019-05\S2_2019-05-31_03-35-03\20190531T031541_20190531T032154_T48PWT_metadata.json,48PWT
S2A_MSIL2A_20190531T031541_N0212_R118_T48PVT_20190531T085136,,,,24.819039,2.489337,34.606603,22.7432937626,0.639001,0.0,dbscl-sentinel-2-2019\dbscl-sentinel-2_2019-05\S2_2019-05-31_03-35-06\20190531T031541_20190531T032154_T48PVT_metadata.json,48PVT
S2A_MSIL2A_20190531T031541_N0212_R118_T48PVS_20190531T085136,,,,28.60013,16.560532,16.942273,23.1625489343,29.727641,0.11138,dbscl-sentinel-2-2019\dbscl-sentinel-2_2019-05\S2_2019-05-31_03-35-21\20190531T031541_20190531T032154_T48PVS_metadata.json,48PVS
S2A_MSIL2A_20190531T031541_N0212_R118_T48PUS_20190531T085136,,,,40.429632,27.269229,23.484963,23.9172358648,31.333205,0.103784,dbscl-sentinel-2-2019\dbscl-sentinel-2_2019-05\S2_2019-05-31_03-35-24\20190531T031541_20190531T032154_T48PUS_metadata.json,48PUS
S2A_MSIL2A_20190531T031541_N0212_R118_T48PVR_20190531T085136,,,,46.440274,34.047222,1.445191,23.6072380411,46.76961,0.0,dbscl-sentinel-2-2019\dbscl-sentinel-2_2019-05\S2_2019-05-31_03-35-35\20190531T031541_20190531T032154_T48PVR_metadata.json,48PVR
S2A_MSIL2A_20190610T031541_N0212_R118_T48PWT_20190610T074010,,,,43.123561,6.351672,25.274473,22.841671854,0.85088,0.0,dbscl-sentinel-2-2019\dbscl-sentinel-2_2019-06\S2_2019-06-10_03-35-03\20190610T031541_20190610T032154_T48PWT_metadata.json,48PWT
S2A_MSIL2A_20190610T031541_N0212_R118_T48PVT_20190610T074010,,,,31.048846,2.144841,37.001985,23.5857459647,0.767795,0.0,dbscl-sentinel-2-2019\dbscl-sentinel-2_2019-06\S2_2019-06-10_03-35-06\20190610T031541_20190610T032154_T48PVT_metadata.json,48PVT
S2B_MSIL2A_20190612T030549_N0212_R075_T48PXR_20190612T071155,,,,37.050546,18.941912,4.239173,25.1916618771,52.188569,0.298924,dbscl-sentinel-2-2019\dbscl-sentinel-2_2019-06\S2_2019-06-12_03-25-38\20190612T030549_20190612T032055_T48PXR_metadata.json,48PXR
S2A_MSIL2A_20190613T032541_N0212_R018_T48PUS_20190613T073215,,,,30.866151,12.652376,17.3797,22.9859227895,47.972661,0.025717,dbscl-sentinel-2-2019\dbscl-sentinel-2_2019-06\S2_2019-06-13_03-45-19\20190613T032541_20190613T034129_T48PUS_metadata.json,48PUS
S2A_MSIL2A_20190613T032541_N0212_R018_T48PUR_20190613T073215,,,,15.974733,10.912199,0.133154,23.4835759759,83.864272,0.0,dbscl-sentinel-2-2019\dbscl-sentinel-2_2019-06\S2_2019-06-13_03-45-34\20190613T032541_20190613T034129_T48PUR_metadata.json,48PUR
S2B_MSIL2A_20190615T031549_N0212_R118_T48PXT_20190615T082300,,,,34.006947,2.965807,42.210588,22.4475973857,0.636252,0.0,dbscl-sentinel-2-2019\dbscl-sentinel-2_2019-06\S2_2019-06-15_03-35-04\20190615T031549_20190615T033359_T48PXT_metadata.json,48PXT
S2B_MSIL2A_20190615T031549_N0212_R118_T48PWT_20190615T082300,,,,20.864034,4.536542,40.447253,23.1776271945,1.124914,0.0,dbscl-sentinel-2-2019\dbscl-sentinel-2_2019-06\S2_2019-06-15_03-35-08\20190615T031549_20190615T033359_T48PWT_metadata.json,48PWT
S2B_MSIL2A_20190615T031549_N0212_R118_T48PVT_20190615T082300,,,,30.806203,3.115288,30.576557,23.9179035791,0.952539,0.0,dbscl-sentinel-2-2019\dbscl-sentinel-2_2019-06\S2_2019-06-15_03-35-11\20190615T031549_20190615T033359_T48PVT_metadata.json,48PVT
S2B_MSIL2A_20190615T031549_N0212_R118_T48PXR_20190615T082300,,,,33.653111,4.339034,20.974337,23.4416187576,23.184974,1.19411,dbscl-sentinel-2-2019\dbscl-sentinel-2_2019-06\S2_2019-06-15_03-35-33\20190615T031549_20190615T033359_T48PXR_metadata.json,48PXR
S2A_MSIL2A_20190620T031541_N0212_R118_T48PXT_20190620T072445,,,,33.301166,16.713144,48.216364,22.7413756872,0.755664,0.0,dbscl-sentinel-2-2019\dbscl-sentinel-2_2019-06\S2_2019-06-20_03-35-01\20190620T031541_20190620T033005_T48PXT_metadata.json,48PXT
S2A_MSIL2A_20190620T031541_N0212_R118_T48PWT_20190620T072445,,,,10.584654,6.009417,53.011191,23.4714574524,1.442417,0.0,dbscl-sentinel-2-2019\dbscl-sentinel-2_2019-06\S2_2019-06-20_03-35-04\20190620T031541_20190620T033005_T48PWT_metadata.json,48PWT
S2A_MSIL2A_20190620T031541_N0212_R118_T48PVT_20190620T072445,,,,7.781772,3.779736,52.681112,24.2116487536,1.16955,0.0,dbscl-sentinel-2-2019\dbscl-sentinel-2_2019-06\S2_2019-06-20_03-35-08\20190620T031541_20190620T033005_T48PVT_metadata.json,48PVT
S2A_MSIL2A_20190620T031541_N0212_R118_T48PXS_20190620T072445,,,,10.007722,5.236153,62.144673,23.2266090488,4.088471,5e-05,dbscl-sentinel-2-2019\dbscl-sentinel-2_2019-06\S2_2019-06-20_03-35-15\20190620T031541_20190620T033005_T48PXS_metadata.json,48PXS
S2A_MSIL2A_20190620T031541_N0212_R118_T48PWS_20190620T072445,,,,11.322767,5.521628,57.461947,23.9408099178,3.326348,0.0,dbscl-sentinel-2-2019\dbscl-sentinel-2_2019-06\S2_2019-06-20_03-35-19\20190620T031541_20190620T033005_T48PWS_metadata.json,48PWS
S2A_MSIL2A_20190620T031541_N0212_R118_T48PVS_20190620T072445,,,,5.527619,1.138238,31.786782,24.6657808313,40.501201,0.001914,dbscl-sentinel-2-2019\dbscl-sentinel-2_2019-06\S2_2019-06-20_03-35-22\20190620T031541_20190620T033005_T48PVS_metadata.json,48PVS
S2A_MSIL2A_20190620T031541_N0212_R118_T48PUS_20190620T072445,,,,18.496609,0.501574,26.660207,25.399976304,50.462645,0.023394,dbscl-sentinel-2-2019\dbscl-sentinel-2_2019-06\S2_2019-06-20_03-35-25\20190620T031541_20190620T033005_T48PUS_metadata.json,48PUS
S2A_MSIL2A_20190620T031541_N0212_R118_T48PXR_20190620T072445,,,,34.351763,17.18913,24.291472,23.7343602756,22.666472,0.017524,dbscl-sentinel-2-2019\dbscl-sentinel-2_2019-06\S2_2019-06-20_03-35-30\20190620T031541_20190620T033005_T48PXR_metadata.json,48PXR
S2A_MSIL2A_20190620T031541_N0212_R118_T48PWR_20190620T072445,,,,29.508293,4.088692,24.691948,24.4327037146,12.623098,1.496293,dbscl-sentinel-2-2019\dbscl-sentinel-2_2019-06\S2_2019-06-20_03-35-33\20190620T031541_20190620T033005_T48PWR_metadata.json,48PWR
S2A_MSIL2A_20190620T031541_N0212_R118_T48PVR_20190620T072445,,,,6.108782,0.316064,8.146486,25.1424246643,74.247068,0.0,dbscl-sentinel-2-2019\dbscl-sentinel-2_2019-06\S2_2019-06-20_03-35-37\20190620T031541_20190620T033005_T48PVR_metadata.json,48PVR
S2A_MSIL2A_20190620T031541_N0212_R118_T48PUR_20190620T072445,,,,24.942284,7.068441,0.027897,25.8619764571,75.014657,0.0,dbscl-sentinel-2-2019\dbscl-sentinel-2_2019-06\S2_2019-06-20_03-35-39\20190620T031541_20190620T033005_T48PUR_metadata.json,48PUR
S2A_MSIL2A_20190620T031541_N0212_R118_T48PWQ_20190620T072445,,,,20.634311,10.934685,1.911543,24.9464321664,73.09826,0.389438,dbscl-sentinel-2-2019\dbscl-sentinel-2_2019-06\S2_2019-06-20_03-35-48\20190620T031541_20190620T033005_T48PWQ_metadata.json,48PWQ
S2A_MSIL2A_20190620T031541_N0212_R118_T48PVQ_20190620T072445,,,,38.904447,1.768262,1.344949,25.6409566087,54.427624,1.158035,dbscl-sentinel-2-2019\dbscl-sentinel-2_2019-06\S2_2019-06-20_03-35-51\20190620T031541_20190620T033005_T48PVQ_metadata.json,48PVQ
S2B_MSIL2A_20190625T031549_N0212_R118_T48PXS_20190625T082300,,,,32.432556,6.184212,43.001536,23.4075150815,2.266051,0.082691,dbscl-sentinel-2-2019\dbscl-sentinel-2_2019-06\S2_2019-06-25_03-35-20\20190625T031549_20190625T032832_T48PXS_metadata.json,48PXS
S2B_MSIL2A_20190625T031549_N0212_R118_T48PVS_20190625T082300,,,,33.778521,5.188961,13.615629,24.8529959247,32.701311,0.127408,dbscl-sentinel-2-2019\dbscl-sentinel-2_2019-06\S2_2019-06-25_03-35-26\20190625T031549_20190625T032832_T48PVS_metadata.json,48PVS
S2B_MSIL2A_20190625T031549_N0212_R118_T48PUS_20190625T082300,,,,44.84757,6.500661,12.74097,25.5899674374,35.350096,0.444647,dbscl-sentinel-2-2019\dbscl-sentinel-2_2019-06\S2_2019-06-25_03-35-30\20190625T031549_20190625T032832_T48PUS_metadata.json,48PUS
S2B_MSIL2A_20190625T031549_N0212_R118_T48PXR_20190625T082300,,,,42.270557,7.16776,20.0956,23.9103462316,22.532095,0.392259,dbscl-sentinel-2-2019\dbscl-sentinel-2_2019-06\S2_2019-06-25_03-35-34\20190625T031549_20190625T032832_T48PXR_metadata.json,48PXR
S2B_MSIL2A_20190625T031549_N0212_R118_T48PVR_20190625T082300,,,,34.552383,13.18634,1.171247,25.3251447853,56.959462,0.0,dbscl-sentinel-2-2019\dbscl-sentinel-2_2019-06\S2_2019-06-25_03-35-41\20190625T031549_20190625T032832_T48PVR_metadata.json,48PVR
S2B_MSIL2A_20190625T031549_N0212_R118_T48PUR_20190625T082300,,,,35.444782,21.267615,0.01097,26.0476666833,64.51261,0.0,dbscl-sentinel-2-2019\dbscl-sentinel-2_2019-06\S2_2019-06-25_03-35-44\20190625T031549_20190625T032832_T48PUR_metadata.json,48PUR
S2B_MSIL2A_20190625T031549_N0212_R118_T48PWQ_20190625T082300,,,,45.064186,16.250871,1.407109,25.1211966008,50.097477,0.404737,dbscl-sentinel-2-2019\dbscl-sentinel-2_2019-06\S2_2019-06-25_03-35-52\20190625T031549_20190625T032832_T48PWQ_metadata.json,48PWQ
S2B_MSIL2A_20190625T031549_N0212_R118_T48PVQ_20190625T082300,,,,34.372099,16.439059,1.821062,25.8191192678,59.376568,0.212677,dbscl-sentinel-2-2019\dbscl-sentinel-2_2019-06\S2_2019-06-25_03-35-56\20190625T031549_20190625T032832_T48PVQ_metadata.json,48PVQ
S2A_MSIL2A_20190630T031541_N0212_R118_T48PVS_20190630T070842,,,,49.687492,4.398655,5.478578,24.98133274,30.731359,1.098576,dbscl-sentinel-2-2019\dbscl-sentinel-2_2019-06\S2_2019-06-30_03-35-23\20190630T031541_20190630T032156_T48PVS_metadata.json,48PVS
S2A_MSIL2A_20190630T031541_N0212_R118_T48PVR_20190630T070842,,,,25.193115,6.248387,1.843013,25.4438658109,66.208386,0.0,dbscl-sentinel-2-2019\dbscl-sentinel-2_2019-06\S2_2019-06-30_03-35-37\20190630T031541_20190630T032156_T48PVR_metadata.json,48PVR
S2A_MSIL2A_20190630T031541_N0212_R118_T48PUR_20190630T070842,,,,18.527574,16.291545,0.049896,26.1725922962,81.412679,0.0,dbscl-sentinel-2-2019\dbscl-sentinel-2_2019-06\S2_2019-06-30_03-35-40\20190630T031541_20190630T032156_T48PUR_metadata.json,48PUR
S2A_MSIL2A_20190630T031541_N0212_R118_T48PWQ_20190630T070842,,,,46.359566,18.986502,1.408794,25.223759031,47.714829,0.661006,dbscl-sentinel-2-2019\dbscl-sentinel-2_2019-06\S2_2019-06-30_03-35-49\20190630T031541_20190630T032156_T48PWQ_metadata.json,48PWQ
S2A_MSIL2A_20190630T031541_N0212_R118_T48PVQ_20190630T070842,,,,21.798126,8.695844,3.332142,25.9284802479,69.281197,0.003517,dbscl-sentinel-2-2019\dbscl-sentinel-2_2019-06\S2_2019-06-30_03-35-52\20190630T031541_20190630T032156_T48PVQ_metadata.json,48PVQ
S2B_MSIL2A_20190705T031549_N0212_R118_T48PXT_20190705T072433,,,,37.118015,0.034902,41.491368,23.0620738527,0.745472,0.0,dbscl-sentinel-2-2019\dbscl-sentinel-2_2019-07\S2_2019-07-05_03-35-06\20190705T031549_20190705T032945_T48PXT_metadata.json,48PXT
S2B_MSIL2A_20190705T031549_N0212_R118_T48PWT_20190705T072433,,,,10.737369,0.003802,50.030392,23.8108112368,1.433672,0.0,dbscl-sentinel-2-2019\dbscl-sentinel-2_2019-07\S2_2019-07-05_03-35-09\20190705T031549_20190705T032945_T48PWT_metadata.json,48PWT
S2B_MSIL2A_20190705T031549_N0212_R118_T48PVT_20190705T072433,,,,16.164079,0.851425,42.396206,24.5684336095,0.997049,0.0,dbscl-sentinel-2-2019\dbscl-sentinel-2_2019-07\S2_2019-07-05_03-35-12\20190705T031549_20190705T032945_T48PVT_metadata.json,48PVT
S2B_MSIL2A_20190705T031549_N0212_R118_T48PXS_20190705T072433,,,,31.197478,2.477117,39.04168,23.5174511629,2.230554,0.62083,dbscl-sentinel-2-2019\dbscl-sentinel-2_2019-07\S2_2019-07-05_03-35-20\20190705T031549_20190705T032945_T48PXS_metadata.json,48PXS
S2B_MSIL2A_20190705T031549_N0212_R118_T48PWS_20190705T072433,,,,18.267628,4.282489,45.609349,24.2510351392,2.924606,0.0,dbscl-sentinel-2-2019\dbscl-sentinel-2_2019-07\S2_2019-07-05_03-35-24\20190705T031549_20190705T032945_T48PWS_metadata.json,48PWS
S2B_MSIL2A_20190705T031549_N0212_R118_T48PVS_20190705T072433,,,,9.735669,4.643807,28.89289,24.994172594,40.091315,0.001871,dbscl-sentinel-2-2019\dbscl-sentinel-2_2019-07\S2_2019-07-05_03-35-27\20190705T031549_20190705T032945_T48PVS_metadata.json,48PVS
S2B_MSIL2A_20190705T031549_N0212_R118_T48PUS_20190705T072433,,,,13.014152,0.093712,20.758812,25.7453999211,60.935581,0.082346,dbscl-sentinel-2-2019\dbscl-sentinel-2_2019-07\S2_2019-07-05_03-35-30\20190705T031549_20190705T032945_T48PUS_metadata.json,48PUS
S2B_MSIL2A_20190705T031549_N0212_R118_T48PXR_20190705T072433,,,,29.921787,7.714994,23.098767,23.9961353828,31.969681,0.701514,dbscl-sentinel-2-2019\dbscl-sentinel-2_2019-07\S2_2019-07-05_03-35-35\20190705T031549_20190705T032945_T48PXR_metadata.json,48PXR
S2B_MSIL2A_20190705T031549_N0212_R118_T48PWR_20190705T072433,,,,33.093098,8.56653,24.278104,24.7145025913,13.454856,0.23203,dbscl-sentinel-2-2019\dbscl-sentinel-2_2019-07\S2_2019-07-05_03-35-38\20190705T031549_20190705T032945_T48PWR_metadata.json,48PWR
S2B_MSIL2A_20190705T031549_N0212_R118_T48PVR_20190705T072433,,,,23.817147,10.568877,5.035806,25.4430479568,60.075581,0.0,dbscl-sentinel-2-2019\dbscl-sentinel-2_2019-07\S2_2019-07-05_03-35-41\20190705T031549_20190705T032945_T48PVR_metadata.json,48PVR
S2B_MSIL2A_20190705T031549_N0212_R118_T48PUR_20190705T072433,,,,37.326235,10.71654,0.054298,26.1802954921,62.611151,0.0,dbscl-sentinel-2-2019\dbscl-sentinel-2_2019-07\S2_2019-07-05_03-35-44\20190705T031549_20190705T032945_T48PUR_metadata.json,48PUR
S2A_MSIL2A_20190707T030551_N0212_R075_T48PXS_20190707T071338,,,,9.371188,5.298552,42.209253,25.563096723,23.107374,0.0,dbscl-sentinel-2-2019\dbscl-sentinel-2_2019-07\S2_2019-07-07_03-25-21\20190707T030551_20190707T031148_T48PXS_metadata.json,48PXS
S2A_MSIL2A_20190707T030551_N0212_R075_T48PXR_20190707T071338,,,,13.751962,11.112962,8.941458,26.0000313518,69.899243,0.001008,dbscl-sentinel-2-2019\dbscl-sentinel-2_2019-07\S2_2019-07-07_03-25-36\20190707T030551_20190707T031148_T48PXR_metadata.json,48PXR
S2B_MSIL2A_20190708T032549_N0213_R018_T48PUS_20190708T084525,,,,30.675274,5.787374,11.192623,23.6555182464,53.734034,0.777982,dbscl-sentinel-2-2019\dbscl-sentinel-2_2019-07\S2_2019-07-08_03-45-25\20190708T032549_20190708T034105_T48PUS_metadata.json,48PUS
S2B_MSIL2A_20190708T032549_N0213_R018_T48PUR_20190708T084525,,,,2.094917,0.913718,0.170072,24.1141672491,97.723287,0.0,dbscl-sentinel-2-2019\dbscl-sentinel-2_2019-07\S2_2019-07-08_03-45-40\20190708T032549_20190708T034105_T48PUR_metadata.json,48PUR
S2A_MSIL2A_20190710T031541_N0213_R118_T48PXT_20190710T074639,,,,33.397546,2.117035,43.440309,23.0061701267,0.564421,0.0,dbscl-sentinel-2-2019\dbscl-sentinel-2_2019-07\S2_2019-07-10_03-35-02\20190710T031541_20190710T032156_T48PXT_metadata.json,48PXT
S2A_MSIL2A_20190710T031541_N0213_R118_T48PWT_20190710T074639,,,,17.497742,0.644666,41.783097,23.7667095739,1.296466,0.0,dbscl-sentinel-2-2019\dbscl-sentinel-2_2019-07\S2_2019-07-10_03-35-06\20190710T031541_20190710T032156_T48PWT_metadata.json,48PWT
S2A_MSIL2A_20190710T031541_N0213_R118_T48PVT_20190710T074639,,,,6.406034,0.234747,53.560603,24.5354603048,0.906305,0.0,dbscl-sentinel-2-2019\dbscl-sentinel-2_2019-07\S2_2019-07-10_03-35-09\20190710T031541_20190710T032156_T48PVT_metadata.json,48PVT
S2A_MSIL2A_20190710T031541_N0213_R118_T48PXS_20190710T074639,,,,11.376113,1.170794,60.778373,23.4415685597,3.589746,0.000539,dbscl-sentinel-2-2019\dbscl-sentinel-2_2019-07\S2_2019-07-10_03-35-16\20190710T031541_20190710T032156_T48PXS_metadata.json,48PXS
S2A_MSIL2A_20190710T031541_N0213_R118_T48PWS_20190710T074639,,,,16.108579,0.429912,50.297588,24.187278422,2.512033,0.0,dbscl-sentinel-2-2019\dbscl-sentinel-2_2019-07\S2_2019-07-10_03-35-20\20190710T031541_20190710T032156_T48PWS_metadata.json,48PWS
S2A_MSIL2A_20190710T031541_N0213_R118_T48PVS_20190710T074639,,,,16.636372,2.830525,27.115616,24.9418945379,37.444481,0.007704,dbscl-sentinel-2-2019\dbscl-sentinel-2_2019-07\S2_2019-07-10_03-35-23\20190710T031541_20190710T032156_T48PVS_metadata.json,48PVS
S2A_MSIL2A_20190710T031541_N0213_R118_T48PUS_20190710T074639,,,,20.423447,8.048607,25.319019,25.703986743,49.593955,0.043702,dbscl-sentinel-2-2019\dbscl-sentinel-2_2019-07\S2_2019-07-10_03-35-27\20190710T031541_20190710T032156_T48PUS_metadata.json,48PUS
S2A_MSIL2A_20190710T031541_N0213_R118_T48PXR_20190710T074639,,,,15.221286,1.935649,31.24131,23.9011333384,38.348976,0.00592,dbscl-sentinel-2-2019\dbscl-sentinel-2_2019-07\S2_2019-07-10_03-35-31\20190710T031541_20190710T032156_T48PXR_metadata.json,48PXR
S2A_MSIL2A_20190710T031541_N0213_R118_T48PWR_20190710T074639,,,,20.627641,1.733403,28.448573,24.6318914966,16.755757,0.054804,dbscl-sentinel-2-2019\dbscl-sentinel-2_2019-07\S2_2019-07-10_03-35-35\20190710T031541_20190710T032156_T48PWR_metadata.json,48PWR
S2A_MSIL2A_20190710T031541_N0213_R118_T48PVR_20190710T074639,,,,11.233841,0.067372,6.980428,25.372194204,70.571923,0.0,dbscl-sentinel-2-2019\dbscl-sentinel-2_2019-07\S2_2019-07-10_03-35-38\20190710T031541_20190710T032156_T48PVR_metadata.json,48PVR
S2A_MSIL2A_20190710T031541_N0213_R118_T48PUR_20190710T074639,,,,16.173631,7.768365,0.045383,26.1205950693,83.763909,0.0,dbscl-sentinel-2-2019\dbscl-sentinel-2_2019-07\S2_2019-07-10_03-35-41\20190710T031541_20190710T032156_T48PUR_metadata.json,48PUR
S2A_MSIL2A_20190710T031541_N0213_R118_T48PWQ_20190710T074639,,,,16.634689,10.760465,2.601886,25.0997436028,75.410593,0.010017,dbscl-sentinel-2-2019\dbscl-sentinel-2_2019-07\S2_2019-07-10_03-35-49\20190710T031541_20190710T032156_T48PWQ_metadata.json,48PWQ
S2A_MSIL2A_20190710T031541_N0213_R118_T48PVQ_20190710T074639,,,,21.168875,14.760107,3.662075,25.8256178879,68.502259,0.004662,dbscl-sentinel-2-2019\dbscl-sentinel-2_2019-07\S2_2019-07-10_03-35-52\20190710T031541_20190710T032156_T48PVQ_metadata.json,48PVQ
S2B_MSIL2A_20190712T030549_N0213_R075_T48PXT_20190712T071225,,,,16.381577,1.188607,52.662438,25.0636630079,1.181554,0.0,dbscl-sentinel-2-2019\dbscl-sentinel-2_2019-07\S2_2019-07-12_03-25-11\20190712T030549_20190712T032057_T48PXT_metadata.json,48PXT
S2B_MSIL2A_20190712T030549_N0213_R075_T48PXS_20190712T071225,,,,15.261658,3.654622,37.529731,25.4576686214,21.817932,0.0,dbscl-sentinel-2-2019\dbscl-sentinel-2_2019-07\S2_2019-07-12_03-25-25\20190712T030549_20190712T032057_T48PXS_metadata.json,48PXS
S2B_MSIL2A_20190712T030549_N0213_R075_T48PXR_20190712T071225,,,,29.015714,17.846067,5.040154,25.8749062323,59.819031,0.000385,dbscl-sentinel-2-2019\dbscl-sentinel-2_2019-07\S2_2019-07-12_03-25-40\20190712T030549_20190712T032057_T48PXR_metadata.json,48PXR
S2A_MSIL2A_20190713T032541_N0213_R018_T48PUS_20190713T085832,,,,19.392911,2.260036,11.275096,23.5261454873,64.126116,0.862149,dbscl-sentinel-2-2019\dbscl-sentinel-2_2019-07\S2_2019-07-13_03-45-21\20190713T032541_20190713T034424_T48PUS_metadata.json,48PUS
S2A_MSIL2A_20190713T032541_N0213_R018_T48PUR_20190713T085832,,,,15.448597,8.526731,0.173211,23.9628100889,84.356987,0.0,dbscl-sentinel-2-2019\dbscl-sentinel-2_2019-07\S2_2019-07-13_03-45-36\20190713T032541_20190713T034424_T48PUR_metadata.json,48PUR
S2B_MSIL2A_20190715T031549_N0213_R118_T48PVT_20190715T082206,,,,42.205073,28.405628,31.672639,24.3921160261,0.373969,0.0,dbscl-sentinel-2-2019\dbscl-sentinel-2_2019-07\S2_2019-07-15_03-35-12\20190715T031549_20190715T033224_T48PVT_metadata.json,48PVT
S2B_MSIL2A_20190715T031549_N0213_R118_T48PVS_20190715T082206,,,,41.208227,28.053635,15.768318,24.7748517734,32.295048,0.054174,dbscl-sentinel-2-2019\dbscl-sentinel-2_2019-07\S2_2019-07-15_03-35-27\20190715T031549_20190715T033224_T48PVS_metadata.json,48PVS
S2A_MSIL2A_20190720T031541_N0213_R118_T48PXR_20190720T074514,,,,33.502177,5.820788,25.999558,23.4001065135,26.801825,0.011879,dbscl-sentinel-2-2019\dbscl-sentinel-2_2019-07\S2_2019-07-20_03-35-31\20190720T031541_20190720T033513_T48PXR_metadata.json,48PXR
S2A_MSIL2A_20190720T031541_N0213_R118_T48PWR_20190720T074514,,,,43.595313,8.687536,19.118744,24.1616411863,11.611847,0.025073,dbscl-sentinel-2-2019\dbscl-sentinel-2_2019-07\S2_2019-07-20_03-35-35\20190720T031541_20190720T033513_T48PWR_metadata.json,48PWR
S2A_MSIL2A_20190720T031541_N0213_R118_T48PWQ_20190720T074514,,,,31.211177,11.033022,2.04498,24.5801008582,61.954182,0.174953,dbscl-sentinel-2-2019\dbscl-sentinel-2_2019-07\S2_2019-07-20_03-35-49\20190720T031541_20190720T033513_T48PWQ_metadata.json,48PWQ
S2B_MSIL2A_20190722T030549_N0213_R075_T48PXS_20190722T075014,,,,34.226432,21.62842,29.74337,25.0256439629,21.50345,0.0,dbscl-sentinel-2-2019\dbscl-sentinel-2_2019-07\S2_2019-07-22_03-25-25\20190722T030549_20190722T031745_T48PXS_metadata.json,48PXS
S2B_MSIL2A_20190722T030549_N0213_R075_T48PXR_20190722T075014,,,,35.841992,32.201186,6.978588,25.3890441789,50.026494,6.7e-05,dbscl-sentinel-2-2019\dbscl-sentinel-2_2019-07\S2_2019-07-22_03-25-40\20190722T030549_20190722T031745_T48PXR_metadata.json,48PXR
S2A_MSIL2A_20190727T030551_N0213_R075_T48PXS_20190727T071442,,,,25.091127,3.352033,30.755216,24.7188900443,20.978896,0.002912,dbscl-sentinel-2-2019\dbscl-sentinel-2_2019-07\S2_2019-07-27_03-25-21\20190727T030551_20190727T031911_T48PXS_metadata.json,48PXS
S2A_MSIL2A_20190727T030551_N0213_R075_T48PXR_20190727T071442,,,,11.315493,3.58515,6.409031,25.0476887694,75.573021,0.001352,dbscl-sentinel-2-2019\dbscl-sentinel-2_2019-07\S2_2019-07-27_03-25-36\20190727T030551_20190727T031911_T48PXR_metadata.json,48PXR
S2B_MSIL2A_20190728T032549_N0213_R018_T48PUR_20190728T073527,,,,19.376338,13.448304,0.119078,22.9418947422,80.458611,0.0,dbscl-sentinel-2-2019\dbscl-sentinel-2_2019-07\S2_2019-07-28_03-45-39\20190728T032549_20190728T033721_T48PUR_metadata.json,48PUR
S2A_MSIL2A_20190730T031541_N0213_R118_T48PWT_20190730T071342,,,,36.181648,16.730142,31.158873,22.7724727776,0.922419,0.0,dbscl-sentinel-2-2019\dbscl-sentinel-2_2019-07\S2_2019-07-30_03-35-05\20190730T031541_20190730T032156_T48PWT_metadata.json,48PWT
S2A_MSIL2A_20190730T031541_N0213_R118_T48PVT_20190730T071342,,,,10.655364,3.192928,47.917706,23.6007273047,0.836011,0.0,dbscl-sentinel-2-2019\dbscl-sentinel-2_2019-07\S2_2019-07-30_03-35-08\20190730T031541_20190730T032156_T48PVT_metadata.json,48PVT
S2A_MSIL2A_20190730T031541_N0213_R118_T48PWS_20190730T071342,,,,46.983702,5.277063,27.999106,23.063681786,1.084751,0.0,dbscl-sentinel-2-2019\dbscl-sentinel-2_2019-07\S2_2019-07-30_03-35-20\20190730T031541_20190730T032156_T48PWS_metadata.json,48PWS
S2A_MSIL2A_20190730T031541_N0213_R118_T48PVS_20190730T071342,,,,41.460676,20.126142,20.492481,23.8803102113,24.459985,0.028819,dbscl-sentinel-2-2019\dbscl-sentinel-2_2019-07\S2_2019-07-30_03-35-23\20190730T031541_20190730T032156_T48PVS_metadata.json,48PVS
S2A_MSIL2A_20190730T031541_N0213_R118_T48PUS_20190730T071342,,,,35.816727,23.532128,17.259757,24.7010137755,40.340626,0.143843,dbscl-sentinel-2-2019\dbscl-sentinel-2_2019-07\S2_2019-07-30_03-35-26\20190730T031541_20190730T032156_T48PUS_metadata.json,48PUS
S2B_MSIL2A_20190801T030549_N0213_R075_T48PXT_20190801T080619,,,,41.90209,16.430961,34.805459,24.0738997804,0.876533,0.0,dbscl-sentinel-2-2019\dbscl-sentinel-2_2019-08\S2_2019-08-01_03-25-10\20190801T030549_20190801T031933_T48PXT_metadata.json,48PXT
S2B_MSIL2A_20190804T031549_N0213_R118_T48PWQ_20190804T072328,,,,38.124993,6.692078,1.480267,23.2076920328,53.434736,3.025431,dbscl-sentinel-2-2019\dbscl-sentinel-2_2019-08\S2_2019-08-04_03-35-52\20190804T031549_20190804T032944_T48PWQ_metadata.json,48PWQ
S2A_MSIL2A_20190812T032541_N0213_R018_T48PUR_20190812T090338,,,,22.838015,10.791117,0.168433,21.4586008008,76.960337,0.0,dbscl-sentinel-2-2019\dbscl-sentinel-2_2019-08\S2_2019-08-12_03-45-34\20190812T032541_20190812T034046_T48PUR_metadata.json,48PUR
S2B_MSIL2A_20190814T031549_N0213_R118_T48PXT_20190814T082907,,,,46.18133,3.884103,31.663489,20.7239705667,0.227009,0.0,dbscl-sentinel-2-2019\dbscl-sentinel-2_2019-08\S2_2019-08-14_03-35-03\20190814T031549_20190814T032755_T48PXT_metadata.json,48PXT
S2B_MSIL2A_20190814T031549_N0213_R118_T48PWT_20190814T082907,,,,27.216293,11.309826,35.424706,21.5949862462,1.597384,0.0,dbscl-sentinel-2-2019\dbscl-sentinel-2_2019-08\S2_2019-08-14_03-35-07\20190814T031549_20190814T032755_T48PWT_metadata.json,48PWT
S2B_MSIL2A_20190814T031549_N0213_R118_T48PVT_20190814T082907,,,,19.436233,5.233651,46.758059,22.4673810191,1.285401,0.0,dbscl-sentinel-2-2019\dbscl-sentinel-2_2019-08\S2_2019-08-14_03-35-10\20190814T031549_20190814T032755_T48PVT_metadata.json,48PVT
S2B_MSIL2A_20190814T031549_N0213_R118_T48PXS_20190814T082907,,,,42.689894,2.625491,34.909013,20.8625860383,0.544549,0.318381,dbscl-sentinel-2-2019\dbscl-sentinel-2_2019-08\S2_2019-08-14_03-35-18\20190814T031549_20190814T032755_T48PXS_metadata.json,48PXS
S2B_MSIL2A_20190814T031549_N0213_R118_T48PWS_20190814T082907,,,,38.051488,3.389379,29.649696,21.7259958734,1.320596,0.0,dbscl-sentinel-2-2019\dbscl-sentinel-2_2019-08\S2_2019-08-14_03-35-21\20190814T031549_20190814T032755_T48PWS_metadata.json,48PWS
S2B_MSIL2A_20190814T031549_N0213_R118_T48PVS_20190814T082907,,,,28.941271,15.619616,25.141305,22.5913377742,28.361925,0.003026,dbscl-sentinel-2-2019\dbscl-sentinel-2_2019-08\S2_2019-08-14_03-35-25\20190814T031549_20190814T032755_T48PVS_metadata.json,48PVS
S2B_MSIL2A_20190814T031549_N0213_R118_T48PUS_20190814T082907,,,,44.902943,32.74408,24.488734,23.4576680593,26.342833,0.000586,dbscl-sentinel-2-2019\dbscl-sentinel-2_2019-08\S2_2019-08-14_03-35-28\20190814T031549_20190814T032755_T48PUS_metadata.json,48PUS
S2A_MSIL2A_20190819T031541_N0213_R118_T48PXT_20190819T091330,,,,26.886867,0.864829,44.821858,20.366540807,0.271875,0.0,dbscl-sentinel-2-2019\dbscl-sentinel-2_2019-08\S2_2019-08-19_03-35-00\20190819T031541_20190819T033221_T48PXT_metadata.json,48PXT
S2A_MSIL2A_20190819T031541_N0213_R118_T48PWT_20190819T091330,,,,19.799995,7.534167,43.219253,21.2481745215,1.558273,0.0,dbscl-sentinel-2-2019\dbscl-sentinel-2_2019-08\S2_2019-08-19_03-35-03\20190819T031541_20190819T033221_T48PWT_metadata.json,48PWT
S2A_MSIL2A_20190819T031541_N0213_R118_T48PVT_20190819T091330,,,,26.116638,14.309776,45.643118,22.1304097602,0.763406,0.0,dbscl-sentinel-2-2019\dbscl-sentinel-2_2019-08\S2_2019-08-19_03-35-06\20190819T031541_20190819T033221_T48PVT_metadata.json,48PVT
S2A_MSIL2A_20190819T031541_N0213_R118_T48PXS_20190819T091330,,,,29.990949,4.057096,36.016306,20.4360408586,0.795909,0.007775,dbscl-sentinel-2-2019\dbscl-sentinel-2_2019-08\S2_2019-08-19_03-35-14\20190819T031541_20190819T033221_T48PXS_metadata.json,48PXS
S2A_MSIL2A_20190819T031541_N0213_R118_T48PWS_20190819T091330,,,,33.444203,1.904029,30.302706,21.3125500639,1.129167,0.0,dbscl-sentinel-2-2019\dbscl-sentinel-2_2019-08\S2_2019-08-19_03-35-18\20190819T031541_20190819T033221_T48PWS_metadata.json,48PWS
S2A_MSIL2A_20190819T031541_N0213_R118_T48PVS_20190819T091330,,,,26.114612,6.57322,24.881443,22.1900400608,31.585813,0.000561,dbscl-sentinel-2-2019\dbscl-sentinel-2_2019-08\S2_2019-08-19_03-35-21\20190819T031541_20190819T033221_T48PVS_metadata.json,48PVS
S2A_MSIL2A_20190819T031541_N0213_R118_T48PUS_20190819T091330,,,,20.343253,6.385154,22.993976,23.0676615852,49.806145,0.000492,dbscl-sentinel-2-2019\dbscl-sentinel-2_2019-08\S2_2019-08-19_03-35-24\20190819T031541_20190819T033221_T48PUS_metadata.json,48PUS
S2A_MSIL2A_20190819T031541_N0213_R118_T48PXR_20190819T091330,,,,48.928109,8.752155,18.263695,20.5428239052,18.65471,0.003684,dbscl-sentinel-2-2019\dbscl-sentinel-2_2019-08\S2_2019-08-19_03-35-29\20190819T031541_20190819T033221_T48PXR_metadata.json,48PXR
S2A_MSIL2A_20190819T031541_N0213_R118_T48PWR_20190819T091330,,,,32.963328,3.929093,21.615823,21.4127988061,10.49073,0.007313,dbscl-sentinel-2-2019\dbscl-sentinel-2_2019-08\S2_2019-08-19_03-35-32\20190819T031541_20190819T033221_T48PWR_metadata.json,48PWR
S2A_MSIL2A_20190819T031541_N0213_R118_T48PVR_20190819T091330,,,,15.878842,6.589556,6.420197,22.2842456433,66.722411,0.0,dbscl-sentinel-2-2019\dbscl-sentinel-2_2019-08\S2_2019-08-19_03-35-35\20190819T031541_20190819T033221_T48PVR_metadata.json,48PVR
S2A_MSIL2A_20190819T031541_N0213_R118_T48PUR_20190819T091330,,,,13.615372,8.875048,0.044012,23.1562636396,86.325407,0.0,dbscl-sentinel-2-2019\dbscl-sentinel-2_2019-08\S2_2019-08-19_03-35-38\20190819T031541_20190819T033221_T48PUR_metadata.json,48PUR
S2A_MSIL2A_20190819T031541_N0213_R118_T48PWQ_20190819T091330,,,,18.052548,10.571093,2.574364,21.5486625826,74.267608,0.002485,dbscl-sentinel-2-2019\dbscl-sentinel-2_2019-08\S2_2019-08-19_03-35-47\20190819T031541_20190819T033221_T48PWQ_metadata.json,48PWQ
S2A_MSIL2A_20190819T031541_N0213_R118_T48PVQ_20190819T091330,,,,15.395443,8.699735,4.202873,22.4128058816,73.66842,0.000236,dbscl-sentinel-2-2019\dbscl-sentinel-2_2019-08\S2_2019-08-19_03-35-50\20190819T031541_20190819T033221_T48PVQ_metadata.json,48PVQ
S2B_MSIL2A_20190821T030549_N0213_R075_T48PXS_20190821T083241,,,,49.041633,6.497677,17.756034,22.6918991506,15.738915,0.130483,dbscl-sentinel-2-2019\dbscl-sentinel-2_2019-08\S2_2019-08-21_03-25-21\20190821T030549_20190821T032020_T48PXS_metadata.json,48PXS
S2B_MSIL2A_20190821T030549_N0213_R075_T48PXR_20190821T083241,,,,29.025451,13.468727,4.12505,22.7623773434,60.583204,0.003126,dbscl-sentinel-2-2019\dbscl-sentinel-2_2019-08\S2_2019-08-21_03-25-36\20190821T030549_20190821T032020_T48PXR_metadata.json,48PXR
S2B_MSIL2A_20190831T030549_N0213_R075_T48PXR_20190831T090354,,,,40.698177,10.618062,1.316306,22.0483003387,55.154014,0.039282,dbscl-sentinel-2-2019\dbscl-sentinel-2_2019-08\S2_2019-08-31_03-25-35\20190831T030549_20190831T031954_T48PXR_metadata.json,48PXR
S2A_MSIL2A_20190901T032541_N0213_R018_T48PUR_20190901T073044,,,,46.416602,10.564277,0.050018,19.7650996896,53.492624,0.0,dbscl-sentinel-2-2019\dbscl-sentinel-2_2019-09\S2_2019-09-01_03-45-31\20190901T032541_20190901T034433_T48PUR_metadata.json,48PUR
S2A_MSIL2A_20190905T030541_N0213_R075_T48PXR_20190905T070954,,,,39.838193,11.35615,4.684668,21.8534864592,47.311607,0.000144,dbscl-sentinel-2-2019\dbscl-sentinel-2_2019-09\S2_2019-09-05_03-25-31\20190905T030541_20190905T032348_T48PXR_metadata.json,48PXR
S2B_MSIL2A_20190906T032539_N0213_R018_T48PUR_20190906T092042,,,,47.205755,40.408751,0.162834,19.586044567,52.617258,0.0,dbscl-sentinel-2-2019\dbscl-sentinel-2_2019-09\S2_2019-09-06_03-45-33\20190906T032539_20190906T034254_T48PUR_metadata.json,48PUR
S2A_MSIL2A_20190911T032541_N0213_R018_T48PUR_20190911T091616,,,,31.190756,26.866421,0.169126,19.5874786232,65.239578,0.0,dbscl-sentinel-2-2019\dbscl-sentinel-2_2019-09\S2_2019-09-11_03-45-29\20190911T032541_20190911T034449_T48PUR_metadata.json,48PUR
S2B_MSIL2A_20190923T031539_N0213_R118_T48PXT_20190923T091155,,,,44.002293,1.418047,30.468684,21.0793114201,0.660339,0.0,dbscl-sentinel-2-2019\dbscl-sentinel-2_2019-09\S2_2019-09-23_03-34-56\20190923T031539_20190923T033131_T48PXT_metadata.json,48PXT
S2B_MSIL2A_20190923T031539_N0213_R118_T48PWT_20190923T091155,,,,40.683208,15.548651,19.861016,21.8480982496,15.528399,0.0,dbscl-sentinel-2-2019\dbscl-sentinel-2_2019-09\S2_2019-09-23_03-35-00\20190923T031539_20190923T033131_T48PWT_metadata.json,48PWT
S2B_MSIL2A_20190923T031539_N0213_R118_T48PXS_20190923T091155,,,,45.863829,18.552101,28.093514,20.5801731052,1.47231,0.034071,dbscl-sentinel-2-2019\dbscl-sentinel-2_2019-09\S2_2019-09-23_03-35-11\20190923T031539_20190923T033131_T48PXS_metadata.json,48PXS
S2B_MSIL2A_20190923T031539_N0213_R118_T48PWS_20190923T091155,,,,27.237796,2.653764,25.474256,21.3634895263,14.510401,0.0,dbscl-sentinel-2-2019\dbscl-sentinel-2_2019-09\S2_2019-09-23_03-35-15\20190923T031539_20190923T033131_T48PWS_metadata.json,48PWS
S2B_MSIL2A_20190923T031539_N0213_R118_T48PVS_20190923T091155,,,,36.094753,5.180318,11.890007,22.1543984088,34.35044,1.302394,dbscl-sentinel-2-2019\dbscl-sentinel-2_2019-09\S2_2019-09-23_03-35-18\20190923T031539_20190923T033131_T48PVS_metadata.json,48PVS
S2B_MSIL2A_20190923T031539_N0213_R118_T48PXR_20190923T091155,,,,43.826392,8.643816,18.911536,20.1078714625,15.737852,0.081215,dbscl-sentinel-2-2019\dbscl-sentinel-2_2019-09\S2_2019-09-23_03-35-26\20190923T031539_20190923T033131_T48PXR_metadata.json,48PXR
S2B_MSIL2A_20190923T031539_N0213_R118_T48PWR_20190923T091155,,,,29.407806,7.495646,11.699442,20.9054495298,14.699708,0.620741,dbscl-sentinel-2-2019\dbscl-sentinel-2_2019-09\S2_2019-09-23_03-35-29\20190923T031539_20190923T033131_T48PWR_metadata.json,48PWR
S2B_MSIL2A_20190923T031539_N0213_R118_T48PVR_20190923T091155,,,,33.039824,7.448409,0.93725,21.7098040011,56.506968,0.0,dbscl-sentinel-2-2019\dbscl-sentinel-2_2019-09\S2_2019-09-23_03-35-32\20190923T031539_20190923T033131_T48PVR_metadata.json,48PVR
S2B_MSIL2A_20190923T031539_N0213_R118_T48PUR_20190923T091155,,,,15.377835,12.278879,0.046682,22.5195261015,84.57166,0.0,dbscl-sentinel-2-2019\dbscl-sentinel-2_2019-09\S2_2019-09-23_03-35-35\20190923T031539_20190923T033131_T48PUR_metadata.json,48PUR
S2B_MSIL2A_20190923T031539_N0213_R118_T48PWQ_20190923T091155,,,,21.559487,17.164353,0.719098,20.4752399109,71.144408,0.034446,dbscl-sentinel-2-2019\dbscl-sentinel-2_2019-09\S2_2019-09-23_03-35-44\20190923T031539_20190923T033131_T48PWQ_metadata.json,48PWQ
S2B_MSIL2A_20190923T031539_N0213_R118_T48PVQ_20190923T091155,,,,29.686988,12.073878,0.265119,21.2926291266,62.832838,0.113055,dbscl-sentinel-2-2019\dbscl-sentinel-2_2019-09\S2_2019-09-23_03-35-47\20190923T031539_20190923T033131_T48PVQ_metadata.json,48PVQ
S2A_MSIL2A_20190925T030541_N0213_R075_T48PXS_20190925T091801,,,,6.430343,2.273327,40.983853,22.9679095678,26.261252,0.0001,dbscl-sentinel-2-2019\dbscl-sentinel-2_2019-09\S2_2019-09-25_03-25-17\20190925T030541_20190925T032110_T48PXS_metadata.json,48PXS
S2A_MSIL2A_20190925T030541_N0213_R075_T48PXR_20190925T091801,,,,15.425707,12.149684,6.817185,22.5115663125,68.759412,0.0,dbscl-sentinel-2-2019\dbscl-sentinel-2_2019-09\S2_2019-09-25_03-25-32\20190925T030541_20190925T032110_T48PXR_metadata.json,48PXR
S2A_MSIL2A_20190928T031541_N0213_R118_T48PXT_20190928T072156,,,,19.60729,2.190187,59.594023,21.839039701,1.980225,0.0,dbscl-sentinel-2-2019\dbscl-sentinel-2_2019-09\S2_2019-09-28_03-34-58\20190928T031541_20190928T033351_T48PXT_metadata.json,48PXT
S2A_MSIL2A_20190928T031541_N0213_R118_T48PWT_20190928T072156,,,,27.296413,22.222637,39.658636,22.5663021629,13.497251,0.0,dbscl-sentinel-2-2019\dbscl-sentinel-2_2019-09\S2_2019-09-28_03-35-02\20190928T031541_20190928T033351_T48PWT_metadata.json,48PWT
S2A_MSIL2A_20190928T031541_N0213_R118_T48PXR_20190928T072156,,,,47.247456,1.01532,10.303085,20.7319809258,23.123816,1.873064,dbscl-sentinel-2-2019\dbscl-sentinel-2_2019-09\S2_2019-09-28_03-35-27\20190928T031541_20190928T033351_T48PXR_metadata.json,48PXR
S2A_MSIL2A_20190928T031541_N0213_R118_T48PWR_20190928T072156,,,,45.355798,2.840705,6.258152,21.4896709685,13.295679,3.232303,dbscl-sentinel-2-2019\dbscl-sentinel-2_2019-09\S2_2019-09-28_03-35-31\20190928T031541_20190928T033351_T48PWR_metadata.json,48PWR
S2B_MSIL2A_20191003T031549_N0213_R118_T48PXT_20191003T082409,,,,17.27032,0.606406,52.508509,22.7632757306,4.233051,0.0,dbscl-sentinel-2-2019\dbscl-sentinel-2_2019-10\S2_2019-10-03_03-34-57\20191003T031549_20191003T032936_T48PXT_metadata.json,48PXT
S2B_MSIL2A_20191003T031549_N0213_R118_T48PWT_20191003T082409,,,,18.297545,3.678076,34.887919,23.4474551857,20.438939,0.0,dbscl-sentinel-2-2019\dbscl-sentinel-2_2019-10\S2_2019-10-03_03-35-01\20191003T031549_20191003T032936_T48PWT_metadata.json,48PWT
S2B_MSIL2A_20191003T031549_N0213_R118_T48PVT_20191003T082409,,,,11.21649,3.981514,60.084969,24.1442074743,9.534677,0.0,dbscl-sentinel-2-2019\dbscl-sentinel-2_2019-10\S2_2019-10-03_03-35-04\20191003T031549_20191003T032936_T48PVT_metadata.json,48PVT
S2B_MSIL2A_20191003T031549_N0213_R118_T48PXS_20191003T082409,,,,12.693882,1.862825,47.44809,22.1419401403,10.092133,0.017392,dbscl-sentinel-2-2019\dbscl-sentinel-2_2019-10\S2_2019-10-03_03-35-12\20191003T031549_20191003T032936_T48PXS_metadata.json,48PXS
S2B_MSIL2A_20191003T031549_N0213_R118_T48PWS_20191003T082409,,,,15.982681,3.897453,30.139762,22.8412425631,25.542989,0.0,dbscl-sentinel-2-2019\dbscl-sentinel-2_2019-10\S2_2019-10-03_03-35-16\20191003T031549_20191003T032936_T48PWS_metadata.json,48PWS
S2B_MSIL2A_20191003T031549_N0213_R118_T48PVS_20191003T082409,,,,21.012365,13.527554,26.371866,23.5526387307,37.934843,0.105039,dbscl-sentinel-2-2019\dbscl-sentinel-2_2019-10\S2_2019-10-03_03-35-19\20191003T031549_20191003T032936_T48PVS_metadata.json,48PVS
S2B_MSIL2A_20191003T031549_N0213_R118_T48PUS_20191003T082409,,,,18.7059,8.517275,22.085948,24.2744519093,53.964573,1.058394,dbscl-sentinel-2-2019\dbscl-sentinel-2_2019-10\S2_2019-10-03_03-35-22\20191003T031549_20191003T032936_T48PUS_metadata.json,48PUS
S2B_MSIL2A_20191003T031549_N0213_R118_T48PXR_20191003T082409,,,,28.871795,9.32467,22.330011,21.5395678281,28.766987,0.029562,dbscl-sentinel-2-2019\dbscl-sentinel-2_2019-10\S2_2019-10-03_03-35-27\20191003T031549_20191003T032936_T48PXR_metadata.json,48PXR
S2B_MSIL2A_20191003T031549_N0213_R118_T48PWR_20191003T082409,,,,24.214097,11.881749,18.006742,22.2543031228,19.758475,0.008504,dbscl-sentinel-2-2019\dbscl-sentinel-2_2019-10\S2_2019-10-03_03-35-30\20191003T031549_20191003T032936_T48PWR_metadata.json,48PWR
S2B_MSIL2A_20191003T031549_N0213_R118_T48PVR_20191003T082409,,,,28.948012,19.487698,5.467872,22.9805665932,54.468805,0.0,dbscl-sentinel-2-2019\dbscl-sentinel-2_2019-10\S2_2019-10-03_03-35-33\20191003T031549_20191003T032936_T48PVR_metadata.json,48PVR
S2B_MSIL2A_20191003T031549_N0213_R118_T48PUR_20191003T082409,,,,29.235482,20.459978,0.061805,23.716674884,70.676947,0.0,dbscl-sentinel-2-2019\dbscl-sentinel-2_2019-10\S2_2019-10-03_03-35-36\20191003T031549_20191003T032936_T48PUR_metadata.json,48PUR
S2B_MSIL2A_20191003T031549_N0213_R118_T48PWQ_20191003T082409,,,,4.465387,0.810054,2.964542,21.6874498823,87.35851,0.219097,dbscl-sentinel-2-2019\dbscl-sentinel-2_2019-10\S2_2019-10-03_03-35-45\20191003T031549_20191003T032936_T48PWQ_metadata.json,48PWQ
S2B_MSIL2A_20191003T031549_N0213_R118_T48PVQ_20191003T082409,,,,18.176818,7.62734,3.410533,22.4287545877,72.433656,0.552045,dbscl-sentinel-2-2019\dbscl-sentinel-2_2019-10\S2_2019-10-03_03-35-48\20191003T031549_20191003T032936_T48PVQ_metadata.json,48PVQ
S2A_MSIL2A_20191005T030601_N0213_R075_T48PXS_20191005T070810,,,,44.817951,25.530168,24.77823,24.4318213904,10.325542,0.045409,dbscl-sentinel-2-2019\dbscl-sentinel-2_2019-10\S2_2019-10-05_03-25-18\20191005T030601_20191005T032444_T48PXS_metadata.json,48PXS
S2A_MSIL2A_20191005T030601_N0213_R075_T48PXR_20191005T070810,,,,35.205818,21.258776,4.389458,23.8545696892,53.863889,0.10826,dbscl-sentinel-2-2019\dbscl-sentinel-2_2019-10\S2_2019-10-05_03-25-33\20191005T030601_20191005T032444_T48PXR_metadata.json,48PXR
S2A_MSIL2A_20191008T031621_N0213_R118_T48PWQ_20191008T074113,,,,19.561468,8.761059,2.305994,22.5405331902,76.177371,0.062797,dbscl-sentinel-2-2019\dbscl-sentinel-2_2019-10\S2_2019-10-08_03-35-46\20191008T031621_20191008T031730_T48PWQ_metadata.json,48PWQ
S2A_MSIL2A_20191011T032651_N0213_R018_T48PUS_20191011T091243,,,,11.334293,3.714162,16.415343,23.9603512169,68.599313,0.106535,dbscl-sentinel-2-2019\dbscl-sentinel-2_2019-10\S2_2019-10-11_03-45-19\20191011T032651_20191011T034152_T48PUS_metadata.json,48PUS
S2B_MSIL2A_20191013T031649_N0213_R118_T48PXT_20191013T090722,,,,23.260785,1.465303,49.77279,24.98162566,3.584469,0.0,dbscl-sentinel-2-2019\dbscl-sentinel-2_2019-10\S2_2019-10-13_03-34-58\20191013T031649_20191013T033422_T48PXT_metadata.json,48PXT
S2B_MSIL2A_20191013T031649_N0213_R118_T48PWT_20191013T090722,,,,26.089284,0.003958,29.187626,25.5821362693,14.70636,0.0,dbscl-sentinel-2-2019\dbscl-sentinel-2_2019-10\S2_2019-10-13_03-35-02\20191013T031649_20191013T033422_T48PWT_metadata.json,48PWT
S2B_MSIL2A_20191013T031649_N0213_R118_T48PVT_20191013T090722,,,,23.000991,0.112754,47.57809,26.1979201291,7.793728,0.0,dbscl-sentinel-2-2019\dbscl-sentinel-2_2019-10\S2_2019-10-13_03-35-05\20191013T031649_20191013T033422_T48PVT_metadata.json,48PVT
S2B_MSIL2A_20191013T031649_N0213_R118_T48PWS_20191013T090722,,,,39.029164,8.595332,18.960433,24.8882156886,11.787595,0.0,dbscl-sentinel-2-2019\dbscl-sentinel-2_2019-10\S2_2019-10-13_03-35-16\20191013T031649_20191013T033422_T48PWS_metadata.json,48PWS
S2B_MSIL2A_20191013T031649_N0213_R118_T48PVS_20191013T090722,,,,28.810476,16.072658,21.352762,25.5175045266,31.218439,0.30339,dbscl-sentinel-2-2019\dbscl-sentinel-2_2019-10\S2_2019-10-13_03-35-19\20191013T031649_20191013T033422_T48PVS_metadata.json,48PVS
S2B_MSIL2A_20191013T031649_N0213_R118_T48PUS_20191013T090722,,,,33.391832,19.809274,19.161044,26.1602912098,41.954944,0.0,dbscl-sentinel-2-2019\dbscl-sentinel-2_2019-10\S2_2019-10-13_03-35-23\20191013T031649_20191013T033422_T48PUS_metadata.json,48PUS
S2B_MSIL2A_20191013T031649_N0213_R118_T48PUR_20191013T090722,,,,20.500087,14.205095,0.001992,25.5072831756,79.467446,0.0,dbscl-sentinel-2-2019\dbscl-sentinel-2_2019-10\S2_2019-10-13_03-35-37\20191013T031649_20191013T033422_T48PUR_metadata.json,48PUR
S2B_MSIL2A_20191013T031649_N0213_R118_T48PWQ_20191013T090722,,,,8.712891,3.295254,3.07426,23.5402385582,83.383811,0.029831,dbscl-sentinel-2-2019\dbscl-sentinel-2_2019-10\S2_2019-10-13_03-35-45\20191013T031649_20191013T033422_T48PWQ_metadata.json,48PWQ
S2B_MSIL2A_20191013T031649_N0213_R118_T48PVQ_20191013T090722,,,,14.719848,7.940402,3.478057,24.1979750059,76.410282,0.007983,dbscl-sentinel-2-2019\dbscl-sentinel-2_2019-10\S2_2019-10-13_03-35-49\20191013T031649_20191013T033422_T48PVQ_metadata.json,48PVQ
S2A_MSIL2A_20191015T030701_N0213_R075_T48PXS_20191015T073109,,,,14.797459,4.133844,39.161775,26.4286036441,20.702931,0.003279,dbscl-sentinel-2-2019\dbscl-sentinel-2_2019-10\S2_2019-10-15_03-25-19\20191015T030701_20191015T030849_T48PXS_metadata.json,48PXS
S2A_MSIL2A_20191015T030701_N0213_R075_T48PXR_20191015T073109,,,,21.761756,12.194394,6.709924,25.761850798,65.094823,0.000476,dbscl-sentinel-2-2019\dbscl-sentinel-2_2019-10\S2_2019-10-15_03-25-34\20191015T030701_20191015T030849_T48PXR_metadata.json,48PXR
S2B_MSIL2A_20191016T032719_N0213_R018_T48PUS_20191016T090634,,,,20.530088,11.223,15.812823,25.1381476306,59.958333,0.05087,dbscl-sentinel-2-2019\dbscl-sentinel-2_2019-10\S2_2019-10-16_03-45-18\20191016T032719_20191016T033250_T48PUS_metadata.json,48PUS
S2B_MSIL2A_20191016T032719_N0213_R018_T48PUR_20191016T090634,,,,20.951952,12.207925,0.033968,24.4209223658,79.000497,0.0,dbscl-sentinel-2-2019\dbscl-sentinel-2_2019-10\S2_2019-10-16_03-45-27\20191016T032719_20191016T033250_T48PUR_metadata.json,48PUR
S2B_MSIL2A_20191016T032719_N0213_R018_T48PUR_20191016T091640,,,,45.407406,20.187478,0.000804,24.4209223658,54.583287,0.0,dbscl-sentinel-2-2019\dbscl-sentinel-2_2019-10\S2_2019-10-16_03-45-34\20191016T032719_20191016T034524_T48PUR_metadata.json,48PUR
S2A_MSIL2A_20191018T031731_N0213_R118_T48PWT_20191018T091001,,,,28.435009,19.453429,38.434443,26.7868512032,8.652239,0.0,dbscl-sentinel-2-2019\dbscl-sentinel-2_2019-10\S2_2019-10-18_03-35-04\20191018T031731_20191018T033408_T48PWT_metadata.json,48PWT
S2A_MSIL2A_20191018T031731_N0213_R118_T48PXS_20191018T091001,,,,37.246263,9.445724,33.24129,25.4851579704,5.86115,0.04473,dbscl-sentinel-2-2019\dbscl-sentinel-2_2019-10\S2_2019-10-18_03-35-14\20191018T031731_20191018T033408_T48PXS_metadata.json,48PXS
S2A_MSIL2A_20191018T031731_N0213_R118_T48PWS_20191018T091001,,,,34.323949,21.58251,26.777041,26.0603880921,10.29347,0.0,dbscl-sentinel-2-2019\dbscl-sentinel-2_2019-10\S2_2019-10-18_03-35-18\20191018T031731_20191018T033408_T48PWS_metadata.json,48PWS
S2A_MSIL2A_20191018T031731_N0213_R118_T48PVS_20191018T091001,,,,37.112455,25.213662,18.114373,26.6516307266,31.155276,0.020591,dbscl-sentinel-2-2019\dbscl-sentinel-2_2019-10\S2_2019-10-18_03-35-21\20191018T031731_20191018T033408_T48PVS_metadata.json,48PVS
S2A_MSIL2A_20191018T031731_N0213_R118_T48PUS_20191018T091001,,,,32.334852,15.583286,16.501005,27.2573240211,47.463986,0.586629,dbscl-sentinel-2-2019\dbscl-sentinel-2_2019-10\S2_2019-10-18_03-35-25\20191018T031731_20191018T033408_T48PUS_metadata.json,48PUS
S2A_MSIL2A_20191021T032751_N0213_R018_T48PUS_20191021T071108,,,,35.061001,16.766247,14.70965,26.3823673428,46.13502,0.008408,dbscl-sentinel-2-2019\dbscl-sentinel-2_2019-10\S2_2019-10-21_03-45-20\20191021T032751_20191021T033259_T48PUS_metadata.json,48PUS
S2B_MSIL2A_20191023T031759_N0213_R118_T48PXT_20191025T165922,,,,27.858605,1.11028,39.53985,27.5351206814,3.376222,0.0,dbscl-sentinel-2-2019\dbscl-sentinel-2_2019-10\S2_2019-10-23_03-34-58\20191023T031759_20191023T033438_T48PXT_metadata.json,48PXT
S2B_MSIL2A_20191023T031759_N0213_R118_T48PWT_20191025T165922,,,,28.32461,2.881815,31.382161,28.0641690799,10.603486,0.0,dbscl-sentinel-2-2019\dbscl-sentinel-2_2019-10\S2_2019-10-23_03-35-02\20191023T031759_20191023T033438_T48PWT_metadata.json,48PWT
S2B_MSIL2A_20191023T031759_N0213_R118_T48PVT_20191025T165922,,,,24.348588,2.254935,49.356756,28.6095788339,5.578026,0.0,dbscl-sentinel-2-2019\dbscl-sentinel-2_2019-10\S2_2019-10-23_03-35-05\20191023T031759_20191023T033438_T48PVT_metadata.json,48PVT
S2B_MSIL2A_20191023T031759_N0213_R118_T48PXS_20191025T165922,,,,32.016576,8.684911,31.320113,26.7713745687,4.457586,0.099402,dbscl-sentinel-2-2019\dbscl-sentinel-2_2019-10\S2_2019-10-23_03-35-12\20191023T031759_20191023T033438_T48PXS_metadata.json,48PXS
S2B_MSIL2A_20191023T031759_N0213_R118_T48PWS_20191025T165922,,,,36.959592,16.943395,23.243083,27.3119071691,9.345493,0.0,dbscl-sentinel-2-2019\dbscl-sentinel-2_2019-10\S2_2019-10-23_03-35-16\20191023T031759_20191023T033438_T48PWS_metadata.json,48PWS
S2B_MSIL2A_20191023T031759_N0213_R118_T48PVS_20191025T165922,,,,36.119644,10.305516,18.674284,27.8689117383,27.501759,0.122017,dbscl-sentinel-2-2019\dbscl-sentinel-2_2019-10\S2_2019-10-23_03-35-19\20191023T031759_20191023T033438_T48PVS_metadata.json,48PVS
S2A_MSIL2A_20191025T030811_N0213_R075_T48PXT_20191025T071355,,,,25.138459,0.137309,45.404351,29.5179106313,1.590638,0.0,dbscl-sentinel-2-2019\dbscl-sentinel-2_2019-10\S2_2019-10-25_03-25-05\20191025T030811_20191025T032242_T48PXT_metadata.json,48PXT
S2A_MSIL2A_20191025T030811_N0213_R075_T48PXS_20191025T071355,,,,24.529865,3.984135,37.196293,28.7811555362,15.885125,0.001259,dbscl-sentinel-2-2019\dbscl-sentinel-2_2019-10\S2_2019-10-25_03-25-19\20191025T030811_20191025T032242_T48PXS_metadata.json,48PXS
S2B_MSIL2A_20191026T032819_N0213_R018_T48PUS_20191026T073604,,,,15.909388,9.488693,16.622216,27.6867725404,63.301641,0.003331,dbscl-sentinel-2-2019\dbscl-sentinel-2_2019-10\S2_2019-10-26_03-45-17\20191026T032819_20191026T033756_T48PUS_metadata.json,48PUS
S2B_MSIL2A_20191026T032819_N0213_R018_T48PUR_20191026T073604,,,,30.440994,26.28679,0.035769,26.9170999914,69.501573,0.0,dbscl-sentinel-2-2019\dbscl-sentinel-2_2019-10\S2_2019-10-26_03-45-32\20191026T032819_20191026T033756_T48PUR_metadata.json,48PUR
S2B_MSIL2A_20191030T030839_N0213_R075_T48PXS_20191030T075920,,,,30.613466,12.779854,32.405031,30.0345005407,16.004667,0.000107,dbscl-sentinel-2-2019\dbscl-sentinel-2_2019-10\S2_2019-10-30_03-25-17\20191030T030839_20191030T032416_T48PXS_metadata.json,48PXS
S2A_MSIL2A_20191104T030911_N0213_R075_T48PXR_20191104T071119,,,,37.043886,15.713303,5.069646,30.5207820113,53.521889,0.000209,dbscl-sentinel-2-2019\dbscl-sentinel-2_2019-11\S2_2019-11-04_03-25-34\20191104T030911_20191104T031229_T48PXR_metadata.json,48PXR
S2A_MSIL2A_20191107T031931_N0213_R118_T48PXS_20191107T071820,,,,48.770887,8.073466,15.86813,30.7263608212,4.545546,1.948344,dbscl-sentinel-2-2019\dbscl-sentinel-2_2019-11\S2_2019-11-07_03-35-14\20191107T031931_20191107T032540_T48PXS_metadata.json,48PXS
S2B_MSIL2A_20191112T031949_N0213_R118_T48PXT_20191112T072803,,,,36.424489,0.099897,31.523928,32.8251216899,3.149254,0.0,dbscl-sentinel-2-2019\dbscl-sentinel-2_2019-11\S2_2019-11-12_03-34-56\20191112T031949_20191112T032819_T48PXT_metadata.json,48PXT
S2B_MSIL2A_20191112T031949_N0213_R118_T48PXS_20191112T072803,,,,19.768409,2.35626,36.390805,32.0071774902,6.827229,0.002354,dbscl-sentinel-2-2019\dbscl-sentinel-2_2019-11\S2_2019-11-12_03-35-11\20191112T031949_20191112T032819_T48PXS_metadata.json,48PXS
S2B_MSIL2A_20191112T031949_N0213_R118_T48PWS_20191112T072803,,,,23.173061,2.817238,21.161628,32.4535245944,6.392997,0.0,dbscl-sentinel-2-2019\dbscl-sentinel-2_2019-11\S2_2019-11-12_03-35-14\20191112T031949_20191112T032819_T48PWS_metadata.json,48PWS
S2B_MSIL2A_20191112T031949_N0213_R118_T48PVS_20191112T072803,,,,26.460719,0.079094,13.768017,32.9158333714,42.716902,0.013258,dbscl-sentinel-2-2019\dbscl-sentinel-2_2019-11\S2_2019-11-12_03-35-17\20191112T031949_20191112T032819_T48PVS_metadata.json,48PVS
S2B_MSIL2A_20191112T031949_N0213_R118_T48PUS_20191112T072803,,,,22.519792,0.002135,13.956694,33.3930263233,57.183039,0.015461,dbscl-sentinel-2-2019\dbscl-sentinel-2_2019-11\S2_2019-11-12_03-35-21\20191112T031949_20191112T032819_T48PUS_metadata.json,48PUS
S2B_MSIL2A_20191112T031949_N0213_R118_T48PXR_20191112T072803,,,,11.949721,9.730691,33.740321,31.1936825146,37.357688,0.000833,dbscl-sentinel-2-2019\dbscl-sentinel-2_2019-11\S2_2019-11-12_03-35-25\20191112T031949_20191112T032819_T48PXR_metadata.json,48PXR
S2B_MSIL2A_20191112T031949_N0213_R118_T48PWR_20191112T072803,,,,8.653419,4.409207,31.32315,31.6484203578,18.356094,0.000939,dbscl-sentinel-2-2019\dbscl-sentinel-2_2019-11\S2_2019-11-12_03-35-29\20191112T031949_20191112T032819_T48PWR_metadata.json,48PWR
S2B_MSIL2A_20191112T031949_N0213_R118_T48PVR_20191112T072803,,,,15.608246,5.844904,9.180242,32.1194097535,63.822639,0.0,dbscl-sentinel-2-2019\dbscl-sentinel-2_2019-11\S2_2019-11-12_03-35-32\20191112T031949_20191112T032819_T48PVR_metadata.json,48PVR
S2B_MSIL2A_20191112T031949_N0213_R118_T48PUR_20191112T072803,,,,21.793045,12.874267,0.045756,32.6055253801,78.143942,0.0,dbscl-sentinel-2-2019\dbscl-sentinel-2_2019-11\S2_2019-11-12_03-35-35\20191112T031949_20191112T032819_T48PUR_metadata.json,48PUR
S2B_MSIL2A_20191112T031949_N0213_R118_T48PWQ_20191112T072803,,,,25.493592,17.147979,2.308702,30.847568016,67.017293,0.036287,dbscl-sentinel-2-2019\dbscl-sentinel-2_2019-11\S2_2019-11-12_03-35-43\20191112T031949_20191112T032819_T48PWQ_metadata.json,48PWQ
S2B_MSIL2A_20191112T031949_N0213_R118_T48PVQ_20191112T072803,,,,42.156107,37.940812,2.589736,31.3276718598,48.811471,0.123105,dbscl-sentinel-2-2019\dbscl-sentinel-2_2019-11\S2_2019-11-12_03-35-47\20191112T031949_20191112T032819_T48PVQ_metadata.json,48PVQ
S2B_MSIL2A_20191115T033009_N0213_R018_T48PUS_20191115T082828,,,,37.033074,36.23496,8.026764,32.8519058298,53.736484,0.000171,dbscl-sentinel-2-2019\dbscl-sentinel-2_2019-11\S2_2019-11-15_03-45-15\20191115T033009_20191115T034503_T48PUS_metadata.json,48PUS
S2B_MSIL2A_20191115T033009_N0213_R018_T48PUR_20191115T082828,,,,28.176252,27.238017,0.17504,32.0329437801,71.6407,0.0,dbscl-sentinel-2-2019\dbscl-sentinel-2_2019-11\S2_2019-11-15_03-45-30\20191115T033009_20191115T034503_T48PUR_metadata.json,48PUR
S2A_MSIL2A_20191117T032021_N0213_R118_T48PXT_20191117T072120,,,,24.490133,2.787176,39.646736,34.0414074999,2.713241,0.0,dbscl-sentinel-2-2019\dbscl-sentinel-2_2019-11\S2_2019-11-17_03-34-58\20191117T032021_20191117T033345_T48PXT_metadata.json,48PXT
S2A_MSIL2A_20191117T032021_N0213_R118_T48PWT_20191117T072120,,,,25.170826,0.041599,29.913825,34.4675827762,6.14494,0.0,dbscl-sentinel-2-2019\dbscl-sentinel-2_2019-11\S2_2019-11-17_03-35-02\20191117T032021_20191117T033345_T48PWT_metadata.json,48PWT
S2A_MSIL2A_20191117T032021_N0213_R118_T48PVT_20191117T072120,,,,34.001487,0.879356,36.841765,34.9090016017,4.192127,0.0,dbscl-sentinel-2-2019\dbscl-sentinel-2_2019-11\S2_2019-11-17_03-35-05\20191117T032021_20191117T033345_T48PVT_metadata.json,48PVT
S2A_MSIL2A_20191117T032021_N0213_R118_T48PXS_20191117T072120,,,,22.57033,0.882539,35.209343,33.217435618,4.86161,0.558249,dbscl-sentinel-2-2019\dbscl-sentinel-2_2019-11\S2_2019-11-17_03-35-13\20191117T032021_20191117T033345_T48PXS_metadata.json,48PXS
S2A_MSIL2A_20191117T032021_N0213_R118_T48PWS_20191117T072120,,,,30.586033,1.742088,23.266704,33.6510144805,3.322889,0.0,dbscl-sentinel-2-2019\dbscl-sentinel-2_2019-11\S2_2019-11-17_03-35-17\20191117T032021_20191117T033345_T48PWS_metadata.json,48PWS
S2A_MSIL2A_20191117T032021_N0213_R118_T48PVS_20191117T072120,,,,43.794673,4.029214,14.432035,34.1001435505,21.80375,0.301927,dbscl-sentinel-2-2019\dbscl-sentinel-2_2019-11\S2_2019-11-17_03-35-20\20191117T032021_20191117T033345_T48PVS_metadata.json,48PVS
S2A_MSIL2A_20191117T032021_N0213_R118_T48PXR_20191117T072120,,,,27.676115,9.460781,27.599877,32.3974240198,28.373221,0.043547,dbscl-sentinel-2-2019\dbscl-sentinel-2_2019-11\S2_2019-11-17_03-35-28\20191117T032021_20191117T033345_T48PXR_metadata.json,48PXR
S2A_MSIL2A_20191117T032021_N0213_R118_T48PWR_20191117T072120,,,,20.473306,3.137737,26.521853,32.8387928184,13.836469,0.088865,dbscl-sentinel-2-2019\dbscl-sentinel-2_2019-11\S2_2019-11-17_03-35-31\20191117T032021_20191117T033345_T48PWR_metadata.json,48PWR
S2A_MSIL2A_20191117T032021_N0213_R118_T48PVR_20191117T072120,,,,38.196768,22.847201,10.277501,33.2960176984,39.951393,0.0,dbscl-sentinel-2-2019\dbscl-sentinel-2_2019-11\S2_2019-11-17_03-35-34\20191117T032021_20191117T033345_T48PVR_metadata.json,48PVR
S2A_MSIL2A_20191117T032021_N0213_R118_T48PWQ_20191117T072120,,,,23.840263,17.206585,3.082342,32.0303059065,67.566603,0.004161,dbscl-sentinel-2-2019\dbscl-sentinel-2_2019-11\S2_2019-11-17_03-35-46\20191117T032021_20191117T033345_T48PWQ_metadata.json,48PWQ
S2A_MSIL2A_20191117T032021_N0213_R118_T48PVQ_20191117T072120,,,,31.354796,25.038663,4.063148,32.4960183652,57.604086,0.003169,dbscl-sentinel-2-2019\dbscl-sentinel-2_2019-11\S2_2019-11-17_03-35-49\20191117T032021_20191117T033345_T48PVQ_metadata.json,48PVQ
S2B_MSIL2A_20191119T031019_N0213_R075_T48PXS_20191119T070815,,,,8.041554,3.720489,43.090782,34.9093287831,24.889006,0.000487,dbscl-sentinel-2-2019\dbscl-sentinel-2_2019-11\S2_2019-11-19_03-25-14\20191119T031019_20191119T032453_T48PXS_metadata.json,48PXS
S2B_MSIL2A_20191119T031019_N0213_R075_T48PXR_20191119T070815,,,,12.728744,11.960959,10.035922,34.1128835102,71.53073,0.000382,dbscl-sentinel-2-2019\dbscl-sentinel-2_2019-11\S2_2019-11-19_03-25-29\20191119T031019_20191119T032453_T48PXR_metadata.json,48PXR
S2A_MSIL2A_20191120T033031_N0213_R018_T48PUR_20191120T071054,,,,36.462191,15.126394,0.058839,33.1917861125,63.436502,0.0,dbscl-sentinel-2-2019\dbscl-sentinel-2_2019-11\S2_2019-11-20_03-45-32\20191120T033031_20191120T033655_T48PUR_metadata.json,48PUR
S2B_MSIL2A_20191122T032029_N0213_R118_T48PXT_20191122T081629,,,,2.526693,0.559644,71.066773,35.192342279,2.700099,0.0,dbscl-sentinel-2-2019\dbscl-sentinel-2_2019-11\S2_2019-11-22_03-34-54\20191122T032029_20191122T033252_T48PXT_metadata.json,48PXT
S2B_MSIL2A_20191122T032029_N0213_R118_T48PWT_20191122T081629,,,,1.720204,1.263865,57.431573,35.6107576225,5.427831,0.0,dbscl-sentinel-2-2019\dbscl-sentinel-2_2019-11\S2_2019-11-22_03-34-58\20191122T032029_20191122T033252_T48PWT_metadata.json,48PWT
S2B_MSIL2A_20191122T032029_N0213_R118_T48PVT_20191122T081629,,,,1.932896,1.303093,74.729037,36.04394623,3.882264,0.0,dbscl-sentinel-2-2019\dbscl-sentinel-2_2019-11\S2_2019-11-22_03-35-01\20191122T032029_20191122T033252_T48PVT_metadata.json,48PVT
S2B_MSIL2A_20191122T032029_N0213_R118_T48PXS_20191122T081629,,,,20.297821,1.49479,38.242051,34.3646780162,4.960459,0.1203,dbscl-sentinel-2-2019\dbscl-sentinel-2_2019-11\S2_2019-11-22_03-35-09\20191122T032029_20191122T033252_T48PXS_metadata.json,48PXS
S2B_MSIL2A_20191122T032029_N0213_R118_T48PWS_20191122T081629,,,,19.503843,2.840263,34.330824,34.7900516609,3.058537,0.0,dbscl-sentinel-2-2019\dbscl-sentinel-2_2019-11\S2_2019-11-22_03-35-12\20191122T032029_20191122T033252_T48PWS_metadata.json,48PWS
S2B_MSIL2A_20191122T032029_N0213_R118_T48PVS_20191122T081629,,,,9.363021,7.927147,34.346667,35.2305065368,37.24592,0.000259,dbscl-sentinel-2-2019\dbscl-sentinel-2_2019-11\S2_2019-11-22_03-35-15\20191122T032029_20191122T033252_T48PVS_metadata.json,48PVS
S2B_MSIL2A_20191122T032029_N0213_R118_T48PUS_20191122T081629,,,,10.54768,10.387236,33.802325,35.6850880845,52.955997,0.0,dbscl-sentinel-2-2019\dbscl-sentinel-2_2019-11\S2_2019-11-22_03-35-19\20191122T032029_20191122T033252_T48PUS_metadata.json,48PUS
S2B_MSIL2A_20191122T032029_N0213_R118_T48PXR_20191122T081629,,,,17.131319,6.589653,27.582505,33.5406843875,37.870502,0.06758,dbscl-sentinel-2-2019\dbscl-sentinel-2_2019-11\S2_2019-11-22_03-35-23\20191122T032029_20191122T033252_T48PXR_metadata.json,48PXR
S2B_MSIL2A_20191122T032029_N0213_R118_T48PWR_20191122T081629,,,,25.660121,3.323486,22.995086,33.9733668338,13.942558,0.34683,dbscl-sentinel-2-2019\dbscl-sentinel-2_2019-11\S2_2019-11-22_03-35-27\20191122T032029_20191122T033252_T48PWR_metadata.json,48PWR
S2B_MSIL2A_20191122T032029_N0213_R118_T48PVR_20191122T081629,,,,21.530817,7.510336,6.12358,34.4214387217,62.436557,0.0,dbscl-sentinel-2-2019\dbscl-sentinel-2_2019-11\S2_2019-11-22_03-35-30\20191122T032029_20191122T033252_T48PVR_metadata.json,48PVR
S2B_MSIL2A_20191122T032029_N0213_R118_T48PUR_20191122T081629,,,,33.697262,25.590023,0.053367,34.8839045911,66.241843,0.0,dbscl-sentinel-2-2019\dbscl-sentinel-2_2019-11\S2_2019-11-22_03-35-33\20191122T032029_20191122T033252_T48PUR_metadata.json,48PUR
S2A_MSIL2A_20191124T031041_N0213_R075_T48PXS_20191124T062301,,,,34.911842,14.161374,28.468049,35.9869234114,11.534068,0.003001,dbscl-sentinel-2-2019\dbscl-sentinel-2_2019-11\S2_2019-11-24_03-25-16\20191124T031041_20191124T032030_T48PXS_metadata.json,48PXS
S2B_MSIL2A_20191125T033049_N0213_R018_T48PUS_20191125T072919,,,,45.878306,3.338846,7.26155,35.1078187676,43.6683,0.001376,dbscl-sentinel-2-2019\dbscl-sentinel-2_2019-11\S2_2019-11-25_03-45-13\20191125T033049_20191125T034252_T48PUS_metadata.json,48PUS
S2B_MSIL2A_20191125T033049_N0213_R018_T48PUR_20191125T072919,,,,15.270064,0.22592,0.143165,34.2808230406,84.552044,0.0,dbscl-sentinel-2-2019\dbscl-sentinel-2_2019-11\S2_2019-11-25_03-45-27\20191125T033049_20191125T034252_T48PUR_metadata.json,48PUR
S2A_MSIL2A_20191127T032051_N0213_R118_T48PXT_20191127T071155,,,,3.703826,0.512106,69.348258,36.2346950714,3.028415,0.0,dbscl-sentinel-2-2019\dbscl-sentinel-2_2019-11\S2_2019-11-27_03-34-57\20191127T032051_20191127T032705_T48PXT_metadata.json,48PXT
S2A_MSIL2A_20191127T032051_N0213_R118_T48PWT_20191127T071155,,,,0.566956,0.000833,59.16754,36.6484119932,6.339344,0.0,dbscl-sentinel-2-2019\dbscl-sentinel-2_2019-11\S2_2019-11-27_03-35-00\20191127T032051_20191127T032705_T48PWT_metadata.json,48PWT
S2A_MSIL2A_20191127T032051_N0213_R118_T48PVT_20191127T071155,,,,8.046513,0.000317,63.361394,37.0764496838,4.284118,0.0,dbscl-sentinel-2-2019\dbscl-sentinel-2_2019-11\S2_2019-11-27_03-35-04\20191127T032051_20191127T032705_T48PVT_metadata.json,48PVT
S2A_MSIL2A_20191127T032051_N0213_R118_T48PWS_20191127T071155,,,,28.662347,2.527939,32.723475,35.825201395,3.199758,0.0,dbscl-sentinel-2-2019\dbscl-sentinel-2_2019-11\S2_2019-11-27_03-35-15\20191127T032051_20191127T032705_T48PWS_metadata.json,48PWS
S2A_MSIL2A_20191127T032051_N0213_R118_T48PVS_20191127T071155,,,,10.592716,3.161224,31.363326,36.2601555413,39.971042,0.004814,dbscl-sentinel-2-2019\dbscl-sentinel-2_2019-11\S2_2019-11-27_03-35-18\20191127T032051_20191127T032705_T48PVS_metadata.json,48PVS
S2A_MSIL2A_20191127T032051_N0213_R118_T48PUS_20191127T071155,,,,12.566755,1.265101,21.658105,36.7088216404,61.763346,0.004743,dbscl-sentinel-2-2019\dbscl-sentinel-2_2019-11\S2_2019-11-27_03-35-21\20191127T032051_20191127T032705_T48PUS_metadata.json,48PUS
S2A_MSIL2A_20191127T032051_N0213_R118_T48PVR_20191127T071155,,,,22.856656,3.735953,2.584905,35.4479495608,68.936187,0.0,dbscl-sentinel-2-2019\dbscl-sentinel-2_2019-11\S2_2019-11-27_03-35-33\20191127T032051_20191127T032705_T48PVR_metadata.json,48PVR
S2A_MSIL2A_20191127T032051_N0213_R118_T48PUR_20191127T071155,,,,3.941275,0.911213,0.049536,35.9041242689,96.004879,0.0,dbscl-sentinel-2-2019\dbscl-sentinel-2_2019-11\S2_2019-11-27_03-35-35\20191127T032051_20191127T032705_T48PUR_metadata.json,48PUR
S2A_MSIL2A_20191127T032051_N0213_R118_T48PVQ_20191127T071155,,,,24.659156,6.531803,1.616428,34.6391840441,69.97661,0.08629,dbscl-sentinel-2-2019\dbscl-sentinel-2_2019-11\S2_2019-11-27_03-35-47\20191127T032051_20191127T032705_T48PVQ_metadata.json,48PVQ
S2B_MSIL2A_20191129T031049_N0213_R075_T48PXS_20191129T071406,,,,11.482392,4.740014,41.410506,36.9897396228,22.29047,0.004667,dbscl-sentinel-2-2019\dbscl-sentinel-2_2019-11\S2_2019-11-29_03-25-12\20191129T031049_20191129T032017_T48PXS_metadata.json,48PXS
S2B_MSIL2A_20191129T031049_N0213_R075_T48PXR_20191129T071406,,,,44.994602,20.344257,5.001368,36.1861858154,44.314471,0.019878,dbscl-sentinel-2-2019\dbscl-sentinel-2_2019-11\S2_2019-11-29_03-25-26\20191129T031049_20191129T032017_T48PXR_metadata.json,48PXR
S2A_MSIL2A_20191130T033111_N0213_R018_T48PUS_20191130T073458,,,,11.291153,11.040083,21.610993,36.0828740047,64.285064,0.000306,dbscl-sentinel-2-2019\dbscl-sentinel-2_2019-11\S2_2019-11-30_03-45-16\20191130T033111_20191130T033729_T48PUS_metadata.json,48PUS
S2A_MSIL2A_20191130T033111_N0213_R018_T48PUR_20191130T073458,,,,18.277001,14.098215,0.093549,35.2544620729,81.60007,0.0,dbscl-sentinel-2-2019\dbscl-sentinel-2_2019-11\S2_2019-11-30_03-45-30\20191130T033111_20191130T033729_T48PUR_metadata.json,48PUR
S2B_MSIL2A_20191202T032109_N0213_R118_T48PWT_20191202T072407,,,,27.997871,27.03802,43.293872,37.5925389595,4.05705,0.0,dbscl-sentinel-2-2019\dbscl-sentinel-2_2019-12\S2_2019-12-02_03-34-55\20191202T032109_20191202T032821_T48PWT_metadata.json,48PWT
S2B_MSIL2A_20191202T032109_N0213_R118_T48PVT_20191202T072407,,,,5.057686,3.939907,68.107432,38.0193067424,3.06684,0.0,dbscl-sentinel-2-2019\dbscl-sentinel-2_2019-12\S2_2019-12-02_03-34-58\20191202T032109_20191202T032821_T48PVT_metadata.json,48PVT
S2B_MSIL2A_20191202T032109_N0213_R118_T48PWS_20191202T072407,,,,29.062913,26.403937,42.786276,36.7687537725,2.361787,0.0,dbscl-sentinel-2-2019\dbscl-sentinel-2_2019-12\S2_2019-12-02_03-35-10\20191202T032109_20191202T032821_T48PWS_metadata.json,48PWS
S2B_MSIL2A_20191202T032109_N0213_R118_T48PVS_20191202T072407,,,,8.726435,8.508572,34.535721,37.202178468,39.687893,0.000455,dbscl-sentinel-2-2019\dbscl-sentinel-2_2019-12\S2_2019-12-02_03-35-13\20191202T032109_20191202T032821_T48PVS_metadata.json,48PVS
S2B_MSIL2A_20191202T032109_N0213_R118_T48PUS_20191202T072407,,,,9.406698,9.23678,33.366016,37.6488759042,54.606938,7.6e-05,dbscl-sentinel-2-2019\dbscl-sentinel-2_2019-12\S2_2019-12-02_03-35-16\20191202T032109_20191202T032821_T48PUS_metadata.json,48PUS
S2B_MSIL2A_20191202T032109_N0213_R118_T48PVR_20191202T072407,,,,38.628824,22.689179,4.922508,36.3889980166,48.429701,0.0,dbscl-sentinel-2-2019\dbscl-sentinel-2_2019-12\S2_2019-12-02_03-35-27\20191202T032109_20191202T032821_T48PVR_metadata.json,48PVR
S2B_MSIL2A_20191202T032109_N0213_R118_T48PUR_20191202T072407,,,,42.898734,26.214388,0.054121,36.8429242978,57.045645,0.0,dbscl-sentinel-2-2019\dbscl-sentinel-2_2019-12\S2_2019-12-02_03-35-30\20191202T032109_20191202T032821_T48PUR_metadata.json,48PUR
S2B_MSIL2A_20191205T033119_N0213_R018_T48PUS_20191205T070306,,,,15.783579,14.862087,18.902567,36.9542446795,62.457108,0.00023,dbscl-sentinel-2-2019\dbscl-sentinel-2_2019-12\S2_2019-12-05_03-45-10\20191205T033119_20191205T033318_T48PUS_metadata.json,48PUS
S2B_MSIL2A_20191205T033119_N0213_R018_T48PUR_20191205T070306,,,,10.389878,10.386036,0.173283,36.126224578,89.430165,0.0,dbscl-sentinel-2-2019\dbscl-sentinel-2_2019-12\S2_2019-12-05_03-45-25\20191205T033119_20191205T033318_T48PUR_metadata.json,48PUR
S2A_MSIL2A_20191207T032121_N0213_R118_T48PXT_20191207T071912,,,,10.373294,0.072981,61.80988,37.9835547807,2.201527,0.0,dbscl-sentinel-2-2019\dbscl-sentinel-2_2019-12\S2_2019-12-07_03-34-54\20191207T032121_20191207T032731_T48PXT_metadata.json,48PXT
S2A_MSIL2A_20191207T032121_N0213_R118_T48PWT_20191207T071912,,,,6.083719,0.00359,51.640713,38.3980584008,4.600694,0.0,dbscl-sentinel-2-2019\dbscl-sentinel-2_2019-12\S2_2019-12-07_03-34-58\20191207T032121_20191207T032731_T48PWT_metadata.json,48PWT
S2A_MSIL2A_20191207T032121_N0213_R118_T48PVT_20191207T071912,,,,1.782177,1.139993,64.990997,38.8259981785,2.650821,0.0,dbscl-sentinel-2-2019\dbscl-sentinel-2_2019-12\S2_2019-12-07_03-35-01\20191207T032121_20191207T032731_T48PVT_metadata.json,48PVT
S2A_MSIL2A_20191207T032121_N0213_R118_T48PVS_20191207T071912,,,,22.166522,0.357899,28.718027,38.0093103805,33.745241,0.000202,dbscl-sentinel-2-2019\dbscl-sentinel-2_2019-12\S2_2019-12-07_03-35-15\20191207T032121_20191207T032731_T48PVS_metadata.json,48PVS
S2A_MSIL2A_20191207T032121_N0213_R118_T48PUS_20191207T071912,,,,0.212723,0.0,33.393618,38.4565867178,63.367647,0.001136,dbscl-sentinel-2-2019\dbscl-sentinel-2_2019-12\S2_2019-12-07_03-35-19\20191207T032121_20191207T032731_T48PUS_metadata.json,48PUS
S2A_MSIL2A_20191207T032121_N0213_R118_T48PVR_20191207T071912,,,,47.668857,4.951924,1.478349,37.1964619259,46.694553,0.0,dbscl-sentinel-2-2019\dbscl-sentinel-2_2019-12\S2_2019-12-07_03-35-30\20191207T032121_20191207T032731_T48PVR_metadata.json,48PVR
S2A_MSIL2A_20191207T032121_N0213_R118_T48PUR_20191207T071912,,,,12.45031,12.448473,0.051623,37.6507696497,87.497067,0.0,dbscl-sentinel-2-2019\dbscl-sentinel-2_2019-12\S2_2019-12-07_03-35-33\20191207T032121_20191207T032731_T48PUR_metadata.json,48PUR
S2B_MSIL2A_20191209T031119_N0213_R075_T48PXS_20191209T063000,,,,1.015354,0.002467,43.448043,38.6407945228,28.457659,0.005057,dbscl-sentinel-2-2019\dbscl-sentinel-2_2019-12\S2_2019-12-09_03-25-10\20191209T031119_20191209T031716_T48PXS_metadata.json,48PXS
S2B_MSIL2A_20191209T031119_N0213_R075_T48PXR_20191209T063000,,,,19.391359,13.293082,7.518104,37.8375243571,65.243661,0.009255,dbscl-sentinel-2-2019\dbscl-sentinel-2_2019-12\S2_2019-12-09_03-25-25\20191209T031119_20191209T031716_T48PXR_metadata.json,48PXR
S2A_MSIL2A_20191210T033131_N0213_R018_T48PUS_20191210T070124,,,,0.483488,0.415923,21.308516,37.6790495639,74.991167,7e-05,dbscl-sentinel-2-2019\dbscl-sentinel-2_2019-12\S2_2019-12-10_03-45-13\20191210T033131_20191210T033505_T48PUS_metadata.json,48PUS
S2A_MSIL2A_20191210T033131_N0213_R018_T48PUR_20191210T070124,,,,0.827224,0.825964,0.15939,36.8525267679,99.005669,0.0,dbscl-sentinel-2-2019\dbscl-sentinel-2_2019-12\S2_2019-12-10_03-45-27\20191210T033131_20191210T033505_T48PUR_metadata.json,48PUR
S2B_MSIL2A_20191212T032129_N0213_R118_T48PXT_20191212T065639,,,,26.348969,12.393665,49.644202,38.660414325,1.848612,0.0,dbscl-sentinel-2-2019\dbscl-sentinel-2_2019-12\S2_2019-12-12_03-34-51\20191212T032129_20191212T032716_T48PXT_metadata.json,48PXT
S2B_MSIL2A_20191212T032129_N0213_R118_T48PXS_20191212T065639,,,,35.690362,3.391164,24.629997,37.8333473114,3.27122,0.048388,dbscl-sentinel-2-2019\dbscl-sentinel-2_2019-12\S2_2019-12-12_03-35-06\20191212T032129_20191212T032716_T48PXS_metadata.json,48PXS
S2B_MSIL2A_20191212T032129_N0213_R118_T48PXR_20191212T065639,,,,22.483152,0.024446,15.583935,37.00954026,42.837793,0.173419,dbscl-sentinel-2-2019\dbscl-sentinel-2_2019-12\S2_2019-12-12_03-35-20\20191212T032129_20191212T032716_T48PXR_metadata.json,48PXR
S2B_MSIL2A_20191212T032129_N0213_R118_T48PUR_20191212T065639,,,,46.791441,38.966304,0.03332,38.3445066904,53.174269,0.0,dbscl-sentinel-2-2019\dbscl-sentinel-2_2019-12\S2_2019-12-12_03-35-30\20191212T032129_20191212T032716_T48PUR_metadata.json,48PUR
S2B_MSIL2A_20191212T032129_N0213_R118_T48PWQ_20191212T065639,,,,19.073411,2.475997,0.837608,36.6266289379,77.94764,0.147962,dbscl-sentinel-2-2019\dbscl-sentinel-2_2019-12\S2_2019-12-12_03-35-38\20191212T032129_20191212T032716_T48PWQ_metadata.json,48PWQ
S2A_MSIL2A_20191214T031121_N0213_R075_T48PXS_20191214T070247,,,,2.700319,1.625435,41.856828,39.2688466189,26.642832,0.004477,dbscl-sentinel-2-2019\dbscl-sentinel-2_2019-12\S2_2019-12-14_03-25-11\20191214T031121_20191214T031725_T48PXS_metadata.json,48PXS
S2A_MSIL2A_20191214T031121_N0213_R075_T48PXR_20191214T070247,,,,6.000078,1.31936,6.635111,38.4680279902,78.804553,0.010387,dbscl-sentinel-2-2019\dbscl-sentinel-2_2019-12\S2_2019-12-14_03-25-26\20191214T031121_20191214T031725_T48PXR_metadata.json,48PXR
S2B_MSIL2A_20191215T033139_N0213_R018_T48PUS_20191215T073452,,,,13.078458,12.095904,18.897325,38.271305981,63.785446,7.3e-05,dbscl-sentinel-2-2019\dbscl-sentinel-2_2019-12\S2_2019-12-15_03-45-11\20191215T033139_20191215T033644_T48PUS_metadata.json,48PUS
S2B_MSIL2A_20191215T033139_N0213_R018_T48PUR_20191215T073452,,,,25.310236,13.329245,0.059466,37.4477439415,74.598062,0.0,dbscl-sentinel-2-2019\dbscl-sentinel-2_2019-12\S2_2019-12-15_03-45-25\20191215T033139_20191215T033644_T48PUR_metadata.json,48PUR
S2A_MSIL2A_20191217T032131_N0213_R118_T48PXT_20191217T064024,,,,5.894643,5.655329,65.684205,39.1852937793,1.857223,0.0,dbscl-sentinel-2-2019\dbscl-sentinel-2_2019-12\S2_2019-12-17_03-34-51\20191217T032131_20191217T032851_T48PXT_metadata.json,48PXT
S2A_MSIL2A_20191217T032131_N0213_R118_T48PWT_20191217T064024,,,,1.811594,1.439966,53.94336,39.6115157918,3.713987,0.0,dbscl-sentinel-2-2019\dbscl-sentinel-2_2019-12\S2_2019-12-17_03-34-55\20191217T032131_20191217T032851_T48PWT_metadata.json,48PWT
S2A_MSIL2A_20191217T032131_N0213_R118_T48PVT_20191217T064024,,,,7.754105,1.790874,42.156103,40.0503981507,1.884336,0.0,dbscl-sentinel-2-2019\dbscl-sentinel-2_2019-12\S2_2019-12-17_03-34-58\20191217T032131_20191217T032851_T48PVT_metadata.json,48PVT
S2A_MSIL2A_20191217T032131_N0213_R118_T48PXS_20191217T064024,,,,10.804762,4.41858,61.614311,38.3616220451,4.088034,0.000184,dbscl-sentinel-2-2019\dbscl-sentinel-2_2019-12\S2_2019-12-17_03-35-06\20191217T032131_20191217T032851_T48PXS_metadata.json,48PXS
S2A_MSIL2A_20191217T032131_N0213_R118_T48PWS_20191217T064024,,,,12.774969,5.186264,60.798651,38.793906215,2.947535,0.0,dbscl-sentinel-2-2019\dbscl-sentinel-2_2019-12\S2_2019-12-17_03-35-09\20191217T032131_20191217T032851_T48PWS_metadata.json,48PWS
S2A_MSIL2A_20191217T032131_N0213_R118_T48PVS_20191217T064024,,,,28.970489,4.28981,24.736699,39.2391171679,24.958314,0.000601,dbscl-sentinel-2-2019\dbscl-sentinel-2_2019-12\S2_2019-12-17_03-35-12\20191217T032131_20191217T032851_T48PVS_metadata.json,48PVS
S2A_MSIL2A_20191217T032131_N0213_R118_T48PUS_20191217T064024,,,,39.620787,0.140131,21.833616,39.6964190841,32.702705,0.002585,dbscl-sentinel-2-2019\dbscl-sentinel-2_2019-12\S2_2019-12-17_03-35-16\20191217T032131_20191217T032851_T48PUS_metadata.json,48PUS
S2B_MSIL2A_20191219T031129_N0213_R075_T48PXS_20191219T064247,,,,26.722736,0.298502,26.794431,39.7594625824,25.701618,0.342683,dbscl-sentinel-2-2019\dbscl-sentinel-2_2019-12\S2_2019-12-19_03-25-11\20191219T031129_20191219T032106_T48PXS_metadata.json,48PXS
S2B_MSIL2A_20191219T031129_N0213_R075_T48PXR_20191219T064247,,,,0.163106,0.061677,7.11401,38.9626374186,83.991122,0.000586,dbscl-sentinel-2-2019\dbscl-sentinel-2_2019-12\S2_2019-12-19_03-25-26\20191219T031129_20191219T032106_T48PXR_metadata.json,48PXR
S2A_MSIL2A_20191220T033141_N0213_R018_T48PUS_20191220T070111,,,,12.525436,0.000694,8.840647,38.7124494577,71.871692,0.010405,dbscl-sentinel-2-2019\dbscl-sentinel-2_2019-12\S2_2019-12-20_03-45-10\20191220T033141_20191220T033759_T48PUS_metadata.json,48PUS
S2A_MSIL2A_20191220T033141_N0213_R018_T48PUR_20191220T070111,,,,1.920128,0.0,0.159314,37.8930966613,97.903514,0.0,dbscl-sentinel-2-2019\dbscl-sentinel-2_2019-12\S2_2019-12-20_03-45-25\20191220T033141_20191220T033759_T48PUR_metadata.json,48PUR
S2B_MSIL2A_20191222T032139_N0213_R118_T48PXT_20191222T072524,,,,19.312739,6.883412,47.404769,39.5561877726,1.145642,0.0,dbscl-sentinel-2-2019\dbscl-sentinel-2_2019-12\S2_2019-12-22_03-34-52\20191222T032139_20191222T032706_T48PXT_metadata.json,48PXT
S2B_MSIL2A_20191222T032139_N0213_R118_T48PWT_20191222T072524,,,,22.70463,2.448708,33.904254,39.9915976059,2.431446,0.0,dbscl-sentinel-2-2019\dbscl-sentinel-2_2019-12\S2_2019-12-22_03-34-55\20191222T032139_20191222T032706_T48PWT_metadata.json,48PWT
S2B_MSIL2A_20191222T032139_N0213_R118_T48PVT_20191222T072524,,,,6.008348,3.979928,40.515566,40.4393352407,1.519455,0.0,dbscl-sentinel-2-2019\dbscl-sentinel-2_2019-12\S2_2019-12-22_03-34-59\20191222T032139_20191222T032706_T48PVT_metadata.json,48PVT
S2B_MSIL2A_20191222T032139_N0213_R118_T48PXS_20191222T072524,,,,24.021374,0.828423,40.404069,38.737137939,3.132746,0.017557,dbscl-sentinel-2-2019\dbscl-sentinel-2_2019-12\S2_2019-12-22_03-35-06\20191222T032139_20191222T032706_T48PXS_metadata.json,48PXS
S2B_MSIL2A_20191222T032139_N0213_R118_T48PWS_20191222T072524,,,,14.118815,1.899241,56.488991,39.1786474556,3.077302,0.0,dbscl-sentinel-2-2019\dbscl-sentinel-2_2019-12\S2_2019-12-22_03-35-10\20191222T032139_20191222T032706_T48PWS_metadata.json,48PWS
S2B_MSIL2A_20191222T032139_N0213_R118_T48PVS_20191222T072524,,,,28.758981,20.769718,25.050879,39.6327325463,29.507214,0.0,dbscl-sentinel-2-2019\dbscl-sentinel-2_2019-12\S2_2019-12-22_03-35-13\20191222T032139_20191222T032706_T48PVS_metadata.json,48PVS
S2B_MSIL2A_20191222T032139_N0213_R118_T48PUS_20191222T072524,,,,9.465907,2.167792,19.678015,40.0985577841,61.866796,0.014273,dbscl-sentinel-2-2019\dbscl-sentinel-2_2019-12\S2_2019-12-22_03-35-17\20191222T032139_20191222T032706_T48PUS_metadata.json,48PUS
S2B_MSIL2A_20191222T032139_N0213_R118_T48PXR_20191222T072524,,,,20.233649,9.017489,20.022105,37.9215229006,36.234254,0.019013,dbscl-sentinel-2-2019\dbscl-sentinel-2_2019-12\S2_2019-12-22_03-35-21\20191222T032139_20191222T032706_T48PXR_metadata.json,48PXR
S2B_MSIL2A_20191222T032139_N0213_R118_T48PWR_20191222T072524,,,,15.737609,7.896938,33.349955,38.3694115858,14.933664,0.000438,dbscl-sentinel-2-2019\dbscl-sentinel-2_2019-12\S2_2019-12-22_03-35-24\20191222T032139_20191222T032706_T48PWR_metadata.json,48PWR
S2B_MSIL2A_20191222T032139_N0213_R118_T48PVR_20191222T072524,,,,29.603469,24.80595,8.684798,38.830123899,55.576861,0.0,dbscl-sentinel-2-2019\dbscl-sentinel-2_2019-12\S2_2019-12-22_03-35-28\20191222T032139_20191222T032706_T48PVR_metadata.json,48PVR
S2B_MSIL2A_20191222T032139_N0213_R118_T48PUR_20191222T072524,,,,10.995936,10.7721,0.049152,39.3027954152,88.952851,0.0,dbscl-sentinel-2-2019\dbscl-sentinel-2_2019-12\S2_2019-12-22_03-35-30\20191222T032139_20191222T032706_T48PUR_metadata.json,48PUR
S2B_MSIL2A_20191222T032139_N0213_R118_T48PWQ_20191222T072524,,,,11.427192,10.895236,3.780356,37.5631743877,78.78834,9e-05,dbscl-sentinel-2-2019\dbscl-sentinel-2_2019-12\S2_2019-12-22_03-35-39\20191222T032139_20191222T032706_T48PWQ_metadata.json,48PWQ
S2B_MSIL2A_20191222T032139_N0213_R118_T48PVQ_20191222T072524,,,,17.851995,16.63813,4.526097,38.0308137645,71.68045,0.0,dbscl-sentinel-2-2019\dbscl-sentinel-2_2019-12\S2_2019-12-22_03-35-42\20191222T032139_20191222T032706_T48PVQ_metadata.json,48PVQ
S2A_MSIL2A_20191224T031131_N0213_R075_T48PXS_20191224T062655,,,,4.813139,3.988273,39.974606,40.1022764798,24.985807,0.008492,dbscl-sentinel-2-2019\dbscl-sentinel-2_2019-12\S2_2019-12-24_03-25-10\20191224T031131_20191224T032211_T48PXS_metadata.json,48PXS
S2A_MSIL2A_20191224T031131_N0213_R075_T48PXR_20191224T062655,,,,2.058419,1.995862,5.609218,39.3109154656,82.38017,0.000626,dbscl-sentinel-2-2019\dbscl-sentinel-2_2019-12\S2_2019-12-24_03-25-25\20191224T031131_20191224T032211_T48PXR_metadata.json,48PXR
S2B_MSIL2A_20191225T033139_N0213_R018_T48PUS_20191225T072730,,,,17.473905,0.000588,10.652766,38.9956060656,65.213466,0.202368,dbscl-sentinel-2-2019\dbscl-sentinel-2_2019-12\S2_2019-12-25_03-45-11\20191225T033139_20191225T034437_T48PUS_metadata.json,48PUS
S2B_MSIL2A_20191225T033139_N0213_R018_T48PUR_20191225T072730,,,,7.984616,0.0,0.155953,38.1816445809,91.842186,0.0,dbscl-sentinel-2-2019\dbscl-sentinel-2_2019-12\S2_2019-12-25_03-45-26\20191225T033139_20191225T034437_T48PUR_metadata.json,48PUR
S2A_MSIL2A_20191227T032131_N0213_R118_T48PXT_20191227T065256,,,,11.095902,0.775135,56.387389,39.7705521941,2.195685,0.0,dbscl-sentinel-2-2019\dbscl-sentinel-2_2019-12\S2_2019-12-27_03-34-51\20191227T032131_20191227T032745_T48PXT_metadata.json,48PXT
S2A_MSIL2A_20191227T032131_N0213_R118_T48PWT_20191227T065256,,,,37.672619,0.049505,17.219207,40.2172600583,2.01357,0.0,dbscl-sentinel-2-2019\dbscl-sentinel-2_2019-12\S2_2019-12-27_03-34-55\20191227T032131_20191227T032745_T48PWT_metadata.json,48PWT
S2A_MSIL2A_20191227T032131_N0213_R118_T48PVT_20191227T065256,,,,45.594642,0.000525,8.116356,40.6759933721,1.253809,0.0,dbscl-sentinel-2-2019\dbscl-sentinel-2_2019-12\S2_2019-12-27_03-34-58\20191227T032131_20191227T032745_T48PVT_metadata.json,48PVT
S2A_MSIL2A_20191227T032131_N0213_R118_T48PXS_20191227T065256,,,,36.368134,1.284355,29.78231,38.9573342651,3.105583,0.24725,dbscl-sentinel-2-2019\dbscl-sentinel-2_2019-12\S2_2019-12-27_03-35-06\20191227T032131_20191227T032745_T48PXS_metadata.json,48PXS
S2A_MSIL2A_20191227T032131_N0213_R118_T48PWS_20191227T065256,,,,42.533759,0.412165,25.843099,39.4102319407,1.914138,0.0,dbscl-sentinel-2-2019\dbscl-sentinel-2_2019-12\S2_2019-12-27_03-35-10\20191227T032131_20191227T032745_T48PWS_metadata.json,48PWS
S2A_MSIL2A_20191227T032131_N0213_R118_T48PVS_20191227T065256,,,,44.907654,3.491213,8.517818,39.8753915353,25.840944,0.116891,dbscl-sentinel-2-2019\dbscl-sentinel-2_2019-12\S2_2019-12-27_03-35-13\20191227T032131_20191227T032745_T48PVS_metadata.json,48PVS
S2A_MSIL2A_20191227T032131_N0213_R118_T48PUS_20191227T065256,,,,38.450364,4.83546,9.306286,40.3519708723,42.0973,0.226722,dbscl-sentinel-2-2019\dbscl-sentinel-2_2019-12\S2_2019-12-27_03-35-16\20191227T032131_20191227T032745_T48PUS_metadata.json,48PUS
S2A_MSIL2A_20191227T032131_N0213_R118_T48PVR_20191227T065256,,,,39.211628,9.306061,2.755575,39.0789759875,52.485847,0.0,dbscl-sentinel-2-2019\dbscl-sentinel-2_2019-12\S2_2019-12-27_03-35-27\20191227T032131_20191227T032745_T48PVR_metadata.json,48PVR
S2A_MSIL2A_20191227T032131_N0213_R118_T48PUR_20191227T065256,,,,25.160654,8.495338,0.004056,39.5624515588,74.816281,0.0,dbscl-sentinel-2-2019\dbscl-sentinel-2_2019-12\S2_2019-12-27_03-35-30\20191227T032131_20191227T032745_T48PUR_metadata.json,48PUR
S2A_MSIL2A_20191227T032131_N0213_R118_T48PWQ_20191227T065256,,,,40.029545,10.385619,0.414856,37.8071540799,58.458358,0.04922,dbscl-sentinel-2-2019\dbscl-sentinel-2_2019-12\S2_2019-12-27_03-35-39\20191227T032131_20191227T032745_T48PWQ_metadata.json,48PWQ
S2A_MSIL2A_20191227T032131_N0213_R118_T48PVQ_20191227T065256,,,,42.035045,4.540108,2.089061,38.2860091267,52.258384,0.015166,dbscl-sentinel-2-2019\dbscl-sentinel-2_2019-12\S2_2019-12-27_03-35-42\20191227T032131_20191227T032745_T48PVQ_metadata.json,48PVQ
S2B_MSIL2A_20191229T031129_N0213_R075_T48PXS_20191229T071302,,,,16.429173,1.148981,26.053831,40.2886060507,21.648401,0.012424,dbscl-sentinel-2-2019\dbscl-sentinel-2_2019-12\S2_2019-12-29_03-25-11\20191229T031129_20191229T032104_T48PXS_metadata.json,48PXS
S2B_MSIL2A_20191229T031129_N0213_R075_T48PXR_20191229T071302,,,,16.418613,2.397801,3.408296,39.5040517641,70.389247,0.000116,dbscl-sentinel-2-2019\dbscl-sentinel-2_2019-12\S2_2019-12-29_03-25-26\20191229T031129_20191229T032104_T48PXR_metadata.json,48PXR
S2A_MSIL2A_20191230T033141_N0213_R018_T48PUS_20191230T071815,,,,21.696291,2.076342,14.116164,39.1219791824,57.705879,0.01286,dbscl-sentinel-2-2019\dbscl-sentinel-2_2019-12\S2_2019-12-30_03-45-11\20191230T033141_20191230T033757_T48PUS_metadata.json,48PUS
S2A_MSIL2A_20191230T033141_N0213_R018_T48PUR_20191230T071815,,,,5.209179,1.3e-05,0.166784,38.3147328949,94.611704,0.0,dbscl-sentinel-2-2019\dbscl-sentinel-2_2019-12\S2_2019-12-30_03-45-26\20191230T033141_20191230T033757_T48PUR_metadata.json,48PUR
S2B_MSIL2A_20200101T032129_N0213_R118_T48PXT_20200101T063538,,,,3.669449,3.511098,68.609285,39.8203003737,2.112371,0.0,dbscl-sentinel-2-2020\dbscl-sentinel-2_2020-01\S2_2020-01-01_03-34-52\20200101T032129_20200101T032415_T48PXT_metadata.json,48PXT
S2B_MSIL2A_20200101T032129_N0213_R118_T48PWT_20200101T063538,,,,3.795155,3.483679,54.055929,40.2799940847,2.780158,0.0,dbscl-sentinel-2-2020\dbscl-sentinel-2_2020-01\S2_2020-01-01_03-34-56\20200101T032129_20200101T032415_T48PWT_metadata.json,48PWT
S2B_MSIL2A_20200101T032129_N0213_R118_T48PVT_20200101T063538,,,,4.28967,2.417782,38.911423,40.751445811,1.701079,0.0,dbscl-sentinel-2-2020\dbscl-sentinel-2_2020-01\S2_2020-01-01_03-34-59\20200101T032129_20200101T032415_T48PVT_metadata.json,48PVT
S2B_MSIL2A_20200101T032129_N0213_R118_T48PXS_20200101T063538,,,,14.207622,10.060217,64.205247,39.014107409,4.426309,0.0,dbscl-sentinel-2-2020\dbscl-sentinel-2_2020-01\S2_2020-01-01_03-35-06\20200101T032129_20200101T032415_T48PXS_metadata.json,48PXS
S2B_MSIL2A_20200101T032129_N0213_R118_T48PWS_20200101T063538,,,,2.201802,1.927522,78.290981,39.4801321707,3.95458,0.0,dbscl-sentinel-2-2020\dbscl-sentinel-2_2020-01\S2_2020-01-01_03-35-10\20200101T032129_20200101T032415_T48PWS_metadata.json,48PWS
S2B_MSIL2A_20200101T032129_N0213_R118_T48PVS_20200101T063538,,,,9.266041,8.612204,33.891961,39.9581302207,36.733773,0.000385,dbscl-sentinel-2-2020\dbscl-sentinel-2_2020-01\S2_2020-01-01_03-35-13\20200101T032129_20200101T032415_T48PVS_metadata.json,48PVS
S2B_MSIL2A_20200101T032129_N0213_R118_T48PUS_20200101T063538,,,,10.195145,6.282064,26.720744,40.4472493595,56.976753,0.0,dbscl-sentinel-2-2020\dbscl-sentinel-2_2020-01\S2_2020-01-01_03-35-17\20200101T032129_20200101T032415_T48PUS_metadata.json,48PUS
S2B_MSIL2A_20200101T032129_N0213_R118_T48PXR_20200101T063538,,,,4.361422,4.112536,29.329675,38.2117414714,44.234246,0.000471,dbscl-sentinel-2-2020\dbscl-sentinel-2_2020-01\S2_2020-01-01_03-35-21\20200101T032129_20200101T032415_T48PXR_metadata.json,48PXR
S2B_MSIL2A_20200101T032129_N0213_R118_T48PWR_20200101T063538,,,,13.957921,10.662571,42.127308,38.6843798711,15.337203,0.00135,dbscl-sentinel-2-2020\dbscl-sentinel-2_2020-01\S2_2020-01-01_03-35-25\20200101T032129_20200101T032415_T48PWR_metadata.json,48PWR
S2B_MSIL2A_20200101T032129_N0213_R118_T48PVR_20200101T063538,,,,11.819473,11.400314,11.901782,39.1692051059,66.018075,0.0,dbscl-sentinel-2-2020\dbscl-sentinel-2_2020-01\S2_2020-01-01_03-35-28\20200101T032129_20200101T032415_T48PVR_metadata.json,48PVR
S2B_MSIL2A_20200101T032129_N0213_R118_T48PUR_20200101T063538,,,,16.446561,13.332799,0.051225,39.6653363198,83.500564,0.0,dbscl-sentinel-2-2020\dbscl-sentinel-2_2020-01\S2_2020-01-01_03-35-31\20200101T032129_20200101T032415_T48PUR_metadata.json,48PUR
S2B_MSIL2A_20200101T032129_N0213_R118_T48PWQ_20200101T063538,,,,11.141493,9.077007,2.488857,37.8920567113,83.160919,0.001758,dbscl-sentinel-2-2020\dbscl-sentinel-2_2020-01\S2_2020-01-01_03-35-39\20200101T032129_20200101T032415_T48PWQ_metadata.json,48PWQ
S2B_MSIL2A_20200101T032129_N0213_R118_T48PVQ_20200101T063538,,,,18.967249,13.075401,1.894204,38.3840002593,75.412375,0.000816,dbscl-sentinel-2-2020\dbscl-sentinel-2_2020-01\S2_2020-01-01_03-35-42\20200101T032129_20200101T032415_T48PVQ_metadata.json,48PVQ
S2B_MSIL2A_20200104T033129_N0213_R018_T48PUS_20200104T082854,,,,17.480769,15.332665,13.977396,39.0844210775,64.504069,5.6e-05,dbscl-sentinel-2-2020\dbscl-sentinel-2_2020-01\S2_2020-01-04_03-45-11\20200104T033129_20200104T034232_T48PUS_metadata.json,48PUS
S2B_MSIL2A_20200104T033129_N0213_R018_T48PUR_20200104T082854,,,,6.95659,1.251024,0.172817,38.2850926816,92.852956,0.0,dbscl-sentinel-2-2020\dbscl-sentinel-2_2020-01\S2_2020-01-04_03-45-26\20200104T033129_20200104T034232_T48PUR_metadata.json,48PUR
S2A_MSIL2A_20200106T032121_N0213_R118_T48PXT_20200106T070716,,,,0.23862,6.4e-05,69.653815,39.7075596626,2.19381,0.0,dbscl-sentinel-2-2020\dbscl-sentinel-2_2020-01\S2_2020-01-06_03-34-51\20200106T032121_20200106T032732_T48PXT_metadata.json,48PXT
S2A_MSIL2A_20200106T032121_N0213_R118_T48PWT_20200106T070716,,,,0.664815,0.53688,54.769033,40.181868619,3.184317,0.0,dbscl-sentinel-2-2020\dbscl-sentinel-2_2020-01\S2_2020-01-06_03-34-55\20200106T032121_20200106T032732_T48PWT_metadata.json,48PWT
S2A_MSIL2A_20200106T032121_N0213_R118_T48PVT_20200106T070716,,,,2.436446,2.224532,38.930115,40.6676984766,2.020161,0.0,dbscl-sentinel-2-2020\dbscl-sentinel-2_2020-01\S2_2020-01-06_03-34-58\20200106T032121_20200106T032732_T48PVT_metadata.json,48PVT
S2A_MSIL2A_20200106T032121_N0213_R118_T48PXS_20200106T070716,,,,1.495212,0.046642,72.407806,38.9096200142,5.200005,3.6e-05,dbscl-sentinel-2-2020\dbscl-sentinel-2_2020-01\S2_2020-01-06_03-35-06\20200106T032121_20200106T032732_T48PXS_metadata.json,48PXS
S2A_MSIL2A_20200106T032121_N0213_R118_T48PWS_20200106T070716,,,,0.201463,0.014383,80.900055,39.3904541525,4.112107,0.0,dbscl-sentinel-2-2020\dbscl-sentinel-2_2020-01\S2_2020-01-06_03-35-09\20200106T032121_20200106T032732_T48PWS_metadata.json,48PWS
S2A_MSIL2A_20200106T032121_N0213_R118_T48PVS_20200106T070716,,,,11.214438,11.091805,34.349775,39.8830039463,34.988326,0.000823,dbscl-sentinel-2-2020\dbscl-sentinel-2_2020-01\S2_2020-01-06_03-35-13\20200106T032121_20200106T032732_T48PVS_metadata.json,48PVS
S2A_MSIL2A_20200106T032121_N0213_R118_T48PUS_20200106T070716,,,,1.030159,0.966732,31.977394,40.3864012661,62.392741,0.0,dbscl-sentinel-2-2020\dbscl-sentinel-2_2020-01\S2_2020-01-06_03-35-16\20200106T032121_20200106T032732_T48PUS_metadata.json,48PUS
S2A_MSIL2A_20200106T032121_N0213_R118_T48PXR_20200106T070716,,,,12.863257,5.130723,26.350179,38.1157799612,38.149613,0.000172,dbscl-sentinel-2-2020\dbscl-sentinel-2_2020-01\S2_2020-01-06_03-35-21\20200106T032121_20200106T032732_T48PXR_metadata.json,48PXR
S2A_MSIL2A_20200106T032121_N0213_R118_T48PWR_20200106T070716,,,,3.838127,3.640367,46.197689,38.6034204638,15.420492,0.002047,dbscl-sentinel-2-2020\dbscl-sentinel-2_2020-01\S2_2020-01-06_03-35-24\20200106T032121_20200106T032732_T48PWR_metadata.json,48PWR
S2A_MSIL2A_20200106T032121_N0213_R118_T48PVR_20200106T070716,,,,9.272789,8.973885,11.193135,39.1029727188,67.936945,0.0,dbscl-sentinel-2-2020\dbscl-sentinel-2_2020-01\S2_2020-01-06_03-35-27\20200106T032121_20200106T032732_T48PVR_metadata.json,48PVR
S2A_MSIL2A_20200106T032121_N0213_R118_T48PUR_20200106T070716,,,,4.474428,3.164991,0.051287,39.6135399578,95.472449,0.0,dbscl-sentinel-2-2020\dbscl-sentinel-2_2020-01\S2_2020-01-06_03-35-30\20200106T032121_20200106T032732_T48PUR_metadata.json,48PUR
S2A_MSIL2A_20200106T032121_N0213_R118_T48PWQ_20200106T070716,,,,28.929409,13.35043,3.472503,37.8201534317,61.630636,0.000557,dbscl-sentinel-2-2020\dbscl-sentinel-2_2020-01\S2_2020-01-06_03-35-38\20200106T032121_20200106T032732_T48PWQ_metadata.json,48PWQ
S2A_MSIL2A_20200106T032121_N0213_R118_T48PVQ_20200106T070716,,,,12.825737,12.770943,5.482935,38.3269984305,74.835044,2.7e-05,dbscl-sentinel-2-2020\dbscl-sentinel-2_2020-01\S2_2020-01-06_03-35-42\20200106T032121_20200106T032732_T48PVQ_metadata.json,48PVQ
S2B_MSIL2A_20200108T031109_N0213_R075_T48PXR_20200108T063318,,,,30.93872,9.483677,3.490965,39.4238984679,57.445741,0.00483,dbscl-sentinel-2-2020\dbscl-sentinel-2_2020-01\S2_2020-01-08_03-25-26\20200108T031109_20200108T031713_T48PXR_metadata.json,48PXR
S2A_MSIL2A_20200109T033121_N0213_R018_T48PUS_20200109T070926,,,,8.742685,1.333526,17.833698,38.8858701172,68.045247,0.000133,dbscl-sentinel-2-2020\dbscl-sentinel-2_2020-01\S2_2020-01-09_03-45-11\20200109T033121_20200109T033739_T48PUS_metadata.json,48PUS
S2A_MSIL2A_20200109T033121_N0213_R018_T48PUR_20200109T070926,,,,36.94378,3.919458,0.011973,38.0957812483,63.03488,0.0,dbscl-sentinel-2-2020\dbscl-sentinel-2_2020-01\S2_2020-01-09_03-45-25\20200109T033121_20200109T033739_T48PUR_metadata.json,48PUR
S2B_MSIL2A_20200111T032109_N0213_R118_T48PXR_20200111T072550,,,,47.898633,38.302222,17.603676,37.8576296705,14.982331,0.000142,dbscl-sentinel-2-2020\dbscl-sentinel-2_2020-01\S2_2020-01-11_03-35-21\20200111T032109_20200111T033056_T48PXR_metadata.json,48PXR
S2A_MSIL2A_20200113T031101_N0213_R075_T48PXS_20200113T071306,,,,6.654881,5.363657,39.621088,39.9059903993,23.206168,0.041177,dbscl-sentinel-2-2020\dbscl-sentinel-2_2020-01\S2_2020-01-13_03-25-10\20200113T031101_20200113T031530_T48PXS_metadata.json,48PXS
S2A_MSIL2A_20200113T031101_N0213_R075_T48PXR_20200113T071306,,,,27.988044,26.707852,4.481445,39.15057321,56.62775,0.000483,dbscl-sentinel-2-2020\dbscl-sentinel-2_2020-01\S2_2020-01-13_03-25-25\20200113T031101_20200113T031530_T48PXR_metadata.json,48PXR
S2B_MSIL2A_20200114T033109_N0213_R018_T48PUS_20200114T073447,,,,10.831091,0.56576,12.721923,38.5270643649,69.08614,0.019901,dbscl-sentinel-2-2020\dbscl-sentinel-2_2020-01\S2_2020-01-14_03-45-11\20200114T033109_20200114T033918_T48PUS_metadata.json,48PUS
S2B_MSIL2A_20200114T033109_N0213_R018_T48PUR_20200114T073447,,,,0.164731,0.114548,0.171394,37.7475619291,99.653047,0.0,dbscl-sentinel-2-2020\dbscl-sentinel-2_2020-01\S2_2020-01-14_03-45-25\20200114T033109_20200114T033918_T48PUR_metadata.json,48PUR
S2A_MSIL2A_20200116T032051_N0213_R118_T48PXT_20200116T071005,,,,0.200839,0.037344,58.255488,38.9952374293,2.037056,0.0,dbscl-sentinel-2-2020\dbscl-sentinel-2_2020-01\S2_2020-01-16_03-34-51\20200116T032051_20200116T032705_T48PXT_metadata.json,48PXT
S2A_MSIL2A_20200116T032051_N0213_R118_T48PWT_20200116T071005,,,,0.599361,0.0393,40.186158,39.502683552,2.499328,0.0,dbscl-sentinel-2-2020\dbscl-sentinel-2_2020-01\S2_2020-01-16_03-34-55\20200116T032051_20200116T032705_T48PWT_metadata.json,48PWT
S2A_MSIL2A_20200116T032051_N0213_R118_T48PVT_20200116T071005,,,,0.939921,0.000281,30.498543,40.0212451713,1.614124,0.0,dbscl-sentinel-2-2020\dbscl-sentinel-2_2020-01\S2_2020-01-16_03-34-58\20200116T032051_20200116T032705_T48PVT_metadata.json,48PVT
S2A_MSIL2A_20200116T032051_N0213_R118_T48PXS_20200116T071005,,,,5.296144,5.047291,62.825465,38.2175468944,4.613746,0.0,dbscl-sentinel-2-2020\dbscl-sentinel-2_2020-01\S2_2020-01-16_03-35-05\20200116T032051_20200116T032705_T48PXS_metadata.json,48PXS
S2A_MSIL2A_20200116T032051_N0213_R118_T48PWS_20200116T071005,,,,4.235825,3.245281,74.704862,38.7320505842,3.524239,0.0,dbscl-sentinel-2-2020\dbscl-sentinel-2_2020-01\S2_2020-01-16_03-35-09\20200116T032051_20200116T032705_T48PWS_metadata.json,48PWS
S2A_MSIL2A_20200116T032051_N0213_R118_T48PVS_20200116T071005,,,,1.79375,0.0,32.00981,39.2578216196,43.020555,0.000737,dbscl-sentinel-2-2020\dbscl-sentinel-2_2020-01\S2_2020-01-16_03-35-12\20200116T032051_20200116T032705_T48PVS_metadata.json,48PVS
S2A_MSIL2A_20200116T032051_N0213_R118_T48PUS_20200116T071005,,,,15.112821,0.0,17.812029,39.7939458493,56.428248,0.008274,dbscl-sentinel-2-2020\dbscl-sentinel-2_2020-01\S2_2020-01-16_03-35-16\20200116T032051_20200116T032705_T48PUS_metadata.json,48PUS
S2A_MSIL2A_20200116T032051_N0213_R118_T48PXR_20200116T071005,,,,7.673945,6.104918,28.149208,37.4447531666,40.816459,0.000105,dbscl-sentinel-2-2020\dbscl-sentinel-2_2020-01\S2_2020-01-16_03-35-20\20200116T032051_20200116T032705_T48PXR_metadata.json,48PXR
S2A_MSIL2A_20200116T032051_N0213_R118_T48PWR_20200116T071005,,,,10.200365,3.652108,37.983131,37.9665903196,15.050207,0.003895,dbscl-sentinel-2-2020\dbscl-sentinel-2_2020-01\S2_2020-01-16_03-35-24\20200116T032051_20200116T032705_T48PWR_metadata.json,48PWR
S2A_MSIL2A_20200116T032051_N0213_R118_T48PVR_20200116T071005,,,,2.810193,0.0,8.54538,38.4998446564,75.786889,0.0,dbscl-sentinel-2-2020\dbscl-sentinel-2_2020-01\S2_2020-01-16_03-35-27\20200116T032051_20200116T032705_T48PVR_metadata.json,48PVR
S2A_MSIL2A_20200116T032051_N0213_R118_T48PUR_20200116T071005,,,,9.068563,0.09898,0.041232,39.043575734,90.884423,0.0,dbscl-sentinel-2-2020\dbscl-sentinel-2_2020-01\S2_2020-01-16_03-35-30\20200116T032051_20200116T032705_T48PUR_metadata.json,48PUR
S2A_MSIL2A_20200116T032051_N0213_R118_T48PWQ_20200116T071005,,,,24.231552,8.507198,1.640645,37.2057494331,68.350434,0.022638,dbscl-sentinel-2-2020\dbscl-sentinel-2_2020-01\S2_2020-01-16_03-35-38\20200116T032051_20200116T032705_T48PWQ_metadata.json,48PWQ
S2A_MSIL2A_20200116T032051_N0213_R118_T48PVQ_20200116T071005,,,,15.884901,1.035139,2.25477,37.7467932864,74.569529,0.004127,dbscl-sentinel-2-2020\dbscl-sentinel-2_2020-01\S2_2020-01-16_03-35-41\20200116T032051_20200116T032705_T48PVQ_metadata.json,48PVQ
S2B_MSIL2A_20200118T031039_N0213_R075_T48PXS_20200118T065538,,,,8.843161,0.0,23.106007,39.4694536507,26.858127,0.022394,dbscl-sentinel-2-2020\dbscl-sentinel-2_2020-01\S2_2020-01-18_03-25-10\20200118T031039_20200118T031312_T48PXS_metadata.json,48PXS
S2B_MSIL2A_20200118T031039_N0213_R075_T48PXR_20200118T065538,,,,7.017459,0.442436,6.606932,38.7267451161,71.099597,0.00819,dbscl-sentinel-2-2020\dbscl-sentinel-2_2020-01\S2_2020-01-18_03-25-23\20200118T031039_20200118T031312_T48PXR_metadata.json,48PXR
S2B_MSIL2A_20200121T032039_N0213_R118_T48PXT_20200121T070515,,,,0.107719,0.0,64.092147,38.4077624864,1.951682,0.0,dbscl-sentinel-2-2020\dbscl-sentinel-2_2020-01\S2_2020-01-21_03-34-50\20200121T032039_20200121T032421_T48PXT_metadata.json,48PXT
S2B_MSIL2A_20200121T032039_N0213_R118_T48PWT_20200121T070515,,,,0.132534,0.0,42.209351,38.9335479232,2.420331,0.0,dbscl-sentinel-2-2020\dbscl-sentinel-2_2020-01\S2_2020-01-21_03-34-54\20200121T032039_20200121T032421_T48PWT_metadata.json,48PWT
S2B_MSIL2A_20200121T032039_N0213_R118_T48PVT_20200121T070515,,,,0.156719,0.000211,31.981155,39.4702654277,1.613804,0.0,dbscl-sentinel-2-2020\dbscl-sentinel-2_2020-01\S2_2020-01-21_03-34-57\20200121T032039_20200121T032421_T48PVT_metadata.json,48PVT
S2B_MSIL2A_20200121T032039_N0213_R118_T48PXS_20200121T070515,,,,0.152665,0.0,71.756589,37.6422776158,5.356155,0.0,dbscl-sentinel-2-2020\dbscl-sentinel-2_2020-01\S2_2020-01-21_03-35-05\20200121T032039_20200121T032421_T48PXS_metadata.json,48PXS
S2B_MSIL2A_20200121T032039_N0213_R118_T48PWS_20200121T070515,,,,0.292856,0.0,76.741588,38.1754455464,3.945196,0.0,dbscl-sentinel-2-2020\dbscl-sentinel-2_2020-01\S2_2020-01-21_03-35-09\20200121T032039_20200121T032421_T48PWS_metadata.json,48PWS
S2B_MSIL2A_20200121T032039_N0213_R118_T48PVS_20200121T070515,,,,0.052349,0.0,33.424771,38.7196741957,43.825284,0.000385,dbscl-sentinel-2-2020\dbscl-sentinel-2_2020-01\S2_2020-01-21_03-35-12\20200121T032039_20200121T032421_T48PVS_metadata.json,48PVS
S2B_MSIL2A_20200121T032039_N0213_R118_T48PUS_20200121T070515,,,,0.097912,0.0,31.980228,39.2740215443,63.291836,6.3e-05,dbscl-sentinel-2-2020\dbscl-sentinel-2_2020-01\S2_2020-01-21_03-35-15\20200121T032039_20200121T032421_T48PUS_metadata.json,48PUS
S2B_MSIL2A_20200121T032039_N0213_R118_T48PXR_20200121T070515,,,,0.539843,4.9e-05,32.072863,36.8821998547,45.5493,0.00056,dbscl-sentinel-2-2020\dbscl-sentinel-2_2020-01\S2_2020-01-21_03-35-20\20200121T032039_20200121T032421_T48PXR_metadata.json,48PXR
S2B_MSIL2A_20200121T032039_N0213_R118_T48PWR_20200121T070515,,,,2.224731,6.6e-05,40.254718,37.4230421946,18.539296,0.002349,dbscl-sentinel-2-2020\dbscl-sentinel-2_2020-01\S2_2020-01-21_03-35-23\20200121T032039_20200121T032421_T48PWR_metadata.json,48PWR
S2B_MSIL2A_20200121T032039_N0213_R118_T48PVR_20200121T070515,,,,1.718475,0.118852,10.037601,37.9750655953,75.403601,0.0,dbscl-sentinel-2-2020\dbscl-sentinel-2_2020-01\S2_2020-01-21_03-35-26\20200121T032039_20200121T032421_T48PVR_metadata.json,48PVR
S2B_MSIL2A_20200121T032039_N0213_R118_T48PUR_20200121T070515,,,,7.14236,7.071884,0.052276,38.5373008903,92.803633,0.0,dbscl-sentinel-2-2020\dbscl-sentinel-2_2020-01\S2_2020-01-21_03-35-29\20200121T032039_20200121T032421_T48PUR_metadata.json,48PUR
S2B_MSIL2A_20200121T032039_N0213_R118_T48PWQ_20200121T070515,,,,0.471913,0.015382,3.202727,36.6758176564,89.850187,0.003188,dbscl-sentinel-2-2020\dbscl-sentinel-2_2020-01\S2_2020-01-21_03-35-38\20200121T032039_20200121T032421_T48PWQ_metadata.json,48PWQ
S2B_MSIL2A_20200121T032039_N0213_R118_T48PVQ_20200121T070515,,,,0.308267,0.006934,4.48249,37.2359318204,87.349302,0.000136,dbscl-sentinel-2-2020\dbscl-sentinel-2_2020-01\S2_2020-01-21_03-35-41\20200121T032039_20200121T032421_T48PVQ_metadata.json,48PVQ
S2A_MSIL2A_20200123T031021_N0213_R075_T48PXS_20200123T071501,,,,9.919141,0.020109,28.427792,38.8879599074,26.168478,0.045589,dbscl-sentinel-2-2020\dbscl-sentinel-2_2020-01\S2_2020-01-23_03-25-09\20200123T031021_20200123T032120_T48PXS_metadata.json,48PXS
S2A_MSIL2A_20200123T031021_N0213_R075_T48PXR_20200123T071501,,,,17.382002,0.126267,4.216336,38.1596176071,69.168061,0.007985,dbscl-sentinel-2-2020\dbscl-sentinel-2_2020-01\S2_2020-01-23_03-25-24\20200123T031021_20200123T032120_T48PXR_metadata.json,48PXR
S2B_MSIL2A_20200124T033029_N0213_R018_T48PUS_20200124T073102,,,,21.41748,20.946242,18.498881,37.3580939861,54.487813,7e-06,dbscl-sentinel-2-2020\dbscl-sentinel-2_2020-01\S2_2020-01-24_03-45-09\20200124T033029_20200124T034212_T48PUS_metadata.json,48PUS
S2B_MSIL2A_20200124T033029_N0213_R018_T48PUR_20200124T073102,,,,22.351687,22.19611,0.139058,36.6042626838,77.495795,0.0,dbscl-sentinel-2-2020\dbscl-sentinel-2_2020-01\S2_2020-01-24_03-45-24\20200124T033029_20200124T034212_T48PUR_metadata.json,48PUR
S2A_MSIL2A_20200126T032011_N0213_R118_T48PXT_20200126T071110,,,,9.020939,0.00779,58.312595,37.6748179672,1.988611,0.0,dbscl-sentinel-2-2020\dbscl-sentinel-2_2020-01\S2_2020-01-26_03-34-50\20200126T032011_20200126T032624_T48PXT_metadata.json,48PXT
S2A_MSIL2A_20200126T032011_N0213_R118_T48PWT_20200126T071110,,,,18.78385,0.153613,31.569976,38.2199840187,1.81743,0.0,dbscl-sentinel-2-2020\dbscl-sentinel-2_2020-01\S2_2020-01-26_03-34-54\20200126T032011_20200126T032624_T48PWT_metadata.json,48PWT
S2A_MSIL2A_20200126T032011_N0213_R118_T48PVT_20200126T071110,,,,10.35327,1.113565,26.677564,38.7759076719,1.064972,0.0,dbscl-sentinel-2-2020\dbscl-sentinel-2_2020-01\S2_2020-01-26_03-34-57\20200126T032011_20200126T032624_T48PVT_metadata.json,48PVT
S2A_MSIL2A_20200126T032011_N0213_R118_T48PXS_20200126T071110,,,,10.647814,0.008697,59.831965,36.9230430035,4.762858,0.001604,dbscl-sentinel-2-2020\dbscl-sentinel-2_2020-01\S2_2020-01-26_03-35-04\20200126T032011_20200126T032624_T48PXS_metadata.json,48PXS
S2A_MSIL2A_20200126T032011_N0213_R118_T48PWS_20200126T071110,,,,19.478644,0.690665,56.936198,37.4759582618,3.053345,0.0,dbscl-sentinel-2-2020\dbscl-sentinel-2_2020-01\S2_2020-01-26_03-35-08\20200126T032011_20200126T032624_T48PWS_metadata.json,48PWS
S2A_MSIL2A_20200126T032011_N0213_R118_T48PVS_20200126T071110,,,,23.208964,4.28921,21.972458,38.0397321163,33.067432,0.011158,dbscl-sentinel-2-2020\dbscl-sentinel-2_2020-01\S2_2020-01-26_03-35-11\20200126T032011_20200126T032624_T48PVS_metadata.json,48PVS
S2A_MSIL2A_20200126T032011_N0213_R118_T48PUS_20200126T071110,,,,18.371858,0.216445,17.956199,38.6133919886,55.962956,0.060649,dbscl-sentinel-2-2020\dbscl-sentinel-2_2020-01\S2_2020-01-26_03-35-15\20200126T032011_20200126T032624_T48PUS_metadata.json,48PUS
S2A_MSIL2A_20200126T032011_N0213_R118_T48PXR_20200126T071110,,,,13.888299,2.151418,22.26215,36.1772751674,42.071825,0.000969,dbscl-sentinel-2-2020\dbscl-sentinel-2_2020-01\S2_2020-01-26_03-35-19\20200126T032011_20200126T032624_T48PXR_metadata.json,48PXR
S2A_MSIL2A_20200126T032011_N0213_R118_T48PWR_20200126T071110,,,,16.272807,0.098338,31.498897,36.7382483331,17.419705,0.006984,dbscl-sentinel-2-2020\dbscl-sentinel-2_2020-01\S2_2020-01-26_03-35-23\20200126T032011_20200126T032624_T48PWR_metadata.json,48PWR
S2A_MSIL2A_20200126T032011_N0213_R118_T48PVR_20200126T071110,,,,9.66608,0.530151,6.51907,37.3101678662,71.813399,0.0,dbscl-sentinel-2-2020\dbscl-sentinel-2_2020-01\S2_2020-01-26_03-35-26\20200126T032011_20200126T032624_T48PVR_metadata.json,48PVR
S2A_MSIL2A_20200126T032011_N0213_R118_T48PUR_20200126T071110,,,,8.812157,0.189975,0.027179,37.892032382,91.155213,0.0,dbscl-sentinel-2-2020\dbscl-sentinel-2_2020-01\S2_2020-01-26_03-35-29\20200126T032011_20200126T032624_T48PUR_metadata.json,48PUR
S2A_MSIL2A_20200126T032011_N0213_R118_T48PWQ_20200126T071110,,,,11.341243,5.192375,2.305888,36.0063894903,80.945808,0.000922,dbscl-sentinel-2-2020\dbscl-sentinel-2_2020-01\S2_2020-01-26_03-35-37\20200126T032011_20200126T032624_T48PWQ_metadata.json,48PWQ
S2A_MSIL2A_20200126T032011_N0213_R118_T48PVQ_20200126T071110,,,,6.869864,0.376634,3.019097,36.5867339309,83.184671,0.000717,dbscl-sentinel-2-2020\dbscl-sentinel-2_2020-01\S2_2020-01-26_03-35-40\20200126T032011_20200126T032624_T48PVQ_metadata.json,48PVQ
S2B_MSIL2A_20200128T030959_N0213_R075_T48PXS_20200128T064827,,,,35.532879,0.000376,19.042574,38.1701564674,19.997631,0.032089,dbscl-sentinel-2-2020\dbscl-sentinel-2_2020-01\S2_2020-01-28_03-25-09\20200128T030959_20200128T031833_T48PXS_metadata.json,48PXS
S2B_MSIL2A_20200128T030959_N0213_R075_T48PXR_20200128T064827,,,,29.642959,0.0015,2.273973,37.4579814669,62.444508,0.006127,dbscl-sentinel-2-2020\dbscl-sentinel-2_2020-01\S2_2020-01-28_03-25-23\20200128T030959_20200128T031833_T48PXR_metadata.json,48PXR
S2A_MSIL2A_20200129T033001_N0213_R018_T48PUS_20200130T163841,,,,23.741877,12.169255,12.154461,36.5615982865,56.558323,0.145161,dbscl-sentinel-2-2020\dbscl-sentinel-2_2020-01\S2_2020-01-29_03-45-09\20200129T033001_20200129T033624_T48PUS_metadata.json,48PUS
S2A_MSIL2A_20200129T033001_N0213_R018_T48PUR_20200130T163841,,,,13.08381,2.647769,0.051643,35.8230630285,86.83275,0.0,dbscl-sentinel-2-2020\dbscl-sentinel-2_2020-01\S2_2020-01-29_03-45-24\20200129T033001_20200129T033624_T48PUR_metadata.json,48PUR
S2A_MSIL2A_20200202T030931_N0213_R075_T48PXS_20200202T070655,,,,7.773242,4.123973,33.792078,37.3229507225,23.847523,0.0583,dbscl-sentinel-2-2020\dbscl-sentinel-2_2020-02\S2_2020-02-02_03-25-08\20200202T030931_20200202T031533_T48PXS_metadata.json,48PXS
S2B_MSIL2A_20200203T032939_N0213_R018_T48PUR_20200203T084018,,,,39.039098,33.014044,0.131127,34.9128388988,60.804701,0.0,dbscl-sentinel-2-2020\dbscl-sentinel-2_2020-02\S2_2020-02-03_03-45-24\20200203T032939_20200203T034412_T48PUR_metadata.json,48PUR
S2A_MSIL2A_20200205T031921_N0214_R118_T48PXT_20200205T071906,,,,0.607186,0.426181,67.285019,35.8126505815,1.344956,0.0,dbscl-sentinel-2-2020\dbscl-sentinel-2_2020-02\S2_2020-02-05_03-34-48\20200205T031921_20200205T032530_T48PXT_metadata.json,48PXT
S2A_MSIL2A_20200205T031921_N0214_R118_T48PWT_20200205T071906,,,,7.675366,7.214953,37.493083,36.3992586018,1.382706,0.0,dbscl-sentinel-2-2020\dbscl-sentinel-2_2020-02\S2_2020-02-05_03-34-52\20200205T031921_20200205T032530_T48PWT_metadata.json,48PWT
S2A_MSIL2A_20200205T031921_N0214_R118_T48PVT_20200205T071906,,,,1.733131,1.459936,26.580587,36.9962518895,0.998207,0.0,dbscl-sentinel-2-2020\dbscl-sentinel-2_2020-02\S2_2020-02-05_03-34-55\20200205T031921_20200205T032530_T48PVT_metadata.json,48PVT
S2A_MSIL2A_20200205T031921_N0214_R118_T48PXS_20200205T071906,,,,14.685596,14.238556,59.824896,35.0933170589,2.977721,0.0,dbscl-sentinel-2-2020\dbscl-sentinel-2_2020-02\S2_2020-02-05_03-35-03\20200205T031921_20200205T032530_T48PXS_metadata.json,48PXS
S2A_MSIL2A_20200205T031921_N0214_R118_T48PWS_20200205T071906,,,,4.94141,4.571657,74.764222,35.688546115,2.268516,0.0,dbscl-sentinel-2-2020\dbscl-sentinel-2_2020-02\S2_2020-02-05_03-35-07\20200205T031921_20200205T032530_T48PWS_metadata.json,48PWS
S2A_MSIL2A_20200205T031921_N0214_R118_T48PVS_20200205T071906,,,,10.821583,10.644796,26.301175,36.2941860189,36.559689,0.000557,dbscl-sentinel-2-2020\dbscl-sentinel-2_2020-02\S2_2020-02-05_03-35-10\20200205T031921_20200205T032530_T48PVS_metadata.json,48PVS
S2A_MSIL2A_20200205T031921_N0214_R118_T48PUS_20200205T071906,,,,12.583667,12.4492,31.251872,36.9091928504,50.610888,1.3e-05,dbscl-sentinel-2-2020\dbscl-sentinel-2_2020-02\S2_2020-02-05_03-35-13\20200205T031921_20200205T032530_T48PUS_metadata.json,48PUS
S2A_MSIL2A_20200205T031921_N0214_R118_T48PXR_20200205T071906,,,,26.746571,26.257917,24.868888,34.381580161,26.625627,0.001945,dbscl-sentinel-2-2020\dbscl-sentinel-2_2020-02\S2_2020-02-05_03-35-18\20200205T031921_20200205T032530_T48PXR_metadata.json,48PXR
S2A_MSIL2A_20200205T031921_N0214_R118_T48PWR_20200205T071906,,,,9.646359,8.352912,39.714408,34.9857138153,12.727307,0.005939,dbscl-sentinel-2-2020\dbscl-sentinel-2_2020-02\S2_2020-02-05_03-35-21\20200205T031921_20200205T032530_T48PWR_metadata.json,48PWR
S2A_MSIL2A_20200205T031921_N0214_R118_T48PVR_20200205T071906,,,,16.082479,14.643154,7.688289,35.6002738567,62.089759,0.0,dbscl-sentinel-2-2020\dbscl-sentinel-2_2020-02\S2_2020-02-05_03-35-24\20200205T031921_20200205T032530_T48PVR_metadata.json,48PVR
S2A_MSIL2A_20200205T031921_N0214_R118_T48PUR_20200205T071906,,,,24.866872,20.958695,0.051505,36.2241914911,75.075924,0.0,dbscl-sentinel-2-2020\dbscl-sentinel-2_2020-02\S2_2020-02-05_03-35-27\20200205T031921_20200205T032530_T48PUR_metadata.json,48PUR
S2A_MSIL2A_20200205T031921_N0214_R118_T48PWQ_20200205T071906,,,,25.023308,16.956393,1.472865,34.2904685872,66.989493,0.016145,dbscl-sentinel-2-2020\dbscl-sentinel-2_2020-02\S2_2020-02-05_03-35-36\20200205T031921_20200205T032530_T48PWQ_metadata.json,48PWQ
S2A_MSIL2A_20200205T031921_N0214_R118_T48PVQ_20200205T071906,,,,21.654911,11.615343,2.129943,34.914239636,68.47831,0.002027,dbscl-sentinel-2-2020\dbscl-sentinel-2_2020-02\S2_2020-02-05_03-35-39\20200205T031921_20200205T032530_T48PVQ_metadata.json,48PVQ
S2B_MSIL2A_20200207T030909_N0214_R075_T48PXS_20200207T063831,,,,45.546336,41.496858,28.459051,36.3525820562,5.538512,0.043553,dbscl-sentinel-2-2020\dbscl-sentinel-2_2020-02\S2_2020-02-07_03-25-10\20200207T030909_20200207T031314_T48PXS_metadata.json,48PXS
S2B_MSIL2A_20200210T031849_N0214_R118_T48PXT_20200210T072850,,,,35.938249,1.968704,40.452114,34.6968505435,1.405437,0.0,dbscl-sentinel-2-2020\dbscl-sentinel-2_2020-02\S2_2020-02-10_03-34-52\20200210T031849_20200210T032710_T48PXT_metadata.json,48PXT
S2A_MSIL2A_20200212T030831_N0214_R075_T48PXS_20200212T072017,,,,16.018184,14.524628,36.776057,35.2910031974,15.375991,0.090064,dbscl-sentinel-2-2020\dbscl-sentinel-2_2020-02\S2_2020-02-12_03-25-09\20200212T030831_20200212T031435_T48PXS_metadata.json,48PXS
S2A_MSIL2A_20200212T030831_N0214_R075_T48PXR_20200212T072017,,,,17.816552,9.87863,5.0909,34.6392594172,67.18021,0.001199,dbscl-sentinel-2-2020\dbscl-sentinel-2_2020-02\S2_2020-02-12_03-25-24\20200212T030831_20200212T031435_T48PXR_metadata.json,48PXR
S2B_MSIL2A_20200213T032839_N0214_R018_T48PUS_20200213T073659,,,,8.062955,0.019828,14.390008,33.4470045629,71.148556,0.002775,dbscl-sentinel-2-2020\dbscl-sentinel-2_2020-02\S2_2020-02-13_03-45-12\20200213T032839_20200213T034040_T48PUS_metadata.json,48PUS
S2B_MSIL2A_20200213T032839_N0214_R018_T48PUR_20200213T073659,,,,8.586998,0.0,0.099463,32.7659639413,91.284627,0.0,dbscl-sentinel-2-2020\dbscl-sentinel-2_2020-02\S2_2020-02-13_03-45-26\20200213T032839_20200213T034040_T48PUR_metadata.json,48PUR
S2A_MSIL2A_20200215T031821_N0214_R118_T48PXT_20200215T071914,,,,12.008999,7e-06,52.710032,33.4981966002,1.459365,0.0,dbscl-sentinel-2-2020\dbscl-sentinel-2_2020-02\S2_2020-02-15_03-34-50\20200215T031821_20200215T033401_T48PXT_metadata.json,48PXT
S2A_MSIL2A_20200215T031821_N0214_R118_T48PWT_20200215T071914,,,,4.505752,0.000401,32.163975,34.129342851,2.153893,0.0,dbscl-sentinel-2-2020\dbscl-sentinel-2_2020-02\S2_2020-02-15_03-34-54\20200215T031821_20200215T033401_T48PWT_metadata.json,48PWT
S2A_MSIL2A_20200215T031821_N0214_R118_T48PVT_20200215T071914,,,,0.60606,0.000236,28.04226,34.7703927898,1.480135,0.0,dbscl-sentinel-2-2020\dbscl-sentinel-2_2020-02\S2_2020-02-15_03-34-57\20200215T031821_20200215T033401_T48PVT_metadata.json,48PVT
S2A_MSIL2A_20200215T031821_N0214_R118_T48PXS_20200215T071914,,,,27.177877,0.0,37.280282,32.8191743379,3.674057,8.5e-05,dbscl-sentinel-2-2020\dbscl-sentinel-2_2020-02\S2_2020-02-15_03-35-05\20200215T031821_20200215T033401_T48PXS_metadata.json,48PXS
S2A_MSIL2A_20200215T031821_N0214_R118_T48PWS_20200215T071914,,,,12.287613,0.000103,54.703611,33.4599204972,3.765393,0.0,dbscl-sentinel-2-2020\dbscl-sentinel-2_2020-02\S2_2020-02-15_03-35-08\20200215T031821_20200215T033401_T48PWS_metadata.json,48PWS
S2A_MSIL2A_20200215T031821_N0214_R118_T48PVS_20200215T071914,,,,7.083148,1.573764,24.076569,34.1105009999,40.139046,0.002956,dbscl-sentinel-2-2020\dbscl-sentinel-2_2020-02\S2_2020-02-15_03-35-12\20200215T031821_20200215T033401_T48PVS_metadata.json,48PVS
S2A_MSIL2A_20200215T031821_N0214_R118_T48PUS_20200215T071914,,,,16.117345,4.760055,20.857038,34.7697967905,55.887407,6.4e-05,dbscl-sentinel-2-2020\dbscl-sentinel-2_2020-02\S2_2020-02-15_03-35-15\20200215T031821_20200215T033401_T48PUS_metadata.json,48PUS
S2A_MSIL2A_20200215T031821_N0214_R118_T48PXR_20200215T071914,,,,22.594211,0.0,16.991344,32.1499515737,35.422,0.000442,dbscl-sentinel-2-2020\dbscl-sentinel-2_2020-02\S2_2020-02-15_03-35-19\20200215T031821_20200215T033401_T48PXR_metadata.json,48PXR
S2A_MSIL2A_20200215T031821_N0214_R118_T48PWR_20200215T071914,,,,12.52972,0.001911,31.615195,32.8005560491,17.393512,0.005664,dbscl-sentinel-2-2020\dbscl-sentinel-2_2020-02\S2_2020-02-15_03-35-23\20200215T031821_20200215T033401_T48PWR_metadata.json,48PWR
S2A_MSIL2A_20200215T031821_N0214_R118_T48PVR_20200215T071914,,,,0.935229,0.252939,8.010259,33.4609084092,76.976174,0.0,dbscl-sentinel-2-2020\dbscl-sentinel-2_2020-02\S2_2020-02-15_03-35-26\20200215T031821_20200215T033401_T48PVR_metadata.json,48PVR
S2A_MSIL2A_20200215T031821_N0214_R118_T48PUR_20200215T071914,,,,18.497132,13.552327,0.052602,34.1298691005,81.448209,0.0,dbscl-sentinel-2-2020\dbscl-sentinel-2_2020-02\S2_2020-02-15_03-35-29\20200215T031821_20200215T033401_T48PUR_metadata.json,48PUR
S2A_MSIL2A_20200215T031821_N0214_R118_T48PWQ_20200215T071914,,,,3.287375,0.318383,2.639139,32.1511184198,87.763393,0.000455,dbscl-sentinel-2-2020\dbscl-sentinel-2_2020-02\S2_2020-02-15_03-35-37\20200215T031821_20200215T033401_T48PWQ_metadata.json,48PWQ
S2A_MSIL2A_20200215T031821_N0214_R118_T48PVQ_20200215T071914,,,,9.0912,7.433147,3.855017,32.8215067022,79.177737,0.0,dbscl-sentinel-2-2020\dbscl-sentinel-2_2020-02\S2_2020-02-15_03-35-41\20200215T031821_20200215T033401_T48PVQ_metadata.json,48PVQ
S2B_MSIL2A_20200217T030809_N0214_R075_T48PXS_20200217T071631,,,,12.42069,0.0,26.937205,34.132801782265,27.802092,0.049736,dbscl-sentinel-2-2020\dbscl-sentinel-2_2020-02\S2_2020-02-17_03-25-12\20200217T030809_20200217T032119_T48PXS_metadata.json,48PXS
S2B_MSIL2A_20200217T030809_N0214_R075_T48PXR_20200217T071631,,,,8.070148,6.173908,5.472672,33.5058853306522,76.736856,0.036896,dbscl-sentinel-2-2020\dbscl-sentinel-2_2020-02\S2_2020-02-17_03-25-27\20200217T030809_20200217T032119_T48PXR_metadata.json,48PXR
S2A_MSIL2A_20200218T032811_N0214_R018_T48PUS_20200218T072701,,,,12.849795,4.16396,11.631342,32.2286307428728,68.108016,0.000335,dbscl-sentinel-2-2020\dbscl-sentinel-2_2020-02\S2_2020-02-18_03-45-10\20200218T032811_20200218T033333_T48PUS_metadata.json,48PUS
S2A_MSIL2A_20200218T032811_N0214_R018_T48PUR_20200218T072701,,,,19.139876,0.231757,0.14988,31.5718405196917,80.646408,0.0,dbscl-sentinel-2-2020\dbscl-sentinel-2_2020-02\S2_2020-02-18_03-45-25\20200218T032811_20200218T033333_T48PUR_metadata.json,48PUR
S2B_MSIL2A_20200220T031749_N0214_R118_T48PXT_20200220T072401,,,,0.117261,0.001536,65.672964,32.2098969949338,1.776728,0.0,dbscl-sentinel-2-2020\dbscl-sentinel-2_2020-02\S2_2020-02-20_03-34-53\20200220T031749_20200220T033233_T48PXT_metadata.json,48PXT
S2B_MSIL2A_20200220T031749_N0214_R118_T48PWT_20200220T072401,,,,0.112737,0.002007,31.407934,32.8644498658014,2.243358,0.0,dbscl-sentinel-2-2020\dbscl-sentinel-2_2020-02\S2_2020-02-20_03-34-57\20200220T031749_20200220T033233_T48PWT_metadata.json,48PWT
S2B_MSIL2A_20200220T031749_N0214_R118_T48PVT_20200220T072401,,,,1.570952,0.000614,20.781879,33.5285780028842,1.496673,0.0,dbscl-sentinel-2-2020\dbscl-sentinel-2_2020-02\S2_2020-02-20_03-35-00\20200220T031749_20200220T033233_T48PVT_metadata.json,48PVT
S2B_MSIL2A_20200220T031749_N0214_R118_T48PXS_20200220T072401,,,,0.888712,0.748638,63.007039,31.5547230048518,5.101186,0.0,dbscl-sentinel-2-2020\dbscl-sentinel-2_2020-02\S2_2020-02-20_03-35-08\20200220T031749_20200220T033233_T48PXS_metadata.json,48PXS
S2B_MSIL2A_20200220T031749_N0214_R118_T48PWS_20200220T072401,,,,7.883791,0.015312,49.853674,32.2193707508829,3.868677,0.0,dbscl-sentinel-2-2020\dbscl-sentinel-2_2020-02\S2_2020-02-20_03-35-11\20200220T031749_20200220T033233_T48PWS_metadata.json,48PWS
S2B_MSIL2A_20200220T031749_N0214_R118_T48PVS_20200220T072401,,,,9.108928,7.6e-05,16.919927,32.8934731020648,40.994921,0.004469,dbscl-sentinel-2-2020\dbscl-sentinel-2_2020-02\S2_2020-02-20_03-35-14\20200220T031749_20200220T033233_T48PVS_metadata.json,48PVS
S2B_MSIL2A_20200220T031749_N0214_R118_T48PUS_20200220T072401,,,,4.04574,6.3e-05,27.509651,33.5758747714689,60.864151,2.5e-05,dbscl-sentinel-2-2020\dbscl-sentinel-2_2020-02\S2_2020-02-20_03-35-18\20200220T031749_20200220T033233_T48PUS_metadata.json,48PUS
S2B_MSIL2A_20200220T031749_N0214_R118_T48PXR_20200220T072401,,,,0.934469,0.307303,27.496472,30.9107583476007,44.801733,0.001494,dbscl-sentinel-2-2020\dbscl-sentinel-2_2020-02\S2_2020-02-20_03-35-22\20200220T031749_20200220T033233_T48PXR_metadata.json,48PXR
S2B_MSIL2A_20200220T031749_N0214_R118_T48PWR_20200220T072401,,,,2.138188,0.061407,36.297268,31.5857539934131,19.032598,0.001569,dbscl-sentinel-2-2020\dbscl-sentinel-2_2020-02\S2_2020-02-20_03-35-26\20200220T031749_20200220T033233_T48PWR_metadata.json,48PWR
S2B_MSIL2A_20200220T031749_N0214_R118_T48PVR_20200220T072401,,,,9.009688,0.0,6.40104,32.2700486339873,69.032145,0.0,dbscl-sentinel-2-2020\dbscl-sentinel-2_2020-02\S2_2020-02-20_03-35-29\20200220T031749_20200220T033233_T48PVR_metadata.json,48PVR
S2B_MSIL2A_20200220T031749_N0214_R118_T48PUR_20200220T072401,,,,14.750542,0.0,0.031736,32.9624707668323,85.20354,0.0,dbscl-sentinel-2-2020\dbscl-sentinel-2_2020-02\S2_2020-02-20_03-35-32\20200220T031749_20200220T033233_T48PUR_metadata.json,48PUR
S2B_MSIL2A_20200220T031749_N0214_R118_T48PWQ_20200220T072401,,,,0.056921,0.0,2.506803,30.9635037215633,90.046817,0.016005,dbscl-sentinel-2-2020\dbscl-sentinel-2_2020-02\S2_2020-02-20_03-35-40\20200220T031749_20200220T033233_T48PWQ_metadata.json,48PWQ
S2B_MSIL2A_20200220T031749_N0214_R118_T48PVQ_20200220T072401,,,,0.033258,0.0,3.587082,31.6582213262243,87.422913,0.000873,dbscl-sentinel-2-2020\dbscl-sentinel-2_2020-02\S2_2020-02-20_03-35-44\20200220T031749_20200220T033233_T48PVQ_metadata.json,48PVQ
S2A_MSIL2A_20200222T030731_N0214_R075_T48PXS_20200222T071130,,,,0.556869,8.9e-05,38.769782,32.9232352464919,28.641963,0.092455,dbscl-sentinel-2-2020\dbscl-sentinel-2_2020-02\S2_2020-02-22_03-25-11\20200222T030731_20200222T032337_T48PXS_metadata.json,48PXS
S2A_MSIL2A_20200222T030731_N0214_R075_T48PXR_20200222T071130,,,,0.134644,0.106919,5.972344,32.3244119469677,84.062421,0.015889,dbscl-sentinel-2-2020\dbscl-sentinel-2_2020-02\S2_2020-02-22_03-25-25\20200222T030731_20200222T032337_T48PXR_metadata.json,48PXR
S2B_MSIL2A_20200223T032739_N0214_R018_T48PUS_20200223T073756,,,,2.55868,0.108177,17.898303,30.9346260444102,73.256588,0.003315,dbscl-sentinel-2-2020\dbscl-sentinel-2_2020-02\S2_2020-02-23_03-45-13\20200223T032739_20200223T033624_T48PUS_metadata.json,48PUS
S2B_MSIL2A_20200223T032739_N0214_R018_T48PUR_20200223T073756,,,,0.003209,0.0,0.2618,30.3049375236547,99.722195,0.0,dbscl-sentinel-2-2020\dbscl-sentinel-2_2020-02\S2_2020-02-23_03-45-20\20200223T032739_20200223T033624_T48PUR_metadata.json,48PUR
S2B_MSIL2A_20200223T032739_N0214_R018_T48PUS_20200223T084300,,,,0.000492,0.0,0.062304,30.9346260444102,99.93434,0.0,dbscl-sentinel-2-2020\dbscl-sentinel-2_2020-02\S2_2020-02-23_03-45-20\20200223T032739_20200223T034515_T48PUS_metadata.json,48PUS
S2B_MSIL2A_20200223T032739_N0214_R018_T48PUR_20200223T084300,,,,0.002985,0.0,0.157939,30.3049375236547,99.828684,0.0,dbscl-sentinel-2-2020\dbscl-sentinel-2_2020-02\S2_2020-02-23_03-45-28\20200223T032739_20200223T034515_T48PUR_metadata.json,48PUR
S2A_MSIL2A_20200225T031711_N0214_R118_T48PXT_20200225T072321,,,,0.192591,0.000369,63.5593,30.8758901907824,1.675024,0.0,dbscl-sentinel-2-2020\dbscl-sentinel-2_2020-02\S2_2020-02-25_03-34-52\20200225T031711_20200225T032326_T48PXT_metadata.json,48PXT
S2A_MSIL2A_20200225T031711_N0214_R118_T48PWT_20200225T072321,,,,0.135739,0.000299,27.956602,31.554908515244,2.003866,0.0,dbscl-sentinel-2-2020\dbscl-sentinel-2_2020-02\S2_2020-02-25_03-34-55\20200225T031711_20200225T032326_T48PWT_metadata.json,48PWT
S2A_MSIL2A_20200225T031711_N0214_R118_T48PVT_20200225T072321,,,,0.697617,0.000535,20.247723,32.243084321665,1.300449,0.0,dbscl-sentinel-2-2020\dbscl-sentinel-2_2020-02\S2_2020-02-25_03-34-59\20200225T031711_20200225T032326_T48PVT_metadata.json,48PVT
S2A_MSIL2A_20200225T031711_N0214_R118_T48PXS_20200225T072321,,,,1.230109,9e-06,58.331901,30.2479534378207,4.343494,0.0,dbscl-sentinel-2-2020\dbscl-sentinel-2_2020-02\S2_2020-02-25_03-35-06\20200225T031711_20200225T032326_T48PXS_metadata.json,48PXS
S2A_MSIL2A_20200225T031711_N0214_R118_T48PWS_20200225T072321,,,,0.60605,0.000133,52.931362,30.9375419959649,3.968541,0.0,dbscl-sentinel-2-2020\dbscl-sentinel-2_2020-02\S2_2020-02-25_03-35-10\20200225T031711_20200225T032326_T48PWS_metadata.json,48PWS
S2A_MSIL2A_20200225T031711_N0214_R118_T48PVS_20200225T072321,,,,0.737015,3e-06,22.106928,31.6360946330188,43.299249,0.007117,dbscl-sentinel-2-2020\dbscl-sentinel-2_2020-02\S2_2020-02-25_03-35-13\20200225T031711_20200225T032326_T48PVS_metadata.json,48PVS
S2A_MSIL2A_20200225T031711_N0214_R118_T48PUS_20200225T072321,,,,5.457699,0.0,27.76767,32.342427507818,59.745413,0.001327,dbscl-sentinel-2-2020\dbscl-sentinel-2_2020-02\S2_2020-02-25_03-35-17\20200225T031711_20200225T032326_T48PUS_metadata.json,48PUS
S2A_MSIL2A_20200225T031711_N0214_R118_T48PXR_20200225T072321,,,,6.87428,0.0,26.513964,29.6328005934057,39.140239,0.001029,dbscl-sentinel-2-2020\dbscl-sentinel-2_2020-02\S2_2020-02-25_03-35-21\20200225T031711_20200225T032326_T48PXR_metadata.json,48PXR
S2A_MSIL2A_20200225T031711_N0214_R118_T48PWR_20200225T072321,,,,5.569824,5.3e-05,34.023115,30.333182467692,16.871777,0.007505,dbscl-sentinel-2-2020\dbscl-sentinel-2_2020-02\S2_2020-02-25_03-35-24\20200225T031711_20200225T032326_T48PWR_metadata.json,48PWR
S2A_MSIL2A_20200225T031711_N0214_R118_T48PVR_20200225T072321,,,,7.416435,0.0,5.262006,31.0423091812355,72.045517,0.0,dbscl-sentinel-2-2020\dbscl-sentinel-2_2020-02\S2_2020-02-25_03-35-28\20200225T031711_20200225T032326_T48PVR_metadata.json,48PVR
S2A_MSIL2A_20200225T031711_N0214_R118_T48PUR_20200225T072321,,,,16.472489,0.0,0.030812,31.758981575686,83.47882,0.0,dbscl-sentinel-2-2020\dbscl-sentinel-2_2020-02\S2_2020-02-25_03-35-30\20200225T031711_20200225T032326_T48PUR_metadata.json,48PUR
S2A_MSIL2A_20200225T031711_N0214_R118_T48PWQ_20200225T072321,,,,18.420327,0.0,1.151698,29.7419653277004,75.050688,0.016619,dbscl-sentinel-2-2020\dbscl-sentinel-2_2020-02\S2_2020-02-25_03-35-39\20200225T031711_20200225T032326_T48PWQ_metadata.json,48PWQ
S2A_MSIL2A_20200225T031711_N0214_R118_T48PVQ_20200225T072321,,,,12.43811,0.000196,1.414707,30.4618268221092,80.8819,0.018653,dbscl-sentinel-2-2020\dbscl-sentinel-2_2020-02\S2_2020-02-25_03-35-42\20200225T031711_20200225T032326_T48PVQ_metadata.json,48PVQ
S2B_MSIL2A_20200227T030659_N0214_R075_T48PXS_20200227T071451,,,,6.298057,5.815538,36.591065,31.6549882282701,22.494696,0.0844,dbscl-sentinel-2-2020\dbscl-sentinel-2_2020-02\S2_2020-02-27_03-25-13\20200227T030659_20200227T032231_T48PXS_metadata.json,48PXS
S2B_MSIL2A_20200227T030659_N0214_R075_T48PXR_20200227T071451,,,,14.906554,14.7983,5.674088,31.087397387115,69.105393,0.00371,dbscl-sentinel-2-2020\dbscl-sentinel-2_2020-02\S2_2020-02-27_03-25-28\20200227T030659_20200227T032231_T48PXR_metadata.json,48PXR
S2A_MSIL2A_20200228T032701_N0214_R018_T48PUR_20200228T074137,,,,32.950001,8.775438,0.107553,29.0121122977462,66.899633,0.0,dbscl-sentinel-2-2020\dbscl-sentinel-2_2020-02\S2_2020-02-28_03-45-26\20200228T032701_20200228T033146_T48PUR_metadata.json,48PUR
S2B_MSIL2A_20200301T031639_N0214_R118_T48PXT_20200301T072900,,,,44.595187,44.036478,36.643577,29.4913008780129,0.913993,0.0,dbscl-sentinel-2-2020\dbscl-sentinel-2_2020-03\S2_2020-03-01_03-34-54\20200301T031639_20200301T032759_T48PXT_metadata.json,48PXT
S2B_MSIL2A_20200301T031639_N0214_R118_T48PUR_20200301T072900,,,,47.347885,38.398376,0.004921,30.5126297500818,52.646083,0.0,dbscl-sentinel-2-2020\dbscl-sentinel-2_2020-03\S2_2020-03-01_03-35-33\20200301T031639_20200301T032759_T48PUR_metadata.json,48PUR
S2A_MSIL2A_20200303T030621_N0214_R075_T48PXS_20200303T074317,,,,38.83778,3.746312,14.895198,30.3757182654032,17.630596,0.062092,dbscl-sentinel-2-2020\dbscl-sentinel-2_2020-03\S2_2020-03-03_03-25-12\20200303T030621_20200303T031221_T48PXS_metadata.json,48PXS
S2A_MSIL2A_20200303T030621_N0214_R075_T48PXR_20200303T074317,,,,29.672477,9.431809,1.992477,29.8434464310344,61.283594,0.00769,dbscl-sentinel-2-2020\dbscl-sentinel-2_2020-03\S2_2020-03-03_03-25-27\20200303T030621_20200303T031221_T48PXR_metadata.json,48PXR
S2B_MSIL2A_20200304T032629_N0214_R018_T48PUS_20200304T091934,,,,32.201574,11.570609,5.226629,28.2530818422296,56.370115,0.056969,dbscl-sentinel-2-2020\dbscl-sentinel-2_2020-03\S2_2020-03-04_03-45-14\20200304T032629_20200304T034426_T48PUS_metadata.json,48PUS
S2B_MSIL2A_20200304T032629_N0214_R018_T48PUR_20200304T091934,,,,17.675525,7.305329,0.134389,27.6894129487411,82.153004,0.0,dbscl-sentinel-2-2020\dbscl-sentinel-2_2020-03\S2_2020-03-04_03-45-28\20200304T032629_20200304T034426_T48PUR_metadata.json,48PUR
S2A_MSIL2A_20200306T031601_N0214_R118_T48PWS_20200306T074852,,,,43.376747,0.551358,8.524229,28.2817623379242,1.571704,0.0,dbscl-sentinel-2-2020\dbscl-sentinel-2_2020-03\S2_2020-03-06_03-35-11\20200306T031601_20200306T032215_T48PWS_metadata.json,48PWS
S2A_MSIL2A_20200306T031601_N0214_R118_T48PVS_20200306T074852,,,,30.282226,16.859925,10.297325,29.0304070859736,30.035225,0.0,dbscl-sentinel-2-2020\dbscl-sentinel-2_2020-03\S2_2020-03-06_03-35-14\20200306T031601_20200306T032215_T48PVS_metadata.json,48PVS
S2A_MSIL2A_20200306T031601_N0214_R118_T48PWR_20200306T074852,,,,39.828395,6.485672,14.460137,27.7477221270082,6.932734,0.01567,dbscl-sentinel-2-2020\dbscl-sentinel-2_2020-03\S2_2020-03-06_03-35-25\20200306T031601_20200306T032215_T48PWR_metadata.json,48PWR
S2A_MSIL2A_20200306T031601_N0214_R118_T48PVR_20200306T074852,,,,30.651571,8.795761,3.119223,28.5073979588564,54.740506,0.0,dbscl-sentinel-2-2020\dbscl-sentinel-2_2020-03\S2_2020-03-06_03-35-29\20200306T031601_20200306T032215_T48PVR_metadata.json,48PVR
S2A_MSIL2A_20200306T031601_N0214_R118_T48PUR_20200306T074852,,,,30.53639,18.202755,0.015003,29.2731033968186,69.436032,0.0,dbscl-sentinel-2-2020\dbscl-sentinel-2_2020-03\S2_2020-03-06_03-35-31\20200306T031601_20200306T032215_T48PUR_metadata.json,48PUR
S2B_MSIL2A_20200308T030549_N0214_R075_T48PXS_20200308T071653,,,,48.411088,1.554072,7.462209,29.0817110966877,10.79685,0.05302,dbscl-sentinel-2-2020\dbscl-sentinel-2_2020-03\S2_2020-03-08_03-25-14\20200308T030549_20200308T032041_T48PXS_metadata.json,48PXS
S2A_MSIL2A_20200309T032551_N0214_R018_T48PUS_20200309T073920,,,,16.339454,0.002739,9.156276,26.9112779138804,66.44907,0.100288,dbscl-sentinel-2-2020\dbscl-sentinel-2_2020-03\S2_2020-03-09_03-45-12\20200309T032551_20200309T033758_T48PUS_metadata.json,48PUS
S2A_MSIL2A_20200309T032551_N0214_R018_T48PUR_20200309T073920,,,,12.627171,0.012621,0.082303,26.3876703438769,87.240815,0.0,dbscl-sentinel-2-2020\dbscl-sentinel-2_2020-03\S2_2020-03-09_03-45-27\20200309T032551_20200309T033758_T48PUR_metadata.json,48PUR
S2B_MSIL2A_20200311T031539_N0214_R118_T48PVT_20200311T091950,,,,10.17065,0.002195,5.46764,28.2295392792926,0.640388,0.0,dbscl-sentinel-2-2020\dbscl-sentinel-2_2020-03\S2_2020-03-11_03-35-02\20200311T031539_20200311T033028_T48PVT_metadata.json,48PVT
S2B_MSIL2A_20200311T031539_N0214_R118_T48PVS_20200311T091950,,,,34.08474,0.002299,2.578983,27.7293738601757,34.487662,0.490184,dbscl-sentinel-2-2020\dbscl-sentinel-2_2020-03\S2_2020-03-11_03-35-16\20200311T031539_20200311T033028_T48PVS_metadata.json,48PVS
S2B_MSIL2A_20200311T031539_N0214_R118_T48PUS_20200311T091950,,,,6.633642,0.00107,19.772939,28.5087072558387,62.534225,0.002848,dbscl-sentinel-2-2020\dbscl-sentinel-2_2020-03\S2_2020-03-11_03-35-20\20200311T031539_20200311T033028_T48PUS_metadata.json,48PUS
S2B_MSIL2A_20200311T031539_N0214_R118_T48PVR_20200311T091950,,,,47.35863,12.491402,0.049034,27.2485456776426,50.533235,0.0,dbscl-sentinel-2-2020\dbscl-sentinel-2_2020-03\S2_2020-03-11_03-35-31\20200311T031539_20200311T033028_T48PVR_metadata.json,48PVR
S2B_MSIL2A_20200311T031539_N0214_R118_T48PUR_20200311T091950,,,,6.485386,4.506015,0.041653,28.0384255858885,93.454492,0.0,dbscl-sentinel-2-2020\dbscl-sentinel-2_2020-03\S2_2020-03-11_03-35-33\20200311T031539_20200311T033028_T48PUR_metadata.json,48PUR
S2B_MSIL2A_20200311T031539_N0214_R118_T48PWQ_20200311T091950,,,,34.488302,12.174386,0.292381,25.991922978181,62.758702,0.018288,dbscl-sentinel-2-2020\dbscl-sentinel-2_2020-03\S2_2020-03-11_03-35-42\20200311T031539_20200311T033028_T48PWQ_metadata.json,48PWQ
S2B_MSIL2A_20200311T031539_N0214_R118_T48PVQ_20200311T091950,,,,20.372122,8.509288,0.594162,26.7875880567501,74.270386,0.000192,dbscl-sentinel-2-2020\dbscl-sentinel-2_2020-03\S2_2020-03-11_03-35-45\20200311T031539_20200311T033028_T48PVQ_metadata.json,48PVQ
S2A_MSIL2A_20200313T030541_N0214_R075_T48PXS_20200313T073609,,,,36.980602,4.980105,12.679024,27.8252146295573,16.574909,0.061708,dbscl-sentinel-2-2020\dbscl-sentinel-2_2020-03\S2_2020-03-13_03-25-12\20200313T030541_20200313T031139_T48PXS_metadata.json,48PXS
S2A_MSIL2A_20200313T030541_N0214_R075_T48PXR_20200313T073609,,,,23.804601,5.816295,1.770129,27.3768942735997,66.796684,0.001387,dbscl-sentinel-2-2020\dbscl-sentinel-2_2020-03\S2_2020-03-13_03-25-27\20200313T030541_20200313T031139_T48PXR_metadata.json,48PXR
S2B_MSIL2A_20200314T032539_N0214_R018_T48PUS_20200314T084604,,,,24.057453,0.658996,5.730199,25.5872572458639,62.35829,0.00357,dbscl-sentinel-2-2020\dbscl-sentinel-2_2020-03\S2_2020-03-14_03-45-14\20200314T032539_20200314T033902_T48PUS_metadata.json,48PUS
S2B_MSIL2A_20200314T032539_N0214_R018_T48PUR_20200314T084604,,,,11.839952,4.9345,0.121699,25.1091609183936,87.995023,0.0,dbscl-sentinel-2-2020\dbscl-sentinel-2_2020-03\S2_2020-03-14_03-45-29\20200314T032539_20200314T033902_T48PUR_metadata.json,48PUR
S2A_MSIL2A_20200316T031541_N0214_R118_T48PXT_20200316T072923,,,,3.304056,0.961661,51.793194,25.3679491570564,1.215833,0.0,dbscl-sentinel-2-2020\dbscl-sentinel-2_2020-03\S2_2020-03-16_03-34-53\20200316T031541_20200316T033031_T48PXT_metadata.json,48PXT
S2A_MSIL2A_20200316T031541_N0214_R118_T48PWT_20200316T072923,,,,4.707234,3.240497,18.400529,26.1495600674285,1.384518,0.0,dbscl-sentinel-2-2020\dbscl-sentinel-2_2020-03\S2_2020-03-16_03-34-57\20200316T031541_20200316T033031_T48PWT_metadata.json,48PWT
S2A_MSIL2A_20200316T031541_N0214_R118_T48PVT_20200316T072923,,,,38.939988,10.765024,5.14063,26.9373661091061,1.01708,0.0,dbscl-sentinel-2-2020\dbscl-sentinel-2_2020-03\S2_2020-03-16_03-35-00\20200316T031541_20200316T033031_T48PVT_metadata.json,48PVT
S2A_MSIL2A_20200316T031541_N0214_R118_T48PXS_20200316T072923,,,,5.84707,1.440541,45.218283,24.8907370813814,2.420612,0.0,dbscl-sentinel-2-2020\dbscl-sentinel-2_2020-03\S2_2020-03-16_03-35-08\20200316T031541_20200316T033031_T48PXS_metadata.json,48PXS
S2A_MSIL2A_20200316T031541_N0214_R118_T48PWS_20200316T072923,,,,28.167365,20.636952,31.435892,25.6837497155705,1.573764,0.0,dbscl-sentinel-2-2020\dbscl-sentinel-2_2020-03\S2_2020-03-16_03-35-11\20200316T031541_20200316T033031_T48PWS_metadata.json,48PWS
S2A_MSIL2A_20200316T031541_N0214_R118_T48PXR_20200316T072923,,,,29.920006,7.118803,16.286829,24.4359090528949,26.117483,0.0,dbscl-sentinel-2-2020\dbscl-sentinel-2_2020-03\S2_2020-03-16_03-35-22\20200316T031541_20200316T033031_T48PXR_metadata.json,48PXR
S2A_MSIL2A_20200316T031541_N0214_R118_T48PVR_20200316T072923,,,,42.06353,14.396273,1.631892,26.0494513005017,49.627677,0.0,dbscl-sentinel-2-2020\dbscl-sentinel-2_2020-03\S2_2020-03-16_03-35-29\20200316T031541_20200316T033031_T48PVR_metadata.json,48PVR
S2A_MSIL2A_20200316T031541_N0214_R118_T48PUR_20200316T072923,,,,49.307486,15.305588,0.000424,26.8628081418888,50.666338,0.0,dbscl-sentinel-2-2020\dbscl-sentinel-2_2020-03\S2_2020-03-16_03-35-32\20200316T031541_20200316T033031_T48PUR_metadata.json,48PUR
S2A_MSIL2A_20200316T031541_N0214_R118_T48PWQ_20200316T072923,,,,23.653034,5.654265,0.885727,24.8192508224882,69.953054,0.026108,dbscl-sentinel-2-2020\dbscl-sentinel-2_2020-03\S2_2020-03-16_03-35-40\20200316T031541_20200316T033031_T48PWQ_metadata.json,48PWQ
S2A_MSIL2A_20200316T031541_N0214_R118_T48PVQ_20200316T072923,,,,30.629022,12.044913,1.034011,25.6389805853765,62.229735,0.00432,dbscl-sentinel-2-2020\dbscl-sentinel-2_2020-03\S2_2020-03-16_03-35-44\20200316T031541_20200316T033031_T48PVQ_metadata.json,48PVQ
S2B_MSIL2A_20200318T030539_N0214_R075_T48PXR_20200318T071829,,,,37.943607,20.582935,1.222294,26.2088858319446,49.667862,0.002747,dbscl-sentinel-2-2020\dbscl-sentinel-2_2020-03\S2_2020-03-18_03-25-27\20200318T030539_20200318T031658_T48PXR_metadata.json,48PXR
S2A_MSIL2A_20200319T032531_N0214_R018_T48PUS_20200319T072540,,,,7.372454,1.125498,11.748917,24.334921342587,72.418469,0.00243,dbscl-sentinel-2-2020\dbscl-sentinel-2_2020-03\S2_2020-03-19_03-45-13\20200319T032531_20200319T033022_T48PUS_metadata.json,48PUS
S2A_MSIL2A_20200319T032531_N0214_R018_T48PUR_20200319T072540,,,,4.979991,0.30243,0.104026,23.908878585908,94.829524,0.0,dbscl-sentinel-2-2020\dbscl-sentinel-2_2020-03\S2_2020-03-19_03-45-27\20200319T032531_20200319T033022_T48PUR_metadata.json,48PUR
S2B_MSIL2A_20200321T031539_N0214_R118_T48PXT_20200321T072956,,,,9.534475,0.000291,50.383002,24.0769006135684,1.196068,0.0,dbscl-sentinel-2-2020\dbscl-sentinel-2_2020-03\S2_2020-03-21_03-34-55\20200321T031539_20200321T032851_T48PXT_metadata.json,48PXT
S2B_MSIL2A_20200321T031539_N0214_R118_T48PWT_20200321T072956,,,,10.725113,0.000494,17.088935,24.883812406669,1.68456,0.0,dbscl-sentinel-2-2020\dbscl-sentinel-2_2020-03\S2_2020-03-21_03-34-58\20200321T031539_20200321T032851_T48PWT_metadata.json,48PWT
S2B_MSIL2A_20200321T031539_N0214_R118_T48PVT_20200321T072956,,,,1.52814,0.133162,15.559165,25.6957989974724,1.221581,0.0,dbscl-sentinel-2-2020\dbscl-sentinel-2_2020-03\S2_2020-03-21_03-35-02\20200321T031539_20200321T032851_T48PVT_metadata.json,48PVT
S2B_MSIL2A_20200321T031539_N0214_R118_T48PXS_20200321T072956,,,,26.295834,0.0,29.416153,23.6514310693401,1.803951,0.000796,dbscl-sentinel-2-2020\dbscl-sentinel-2_2020-03\S2_2020-03-21_03-35-09\20200321T031539_20200321T032851_T48PXS_metadata.json,48PXS
S2B_MSIL2A_20200321T031539_N0214_R118_T48PWS_20200321T072956,,,,18.925346,0.0,29.650673,24.4692745377102,3.239172,0.0,dbscl-sentinel-2-2020\dbscl-sentinel-2_2020-03\S2_2020-03-21_03-35-13\20200321T031539_20200321T032851_T48PWS_metadata.json,48PWS
S2B_MSIL2A_20200321T031539_N0214_R118_T48PVS_20200321T072956,,,,4.326857,0.000713,12.825911,25.2916299535307,43.036243,0.003169,dbscl-sentinel-2-2020\dbscl-sentinel-2_2020-03\S2_2020-03-21_03-35-16\20200321T031539_20200321T032851_T48PVS_metadata.json,48PVS
S2B_MSIL2A_20200321T031539_N0214_R118_T48PUS_20200321T072956,,,,5.452564,1.2e-05,27.230996,26.117373148898,59.689307,0.000386,dbscl-sentinel-2-2020\dbscl-sentinel-2_2020-03\S2_2020-03-21_03-35-20\20200321T031539_20200321T032851_T48PUS_metadata.json,48PUS
S2B_MSIL2A_20200321T031539_N0214_R118_T48PXR_20200321T072956,,,,29.512103,6.2e-05,13.946798,23.2514611964216,27.732906,0.007229,dbscl-sentinel-2-2020\dbscl-sentinel-2_2020-03\S2_2020-03-21_03-35-24\20200321T031539_20200321T032851_T48PXR_metadata.json,48PXR
S2B_MSIL2A_20200321T031539_N0214_R118_T48PWR_20200321T072956,,,,17.910789,2.7e-05,17.011119,24.0798381426463,15.161905,0.021974,dbscl-sentinel-2-2020\dbscl-sentinel-2_2020-03\S2_2020-03-21_03-35-27\20200321T031539_20200321T032851_T48PWR_metadata.json,48PWR
S2B_MSIL2A_20200321T031539_N0214_R118_T48PVR_20200321T072956,,,,5.016729,0.0,4.832028,24.9121512136276,75.78547,0.0,dbscl-sentinel-2-2020\dbscl-sentinel-2_2020-03\S2_2020-03-21_03-35-31\20200321T031539_20200321T032851_T48PVR_metadata.json,48PVR
S2B_MSIL2A_20200321T031539_N0214_R118_T48PUR_20200321T072956,,,,1.541894,0.0,0.043287,25.7473127108028,98.399234,0.0,dbscl-sentinel-2-2020\dbscl-sentinel-2_2020-03\S2_2020-03-21_03-35-33\20200321T031539_20200321T032851_T48PUR_metadata.json,48PUR
S2B_MSIL2A_20200321T031539_N0214_R118_T48PWQ_20200321T072956,,,,7.023975,0.020431,1.6746,23.7163016609823,85.693741,0.004612,dbscl-sentinel-2-2020\dbscl-sentinel-2_2020-03\S2_2020-03-21_03-35-42\20200321T031539_20200321T032851_T48PWQ_metadata.json,48PWQ
S2B_MSIL2A_20200321T031539_N0214_R118_T48PVQ_20200321T072956,,,,13.749364,0.020007,2.157713,24.5580606385113,77.320421,0.006699,dbscl-sentinel-2-2020\dbscl-sentinel-2_2020-03\S2_2020-03-21_03-35-45\20200321T031539_20200321T032851_T48PVQ_metadata.json,48PVQ
S2A_MSIL2A_20200323T030541_N0214_R075_T48PXS_20200323T071747,,,,22.368932,0.000379,13.860072,25.4809559534289,23.326004,0.065152,dbscl-sentinel-2-2020\dbscl-sentinel-2_2020-03\S2_2020-03-23_03-25-12\20200323T030541_20200323T032148_T48PXS_metadata.json,48PXS
S2A_MSIL2A_20200323T030541_N0214_R075_T48PXR_20200323T071747,,,,11.882321,0.000571,1.767966,25.1379476010621,76.110584,0.000475,dbscl-sentinel-2-2020\dbscl-sentinel-2_2020-03\S2_2020-03-23_03-25-27\20200323T030541_20200323T032148_T48PXR_metadata.json,48PXR
S2B_MSIL2A_20200324T032539_N0214_R018_T48PUS_20200324T082913,,,,34.611532,18.393798,7.854362,23.1581929539304,49.3494,0.022746,dbscl-sentinel-2-2020\dbscl-sentinel-2_2020-03\S2_2020-03-24_03-45-14\20200324T032539_20200324T034315_T48PUS_metadata.json,48PUS
S2B_MSIL2A_20200324T032539_N0214_R018_T48PUR_20200324T082913,,,,17.916661,14.343207,0.12659,22.7908608286509,81.91694,0.0,dbscl-sentinel-2-2020\dbscl-sentinel-2_2020-03\S2_2020-03-24_03-45-29\20200324T032539_20200324T034315_T48PUR_metadata.json,48PUR
S2A_MSIL2A_20200326T031541_N0214_R118_T48PXT_20200326T072427,,,,1.46414,0.005231,51.874316,22.8906473997705,1.086032,0.0,dbscl-sentinel-2-2020\dbscl-sentinel-2_2020-03\S2_2020-03-26_03-34-53\20200326T031541_20200326T032147_T48PXT_metadata.json,48PXT
S2A_MSIL2A_20200326T031541_N0214_R118_T48PWT_20200326T072427,,,,3.024131,0.000236,18.68583,23.7215140203839,1.725466,0.0,dbscl-sentinel-2-2020\dbscl-sentinel-2_2020-03\S2_2020-03-26_03-34-57\20200326T031541_20200326T032147_T48PWT_metadata.json,48PWT
S2A_MSIL2A_20200326T031541_N0214_R118_T48PVT_20200326T072427,,,,2.23444,0.257687,13.557784,24.5562271583003,1.16459,0.0,dbscl-sentinel-2-2020\dbscl-sentinel-2_2020-03\S2_2020-03-26_03-35-00\20200326T031541_20200326T032147_T48PVT_metadata.json,48PVT
S2A_MSIL2A_20200326T031541_N0214_R118_T48PXS_20200326T072427,,,,27.464958,0.171625,20.166746,22.5240401694677,1.229593,0.001304,dbscl-sentinel-2-2020\dbscl-sentinel-2_2020-03\S2_2020-03-26_03-35-08\20200326T031541_20200326T032147_T48PXS_metadata.json,48PXS
S2A_MSIL2A_20200326T031541_N0214_R118_T48PWS_20200326T072427,,,,11.458376,0.000481,30.62762,23.3649016803926,3.130571,0.0,dbscl-sentinel-2-2020\dbscl-sentinel-2_2020-03\S2_2020-03-26_03-35-11\20200326T031541_20200326T032147_T48PWS_metadata.json,48PWS
S2A_MSIL2A_20200326T031541_N0214_R118_T48PVS_20200326T072427,,,,5.503067,1.609587,11.761633,24.2090151230752,40.954134,0.003796,dbscl-sentinel-2-2020\dbscl-sentinel-2_2020-03\S2_2020-03-26_03-35-14\20200326T031541_20200326T032147_T48PVS_metadata.json,48PVS
S2A_MSIL2A_20200326T031541_N0214_R118_T48PUS_20200326T072427,,,,16.897738,9.467446,22.324365,25.0553387444141,51.270807,0.000371,dbscl-sentinel-2-2020\dbscl-sentinel-2_2020-03\S2_2020-03-26_03-35-18\20200326T031541_20200326T032147_T48PUS_metadata.json,48PUS
S2A_MSIL2A_20200326T031541_N0214_R118_T48PXR_20200326T072427,,,,43.423565,0.289752,5.594935,22.186241980422,26.069745,0.000193,dbscl-sentinel-2-2020\dbscl-sentinel-2_2020-03\S2_2020-03-26_03-35-22\20200326T031541_20200326T032147_T48PXR_metadata.json,48PXR
S2A_MSIL2A_20200326T031541_N0214_R118_T48PWR_20200326T072427,,,,25.764679,1.740559,12.94229,23.0364288348512,10.853975,0.006772,dbscl-sentinel-2-2020\dbscl-sentinel-2_2020-03\S2_2020-03-26_03-35-26\20200326T031541_20200326T032147_T48PWR_metadata.json,48PWR
S2A_MSIL2A_20200326T031541_N0214_R118_T48PVR_20200326T072427,,,,8.591305,3.077199,4.929486,23.8893013826625,70.676911,0.0,dbscl-sentinel-2-2020\dbscl-sentinel-2_2020-03\S2_2020-03-26_03-35-29\20200326T031541_20200326T032147_T48PVR_metadata.json,48PVR
S2A_MSIL2A_20200326T031541_N0214_R118_T48PUR_20200326T072427,,,,6.843426,3.398009,0.047416,24.7438609184592,93.083894,0.0,dbscl-sentinel-2-2020\dbscl-sentinel-2_2020-03\S2_2020-03-26_03-35-32\20200326T031541_20200326T032147_T48PUR_metadata.json,48PUR
S2A_MSIL2A_20200326T031541_N0214_R118_T48PWQ_20200326T072427,,,,10.50535,1.513837,1.826168,22.7370571052323,81.703651,0.002392,dbscl-sentinel-2-2020\dbscl-sentinel-2_2020-03\S2_2020-03-26_03-35-40\20200326T031541_20200326T032147_T48PWQ_metadata.json,48PWQ
S2A_MSIL2A_20200326T031541_N0214_R118_T48PVQ_20200326T072427,,,,6.15338,0.009058,2.658953,23.5979370563528,83.491081,0.000401,dbscl-sentinel-2-2020\dbscl-sentinel-2_2020-03\S2_2020-03-26_03-35-44\20200326T031541_20200326T032147_T48PVQ_metadata.json,48PVQ
S2B_MSIL2A_20200328T030539_N0214_R075_T48PXS_20200328T071435,,,,44.275223,0.000217,5.44605,24.4463159834524,23.671092,0.08736,dbscl-sentinel-2-2020\dbscl-sentinel-2_2020-03\S2_2020-03-28_03-25-14\20200328T030539_20200328T032219_T48PXS_metadata.json,48PXS
S2B_MSIL2A_20200328T030539_N0214_R075_T48PXR_20200328T071435,,,,28.390189,11.986592,0.831719,24.1644270400128,62.038183,0.00016,dbscl-sentinel-2-2020\dbscl-sentinel-2_2020-03\S2_2020-03-28_03-25-29\20200328T030539_20200328T032219_T48PXR_metadata.json,48PXR
S2A_MSIL2A_20200329T032531_N0214_R018_T48PUS_20200329T073036,,,,28.527606,0.118594,7.303957,22.1094591820075,54.826212,0.022207,dbscl-sentinel-2-2020\dbscl-sentinel-2_2020-03\S2_2020-03-29_03-45-12\20200329T032531_20200329T033022_T48PUS_metadata.json,48PUS
S2A_MSIL2A_20200329T032531_N0214_R018_T48PUR_20200329T073036,,,,16.02999,0.000284,0.114171,21.8081063975253,83.78939,0.0,dbscl-sentinel-2-2020\dbscl-sentinel-2_2020-03\S2_2020-03-29_03-45-27\20200329T032531_20200329T033022_T48PUR_metadata.json,48PUR
S2B_MSIL2A_20200331T031539_N0214_R118_T48PWT_20200331T072948,,,,39.987521,0.673896,6.894463,22.6651641155403,1.450891,0.0,dbscl-sentinel-2-2020\dbscl-sentinel-2_2020-03\S2_2020-03-31_03-34-58\20200331T031539_20200331T032731_T48PWT_metadata.json,48PWT
S2B_MSIL2A_20200331T031539_N0214_R118_T48PVT_20200331T072948,,,,1.80403,0.000398,11.640069,23.5198824989623,1.198962,0.0,dbscl-sentinel-2-2020\dbscl-sentinel-2_2020-03\S2_2020-03-31_03-35-01\20200331T031539_20200331T032731_T48PVT_metadata.json,48PVT
S2B_MSIL2A_20200331T031539_N0214_R118_T48PWS_20200331T072948,,,,24.043141,0.000206,27.687088,22.37274371298,4.066944,0.0,dbscl-sentinel-2-2020\dbscl-sentinel-2_2020-03\S2_2020-03-31_03-35-12\20200331T031539_20200331T032731_T48PWS_metadata.json,48PWS
S2B_MSIL2A_20200331T031539_N0214_R118_T48PVS_20200331T072948,,,,8.59747,0.000282,9.052406,23.2353903072067,43.371013,0.007989,dbscl-sentinel-2-2020\dbscl-sentinel-2_2020-03\S2_2020-03-31_03-35-16\20200331T031539_20200331T032731_T48PVS_metadata.json,48PVS
S2B_MSIL2A_20200331T031539_N0214_R118_T48PUS_20200331T072948,,,,2.567164,0.0,25.945973,24.0991260403853,63.241154,0.002051,dbscl-sentinel-2-2020\dbscl-sentinel-2_2020-03\S2_2020-03-31_03-35-19\20200331T031539_20200331T032731_T48PUS_metadata.json,48PUS
S2B_MSIL2A_20200331T031539_N0214_R118_T48PWR_20200331T072948,,,,25.841577,2.493584,15.460475,22.1116148060838,13.201572,0.011616,dbscl-sentinel-2-2020\dbscl-sentinel-2_2020-03\S2_2020-03-31_03-35-27\20200331T031539_20200331T032731_T48PWR_metadata.json,48PWR
S2B_MSIL2A_20200331T031539_N0214_R118_T48PVR_20200331T072948,,,,6.169754,0.000103,4.103586,22.9812744010438,75.800383,0.0,dbscl-sentinel-2-2020\dbscl-sentinel-2_2020-03\S2_2020-03-31_03-35-30\20200331T031539_20200331T032731_T48PVR_metadata.json,48PVR
S2B_MSIL2A_20200331T031539_N0214_R118_T48PUR_20200331T072948,,,,0.119036,0.0,0.068463,23.8515587267175,99.80529,0.0,dbscl-sentinel-2-2020\dbscl-sentinel-2_2020-03\S2_2020-03-31_03-35-33\20200331T031539_20200331T032731_T48PUR_metadata.json,48PUR
S2B_MSIL2A_20200331T031539_N0214_R118_T48PWQ_20200331T072948,,,,14.547788,0.073878,1.809622,21.8825907045714,77.766907,0.003935,dbscl-sentinel-2-2020\dbscl-sentinel-2_2020-03\S2_2020-03-31_03-35-41\20200331T031539_20200331T032731_T48PWQ_metadata.json,48PWQ
S2B_MSIL2A_20200331T031539_N0214_R118_T48PVQ_20200331T072948,,,,4.499428,0.0,2.175736,22.7582711575858,86.221039,0.001954,dbscl-sentinel-2-2020\dbscl-sentinel-2_2020-03\S2_2020-03-31_03-35-45\20200331T031539_20200331T032731_T48PVQ_metadata.json,48PVQ
S2A_MSIL2A_20200402T030541_N0214_R075_T48PXS_20200402T071721,,,,22.24353,1.238171,17.5111,23.551666711757,25.319284,0.072483,dbscl-sentinel-2-2020\dbscl-sentinel-2_2020-04\S2_2020-04-02_03-25-12\20200402T030541_20200402T031139_T48PXS_metadata.json,48PXS
S2A_MSIL2A_20200402T030541_N0214_R075_T48PXR_20200402T071721,,,,6.398835,0.005826,2.318711,23.3363719383171,80.237508,0.000396,dbscl-sentinel-2-2020\dbscl-sentinel-2_2020-04\S2_2020-04-02_03-25-27\20200402T030541_20200402T031139_T48PXR_metadata.json,48PXR
S2B_MSIL2A_20200403T032539_N0214_R018_T48PUS_20200403T085133,,,,20.911823,0.939977,7.044972,21.191154015582,64.382714,0.025791,dbscl-sentinel-2-2020\dbscl-sentinel-2_2020-04\S2_2020-04-03_03-45-14\20200403T032539_20200403T033902_T48PUS_metadata.json,48PUS
S2B_MSIL2A_20200403T032539_N0214_R018_T48PUR_20200403T085133,,,,3.669228,0.0,0.133931,20.9622329177744,96.159631,0.0,dbscl-sentinel-2-2020\dbscl-sentinel-2_2020-04\S2_2020-04-03_03-45-28\20200403T032539_20200403T033902_T48PUR_metadata.json,48PUR
S2A_MSIL2A_20200405T031541_N0214_R118_T48PXT_20200405T074259,,,,1.878621,1.17018,54.888093,20.8891872815492,0.795708,0.0,dbscl-sentinel-2-2020\dbscl-sentinel-2_2020-04\S2_2020-04-05_03-34-53\20200405T031541_20200405T032148_T48PXT_metadata.json,48PXT
S2A_MSIL2A_20200405T031541_N0214_R118_T48PWT_20200405T074259,,,,9.112727,0.3461,16.753007,21.7587376671968,0.988331,0.0,dbscl-sentinel-2-2020\dbscl-sentinel-2_2020-04\S2_2020-04-05_03-34-57\20200405T031541_20200405T032148_T48PWT_metadata.json,48PWT
S2A_MSIL2A_20200405T031541_N0214_R118_T48PVT_20200405T074259,,,,19.993737,3.462408,6.359087,22.6297391002439,0.71049,0.0,dbscl-sentinel-2-2020\dbscl-sentinel-2_2020-04\S2_2020-04-05_03-35-00\20200405T031541_20200405T032148_T48PVT_metadata.json,48PVT
S2A_MSIL2A_20200405T031541_N0214_R118_T48PXS_20200405T074259,,,,22.3893,0.686293,33.79243,20.6608391376055,1.162633,0.002107,dbscl-sentinel-2-2020\dbscl-sentinel-2_2020-04\S2_2020-04-05_03-35-08\20200405T031541_20200405T032148_T48PXS_metadata.json,48PXS
S2A_MSIL2A_20200405T031541_N0214_R118_T48PWS_20200405T074259,,,,16.971666,0.310915,37.522763,21.5367034492467,2.312169,0.0,dbscl-sentinel-2-2020\dbscl-sentinel-2_2020-04\S2_2020-04-05_03-35-12\20200405T031541_20200405T032148_T48PWS_metadata.json,48PWS
S2A_MSIL2A_20200405T031541_N0214_R118_T48PVS_20200405T074259,,,,14.967409,6.98928,7.599835,22.413562488867,35.253531,0.005544,dbscl-sentinel-2-2020\dbscl-sentinel-2_2020-04\S2_2020-04-05_03-35-15\20200405T031541_20200405T032148_T48PVS_metadata.json,48PVS
S2A_MSIL2A_20200405T031541_N0214_R118_T48PUS_20200405T074259,,,,31.024893,10.247552,11.079833,23.290567887932,49.107903,0.001707,dbscl-sentinel-2-2020\dbscl-sentinel-2_2020-04\S2_2020-04-05_03-35-18\20200405T031541_20200405T032148_T48PUS_metadata.json,48PUS
S2A_MSIL2A_20200405T031541_N0214_R118_T48PXR_20200405T074259,,,,34.054176,0.848836,10.234546,20.4677906006444,24.981332,0.002329,dbscl-sentinel-2-2020\dbscl-sentinel-2_2020-04\S2_2020-04-05_03-35-23\20200405T031541_20200405T032148_T48PXR_metadata.json,48PXR
S2A_MSIL2A_20200405T031541_N0214_R118_T48PWR_20200405T074259,,,,13.737968,0.289136,19.573914,21.3487433389147,10.853265,0.003683,dbscl-sentinel-2-2020\dbscl-sentinel-2_2020-04\S2_2020-04-05_03-35-26\20200405T031541_20200405T032148_T48PWR_metadata.json,48PWR
S2A_MSIL2A_20200405T031541_N0214_R118_T48PVR_20200405T074259,,,,9.166794,2.732612,4.598021,22.2303240689027,69.974315,0.0,dbscl-sentinel-2-2020\dbscl-sentinel-2_2020-04\S2_2020-04-05_03-35-29\20200405T031541_20200405T032148_T48PVR_metadata.json,48PVR
S2A_MSIL2A_20200405T031541_N0214_R118_T48PUR_20200405T074259,,,,9.826967,0.43782,0.03252,23.1117177070672,89.880103,0.0,dbscl-sentinel-2-2020\dbscl-sentinel-2_2020-04\S2_2020-04-05_03-35-32\20200405T031541_20200405T032148_T48PUR_metadata.json,48PUR
S2A_MSIL2A_20200405T031541_N0214_R118_T48PWQ_20200405T074259,,,,10.835691,0.01643,1.396213,21.1956744860268,81.873399,0.035517,dbscl-sentinel-2-2020\dbscl-sentinel-2_2020-04\S2_2020-04-05_03-35-41\20200405T031541_20200405T032148_T48PWQ_metadata.json,48PWQ
S2A_MSIL2A_20200405T031541_N0214_R118_T48PVQ_20200405T074259,,,,27.466731,13.514252,1.890097,22.0807111608265,62.944084,0.003368,dbscl-sentinel-2-2020\dbscl-sentinel-2_2020-04\S2_2020-04-05_03-35-44\20200405T031541_20200405T032148_T48PVQ_metadata.json,48PVQ
S2B_MSIL2A_20200407T030539_N0214_R075_T48PXR_20200407T071521,,,,26.112229,19.879268,0.923214,22.6497341547934,63.111836,0.000102,dbscl-sentinel-2-2020\dbscl-sentinel-2_2020-04\S2_2020-04-07_03-25-28\20200407T030539_20200407T032045_T48PXR_metadata.json,48PXR
S2A_MSIL2A_20200408T032531_N0214_R018_T48PUR_20200408T073814,,,,43.24754,10.616487,0.093834,20.2898542527699,56.612283,0.0,dbscl-sentinel-2-2020\dbscl-sentinel-2_2020-04\S2_2020-04-08_03-45-28\20200408T032531_20200408T033801_T48PUR_metadata.json,48PUR
S2B_MSIL2A_20200410T031539_N0214_R118_T48PUR_20200410T082930,,,,40.56164,31.039047,9.9e-05,22.5307939736868,59.264803,0.0,dbscl-sentinel-2-2020\dbscl-sentinel-2_2020-04\S2_2020-04-10_03-35-32\20200410T031539_20200410T033251_T48PUR_metadata.json,48PUR
S2A_MSIL2A_20200412T030541_N0214_R075_T48PXS_20200412T073216,,,,24.612703,4.354315,14.394738,22.1987942052533,22.214058,0.043749,dbscl-sentinel-2-2020\dbscl-sentinel-2_2020-04\S2_2020-04-12_03-25-15\20200412T030541_20200412T031142_T48PXS_metadata.json,48PXS
S2A_MSIL2A_20200412T030541_N0214_R075_T48PXR_20200412T073216,,,,1.529467,0.0,2.502656,22.1281410923701,82.090205,6.7e-05,dbscl-sentinel-2-2020\dbscl-sentinel-2_2020-04\S2_2020-04-12_03-25-30\20200412T030541_20200412T031142_T48PXR_metadata.json,48PXR
S2A_MSIL2A_20200415T031541_N0214_R118_T48PXT_20200415T072754,,,,23.411327,10.272971,38.122258,19.5490093276021,1.129651,0.0,dbscl-sentinel-2-2020\dbscl-sentinel-2_2020-04\S2_2020-04-15_03-34-56\20200415T031541_20200415T033030_T48PXT_metadata.json,48PXT
S2A_MSIL2A_20200415T031541_N0214_R118_T48PXS_20200415T072754,,,,25.054704,3.2e-05,30.364531,19.4803970958177,0.965838,0.002134,dbscl-sentinel-2-2020\dbscl-sentinel-2_2020-04\S2_2020-04-15_03-35-11\20200415T031541_20200415T033030_T48PXS_metadata.json,48PXS
S2A_MSIL2A_20200415T031541_N0214_R118_T48PWS_20200415T072754,,,,44.646591,0.451833,25.276577,20.3682673361423,1.814158,0.0,dbscl-sentinel-2-2020\dbscl-sentinel-2_2020-04\S2_2020-04-15_03-35-14\20200415T031541_20200415T033030_T48PWS_metadata.json,48PWS
S2A_MSIL2A_20200415T031541_N0214_R118_T48PXR_20200415T072754,,,,32.115603,0.000875,10.726086,19.4514337302184,24.613163,0.0,dbscl-sentinel-2-2020\dbscl-sentinel-2_2020-04\S2_2020-04-15_03-35-26\20200415T031541_20200415T033030_T48PXR_metadata.json,48PXR
S2A_MSIL2A_20200415T031541_N0214_R118_T48PWR_20200415T072754,,,,35.737759,0.809496,11.116597,20.3379731900217,10.741492,0.023643,dbscl-sentinel-2-2020\dbscl-sentinel-2_2020-04\S2_2020-04-15_03-35-29\20200415T031541_20200415T033030_T48PWR_metadata.json,48PWR
S2A_MSIL2A_20200415T031541_N0214_R118_T48PVR_20200415T072754,,,,35.004784,7.447746,3.300072,21.2247355939787,49.081925,0.0,dbscl-sentinel-2-2020\dbscl-sentinel-2_2020-04\S2_2020-04-15_03-35-32\20200415T031541_20200415T033030_T48PVR_metadata.json,48PVR
S2A_MSIL2A_20200415T031541_N0214_R118_T48PWQ_20200415T072754,,,,21.060713,0.019114,1.187458,20.3459589870953,72.927415,0.170341,dbscl-sentinel-2-2020\dbscl-sentinel-2_2020-04\S2_2020-04-15_03-35-43\20200415T031541_20200415T033030_T48PWQ_metadata.json,48PWQ
S2A_MSIL2A_20200415T031541_N0214_R118_T48PVQ_20200415T072754,,,,36.153106,6.707124,1.668505,21.2299634383849,56.489307,0.022004,dbscl-sentinel-2-2020\dbscl-sentinel-2_2020-04\S2_2020-04-15_03-35-47\20200415T031541_20200415T033030_T48PVQ_metadata.json,48PVQ
S2B_MSIL2A_20200417T030539_N0214_R075_T48PXS_20200417T071652,,,,41.850481,6.985652,9.72181,21.8017452932766,17.165326,0.0362,dbscl-sentinel-2-2020\dbscl-sentinel-2_2020-04\S2_2020-04-17_03-25-11\20200417T030539_20200417T031818_T48PXS_metadata.json,48PXS
S2B_MSIL2A_20200417T030539_N0214_R075_T48PXR_20200417T071652,,,,22.285355,12.997033,1.600345,21.8059758740415,65.318078,0.002901,dbscl-sentinel-2-2020\dbscl-sentinel-2_2020-04\S2_2020-04-17_03-25-26\20200417T030539_20200417T031818_T48PXR_metadata.json,48PXR
S2A_MSIL2A_20200418T032541_N0214_R018_T48PUS_20200418T072214,,,,20.750433,4.84469,12.215289,19.4944276643422,59.670901,0.000271,dbscl-sentinel-2-2020\dbscl-sentinel-2_2020-04\S2_2020-04-18_03-45-17\20200418T032541_20200418T033026_T48PUS_metadata.json,48PUS
S2A_MSIL2A_20200418T032541_N0214_R018_T48PUR_20200418T072214,,,,25.555984,14.937112,0.144897,19.5084029020232,74.27392,0.0,dbscl-sentinel-2-2020\dbscl-sentinel-2_2020-04\S2_2020-04-18_03-45-31\20200418T032541_20200418T033026_T48PUR_metadata.json,48PUR
S2B_MSIL2A_20200420T031539_N0214_R118_T48PXT_20200420T072439,,,,3.943584,0.380115,57.67042,19.1938642285554,0.871246,0.0,dbscl-sentinel-2-2020\dbscl-sentinel-2_2020-04\S2_2020-04-20_03-34-52\20200420T031539_20200420T033213_T48PXT_metadata.json,48PXT
S2B_MSIL2A_20200420T031539_N0214_R118_T48PWT_20200420T072439,,,,1.838654,0.019293,30.410737,20.0803211207099,1.768253,0.0,dbscl-sentinel-2-2020\dbscl-sentinel-2_2020-04\S2_2020-04-20_03-34-55\20200420T031539_20200420T033213_T48PWT_metadata.json,48PWT
S2B_MSIL2A_20200420T031539_N0214_R118_T48PVT_20200420T072439,,,,16.612233,0.320942,17.645603,20.967006387929,1.057821,0.0,dbscl-sentinel-2-2020\dbscl-sentinel-2_2020-04\S2_2020-04-20_03-34-59\20200420T031539_20200420T033213_T48PVT_metadata.json,48PVT
S2B_MSIL2A_20200420T031539_N0214_R118_T48PXS_20200420T072439,,,,9.355493,0.627018,46.572644,19.2080307959815,0.901741,9e-06,dbscl-sentinel-2-2020\dbscl-sentinel-2_2020-04\S2_2020-04-20_03-35-06\20200420T031539_20200420T033213_T48PXS_metadata.json,48PXS
S2B_MSIL2A_20200420T031539_N0214_R118_T48PWS_20200420T072439,,,,2.27855,3e-06,57.475531,20.0913293700068,3.765902,0.0,dbscl-sentinel-2-2020\dbscl-sentinel-2_2020-04\S2_2020-04-20_03-35-10\20200420T031539_20200420T033213_T48PWS_metadata.json,48PWS
S2B_MSIL2A_20200420T031539_N0214_R118_T48PVS_20200420T072439,,,,7.104791,0.879237,14.121643,20.9751142074427,43.534452,0.000219,dbscl-sentinel-2-2020\dbscl-sentinel-2_2020-04\S2_2020-04-20_03-35-13\20200420T031539_20200420T033213_T48PVS_metadata.json,48PVS
S2B_MSIL2A_20200420T031539_N0214_R118_T48PUS_20200420T072439,,,,15.153298,0.0,15.821819,21.8585832006165,60.476768,0.000101,dbscl-sentinel-2-2020\dbscl-sentinel-2_2020-04\S2_2020-04-20_03-35-17\20200420T031539_20200420T033213_T48PUS_metadata.json,48PUS
S2B_MSIL2A_20200420T031539_N0214_R118_T48PXR_20200420T072439,,,,33.361224,0.933088,10.898406,19.2625585191063,21.779704,2.5e-05,dbscl-sentinel-2-2020\dbscl-sentinel-2_2020-04\S2_2020-04-20_03-35-21\20200420T031539_20200420T033213_T48PXR_metadata.json,48PXR
S2B_MSIL2A_20200420T031539_N0214_R118_T48PWR_20200420T072439,,,,8.456683,0.0,21.856686,20.1410148543813,14.741589,0.000806,dbscl-sentinel-2-2020\dbscl-sentinel-2_2020-04\S2_2020-04-20_03-35-24\20200420T031539_20200420T033213_T48PWR_metadata.json,48PWR
S2B_MSIL2A_20200420T031539_N0214_R118_T48PVR_20200420T072439,,,,0.163662,0.0,6.643057,21.0203455189665,77.483773,0.0,dbscl-sentinel-2-2020\dbscl-sentinel-2_2020-04\S2_2020-04-20_03-35-28\20200420T031539_20200420T033213_T48PVR_metadata.json,48PVR
S2B_MSIL2A_20200420T031539_N0214_R118_T48PUR_20200420T072439,,,,0.180358,0.0,0.052168,21.8997073749357,99.750298,0.0,dbscl-sentinel-2-2020\dbscl-sentinel-2_2020-04\S2_2020-04-20_03-35-30\20200420T031539_20200420T033213_T48PUR_metadata.json,48PUR
S2B_MSIL2A_20200420T031539_N0214_R118_T48PWQ_20200420T072439,,,,6.633442,0.0,2.385241,20.2291449734514,83.992654,1.7e-05,dbscl-sentinel-2-2020\dbscl-sentinel-2_2020-04\S2_2020-04-20_03-35-39\20200420T031539_20200420T033213_T48PWQ_metadata.json,48PWQ
S2B_MSIL2A_20200420T031539_N0214_R118_T48PVQ_20200420T072439,,,,1.350244,0.243964,3.686789,21.102534863808,86.129785,0.0,dbscl-sentinel-2-2020\dbscl-sentinel-2_2020-04\S2_2020-04-20_03-35-42\20200420T031539_20200420T033213_T48PVQ_metadata.json,48PVQ
S2B_MSIL2A_20200423T032529_N0214_R018_T48PUS_20200423T073946,,,,43.661597,22.845818,8.269881,19.3419864586282,43.394393,5.9e-05,dbscl-sentinel-2-2020\dbscl-sentinel-2_2020-04\S2_2020-04-23_03-45-11\20200423T032529_20200423T033707_T48PUS_metadata.json,48PUS
S2B_MSIL2A_20200423T032529_N0214_R018_T48PUR_20200423T073946,,,,13.349681,11.776476,0.142716,19.4370513939706,86.485726,0.0,dbscl-sentinel-2-2020\dbscl-sentinel-2_2020-04\S2_2020-04-23_03-45-25\20200423T032529_20200423T033707_T48PUR_metadata.json,48PUR
S2A_MSIL2A_20200425T031541_N0214_R118_T48PXT_20200425T074830,,,,3.424603,1.981547,62.542754,18.9850868082604,0.900257,0.0,dbscl-sentinel-2-2020\dbscl-sentinel-2_2020-04\S2_2020-04-25_03-34-59\20200425T031541_20200425T032153_T48PXT_metadata.json,48PXT
S2A_MSIL2A_20200425T031541_N0214_R118_T48PWT_20200425T074830,,,,12.879536,3.269227,27.844009,19.8636527858145,1.204492,0.0,dbscl-sentinel-2-2020\dbscl-sentinel-2_2020-04\S2_2020-04-25_03-35-02\20200425T031541_20200425T032153_T48PWT_metadata.json,48PWT
S2A_MSIL2A_20200425T031541_N0214_R118_T48PVT_20200425T074830,,,,40.060878,4.721827,8.214325,20.7431067610143,0.780553,0.0,dbscl-sentinel-2-2020\dbscl-sentinel-2_2020-04\S2_2020-04-25_03-35-06\20200425T031541_20200425T032153_T48PVT_metadata.json,48PVT
S2A_MSIL2A_20200425T031541_N0214_R118_T48PXS_20200425T074830,,,,16.863047,3.014558,41.14902,19.0801556492292,0.995949,0.0,dbscl-sentinel-2-2020\dbscl-sentinel-2_2020-04\S2_2020-04-25_03-35-13\20200425T031541_20200425T032153_T48PXS_metadata.json,48PXS
S2A_MSIL2A_20200425T031541_N0214_R118_T48PWS_20200425T074830,,,,26.763884,2.519375,39.390269,19.9521486891863,1.810027,0.0,dbscl-sentinel-2-2020\dbscl-sentinel-2_2020-04\S2_2020-04-25_03-35-17\20200425T031541_20200425T032153_T48PWS_metadata.json,48PWS
S2A_MSIL2A_20200425T031541_N0214_R118_T48PVS_20200425T074830,,,,40.648041,1.279684,4.622759,20.8255501870053,31.429845,0.158294,dbscl-sentinel-2-2020\dbscl-sentinel-2_2020-04\S2_2020-04-25_03-35-20\20200425T031541_20200425T032153_T48PVS_metadata.json,48PVS
S2A_MSIL2A_20200425T031541_N0214_R118_T48PUS_20200425T074830,,,,27.73837,2.808951,10.699488,21.6994566906497,54.874784,0.01937,dbscl-sentinel-2-2020\dbscl-sentinel-2_2020-04\S2_2020-04-25_03-35-23\20200425T031541_20200425T032153_T48PUS_metadata.json,48PUS
S2A_MSIL2A_20200425T031541_N0214_R118_T48PXR_20200425T074830,,,,36.283241,1.128819,10.489938,19.2151624504525,22.711988,0.006594,dbscl-sentinel-2-2020\dbscl-sentinel-2_2020-04\S2_2020-04-25_03-35-28\20200425T031541_20200425T032153_T48PXR_metadata.json,48PXR
S2A_MSIL2A_20200425T031541_N0214_R118_T48PWR_20200425T074830,,,,28.429575,0.184246,15.462209,20.0790008508961,9.973288,0.059213,dbscl-sentinel-2-2020\dbscl-sentinel-2_2020-04\S2_2020-04-25_03-35-31\20200425T031541_20200425T032153_T48PWR_metadata.json,48PWR
S2A_MSIL2A_20200425T031541_N0214_R118_T48PVR_20200425T074830,,,,15.814175,1.714835,4.301253,20.9448951797894,66.118884,0.0,dbscl-sentinel-2-2020\dbscl-sentinel-2_2020-04\S2_2020-04-25_03-35-35\20200425T031541_20200425T032153_T48PVR_metadata.json,48PVR
S2A_MSIL2A_20200425T031541_N0214_R118_T48PUR_20200425T074830,,,,10.517487,4.396104,0.050463,21.8118708877487,89.362788,0.0,dbscl-sentinel-2-2020\dbscl-sentinel-2_2020-04\S2_2020-04-25_03-35-37\20200425T031541_20200425T032153_T48PUR_metadata.json,48PUR
S2A_MSIL2A_20200425T031541_N0214_R118_T48PVQ_20200425T074830,,,,14.957535,1.16705,1.894808,21.10075892316,76.028067,0.094519,dbscl-sentinel-2-2020\dbscl-sentinel-2_2020-04\S2_2020-04-25_03-35-49\20200425T031541_20200425T032153_T48PVQ_metadata.json,48PVQ
S2B_MSIL2A_20200430T031539_N0214_R118_T48PXT_20200430T072914,,,,8.286456,6.687361,56.801736,19.0076325317597,1.04206,0.0,dbscl-sentinel-2-2020\dbscl-sentinel-2_2020-04\S2_2020-04-30_03-34-53\20200430T031539_20200430T032932_T48PXT_metadata.json,48PXT
S2B_MSIL2A_20200430T031539_N0214_R118_T48PWT_20200430T072914,,,,11.212335,3.187226,28.498223,19.8724595235459,1.106287,0.0,dbscl-sentinel-2-2020\dbscl-sentinel-2_2020-04\S2_2020-04-30_03-34-56\20200430T031539_20200430T032932_T48PWT_metadata.json,48PWT
S2B_MSIL2A_20200430T031539_N0214_R118_T48PXS_20200430T072914,,,,12.395059,1.439446,39.309725,19.1783945253043,1.807465,0.005462,dbscl-sentinel-2-2020\dbscl-sentinel-2_2020-04\S2_2020-04-30_03-35-07\20200430T031539_20200430T032932_T48PXS_metadata.json,48PXS
S2B_MSIL2A_20200430T031539_N0214_R118_T48PWS_20200430T072914,,,,4.538217,1.165355,60.844874,20.0336262260553,2.408201,0.0,dbscl-sentinel-2-2020\dbscl-sentinel-2_2020-04\S2_2020-04-30_03-35-11\20200430T031539_20200430T032932_T48PWS_metadata.json,48PWS
S2B_MSIL2A_20200430T031539_N0214_R118_T48PVS_20200430T072914,,,,33.602131,15.129814,9.877486,20.8916001706229,25.837991,0.001178,dbscl-sentinel-2-2020\dbscl-sentinel-2_2020-04\S2_2020-04-30_03-35-14\20200430T031539_20200430T032932_T48PVS_metadata.json,48PVS
S2B_MSIL2A_20200430T031539_N0214_R118_T48PXR_20200430T072914,,,,31.904453,3.036233,13.043086,19.3877644931555,18.627602,0.000302,dbscl-sentinel-2-2020\dbscl-sentinel-2_2020-04\S2_2020-04-30_03-35-22\20200430T031539_20200430T032932_T48PXR_metadata.json,48PXR
S2B_MSIL2A_20200430T031539_N0214_R118_T48PWR_20200430T072914,,,,43.830512,2.986755,18.622211,20.2320342593991,3.158788,0.001496,dbscl-sentinel-2-2020\dbscl-sentinel-2_2020-04\S2_2020-04-30_03-35-25\20200430T031539_20200430T032932_T48PWR_metadata.json,48PWR
S2A_MSIL2A_20200502T030551_N0214_R075_T48PXS_20200502T072814,,,,39.458041,13.941193,8.077236,21.5659265109723,19.952603,0.053322,dbscl-sentinel-2-2020\dbscl-sentinel-2_2020-05\S2_2020-05-02_03-25-19\20200502T030551_20200502T031146_T48PXS_metadata.json,48PXS
S2B_MSIL2A_20200503T032539_N0214_R018_T48PUS_20200503T090125,,,,48.140151,19.849391,4.545626,19.4989860052583,41.828436,0.219659,dbscl-sentinel-2-2020\dbscl-sentinel-2_2020-05\S2_2020-05-03_03-45-13\20200503T032539_20200503T033517_T48PUS_metadata.json,48PUS
S2B_MSIL2A_20200503T032539_N0214_R018_T48PUR_20200503T090125,,,,24.810987,14.782198,0.154479,19.7401138848327,75.00208,0.0,dbscl-sentinel-2-2020\dbscl-sentinel-2_2020-05\S2_2020-05-03_03-45-28\20200503T032539_20200503T033517_T48PUR_metadata.json,48PUR
S2A_MSIL2A_20200505T031541_N0214_R118_T48PXT_20200505T074750,,,,41.727966,0.001226,23.717633,19.1320452557703,0.731343,0.0,dbscl-sentinel-2-2020\dbscl-sentinel-2_2020-05\S2_2020-05-05_03-35-00\20200505T031541_20200505T032155_T48PXT_metadata.json,48PXT
S2A_MSIL2A_20200505T031541_N0214_R118_T48PWT_20200505T074750,,,,34.412491,2.3e-05,22.364093,19.9787734623868,1.177952,0.0,dbscl-sentinel-2-2020\dbscl-sentinel-2_2020-05\S2_2020-05-05_03-35-04\20200505T031541_20200505T032155_T48PWT_metadata.json,48PWT
S2A_MSIL2A_20200505T031541_N0214_R118_T48PVT_20200505T074750,,,,7.230488,0.001135,31.093496,20.8289269675511,0.934779,0.0,dbscl-sentinel-2-2020\dbscl-sentinel-2_2020-05\S2_2020-05-05_03-35-07\20200505T031541_20200505T032155_T48PVT_metadata.json,48PVT
S2A_MSIL2A_20200505T031541_N0214_R118_T48PXS_20200505T074750,,,,43.176962,0.000124,22.351471,19.3718181345521,3.023736,0.146092,dbscl-sentinel-2-2020\dbscl-sentinel-2_2020-05\S2_2020-05-05_03-35-15\20200505T031541_20200505T032155_T48PXS_metadata.json,48PXS
S2A_MSIL2A_20200505T031541_N0214_R118_T48PWS_20200505T074750,,,,22.884538,5.3e-05,44.509545,20.2064538972948,3.397402,0.0,dbscl-sentinel-2-2020\dbscl-sentinel-2_2020-05\S2_2020-05-05_03-35-19\20200505T031541_20200505T032155_T48PWS_metadata.json,48PWS
S2A_MSIL2A_20200505T031541_N0214_R118_T48PVS_20200505T074750,,,,19.663306,1.131094,14.126042,21.045401472737,41.385871,0.304412,dbscl-sentinel-2-2020\dbscl-sentinel-2_2020-05\S2_2020-05-05_03-35-22\20200505T031541_20200505T032155_T48PVS_metadata.json,48PVS
S2A_MSIL2A_20200505T031541_N0214_R118_T48PUS_20200505T074750,,,,25.526435,4.419548,20.398961,21.8874547874601,47.425804,0.110796,dbscl-sentinel-2-2020\dbscl-sentinel-2_2020-05\S2_2020-05-05_03-35-25\20200505T031541_20200505T032155_T48PUS_metadata.json,48PUS
S2A_MSIL2A_20200505T031541_N0214_R118_T48PXR_20200505T074750,,,,42.524858,17.865163,8.635479,19.648249287917,17.01137,0.002361,dbscl-sentinel-2-2020\dbscl-sentinel-2_2020-05\S2_2020-05-05_03-35-30\20200505T031541_20200505T032155_T48PXR_metadata.json,48PXR
S2A_MSIL2A_20200505T031541_N0214_R118_T48PWR_20200505T074750,,,,30.428354,5.099659,16.843446,20.4696501833023,14.632991,0.059061,dbscl-sentinel-2-2020\dbscl-sentinel-2_2020-05\S2_2020-05-05_03-35-33\20200505T031541_20200505T032155_T48PWR_metadata.json,48PWR
S2A_MSIL2A_20200505T031541_N0214_R118_T48PVR_20200505T074750,,,,20.827121,11.592045,2.369992,21.2962937074767,63.283646,0.0,dbscl-sentinel-2-2020\dbscl-sentinel-2_2020-05\S2_2020-05-05_03-35-36\20200505T031541_20200505T032155_T48PVR_metadata.json,48PVR
S2A_MSIL2A_20200505T031541_N0214_R118_T48PUR_20200505T074750,,,,27.18529,15.58838,0.001046,22.1268942033726,72.7799,0.0,dbscl-sentinel-2-2020\dbscl-sentinel-2_2020-05\S2_2020-05-05_03-35-39\20200505T031541_20200505T032155_T48PUR_metadata.json,48PUR
S2A_MSIL2A_20200505T031541_N0214_R118_T48PWQ_20200505T074750,,,,23.565555,11.341714,1.799304,20.7673285862288,68.420941,0.003228,dbscl-sentinel-2-2020\dbscl-sentinel-2_2020-05\S2_2020-05-05_03-35-48\20200505T031541_20200505T032155_T48PWQ_metadata.json,48PWQ
S2A_MSIL2A_20200505T031541_N0214_R118_T48PVQ_20200505T074750,,,,15.675594,6.642984,1.719706,21.5807455797399,74.995494,0.002339,dbscl-sentinel-2-2020\dbscl-sentinel-2_2020-05\S2_2020-05-05_03-35-51\20200505T031541_20200505T032155_T48PVQ_metadata.json,48PVQ
S2B_MSIL2A_20200507T030539_N0214_R075_T48PXS_20200507T071605,,,,35.562422,1.363157,11.356432,21.8068863837688,24.764922,0.071466,dbscl-sentinel-2-2020\dbscl-sentinel-2_2020-05\S2_2020-05-07_03-25-14\20200507T030539_20200507T032046_T48PXS_metadata.json,48PXS
S2B_MSIL2A_20200507T030539_N0214_R075_T48PXR_20200507T071605,,,,4.816258,0.598934,2.874701,22.0772401332554,81.230152,0.000295,dbscl-sentinel-2-2020\dbscl-sentinel-2_2020-05\S2_2020-05-07_03-25-29\20200507T030539_20200507T032046_T48PXR_metadata.json,48PXR
S2B_MSIL2A_20200510T031539_N0214_R118_T48PXR_20200512T235944,,,,45.715339,18.823908,8.384759,20.0690902840531,16.11761,0.001555,dbscl-sentinel-2-2020\dbscl-sentinel-2_2020-05\S2_2020-05-10_03-35-24\20200510T031539_20200510T033310_T48PXR_metadata.json,48PXR
S2B_MSIL2A_20200510T031539_N0214_R118_T48PUR_20200512T235944,,,,43.987674,30.443272,0.0024,22.48111409207,56.00965,0.0,dbscl-sentinel-2-2020\dbscl-sentinel-2_2020-05\S2_2020-05-10_03-35-34\20200510T031539_20200510T033310_T48PUR_metadata.json,48PUR
S2A_MSIL2A_20200515T031541_N0214_R118_T48PXT_20200515T072805,,,,37.739139,1.587402,30.834669,19.7911513571418,0.607074,0.0,dbscl-sentinel-2-2020\dbscl-sentinel-2_2020-05\S2_2020-05-15_03-35-02\20200515T031541_20200515T033039_T48PXT_metadata.json,48PXT
S2A_MSIL2A_20200515T031541_N0214_R118_T48PVT_20200515T072805,,,,30.190962,0.390169,14.610507,21.408009471801,0.526585,0.0,dbscl-sentinel-2-2020\dbscl-sentinel-2_2020-05\S2_2020-05-15_03-35-09\20200515T031541_20200515T033039_T48PVT_metadata.json,48PVT
S2A_MSIL2A_20200515T031541_N0214_R118_T48PWS_20200515T072805,,,,47.93679,10.50324,27.003545,20.93198228015,1.718412,0.0,dbscl-sentinel-2-2020\dbscl-sentinel-2_2020-05\S2_2020-05-15_03-35-20\20200515T031541_20200515T033039_T48PWS_metadata.json,48PWS
S2A_MSIL2A_20200515T031541_N0214_R118_T48PVS_20200515T072805,,,,34.511362,6.155899,12.298384,21.729332522357,23.104936,0.075587,dbscl-sentinel-2-2020\dbscl-sentinel-2_2020-05\S2_2020-05-15_03-35-23\20200515T031541_20200515T033039_T48PVS_metadata.json,48PVS
S2A_MSIL2A_20200515T031541_N0214_R118_T48PVR_20200515T072805,,,,47.501016,19.901191,2.412487,22.0812831742137,40.561005,0.0,dbscl-sentinel-2-2020\dbscl-sentinel-2_2020-05\S2_2020-05-15_03-35-38\20200515T031541_20200515T033039_T48PVR_metadata.json,48PVR
S2B_MSIL2A_20200517T030539_N0214_R075_T48PXR_20200517T071742,,,,39.361724,31.155205,1.18846,22.8869178750147,53.161591,0.000264,dbscl-sentinel-2-2020\dbscl-sentinel-2_2020-05\S2_2020-05-17_03-25-31\20200517T030539_20200517T031714_T48PXR_metadata.json,48PXR
S2A_MSIL2A_20200525T031551_N0214_R118_T48PXR_20200525T075341,,,,48.690101,8.738744,3.93821,21.5930892470697,32.018885,0.187332,dbscl-sentinel-2-2020\dbscl-sentinel-2_2020-05\S2_2020-05-25_03-35-32\20200525T031551_20200525T032157_T48PXR_metadata.json,48PXR
S2A_MSIL2A_20200525T031551_N0214_R118_T48PWQ_20200525T075341,,,,44.711378,17.497098,1.67303,22.7902612788458,47.368768,0.009857,dbscl-sentinel-2-2020\dbscl-sentinel-2_2020-05\S2_2020-05-25_03-35-50\20200525T031551_20200525T032157_T48PWQ_metadata.json,48PWQ
S2A_MSIL2A_20200525T031551_N0214_R118_T48PVQ_20200525T075341,,,,37.009575,20.79296,1.043175,23.5191231498532,55.486089,0.000103,dbscl-sentinel-2-2020\dbscl-sentinel-2_2020-05\S2_2020-05-25_03-35-53\20200525T031551_20200525T032157_T48PVQ_metadata.json,48PVQ
S2B_MSIL2A_20200530T031539_N0214_R118_T48PXS_20200530T072929,,,,38.649918,7.197443,27.445608,21.6632642742578,2.070904,0.374522,dbscl-sentinel-2-2020\dbscl-sentinel-2_2020-05\S2_2020-05-30_03-35-13\20200530T031539_20200530T032937_T48PXS_metadata.json,48PXS
S2B_MSIL2A_20200530T031539_N0214_R118_T48PWS_20200530T072929,,,,22.182548,3.091412,50.751626,22.3996700265254,2.767879,0.0,dbscl-sentinel-2-2020\dbscl-sentinel-2_2020-05\S2_2020-05-30_03-35-16\20200530T031539_20200530T032937_T48PWS_metadata.json,48PWS
S2B_MSIL2A_20200530T031539_N0214_R118_T48PWR_20200530T072929,,,,39.026853,12.473885,17.17962,22.8592071621117,12.675819,1.642497,dbscl-sentinel-2-2020\dbscl-sentinel-2_2020-05\S2_2020-05-30_03-35-31\20200530T031539_20200530T032937_T48PWR_metadata.json,48PWR
S2B_MSIL2A_20200530T031539_N0214_R118_T48PVR_20200530T072929,,,,43.435286,25.946054,1.84225,23.5900057459906,46.041006,0.0,dbscl-sentinel-2-2020\dbscl-sentinel-2_2020-05\S2_2020-05-30_03-35-34\20200530T031539_20200530T032937_T48PVR_metadata.json,48PVR
S2B_MSIL2A_20200530T031539_N0214_R118_T48PWQ_20200530T072929,,,,38.799373,26.827535,1.463366,23.3434731936839,53.8221,0.483704,dbscl-sentinel-2-2020\dbscl-sentinel-2_2020-05\S2_2020-05-30_03-35-45\20200530T031539_20200530T032937_T48PWQ_metadata.json,48PWQ
S2B_MSIL2A_20200530T031539_N0214_R118_T48PVQ_20200530T072929,,,,41.712026,27.519691,1.153052,24.0583357567704,49.908018,0.495864,dbscl-sentinel-2-2020\dbscl-sentinel-2_2020-05\S2_2020-05-30_03-35-49\20200530T031539_20200530T032937_T48PVQ_metadata.json,48PVQ
S2A_MSIL2A_20200601T030551_N0214_R075_T48PXT_20200601T071603,,,,25.9676,0.795922,44.960117,23.4613275901108,1.447918,0.0,dbscl-sentinel-2-2020\dbscl-sentinel-2_2020-06\S2_2020-06-01_03-25-08\20200601T030551_20200601T031149_T48PXT_metadata.json,48PXT
S2A_MSIL2A_20200601T030551_N0214_R075_T48PXS_20200601T071603,,,,19.817898,2.460625,20.551243,23.8826392242877,24.718735,0.005246,dbscl-sentinel-2-2020\dbscl-sentinel-2_2020-06\S2_2020-06-01_03-25-22\20200601T030551_20200601T031149_T48PXS_metadata.json,48PXS
S2A_MSIL2A_20200601T030551_N0214_R075_T48PXR_20200601T071603,,,,17.241047,11.072328,2.283102,24.3280759813681,70.579487,0.003867,dbscl-sentinel-2-2020\dbscl-sentinel-2_2020-06\S2_2020-06-01_03-25-37\20200601T030551_20200601T031149_T48PXR_metadata.json,48PXR
S2A_MSIL2A_20200604T031551_N0214_R118_T48PXT_20200604T072023,,,,45.956,17.027046,31.987265,21.6559376850739,0.147452,0.0,dbscl-sentinel-2-2020\dbscl-sentinel-2_2020-06\S2_2020-06-04_03-35-03\20200604T031551_20200604T033432_T48PXT_metadata.json,48PXT
S2A_MSIL2A_20200604T031551_N0214_R118_T48PWT_20200604T072023,,,,24.927706,12.783384,34.476373,22.3974425925144,0.770714,0.0,dbscl-sentinel-2-2020\dbscl-sentinel-2_2020-06\S2_2020-06-04_03-35-07\20200604T031551_20200604T033432_T48PWT_metadata.json,48PWT
S2B_MSIL2A_20200606T030549_N0214_R075_T48PXS_20200606T071641,,,,48.635085,14.319408,11.845341,24.3313766757364,13.960339,0.512164,dbscl-sentinel-2-2020\dbscl-sentinel-2_2020-06\S2_2020-06-06_03-25-18\20200606T030549_20200606T032050_T48PXS_metadata.json,48PXS
S2A_MSIL2A_20200621T030551_N0214_R075_T48PXR_20200621T071539,,,,39.157548,15.807585,2.740498,25.7653499683594,51.855081,0.24349,dbscl-sentinel-2-2020\dbscl-sentinel-2_2020-06\S2_2020-06-21_03-25-37\20200621T030551_20200621T032155_T48PXR_metadata.json,48PXR
S2B_MSIL2A_20200622T032539_N0214_R018_T48PUS_20200622T073958,,,,37.314704,1.323279,6.124327,23.5250586964357,50.462782,2.584789,dbscl-sentinel-2-2020\dbscl-sentinel-2_2020-06\S2_2020-06-22_03-45-19\20200622T032539_20200622T033715_T48PUS_metadata.json,48PUS
S2B_MSIL2A_20200622T032539_N0214_R018_T48PUR_20200622T073958,,,,7.18924,0.026508,0.108933,24.0212570242313,92.675608,0.0,dbscl-sentinel-2-2020\dbscl-sentinel-2_2020-06\S2_2020-06-22_03-45-33\20200622T032539_20200622T033715_T48PUR_metadata.json,48PUR
S2A_MSIL2A_20200624T031551_N0214_R118_T48PWT_20200624T073635,,,,35.228867,25.979784,36.141986,23.66321781508,0.84657,0.0,dbscl-sentinel-2-2020\dbscl-sentinel-2_2020-06\S2_2020-06-24_03-35-06\20200624T031551_20200624T032157_T48PWT_metadata.json,48PWT
S2A_MSIL2A_20200624T031551_N0214_R118_T48PVT_20200624T073635,,,,43.220931,33.949754,30.196416,24.4061162417193,0.63753,0.0,dbscl-sentinel-2-2020\dbscl-sentinel-2_2020-06\S2_2020-06-24_03-35-09\20200624T031551_20200624T032157_T48PVT_metadata.json,48PVT
S2A_MSIL2A_20200624T031551_N0214_R118_T48PXS_20200624T073635,,,,36.952455,12.622942,35.522586,23.4107158126516,3.349853,0.031323,dbscl-sentinel-2-2020\dbscl-sentinel-2_2020-06\S2_2020-06-24_03-35-17\20200624T031551_20200624T032157_T48PXS_metadata.json,48PXS
S2A_MSIL2A_20200624T031551_N0214_R118_T48PWS_20200624T073635,,,,31.239542,13.558929,43.885049,24.1280935981397,2.535447,0.0,dbscl-sentinel-2-2020\dbscl-sentinel-2_2020-06\S2_2020-06-24_03-35-21\20200624T031551_20200624T032157_T48PWS_metadata.json,48PWS
S2A_MSIL2A_20200624T031551_N0214_R118_T48PUS_20200624T073635,,,,44.610411,34.766531,10.547788,25.5928427864223,42.239222,0.07201,dbscl-sentinel-2-2020\dbscl-sentinel-2_2020-06\S2_2020-06-24_03-35-27\20200624T031551_20200624T032157_T48PUS_metadata.json,48PUS
S2A_MSIL2A_20200624T031551_N0214_R118_T48PVR_20200624T073635,,,,39.76851,31.515369,3.677271,25.3282892886098,45.808315,0.0,dbscl-sentinel-2-2020\dbscl-sentinel-2_2020-06\S2_2020-06-24_03-35-38\20200624T031551_20200624T032157_T48PVR_metadata.json,48PVR
S2A_MSIL2A_20200624T031551_N0214_R118_T48PUR_20200624T073635,,,,29.355839,23.044017,0.053797,26.0507041712792,70.58205,0.0,dbscl-sentinel-2-2020\dbscl-sentinel-2_2020-06\S2_2020-06-24_03-35-41\20200624T031551_20200624T032157_T48PUR_metadata.json,48PUR
S2A_MSIL2A_20200701T030551_N0214_R075_T48PXR_20200701T084659,,,,41.086663,13.111243,3.549697,26.0176671508899,46.846232,0.001323,dbscl-sentinel-2-2020\dbscl-sentinel-2_2020-07\S2_2020-07-01_03-25-36\20200701T030551_20200701T032016_T48PXR_metadata.json,48PXR
S2B_MSIL2A_20200702T032539_N0214_R018_T48PUS_20200702T073845,,,,43.946605,1.79466,9.448877,23.7250030909819,42.141718,0.259087,dbscl-sentinel-2-2020\dbscl-sentinel-2_2020-07\S2_2020-07-02_03-45-19\20200702T032539_20200702T033918_T48PUS_metadata.json,48PUS
S2B_MSIL2A_20200702T032539_N0214_R018_T48PUR_20200702T073845,,,,17.606965,5.476644,0.133247,24.2011018945673,82.227325,0.0,dbscl-sentinel-2-2020\dbscl-sentinel-2_2020-07\S2_2020-07-02_03-45-33\20200702T032539_20200702T033918_T48PUR_metadata.json,48PUR
S2A_MSIL2A_20200704T031541_N0214_R118_T48PWT_20200704T074315,,,,47.220978,0.603883,21.152714,23.8245458457819,0.684248,0.0,dbscl-sentinel-2-2020\dbscl-sentinel-2_2020-07\S2_2020-07-04_03-35-05\20200704T031541_20200704T032156_T48PWT_metadata.json,48PWT
S2B_MSIL2A_20200709T031539_N0214_R118_T48PXT_20200709T072454,,,,45.527845,31.180492,35.58999,23.0200325615199,0.737283,0.0,dbscl-sentinel-2-2020\dbscl-sentinel-2_2020-07\S2_2020-07-09_03-34-59\20200709T031539_20200709T033246_T48PXT_metadata.json,48PXT
S2B_MSIL2A_20200709T031539_N0214_R118_T48PXS_20200709T072454,,,,21.779418,3.171111,47.158113,23.4564148746424,3.046121,0.007573,dbscl-sentinel-2-2020\dbscl-sentinel-2_2020-07\S2_2020-07-09_03-35-13\20200709T031539_20200709T033246_T48PXS_metadata.json,48PXS
S2B_MSIL2A_20200709T031539_N0214_R118_T48PWS_20200709T072454,,,,33.522167,17.132491,41.006708,24.2015500407734,2.227883,0.0,dbscl-sentinel-2-2020\dbscl-sentinel-2_2020-07\S2_2020-07-09_03-35-17\20200709T031539_20200709T033246_T48PWS_metadata.json,48PWS
S2B_MSIL2A_20200709T031539_N0214_R118_T48PXR_20200709T072454,,,,21.051361,8.137234,19.887212,23.9168884080355,36.042935,0.004746,dbscl-sentinel-2-2020\dbscl-sentinel-2_2020-07\S2_2020-07-09_03-35-28\20200709T031539_20200709T033246_T48PXR_metadata.json,48PXR
S2B_MSIL2A_20200709T031539_N0214_R118_T48PWR_20200709T072454,,,,32.540901,11.312303,25.146645,24.6470518126633,8.79616,0.405752,dbscl-sentinel-2-2020\dbscl-sentinel-2_2020-07\S2_2020-07-09_03-35-31\20200709T031539_20200709T033246_T48PWR_metadata.json,48PWR
S2B_MSIL2A_20200709T031539_N0214_R118_T48PWQ_20200709T072454,,,,43.678768,36.173156,0.342242,25.1157834138032,54.927599,0.100554,dbscl-sentinel-2-2020\dbscl-sentinel-2_2020-07\S2_2020-07-09_03-35-46\20200709T031539_20200709T033246_T48PWQ_metadata.json,48PWQ
S2B_MSIL2A_20200709T031539_N0214_R118_T48PVQ_20200709T072454,,,,47.284009,26.682889,1.304233,25.8410941824555,49.535215,0.0949,dbscl-sentinel-2-2020\dbscl-sentinel-2_2020-07\S2_2020-07-09_03-35-49\20200709T031539_20200709T033246_T48PVQ_metadata.json,48PVQ
S2A_MSIL2A_20200714T031541_N0214_R118_T48PXT_20200714T090020,,,,9.182251,2.846813,69.193941,22.8586238634038,0.760439,0.0,dbscl-sentinel-2-2020\dbscl-sentinel-2_2020-07\S2_2020-07-14_03-35-01\20200714T031541_20200714T032123_T48PXT_metadata.json,48PXT
S2A_MSIL2A_20200714T031541_N0214_R118_T48PWT_20200714T090020,,,,8.253964,4.291162,55.517125,23.6321854314785,1.527879,0.0,dbscl-sentinel-2-2020\dbscl-sentinel-2_2020-07\S2_2020-07-14_03-35-05\20200714T031541_20200714T032123_T48PWT_metadata.json,48PWT
S2A_MSIL2A_20200714T031541_N0214_R118_T48PVT_20200714T090020,,,,9.062577,2.345781,53.309065,24.4132351747526,0.713513,0.0,dbscl-sentinel-2-2020\dbscl-sentinel-2_2020-07\S2_2020-07-14_03-35-08\20200714T031541_20200714T032123_T48PVT_metadata.json,48PVT
S2A_MSIL2A_20200714T031541_N0214_R118_T48PXS_20200714T090020,,,,25.645469,0.989841,43.611974,23.2707328385752,1.304404,2.7e-05,dbscl-sentinel-2-2020\dbscl-sentinel-2_2020-07\S2_2020-07-14_03-35-16\20200714T031541_20200714T032123_T48PXS_metadata.json,48PXS
S2A_MSIL2A_20200714T031541_N0214_R118_T48PWS_20200714T090020,,,,28.425273,3.207727,44.931298,24.0298310859553,0.992485,0.0,dbscl-sentinel-2-2020\dbscl-sentinel-2_2020-07\S2_2020-07-14_03-35-20\20200714T031541_20200714T032123_T48PWS_metadata.json,48PWS
S2A_MSIL2A_20200714T031541_N0214_R118_T48PVS_20200714T090020,,,,28.330929,6.805494,31.176433,24.7971227127138,24.106492,0.001944,dbscl-sentinel-2-2020\dbscl-sentinel-2_2020-07\S2_2020-07-14_03-35-23\20200714T031541_20200714T032123_T48PVS_metadata.json,48PVS
S2B_MSIL2A_20200716T030549_N0214_R075_T48PXR_20200716T071140,,,,29.565085,12.746522,2.016529,25.7099099917505,65.207785,0.142563,dbscl-sentinel-2-2020\dbscl-sentinel-2_2020-07\S2_2020-07-16_03-25-32\20200716T030549_20200716T032356_T48PXR_metadata.json,48PXR
S2A_MSIL2A_20200717T032541_N0214_R018_T48PUR_20200717T072805,,,,41.685344,28.71418,0.151232,23.7207264491461,58.144909,0.0,dbscl-sentinel-2-2020\dbscl-sentinel-2_2020-07\S2_2020-07-17_03-45-36\20200717T032541_20200717T033030_T48PUR_metadata.json,48PUR
S2B_MSIL2A_20200722T032539_N0214_R018_T48PUS_20200722T073851,,,,48.167557,8.509962,10.349084,23.0173245131572,37.41937,0.514827,dbscl-sentinel-2-2020\dbscl-sentinel-2_2020-07\S2_2020-07-22_03-45-18\20200722T032539_20200722T033718_T48PUS_metadata.json,48PUS
S2B_MSIL2A_20200726T030549_N0214_R075_T48PXR_20200726T071414,,,,44.793507,33.886597,3.968467,25.0790146904072,48.473409,0.000117,dbscl-sentinel-2-2020\dbscl-sentinel-2_2020-07\S2_2020-07-26_03-25-33\20200726T030549_20200726T032216_T48PXR_metadata.json,48PXR
S2B_MSIL2A_20200729T031539_N0214_R118_T48PXT_20200729T084333,,,,43.497439,13.801648,37.753376,21.977874788132,0.654288,0.0,dbscl-sentinel-2-2020\dbscl-sentinel-2_2020-07\S2_2020-07-29_03-34-59\20200729T031539_20200729T032541_T48PXT_metadata.json,48PXT
S2B_MSIL2A_20200729T031539_N0214_R118_T48PVT_20200729T084333,,,,48.753501,10.342231,30.536795,23.6282456593826,0.134305,0.0,dbscl-sentinel-2-2020\dbscl-sentinel-2_2020-07\S2_2020-07-29_03-35-06\20200729T031539_20200729T032541_T48PVT_metadata.json,48PVT
S2B_MSIL2A_20200729T031539_N0214_R118_T48PXS_20200729T084333,,,,43.738774,9.641746,32.511076,22.2835081178671,1.266931,1.12406,dbscl-sentinel-2-2020\dbscl-sentinel-2_2020-07\S2_2020-07-29_03-35-14\20200729T031539_20200729T032541_T48PXS_metadata.json,48PXS
S2B_MSIL2A_20200729T031539_N0214_R118_T48PWQ_20200729T084333,,,,31.242644,18.577288,1.363254,23.7670730639628,62.932414,0.085096,dbscl-sentinel-2-2020\dbscl-sentinel-2_2020-07\S2_2020-07-29_03-35-47\20200729T031539_20200729T032541_T48PWQ_metadata.json,48PWQ
S2B_MSIL2A_20200811T032539_N0214_R018_T48PUS_20200811T064541,,,,27.301409,10.454625,9.78422,21.2900022340386,58.655757,0.314389,dbscl-sentinel-2-2020\dbscl-sentinel-2_2020-08\S2_2020-08-11_03-45-20\20200811T032539_20200811T034143_T48PUS_metadata.json,48PUS
S2B_MSIL2A_20200811T032539_N0214_R018_T48PUR_20200811T064541,,,,32.339611,21.795118,0.143584,21.4832308443152,67.497689,0.0,dbscl-sentinel-2-2020\dbscl-sentinel-2_2020-08\S2_2020-08-11_03-45-34\20200811T032539_20200811T034143_T48PUR_metadata.json,48PUR
S2A_MSIL2A_20200816T032541_N0214_R018_T48PUS_20200816T072227,,,,45.724702,16.429381,10.857025,20.8282537064043,38.895276,0.691817,dbscl-sentinel-2-2020\dbscl-sentinel-2_2020-08\S2_2020-08-16_03-45-22\20200816T032541_20200816T033204_T48PUS_metadata.json,48PUS
S2A_MSIL2A_20200816T032541_N0214_R018_T48PUR_20200816T072227,,,,43.65104,32.833549,0.167016,20.9577834510437,56.171054,0.0,dbscl-sentinel-2-2020\dbscl-sentinel-2_2020-08\S2_2020-08-16_03-45-37\20200816T032541_20200816T033204_T48PUR_metadata.json,48PUR
S2B_MSIL2A_20200818T031549_N0214_R118_T48PWT_20200818T063226,,,,19.78382,11.776102,47.147974,21.263347857606,1.523631,0.0,dbscl-sentinel-2-2020\dbscl-sentinel-2_2020-08\S2_2020-08-18_03-35-04\20200818T031549_20200818T033342_T48PWT_metadata.json,48PWT
S2B_MSIL2A_20200818T031549_N0214_R118_T48PVT_20200818T063226,,,,34.668272,26.191661,43.670958,22.1451706860227,1.124806,0.0,dbscl-sentinel-2-2020\dbscl-sentinel-2_2020-08\S2_2020-08-18_03-35-07\20200818T031549_20200818T033342_T48PVT_metadata.json,48PVT
S2B_MSIL2A_20200818T031549_N0214_R118_T48PVS_20200818T063226,,,,34.965163,23.608787,20.132989,22.2080337545441,32.339975,0.0001,dbscl-sentinel-2-2020\dbscl-sentinel-2_2020-08\S2_2020-08-18_03-35-22\20200818T031549_20200818T033342_T48PVS_metadata.json,48PVS
S2B_MSIL2A_20200818T031549_N0214_R118_T48PUS_20200818T063226,,,,47.167363,23.90375,13.782661,23.0851675645619,34.792051,0.011786,dbscl-sentinel-2-2020\dbscl-sentinel-2_2020-08\S2_2020-08-18_03-35-25\20200818T031549_20200818T033342_T48PUS_metadata.json,48PUS
S2B_MSIL2A_20200818T031549_N0214_R118_T48PUR_20200818T063226,,,,29.168914,19.197531,0.008515,23.1768769179077,70.812267,0.0,dbscl-sentinel-2-2020\dbscl-sentinel-2_2020-08\S2_2020-08-18_03-35-39\20200818T031549_20200818T033342_T48PUR_metadata.json,48PUR
S2B_MSIL2A_20200821T032539_N0214_R018_T48PUS_20200821T064831,,,,46.182232,17.870082,10.760861,20.4308388641225,38.716668,0.034363,dbscl-sentinel-2-2020\dbscl-sentinel-2_2020-08\S2_2020-08-21_03-45-20\20200821T032539_20200821T033933_T48PUS_metadata.json,48PUS
S2B_MSIL2A_20200821T032539_N0214_R018_T48PUR_20200821T064831,,,,26.902066,11.204566,0.140624,20.4893398468064,72.929823,0.0,dbscl-sentinel-2-2020\dbscl-sentinel-2_2020-08\S2_2020-08-21_03-45-34\20200821T032539_20200821T033933_T48PUR_metadata.json,48PUR
S2A_MSIL2A_20200823T031551_N0214_R118_T48PWT_20200823T065603,,,,33.113209,4.875681,35.462806,20.9534241397939,0.994526,0.0,dbscl-sentinel-2-2020\dbscl-sentinel-2_2020-08\S2_2020-08-23_03-35-06\20200823T031551_20200823T033101_T48PWT_metadata.json,48PWT
S2A_MSIL2A_20200823T031551_N0214_R118_T48PVT_20200823T065603,,,,34.676771,13.144095,42.921302,21.8408264209093,0.904486,0.0,dbscl-sentinel-2-2020\dbscl-sentinel-2_2020-08\S2_2020-08-23_03-35-09\20200823T031551_20200823T033101_T48PVT_metadata.json,48PVT
S2A_MSIL2A_20200823T031551_N0214_R118_T48PXS_20200823T065603,,,,44.497856,9.093442,33.040047,20.0637300451848,0.650178,0.527206,dbscl-sentinel-2-2020\dbscl-sentinel-2_2020-08\S2_2020-08-23_03-35-17\20200823T031551_20200823T033101_T48PXS_metadata.json,48PXS
S2A_MSIL2A_20200823T031551_N0214_R118_T48PWS_20200823T065603,,,,44.385711,5.355095,25.397509,20.9486025210046,1.236068,0.0,dbscl-sentinel-2-2020\dbscl-sentinel-2_2020-08\S2_2020-08-23_03-35-21\20200823T031551_20200823T033101_T48PWS_metadata.json,48PWS
S2A_MSIL2A_20200823T031551_N0214_R118_T48PVS_20200823T065603,,,,48.604962,24.469014,17.469458,21.8338199422441,21.279906,0.152511,dbscl-sentinel-2-2020\dbscl-sentinel-2_2020-08\S2_2020-08-23_03-35-24\20200823T031551_20200823T033101_T48PVS_metadata.json,48PVS
S2A_MSIL2A_20200823T031551_N0214_R118_T48PXR_20200823T065603,,,,47.836727,13.432932,18.717383,20.0996813010223,21.815695,0.130205,dbscl-sentinel-2-2020\dbscl-sentinel-2_2020-08\S2_2020-08-23_03-35-32\20200823T031551_20200823T033101_T48PXR_metadata.json,48PXR
S2A_MSIL2A_20200823T031551_N0214_R118_T48PWR_20200823T065603,,,,45.078668,15.073664,18.072928,20.9806659162438,7.916703,1.331336,dbscl-sentinel-2-2020\dbscl-sentinel-2_2020-08\S2_2020-08-23_03-35-35\20200823T031551_20200823T033101_T48PWR_metadata.json,48PWR
S2A_MSIL2A_20200823T031551_N0214_R118_T48PVR_20200823T065603,,,,33.073828,17.26322,6.252816,21.8623039673504,50.707406,0.0,dbscl-sentinel-2-2020\dbscl-sentinel-2_2020-08\S2_2020-08-23_03-35-38\20200823T031551_20200823T033101_T48PVR_metadata.json,48PVR
S2A_MSIL2A_20200823T031551_N0214_R118_T48PUR_20200823T065603,,,,49.226798,24.060382,0.004102,22.7437770644737,50.748944,0.0,dbscl-sentinel-2-2020\dbscl-sentinel-2_2020-08\S2_2020-08-23_03-35-41\20200823T031551_20200823T033101_T48PUR_metadata.json,48PUR
S2A_MSIL2A_20200823T031551_N0214_R118_T48PVQ_20200823T065603,,,,27.77452,19.893965,3.463953,21.9262870888303,61.585093,0.094874,dbscl-sentinel-2-2020\dbscl-sentinel-2_2020-08\S2_2020-08-23_03-35-53\20200823T031551_20200823T033101_T48PVQ_metadata.json,48PVQ
S2B_MSIL2A_20200825T030549_N0214_R075_T48PXS_20200825T063150,,,,15.347348,0.0,34.672379,22.3864410410168,26.471907,0.000591,dbscl-sentinel-2-2020\dbscl-sentinel-2_2020-08\S2_2020-08-25_03-25-19\20200825T030549_20200825T032423_T48PXS_metadata.json,48PXS
S2B_MSIL2A_20200825T030549_N0214_R075_T48PXR_20200825T063150,,,,3.295003,0.0,7.853084,22.3908761427334,81.576824,0.000154,dbscl-sentinel-2-2020\dbscl-sentinel-2_2020-08\S2_2020-08-25_03-25-34\20200825T030549_20200825T032423_T48PXR_metadata.json,48PXR
S2A_MSIL2A_20200826T032541_N0214_R018_T48PUS_20200826T073212,,,,13.124468,0.018297,17.309399,20.0903308340718,64.961606,0.206002,dbscl-sentinel-2-2020\dbscl-sentinel-2_2020-08\S2_2020-08-26_03-45-21\20200826T032541_20200826T032643_T48PUS_metadata.json,48PUS
S2A_MSIL2A_20200826T032541_N0214_R018_T48PUR_20200826T073212,,,,9.260753,1.157967,0.660465,20.0713454129813,89.970469,0.0,dbscl-sentinel-2-2020\dbscl-sentinel-2_2020-08\S2_2020-08-26_03-45-27\20200826T032541_20200826T032643_T48PUR_metadata.json,48PUR
S2A_MSIL2A_20200826T032541_N0214_R018_T48PUS_20200826T074843,,,,26.173369,14.33389,0.214867,20.0903308340719,73.533934,0.0,dbscl-sentinel-2-2020\dbscl-sentinel-2_2020-08\S2_2020-08-26_03-45-28\20200826T032541_20200826T034522_T48PUS_metadata.json,48PUS
S2A_MSIL2A_20200826T032541_N0214_R018_T48PUR_20200826T074843,,,,23.727048,11.645924,0.14762,20.0713454129814,76.097476,0.0,dbscl-sentinel-2-2020\dbscl-sentinel-2_2020-08\S2_2020-08-26_03-45-36\20200826T032541_20200826T034522_T48PUR_metadata.json,48PUR
S2B_MSIL2A_20200828T031539_N0214_R118_T48PWQ_20200828T063612,,,,37.995772,22.341624,0.959104,20.6116111924993,56.63287,0.257365,dbscl-sentinel-2-2020\dbscl-sentinel-2_2020-08\S2_2020-08-28_03-35-47\20200828T031539_20200828T033055_T48PWQ_metadata.json,48PWQ
S2A_MSIL2A_20200830T030551_N0214_R075_T48PXS_20200830T064233,,,,31.964634,1.885486,27.012926,22.127955499407,20.208581,0.781154,dbscl-sentinel-2-2020\dbscl-sentinel-2_2020-08\S2_2020-08-30_03-25-21\20200830T030551_20200830T032031_T48PXS_metadata.json,48PXS
S2A_MSIL2A_20200830T030551_N0214_R075_T48PXR_20200830T064233,,,,12.001087,0.39066,3.48997,22.0582517763293,78.542125,0.729426,dbscl-sentinel-2-2020\dbscl-sentinel-2_2020-08\S2_2020-08-30_03-25-36\20200830T030551_20200830T032031_T48PXR_metadata.json,48PXR
S2B_MSIL2A_20200831T032539_N0214_R018_T48PUS_20200831T080239,,,,31.64867,3.72519,10.507786,19.8698910581088,52.623355,2.141466,dbscl-sentinel-2-2020\dbscl-sentinel-2_2020-08\S2_2020-08-31_03-45-20\20200831T032539_20200831T034035_T48PUS_metadata.json,48PUS
S2B_MSIL2A_20200831T032539_N0214_R018_T48PUR_20200831T080239,,,,20.075009,11.138513,0.142895,19.7679575171885,79.746568,0.0,dbscl-sentinel-2-2020\dbscl-sentinel-2_2020-08\S2_2020-08-31_03-45-34\20200831T032539_20200831T034035_T48PUR_metadata.json,48PUR
S2B_MSIL2A_20200904T030549_N0214_R075_T48PXS_20200904T063836,,,,26.374441,1.20893,28.923687,21.9944110928107,23.440273,0.060618,dbscl-sentinel-2-2020\dbscl-sentinel-2_2020-09\S2_2020-09-04_03-25-19\20200904T030549_20200904T032040_T48PXS_metadata.json,48PXS
S2B_MSIL2A_20200904T030549_N0214_R075_T48PXR_20200904T063836,,,,19.004432,13.794512,5.814636,21.8470496509619,68.619287,0.079055,dbscl-sentinel-2-2020\dbscl-sentinel-2_2020-09\S2_2020-09-04_03-25-34\20200904T030549_20200904T032040_T48PXR_metadata.json,48PXR
S2A_MSIL2A_20200905T032541_N0214_R018_T48PUS_20200905T070211,,,,42.959897,13.531493,12.404606,19.7698683389379,39.610568,0.617758,dbscl-sentinel-2-2020\dbscl-sentinel-2_2020-09\S2_2020-09-05_03-45-21\20200905T032541_20200905T034018_T48PUS_metadata.json,48PUS
S2B_MSIL2A_20200907T031539_N0214_R118_T48PXT_20200907T070231,,,,11.560772,1.769716,63.515317,19.8252666636075,0.581312,0.0,dbscl-sentinel-2-2020\dbscl-sentinel-2_2020-09\S2_2020-09-07_03-35-00\20200907T031539_20200907T032450_T48PXT_metadata.json,48PXT
S2B_MSIL2A_20200907T031539_N0214_R118_T48PWT_20200907T070231,,,,37.574193,0.402361,32.636917,20.688836776919,1.747018,0.0,dbscl-sentinel-2-2020\dbscl-sentinel-2_2020-09\S2_2020-09-07_03-35-03\20200907T031539_20200907T032450_T48PWT_metadata.json,48PWT
S2B_MSIL2A_20200907T031539_N0214_R118_T48PVT_20200907T070231,,,,25.420122,0.409118,50.981665,21.5543855321889,1.478516,0.0,dbscl-sentinel-2-2020\dbscl-sentinel-2_2020-09\S2_2020-09-07_03-35-06\20200907T031539_20200907T032450_T48PVT_metadata.json,48PVT
S2B_MSIL2A_20200907T031539_N0214_R118_T48PXS_20200907T070231,,,,14.011137,0.956075,61.196905,19.5700950837414,0.656651,8.1e-05,dbscl-sentinel-2-2020\dbscl-sentinel-2_2020-09\S2_2020-09-07_03-35-14\20200907T031539_20200907T032450_T48PXS_metadata.json,48PXS
S2B_MSIL2A_20200907T031539_N0214_R118_T48PWS_20200907T070231,,,,40.215142,0.642048,28.084829,20.4413704484266,1.440679,0.0,dbscl-sentinel-2-2020\dbscl-sentinel-2_2020-09\S2_2020-09-07_03-35-18\20200907T031539_20200907T032450_T48PWS_metadata.json,48PWS
S2B_MSIL2A_20200907T031539_N0214_R118_T48PVQ_20200907T070231,,,,40.415901,15.163052,1.332129,20.9374182334093,55.833137,0.212836,dbscl-sentinel-2-2020\dbscl-sentinel-2_2020-09\S2_2020-09-07_03-35-50\20200907T031539_20200907T032450_T48PVQ_metadata.json,48PVQ
S2A_MSIL2A_20200912T031541_N0214_R118_T48PXT_20200912T064840,,,,29.825313,1.386006,42.570192,20.045863811127,0.767638,0.0,dbscl-sentinel-2-2020\dbscl-sentinel-2_2020-09\S2_2020-09-12_03-35-01\20200912T031541_20200912T033334_T48PXT_metadata.json,48PXT
S2A_MSIL2A_20200912T031541_N0214_R118_T48PWT_20200912T064840,,,,22.46665,1.089822,41.046631,20.8853624160595,2.902014,0.0,dbscl-sentinel-2-2020\dbscl-sentinel-2_2020-09\S2_2020-09-12_03-35-04\20200912T031541_20200912T033334_T48PWT_metadata.json,48PWT
S2A_MSIL2A_20200912T031541_N0214_R118_T48PVT_20200912T064840,,,,12.340065,1.13309,62.387317,21.7286225185713,2.475945,0.0,dbscl-sentinel-2-2020\dbscl-sentinel-2_2020-09\S2_2020-09-12_03-35-08\20200912T031541_20200912T033334_T48PVT_metadata.json,48PVT
S2A_MSIL2A_20200912T031541_N0214_R118_T48PWS_20200912T064840,,,,26.690106,5.35698,34.409535,20.5555273373613,2.736662,0.0,dbscl-sentinel-2-2020\dbscl-sentinel-2_2020-09\S2_2020-09-12_03-35-19\20200912T031541_20200912T033334_T48PWS_metadata.json,48PWS
S2A_MSIL2A_20200912T031541_N0214_R118_T48PVS_20200912T064840,,,,27.4963,12.8801,26.513866,21.4087326898851,29.100084,0.220606,dbscl-sentinel-2-2020\dbscl-sentinel-2_2020-09\S2_2020-09-12_03-35-22\20200912T031541_20200912T033334_T48PVS_metadata.json,48PVS
S2A_MSIL2A_20200912T031541_N0214_R118_T48PWR_20200912T064840,,,,45.965321,7.357304,16.898049,20.2590861530305,5.920077,0.375225,dbscl-sentinel-2-2020\dbscl-sentinel-2_2020-09\S2_2020-09-12_03-35-33\20200912T031541_20200912T033334_T48PWR_metadata.json,48PWR
S2A_MSIL2A_20200912T031541_N0214_R118_T48PVR_20200912T064840,,,,43.265607,21.141805,5.772592,21.1212311747854,42.094108,0.0,dbscl-sentinel-2-2020\dbscl-sentinel-2_2020-09\S2_2020-09-12_03-35-37\20200912T031541_20200912T033334_T48PVR_metadata.json,48PVR
S2A_MSIL2A_20200922T031541_N0214_R118_T48PXT_20200922T070939,,,,31.735599,3.549619,40.93942,21.0333556155678,1.392475,0.0,dbscl-sentinel-2-2020\dbscl-sentinel-2_2020-09\S2_2020-09-22_03-35-02\20200922T031541_20200922T033100_T48PXT_metadata.json,48PXT
S2A_MSIL2A_20200922T031541_N0214_R118_T48PXS_20200922T070939,,,,40.213346,1.100378,27.910638,20.537220546179,2.331157,1.037122,dbscl-sentinel-2-2020\dbscl-sentinel-2_2020-09\S2_2020-09-22_03-35-16\20200922T031541_20200922T033100_T48PXS_metadata.json,48PXS
S2A_MSIL2A_20200922T031541_N0214_R118_T48PWR_20200922T070939,,,,41.849699,3.017597,12.207951,20.8673286139669,9.694709,1.361337,dbscl-sentinel-2-2020\dbscl-sentinel-2_2020-09\S2_2020-09-22_03-35-35\20200922T031541_20200922T033100_T48PWR_metadata.json,48PWR
S2A_MSIL2A_20200922T031541_N0214_R118_T48PWQ_20200922T070939,,,,40.475111,16.170971,2.031549,20.4404567733172,51.742256,0.40481,dbscl-sentinel-2-2020\dbscl-sentinel-2_2020-09\S2_2020-09-22_03-35-49\20200922T031541_20200922T033100_T48PWQ_metadata.json,48PWQ
S2A_MSIL2A_20200922T031541_N0214_R118_T48PVQ_20200922T070939,,,,38.177586,10.050079,2.119754,21.2593019958638,54.137665,0.809812,dbscl-sentinel-2-2020\dbscl-sentinel-2_2020-09\S2_2020-09-22_03-35-52\20200922T031541_20200922T033100_T48PVQ_metadata.json,48PVQ
S2B_MSIL2A_20200924T030549_N0214_R075_T48PXS_20200924T062350,,,,43.481941,1.061348,25.102916,22.9401105892822,10.74273,0.193124,dbscl-sentinel-2-2020\dbscl-sentinel-2_2020-09\S2_2020-09-24_03-25-19\20200924T030549_20200924T032328_T48PXS_metadata.json,48PXS
S2B_MSIL2A_20200930T032539_N0214_R018_T48PUR_20200930T130333,,,,46.525084,18.210174,0.130267,21.325933182205,53.325361,0.0,dbscl-sentinel-2-2020\dbscl-sentinel-2_2020-09\S2_2020-09-30_03-45-34\20200930T032539_20200930T034414_T48PUR_metadata.json,48PUR
S2B_MSIL2A_20201020T032749_N0214_R018_T48PUR_20201020T065343,,,,41.02195,27.100453,0.150711,25.5794037194172,58.804411,0.0,dbscl-sentinel-2-2020\dbscl-sentinel-2_2020-10\S2_2020-10-20_03-45-34\20201020T032749_20201020T033914_T48PUR_metadata.json,48PUR
S2A_MSIL2A_20201022T031801_N0214_R118_T48PVS_20201022T064653,,,,48.079453,27.413851,16.11075,27.8035712524965,23.054725,0.000803,dbscl-sentinel-2-2020\dbscl-sentinel-2_2020-10\S2_2020-10-22_03-35-23\20201022T031801_20201022T033307_T48PVS_metadata.json,48PVS
S2A_MSIL2A_20201022T031801_N0214_R118_T48PUS_20201022T064653,,,,40.067685,8.459327,13.101223,28.3768977510183,42.414957,0.02948,dbscl-sentinel-2-2020\dbscl-sentinel-2_2020-10\S2_2020-10-22_03-35-27\20201022T031801_20201022T033307_T48PUS_metadata.json,48PUS
S2A_MSIL2A_20201025T032821_N0214_R018_T48PUR_20201025T071130,,,,39.347471,19.134061,0.026822,26.8489290318332,60.617667,0.0,dbscl-sentinel-2-2020\dbscl-sentinel-2_2020-10\S2_2020-10-25_03-45-36\20201025T032821_20201025T033942_T48PUR_metadata.json,48PUR
S2B_MSIL2A_20201030T032859_N0214_R018_T48PUS_20201030T071939,,,,14.724181,3.500082,11.328658,28.9412487035195,69.677019,0.348874,dbscl-sentinel-2-2020\dbscl-sentinel-2_2020-10\S2_2020-10-30_03-45-19\20201030T032859_20201030T033631_T48PUS_metadata.json,48PUS
S2B_MSIL2A_20201030T032859_N0214_R018_T48PUR_20201030T071939,,,,16.078669,9.737141,0.117283,28.1542997138128,83.774215,0.0,dbscl-sentinel-2-2020\dbscl-sentinel-2_2020-10\S2_2020-10-30_03-45-34\20201030T032859_20201030T033631_T48PUR_metadata.json,48PUR
S2A_MSIL2A_20201101T031901_N0214_R118_T48PXR_20201101T065959,,,,49.835569,10.143993,9.999967,28.5541833066611,23.076072,0.9223,dbscl-sentinel-2-2020\dbscl-sentinel-2_2020-11\S2_2020-11-01_03-35-31\20201101T031901_20201101T033248_T48PXR_metadata.json,48PXR
S2B_MSIL2A_20201103T030909_N0214_R075_T48PXR_20201103T063120,,,,49.721843,35.474226,0.578692,30.4621771210642,48.34373,0.019663,dbscl-sentinel-2-2020\dbscl-sentinel-2_2020-11\S2_2020-11-03_03-25-33\20201103T030909_20201103T032353_T48PXR_metadata.json,48PXR
S2B_MSIL2A_20201106T031929_N0214_R118_T48PWR_20201106T070235,,,,32.367711,7.013695,12.224993,30.3336691055025,23.478858,0.17496,dbscl-sentinel-2-2020\dbscl-sentinel-2_2020-11\S2_2020-11-06_03-35-32\20201106T031929_20201106T032922_T48PWR_metadata.json,48PWR
S2B_MSIL2A_20201106T031929_N0214_R118_T48PVR_20201106T070235,,,,23.679825,10.206502,4.273453,30.8232579394099,61.966455,0.0,dbscl-sentinel-2-2020\dbscl-sentinel-2_2020-11\S2_2020-11-06_03-35-35\20201106T031929_20201106T032922_T48PVR_metadata.json,48PVR
S2B_MSIL2A_20201106T031929_N0214_R118_T48PUR_20201106T070235,,,,39.052217,12.59978,0.00331,31.3282351564541,60.938776,0.0,dbscl-sentinel-2-2020\dbscl-sentinel-2_2020-11\S2_2020-11-06_03-35-38\20201106T031929_20201106T032922_T48PUR_metadata.json,48PUR
S2B_MSIL2A_20201106T031929_N0214_R118_T48PWQ_20201106T070235,,,,7.835422,0.704599,3.138095,29.5437592415942,83.804327,0.065989,dbscl-sentinel-2-2020\dbscl-sentinel-2_2020-11\S2_2020-11-06_03-35-46\20201106T031929_20201106T032922_T48PWQ_metadata.json,48PWQ
S2B_MSIL2A_20201106T031929_N0214_R118_T48PVQ_20201106T070235,,,,15.173732,0.050879,3.323469,30.0432354780187,75.67119,0.069184,dbscl-sentinel-2-2020\dbscl-sentinel-2_2020-11\S2_2020-11-06_03-35-49\20201106T031929_20201106T032922_T48PVQ_metadata.json,48PVQ
S2B_MSIL2A_20201109T032949_N0214_R018_T48PUR_20201109T062054,,,,32.623458,31.883508,0.141353,30.7366125976616,67.227221,0.0,dbscl-sentinel-2-2020\dbscl-sentinel-2_2020-11\S2_2020-11-09_03-45-32\20201109T032949_20201109T033934_T48PUR_metadata.json,48PUR
S2B_MSIL2A_20201113T030959_N0214_R075_T48PXS_20201113T051346,,,,34.537933,9.050946,22.514689,33.6917725726338,18.627284,0.112239,dbscl-sentinel-2-2020\dbscl-sentinel-2_2020-11\S2_2020-11-13_03-25-17\20201113T030959_20201113T032312_T48PXS_metadata.json,48PXS
S2A_MSIL2A_20201114T033011_N0214_R018_T48PUS_20201114T070909,,,,33.562512,18.756025,20.310144,32.7860530721185,43.686935,7e-06,dbscl-sentinel-2-2020\dbscl-sentinel-2_2020-11\S2_2020-11-14_03-45-20\20201114T033011_20201114T033914_T48PUS_metadata.json,48PUS
S2B_MSIL2A_20201116T032019_N0214_R118_T48PXT_20201116T074206,,,,15.152563,0.133101,53.270453,33.9888827869938,4.66761,0.0,dbscl-sentinel-2-2020\dbscl-sentinel-2_2020-11\S2_2020-11-16_03-34-58\20201116T032019_20201116T033255_T48PXT_metadata.json,48PXT
S2B_MSIL2A_20201116T032019_N0214_R118_T48PWT_20201116T074206,,,,8.142143,0.014562,41.746566,34.4156701602745,14.724678,0.0,dbscl-sentinel-2-2020\dbscl-sentinel-2_2020-11\S2_2020-11-16_03-35-01\20201116T032019_20201116T033255_T48PWT_metadata.json,48PWT
S2B_MSIL2A_20201116T032019_N0214_R118_T48PVT_20201116T074206,,,,15.128077,0.0,53.856331,34.8577143763068,6.766325,0.0,dbscl-sentinel-2-2020\dbscl-sentinel-2_2020-11\S2_2020-11-16_03-35-04\20201116T032019_20201116T033255_T48PVT_metadata.json,48PVT
S2B_MSIL2A_20201116T032019_N0214_R118_T48PXS_20201116T074206,,,,15.417413,0.003117,44.697511,33.1651967559467,9.786715,0.249057,dbscl-sentinel-2-2020\dbscl-sentinel-2_2020-11\S2_2020-11-16_03-35-12\20201116T032019_20201116T033255_T48PXS_metadata.json,48PXS
S2B_MSIL2A_20201116T032019_N0214_R118_T48PWS_20201116T074206,,,,25.146079,0.014824,27.546751,33.5994188366997,20.050244,0.0,dbscl-sentinel-2-2020\dbscl-sentinel-2_2020-11\S2_2020-11-16_03-35-16\20201116T032019_20201116T033255_T48PWS_metadata.json,48PWS
S2B_MSIL2A_20201116T032019_N0214_R118_T48PVS_20201116T074206,,,,15.350751,0.0,20.434749,34.0492063244613,46.392122,0.013023,dbscl-sentinel-2-2020\dbscl-sentinel-2_2020-11\S2_2020-11-16_03-35-19\20201116T032019_20201116T033255_T48PVS_metadata.json,48PVS
S2B_MSIL2A_20201116T032019_N0214_R118_T48PUS_20201116T074206,,,,11.202939,0.0,21.793066,34.5135463957419,61.720264,0.002,dbscl-sentinel-2-2020\dbscl-sentinel-2_2020-11\S2_2020-11-16_03-35-22\20201116T032019_20201116T033255_T48PUS_metadata.json,48PUS
S2B_MSIL2A_20201116T032019_N0214_R118_T48PXR_20201116T074206,,,,27.023363,0.018027,18.448292,32.3455301876655,36.72885,1.937646,dbscl-sentinel-2-2020\dbscl-sentinel-2_2020-11\S2_2020-11-16_03-35-27\20201116T032019_20201116T033255_T48PXR_metadata.json,48PXR
S2B_MSIL2A_20201116T032019_N0214_R118_T48PWR_20201116T074206,,,,28.609746,0.115332,15.673138,32.787564282886,22.521575,3.30245,dbscl-sentinel-2-2020\dbscl-sentinel-2_2020-11\S2_2020-11-16_03-35-30\20201116T032019_20201116T033255_T48PWR_metadata.json,48PWR
S2B_MSIL2A_20201116T032019_N0214_R118_T48PVR_20201116T074206,,,,28.079535,8.056546,5.280228,33.2454660507974,56.698471,0.0,dbscl-sentinel-2-2020\dbscl-sentinel-2_2020-11\S2_2020-11-16_03-35-33\20201116T032019_20201116T033255_T48PVR_metadata.json,48PVR
S2B_MSIL2A_20201116T032019_N0214_R118_T48PUR_20201116T074206,,,,26.824252,16.144724,0.055168,33.7181789762801,73.105431,0.0,dbscl-sentinel-2-2020\dbscl-sentinel-2_2020-11\S2_2020-11-16_03-35-36\20201116T032019_20201116T033255_T48PUR_metadata.json,48PUR
S2B_MSIL2A_20201116T032019_N0214_R118_T48PWQ_20201116T074206,,,,20.821501,6.819314,2.197322,31.9794440231456,72.499943,0.452285,dbscl-sentinel-2-2020\dbscl-sentinel-2_2020-11\S2_2020-11-16_03-35-45\20201116T032019_20201116T033255_T48PWQ_metadata.json,48PWQ
S2B_MSIL2A_20201116T032019_N0214_R118_T48PVQ_20201116T074206,,,,39.216658,8.331389,2.056261,32.4458690540429,52.967447,0.836474,dbscl-sentinel-2-2020\dbscl-sentinel-2_2020-11\S2_2020-11-16_03-35-48\20201116T032019_20201116T033255_T48PVQ_metadata.json,48PVQ
S2A_MSIL2A_20201118T031021_N0214_R075_T48PXT_20201118T062259,,,,9.51949,0.098932,49.604058,35.6494595731143,2.489573,0.0,dbscl-sentinel-2-2020\dbscl-sentinel-2_2020-11\S2_2020-11-18_03-25-07\20201118T031021_20201118T032458_T48PXT_metadata.json,48PXT
S2A_MSIL2A_20201118T031021_N0214_R075_T48PXS_20201118T062259,,,,7.618123,2.946833,41.490954,34.8484574145389,24.660571,0.003574,dbscl-sentinel-2-2020\dbscl-sentinel-2_2020-11\S2_2020-11-18_03-25-19\20201118T031021_20201118T032458_T48PXS_metadata.json,48PXS
S2A_MSIL2A_20201118T031021_N0214_R075_T48PXR_20201118T062259,,,,42.47478,6.156101,8.005375,34.0521018987848,42.613658,0.003835,dbscl-sentinel-2-2020\dbscl-sentinel-2_2020-11\S2_2020-11-18_03-25-34\20201118T031021_20201118T032458_T48PXR_metadata.json,48PXR
S2A_MSIL2A_20201121T032041_N0214_R118_T48PXT_20201121T063028,,,,23.87526,0.0021,38.902253,35.1340329617518,4.823412,0.0,dbscl-sentinel-2-2020\dbscl-sentinel-2_2020-11\S2_2020-11-21_03-35-00\20201121T032041_20201121T033448_T48PXT_metadata.json,48PXT
S2A_MSIL2A_20201121T032041_N0214_R118_T48PXS_20201121T063028,,,,21.438248,0.116782,38.07624,34.3063511260981,8.502305,0.593433,dbscl-sentinel-2-2020\dbscl-sentinel-2_2020-11\S2_2020-11-21_03-35-14\20201121T032041_20201121T033448_T48PXS_metadata.json,48PXS
S2A_MSIL2A_20201121T032041_N0214_R118_T48PWS_20201121T063028,,,,26.306347,1.301161,27.820843,34.7317300181241,15.081315,0.0,dbscl-sentinel-2-2020\dbscl-sentinel-2_2020-11\S2_2020-11-21_03-35-17\20201121T032041_20201121T033448_T48PWS_metadata.json,48PWS
S2A_MSIL2A_20201121T032041_N0214_R118_T48PVS_20201121T063028,,,,35.47894,7.90514,9.511933,35.1722266965401,36.94382,0.365387,dbscl-sentinel-2-2020\dbscl-sentinel-2_2020-11\S2_2020-11-21_03-35-20\20201121T032041_20201121T033448_T48PVS_metadata.json,48PVS
S2A_MSIL2A_20201121T032041_N0214_R118_T48PUS_20201121T063028,,,,46.912552,8.581632,4.783775,35.6268844496662,41.282758,0.967982,dbscl-sentinel-2-2020\dbscl-sentinel-2_2020-11\S2_2020-11-21_03-35-24\20201121T032041_20201121T033448_T48PUS_metadata.json,48PUS
S2A_MSIL2A_20201121T032041_N0214_R118_T48PWR_20201121T063028,,,,32.063567,5.643674,17.748789,33.9150724663082,16.1148,0.921656,dbscl-sentinel-2-2020\dbscl-sentinel-2_2020-11\S2_2020-11-21_03-35-32\20201121T032041_20201121T033448_T48PWR_metadata.json,48PWR
S2A_MSIL2A_20201121T032041_N0214_R118_T48PVR_20201121T063028,,,,24.658767,16.293469,5.467278,34.3632047065325,58.798957,0.0,dbscl-sentinel-2-2020\dbscl-sentinel-2_2020-11\S2_2020-11-21_03-35-35\20201121T032041_20201121T033448_T48PVR_metadata.json,48PVR
S2A_MSIL2A_20201121T032041_N0214_R118_T48PUR_20201121T063028,,,,22.32109,16.29716,0.048441,34.8257606134659,77.622312,0.0,dbscl-sentinel-2-2020\dbscl-sentinel-2_2020-11\S2_2020-11-21_03-35-38\20201121T032041_20201121T033448_T48PUR_metadata.json,48PUR
S2A_MSIL2A_20201121T032041_N0214_R118_T48PWQ_20201121T063028,,,,42.501718,27.52324,1.430125,33.1017367126968,50.944555,0.530363,dbscl-sentinel-2-2020\dbscl-sentinel-2_2020-11\S2_2020-11-21_03-35-46\20201121T032041_20201121T033448_T48PWQ_metadata.json,48PWQ
S2A_MSIL2A_20201121T032041_N0214_R118_T48PVQ_20201121T063028,,,,40.318193,21.479756,1.791019,33.5578779881471,52.873284,0.355954,dbscl-sentinel-2-2020\dbscl-sentinel-2_2020-11\S2_2020-11-21_03-35-50\20201121T032041_20201121T033448_T48PVQ_metadata.json,48PVQ
S2B_MSIL2A_20201123T031039_N0214_R075_T48PXS_20201123T055638,,,,8.592146,0.218576,36.957821,35.9408835652232,27.360833,0.02538,dbscl-sentinel-2-2020\dbscl-sentinel-2_2020-11\S2_2020-11-23_03-25-16\20201123T031039_20201123T031414_T48PXS_metadata.json,48PXS
S2B_MSIL2A_20201123T031039_N0214_R075_T48PXR_20201123T055638,,,,45.879245,5.061022,5.491269,35.1398929962669,41.678828,0.370946,dbscl-sentinel-2-2020\dbscl-sentinel-2_2020-11\S2_2020-11-23_03-25-31\20201123T031039_20201123T031414_T48PXR_metadata.json,48PXR
S2B_MSIL2A_20201126T032049_N0214_R118_T48PXR_20201126T052801,,,,45.197077,3.334533,12.046214,34.5329145211322,31.088138,0.000469,dbscl-sentinel-2-2020\dbscl-sentinel-2_2020-11\S2_2020-11-26_03-35-26\20201126T032049_20201126T033308_T48PXR_metadata.json,48PXR
S2B_MSIL2A_20201203T031109_N0214_R075_T48PXS_20201203T052110,,,,0.577771,4e-05,48.348516,37.8269526416285,28.197953,0.001542,dbscl-sentinel-2-2020\dbscl-sentinel-2_2020-12\S2_2020-12-03_03-25-15\20201203T031109_20201203T032317_T48PXS_metadata.json,48PXS
S2B_MSIL2A_20201203T031109_N0214_R075_T48PXR_20201203T052110,,,,12.746206,12.616262,9.814306,37.0225335271074,71.156269,0.004502,dbscl-sentinel-2-2020\dbscl-sentinel-2_2020-12\S2_2020-12-03_03-25-30\20201203T031109_20201203T032317_T48PXR_metadata.json,48PXR
S2A_MSIL2A_20201204T033121_N0214_R018_T48PUS_20201204T053636,,,,3.754993,3.683404,21.369183,36.9057881909536,71.8198,0.000549,dbscl-sentinel-2-2020\dbscl-sentinel-2_2020-12\S2_2020-12-04_03-45-15\20201204T033121_20201204T034217_T48PUS_metadata.json,48PUS
S2A_MSIL2A_20201204T033121_N0214_R018_T48PUR_20201204T053636,,,,13.812678,13.808489,0.176102,36.0775185638381,86.004478,0.0,dbscl-sentinel-2-2020\dbscl-sentinel-2_2020-12\S2_2020-12-04_03-45-30\20201204T033121_20201204T034217_T48PUR_metadata.json,48PUR
S2B_MSIL2A_20201206T032119_N0214_R118_T48PXT_20201206T065023,,,,2.715036,2.507433,67.665088,37.9449740239188,3.977852,0.0,dbscl-sentinel-2-2020\dbscl-sentinel-2_2020-12\S2_2020-12-06_03-34-55\20201206T032119_20201206T033248_T48PXT_metadata.json,48PXT
S2B_MSIL2A_20201206T032119_N0214_R118_T48PWT_20201206T065023,,,,10.376042,8.209246,37.195086,38.3592090240375,6.249119,0.0,dbscl-sentinel-2-2020\dbscl-sentinel-2_2020-12\S2_2020-12-06_03-34-59\20201206T032119_20201206T033248_T48PWT_metadata.json,48PWT
S2B_MSIL2A_20201206T032119_N0214_R118_T48PVT_20201206T065023,,,,28.721566,18.749593,42.955533,38.7868996732146,1.939164,0.0,dbscl-sentinel-2-2020\dbscl-sentinel-2_2020-12\S2_2020-12-06_03-35-02\20201206T032119_20201206T033248_T48PVT_metadata.json,48PVT
S2B_MSIL2A_20201206T032119_N0214_R118_T48PXS_20201206T065023,,,,2.311669,2.040295,62.771189,37.1154887842791,8.201643,2.7e-05,dbscl-sentinel-2-2020\dbscl-sentinel-2_2020-12\S2_2020-12-06_03-35-10\20201206T032119_20201206T033248_T48PXS_metadata.json,48PXS
S2B_MSIL2A_20201206T032119_N0214_R118_T48PWS_20201206T065023,,,,2.926094,2.613338,40.624398,37.5359133681744,8.444186,0.0,dbscl-sentinel-2-2020\dbscl-sentinel-2_2020-12\S2_2020-12-06_03-35-13\20201206T032119_20201206T033248_T48PWS_metadata.json,48PWS
S2B_MSIL2A_20201206T032119_N0214_R118_T48PVS_20201206T065023,,,,35.85914,25.33879,21.459132,37.9700838907902,28.484631,9e-05,dbscl-sentinel-2-2020\dbscl-sentinel-2_2020-12\S2_2020-12-06_03-35-17\20201206T032119_20201206T033248_T48PVS_metadata.json,48PVS
S2B_MSIL2A_20201206T032119_N0214_R118_T48PUS_20201206T065023,,,,16.367185,14.898837,26.82977,38.4171429556754,53.717208,2.4e-05,dbscl-sentinel-2-2020\dbscl-sentinel-2_2020-12\S2_2020-12-06_03-35-20\20201206T032119_20201206T033248_T48PUS_metadata.json,48PUS
S2B_MSIL2A_20201206T032119_N0214_R118_T48PXR_20201206T065023,,,,13.192273,11.134407,32.747781,36.2892691628354,38.871187,0.000375,dbscl-sentinel-2-2020\dbscl-sentinel-2_2020-12\S2_2020-12-06_03-35-24\20201206T032119_20201206T033248_T48PXR_metadata.json,48PXR
S2B_MSIL2A_20201206T032119_N0214_R118_T48PWR_20201206T065023,,,,6.462387,6.082561,34.052992,36.7161879007254,21.478793,0.000169,dbscl-sentinel-2-2020\dbscl-sentinel-2_2020-12\S2_2020-12-06_03-35-28\20201206T032119_20201206T033248_T48PWR_metadata.json,48PWR
S2B_MSIL2A_20201206T032119_N0214_R118_T48PVR_20201206T065023,,,,43.050411,36.122701,10.226778,37.1571390620871,36.287367,0.0,dbscl-sentinel-2-2020\dbscl-sentinel-2_2020-12\S2_2020-12-06_03-35-31\20201206T032119_20201206T033248_T48PVR_metadata.json,48PVR
S2B_MSIL2A_20201206T032119_N0214_R118_T48PUR_20201206T065023,,,,25.532283,25.339934,0.052419,37.6112322917797,74.414062,0.0,dbscl-sentinel-2-2020\dbscl-sentinel-2_2020-12\S2_2020-12-06_03-35-34\20201206T032119_20201206T033248_T48PUR_metadata.json,48PUR
S2B_MSIL2A_20201206T032119_N0214_R118_T48PWQ_20201206T065023,,,,16.115895,16.091323,4.36614,35.8992714811253,74.254519,0.000292,dbscl-sentinel-2-2020\dbscl-sentinel-2_2020-12\S2_2020-12-06_03-35-42\20201206T032119_20201206T033248_T48PWQ_metadata.json,48PWQ
S2B_MSIL2A_20201209T033129_N0214_R018_T48PUS_20201209T061517,,,,16.570358,14.42942,20.143561,37.6444844027863,59.991068,4.2e-05,dbscl-sentinel-2-2020\dbscl-sentinel-2_2020-12\S2_2020-12-09_03-45-14\20201209T033129_20201209T034350_T48PUS_metadata.json,48PUS
S2B_MSIL2A_20201209T033129_N0214_R018_T48PUR_20201209T061517,,,,10.160081,6.880129,0.149304,36.8177884040751,89.68336,0.0,dbscl-sentinel-2-2020\dbscl-sentinel-2_2020-12\S2_2020-12-09_03-45-29\20201209T033129_20201209T034350_T48PUR_metadata.json,48PUR
S2A_MSIL2A_20201214T033141_N0214_R018_T48PUR_20201214T064101,,,,47.797219,30.089998,0.050268,37.4190564511797,52.14048,0.0,dbscl-sentinel-2-2020\dbscl-sentinel-2_2020-12\S2_2020-12-14_03-45-28\20201214T033141_20201214T034407_T48PUR_metadata.json,48PUR
S2B_MSIL2A_20201216T032129_N0214_R118_T48PXT_20201216T052402,,,,25.311271,22.803819,51.382756,39.1629410199965,1.788979,0.0,dbscl-sentinel-2-2020\dbscl-sentinel-2_2020-12\S2_2020-12-16_03-34-53\20201216T032129_20201216T033348_T48PXT_metadata.json,48PXT
S2B_MSIL2A_20201216T032129_N0214_R118_T48PWT_20201216T052402,,,,41.101031,36.318618,28.144717,39.5887004960258,2.035282,0.0,dbscl-sentinel-2-2020\dbscl-sentinel-2_2020-12\S2_2020-12-16_03-34-56\20201216T032129_20201216T033348_T48PWT_metadata.json,48PWT
S2B_MSIL2A_20201216T032129_N0214_R118_T48PXS_20201216T052402,,,,28.142305,14.257075,44.052425,38.3390625357927,4.10975,9e-06,dbscl-sentinel-2-2020\dbscl-sentinel-2_2020-12\S2_2020-12-16_03-35-07\20201216T032129_20201216T033348_T48PXS_metadata.json,48PXS
S2B_MSIL2A_20201216T032129_N0214_R118_T48PWS_20201216T052402,,,,17.451885,14.351255,40.562358,38.7708861194615,3.902871,0.0,dbscl-sentinel-2-2020\dbscl-sentinel-2_2020-12\S2_2020-12-16_03-35-11\20201216T032129_20201216T033348_T48PWS_metadata.json,48PWS
S2B_MSIL2A_20201216T032129_N0214_R118_T48PXR_20201216T052402,,,,44.980543,26.515171,18.755442,37.5184924557023,27.457193,0.000211,dbscl-sentinel-2-2020\dbscl-sentinel-2_2020-12\S2_2020-12-16_03-35-22\20201216T032129_20201216T033348_T48PXR_metadata.json,48PXR
S2B_MSIL2A_20201216T032129_N0214_R118_T48PWR_20201216T052402,,,,15.707363,11.901838,28.932446,37.9566647839866,15.393366,0.000202,dbscl-sentinel-2-2020\dbscl-sentinel-2_2020-12\S2_2020-12-16_03-35-25\20201216T032129_20201216T033348_T48PWR_metadata.json,48PWR
S2B_MSIL2A_20201216T032129_N0214_R118_T48PVR_20201216T052402,,,,29.904824,22.667174,8.38199,38.4080428135706,49.385509,0.0,dbscl-sentinel-2-2020\dbscl-sentinel-2_2020-12\S2_2020-12-16_03-35-29\20201216T032129_20201216T033348_T48PVR_metadata.json,48PVR
S2B_MSIL2A_20201216T032129_N0214_R118_T48PVQ_20201216T052402,,,,32.57108,17.056254,2.92218,37.6036092759852,57.299471,0.013975,dbscl-sentinel-2-2020\dbscl-sentinel-2_2020-12\S2_2020-12-16_03-35-43\20201216T032129_20201216T033348_T48PVQ_metadata.json,48PVQ
S2A_MSIL2A_20201221T032141_N0214_R118_T48PWT_20201221T052354,,,,24.969005,10.144757,36.315113,39.9723814012829,3.278991,0.0,dbscl-sentinel-2-2020\dbscl-sentinel-2_2020-12\S2_2020-12-21_03-34-59\20201221T032141_20201221T033343_T48PWT_metadata.json,48PWT
S2A_MSIL2A_20201221T032141_N0214_R118_T48PVT_20201221T052354,,,,20.981405,12.683144,40.026119,40.4194605004126,2.197146,0.0,dbscl-sentinel-2-2020\dbscl-sentinel-2_2020-12\S2_2020-12-21_03-35-02\20201221T032141_20201221T033343_T48PVT_metadata.json,48PVT
S2A_MSIL2A_20201221T032141_N0214_R118_T48PWS_20201221T052354,,,,35.315474,34.412,32.399023,39.1590650250165,2.865751,0.0,dbscl-sentinel-2-2020\dbscl-sentinel-2_2020-12\S2_2020-12-21_03-35-14\20201221T032141_20201221T033343_T48PWS_metadata.json,48PWS
S2A_MSIL2A_20201221T032141_N0214_R118_T48PVS_20201221T052354,,,,10.341939,8.732995,29.739478,39.6124874722205,35.997474,0.000226,dbscl-sentinel-2-2020\dbscl-sentinel-2_2020-12\S2_2020-12-21_03-35-17\20201221T032141_20201221T033343_T48PVS_metadata.json,48PVS
S2A_MSIL2A_20201221T032141_N0214_R118_T48PUS_20201221T052354,,,,29.179542,21.357362,25.94561,40.0776756232744,41.943693,1.2e-05,dbscl-sentinel-2-2020\dbscl-sentinel-2_2020-12\S2_2020-12-21_03-35-20\20201221T032141_20201221T033343_T48PUS_metadata.json,48PUS
S2A_MSIL2A_20201221T032141_N0214_R118_T48PVR_20201221T052354,,,,14.952721,14.888799,11.572928,38.8095222499666,62.58204,0.0,dbscl-sentinel-2-2020\dbscl-sentinel-2_2020-12\S2_2020-12-21_03-35-31\20201221T032141_20201221T033343_T48PVR_metadata.json,48PVR
S2A_MSIL2A_20201221T032141_N0214_R118_T48PUR_20201221T052354,,,,21.528579,21.494947,0.050294,39.281549957992,78.419459,0.0,dbscl-sentinel-2-2020\dbscl-sentinel-2_2020-12\S2_2020-12-21_03-35-34\20201221T032141_20201221T033343_T48PUR_metadata.json,48PUR
S2A_MSIL2A_20201221T032141_N0214_R118_T48PWQ_20201221T052354,,,,33.393592,33.351469,4.201141,37.5428410150812,56.997424,0.003374,dbscl-sentinel-2-2020\dbscl-sentinel-2_2020-12\S2_2020-12-21_03-35-43\20201221T032141_20201221T033343_T48PWQ_metadata.json,48PWQ
S2A_MSIL2A_20201221T032141_N0214_R118_T48PVQ_20201221T052354,,,,15.167488,13.417795,6.16483,38.0098092722507,72.680461,0.000544,dbscl-sentinel-2-2020\dbscl-sentinel-2_2020-12\S2_2020-12-21_03-35-46\20201221T032141_20201221T033343_T48PVQ_metadata.json,48PVQ
S2B_MSIL2A_20201226T032139_N0214_R118_T48PWT_20201226T053146,,,,43.664623,16.584471,20.341884,40.2059074268396,1.771182,0.0,dbscl-sentinel-2-2020\dbscl-sentinel-2_2020-12\S2_2020-12-26_03-34-58\20201226T032139_20201226T033352_T48PWT_metadata.json,48PWT
S2B_MSIL2A_20201226T032139_N0214_R118_T48PVR_20201226T053146,,,,26.797794,11.083297,4.246854,39.0660380535745,60.56509,0.0,dbscl-sentinel-2-2020\dbscl-sentinel-2_2020-12\S2_2020-12-26_03-35-30\20201226T032139_20201226T033352_T48PVR_metadata.json,48PVR
S2B_MSIL2A_20201226T032139_N0214_R118_T48PUR_20201226T053146,,,,29.089455,20.534059,0.049349,39.5487758545738,70.855945,0.0,dbscl-sentinel-2-2020\dbscl-sentinel-2_2020-12\S2_2020-12-26_03-35-33\20201226T032139_20201226T033352_T48PUR_metadata.json,48PUR
S2B_MSIL2A_20201226T032139_N0214_R118_T48PWQ_20201226T053146,,,,41.11124,21.995567,1.506156,37.7945612100832,53.838629,0.04202,dbscl-sentinel-2-2020\dbscl-sentinel-2_2020-12\S2_2020-12-26_03-35-41\20201226T032139_20201226T033352_T48PWQ_metadata.json,48PWQ
S2B_MSIL2A_20201226T032139_N0214_R118_T48PVQ_20201226T053146,,,,46.573147,22.868985,1.528067,38.272649556796,47.488669,0.047372,dbscl-sentinel-2-2020\dbscl-sentinel-2_2020-12\S2_2020-12-26_03-35-45\20201226T032139_20201226T033352_T48PVQ_metadata.json,48PVQ
S2A_MSIL2A_20201228T031131_N0214_R075_T48PXR_20201229T081151,,,,40.47463,27.364388,1.808944,39.4882897514849,53.259236,0.008446,dbscl-sentinel-2-2020\dbscl-sentinel-2_2020-12\S2_2020-12-28_03-25-31\20201228T031131_20201228T032330_T48PXR_metadata.json,48PXR
S2B_MSIL2A_20201229T033139_N0214_R018_T48PUR_20201229T070055,,,,29.366017,14.693852,0.062982,38.3055167835804,70.523381,0.0,dbscl-sentinel-2-2020\dbscl-sentinel-2_2020-12\S2_2020-12-29_03-45-29\20201229T033139_20201229T033612_T48PUR_metadata.json,48PUR
S2B_MSIL2A_20210102T031129_N0214_R075_T48PXS_20210102T051220,,,,44.179964,0.427784,18.044911,40.3119535380222,13.821891,0.002142,dbscl-sentinel-2-2021\dbscl-sentinel-2_2021-01\S2_2021-01-02_03-25-14\20210102T031129_20210102T032335_T48PXS_metadata.json,48PXS
S2A_MSIL2A_20210107T031121_N0214_R075_T48PXT_20210107T051212,,,,2.654706,2.201937,65.696883,40.9576310993486,1.637469,0.0,dbscl-sentinel-2-2021\dbscl-sentinel-2_2021-01\S2_2021-01-07_03-25-02\20210107T031121_20210107T032316_T48PXT_metadata.json,48PXT
S2A_MSIL2A_20210107T031121_N0214_R075_T48PXS_20210107T051212,,,,1.926529,1.335908,48.509485,40.1855023340907,26.865122,0.004085,dbscl-sentinel-2-2021\dbscl-sentinel-2_2021-01\S2_2021-01-07_03-25-17\20210107T031121_20210107T032316_T48PXS_metadata.json,48PXS
S2A_MSIL2A_20210107T031121_N0214_R075_T48PXR_20210107T051212,,,,17.688947,17.564675,7.899421,39.4181328593905,66.432261,0.006076,dbscl-sentinel-2-2021\dbscl-sentinel-2_2021-01\S2_2021-01-07_03-25-32\20210107T031121_20210107T032316_T48PXR_metadata.json,48PXR
S2A_MSIL2A_20210110T032121_N0214_R118_T48PVT_20210110T052502,,,,16.264125,15.204696,36.544779,40.4230206276987,1.221397,0.0,dbscl-sentinel-2-2021\dbscl-sentinel-2_2021-01\S2_2021-01-10_03-35-04\20210110T032121_20210110T033320_T48PVT_metadata.json,48PVT
S2B_MSIL2A_20210112T031109_N0214_R075_T48PXS_20210112T051446,,,,14.454969,5.550585,35.346177,39.9111942989085,21.766548,0.015466,dbscl-sentinel-2-2021\dbscl-sentinel-2_2021-01\S2_2021-01-12_03-25-16\20210112T031109_20210112T032241_T48PXS_metadata.json,48PXS
S2B_MSIL2A_20210112T031109_N0214_R075_T48PXR_20210112T051446,,,,24.973925,6.765714,13.60478,39.1549692573885,42.426509,0.087889,dbscl-sentinel-2-2021\dbscl-sentinel-2_2021-01\S2_2021-01-12_03-25-24\20210112T031109_20210112T032241_T48PXR_metadata.json,48PXR
S2B_MSIL2A_20210112T031109_N0214_R075_T48PXR_20210112T063849,,,,34.086206,8.939961,2.904986,39.1549692573885,58.801585,0.030594,dbscl-sentinel-2-2021\dbscl-sentinel-2_2021-01\S2_2021-01-12_03-25-32\20210112T031109_20210112T032520_T48PXR_metadata.json,48PXR
S2A_MSIL2A_20210113T033111_N0214_R018_T48PUS_20210113T070338,,,,11.732448,11.679778,19.82297,38.5340082847046,63.45306,0.000202,dbscl-sentinel-2-2021\dbscl-sentinel-2_2021-01\S2_2021-01-13_03-45-17\20210113T033111_20210113T034111_T48PUS_metadata.json,48PUS
S2A_MSIL2A_20210113T033111_N0214_R018_T48PUR_20210113T070338,,,,9.306293,9.289403,0.172554,37.7537233902874,90.513021,0.0,dbscl-sentinel-2-2021\dbscl-sentinel-2_2021-01\S2_2021-01-13_03-45-32\20210113T033111_20210113T034111_T48PUR_metadata.json,48PUR
S2B_MSIL2A_20210115T032059_N0214_R118_T48PXT_20210115T052348,,,,3.038961,0.07624,63.094699,39.0086103252827,2.174476,0.0,dbscl-sentinel-2-2021\dbscl-sentinel-2_2021-01\S2_2021-01-15_03-34-56\20210115T032059_20210115T033315_T48PXT_metadata.json,48PXT
S2B_MSIL2A_20210115T032059_N0214_R118_T48PWT_20210115T052348,,,,1.357146,0.21696,48.508275,39.5148567639992,3.676749,0.0,dbscl-sentinel-2-2021\dbscl-sentinel-2_2021-01\S2_2021-01-15_03-35-00\20210115T032059_20210115T033315_T48PWT_metadata.json,48PWT
S2B_MSIL2A_20210115T032059_N0214_R118_T48PVT_20210115T052348,,,,0.321237,0.100361,39.25623,40.0322356364935,2.331743,0.0,dbscl-sentinel-2-2021\dbscl-sentinel-2_2021-01\S2_2021-01-15_03-35-03\20210115T032059_20210115T033315_T48PVT_metadata.json,48PVT
S2B_MSIL2A_20210115T032059_N0214_R118_T48PXS_20210115T052348,,,,20.727487,0.0,44.476289,38.2301513084668,3.611128,0.017843,dbscl-sentinel-2-2021\dbscl-sentinel-2_2021-01\S2_2021-01-15_03-35-11\20210115T032059_20210115T033315_T48PXS_metadata.json,48PXS
S2B_MSIL2A_20210115T032059_N0214_R118_T48PWS_20210115T052348,,,,14.889778,0.13774,56.011331,38.7434316041287,3.430158,0.0,dbscl-sentinel-2-2021\dbscl-sentinel-2_2021-01\S2_2021-01-15_03-35-15\20210115T032059_20210115T033315_T48PWS_metadata.json,48PWS
S2B_MSIL2A_20210115T032059_N0214_R118_T48PVS_20210115T052348,,,,8.293552,6.061801,29.705986,39.2680017673457,39.394286,0.001015,dbscl-sentinel-2-2021\dbscl-sentinel-2_2021-01\S2_2021-01-15_03-35-18\20210115T032059_20210115T033315_T48PVS_metadata.json,48PVS
S2B_MSIL2A_20210115T032059_N0214_R118_T48PUS_20210115T052348,,,,14.588266,9.557758,27.127123,39.8029489737273,52.450323,4.8e-05,dbscl-sentinel-2-2021\dbscl-sentinel-2_2021-01\S2_2021-01-15_03-35-21\20210115T032059_20210115T033315_T48PUS_metadata.json,48PUS
S2B_MSIL2A_20210115T032059_N0214_R118_T48PXR_20210115T052348,,,,34.716362,0.655276,15.679936,37.4565678571021,31.86529,0.012253,dbscl-sentinel-2-2021\dbscl-sentinel-2_2021-01\S2_2021-01-15_03-35-26\20210115T032059_20210115T033315_T48PXR_metadata.json,48PXR
S2B_MSIL2A_20210115T032059_N0214_R118_T48PWR_20210115T052348,,,,20.09627,0.994596,26.700932,37.9771760268209,14.427266,0.00204,dbscl-sentinel-2-2021\dbscl-sentinel-2_2021-01\S2_2021-01-15_03-35-29\20210115T032059_20210115T033315_T48PWR_metadata.json,48PWR
S2B_MSIL2A_20210115T032059_N0214_R118_T48PVR_20210115T052348,,,,13.249621,7.703339,7.023002,38.5092216673799,67.570478,0.0,dbscl-sentinel-2-2021\dbscl-sentinel-2_2021-01\S2_2021-01-15_03-35-32\20210115T032059_20210115T033315_T48PVR_metadata.json,48PVR
S2B_MSIL2A_20210115T032059_N0214_R118_T48PUR_20210115T052348,,,,22.027397,15.255867,0.048112,39.0517651166971,77.920985,0.0,dbscl-sentinel-2-2021\dbscl-sentinel-2_2021-01\S2_2021-01-15_03-35-35\20210115T032059_20210115T033315_T48PUR_metadata.json,48PUR
S2B_MSIL2A_20210115T032059_N0214_R118_T48PWQ_20210115T052348,,,,40.50688,9.901643,0.713568,37.2154947877575,55.244625,0.000571,dbscl-sentinel-2-2021\dbscl-sentinel-2_2021-01\S2_2021-01-15_03-35-44\20210115T032059_20210115T033315_T48PWQ_metadata.json,48PWQ
S2B_MSIL2A_20210115T032059_N0214_R118_T48PVQ_20210115T052348,,,,35.979488,10.834868,0.924221,37.755310638077,58.001637,0.000524,dbscl-sentinel-2-2021\dbscl-sentinel-2_2021-01\S2_2021-01-15_03-35-47\20210115T032059_20210115T033315_T48PVQ_metadata.json,48PVQ
S2A_MSIL2A_20210117T031051_N0214_R075_T48PXT_20210117T051218,,,,6.200698,5.989615,59.234464,40.2276451048871,1.843476,0.0,dbscl-sentinel-2-2021\dbscl-sentinel-2_2021-01\S2_2021-01-17_03-25-03\20210117T031051_20210117T032247_T48PXT_metadata.json,48PXT
S2A_MSIL2A_20210117T031051_N0214_R075_T48PXS_20210117T051218,,,,5.911879,3.426317,41.216519,39.4784307781546,23.978557,0.001458,dbscl-sentinel-2-2021\dbscl-sentinel-2_2021-01\S2_2021-01-17_03-25-17\20210117T031051_20210117T032247_T48PXS_metadata.json,48PXS
S2A_MSIL2A_20210117T031051_N0214_R075_T48PXR_20210117T051218,,,,27.428339,5.119088,6.166927,38.7347948583714,51.95331,0.00356,dbscl-sentinel-2-2021\dbscl-sentinel-2_2021-01\S2_2021-01-17_03-25-28\20210117T031051_20210117T032247_T48PXR_metadata.json,48PXR
S2A_MSIL2A_20210117T031051_N0214_R075_T48PXR_20210117T062456,,,,16.180718,4.413894,0.769712,38.7347948583714,82.214326,0.001789,dbscl-sentinel-2-2021\dbscl-sentinel-2_2021-01\S2_2021-01-17_03-25-35\20210117T031051_20210117T032526_T48PXR_metadata.json,48PXR
S2B_MSIL2A_20210118T033059_N0214_R018_T48PUS_20210118T053501,,,,30.387094,30.17891,18.863279,38.0314875681851,45.401862,0.000724,dbscl-sentinel-2-2021\dbscl-sentinel-2_2021-01\S2_2021-01-18_03-45-16\20210118T033059_20210118T034204_T48PUS_metadata.json,48PUS
S2B_MSIL2A_20210118T033059_N0214_R018_T48PUR_20210118T053501,,,,34.13896,33.643019,0.039426,37.2632013735594,65.819615,0.0,dbscl-sentinel-2-2021\dbscl-sentinel-2_2021-01\S2_2021-01-18_03-45-28\20210118T033059_20210118T034204_T48PUR_metadata.json,48PUR
S2B_MSIL2A_20210118T033059_N0214_R018_T48PUR_20210118T064950,,,,19.819674,19.81104,0.27335,37.2632013735594,79.893202,0.0,dbscl-sentinel-2-2021\dbscl-sentinel-2_2021-01\S2_2021-01-18_03-45-34\20210118T033059_20210118T034526_T48PUR_metadata.json,48PUR
S2A_MSIL2A_20210120T032041_N0214_R118_T48PXS_20210120T052311,,,,33.233838,32.422563,36.388266,37.6577941113155,0.570614,0.0,dbscl-sentinel-2-2021\dbscl-sentinel-2_2021-01\S2_2021-01-20_03-35-06\20210120T032041_20210120T033200_T48PXS_metadata.json,48PXS
S2A_MSIL2A_20210120T032041_N0214_R118_T48PXT_20210120T063004,,,,32.825014,28.475776,48.329601,38.4242078349498,0.119063,0.0,dbscl-sentinel-2-2021\dbscl-sentinel-2_2021-01\S2_2021-01-20_03-35-06\20210120T032041_20210120T033501_T48PXT_metadata.json,48PXT
S2A_MSIL2A_20210120T032041_N0214_R118_T48PWS_20210120T052311,,,,24.628336,14.90462,69.6931,38.189622599534,0.050907,0.0,dbscl-sentinel-2-2021\dbscl-sentinel-2_2021-01\S2_2021-01-20_03-35-07\20210120T032041_20210120T033200_T48PWS_metadata.json,48PWS
S2A_MSIL2A_20210120T032041_N0214_R118_T48PVT_20210120T063004,,,,43.656991,19.077653,27.235588,39.4840972774763,0.092143,0.0,dbscl-sentinel-2-2021\dbscl-sentinel-2_2021-01\S2_2021-01-20_03-35-09\20210120T032041_20210120T033501_T48PVT_metadata.json,48PVT
S2A_MSIL2A_20210123T033031_N0214_R018_T48PUS_20210123T064324,,,,6.946356,0.054059,13.922366,37.3755399277905,71.218944,0.046031,dbscl-sentinel-2-2021\dbscl-sentinel-2_2021-01\S2_2021-01-23_03-45-17\20210123T033031_20210123T034405_T48PUS_metadata.json,48PUS
S2A_MSIL2A_20210123T033031_N0214_R018_T48PUR_20210123T064324,,,,24.263436,6.541651,0.12372,36.6206784301334,75.582296,0.0,dbscl-sentinel-2-2021\dbscl-sentinel-2_2021-01\S2_2021-01-23_03-45-31\20210123T033031_20210123T034405_T48PUR_metadata.json,48PUR
S2B_MSIL2A_20210125T032019_N0214_R118_T48PXS_20210125T052234,,,,46.952985,5.575661,12.026733,36.9444678955466,2.288605,0.0,dbscl-sentinel-2-2021\dbscl-sentinel-2_2021-01\S2_2021-01-25_03-35-11\20210125T032019_20210125T033236_T48PXS_metadata.json,48PXS
S2B_MSIL2A_20210125T032019_N0214_R118_T48PUS_20210125T052234,,,,35.373523,12.930721,11.647052,38.6306744961315,46.030608,0.013331,dbscl-sentinel-2-2021\dbscl-sentinel-2_2021-01\S2_2021-01-25_03-35-21\20210125T032019_20210125T033236_T48PUS_metadata.json,48PUS
S2B_MSIL2A_20210125T032019_N0214_R118_T48PXR_20210125T052234,,,,28.544293,8.47241,16.752124,36.1976733418121,33.536035,0.000622,dbscl-sentinel-2-2021\dbscl-sentinel-2_2021-01\S2_2021-01-25_03-35-26\20210125T032019_20210125T033236_T48PXR_metadata.json,48PXR
S2B_MSIL2A_20210125T032019_N0214_R118_T48PVR_20210125T052234,,,,17.470493,10.635051,6.109266,37.327725460375,63.209772,0.0,dbscl-sentinel-2-2021\dbscl-sentinel-2_2021-01\S2_2021-01-25_03-35-33\20210125T032019_20210125T033236_T48PVR_metadata.json,48PVR
S2B_MSIL2A_20210125T032019_N0214_R118_T48PUR_20210125T052234,,,,20.747644,19.791158,0.046955,37.9082139447153,79.202378,0.0,dbscl-sentinel-2-2021\dbscl-sentinel-2_2021-01\S2_2021-01-25_03-35-35\20210125T032019_20210125T033236_T48PUR_metadata.json,48PUR
S2B_MSIL2A_20210125T032019_N0214_R118_T48PWQ_20210125T052234,,,,32.662456,18.402486,1.919689,36.0242387888365,54.055345,0.004915,dbscl-sentinel-2-2021\dbscl-sentinel-2_2021-01\S2_2021-01-25_03-35-40\20210125T032019_20210125T033236_T48PWQ_metadata.json,48PWQ
S2B_MSIL2A_20210125T032019_N0214_R118_T48PVQ_20210125T052234,,,,14.557979,9.691427,5.31586,36.6031756015412,53.755862,0.000224,dbscl-sentinel-2-2021\dbscl-sentinel-2_2021-01\S2_2021-01-25_03-35-41\20210125T032019_20210125T033236_T48PVQ_metadata.json,48PVQ
S2B_MSIL2A_20210125T032019_N0214_R118_T48PWQ_20210125T064049,,,,33.815543,29.291981,1.525866,36.0242387888365,61.331224,0.00144,dbscl-sentinel-2-2021\dbscl-sentinel-2_2021-01\S2_2021-01-25_03-35-46\20210125T032019_20210125T033536_T48PWQ_metadata.json,48PWQ
S2B_MSIL2A_20210125T032019_N0214_R118_T48PVQ_20210125T064049,,,,21.96253,16.257447,3.617401,36.6031756015412,68.908262,0.0,dbscl-sentinel-2-2021\dbscl-sentinel-2_2021-01\S2_2021-01-25_03-35-48\20210125T032019_20210125T033536_T48PVQ_metadata.json,48PVQ
S2B_MSIL2A_20210201T030939_N0214_R075_T48PXT_20210201T063117,,,,6.331282,4.832888,50.80924,38.0467986421991,1.515577,0.0,dbscl-sentinel-2-2021\dbscl-sentinel-2_2021-02\S2_2021-02-01_03-25-01\20210201T030939_20210201T032427_T48PXT_metadata.json,48PXT
S2B_MSIL2A_20210201T030939_N0214_R075_T48PXS_20210201T063117,,,,36.430374,17.973106,19.178344,37.3437973098332,11.720229,0.012159,dbscl-sentinel-2-2021\dbscl-sentinel-2_2021-02\S2_2021-02-01_03-25-16\20210201T030939_20210201T032427_T48PXS_metadata.json,48PXS
S2A_MSIL2A_20210202T032941_N0214_R018_T48PUS_20210202T070316,,,,33.09536,9.593581,5.527993,35.6623865314552,50.890946,0.085604,dbscl-sentinel-2-2021\dbscl-sentinel-2_2021-02\S2_2021-02-02_03-45-16\20210202T032941_20210202T034229_T48PUS_metadata.json,48PUS
S2B_MSIL2A_20210204T031929_N0214_R118_T48PVT_20210204T065742,,,,48.825524,42.49683,9.843718,37.0216807982433,0.53517,0.0,dbscl-sentinel-2-2021\dbscl-sentinel-2_2021-02\S2_2021-02-04_03-35-03\20210204T031929_20210204T033434_T48PVT_metadata.json,48PVT
S2B_MSIL2A_20210204T031929_N0214_R118_T48PXS_20210204T065742,,,,17.738606,17.238206,60.231709,35.1205769503355,3.348076,0.0,dbscl-sentinel-2-2021\dbscl-sentinel-2_2021-02\S2_2021-02-04_03-35-11\20210204T031929_20210204T033434_T48PXS_metadata.json,48PXS
S2B_MSIL2A_20210204T031929_N0214_R118_T48PVS_20210204T065742,,,,31.758876,14.965853,11.212846,36.3182365848609,32.317919,0.00205,dbscl-sentinel-2-2021\dbscl-sentinel-2_2021-02\S2_2021-02-04_03-35-17\20210204T031929_20210204T033434_T48PVS_metadata.json,48PVS
S2B_MSIL2A_20210204T031929_N0214_R118_T48PUS_20210204T065742,,,,28.749175,14.386617,19.462608,36.9316961974745,39.757407,0.011557,dbscl-sentinel-2-2021\dbscl-sentinel-2_2021-02\S2_2021-02-04_03-35-21\20210204T031929_20210204T033434_T48PUS_metadata.json,48PUS
S2B_MSIL2A_20210204T031929_N0214_R118_T48PXR_20210204T065742,,,,46.15445,22.354202,28.407538,34.407471866312,11.087794,9.5e-05,dbscl-sentinel-2-2021\dbscl-sentinel-2_2021-02\S2_2021-02-04_03-35-25\20210204T031929_20210204T033434_T48PXR_metadata.json,48PXR
S2B_MSIL2A_20210204T031929_N0214_R118_T48PWR_20210204T065742,,,,47.734222,34.053269,30.499321,35.0099741325532,2.201068,1.7e-05,dbscl-sentinel-2-2021\dbscl-sentinel-2_2021-02\S2_2021-02-04_03-35-29\20210204T031929_20210204T033434_T48PWR_metadata.json,48PWR
S2A_MSIL2A_20210206T030911_N0214_R075_T48PXT_20210206T064859,,,,3.851983,1.559539,43.66301,37.0689524923592,1.474711,0.0,dbscl-sentinel-2-2021\dbscl-sentinel-2_2021-02\S2_2021-02-06_03-25-01\20210206T030911_20210206T032350_T48PXT_metadata.json,48PXT
S2A_MSIL2A_20210209T031901_N0214_R118_T48PXT_20210209T065005,,,,30.353887,0.582198,38.72219,34.7407006241591,1.210889,0.0,dbscl-sentinel-2-2021\dbscl-sentinel-2_2021-02\S2_2021-02-09_03-34-56\20210209T031901_20210209T033405_T48PXT_metadata.json,48PXT
S2A_MSIL2A_20210209T031901_N0214_R118_T48PVT_20210209T065005,,,,24.762134,1.981391,19.641031,35.9648199005451,0.699839,0.0,dbscl-sentinel-2-2021\dbscl-sentinel-2_2021-02\S2_2021-02-09_03-35-03\20210209T031901_20210209T033405_T48PVT_metadata.json,48PVT
S2A_MSIL2A_20210209T031901_N0214_R118_T48PXS_20210209T065005,,,,23.957218,2.783141,43.465835,34.0390122578986,3.342632,0.109616,dbscl-sentinel-2-2021\dbscl-sentinel-2_2021-02\S2_2021-02-09_03-35-10\20210209T031901_20210209T033405_T48PXS_metadata.json,48PXS
S2A_MSIL2A_20210209T031901_N0214_R118_T48PWS_20210209T065005,,,,21.970193,5.958849,53.510791,34.6550579458318,2.674683,0.0,dbscl-sentinel-2-2021\dbscl-sentinel-2_2021-02\S2_2021-02-09_03-35-14\20210209T031901_20210209T033405_T48PWS_metadata.json,48PWS
S2A_MSIL2A_20210209T031901_N0214_R118_T48PVS_20210209T065005,,,,18.100962,11.834188,26.382372,35.2812877744022,33.014953,0.024751,dbscl-sentinel-2-2021\dbscl-sentinel-2_2021-02\S2_2021-02-09_03-35-17\20210209T031901_20210209T033405_T48PVS_metadata.json,48PVS
S2A_MSIL2A_20210209T031901_N0214_R118_T48PUS_20210209T065005,,,,22.60541,10.084485,16.533822,35.9166203635839,51.752967,0.028781,dbscl-sentinel-2-2021\dbscl-sentinel-2_2021-02\S2_2021-02-09_03-35-20\20210209T031901_20210209T033405_T48PUS_metadata.json,48PUS
S2A_MSIL2A_20210209T031901_N0214_R118_T48PXR_20210209T065005,,,,18.302171,7.63361,22.318056,33.345903101293,36.385179,0.005189,dbscl-sentinel-2-2021\dbscl-sentinel-2_2021-02\S2_2021-02-09_03-35-25\20210209T031901_20210209T033405_T48PXR_metadata.json,48PXR
S2A_MSIL2A_20210209T031901_N0214_R118_T48PWR_20210209T065005,,,,20.037371,8.77465,36.161166,33.9713044002346,13.533497,0.005385,dbscl-sentinel-2-2021\dbscl-sentinel-2_2021-02\S2_2021-02-09_03-35-28\20210209T031901_20210209T033405_T48PWR_metadata.json,48PWR
S2A_MSIL2A_20210209T031901_N0214_R118_T48PVR_20210209T065005,,,,34.112425,16.811106,3.578286,34.6068571503544,53.817809,0.0,dbscl-sentinel-2-2021\dbscl-sentinel-2_2021-02\S2_2021-02-09_03-35-32\20210209T031901_20210209T033405_T48PVR_metadata.json,48PVR
S2A_MSIL2A_20210209T031901_N0214_R118_T48PUR_20210209T065005,,,,24.411518,13.29367,0.049344,35.2514587398265,75.532633,0.0,dbscl-sentinel-2-2021\dbscl-sentinel-2_2021-02\S2_2021-02-09_03-35-34\20210209T031901_20210209T033405_T48PUR_metadata.json,48PUR
S2A_MSIL2A_20210209T031901_N0214_R118_T48PWQ_20210209T065005,,,,39.876994,25.30463,1.024001,33.2961162834939,55.638802,0.000952,dbscl-sentinel-2-2021\dbscl-sentinel-2_2021-02\S2_2021-02-09_03-35-43\20210209T031901_20210209T033405_T48PWQ_metadata.json,48PWQ
S2A_MSIL2A_20210209T031901_N0214_R118_T48PVQ_20210209T065005,,,,27.682854,13.186237,1.253224,33.9412859696602,67.727202,0.000946,dbscl-sentinel-2-2021\dbscl-sentinel-2_2021-02\S2_2021-02-09_03-35-46\20210209T031901_20210209T033405_T48PVQ_metadata.json,48PVQ
S2A_MSIL2A_20210212T032841_N0214_R018_T48PUS_20210212T070340,,,,12.967441,0.365478,13.340111,33.4949570380719,67.246151,0.165101,dbscl-sentinel-2-2021\dbscl-sentinel-2_2021-02\S2_2021-02-12_03-45-15\20210212T032841_20210212T033708_T48PUS_metadata.json,48PUS
S2A_MSIL2A_20210212T032841_N0214_R018_T48PUR_20210212T070340,,,,7.53476,7.7e-05,0.082629,32.812646375765,92.354864,0.0,dbscl-sentinel-2-2021\dbscl-sentinel-2_2021-02\S2_2021-02-12_03-45-29\20210212T032841_20210212T033708_T48PUR_metadata.json,48PUR
S2B_MSIL2A_20210214T031829_N0214_R118_T48PWT_20210214T060910,,,,36.21122,1.059134,12.460586,34.1749627081289,1.125073,0.0,dbscl-sentinel-2-2021\dbscl-sentinel-2_2021-02\S2_2021-02-14_03-34-59\20210214T031829_20210214T033234_T48PWT_metadata.json,48PWT
S2B_MSIL2A_20210214T031829_N0214_R118_T48PVT_20210214T060910,,,,35.960649,3.361822,7.661144,34.814642583604,0.999313,0.0,dbscl-sentinel-2-2021\dbscl-sentinel-2_2021-02\S2_2021-02-14_03-35-02\20210214T031829_20210214T033234_T48PVT_metadata.json,48PVT
S2B_MSIL2A_20210214T031829_N0214_R118_T48PXS_20210214T060910,,,,31.441881,1.503587,35.604879,32.8648286261526,2.249678,0.046244,dbscl-sentinel-2-2021\dbscl-sentinel-2_2021-02\S2_2021-02-14_03-35-10\20210214T031829_20210214T033234_T48PXS_metadata.json,48PXS
S2B_MSIL2A_20210214T031829_N0214_R118_T48PWS_20210214T060910,,,,33.994042,2.767569,34.386796,33.5041511045381,2.229661,0.0,dbscl-sentinel-2-2021\dbscl-sentinel-2_2021-02\S2_2021-02-14_03-35-13\20210214T031829_20210214T033234_T48PWS_metadata.json,48PWS
S2B_MSIL2A_20210214T031829_N0214_R118_T48PXR_20210214T060910,,,,48.162637,10.196502,8.437841,32.1941917211529,26.343691,0.037986,dbscl-sentinel-2-2021\dbscl-sentinel-2_2021-02\S2_2021-02-14_03-35-24\20210214T031829_20210214T033234_T48PXR_metadata.json,48PXR
S2B_MSIL2A_20210214T031829_N0214_R118_T48PWR_20210214T060910,,,,37.876633,9.909089,23.052801,32.8433675721858,9.373748,0.002452,dbscl-sentinel-2-2021\dbscl-sentinel-2_2021-02\S2_2021-02-14_03-35-28\20210214T031829_20210214T033234_T48PWR_metadata.json,48PWR
S2B_MSIL2A_20210214T031829_N0214_R118_T48PVR_20210214T060910,,,,48.628971,6.646119,4.470101,33.5023203092846,37.058613,0.0,dbscl-sentinel-2-2021\dbscl-sentinel-2_2021-02\S2_2021-02-14_03-35-31\20210214T031829_20210214T033234_T48PVR_metadata.json,48PVR
S2B_MSIL2A_20210214T031829_N0214_R118_T48PWQ_20210214T060910,,,,30.271927,20.873968,1.257133,32.1924073301553,63.515222,0.000551,dbscl-sentinel-2-2021\dbscl-sentinel-2_2021-02\S2_2021-02-14_03-35-42\20210214T031829_20210214T033234_T48PWQ_metadata.json,48PWQ
S2B_MSIL2A_20210214T031829_N0214_R118_T48PVQ_20210214T060910,,,,37.632864,25.084528,1.238108,32.8613776041739,54.716367,0.000153,dbscl-sentinel-2-2021\dbscl-sentinel-2_2021-02\S2_2021-02-14_03-35-46\20210214T031829_20210214T033234_T48PVQ_metadata.json,48PVQ
S2A_MSIL2A_20210216T030811_N0214_R075_T48PXT_20210216T064742,,,,0.819877,4.2e-05,60.65287,34.8202425707025,1.651492,0.0,dbscl-sentinel-2-2021\dbscl-sentinel-2_2021-02\S2_2021-02-16_03-25-01\20210216T030811_20210216T032246_T48PXT_metadata.json,48PXT
S2A_MSIL2A_20210216T030811_N0214_R075_T48PXS_20210216T064742,,,,10.120077,0.011702,27.463159,34.181264110199,24.9743,0.039689,dbscl-sentinel-2-2021\dbscl-sentinel-2_2021-02\S2_2021-02-16_03-25-15\20210216T030811_20210216T032246_T48PXS_metadata.json,48PXS
S2A_MSIL2A_20210216T030811_N0214_R075_T48PXR_20210216T064742,,,,19.823023,3.189699,4.053409,33.5529290868952,65.473074,0.001781,dbscl-sentinel-2-2021\dbscl-sentinel-2_2021-02\S2_2021-02-16_03-25-30\20210216T030811_20210216T032246_T48PXR_metadata.json,48PXR
S2B_MSIL2A_20210217T032809_N0214_R018_T48PUS_20210217T070045,,,,37.340546,0.000159,4.470852,32.2787309281454,50.458157,0.030851,dbscl-sentinel-2-2021\dbscl-sentinel-2_2021-02\S2_2021-02-17_03-45-14\20210217T032809_20210217T034000_T48PUS_metadata.json,48PUS
S2B_MSIL2A_20210217T032809_N0214_R018_T48PUR_20210217T070045,,,,12.185068,4.1e-05,0.034924,31.6204649195019,87.66427,0.0,dbscl-sentinel-2-2021\dbscl-sentinel-2_2021-02\S2_2021-02-17_03-45-29\20210217T032809_20210217T034000_T48PUR_metadata.json,48PUR
S2A_MSIL2A_20210219T031751_N0214_R118_T48PXT_20210219T070259,,,,1.032529,0.000245,70.843977,32.26511341929,1.724164,0.0,dbscl-sentinel-2-2021\dbscl-sentinel-2_2021-02\S2_2021-02-19_03-34-56\20210219T031751_20210219T033017_T48PXT_metadata.json,48PXT
S2A_MSIL2A_20210219T031751_N0214_R118_T48PWT_20210219T070259,,,,0.158563,0.0,50.430238,32.9183602231915,2.321552,0.0,dbscl-sentinel-2-2021\dbscl-sentinel-2_2021-02\S2_2021-02-19_03-35-00\20210219T031751_20210219T033017_T48PWT_metadata.json,48PWT
S2A_MSIL2A_20210219T031751_N0214_R118_T48PVT_20210219T070259,,,,0.474246,0.001032,35.334283,33.5812135887452,1.440513,0.0,dbscl-sentinel-2-2021\dbscl-sentinel-2_2021-02\S2_2021-02-19_03-35-03\20210219T031751_20210219T033017_T48PVT_metadata.json,48PVT
S2A_MSIL2A_20210219T031751_N0214_R118_T48PXS_20210219T070259,,,,1.66071,5.5e-05,73.127657,31.6085637165908,4.901764,5e-06,dbscl-sentinel-2-2021\dbscl-sentinel-2_2021-02\S2_2021-02-19_03-35-11\20210219T031751_20210219T033017_T48PXS_metadata.json,48PXS
S2A_MSIL2A_20210219T031751_N0214_R118_T48PWS_20210219T070259,,,,0.79884,0.408755,80.212563,32.2718928637152,4.056726,0.0,dbscl-sentinel-2-2021\dbscl-sentinel-2_2021-02\S2_2021-02-19_03-35-14\20210219T031751_20210219T033017_T48PWS_metadata.json,48PWS
S2A_MSIL2A_20210219T031751_N0214_R118_T48PVS_20210219T070259,,,,0.11568,0.00853,33.583325,32.9447038387799,43.833849,0.002741,dbscl-sentinel-2-2021\dbscl-sentinel-2_2021-02\S2_2021-02-19_03-35-17\20210219T031751_20210219T033017_T48PVS_metadata.json,48PVS
S2A_MSIL2A_20210219T031751_N0214_R118_T48PUS_20210219T070259,,,,0.185837,0.001824,31.439313,33.6258430953895,63.456208,0.0,dbscl-sentinel-2-2021\dbscl-sentinel-2_2021-02\S2_2021-02-19_03-35-21\20210219T031751_20210219T033017_T48PUS_metadata.json,48PUS
S2A_MSIL2A_20210219T031751_N0214_R118_T48PXR_20210219T070259,,,,31.211822,0.027155,24.56588,30.9631233369033,26.077023,0.064779,dbscl-sentinel-2-2021\dbscl-sentinel-2_2021-02\S2_2021-02-19_03-35-25\20210219T031751_20210219T033017_T48PXR_metadata.json,48PXR
S2A_MSIL2A_20210219T031751_N0214_R118_T48PWR_20210219T070259,,,,24.571882,4.422484,37.570062,31.636771774464,12.344705,0.024973,dbscl-sentinel-2-2021\dbscl-sentinel-2_2021-02\S2_2021-02-19_03-35-29\20210219T031751_20210219T033017_T48PWR_metadata.json,48PWR
S2A_MSIL2A_20210219T031751_N0214_R118_T48PVR_20210219T070259,,,,4.428595,2.127113,9.533877,32.3197570498331,73.987889,0.0,dbscl-sentinel-2-2021\dbscl-sentinel-2_2021-02\S2_2021-02-19_03-35-32\20210219T031751_20210219T033017_T48PVR_metadata.json,48PVR
S2A_MSIL2A_20210219T031751_N0214_R118_T48PUR_20210219T070259,,,,23.718348,1.54706,0.050519,33.0109086611882,76.21249,0.0,dbscl-sentinel-2-2021\dbscl-sentinel-2_2021-02\S2_2021-02-19_03-35-35\20210219T031751_20210219T033017_T48PUR_metadata.json,48PUR
S2A_MSIL2A_20210219T031751_N0214_R118_T48PWQ_20210219T070259,,,,43.509631,19.264147,0.539355,31.0129760099886,52.577055,0.051247,dbscl-sentinel-2-2021\dbscl-sentinel-2_2021-02\S2_2021-02-19_03-35-43\20210219T031751_20210219T033017_T48PWQ_metadata.json,48PWQ
S2A_MSIL2A_20210219T031751_N0214_R118_T48PVQ_20210219T070259,,,,40.052006,6.935693,1.584388,31.7063748717988,53.073406,0.053822,dbscl-sentinel-2-2021\dbscl-sentinel-2_2021-02\S2_2021-02-19_03-35-47\20210219T031751_20210219T033017_T48PVQ_metadata.json,48PVQ
S2B_MSIL2A_20210221T030739_N0214_R075_T48PXS_20210221T051448,,,,30.800586,12.20281,15.560532,32.9725562559047,16.184044,0.04523,dbscl-sentinel-2-2021\dbscl-sentinel-2_2021-02\S2_2021-02-21_03-25-14\20210221T030739_20210221T032327_T48PXS_metadata.json,48PXS
S2B_MSIL2A_20210221T030739_N0214_R075_T48PXR_20210221T051448,,,,26.489354,18.243027,2.925438,32.3720925834753,61.444664,0.019824,dbscl-sentinel-2-2021\dbscl-sentinel-2_2021-02\S2_2021-02-21_03-25-29\20210221T030739_20210221T032327_T48PXR_metadata.json,48PXR
S2A_MSIL2A_20210222T032741_N0214_R018_T48PUS_20210222T071010,,,,37.601952,7.765713,7.013043,30.9890267858969,47.269836,0.17035,dbscl-sentinel-2-2021\dbscl-sentinel-2_2021-02\S2_2021-02-22_03-45-16\20210222T032741_20210222T033820_T48PUS_metadata.json,48PUS
S2A_MSIL2A_20210222T032741_N0214_R018_T48PUR_20210222T071010,,,,25.276204,3.134442,0.102276,30.3577888067856,74.581844,0.0,dbscl-sentinel-2-2021\dbscl-sentinel-2_2021-02\S2_2021-02-22_03-45-30\20210222T032741_20210222T033820_T48PUR_metadata.json,48PUR
S2B_MSIL2A_20210224T031719_N0214_R118_T48PXT_20210224T064625,,,,22.876889,0.143686,39.682782,30.9305051851408,1.206871,0.0,dbscl-sentinel-2-2021\dbscl-sentinel-2_2021-02\S2_2021-02-24_03-34-55\20210224T031719_20210224T033032_T48PXT_metadata.json,48PXT
S2B_MSIL2A_20210224T031719_N0214_R118_T48PWT_20210224T064625,,,,42.38062,0.212017,13.339892,31.6081018042462,0.488645,0.0,dbscl-sentinel-2-2021\dbscl-sentinel-2_2021-02\S2_2021-02-24_03-34-59\20210224T031719_20210224T033032_T48PWT_metadata.json,48PWT
S2B_MSIL2A_20210224T031719_N0214_R118_T48PVT_20210224T064625,,,,36.962912,1.15907,9.70692,32.2948855789262,0.349595,0.0,dbscl-sentinel-2-2021\dbscl-sentinel-2_2021-02\S2_2021-02-24_03-35-02\20210224T031719_20210224T033032_T48PVT_metadata.json,48PVT
S2B_MSIL2A_20210224T031719_N0214_R118_T48PXS_20210224T064625,,,,30.610183,0.41627,34.347782,30.3009114561618,2.100453,0.0,dbscl-sentinel-2-2021\dbscl-sentinel-2_2021-02\S2_2021-02-24_03-35-10\20210224T031719_20210224T033032_T48PXS_metadata.json,48PXS
S2B_MSIL2A_20210224T031719_N0214_R118_T48PWS_20210224T064625,,,,21.963965,0.449554,44.790107,30.9890670677813,2.534252,0.0,dbscl-sentinel-2-2021\dbscl-sentinel-2_2021-02\S2_2021-02-24_03-35-13\20210224T031719_20210224T033032_T48PWS_metadata.json,48PWS
S2B_MSIL2A_20210224T031719_N0214_R118_T48PXR_20210224T064625,,,,45.422182,4.905413,7.588112,29.6840770000298,28.80978,0.000152,dbscl-sentinel-2-2021\dbscl-sentinel-2_2021-02\S2_2021-02-24_03-35-24\20210224T031719_20210224T033032_T48PXR_metadata.json,48PXR
S2B_MSIL2A_20210224T031719_N0214_R118_T48PWR_20210224T064625,,,,32.723086,2.806351,18.515453,30.3830086915744,12.287673,0.002867,dbscl-sentinel-2-2021\dbscl-sentinel-2_2021-02\S2_2021-02-24_03-35-28\20210224T031719_20210224T033032_T48PWR_metadata.json,48PWR
S2B_MSIL2A_20210224T031719_N0214_R118_T48PVR_20210224T064625,,,,25.102667,8.560482,4.722446,31.0907218861666,56.851822,0.0,dbscl-sentinel-2-2021\dbscl-sentinel-2_2021-02\S2_2021-02-24_03-35-31\20210224T031719_20210224T033032_T48PVR_metadata.json,48PVR
S2B_MSIL2A_20210224T031719_N0214_R118_T48PUR_20210224T064625,,,,49.527821,9.394304,0.011538,31.8060200724819,50.43782,0.0,dbscl-sentinel-2-2021\dbscl-sentinel-2_2021-02\S2_2021-02-24_03-35-34\20210224T031719_20210224T033032_T48PUR_metadata.json,48PUR
S2B_MSIL2A_20210224T031719_N0214_R118_T48PWQ_20210224T064625,,,,27.108553,17.442434,1.457825,29.7899490990112,64.688551,0.001015,dbscl-sentinel-2-2021\dbscl-sentinel-2_2021-02\S2_2021-02-24_03-35-42\20210224T031719_20210224T033032_T48PWQ_metadata.json,48PWQ
S2B_MSIL2A_20210227T032659_N0214_R018_T48PUS_20210227T072401,,,,3.849188,0.005693,16.323389,29.6628433772219,72.605944,4e-06,dbscl-sentinel-2-2021\dbscl-sentinel-2_2021-02\S2_2021-02-27_03-45-15\20210227T032659_20210227T033320_T48PUS_metadata.json,48PUS
S2B_MSIL2A_20210227T032659_N0214_R018_T48PUR_20210227T072401,,,,5.143378,0.013846,0.087418,29.0622986989576,94.730008,0.0,dbscl-sentinel-2-2021\dbscl-sentinel-2_2021-02\S2_2021-02-27_03-45-29\20210227T032659_20210227T033320_T48PUR_metadata.json,48PUR
S2A_MSIL2A_20210301T031641_N0214_R118_T48PXT_20210301T071824,,,,23.352812,0.737578,49.407974,29.548061320464,1.130025,0.0,dbscl-sentinel-2-2021\dbscl-sentinel-2_2021-03\S2_2021-03-01_03-34-57\20210301T031641_20210301T032900_T48PXT_metadata.json,48PXT
S2A_MSIL2A_20210301T031641_N0214_R118_T48PWT_20210301T071824,,,,19.834157,0.901357,29.768956,30.2506037882245,1.053039,0.0,dbscl-sentinel-2-2021\dbscl-sentinel-2_2021-03\S2_2021-03-01_03-35-00\20210301T031641_20210301T032900_T48PWT_metadata.json,48PWT
S2A_MSIL2A_20210301T031641_N0214_R118_T48PVT_20210301T071824,,,,33.297138,0.20017,15.759514,30.9618232219481,0.665791,0.0,dbscl-sentinel-2-2021\dbscl-sentinel-2_2021-03\S2_2021-03-01_03-35-04\20210301T031641_20210301T032900_T48PVT_metadata.json,48PVT
S2A_MSIL2A_20210301T031641_N0214_R118_T48PXS_20210301T071824,,,,27.776319,0.510492,44.569159,28.9488538021327,1.840362,0.000685,dbscl-sentinel-2-2021\dbscl-sentinel-2_2021-03\S2_2021-03-01_03-35-11\20210301T031641_20210301T032900_T48PXS_metadata.json,48PXS
S2A_MSIL2A_20210301T031641_N0214_R118_T48PWS_20210301T071824,,,,32.569599,0.460506,43.406478,29.6623812596428,1.953975,0.0,dbscl-sentinel-2-2021\dbscl-sentinel-2_2021-03\S2_2021-03-01_03-35-15\20210301T031641_20210301T032900_T48PWS_metadata.json,48PWS
S2A_MSIL2A_20210301T031641_N0214_R118_T48PVS_20210301T071824,,,,30.891586,5.298616,15.00849,30.3843231258849,32.099298,0.014506,dbscl-sentinel-2-2021\dbscl-sentinel-2_2021-03\S2_2021-03-01_03-35-18\20210301T031641_20210301T032900_T48PVS_metadata.json,48PVS
S2A_MSIL2A_20210301T031641_N0214_R118_T48PUS_20210301T071824,,,,30.208948,5.874303,11.469528,31.1134728957221,51.978642,0.040444,dbscl-sentinel-2-2021\dbscl-sentinel-2_2021-03\S2_2021-03-01_03-35-21\20210301T031641_20210301T032900_T48PUS_metadata.json,48PUS
S2A_MSIL2A_20210301T031641_N0214_R118_T48PXR_20210301T071824,,,,35.541371,1.156027,17.818567,28.3642263890119,25.319767,0.014701,dbscl-sentinel-2-2021\dbscl-sentinel-2_2021-03\S2_2021-03-01_03-35-26\20210301T031641_20210301T032900_T48PXR_metadata.json,48PXR
S2A_MSIL2A_20210301T031641_N0214_R118_T48PWR_20210301T071824,,,,34.350162,2.45619,23.871684,29.0889180022904,12.367503,0.0286,dbscl-sentinel-2-2021\dbscl-sentinel-2_2021-03\S2_2021-03-01_03-35-29\20210301T031641_20210301T032900_T48PWR_metadata.json,48PWR
S2A_MSIL2A_20210301T031641_N0214_R118_T48PVR_20210301T071824,,,,35.340796,12.490589,4.240162,29.821730658226,51.452655,0.0,dbscl-sentinel-2-2021\dbscl-sentinel-2_2021-03\S2_2021-03-01_03-35-33\20210301T031641_20210301T032900_T48PVR_metadata.json,48PVR
S2A_MSIL2A_20210301T031641_N0214_R118_T48PUR_20210301T071824,,,,28.927981,16.555728,0.050853,30.5614489383711,71.008664,0.0,dbscl-sentinel-2-2021\dbscl-sentinel-2_2021-03\S2_2021-03-01_03-35-35\20210301T031641_20210301T032900_T48PUR_metadata.json,48PUR
S2A_MSIL2A_20210301T031641_N0214_R118_T48PWQ_20210301T071824,,,,19.944981,3.920166,1.013072,28.5304864849054,74.625498,0.002717,dbscl-sentinel-2-2021\dbscl-sentinel-2_2021-03\S2_2021-03-01_03-35-44\20210301T031641_20210301T032900_T48PWQ_metadata.json,48PWQ
S2A_MSIL2A_20210301T031641_N0214_R118_T48PVQ_20210301T071824,,,,30.060959,14.934516,1.771683,29.2742664371073,62.949455,0.003046,dbscl-sentinel-2-2021\dbscl-sentinel-2_2021-03\S2_2021-03-01_03-35-47\20210301T031641_20210301T032900_T48PVQ_metadata.json,48PVQ
S2B_MSIL2A_20210303T030629_N0214_R075_T48PXS_20210303T064111,,,,3.556566,0.0,34.692878,30.4234270623748,27.470297,0.059973,dbscl-sentinel-2-2021\dbscl-sentinel-2_2021-03\S2_2021-03-03_03-25-15\20210303T030629_20210303T032113_T48PXS_metadata.json,48PXS
S2B_MSIL2A_20210303T030629_N0214_R075_T48PXR_20210303T064111,,,,0.256567,0.0,6.316034,29.889054839998,83.48884,0.000724,dbscl-sentinel-2-2021\dbscl-sentinel-2_2021-03\S2_2021-03-03_03-25-30\20210303T030629_20210303T032113_T48PXR_metadata.json,48PXR
S2A_MSIL2A_20210304T032631_N0214_R018_T48PUS_20210304T074346,,,,14.776293,4e-06,9.711714,28.3078883109373,70.117891,0.002256,dbscl-sentinel-2-2021\dbscl-sentinel-2_2021-03\S2_2021-03-04_03-45-16\20210304T032631_20210304T033658_T48PUS_metadata.json,48PUS
S2A_MSIL2A_20210304T032631_N0214_R018_T48PUR_20210304T074346,,,,9.406775,0.875271,0.061469,27.7421160765199,90.500158,0.0,dbscl-sentinel-2-2021\dbscl-sentinel-2_2021-03\S2_2021-03-04_03-45-31\20210304T032631_20210304T033658_T48PUR_metadata.json,48PUR
S2B_MSIL2A_20210306T031609_N0214_R118_T48PXT_20210306T070653,,,,0.203377,0.000273,66.712636,28.1569489774729,1.461842,0.0,dbscl-sentinel-2-2021\dbscl-sentinel-2_2021-03\S2_2021-03-06_03-34-56\20210306T031609_20210306T032412_T48PXT_metadata.json,48PXT
S2B_MSIL2A_20210306T031609_N0214_R118_T48PWT_20210306T070653,,,,1.511518,5.6e-05,38.47056,28.8851288496767,1.849357,0.0,dbscl-sentinel-2-2021\dbscl-sentinel-2_2021-03\S2_2021-03-06_03-35-00\20210306T031609_20210306T032412_T48PWT_metadata.json,48PWT
S2B_MSIL2A_20210306T031609_N0214_R118_T48PVT_20210306T070653,,,,1.78816,0.000113,27.9535,29.621332326248,1.301881,0.0,dbscl-sentinel-2-2021\dbscl-sentinel-2_2021-03\S2_2021-03-06_03-35-03\20210306T031609_20210306T032412_T48PVT_metadata.json,48PVT
S2B_MSIL2A_20210306T031609_N0214_R118_T48PXS_20210306T070653,,,,5.544881,8.2e-05,63.920522,27.5924265104488,2.408408,0.0,dbscl-sentinel-2-2021\dbscl-sentinel-2_2021-03\S2_2021-03-06_03-35-10\20210306T031609_20210306T032412_T48PXS_metadata.json,48PXS
S2B_MSIL2A_20210306T031609_N0214_R118_T48PWS_20210306T070653,,,,10.532365,0.0,60.661572,28.3319401296357,3.450805,0.0,dbscl-sentinel-2-2021\dbscl-sentinel-2_2021-03\S2_2021-03-06_03-35-14\20210306T031609_20210306T032412_T48PWS_metadata.json,48PWS
S2B_MSIL2A_20210306T031609_N0214_R118_T48PVS_20210306T070653,,,,5.116865,2.7e-05,25.121152,29.0791317380752,42.160669,0.002183,dbscl-sentinel-2-2021\dbscl-sentinel-2_2021-03\S2_2021-03-06_03-35-17\20210306T031609_20210306T032412_T48PVS_metadata.json,48PVS
S2B_MSIL2A_20210306T031609_N0214_R118_T48PUS_20210306T070653,,,,7.651821,0.0,25.277558,29.8327824361599,60.238057,0.000406,dbscl-sentinel-2-2021\dbscl-sentinel-2_2021-03\S2_2021-03-06_03-35-21\20210306T031609_20210306T032412_T48PUS_metadata.json,48PUS
S2B_MSIL2A_20210306T031609_N0214_R118_T48PXR_20210306T070653,,,,15.677241,0.000215,25.065014,27.0447257651442,32.922781,0.0,dbscl-sentinel-2-2021\dbscl-sentinel-2_2021-03\S2_2021-03-06_03-35-25\20210306T031609_20210306T032412_T48PXR_metadata.json,48PXR
S2B_MSIL2A_20210306T031609_N0214_R118_T48PWR_20210306T070653,,,,17.080966,0.160696,29.621559,27.7956401472032,15.91661,0.003099,dbscl-sentinel-2-2021\dbscl-sentinel-2_2021-03\S2_2021-03-06_03-35-29\20210306T031609_20210306T032412_T48PWR_metadata.json,48PWR
S2B_MSIL2A_20210306T031609_N0214_R118_T48PVR_20210306T070653,,,,9.036052,0.0,6.239511,28.5538593002798,71.471041,0.0,dbscl-sentinel-2-2021\dbscl-sentinel-2_2021-03\S2_2021-03-06_03-35-32\20210306T031609_20210306T032412_T48PVR_metadata.json,48PVR
S2B_MSIL2A_20210306T031609_N0214_R118_T48PUR_20210306T070653,,,,5.685174,0.012969,0.045141,29.3181670600721,94.260865,0.0,dbscl-sentinel-2-2021\dbscl-sentinel-2_2021-03\S2_2021-03-06_03-35-35\20210306T031609_20210306T032412_T48PUR_metadata.json,48PUR
S2B_MSIL2A_20210306T031609_N0214_R118_T48PWQ_20210306T070653,,,,7.709311,5.061901,2.345075,27.276623176465,83.192754,0.001102,dbscl-sentinel-2-2021\dbscl-sentinel-2_2021-03\S2_2021-03-06_03-35-43\20210306T031609_20210306T032412_T48PWQ_metadata.json,48PWQ
S2B_MSIL2A_20210306T031609_N0214_R118_T48PVQ_20210306T070653,,,,17.036297,13.917641,3.322411,28.0458970643475,71.642756,0.0,dbscl-sentinel-2-2021\dbscl-sentinel-2_2021-03\S2_2021-03-06_03-35-46\20210306T031609_20210306T032412_T48PVQ_metadata.json,48PVQ
S2A_MSIL2A_20210308T030551_N0214_R075_T48PXT_20210308T065213,,,,6.094007,1.453677,52.999514,29.6464851540098,1.148779,0.0,dbscl-sentinel-2-2021\dbscl-sentinel-2_2021-03\S2_2021-03-08_03-25-02\20210308T030551_20210308T031955_T48PXT_metadata.json,48PXT
S2A_MSIL2A_20210308T030551_N0214_R075_T48PXS_20210308T065213,,,,21.282571,20.08228,26.121619,29.1339687833712,19.921941,0.083092,dbscl-sentinel-2-2021\dbscl-sentinel-2_2021-03\S2_2021-03-08_03-25-16\20210308T030551_20210308T031955_T48PXS_metadata.json,48PXS
S2B_MSIL2A_20210309T032549_N0214_R018_T48PUS_20210309T080211,,,,38.71105,15.984499,8.039956,26.9627307843281,45.157129,0.012321,dbscl-sentinel-2-2021\dbscl-sentinel-2_2021-03\S2_2021-03-09_03-45-16\20210309T032549_20210309T034215_T48PUS_metadata.json,48PUS
S2B_MSIL2A_20210309T032549_N0214_R018_T48PUR_20210309T080211,,,,31.740672,24.410301,0.120611,26.4367870777109,68.089598,0.0,dbscl-sentinel-2-2021\dbscl-sentinel-2_2021-03\S2_2021-03-09_03-45-30\20210309T032549_20210309T034215_T48PUR_metadata.json,48PUR
S2A_MSIL2A_20210311T031541_N0214_R118_T48PXT_20210311T074631,,,,2.578998,1.556372,63.037896,26.7702229399263,1.363635,0.0,dbscl-sentinel-2-2021\dbscl-sentinel-2_2021-03\S2_2021-03-11_03-34-56\20210311T031541_20210311T033023_T48PXT_metadata.json,48PXT
S2A_MSIL2A_20210311T031541_N0214_R118_T48PWT_20210311T074631,,,,3.88801,0.829549,33.169514,27.524424920534,1.747901,0.0,dbscl-sentinel-2-2021\dbscl-sentinel-2_2021-03\S2_2021-03-11_03-35-00\20210311T031541_20210311T033023_T48PWT_metadata.json,48PWT
S2A_MSIL2A_20210311T031541_N0214_R118_T48PXS_20210311T074631,,,,3.135485,0.000183,64.119065,26.2452195052013,2.606866,0.0,dbscl-sentinel-2-2021\dbscl-sentinel-2_2021-03\S2_2021-03-11_03-35-11\20210311T031541_20210311T033023_T48PXS_metadata.json,48PXS
S2A_MSIL2A_20210311T031541_N0214_R118_T48PWS_20210311T074631,,,,7.870501,2.626325,59.610915,27.0109166579382,3.316349,0.0,dbscl-sentinel-2-2021\dbscl-sentinel-2_2021-03\S2_2021-03-11_03-35-15\20210311T031541_20210311T033023_T48PWS_metadata.json,48PWS
S2A_MSIL2A_20210311T031541_N0214_R118_T48PXR_20210311T074631,,,,22.70048,3.627733,25.74493,25.7395935762356,24.063474,0.000743,dbscl-sentinel-2-2021\dbscl-sentinel-2_2021-03\S2_2021-03-11_03-35-26\20210311T031541_20210311T033023_T48PXR_metadata.json,48PXR
S2A_MSIL2A_20210311T031541_N0214_R118_T48PWR_20210311T074631,,,,29.282549,2.764609,29.473191,26.5167555689322,9.596548,0.003839,dbscl-sentinel-2-2021\dbscl-sentinel-2_2021-03\S2_2021-03-11_03-35-29\20210311T031541_20210311T033023_T48PWR_metadata.json,48PWR
S2A_MSIL2A_20210311T031541_N0214_R118_T48PUR_20210311T074631,,,,47.693941,29.39238,0.048562,28.0888905930814,52.252764,0.0,dbscl-sentinel-2-2021\dbscl-sentinel-2_2021-03\S2_2021-03-11_03-35-35\20210311T031541_20210311T033023_T48PUR_metadata.json,48PUR
S2A_MSIL2A_20210311T031541_N0214_R118_T48PWQ_20210311T074631,,,,45.32967,16.544573,0.399411,26.0424051139114,52.670199,0.009034,dbscl-sentinel-2-2021\dbscl-sentinel-2_2021-03\S2_2021-03-11_03-35-44\20210311T031541_20210311T033023_T48PWQ_metadata.json,48PWQ
S2A_MSIL2A_20210311T031541_N0214_R118_T48PVQ_20210311T074631,,,,46.566582,13.402836,1.044768,26.8367978377394,47.422034,0.010703,dbscl-sentinel-2-2021\dbscl-sentinel-2_2021-03\S2_2021-03-11_03-35-47\20210311T031541_20210311T033023_T48PVQ_metadata.json,48PVQ
S2B_MSIL2A_20210313T030539_N0214_R075_T48PXS_20210313T064339,,,,21.058559,9.718373,18.694322,27.8731455014362,20.754927,0.079265,dbscl-sentinel-2-2021\dbscl-sentinel-2_2021-03\S2_2021-03-13_03-25-15\20210313T030539_20210313T031920_T48PXS_metadata.json,48PXS
S2B_MSIL2A_20210313T030539_N0214_R075_T48PXR_20210313T064339,,,,31.148441,27.806485,4.841676,27.422355679685,53.816676,0.003643,dbscl-sentinel-2-2021\dbscl-sentinel-2_2021-03\S2_2021-03-13_03-25-30\20210313T030539_20210313T031920_T48PXR_metadata.json,48PXR
S2A_MSIL2A_20210314T032541_N0214_R018_T48PUS_20210314T071359,,,,23.862349,0.011656,7.859281,25.6439235380751,60.707104,0.040244,dbscl-sentinel-2-2021\dbscl-sentinel-2_2021-03\S2_2021-03-14_03-45-16\20210314T032541_20210314T033206_T48PUS_metadata.json,48PUS
S2A_MSIL2A_20210314T032541_N0214_R018_T48PUR_20210314T071359,,,,12.975767,7.6e-05,0.077842,25.1633147317981,86.905563,0.0,dbscl-sentinel-2-2021\dbscl-sentinel-2_2021-03\S2_2021-03-14_03-45-30\20210314T032541_20210314T033206_T48PUR_metadata.json,48PUR
S2B_MSIL2A_20210316T031539_N0214_R118_T48PXT_20210316T060417,,,,4.015759,0.037788,44.714573,25.4212715186809,1.254807,0.0,dbscl-sentinel-2-2021\dbscl-sentinel-2_2021-03\S2_2021-03-16_03-34-56\20210316T031539_20210316T032819_T48PXT_metadata.json,48PXT
S2B_MSIL2A_20210316T031539_N0214_R118_T48PWT_20210316T060417,,,,2.609925,3e-06,23.316978,26.2015129217113,1.624437,0.0,dbscl-sentinel-2-2021\dbscl-sentinel-2_2021-03\S2_2021-03-16_03-35-00\20210316T031539_20210316T032819_T48PWT_metadata.json,48PWT
S2B_MSIL2A_20210316T031539_N0214_R118_T48PVT_20210316T060417,,,,11.847057,2.1e-05,13.2596,26.9880075068094,1.095737,0.0,dbscl-sentinel-2-2021\dbscl-sentinel-2_2021-03\S2_2021-03-16_03-35-03\20210316T031539_20210316T032819_T48PVT_metadata.json,48PVT
S2B_MSIL2A_20210316T031539_N0214_R118_T48PXS_20210316T060417,,,,23.804222,0.0,27.400741,24.9415469928613,1.628358,7.3e-05,dbscl-sentinel-2-2021\dbscl-sentinel-2_2021-03\S2_2021-03-16_03-35-11\20210316T031539_20210316T032819_T48PXS_metadata.json,48PXS
S2B_MSIL2A_20210316T031539_N0214_R118_T48PWS_20210316T060417,,,,22.242846,1e-05,29.970199,25.733196624207,3.081523,0.0,dbscl-sentinel-2-2021\dbscl-sentinel-2_2021-03\S2_2021-03-16_03-35-14\20210316T031539_20210316T032819_T48PWS_metadata.json,48PWS
S2B_MSIL2A_20210316T031539_N0214_R118_T48PVS_20210316T060417,,,,33.103357,4.3e-05,6.689271,26.5305960238727,33.971897,0.00423,dbscl-sentinel-2-2021\dbscl-sentinel-2_2021-03\S2_2021-03-16_03-35-17\20210316T031539_20210316T032819_T48PVS_metadata.json,48PVS
S2B_MSIL2A_20210316T031539_N0214_R118_T48PUS_20210316T060417,,,,45.315541,9.6e-05,5.651513,27.332563304925,37.690192,0.012519,dbscl-sentinel-2-2021\dbscl-sentinel-2_2021-03\S2_2021-03-16_03-35-21\20210316T031539_20210316T032819_T48PUS_metadata.json,48PUS
S2B_MSIL2A_20210316T031539_N0214_R118_T48PXR_20210316T060417,,,,40.646741,0.123333,7.682616,24.4840045117188,27.930805,0.000145,dbscl-sentinel-2-2021\dbscl-sentinel-2_2021-03\S2_2021-03-16_03-35-25\20210316T031539_20210316T032819_T48PXR_metadata.json,48PXR
S2B_MSIL2A_20210316T031539_N0214_R118_T48PWR_20210316T060417,,,,35.303651,0.291688,15.515275,25.2868796207866,14.637968,0.00866,dbscl-sentinel-2-2021\dbscl-sentinel-2_2021-03\S2_2021-03-16_03-35-29\20210316T031539_20210316T032819_T48PWR_metadata.json,48PWR
S2B_MSIL2A_20210316T031539_N0214_R118_T48PVR_20210316T060417,,,,10.633143,0.000202,1.997598,26.0949774330335,75.058746,0.0,dbscl-sentinel-2-2021\dbscl-sentinel-2_2021-03\S2_2021-03-16_03-35-32\20210316T031539_20210316T032819_T48PVR_metadata.json,48PVR
S2B_MSIL2A_20210316T031539_N0214_R118_T48PUR_20210316T060417,,,,2.153036,0.0,0.033861,26.9071387108564,97.759491,0.0,dbscl-sentinel-2-2021\dbscl-sentinel-2_2021-03\S2_2021-03-16_03-35-35\20210316T031539_20210316T032819_T48PUR_metadata.json,48PUR
S2B_MSIL2A_20210316T031539_N0214_R118_T48PWQ_20210316T060417,,,,18.036347,6.72739,0.788285,24.8632575639243,77.080184,0.002744,dbscl-sentinel-2-2021\dbscl-sentinel-2_2021-03\S2_2021-03-16_03-35-43\20210316T031539_20210316T032819_T48PWQ_metadata.json,48PWQ
S2B_MSIL2A_20210316T031539_N0214_R118_T48PVQ_20210316T060417,,,,11.384485,0.146343,0.835422,25.6817581019262,82.205778,0.0,dbscl-sentinel-2-2021\dbscl-sentinel-2_2021-03\S2_2021-03-16_03-35-47\20210316T031539_20210316T032819_T48PVQ_metadata.json,48PVQ
S2A_MSIL2A_20210318T030541_N0214_R075_T48PXS_20210318T054807,,,,49.753156,0.5492,7.877343,26.6603014164525,18.509988,0.04103,dbscl-sentinel-2-2021\dbscl-sentinel-2_2021-03\S2_2021-03-18_03-25-15\20210318T030541_20210318T032018_T48PXS_metadata.json,48PXS
S2A_MSIL2A_20210318T030541_N0214_R075_T48PXR_20210318T054807,,,,24.356808,4.520143,2.564607,26.2590885981254,65.897924,0.001198,dbscl-sentinel-2-2021\dbscl-sentinel-2_2021-03\S2_2021-03-18_03-25-30\20210318T030541_20210318T032018_T48PXR_metadata.json,48PXR
S2A_MSIL2A_20210321T031541_N0214_R118_T48PXT_20210321T070013,,,,26.9727,0.620743,25.554994,24.1337161501539,1.020573,0.0,dbscl-sentinel-2-2021\dbscl-sentinel-2_2021-03\S2_2021-03-21_03-34-56\20210321T031541_20210321T032653_T48PXT_metadata.json,48PXT
S2A_MSIL2A_20210321T031541_N0214_R118_T48PWT_20210321T070013,,,,24.271154,0.860405,11.593674,24.939408528481,0.722526,0.0,dbscl-sentinel-2-2021\dbscl-sentinel-2_2021-03\S2_2021-03-21_03-34-59\20210321T031541_20210321T032653_T48PWT_metadata.json,48PWT
S2A_MSIL2A_20210321T031541_N0214_R118_T48PVT_20210321T070013,,,,45.198867,0.413813,3.574174,25.7502399040054,0.246886,0.0,dbscl-sentinel-2-2021\dbscl-sentinel-2_2021-03\S2_2021-03-21_03-35-03\20210321T031541_20210321T032653_T48PVT_metadata.json,48PVT
S2A_MSIL2A_20210321T031541_N0214_R118_T48PXS_20210321T070013,,,,25.271571,1.362711,26.628965,23.7055209913081,1.637886,0.000561,dbscl-sentinel-2-2021\dbscl-sentinel-2_2021-03\S2_2021-03-21_03-35-10\20210321T031541_20210321T032653_T48PXS_metadata.json,48PXS
S2A_MSIL2A_20210321T031541_N0214_R118_T48PWS_20210321T070013,,,,12.660267,1.184074,38.696879,24.5221979740895,3.261137,0.0,dbscl-sentinel-2-2021\dbscl-sentinel-2_2021-03\S2_2021-03-21_03-35-14\20210321T031541_20210321T032653_T48PWS_metadata.json,48PWS
S2A_MSIL2A_20210321T031541_N0214_R118_T48PVS_20210321T070013,,,,20.106184,1.298927,10.372089,25.3434465345363,39.483988,0.011085,dbscl-sentinel-2-2021\dbscl-sentinel-2_2021-03\S2_2021-03-21_03-35-17\20210321T031541_20210321T032653_T48PVS_metadata.json,48PVS
S2A_MSIL2A_20210321T031541_N0214_R118_T48PUS_20210321T070013,,,,12.4726,0.000132,15.635306,26.1681383739984,61.994106,0.004848,dbscl-sentinel-2-2021\dbscl-sentinel-2_2021-03\S2_2021-03-21_03-35-20\20210321T031541_20210321T032653_T48PUS_metadata.json,48PUS
S2A_MSIL2A_20210321T031541_N0214_R118_T48PXR_20210321T070013,,,,32.007887,4.48422,11.909438,23.3026950767892,29.31549,2.5e-05,dbscl-sentinel-2-2021\dbscl-sentinel-2_2021-03\S2_2021-03-21_03-35-25\20210321T031541_20210321T032653_T48PXR_metadata.json,48PXR
S2A_MSIL2A_20210321T031541_N0214_R118_T48PWR_20210321T070013,,,,16.687844,3.230903,24.622762,24.1299334986719,14.998785,0.004662,dbscl-sentinel-2-2021\dbscl-sentinel-2_2021-03\S2_2021-03-21_03-35-28\20210321T031541_20210321T032653_T48PWR_metadata.json,48PWR
S2A_MSIL2A_20210321T031541_N0214_R118_T48PVR_20210321T070013,,,,5.618571,2.600715,4.922462,24.9611748561643,74.266374,0.0,dbscl-sentinel-2-2021\dbscl-sentinel-2_2021-03\S2_2021-03-21_03-35-32\20210321T031541_20210321T032653_T48PVR_metadata.json,48PVR
S2A_MSIL2A_20210321T031541_N0214_R118_T48PUR_20210321T070013,,,,3.770967,2.406359,0.0505,25.795328717221,96.157694,0.0,dbscl-sentinel-2-2021\dbscl-sentinel-2_2021-03\S2_2021-03-21_03-35-34\20210321T031541_20210321T032653_T48PUR_metadata.json,48PUR
S2A_MSIL2A_20210321T031541_N0214_R118_T48PWQ_20210321T070013,,,,17.193692,12.903634,2.098381,23.7634302141244,73.916119,0.000554,dbscl-sentinel-2-2021\dbscl-sentinel-2_2021-03\S2_2021-03-21_03-35-43\20210321T031541_20210321T032653_T48PWQ_metadata.json,48PWQ
S2A_MSIL2A_20210321T031541_N0214_R118_T48PVQ_20210321T070013,,,,6.153022,4.934074,3.204117,24.6041885226027,82.215536,0.0,dbscl-sentinel-2-2021\dbscl-sentinel-2_2021-03\S2_2021-03-21_03-35-46\20210321T031541_20210321T032653_T48PVQ_metadata.json,48PVQ
S2B_MSIL2A_20210323T030539_N0214_R075_T48PXS_20210323T061031,,,,30.244999,27.066571,19.599752,25.5224031388557,21.120307,0.08941,dbscl-sentinel-2-2021\dbscl-sentinel-2_2021-03\S2_2021-03-23_03-25-15\20210323T030539_20210323T032358_T48PXS_metadata.json,48PXS
S2A_MSIL2A_20210324T032541_N0214_R018_T48PUR_20210324T070844,,,,39.962772,9.745283,0.16933,22.838526759272,59.844589,0.0,dbscl-sentinel-2-2021\dbscl-sentinel-2_2021-03\S2_2021-03-24_03-45-29\20210324T032541_20210324T033606_T48PUR_metadata.json,48PUR
S2B_MSIL2A_20210326T031539_N0214_R118_T48PXT_20210326T065112,,,,4.030197,2.715801,59.650785,22.9340481501817,0.964105,0.0,dbscl-sentinel-2-2021\dbscl-sentinel-2_2021-03\S2_2021-03-26_03-34-56\20210326T031539_20210326T032852_T48PXT_metadata.json,48PXT
S2A_MSIL2A_20210328T030541_N0214_R075_T48PXS_20210328T064808,,,,15.422449,0.023146,21.680395,24.4892975852853,24.294941,0.05835,dbscl-sentinel-2-2021\dbscl-sentinel-2_2021-03\S2_2021-03-28_03-25-14\20210328T030541_20210328T032017_T48PXS_metadata.json,48PXS
S2A_MSIL2A_20210328T030541_N0214_R075_T48PXR_20210328T064808,,,,5.14739,0.000111,4.119908,24.2042528348307,80.393064,0.000183,dbscl-sentinel-2-2021\dbscl-sentinel-2_2021-03\S2_2021-03-28_03-25-29\20210328T030541_20210328T032017_T48PXR_metadata.json,48PXR
S2B_MSIL2A_20210329T032539_N0214_R018_T48PUS_20210329T075702,,,,28.423882,7.683873,8.207169,22.1443428495465,55.973101,0.259036,dbscl-sentinel-2-2021\dbscl-sentinel-2_2021-03\S2_2021-03-29_03-45-15\20210329T032539_20210329T034439_T48PUS_metadata.json,48PUS
S2B_MSIL2A_20210329T032539_N0214_R018_T48PUR_20210329T075702,,,,33.06724,10.438194,0.086481,21.8393846539475,66.818905,0.0,dbscl-sentinel-2-2021\dbscl-sentinel-2_2021-03\S2_2021-03-29_03-45-29\20210329T032539_20210329T034439_T48PUR_metadata.json,48PUR
S2A_MSIL2A_20210331T031541_N0300_R118_T48PXT_20210331T081518,,,,16.001604,3.743029,44.736472,21.8577833888798,0.592155,0.0,dbscl-sentinel-2-2021\dbscl-sentinel-2_2021-03\S2_2021-03-31_03-34-54\20210331T031541_20210331T032710_T48PXT_metadata.json,48PXT
S2A_MSIL2A_20210331T031541_N0300_R118_T48PWT_20210331T081518,,,,1.458904,1.034808,26.193172,22.7089357964008,1.360483,0.0,dbscl-sentinel-2-2021\dbscl-sentinel-2_2021-03\S2_2021-03-31_03-34-58\20210331T031541_20210331T032710_T48PWT_metadata.json,48PWT
S2A_MSIL2A_20210331T031541_N0300_R118_T48PVT_20210331T081518,,,,0.992689,0.514775,22.62594,23.5627477845382,0.902944,0.0,dbscl-sentinel-2-2021\dbscl-sentinel-2_2021-03\S2_2021-03-31_03-35-01\20210331T031541_20210331T032710_T48PVT_metadata.json,48PVT
S2A_MSIL2A_20210331T031541_N0300_R118_T48PXS_20210331T081518,,,,14.951809,0.87454,45.684043,21.5534350135315,1.912668,0.0,dbscl-sentinel-2-2021\dbscl-sentinel-2_2021-03\S2_2021-03-31_03-35-09\20210331T031541_20210331T032710_T48PXS_metadata.json,48PXS
S2A_MSIL2A_20210331T031541_N0300_R118_T48PWS_20210331T081518,,,,3.869404,2.417723,48.238203,22.4131616364599,3.100004,0.0,dbscl-sentinel-2-2021\dbscl-sentinel-2_2021-03\S2_2021-03-31_03-35-12\20210331T031541_20210331T032710_T48PWS_metadata.json,48PWS
S2A_MSIL2A_20210331T031541_N0300_R118_T48PVS_20210331T081518,,,,7.864547,7.646094,19.602169,23.2749809057272,37.470233,0.002233,dbscl-sentinel-2-2021\dbscl-sentinel-2_2021-03\S2_2021-03-31_03-35-15\20210331T031541_20210331T032710_T48PVS_metadata.json,48PVS
S2A_MSIL2A_20210331T031541_N0300_R118_T48PUS_20210331T081518,,,,10.584384,8.90462,29.197389,24.1379428735395,53.693682,0.000698,dbscl-sentinel-2-2021\dbscl-sentinel-2_2021-03\S2_2021-03-31_03-35-19\20210331T031541_20210331T032710_T48PUS_metadata.json,48PUS
S2A_MSIL2A_20210331T031541_N0300_R118_T48PWR_20210331T081518,,,,30.723421,20.475489,28.302372,22.1484776882528,6.541225,8e-05,dbscl-sentinel-2-2021\dbscl-sentinel-2_2021-03\S2_2021-03-31_03-35-27\20210331T031541_20210331T032710_T48PWR_metadata.json,48PWR
S2B_MSIL2A_20210402T030539_N0300_R075_T48PXR_20210402T065203,,,,34.485837,24.759039,1.211314,23.3592521292175,55.598748,0.0,dbscl-sentinel-2-2021\dbscl-sentinel-2_2021-04\S2_2021-04-02_03-25-29\20210402T030539_20210402T032027_T48PXR_metadata.json,48PXR
S2B_MSIL2A_20210405T031539_N0300_R118_T48PUS_20210405T065950,,,,37.237432,7.834928,17.978984,23.3173138731926,37.2861,0.000209,dbscl-sentinel-2-2021\dbscl-sentinel-2_2021-04\S2_2021-04-05_03-35-19\20210405T031539_20210405T032424_T48PUS_metadata.json,48PUS
S2B_MSIL2A_20210405T031539_N0300_R118_T48PVR_20210405T065950,,,,48.737694,11.492981,0.872519,22.2539500921527,45.928276,0.0,dbscl-sentinel-2-2021\dbscl-sentinel-2_2021-04\S2_2021-04-05_03-35-30\20210405T031539_20210405T032424_T48PVR_metadata.json,48PVR
S2B_MSIL2A_20210405T031539_N0300_R118_T48PUR_20210405T065950,,,,44.252299,10.961266,0.009403,23.1348922542791,55.706877,0.0,dbscl-sentinel-2-2021\dbscl-sentinel-2_2021-04\S2_2021-04-05_03-35-33\20210405T031539_20210405T032424_T48PUR_metadata.json,48PUR
S2A_MSIL2A_20210407T030541_N0300_R075_T48PXS_20210407T064128,,,,2.261855,1.410883,29.830354,22.8264440912467,26.756755,0.0,dbscl-sentinel-2-2021\dbscl-sentinel-2_2021-04\S2_2021-04-07_03-25-12\20210407T030541_20210407T031942_T48PXS_metadata.json,48PXS
S2A_MSIL2A_20210407T030541_N0300_R075_T48PXR_20210407T064128,,,,13.279055,12.751769,4.234963,22.6783983107938,70.771307,0.003254,dbscl-sentinel-2-2021\dbscl-sentinel-2_2021-04\S2_2021-04-07_03-25-27\20210407T030541_20210407T031942_T48PXR_metadata.json,48PXR
S2A_MSIL2A_20210410T031531_N0300_R118_T48PWS_20210410T065920,,,,47.011596,16.80668,19.294664,20.8975267539105,1.490559,0.0,dbscl-sentinel-2-2021\dbscl-sentinel-2_2021-04\S2_2021-04-10_03-35-10\20210410T031531_20210410T033018_T48PWS_metadata.json,48PWS
S2A_MSIL2A_20210410T031531_N0300_R118_T48PVS_20210410T065920,,,,43.149428,8.355417,1.661853,21.7828279810226,33.866441,0.091828,dbscl-sentinel-2-2021\dbscl-sentinel-2_2021-04\S2_2021-04-10_03-35-13\20210410T031531_20210410T033018_T48PVS_metadata.json,48PVS
S2A_MSIL2A_20210410T031531_N0300_R118_T48PUS_20210410T065920,,,,28.422102,8.540751,7.735606,22.6676746671496,53.505093,0.023212,dbscl-sentinel-2-2021\dbscl-sentinel-2_2021-04\S2_2021-04-10_03-35-17\20210410T031531_20210410T033018_T48PUS_metadata.json,48PUS
S2A_MSIL2A_20210410T031531_N0300_R118_T48PXR_20210410T065920,,,,39.504609,9.110688,14.910069,19.8961255370496,21.07776,0.0,dbscl-sentinel-2-2021\dbscl-sentinel-2_2021-04\S2_2021-04-10_03-35-21\20210410T031531_20210410T033018_T48PXR_metadata.json,48PXR
S2A_MSIL2A_20210410T031531_N0300_R118_T48PWR_20210410T065920,,,,17.693282,3.9458,21.52252,20.7833263828557,12.070786,0.002395,dbscl-sentinel-2-2021\dbscl-sentinel-2_2021-04\S2_2021-04-10_03-35-25\20210410T031531_20210410T033018_T48PWR_metadata.json,48PWR
S2A_MSIL2A_20210410T031531_N0300_R118_T48PVR_20210410T065920,,,,15.529036,12.91292,5.642772,21.6706898416585,62.924939,0.0,dbscl-sentinel-2-2021\dbscl-sentinel-2_2021-04\S2_2021-04-10_03-35-28\20210410T031531_20210410T033018_T48PVR_metadata.json,48PVR
S2A_MSIL2A_20210410T031531_N0300_R118_T48PUR_20210410T065920,,,,15.068638,15.051341,0.049519,22.5574499904247,84.87668,0.0,dbscl-sentinel-2-2021\dbscl-sentinel-2_2021-04\S2_2021-04-10_03-35-31\20210410T031531_20210410T033018_T48PUR_metadata.json,48PUR
S2A_MSIL2A_20210410T031531_N0300_R118_T48PWQ_20210410T065920,,,,16.212624,4.945614,1.128901,20.7060252064178,77.052283,0.006138,dbscl-sentinel-2-2021\dbscl-sentinel-2_2021-04\S2_2021-04-10_03-35-39\20210410T031531_20210410T033018_T48PWQ_metadata.json,48PWQ
S2A_MSIL2A_20210410T031531_N0300_R118_T48PVQ_20210410T065920,,,,27.135341,8.806855,1.388074,21.5940150514619,64.694053,0.00426,dbscl-sentinel-2-2021\dbscl-sentinel-2_2021-04\S2_2021-04-10_03-35-43\20210410T031531_20210410T033018_T48PVQ_metadata.json,48PVQ
S2B_MSIL2A_20210412T030539_N0300_R075_T48PXS_20210412T064437,,,,23.323493,2.807487,19.651297,22.2307823973282,21.419077,0.0,dbscl-sentinel-2-2021\dbscl-sentinel-2_2021-04\S2_2021-04-12_03-25-13\20210412T030539_20210412T032004_T48PXS_metadata.json,48PXS
S2B_MSIL2A_20210412T030539_N0300_R075_T48PXR_20210412T064437,,,,25.133818,9.18723,1.986621,22.1565303887026,62.463808,0.001418,dbscl-sentinel-2-2021\dbscl-sentinel-2_2021-04\S2_2021-04-12_03-25-27\20210412T030539_20210412T032004_T48PXR_metadata.json,48PXR
S2A_MSIL2A_20210413T032531_N0300_R018_T48PUS_20210413T070800,,,,27.554138,4.207259,11.201871,19.9102340444191,54.998231,0.052176,dbscl-sentinel-2-2021\dbscl-sentinel-2_2021-04\S2_2021-04-13_03-45-11\20210413T032531_20210413T033248_T48PUS_metadata.json,48PUS
S2A_MSIL2A_20210413T032531_N0300_R018_T48PUR_20210413T070800,,,,11.296259,4.035009,0.077768,19.8372420445489,88.590008,0.0,dbscl-sentinel-2-2021\dbscl-sentinel-2_2021-04\S2_2021-04-13_03-45-25\20210413T032531_20210413T033248_T48PUR_metadata.json,48PUR
S2B_MSIL2A_20210415T031539_N0300_R118_T48PWQ_20210415T063037,,,,26.186724,15.181379,0.498021,20.371716685233,69.794911,0.192023,dbscl-sentinel-2-2021\dbscl-sentinel-2_2021-04\S2_2021-04-15_03-35-40\20210415T031539_20210415T033041_T48PWQ_metadata.json,48PWQ
S2B_MSIL2A_20210415T031539_N0300_R118_T48PVQ_20210415T063037,,,,30.969695,21.013302,1.204492,21.2560686247812,61.143976,0.270059,dbscl-sentinel-2-2021\dbscl-sentinel-2_2021-04\S2_2021-04-15_03-35-43\20210415T031539_20210415T033041_T48PVQ_metadata.json,48PVQ
S2A_MSIL2A_20210420T031531_N0300_R118_T48PXT_20210420T064803,,,,45.621128,9.42387,28.212541,19.206285641826,0.396301,0.0,dbscl-sentinel-2-2021\dbscl-sentinel-2_2021-04\S2_2021-04-20_03-34-52\20210420T031531_20210420T032736_T48PXT_metadata.json,48PXT
S2A_MSIL2A_20210420T031531_N0300_R118_T48PWT_20210420T064803,,,,33.10104,4.239854,18.735705,20.092970667839,1.043079,0.0,dbscl-sentinel-2-2021\dbscl-sentinel-2_2021-04\S2_2021-04-20_03-34-56\20210420T031531_20210420T032736_T48PWT_metadata.json,48PWT
S2A_MSIL2A_20210420T031531_N0300_R118_T48PVT_20210420T064803,,,,20.694458,1.953352,24.451892,20.9798714085604,0.791246,0.0,dbscl-sentinel-2-2021\dbscl-sentinel-2_2021-04\S2_2021-04-20_03-34-59\20210420T031531_20210420T032736_T48PVT_metadata.json,48PVT
S2A_MSIL2A_20210420T031531_N0300_R118_T48PWS_20210420T064803,,,,46.223111,2.592709,25.22569,20.1002276294688,1.750622,0.0,dbscl-sentinel-2-2021\dbscl-sentinel-2_2021-04\S2_2021-04-20_03-35-10\20210420T031531_20210420T032736_T48PWS_metadata.json,48PWS
S2A_MSIL2A_20210420T031531_N0300_R118_T48PWR_20210420T064803,,,,43.257101,11.704449,12.981851,20.1460871230892,9.361792,2.356423,dbscl-sentinel-2-2021\dbscl-sentinel-2_2021-04\S2_2021-04-20_03-35-25\20210420T031531_20210420T032736_T48PWR_metadata.json,48PWR
S2A_MSIL2A_20210420T031531_N0300_R118_T48PWQ_20210420T064803,,,,37.304341,29.58878,1.03849,20.2304745702395,56.225604,0.054267,dbscl-sentinel-2-2021\dbscl-sentinel-2_2021-04\S2_2021-04-20_03-35-39\20210420T031531_20210420T032736_T48PWQ_metadata.json,48PWQ
S2A_MSIL2A_20210420T031531_N0300_R118_T48PVQ_20210420T064803,,,,28.028039,21.355383,2.433721,21.1045133777,61.641186,0.004827,dbscl-sentinel-2-2021\dbscl-sentinel-2_2021-04\S2_2021-04-20_03-35-42\20210420T031531_20210420T032736_T48PVQ_metadata.json,48PVQ
S2B_MSIL2A_20210425T031539_N0300_R118_T48PXT_20210425T064056,,,,39.702465,0.814421,33.23428,19.015826941188,0.23643,0.0,dbscl-sentinel-2-2021\dbscl-sentinel-2_2021-04\S2_2021-04-25_03-34-51\20210425T031539_20210425T033040_T48PXT_metadata.json,48PXT
S2B_MSIL2A_20210425T031539_N0300_R118_T48PVT_20210425T064056,,,,36.823483,1.342414,19.24413,20.7748558484236,0.460775,0.0,dbscl-sentinel-2-2021\dbscl-sentinel-2_2021-04\S2_2021-04-25_03-34-58\20210425T031539_20210425T033040_T48PVT_metadata.json,48PVT
S2B_MSIL2A_20210425T031539_N0300_R118_T48PXS_20210425T064056,,,,34.394841,0.862709,34.810716,19.1069056549981,0.991556,0.111246,dbscl-sentinel-2-2021\dbscl-sentinel-2_2021-04\S2_2021-04-25_03-35-06\20210425T031539_20210425T033040_T48PXS_metadata.json,48PXS
S2B_MSIL2A_20210425T031539_N0300_R118_T48PWS_20210425T064056,,,,40.632604,1.025551,30.061674,19.9796075448523,1.856159,0.0,dbscl-sentinel-2-2021\dbscl-sentinel-2_2021-04\S2_2021-04-25_03-35-10\20210425T031539_20210425T033040_T48PWS_metadata.json,48PWS
S2B_MSIL2A_20210425T031539_N0300_R118_T48PXR_20210425T064056,,,,39.27517,5.776877,12.817292,19.2379971383018,26.024744,0.112675,dbscl-sentinel-2-2021\dbscl-sentinel-2_2021-04\S2_2021-04-25_03-35-21\20210425T031539_20210425T033040_T48PXR_metadata.json,48PXR
S2B_MSIL2A_20210425T031539_N0300_R118_T48PWR_20210425T064056,,,,32.28376,3.359061,15.259314,20.1027126671191,11.861453,0.912768,dbscl-sentinel-2-2021\dbscl-sentinel-2_2021-04\S2_2021-04-25_03-35-24\20210425T031539_20210425T033040_T48PWR_metadata.json,48PWR
S2B_MSIL2A_20210425T031539_N0300_R118_T48PVR_20210425T064056,,,,42.325239,17.570798,4.155809,20.9694039474695,39.627662,0.0,dbscl-sentinel-2-2021\dbscl-sentinel-2_2021-04\S2_2021-04-25_03-35-27\20210425T031539_20210425T033040_T48PVR_metadata.json,48PVR
S2B_MSIL2A_20210425T031539_N0300_R118_T48PWQ_20210425T064056,,,,19.561856,10.648333,1.224744,20.2636409167227,73.733425,0.882346,dbscl-sentinel-2-2021\dbscl-sentinel-2_2021-04\S2_2021-04-25_03-35-39\20210425T031539_20210425T033040_T48PWQ_metadata.json,48PWQ
S2B_MSIL2A_20210425T031539_N0300_R118_T48PVQ_20210425T064056,,,,17.770684,7.579633,2.801477,21.1215953140407,71.199071,0.009436,dbscl-sentinel-2-2021\dbscl-sentinel-2_2021-04\S2_2021-04-25_03-35-42\20210425T031539_20210425T033040_T48PVQ_metadata.json,48PVQ
S2A_MSIL2A_20210430T031541_N0300_R118_T48PXT_20210430T070056,,,,21.770232,0.324571,41.616011,18.9922394794019,0.429255,0.0,dbscl-sentinel-2-2021\dbscl-sentinel-2_2021-04\S2_2021-04-30_03-34-54\20210430T031541_20210430T032753_T48PXT_metadata.json,48PXT
S2A_MSIL2A_20210430T031541_N0300_R118_T48PWT_20210430T070056,,,,44.242145,0.267733,12.93513,19.8578504908649,0.813431,0.0,dbscl-sentinel-2-2021\dbscl-sentinel-2_2021-04\S2_2021-04-30_03-34-58\20210430T031541_20210430T032753_T48PWT_metadata.json,48PWT
S2A_MSIL2A_20210430T031541_N0300_R118_T48PXS_20210430T070056,,,,32.713069,0.196423,29.758677,19.159534508654,0.931547,0.209953,dbscl-sentinel-2-2021\dbscl-sentinel-2_2021-04\S2_2021-04-30_03-35-09\20210430T031541_20210430T032753_T48PXS_metadata.json,48PXS
S2A_MSIL2A_20210430T031541_N0300_R118_T48PWS_20210430T070056,,,,28.617355,1.001029,31.965682,20.015688654568,2.173775,0.0,dbscl-sentinel-2-2021\dbscl-sentinel-2_2021-04\S2_2021-04-30_03-35-12\20210430T031541_20210430T032753_T48PWS_metadata.json,48PWS
S2A_MSIL2A_20210430T031541_N0300_R118_T48PVS_20210430T070056,,,,31.877512,5.857598,7.313848,20.8745120508648,33.597285,0.223354,dbscl-sentinel-2-2021\dbscl-sentinel-2_2021-04\S2_2021-04-30_03-35-16\20210430T031541_20210430T032753_T48PVS_metadata.json,48PVS
S2A_MSIL2A_20210430T031541_N0300_R118_T48PUS_20210430T070056,,,,42.658055,15.60685,8.412853,21.734964578811,40.018463,0.268801,dbscl-sentinel-2-2021\dbscl-sentinel-2_2021-04\S2_2021-04-30_03-35-19\20210430T031541_20210430T032753_T48PUS_metadata.json,48PUS
S2A_MSIL2A_20210430T031541_N0300_R118_T48PXR_20210430T070056,,,,32.920845,4.87474,13.807487,19.3655000642429,25.456819,0.001788,dbscl-sentinel-2-2021\dbscl-sentinel-2_2021-04\S2_2021-04-30_03-35-24\20210430T031541_20210430T032753_T48PXR_metadata.json,48PXR
S2A_MSIL2A_20210430T031541_N0300_R118_T48PWR_20210430T070056,,,,30.787247,2.354727,14.852919,20.2107913728025,11.608822,0.119485,dbscl-sentinel-2-2021\dbscl-sentinel-2_2021-04\S2_2021-04-30_03-35-27\20210430T031541_20210430T032753_T48PWR_metadata.json,48PWR
S2A_MSIL2A_20210430T031541_N0300_R118_T48PVR_20210430T070056,,,,26.609151,12.620319,2.806872,21.0595744584696,59.792608,0.0,dbscl-sentinel-2-2021\dbscl-sentinel-2_2021-04\S2_2021-04-30_03-35-30\20210430T031541_20210430T032753_T48PVR_metadata.json,48PVR
S2A_MSIL2A_20210430T031541_N0300_R118_T48PWQ_20210430T070056,,,,27.024937,13.580005,1.174226,20.4424247407067,66.934991,0.042511,dbscl-sentinel-2-2021\dbscl-sentinel-2_2021-04\S2_2021-04-30_03-35-41\20210430T031541_20210430T032753_T48PWQ_metadata.json,48PWQ
S2A_MSIL2A_20210430T031541_N0300_R118_T48PVQ_20210430T070056,,,,35.475115,12.215849,1.253845,21.2799886430246,57.73353,0.148506,dbscl-sentinel-2-2021\dbscl-sentinel-2_2021-04\S2_2021-04-30_03-35-45\20210430T031541_20210430T032753_T48PVQ_metadata.json,48PVQ
S2B_MSIL2A_20210502T030539_N0300_R075_T48PXS_20210502T063043,,,,12.198543,0.0,28.054518,21.579587418994,25.835857,0.001886,dbscl-sentinel-2-2021\dbscl-sentinel-2_2021-05\S2_2021-05-02_03-25-12\20210502T030539_20210502T032025_T48PXS_metadata.json,48PXS
S2B_MSIL2A_20210502T030539_N0300_R075_T48PXR_20210502T063043,,,,6.515089,0.69441,3.509445,21.7891230313439,80.289423,0.000327,dbscl-sentinel-2-2021\dbscl-sentinel-2_2021-05\S2_2021-05-02_03-25-27\20210502T030539_20210502T032025_T48PXR_metadata.json,48PXR
S2A_MSIL2A_20210503T032541_N0300_R018_T48PUR_20210503T071201,,,,30.41457,28.32436,0.169297,19.7146891512401,69.401085,0.0,dbscl-sentinel-2-2021\dbscl-sentinel-2_2021-05\S2_2021-05-03_03-45-29\20210503T032541_20210503T033255_T48PUR_metadata.json,48PUR
S2B_MSIL2A_20210505T031539_N0300_R118_T48PXT_20210505T065905,,,,7.340642,4.564777,63.030308,19.1416543158078,0.669031,0.0,dbscl-sentinel-2-2021\dbscl-sentinel-2_2021-05\S2_2021-05-05_03-34-54\20210505T031539_20210505T032618_T48PXT_metadata.json,48PXT
S2B_MSIL2A_20210505T031539_N0300_R118_T48PWT_20210505T065905,,,,12.655191,6.30199,33.514082,19.9894040983613,1.061032,0.0,dbscl-sentinel-2-2021\dbscl-sentinel-2_2021-05\S2_2021-05-05_03-34-58\20210505T031539_20210505T032618_T48PWT_metadata.json,48PWT
S2B_MSIL2A_20210505T031539_N0300_R118_T48PVT_20210505T065905,,,,37.756036,19.27163,16.236967,20.8404939388264,0.295631,0.0,dbscl-sentinel-2-2021\dbscl-sentinel-2_2021-05\S2_2021-05-05_03-35-01\20210505T031539_20210505T032618_T48PVT_metadata.json,48PVT
S2B_MSIL2A_20210505T031539_N0300_R118_T48PXS_20210505T065905,,,,14.257087,0.762568,50.827008,19.3780241680286,1.036073,0.001446,dbscl-sentinel-2-2021\dbscl-sentinel-2_2021-05\S2_2021-05-05_03-35-08\20210505T031539_20210505T032618_T48PXS_metadata.json,48PXS
S2B_MSIL2A_20210505T031539_N0300_R118_T48PWS_20210505T065905,,,,22.474154,4.255364,46.634254,20.213789900551,1.855571,0.0,dbscl-sentinel-2-2021\dbscl-sentinel-2_2021-05\S2_2021-05-05_03-35-12\20210505T031539_20210505T032618_T48PWS_metadata.json,48PWS
S2B_MSIL2A_20210505T031539_N0300_R118_T48PVS_20210505T065905,,,,45.788461,21.534155,11.650618,21.0537769106002,15.392284,0.00064,dbscl-sentinel-2-2021\dbscl-sentinel-2_2021-05\S2_2021-05-05_03-35-15\20210505T031539_20210505T032618_T48PVS_metadata.json,48PVS
S2B_MSIL2A_20210505T031539_N0300_R118_T48PXR_20210505T065905,,,,33.144011,2.247993,14.437078,19.6510628835962,24.955001,0.0,dbscl-sentinel-2-2021\dbscl-sentinel-2_2021-05\S2_2021-05-05_03-35-23\20210505T031539_20210505T032618_T48PXR_metadata.json,48PXR
S2B_MSIL2A_20210505T031539_N0300_R118_T48PVR_20210505T065905,,,,36.54883,28.321561,2.775419,21.3015510746459,50.315648,0.0,dbscl-sentinel-2-2021\dbscl-sentinel-2_2021-05\S2_2021-05-05_03-35-30\20210505T031539_20210505T032618_T48PVR_metadata.json,48PVR
S2A_MSIL2A_20210510T031541_N0300_R118_T48PXT_20210510T065217,,,,37.418326,0.042314,28.544533,19.4136900415268,0.577327,0.0,dbscl-sentinel-2-2021\dbscl-sentinel-2_2021-05\S2_2021-05-10_03-34-56\20210510T031541_20210510T033022_T48PXT_metadata.json,48PXT
S2A_MSIL2A_20210510T031541_N0300_R118_T48PWT_20210510T065217,,,,48.644377,0.78508,14.827964,20.2410584784893,0.614308,0.0,dbscl-sentinel-2-2021\dbscl-sentinel-2_2021-05\S2_2021-05-10_03-35-00\20210510T031541_20210510T033022_T48PWT_metadata.json,48PWT
S2A_MSIL2A_20210510T031541_N0300_R118_T48PXS_20210510T065217,,,,36.580599,0.14651,31.916317,19.710656756946,1.74675,0.081535,dbscl-sentinel-2-2021\dbscl-sentinel-2_2021-05\S2_2021-05-10_03-35-11\20210510T031541_20210510T033022_T48PXS_metadata.json,48PXS
S2A_MSIL2A_20210510T031541_N0300_R118_T48PWS_20210510T065217,,,,32.110902,0.282474,36.423126,20.5241474713845,2.128587,0.0,dbscl-sentinel-2-2021\dbscl-sentinel-2_2021-05\S2_2021-05-10_03-35-14\20210510T031541_20210510T033022_T48PWS_metadata.json,48PWS
S2A_MSIL2A_20210510T031541_N0300_R118_T48PVS_20210510T065217,,,,48.91999,9.258201,8.354671,21.343457047205,24.015345,0.009476,dbscl-sentinel-2-2021\dbscl-sentinel-2_2021-05\S2_2021-05-10_03-35-17\20210510T031541_20210510T033022_T48PVS_metadata.json,48PVS
S2A_MSIL2A_20210510T031541_N0300_R118_T48PXR_20210510T065217,,,,29.073436,0.001748,11.756616,20.0419983321573,32.369938,0.046934,dbscl-sentinel-2-2021\dbscl-sentinel-2_2021-05\S2_2021-05-10_03-35-25\20210510T031541_20210510T033022_T48PXR_metadata.json,48PXR
S2A_MSIL2A_20210510T031541_N0300_R118_T48PWR_20210510T065217,,,,27.662961,0.482971,14.941138,20.8407698075061,15.19684,0.205371,dbscl-sentinel-2-2021\dbscl-sentinel-2_2021-05\S2_2021-05-10_03-35-29\20210510T031541_20210510T033022_T48PWR_metadata.json,48PWR
S2A_MSIL2A_20210510T031541_N0300_R118_T48PVR_20210510T065217,,,,22.218907,9.488452,3.311127,21.646313649714,62.831461,0.0,dbscl-sentinel-2-2021\dbscl-sentinel-2_2021-05\S2_2021-05-10_03-35-32\20210510T031541_20210510T033022_T48PVR_metadata.json,48PVR
S2A_MSIL2A_20210510T031541_N0300_R118_T48PUR_20210510T065217,,,,26.037346,12.925485,0.043907,22.4572170604862,73.902613,0.0,dbscl-sentinel-2-2021\dbscl-sentinel-2_2021-05\S2_2021-05-10_03-35-35\20210510T031541_20210510T033022_T48PUR_metadata.json,48PUR
S2A_MSIL2A_20210510T031541_N0300_R118_T48PWQ_20210510T065217,,,,5.656222,0.000687,2.04705,21.1897545839314,86.430687,0.002269,dbscl-sentinel-2-2021\dbscl-sentinel-2_2021-05\S2_2021-05-10_03-35-43\20210510T031541_20210510T033022_T48PWQ_metadata.json,48PWQ
S2A_MSIL2A_20210510T031541_N0300_R118_T48PVQ_20210510T065217,,,,7.880067,0.038245,2.548402,21.9808102403373,82.617003,0.00132,dbscl-sentinel-2-2021\dbscl-sentinel-2_2021-05\S2_2021-05-10_03-35-47\20210510T031541_20210510T033022_T48PVQ_metadata.json,48PVQ
S2B_MSIL2A_20210512T030539_N0300_R075_T48PXS_20210512T075734,,,,34.575044,4.113725,15.609105,22.108361809093,21.788758,0.045112,dbscl-sentinel-2-2021\dbscl-sentinel-2_2021-05\S2_2021-05-12_03-25-15\20210512T030539_20210512T031919_T48PXS_metadata.json,48PXS
S2B_MSIL2A_20210512T030539_N0300_R075_T48PXR_20210512T075734,,,,23.477568,15.908273,3.409138,22.42669808478,64.688647,0.004186,dbscl-sentinel-2-2021\dbscl-sentinel-2_2021-05\S2_2021-05-12_03-25-29\20210512T030539_20210512T031919_T48PXR_metadata.json,48PXR
S2B_MSIL2A_20210515T031539_N0300_R118_T48PWQ_20210515T060103,,,,40.639128,19.699274,1.199336,21.6919103780778,54.925609,0.708312,dbscl-sentinel-2-2021\dbscl-sentinel-2_2021-05\S2_2021-05-15_03-35-43\20210515T031539_20210515T033044_T48PWQ_metadata.json,48PWQ
S2A_MSIL2A_20210517T030541_N0300_R075_T48PXS_20210517T063453,,,,49.066283,7.741176,11.59575,22.5023000742809,14.711554,0.50713,dbscl-sentinel-2-2021\dbscl-sentinel-2_2021-05\S2_2021-05-17_03-25-16\20210517T030541_20210517T032019_T48PXS_metadata.json,48PXS
S2A_MSIL2A_20210517T030541_N0300_R075_T48PXR_20210517T063453,,,,26.239942,17.932791,2.354664,22.8633636180766,65.246779,0.001133,dbscl-sentinel-2-2021\dbscl-sentinel-2_2021-05\S2_2021-05-17_03-25-31\20210517T030541_20210517T032019_T48PXR_metadata.json,48PXR
S2A_MSIL2A_20210520T031541_N0300_R118_T48PXT_20210520T064315,,,,26.96748,19.523047,51.54314,20.2324418698335,0.509588,0.0,dbscl-sentinel-2-2021\dbscl-sentinel-2_2021-05\S2_2021-05-20_03-34-57\20210520T031541_20210520T033024_T48PXT_metadata.json,48PXT
S2A_MSIL2A_20210520T031541_N0300_R118_T48PWT_20210520T064315,,,,22.085572,13.939182,45.785517,21.0187224646017,1.285238,0.0,dbscl-sentinel-2-2021\dbscl-sentinel-2_2021-05\S2_2021-05-20_03-35-01\20210520T031541_20210520T033024_T48PWT_metadata.json,48PWT
S2A_MSIL2A_20210520T031541_N0300_R118_T48PVT_20210520T064315,,,,31.463373,13.28252,32.229543,21.8126004696648,0.710664,0.0,dbscl-sentinel-2-2021\dbscl-sentinel-2_2021-05\S2_2021-05-20_03-35-04\20210520T031541_20210520T033024_T48PVT_metadata.json,48PVT
S2A_MSIL2A_20210520T031541_N0300_R118_T48PXS_20210520T064315,,,,5.541514,1.040828,62.469399,20.6228787918204,3.917571,5e-05,dbscl-sentinel-2-2021\dbscl-sentinel-2_2021-05\S2_2021-05-20_03-35-12\20210520T031541_20210520T033024_T48PXS_metadata.json,48PXS
S2A_MSIL2A_20210520T031541_N0300_R118_T48PWS_20210520T064315,,,,13.021332,3.248399,59.475178,21.3932165076849,3.225326,0.0,dbscl-sentinel-2-2021\dbscl-sentinel-2_2021-05\S2_2021-05-20_03-35-15\20210520T031541_20210520T033024_T48PWS_metadata.json,48PWS
S2A_MSIL2A_20210520T031541_N0300_R118_T48PVS_20210520T064315,,,,32.555305,17.509958,17.035353,22.1720819895318,27.874559,0.002246,dbscl-sentinel-2-2021\dbscl-sentinel-2_2021-05\S2_2021-05-20_03-35-18\20210520T031541_20210520T033024_T48PVS_metadata.json,48PVS
S2A_MSIL2A_20210520T031541_N0300_R118_T48PXR_20210520T064315,,,,21.009159,14.147046,21.350724,21.042958811027,28.933308,0.024487,dbscl-sentinel-2-2021\dbscl-sentinel-2_2021-05\S2_2021-05-20_03-35-26\20210520T031541_20210520T033024_T48PXR_metadata.json,48PXR
S2A_MSIL2A_20210520T031541_N0300_R118_T48PWR_20210520T064315,,,,11.685735,3.198636,24.527599,21.7969389023683,16.352719,0.001802,dbscl-sentinel-2-2021\dbscl-sentinel-2_2021-05\S2_2021-05-20_03-35-30\20210520T031541_20210520T033024_T48PWR_metadata.json,48PWR
S2A_MSIL2A_20210520T031541_N0300_R118_T48PVR_20210520T064315,,,,42.073379,18.812446,6.556753,22.5603360133453,37.288639,0.0,dbscl-sentinel-2-2021\dbscl-sentinel-2_2021-05\S2_2021-05-20_03-35-33\20210520T031541_20210520T033024_T48PVR_metadata.json,48PVR
S2A_MSIL2A_20210530T031541_N0300_R118_T48PXT_20210530T065257,,,,25.960815,1.023613,48.180085,21.1869248416309,1.006526,0.0,dbscl-sentinel-2-2021\dbscl-sentinel-2_2021-05\S2_2021-05-30_03-34-58\20210530T031541_20210530T032713_T48PXT_metadata.json,48PXT
S2A_MSIL2A_20210530T031541_N0300_R118_T48PWT_20210530T065257,,,,16.850857,1.694428,47.145486,21.940450260262,1.647739,0.0,dbscl-sentinel-2-2021\dbscl-sentinel-2_2021-05\S2_2021-05-30_03-35-01\20210530T031541_20210530T032713_T48PWT_metadata.json,48PWT
S2A_MSIL2A_20210530T031541_N0300_R118_T48PVT_20210530T065257,,,,14.704539,2.741321,43.199354,22.7033679466034,0.946763,0.0,dbscl-sentinel-2-2021\dbscl-sentinel-2_2021-05\S2_2021-05-30_03-35-04\20210530T031541_20210530T032713_T48PVT_metadata.json,48PVT
S2A_MSIL2A_20210530T031541_N0300_R118_T48PXS_20210530T065257,,,,26.809695,7.008419,41.176832,21.6362600067774,2.133544,0.031917,dbscl-sentinel-2-2021\dbscl-sentinel-2_2021-05\S2_2021-05-30_03-35-12\20210530T031541_20210530T032713_T48PXS_metadata.json,48PXS
S2A_MSIL2A_20210530T031541_N0300_R118_T48PWS_20210530T065257,,,,15.308122,0.078155,58.269137,22.3732975887966,3.474721,0.0,dbscl-sentinel-2-2021\dbscl-sentinel-2_2021-05\S2_2021-05-30_03-35-16\20210530T031541_20210530T032713_T48PWS_metadata.json,48PWS
S2A_MSIL2A_20210530T031541_N0300_R118_T48PVS_20210530T065257,,,,14.674919,0.582367,21.586323,23.1205447700063,40.475821,0.198234,dbscl-sentinel-2-2021\dbscl-sentinel-2_2021-05\S2_2021-05-30_03-35-19\20210530T031541_20210530T032713_T48PVS_metadata.json,48PVS
S2A_MSIL2A_20210530T031541_N0300_R118_T48PUS_20210530T065257,,,,19.445524,3.7e-05,17.909153,23.8764021706386,56.345206,0.2798,dbscl-sentinel-2-2021\dbscl-sentinel-2_2021-05\S2_2021-05-30_03-35-22\20210530T031541_20210530T032713_T48PUS_metadata.json,48PUS
S2A_MSIL2A_20210530T031541_N0300_R118_T48PXR_20210530T065257,,,,28.282916,7.239419,16.710345,22.111486760366,31.874579,0.010466,dbscl-sentinel-2-2021\dbscl-sentinel-2_2021-05\S2_2021-05-30_03-35-27\20210530T031541_20210530T032713_T48PXR_metadata.json,48PXR
S2A_MSIL2A_20210530T031541_N0300_R118_T48PWR_20210530T065257,,,,20.356628,4.316874,20.528214,22.8319038176056,16.084735,0.010879,dbscl-sentinel-2-2021\dbscl-sentinel-2_2021-05\S2_2021-05-30_03-35-30\20210530T031541_20210530T032713_T48PWR_metadata.json,48PWR
S2A_MSIL2A_20210530T031541_N0300_R118_T48PVR_20210530T065257,,,,10.240587,4.224203,5.709696,23.5632903893777,71.298277,0.0,dbscl-sentinel-2-2021\dbscl-sentinel-2_2021-05\S2_2021-05-30_03-35-34\20210530T031541_20210530T032713_T48PVR_metadata.json,48PVR
S2A_MSIL2A_20210530T031541_N0300_R118_T48PUR_20210530T065257,,,,8.994419,4.299378,0.032145,24.3040299259967,90.961254,0.0,dbscl-sentinel-2-2021\dbscl-sentinel-2_2021-05\S2_2021-05-30_03-35-36\20210530T031541_20210530T032713_T48PUR_metadata.json,48PUR
S2A_MSIL2A_20210530T031541_N0300_R118_T48PWQ_20210530T065257,,,,16.842167,9.473203,2.185935,23.3153050670104,75.4803,0.009817,dbscl-sentinel-2-2021\dbscl-sentinel-2_2021-05\S2_2021-05-30_03-35-45\20210530T031541_20210530T032713_T48PWQ_metadata.json,48PWQ
S2A_MSIL2A_20210530T031541_N0300_R118_T48PVQ_20210530T065257,,,,18.427371,11.328108,2.708644,24.0307621427554,72.555858,0.063397,dbscl-sentinel-2-2021\dbscl-sentinel-2_2021-05\S2_2021-05-30_03-35-48\20210530T031541_20210530T032713_T48PVQ_metadata.json,48PVQ
S2A_MSIL2A_20210602T032541_N0300_R018_T48PUS_20210602T081715,,,,25.886673,14.418523,14.475271,22.1065442308883,54.718578,0.306191,dbscl-sentinel-2-2021\dbscl-sentinel-2_2021-06\S2_2021-06-02_03-45-17\20210602T032541_20210602T033608_T48PUS_metadata.json,48PUS
S2A_MSIL2A_20210602T032541_N0300_R018_T48PUR_20210602T081715,,,,33.603889,17.665808,0.163429,22.5831682900746,66.217595,0.0,dbscl-sentinel-2-2021\dbscl-sentinel-2_2021-06\S2_2021-06-02_03-45-32\20210602T032541_20210602T033608_T48PUR_metadata.json,48PUR
S2B_MSIL2A_20210604T031539_N0300_R118_T48PXT_20210604T065111,,,,14.215216,1.278184,61.528385,21.6485769293187,0.823751,0.0,dbscl-sentinel-2-2021\dbscl-sentinel-2_2021-06\S2_2021-06-04_03-34-58\20210604T031539_20210604T032557_T48PXT_metadata.json,48PXT
S2B_MSIL2A_20210604T031539_N0300_R118_T48PWT_20210604T065111,,,,5.854424,0.757178,61.777818,22.3906904719645,1.706747,0.0,dbscl-sentinel-2-2021\dbscl-sentinel-2_2021-06\S2_2021-06-04_03-35-01\20210604T031539_20210604T032557_T48PWT_metadata.json,48PWT
S2B_MSIL2A_20210604T031539_N0300_R118_T48PVT_20210604T065111,,,,3.439345,1.772324,53.852916,23.1426972903942,1.064964,0.0,dbscl-sentinel-2-2021\dbscl-sentinel-2_2021-06\S2_2021-06-04_03-35-05\20210604T031539_20210604T032557_T48PVT_metadata.json,48PVT
S2B_MSIL2A_20210604T031539_N0300_R118_T48PXS_20210604T065111,,,,19.781084,1.699466,50.581372,22.1161214619665,2.699034,0.01603,dbscl-sentinel-2-2021\dbscl-sentinel-2_2021-06\S2_2021-06-04_03-35-12\20210604T031539_20210604T032557_T48PXS_metadata.json,48PXS
S2B_MSIL2A_20210604T031539_N0300_R118_T48PWS_20210604T065111,,,,12.168932,2.237007,61.827523,22.8417789725494,2.845254,0.0,dbscl-sentinel-2-2021\dbscl-sentinel-2_2021-06\S2_2021-06-04_03-35-16\20210604T031539_20210604T032557_T48PWS_metadata.json,48PWS
S2B_MSIL2A_20210604T031539_N0300_R118_T48PVS_20210604T065111,,,,12.685897,7.531563,26.456568,23.5780969122719,35.376844,0.0022,dbscl-sentinel-2-2021\dbscl-sentinel-2_2021-06\S2_2021-06-04_03-35-19\20210604T031539_20210604T032557_T48PVS_metadata.json,48PVS
S2B_MSIL2A_20210604T031539_N0300_R118_T48PUS_20210604T065111,,,,21.522455,12.532882,25.629562,24.323474536595,47.876853,0.00313,dbscl-sentinel-2-2021\dbscl-sentinel-2_2021-06\S2_2021-06-04_03-35-22\20210604T031539_20210604T032557_T48PUS_metadata.json,48PUS
S2B_MSIL2A_20210604T031539_N0300_R118_T48PXR_20210604T065111,,,,22.924231,12.032176,22.746459,22.6082170949378,28.900713,0.002803,dbscl-sentinel-2-2021\dbscl-sentinel-2_2021-06\S2_2021-06-04_03-35-27\20210604T031539_20210604T032557_T48PXR_metadata.json,48PXR
S2B_MSIL2A_20210604T031539_N0300_R118_T48PWR_20210604T065111,,,,20.585209,2.312352,23.236363,23.3173791859073,13.999481,0.121672,dbscl-sentinel-2-2021\dbscl-sentinel-2_2021-06\S2_2021-06-04_03-35-30\20210604T031539_20210604T032557_T48PWR_metadata.json,48PWR
S2B_MSIL2A_20210604T031539_N0300_R118_T48PVR_20210604T065111,,,,13.26484,6.952475,6.235198,24.0378995526133,66.566831,0.0,dbscl-sentinel-2-2021\dbscl-sentinel-2_2021-06\S2_2021-06-04_03-35-34\20210604T031539_20210604T032557_T48PVR_metadata.json,48PVR
S2B_MSIL2A_20210604T031539_N0300_R118_T48PUR_20210604T065111,,,,11.416307,10.100383,0.051199,24.7681687446416,88.52945,0.0,dbscl-sentinel-2-2021\dbscl-sentinel-2_2021-06\S2_2021-06-04_03-35-36\20210604T031539_20210604T032557_T48PUR_metadata.json,48PUR
S2B_MSIL2A_20210604T031539_N0300_R118_T48PWQ_20210604T065111,,,,17.779669,10.975292,1.814251,23.8165554343129,74.754006,0.026888,dbscl-sentinel-2-2021\dbscl-sentinel-2_2021-06\S2_2021-06-04_03-35-45\20210604T031539_20210604T032557_T48PWQ_metadata.json,48PWQ
S2B_MSIL2A_20210604T031539_N0300_R118_T48PVQ_20210604T065111,,,,25.510958,17.565599,2.912555,24.5212716826441,64.277613,0.004761,dbscl-sentinel-2-2021\dbscl-sentinel-2_2021-06\S2_2021-06-04_03-35-48\20210604T031539_20210604T032557_T48PVQ_metadata.json,48PVQ
S2A_MSIL2A_20210609T031541_N0300_R118_T48PWQ_20210609T064806,,,,45.889556,21.595775,0.000315,24.2649257772883,53.442276,0.665316,dbscl-sentinel-2-2021\dbscl-sentinel-2_2021-06\S2_2021-06-09_03-35-45\20210609T031541_20210609T033024_T48PWQ_metadata.json,48PWQ
S2B_MSIL2A_20210611T030549_N0300_R075_T48PXT_20210611T064525,,,,21.196998,4.115045,49.815539,24.2607152296576,1.209593,0.0,dbscl-sentinel-2-2021\dbscl-sentinel-2_2021-06\S2_2021-06-11_03-25-03\20210611T030549_20210611T032009_T48PXT_metadata.json,48PXT
S2B_MSIL2A_20210611T030549_N0300_R075_T48PXS_20210611T064525,,,,18.053161,6.64473,33.889529,24.7060319640222,21.801129,0.000257,dbscl-sentinel-2-2021\dbscl-sentinel-2_2021-06\S2_2021-06-11_03-25-17\20210611T030549_20210611T032009_T48PXS_metadata.json,48PXS
S2B_MSIL2A_20210614T031539_N0300_R118_T48PXT_20210614T055845,,,,28.693126,2.603693,46.729186,22.4356399202618,0.455688,0.0,dbscl-sentinel-2-2021\dbscl-sentinel-2_2021-06\S2_2021-06-14_03-34-58\20210614T031539_20210614T033042_T48PXT_metadata.json,48PXT
S2B_MSIL2A_20210614T031539_N0300_R118_T48PWT_20210614T055845,,,,14.392502,1.373599,54.520494,23.1660671198488,1.338616,0.0,dbscl-sentinel-2-2021\dbscl-sentinel-2_2021-06\S2_2021-06-14_03-35-02\20210614T031539_20210614T033042_T48PWT_metadata.json,48PWT
S2B_MSIL2A_20210614T031539_N0300_R118_T48PVT_20210614T055845,,,,28.856466,0.911577,33.692881,23.9067238697436,0.703391,0.0,dbscl-sentinel-2-2021\dbscl-sentinel-2_2021-06\S2_2021-06-14_03-35-05\20210614T031539_20210614T033042_T48PVT_metadata.json,48PVT
S2B_MSIL2A_20210614T031539_N0300_R118_T48PXS_20210614T055845,,,,27.91442,3.627062,44.401297,22.9206565052916,2.255562,1.099169,dbscl-sentinel-2-2021\dbscl-sentinel-2_2021-06\S2_2021-06-14_03-35-12\20210614T031539_20210614T033042_T48PXS_metadata.json,48PXS
S2B_MSIL2A_20210614T031539_N0300_R118_T48PWS_20210614T055845,,,,33.142838,4.575657,46.613204,23.6349576510638,2.511947,0.0,dbscl-sentinel-2-2021\dbscl-sentinel-2_2021-06\S2_2021-06-14_03-35-16\20210614T031539_20210614T033042_T48PWS_metadata.json,48PWS
S2B_MSIL2A_20210614T031539_N0300_R118_T48PXR_20210614T055845,,,,24.828681,1.801044,20.10991,23.4285153871702,36.753103,0.197696,dbscl-sentinel-2-2021\dbscl-sentinel-2_2021-06\S2_2021-06-14_03-35-27\20210614T031539_20210614T033042_T48PXR_metadata.json,48PXR
S2B_MSIL2A_20210614T031539_N0300_R118_T48PWR_20210614T055845,,,,24.686895,1.196327,22.484413,24.1267372574675,16.343601,0.294505,dbscl-sentinel-2-2021\dbscl-sentinel-2_2021-06\S2_2021-06-14_03-35-31\20210614T031539_20210614T033042_T48PWR_metadata.json,48PWR
S2B_MSIL2A_20210614T031539_N0300_R118_T48PVR_20210614T055845,,,,34.89446,9.912638,5.274853,24.8364971035201,47.107697,0.0,dbscl-sentinel-2-2021\dbscl-sentinel-2_2021-06\S2_2021-06-14_03-35-34\20210614T031539_20210614T033042_T48PVR_metadata.json,48PVR
S2B_MSIL2A_20210614T031539_N0300_R118_T48PWQ_20210614T055845,,,,11.489391,3.202036,1.958948,24.6406648220061,81.316751,0.269024,dbscl-sentinel-2-2021\dbscl-sentinel-2_2021-06\S2_2021-06-14_03-35-45\20210614T031539_20210614T033042_T48PWQ_metadata.json,48PWQ
S2B_MSIL2A_20210614T031539_N0300_R118_T48PVQ_20210614T055845,,,,9.590068,1.63732,3.196223,25.3350015373915,80.505663,0.090746,dbscl-sentinel-2-2021\dbscl-sentinel-2_2021-06\S2_2021-06-14_03-35-48\20210614T031539_20210614T033042_T48PVQ_metadata.json,48PVQ
S2A_MSIL2A_20210616T030541_N0300_R075_T48PXS_20210616T072821,,,,41.649778,4.108221,23.533241,25.0429670774734,17.320283,0.005795,dbscl-sentinel-2-2021\dbscl-sentinel-2_2021-06\S2_2021-06-16_03-25-16\20210616T030541_20210616T032019_T48PXS_metadata.json,48PXS
S2B_MSIL2A_20210617T032539_N0300_R018_T48PUS_20210617T065542,,,,38.26822,3.652733,14.415595,23.2800302809304,42.504156,0.496255,dbscl-sentinel-2-2021\dbscl-sentinel-2_2021-06\S2_2021-06-17_03-45-17\20210617T032539_20210617T033934_T48PUS_metadata.json,48PUS
S2B_MSIL2A_20210617T032539_N0300_R018_T48PUR_20210617T065542,,,,32.559548,13.424608,0.028875,23.7792548754033,67.368859,0.0,dbscl-sentinel-2-2021\dbscl-sentinel-2_2021-06\S2_2021-06-17_03-45-32\20210617T032539_20210617T033934_T48PUR_metadata.json,48PUR
S2A_MSIL2A_20210619T031541_N0300_R118_T48PXT_20210619T064753,,,,37.737598,12.082306,46.626097,22.7295035686807,0.539943,0.0,dbscl-sentinel-2-2021\dbscl-sentinel-2_2021-06\S2_2021-06-19_03-34-57\20210619T031541_20210619T032742_T48PXT_metadata.json,48PXT
S2A_MSIL2A_20210619T031541_N0300_R118_T48PWT_20210619T064753,,,,29.356353,24.717201,47.682282,23.4595439551701,1.042269,0.0,dbscl-sentinel-2-2021\dbscl-sentinel-2_2021-06\S2_2021-06-19_03-35-01\20210619T031541_20210619T032742_T48PWT_metadata.json,48PWT
S2A_MSIL2A_20210619T031541_N0300_R118_T48PVT_20210619T064753,,,,8.568623,7.055417,50.462627,24.1997017318516,0.667097,0.0,dbscl-sentinel-2-2021\dbscl-sentinel-2_2021-06\S2_2021-06-19_03-35-04\20210619T031541_20210619T032742_T48PVT_metadata.json,48PVT
S2A_MSIL2A_20210619T031541_N0300_R118_T48PVS_20210619T064753,,,,37.093826,29.846331,23.316784,24.6538899633982,23.882045,0.000302,dbscl-sentinel-2-2021\dbscl-sentinel-2_2021-06\S2_2021-06-19_03-35-19\20210619T031541_20210619T032742_T48PVS_metadata.json,48PVS
S2A_MSIL2A_20210619T031541_N0300_R118_T48PUS_20210619T064753,,,,21.171658,15.54047,30.108881,25.3880486364203,44.447279,7.5e-05,dbscl-sentinel-2-2021\dbscl-sentinel-2_2021-06\S2_2021-06-19_03-35-22\20210619T031541_20210619T032742_T48PUS_metadata.json,48PUS
S2A_MSIL2A_20210619T031541_N0300_R118_T48PVR_20210619T064753,,,,36.295516,19.110447,4.405287,25.1305945674603,49.550635,0.0,dbscl-sentinel-2-2021\dbscl-sentinel-2_2021-06\S2_2021-06-19_03-35-33\20210619T031541_20210619T032742_T48PVR_metadata.json,48PVR
S2A_MSIL2A_20210619T031541_N0300_R118_T48PUR_20210619T064753,,,,35.208799,26.482829,0.032919,25.8501001527026,64.748234,0.0,dbscl-sentinel-2-2021\dbscl-sentinel-2_2021-06\S2_2021-06-19_03-35-36\20210619T031541_20210619T032742_T48PUR_metadata.json,48PUR
S2A_MSIL2A_20210619T031541_N0300_R118_T48PWQ_20210619T064753,,,,49.1228,36.570281,1.357915,24.9347367517215,44.67597,0.15853,dbscl-sentinel-2-2021\dbscl-sentinel-2_2021-06\S2_2021-06-19_03-35-44\20210619T031541_20210619T032742_T48PWQ_metadata.json,48PWQ
S2B_MSIL2A_20210624T031539_N0300_R118_T48PXT_20210624T063636,,,,27.585668,3.264632,49.106467,22.9378032455419,0.94489,0.0,dbscl-sentinel-2-2021\dbscl-sentinel-2_2021-06\S2_2021-06-24_03-34-57\20210624T031539_20210624T033046_T48PXT_metadata.json,48PXT
S2B_MSIL2A_20210624T031539_N0300_R118_T48PWT_20210624T063636,,,,29.788826,3.949934,37.443703,23.6707803204101,0.731166,0.0,dbscl-sentinel-2-2021\dbscl-sentinel-2_2021-06\S2_2021-06-24_03-35-01\20210624T031539_20210624T033046_T48PWT_metadata.json,48PWT
S2B_MSIL2A_20210624T031539_N0300_R118_T48PVT_20210624T063636,,,,32.604988,1.556597,26.386908,24.4136049711325,0.928917,0.0,dbscl-sentinel-2-2021\dbscl-sentinel-2_2021-06\S2_2021-06-24_03-35-04\20210624T031539_20210624T033046_T48PVT_metadata.json,48PVT
S2B_MSIL2A_20210624T031539_N0300_R118_T48PXS_20210624T063636,,,,39.74501,11.137792,37.164795,23.4184152389138,1.787436,0.009879,dbscl-sentinel-2-2021\dbscl-sentinel-2_2021-06\S2_2021-06-24_03-35-12\20210624T031539_20210624T033046_T48PXS_metadata.json,48PXS
S2B_MSIL2A_20210624T031539_N0300_R118_T48PVS_20210624T063636,,,,47.207955,18.268894,17.722762,24.8635262934637,18.655343,0.321691,dbscl-sentinel-2-2021\dbscl-sentinel-2_2021-06\S2_2021-06-24_03-35-19\20210624T031539_20210624T033046_T48PVS_metadata.json,48PVS
S2B_MSIL2A_20210624T031539_N0300_R118_T48PXR_20210624T063636,,,,29.025117,9.450506,20.644531,23.9215058324321,34.323964,0.006296,dbscl-sentinel-2-2021\dbscl-sentinel-2_2021-06\S2_2021-06-24_03-35-27\20210624T031539_20210624T033046_T48PXR_metadata.json,48PXR
S2B_MSIL2A_20210624T031539_N0300_R118_T48PWR_20210624T063636,,,,28.901168,1.210919,27.606964,24.6231720633239,13.644676,2.375991,dbscl-sentinel-2-2021\dbscl-sentinel-2_2021-06\S2_2021-06-24_03-35-30\20210624T031539_20210624T033046_T48PWR_metadata.json,48PWR
S2B_MSIL2A_20210624T031539_N0300_R118_T48PWQ_20210624T063636,,,,13.708182,6.24626,1.838066,25.1324182206594,79.718846,1.301767,dbscl-sentinel-2-2021\dbscl-sentinel-2_2021-06\S2_2021-06-24_03-35-44\20210624T031539_20210624T033046_T48PWQ_metadata.json,48PWQ
S2B_MSIL2A_20210627T032539_N0300_R018_T48PUS_20210627T070617,,,,9.829927,0.003011,14.15673,23.67027204323,71.24306,0.442035,dbscl-sentinel-2-2021\dbscl-sentinel-2_2021-06\S2_2021-06-27_03-45-17\20210627T032539_20210627T033445_T48PUS_metadata.json,48PUS
S2B_MSIL2A_20210627T032539_N0300_R018_T48PUR_20210627T070617,,,,2.865089,2.272504,0.172809,24.1591471540795,96.949387,0.0,dbscl-sentinel-2-2021\dbscl-sentinel-2_2021-06\S2_2021-06-27_03-45-32\20210627T032539_20210627T033445_T48PUR_metadata.json,48PUR
S2A_MSIL2A_20210629T031541_N0300_R118_T48PXT_20210629T065315,,,,22.520768,4.926928,52.946532,23.0536774781907,0.949537,0.0,dbscl-sentinel-2-2021\dbscl-sentinel-2_2021-06\S2_2021-06-29_03-34-59\20210629T031541_20210629T032757_T48PXT_metadata.json,48PXT
S2A_MSIL2A_20210629T031541_N0300_R118_T48PWT_20210629T065315,,,,20.679813,13.628766,51.852828,23.792673482127,1.110026,0.0,dbscl-sentinel-2-2021\dbscl-sentinel-2_2021-06\S2_2021-06-29_03-35-02\20210629T031541_20210629T032757_T48PWT_metadata.json,48PWT
S2A_MSIL2A_20210629T031541_N0300_R118_T48PVT_20210629T065315,,,,12.943834,8.975348,44.89783,24.5411242960942,0.829037,0.0,dbscl-sentinel-2-2021\dbscl-sentinel-2_2021-06\S2_2021-06-29_03-35-05\20210629T031541_20210629T032757_T48PVT_metadata.json,48PVT
S2A_MSIL2A_20210629T031541_N0300_R118_T48PXS_20210629T065315,,,,24.821889,2.356657,48.010582,23.5247809120918,2.770063,0.052717,dbscl-sentinel-2-2021\dbscl-sentinel-2_2021-06\S2_2021-06-29_03-35-13\20210629T031541_20210629T032757_T48PXS_metadata.json,48PXS
S2A_MSIL2A_20210629T031541_N0300_R118_T48PWS_20210629T065315,,,,15.255553,3.24164,55.607754,24.2483565365277,2.44494,0.0,dbscl-sentinel-2-2021\dbscl-sentinel-2_2021-06\S2_2021-06-29_03-35-17\20210629T031541_20210629T032757_T48PWS_metadata.json,48PWS
S2A_MSIL2A_20210629T031541_N0300_R118_T48PVS_20210629T065315,,,,39.723751,25.140491,22.19307,24.9820426429019,25.910297,0.004167,dbscl-sentinel-2-2021\dbscl-sentinel-2_2021-06\S2_2021-06-29_03-35-20\20210629T031541_20210629T032757_T48PVS_metadata.json,48PVS
S2A_MSIL2A_20210629T031541_N0300_R118_T48PUS_20210629T065315,,,,27.718681,9.694455,20.271276,25.7243439771102,45.677027,0.01106,dbscl-sentinel-2-2021\dbscl-sentinel-2_2021-06\S2_2021-06-29_03-35-23\20210629T031541_20210629T032757_T48PUS_metadata.json,48PUS
S2A_MSIL2A_20210629T031541_N0300_R118_T48PXR_20210629T065315,,,,24.31576,8.790542,26.955989,24.018624549273,32.626307,0.001566,dbscl-sentinel-2-2021\dbscl-sentinel-2_2021-06\S2_2021-06-29_03-35-28\20210629T031541_20210629T032757_T48PXR_metadata.json,48PXR
S2A_MSIL2A_20210629T031541_N0300_R118_T48PWR_20210629T065315,,,,17.820374,2.297049,31.956634,24.7267539048299,16.211289,0.014924,dbscl-sentinel-2-2021\dbscl-sentinel-2_2021-06\S2_2021-06-29_03-35-31\20210629T031541_20210629T032757_T48PWR_metadata.json,48PWR
S2A_MSIL2A_20210629T031541_N0300_R118_T48PVR_20210629T065315,,,,18.282361,11.542523,9.014943,25.4456007995327,60.81897,0.0,dbscl-sentinel-2-2021\dbscl-sentinel-2_2021-06\S2_2021-06-29_03-35-34\20210629T031541_20210629T032757_T48PVR_metadata.json,48PVR
S2A_MSIL2A_20210629T031541_N0300_R118_T48PUR_20210629T065315,,,,33.763298,29.090089,0.04516,26.1736651479845,66.184306,0.0,dbscl-sentinel-2-2021\dbscl-sentinel-2_2021-06\S2_2021-06-29_03-35-37\20210629T031541_20210629T032757_T48PUR_metadata.json,48PUR
S2A_MSIL2A_20210629T031541_N0300_R118_T48PWQ_20210629T065315,,,,9.011294,1.882456,2.144041,25.2271828450479,83.779418,0.024854,dbscl-sentinel-2-2021\dbscl-sentinel-2_2021-06\S2_2021-06-29_03-35-46\20210629T031541_20210629T032757_T48PWQ_metadata.json,48PWQ
S2A_MSIL2A_20210629T031541_N0300_R118_T48PVQ_20210629T065315,,,,5.181562,0.246124,3.653037,25.9312034006589,84.388745,0.004814,dbscl-sentinel-2-2021\dbscl-sentinel-2_2021-06\S2_2021-06-29_03-35-49\20210629T031541_20210629T032757_T48PVQ_metadata.json,48PVQ
S2B_MSIL2A_20210701T030549_N0301_R075_T48PXS_20210701T063859,,,,15.520456,5.472447,36.48321,25.5717609475455,22.645724,0.004402,dbscl-sentinel-2-2021\dbscl-sentinel-2_2021-07\S2_2021-07-01_03-25-17\20210701T030549_20210701T032414_T48PXS_metadata.json,48PXS
S2B_MSIL2A_20210701T030549_N0301_R075_T48PXR_20210701T063859,,,,17.058362,12.101495,7.171973,26.0252688594385,68.812615,0.010799,dbscl-sentinel-2-2021\dbscl-sentinel-2_2021-07\S2_2021-07-01_03-25-32\20210701T030549_20210701T032414_T48PXR_metadata.json,48PXR
S2A_MSIL2A_20210702T032541_N0301_R018_T48PUS_20210702T070922,,,,8.169733,0.135102,14.529049,23.7215358102731,72.547418,0.413821,dbscl-sentinel-2-2021\dbscl-sentinel-2_2021-07\S2_2021-07-02_03-45-18\20210702T032541_20210702T033259_T48PUS_metadata.json,48PUS
S2A_MSIL2A_20210702T032541_N0301_R018_T48PUR_20210702T070922,,,,4.895968,0.238611,0.109158,24.1984363516573,94.955379,0.0,dbscl-sentinel-2-2021\dbscl-sentinel-2_2021-07\S2_2021-07-02_03-45-33\20210702T032541_20210702T033259_T48PUR_metadata.json,48PUR
S2B_MSIL2A_20210704T031539_N0301_R118_T48PXT_20210704T065618,,,,45.498325,6.574243,26.98794,23.0854839292865,0.414718,0.0,dbscl-sentinel-2-2021\dbscl-sentinel-2_2021-07\S2_2021-07-04_03-34-58\20210704T031539_20210704T032623_T48PXT_metadata.json,48PXT
S2B_MSIL2A_20210704T031539_N0301_R118_T48PWT_20210704T065618,,,,6.523778,2.352154,58.720458,23.8333960126489,1.919205,0.0,dbscl-sentinel-2-2021\dbscl-sentinel-2_2021-07\S2_2021-07-04_03-35-02\20210704T031539_20210704T032623_T48PWT_metadata.json,48PWT
S2B_MSIL2A_20210704T031539_N0301_R118_T48PVT_20210704T065618,,,,3.091484,2.055888,53.294617,24.5902312441713,1.081292,0.0,dbscl-sentinel-2-2021\dbscl-sentinel-2_2021-07\S2_2021-07-04_03-35-05\20210704T031539_20210704T032623_T48PVT_metadata.json,48PVT
S2B_MSIL2A_20210704T031539_N0301_R118_T48PXS_20210704T065618,,,,21.430676,2.072281,51.782984,23.542204832037,2.948784,0.134835,dbscl-sentinel-2-2021\dbscl-sentinel-2_2021-07\S2_2021-07-04_03-35-13\20210704T031539_20210704T032623_T48PXS_metadata.json,48PXS
S2B_MSIL2A_20210704T031539_N0301_R118_T48PWS_20210704T065618,,,,17.146532,1.14349,52.466649,24.274953340295,2.511638,0.0,dbscl-sentinel-2-2021\dbscl-sentinel-2_2021-07\S2_2021-07-04_03-35-16\20210704T031539_20210704T032623_T48PWS_metadata.json,48PWS
S2B_MSIL2A_20210704T031539_N0301_R118_T48PVS_20210704T065618,,,,11.874224,7.56601,34.03531,25.0172915400653,33.79119,0.000544,dbscl-sentinel-2-2021\dbscl-sentinel-2_2021-07\S2_2021-07-04_03-35-20\20210704T031539_20210704T032623_T48PVS_metadata.json,48PVS
S2B_MSIL2A_20210704T031539_N0301_R118_T48PUS_20210704T065618,,,,41.289403,24.444076,25.683492,25.7677553385687,29.316798,0.0,dbscl-sentinel-2-2021\dbscl-sentinel-2_2021-07\S2_2021-07-04_03-35-23\20210704T031539_20210704T032623_T48PUS_metadata.json,48PUS
S2B_MSIL2A_20210704T031539_N0301_R118_T48PXR_20210704T065618,,,,14.596507,4.291704,35.76377,24.0221503518777,35.393411,0.002402,dbscl-sentinel-2-2021\dbscl-sentinel-2_2021-07\S2_2021-07-04_03-35-28\20210704T031539_20210704T032623_T48PXR_metadata.json,48PXR
S2B_MSIL2A_20210704T031539_N0301_R118_T48PUR_20210704T065618,,,,35.333554,26.1565,0.039666,26.2039049403218,64.6231,0.0,dbscl-sentinel-2-2021\dbscl-sentinel-2_2021-07\S2_2021-07-04_03-35-37\20210704T031539_20210704T032623_T48PUR_metadata.json,48PUR
S2B_MSIL2A_20210704T031539_N0301_R118_T48PWQ_20210704T065618,,,,42.074631,21.446876,0.580625,25.2269151972737,55.737597,0.0,dbscl-sentinel-2-2021\dbscl-sentinel-2_2021-07\S2_2021-07-04_03-35-45\20210704T031539_20210704T032623_T48PWQ_metadata.json,48PWQ
S2B_MSIL2A_20210704T031539_N0301_R118_T48PVQ_20210704T065618,,,,38.946215,20.607716,1.110623,25.9400100661691,57.55198,0.012823,dbscl-sentinel-2-2021\dbscl-sentinel-2_2021-07\S2_2021-07-04_03-35-49\20210704T031539_20210704T032623_T48PVQ_metadata.json,48PVQ
S2B_MSIL2A_20210711T030549_N0301_R075_T48PXT_20210711T064109,,,,43.644356,10.385696,38.259935,25.0968042038574,0.388645,0.0,dbscl-sentinel-2-2021\dbscl-sentinel-2_2021-07\S2_2021-07-11_03-25-04\20210711T030549_20210711T031923_T48PXT_metadata.json,48PXT
S2B_MSIL2A_20210711T030549_N0301_R075_T48PXR_20210711T064109,,,,18.660174,13.944179,4.733692,25.9118753876878,70.483303,0.148172,dbscl-sentinel-2-2021\dbscl-sentinel-2_2021-07\S2_2021-07-11_03-25-33\20210711T030549_20210711T031923_T48PXR_metadata.json,48PXR
S2B_MSIL2A_20210717T032539_N0301_R018_T48PUS_20210717T063403,,,,17.404761,1.640994,12.63738,23.3336799924553,64.094543,0.369288,dbscl-sentinel-2-2021\dbscl-sentinel-2_2021-07\S2_2021-07-17_03-45-18\20210717T032539_20210717T033936_T48PUS_metadata.json,48PUS
S2B_MSIL2A_20210717T032539_N0301_R018_T48PUR_20210717T063403,,,,16.548511,13.164096,0.160794,23.7464045946806,83.274478,0.0,dbscl-sentinel-2-2021\dbscl-sentinel-2_2021-07\S2_2021-07-17_03-45-33\20210717T032539_20210717T033936_T48PUR_metadata.json,48PUR
S2A_MSIL2A_20210726T030551_N0301_R075_T48PXS_20210726T062333,,,,40.701071,2.745592,23.104376,24.7582245235767,15.220958,0.179579,dbscl-sentinel-2-2021\dbscl-sentinel-2_2021-07\S2_2021-07-26_03-25-19\20210726T030551_20210726T032023_T48PXS_metadata.json,48PXS
S2A_MSIL2A_20210726T030551_N0301_R075_T48PXR_20210726T062333,,,,30.406833,15.930985,4.841653,25.0905738335524,58.100247,0.007599,dbscl-sentinel-2-2021\dbscl-sentinel-2_2021-07\S2_2021-07-26_03-25-34\20210726T030551_20210726T032023_T48PXR_metadata.json,48PXR
S2B_MSIL2A_20210727T032539_N0301_R018_T48PUR_20210727T064635,,,,33.090596,22.695921,0.142121,23.0075610685511,66.753209,0.0,dbscl-sentinel-2-2021\dbscl-sentinel-2_2021-07\S2_2021-07-27_03-45-33\20210727T032539_20210727T033425_T48PUR_metadata.json,48PUR
S2A_MSIL2A_20210729T031541_N0301_R118_T48PXT_20210730T164044,,,,40.767239,0.489714,36.956224,21.9898297858594,0.174698,0.0,dbscl-sentinel-2-2021\dbscl-sentinel-2_2021-07\S2_2021-07-29_03-35-00\20210729T031541_20210729T033027_T48PXT_metadata.json,48PXT
S2A_MSIL2A_20210729T031541_N0301_R118_T48PWT_20210730T164044,,,,29.420152,0.985193,35.357416,22.8118496223941,0.696318,0.0,dbscl-sentinel-2-2021\dbscl-sentinel-2_2021-07\S2_2021-07-29_03-35-04\20210729T031541_20210729T033027_T48PWT_metadata.json,48PWT
S2B_MSIL2A_20210731T030549_N0301_R075_T48PXR_20210731T061042,,,,36.370992,18.542215,1.396759,24.6881878306135,58.962739,0.026147,dbscl-sentinel-2-2021\dbscl-sentinel-2_2021-07\S2_2021-07-31_03-25-33\20210731T030549_20210731T032031_T48PXR_metadata.json,48PXR
S2B_MSIL2A_20210810T030549_N0301_R075_T48PXS_20210810T063523,,,,36.348006,3.7218,20.455015,23.5672516542355,20.034434,0.336441,dbscl-sentinel-2-2021\dbscl-sentinel-2_2021-08\S2_2021-08-10_03-25-17\20210810T030549_20210810T032009_T48PXS_metadata.json,48PXS
S2B_MSIL2A_20210810T030549_N0301_R075_T48PXR_20210810T063523,,,,24.308746,10.78629,4.065002,23.7643090468494,65.598476,0.79036,dbscl-sentinel-2-2021\dbscl-sentinel-2_2021-08\S2_2021-08-10_03-25-32\20210810T030549_20210810T032009_T48PXR_metadata.json,48PXR
S2A_MSIL2A_20210811T032541_N0301_R018_T48PUS_20210811T072938,,,,44.812173,6.669232,5.403101,21.3176194423691,46.388382,0.381474,dbscl-sentinel-2-2021\dbscl-sentinel-2_2021-08\S2_2021-08-11_03-45-19\20210811T032541_20210811T032648_T48PUS_metadata.json,48PUS
S2A_MSIL2A_20210811T032541_N0301_R018_T48PUR_20210811T072938,,,,30.17881,15.900406,0.066749,21.5137301821487,69.732666,0.0,dbscl-sentinel-2-2021\dbscl-sentinel-2_2021-08\S2_2021-08-11_03-45-29\20210811T032541_20210811T032648_T48PUR_metadata.json,48PUR
S2B_MSIL2A_20210813T031539_N0301_R118_T48PWT_20210813T055629,,,,47.730655,2.00432,20.454319,21.6579629615935,0.458758,0.0,dbscl-sentinel-2-2021\dbscl-sentinel-2_2021-08\S2_2021-08-13_03-35-01\20210813T031539_20210813T033045_T48PWT_metadata.json,48PWT
S2B_MSIL2A_20210813T031539_N0301_R118_T48PVT_20210813T055629,,,,40.108071,3.615541,24.947901,22.5292307753659,0.642899,0.0,dbscl-sentinel-2-2021\dbscl-sentinel-2_2021-08\S2_2021-08-13_03-35-04\20210813T031539_20210813T033045_T48PVT_metadata.json,48PVT
S2B_MSIL2A_20210813T031539_N0301_R118_T48PVS_20210813T055629,,,,42.245948,2.854387,20.962286,22.6590068396571,21.678726,0.631318,dbscl-sentinel-2-2021\dbscl-sentinel-2_2021-08\S2_2021-08-13_03-35-18\20210813T031539_20210813T033045_T48PVS_metadata.json,48PVS
S2B_MSIL2A_20210813T031539_N0301_R118_T48PWQ_20210813T055629,,,,42.235954,20.159481,0.746139,22.1712619456812,54.72616,0.132787,dbscl-sentinel-2-2021\dbscl-sentinel-2_2021-08\S2_2021-08-13_03-35-44\20210813T031539_20210813T033045_T48PWQ_metadata.json,48PWQ
S2A_MSIL2A_20210818T031541_N0301_R118_T48PWT_20210818T063242,,,,22.072255,8.660838,39.161906,21.2854579607454,2.319196,0.0,dbscl-sentinel-2-2021\dbscl-sentinel-2_2021-08\S2_2021-08-18_03-35-03\20210818T031541_20210818T032744_T48PWT_metadata.json,48PWT
S2A_MSIL2A_20210818T031541_N0301_R118_T48PVT_20210818T063242,,,,30.582085,20.824923,44.308203,22.1669226330728,1.452024,0.0,dbscl-sentinel-2-2021\dbscl-sentinel-2_2021-08\S2_2021-08-18_03-35-06\20210818T031541_20210818T032744_T48PVT_metadata.json,48PVT
S2A_MSIL2A_20210818T031541_N0301_R118_T48PXS_20210818T063242,,,,29.763219,14.661159,48.308045,20.4811339450742,2.457742,0.000268,dbscl-sentinel-2-2021\dbscl-sentinel-2_2021-08\S2_2021-08-18_03-35-14\20210818T031541_20210818T032744_T48PXS_metadata.json,48PXS
S2A_MSIL2A_20210818T031541_N0301_R118_T48PWS_20210818T063242,,,,9.784793,1.996994,52.019972,21.3565404764577,3.6353,0.0,dbscl-sentinel-2-2021\dbscl-sentinel-2_2021-08\S2_2021-08-18_03-35-17\20210818T031541_20210818T032744_T48PWS_metadata.json,48PWS
S2A_MSIL2A_20210818T031541_N0301_R118_T48PVS_20210818T063242,,,,13.230439,8.651376,36.736834,22.2330087193284,34.653509,0.000488,dbscl-sentinel-2-2021\dbscl-sentinel-2_2021-08\S2_2021-08-18_03-35-20\20210818T031541_20210818T032744_T48PVS_metadata.json,48PVS
S2A_MSIL2A_20210818T031541_N0301_R118_T48PUS_20210818T063242,,,,29.750535,7.823271,18.730758,23.109682359449,46.184251,1.352104,dbscl-sentinel-2-2021\dbscl-sentinel-2_2021-08\S2_2021-08-18_03-35-24\20210818T031541_20210818T032744_T48PUS_metadata.json,48PUS
S2A_MSIL2A_20210818T031541_N0301_R118_T48PWR_20210818T063242,,,,44.953351,18.53995,29.541633,21.4633574776096,2.78033,0.004462,dbscl-sentinel-2-2021\dbscl-sentinel-2_2021-08\S2_2021-08-18_03-35-32\20210818T031541_20210818T032744_T48PWR_metadata.json,48PWR
S2A_MSIL2A_20210818T031541_N0301_R118_T48PVR_20210818T063242,,,,35.823537,19.872847,5.827884,22.3335636964168,51.853746,0.0,dbscl-sentinel-2-2021\dbscl-sentinel-2_2021-08\S2_2021-08-18_03-35-35\20210818T031541_20210818T032744_T48PVR_metadata.json,48PVR
S2A_MSIL2A_20210818T031541_N0301_R118_T48PUR_20210818T063242,,,,45.162806,17.876628,0.047191,23.204426573979,54.771233,0.0,dbscl-sentinel-2-2021\dbscl-sentinel-2_2021-08\S2_2021-08-18_03-35-38\20210818T031541_20210818T032744_T48PUR_metadata.json,48PUR
S2A_MSIL2A_20210821T032541_N0301_R018_T48PUS_20210821T064901,,,,25.020705,0.006714,17.156389,20.4534986059473,54.295206,0.080881,dbscl-sentinel-2-2021\dbscl-sentinel-2_2021-08\S2_2021-08-21_03-45-19\20210821T032541_20210821T033610_T48PUS_metadata.json,48PUS
S2A_MSIL2A_20210821T032541_N0301_R018_T48PUR_20210821T064901,,,,31.385061,2.346002,0.171611,20.5156389264077,68.419653,0.0,dbscl-sentinel-2-2021\dbscl-sentinel-2_2021-08\S2_2021-08-21_03-45-33\20210821T032541_20210821T033610_T48PUR_metadata.json,48PUR
S2A_MSIL2A_20210828T031541_N0301_R118_T48PWS_20210828T065850,,,,34.733035,12.37411,36.968619,20.6797473229323,2.21092,0.0,dbscl-sentinel-2-2021\dbscl-sentinel-2_2021-08\S2_2021-08-28_03-35-17\20210828T031541_20210828T032801_T48PWS_metadata.json,48PWS
S2B_MSIL2A_20210902T031539_N0301_R118_T48PWT_20210902T065508,,,,46.280418,1.926584,22.240996,20.6738811110342,2.617853,0.0,dbscl-sentinel-2-2021\dbscl-sentinel-2_2021-09\S2_2021-09-02_03-34-57\20210902T031539_20210902T033023_T48PWT_metadata.json,48PWT
S2B_MSIL2A_20210902T031539_N0301_R118_T48PVT_20210902T065508,,,,22.753792,8.077325,44.592765,21.5545676531881,3.072395,0.0,dbscl-sentinel-2-2021\dbscl-sentinel-2_2021-09\S2_2021-09-02_03-35-00\20210902T031539_20210902T033023_T48PVT_metadata.json,48PVT
S2A_MSIL2A_20210907T031541_N0301_R118_T48PXR_20210912T154613,,,,46.668383,8.010815,15.764028,19.3647007382188,18.917266,0.043674,dbscl-sentinel-2-2021\dbscl-sentinel-2_2021-09\S2_2021-09-07_03-35-26\20210907T031541_20210907T033024_T48PXR_metadata.json,48PXR
S2A_MSIL2A_20210907T031541_N0301_R118_T48PWR_20210912T154613,,,,46.453691,6.318115,12.745552,20.243013813293,10.569398,2.596903,dbscl-sentinel-2-2021\dbscl-sentinel-2_2021-09\S2_2021-09-07_03-35-30\20210907T031541_20210907T033024_T48PWR_metadata.json,48PWR
S2A_MSIL2A_20210917T031541_N0301_R118_T48PXT_20210917T071333,,,,28.960587,0.100436,45.162651,20.4366756623663,2.837353,0.0,dbscl-sentinel-2-2021\dbscl-sentinel-2_2021-09\S2_2021-09-17_03-34-59\20210917T031541_20210917T032656_T48PXT_metadata.json,48PXT
S2A_MSIL2A_20210917T031541_N0301_R118_T48PWT_20210917T071333,,,,34.303104,1.400862,30.384332,21.2464022375825,5.273767,0.0,dbscl-sentinel-2-2021\dbscl-sentinel-2_2021-09\S2_2021-09-17_03-35-02\20210917T031541_20210917T032656_T48PWT_metadata.json,48PWT
S2A_MSIL2A_20210917T031541_N0301_R118_T48PVT_20210917T071333,,,,23.548162,0.154533,48.70083,22.0619436884917,3.904847,0.0,dbscl-sentinel-2-2021\dbscl-sentinel-2_2021-09\S2_2021-09-17_03-35-06\20210917T031541_20210917T032656_T48PVT_metadata.json,48PVT
S2A_MSIL2A_20210917T031541_N0301_R118_T48PWS_20210917T071333,,,,39.700985,16.263141,24.790412,20.8415873556343,6.49022,0.0,dbscl-sentinel-2-2021\dbscl-sentinel-2_2021-09\S2_2021-09-17_03-35-17\20210917T031541_20210917T032656_T48PWS_metadata.json,48PWS
S2A_MSIL2A_20210917T031541_N0301_R118_T48PVS_20210917T071333,,,,29.974173,7.942206,16.745897,21.6692105154504,35.753649,0.114761,dbscl-sentinel-2-2021\dbscl-sentinel-2_2021-09\S2_2021-09-17_03-35-20\20210917T031541_20210917T032656_T48PVS_metadata.json,48PVS
S2A_MSIL2A_20210917T031541_N0301_R118_T48PUS_20210917T071333,,,,19.865481,5.299977,17.555992,22.5005872552109,56.849998,0.539018,dbscl-sentinel-2-2021\dbscl-sentinel-2_2021-09\S2_2021-09-17_03-35-23\20210917T031541_20210917T032656_T48PUS_metadata.json,48PUS
S2A_MSIL2A_20210917T031541_N0301_R118_T48PWQ_20210917T071333,,,,34.933239,23.506913,1.941178,20.1246755234575,59.198105,0.013261,dbscl-sentinel-2-2021\dbscl-sentinel-2_2021-09\S2_2021-09-17_03-35-46\20210917T031541_20210917T032656_T48PWQ_metadata.json,48PWQ
S2B_MSIL2A_20210922T031539_N0301_R118_T48PXT_20210922T081103,,,,32.376055,2.702147,41.147804,21.0257514609144,1.311024,0.0,dbscl-sentinel-2-2021\dbscl-sentinel-2_2021-09\S2_2021-09-22_03-34-54\20210922T031539_20210922T032539_T48PXT_metadata.json,48PXT
S2B_MSIL2A_20210922T031539_N0301_R118_T48PWT_20210922T081103,,,,44.428553,15.463591,23.146045,21.7984884498478,5.077457,0.0,dbscl-sentinel-2-2021\dbscl-sentinel-2_2021-09\S2_2021-09-22_03-34-58\20210922T031539_20210922T032539_T48PWT_metadata.json,48PWT
S2B_MSIL2A_20210922T031539_N0301_R118_T48PXR_20210922T081103,,,,38.871913,2.885505,16.000453,20.0687177693136,22.058737,0.398516,dbscl-sentinel-2-2021\dbscl-sentinel-2_2021-09\S2_2021-09-22_03-35-24\20210922T031539_20210922T032539_T48PXR_metadata.json,48PXR
S2B_MSIL2A_20210922T031539_N0301_R118_T48PWQ_20210922T081103,,,,17.523571,4.20626,1.970995,20.4473628901715,76.237822,0.494637,dbscl-sentinel-2-2021\dbscl-sentinel-2_2021-09\S2_2021-09-22_03-35-42\20210922T031539_20210922T032539_T48PWQ_metadata.json,48PWQ
S2B_MSIL2A_20210922T031539_N0301_R118_T48PVQ_20210922T081103,,,,36.392361,20.221171,2.971536,21.2679866816183,55.644494,0.028278,dbscl-sentinel-2-2021\dbscl-sentinel-2_2021-09\S2_2021-09-22_03-35-45\20210922T031539_20210922T032539_T48PVQ_metadata.json,48PVQ
S2A_MSIL2A_20210927T031541_N0301_R118_T48PXT_20210927T065532,,,,25.80465,5.639691,52.707136,21.7509872389592,1.045702,0.0,dbscl-sentinel-2-2021\dbscl-sentinel-2_2021-09\S2_2021-09-27_03-35-01\20210927T031541_20210927T032716_T48PXT_metadata.json,48PXT
S2A_MSIL2A_20210927T031541_N0301_R118_T48PWT_20210927T065532,,,,30.812454,12.769368,34.396979,22.4822271701414,4.965427,0.0,dbscl-sentinel-2-2021\dbscl-sentinel-2_2021-09\S2_2021-09-27_03-35-04\20210927T031541_20210927T032716_T48PWT_metadata.json,48PWT
S2A_MSIL2A_20210927T031541_N0301_R118_T48PVT_20210927T065532,,,,41.173193,3.687187,32.821047,23.2238897746944,3.557329,0.0,dbscl-sentinel-2-2021\dbscl-sentinel-2_2021-09\S2_2021-09-27_03-35-08\20210927T031541_20210927T032716_T48PVT_metadata.json,48PVT
S2A_MSIL2A_20210927T031541_N0301_R118_T48PVS_20210927T065532,,,,34.434147,4.799195,13.345648,22.6943689487414,36.730999,0.381671,dbscl-sentinel-2-2021\dbscl-sentinel-2_2021-09\S2_2021-09-27_03-35-22\20210927T031541_20210927T032716_T48PVS_metadata.json,48PVS
S2A_MSIL2A_20210927T031541_N0301_R118_T48PUS_20210927T065532,,,,29.8747,11.738053,14.965521,23.458685909127,51.125962,0.054065,dbscl-sentinel-2-2021\dbscl-sentinel-2_2021-09\S2_2021-09-27_03-35-25\20210927T031541_20210927T032716_T48PUS_metadata.json,48PUS
S2A_MSIL2A_20210927T031541_N0301_R118_T48PVR_20210927T065532,,,,23.682347,10.420523,4.245258,22.1880317906407,63.175809,0.0,dbscl-sentinel-2-2021\dbscl-sentinel-2_2021-09\S2_2021-09-27_03-35-37\20210927T031541_20210927T032716_T48PVR_metadata.json,48PVR
S2A_MSIL2A_20210927T031541_N0301_R118_T48PUR_20210927T065532,,,,29.205155,27.515915,0.080126,22.9661101337733,70.694017,0.0,dbscl-sentinel-2-2021\dbscl-sentinel-2_2021-09\S2_2021-09-27_03-35-39\20210927T031541_20210927T032716_T48PUR_metadata.json,48PUR
S2A_MSIL2A_20210927T031541_N0301_R118_T48PWQ_20210927T065532,,,,31.855913,14.438392,1.827389,20.9209427863805,62.223613,0.528446,dbscl-sentinel-2-2021\dbscl-sentinel-2_2021-09\S2_2021-09-27_03-35-48\20210927T031541_20210927T032716_T48PWQ_metadata.json,48PWQ
S2A_MSIL2A_20210927T031541_N0301_R118_T48PVQ_20210927T065532,,,,25.807685,11.182156,1.745485,21.7058971961966,68.068957,0.782685,dbscl-sentinel-2-2021\dbscl-sentinel-2_2021-09\S2_2021-09-27_03-35-51\20210927T031541_20210927T032716_T48PVQ_metadata.json,48PVQ
S2B_MSIL2A_20210929T030539_N0301_R075_T48PXT_20210929T062520,,,,40.568041,0.044493,32.277447,24.0982591915376,1.415981,0.0,dbscl-sentinel-2-2021\dbscl-sentinel-2_2021-09\S2_2021-09-29_03-25-01\20210929T030539_20210929T032028_T48PXT_metadata.json,48PXT
S2B_MSIL2A_20210929T030539_N0301_R075_T48PXS_20210929T062520,,,,28.14855,2.609769,21.812403,23.5621896607364,23.837507,0.084337,dbscl-sentinel-2-2021\dbscl-sentinel-2_2021-09\S2_2021-09-29_03-25-15\20210929T030539_20210929T032028_T48PXS_metadata.json,48PXS
S2B_MSIL2A_20210929T030539_N0301_R075_T48PXR_20210929T062520,,,,11.395272,1.423845,4.766313,23.0476435429974,78.438723,0.107244,dbscl-sentinel-2-2021\dbscl-sentinel-2_2021-09\S2_2021-09-29_03-25-30\20210929T030539_20210929T032028_T48PXR_metadata.json,48PXR
S2A_MSIL2A_20211010T032651_N0301_R018_T48PUS_20211010T070644,,,,27.394494,5.18815,7.23489,23.8477847426769,61.102623,0.212701,dbscl-sentinel-2-2021\dbscl-sentinel-2_2021-10\S2_2021-10-10_03-45-22\20211010T032651_20211010T033402_T48PUS_metadata.json,48PUS
S2A_MSIL2A_20211010T032651_N0301_R018_T48PUR_20211010T070644,,,,34.989998,14.212933,0.157101,23.1709364714728,64.82839,0.0,dbscl-sentinel-2-2021\dbscl-sentinel-2_2021-10\S2_2021-10-10_03-45-36\20211010T032651_20211010T033402_T48PUR_metadata.json,48PUR
S2B_MSIL2A_20211015T032719_N0301_R018_T48PUR_20211015T064639,,,,43.591869,21.848218,0.073882,24.3119379405846,56.271797,0.0,dbscl-sentinel-2-2021\dbscl-sentinel-2_2021-10\S2_2021-10-15_03-45-32\20211015T032719_20211015T033821_T48PUR_metadata.json,48PUR
S2B_MSIL2A_20211019T030729_N0301_R075_T48PXS_20211019T051553,,,,36.079965,5.436307,23.688017,27.4685443091855,18.527642,1.384732,dbscl-sentinel-2-2021\dbscl-sentinel-2_2021-10\S2_2021-10-19_03-25-18\20211019T030729_20211019T032324_T48PXS_metadata.json,48PXS
S2B_MSIL2A_20211022T031759_N0301_R118_T48PVT_20211022T063244,,,,47.797327,2.007255,25.747037,28.4904305230311,5.058125,0.0,dbscl-sentinel-2-2021\dbscl-sentinel-2_2021-10\S2_2021-10-22_03-35-05\20211022T031759_20211022T033132_T48PVT_metadata.json,48PVT
S2B_MSIL2A_20211022T031759_N0301_R118_T48PXS_20211022T063244,,,,49.993186,7.98679,17.391478,26.6482379198077,5.211441,1.836519,dbscl-sentinel-2-2021\dbscl-sentinel-2_2021-10\S2_2021-10-22_03-35-13\20211022T031759_20211022T033132_T48PXS_metadata.json,48PXS
S2B_MSIL2A_20211022T031759_N0301_R118_T48PWS_20211022T063244,,,,37.734209,4.1907,21.113871,27.1919524235945,13.699864,0.0,dbscl-sentinel-2-2021\dbscl-sentinel-2_2021-10\S2_2021-10-22_03-35-17\20211022T031759_20211022T033132_T48PWS_metadata.json,48PWS
S2B_MSIL2A_20211022T031759_N0301_R118_T48PVS_20211022T063244,,,,33.306249,11.542626,15.143961,27.7521070012426,31.081364,0.007548,dbscl-sentinel-2-2021\dbscl-sentinel-2_2021-10\S2_2021-10-22_03-35-20\20211022T031759_20211022T033132_T48PVS_metadata.json,48PVS
S2A_MSIL2A_20211024T030811_N0301_R075_T48PXT_20211024T062930,,,,21.67424,3.908464,47.855401,29.3948104082857,1.849114,0.0,dbscl-sentinel-2-2021\dbscl-sentinel-2_2021-10\S2_2021-10-24_03-25-07\20211024T030811_20211024T032245_T48PXT_metadata.json,48PXT
S2A_MSIL2A_20211024T030811_N0301_R075_T48PXS_20211024T062930,,,,45.883924,20.056032,17.061691,28.6601894260899,14.518623,0.008461,dbscl-sentinel-2-2021\dbscl-sentinel-2_2021-10\S2_2021-10-24_03-25-21\20211024T030811_20211024T032245_T48PXS_metadata.json,48PXS
S2B_MSIL2A_20211025T032819_N0301_R018_T48PUS_20211025T071504,,,,31.12649,15.336946,10.960393,27.5609213549854,54.990828,0.178701,dbscl-sentinel-2-2021\dbscl-sentinel-2_2021-10\S2_2021-10-25_03-45-18\20211025T032819_20211025T033521_T48PUS_metadata.json,48PUS
S2B_MSIL2A_20211025T032819_N0301_R018_T48PUR_20211025T071504,,,,20.31865,13.138703,0.161094,26.7932195091383,79.505521,0.0,dbscl-sentinel-2-2021\dbscl-sentinel-2_2021-10\S2_2021-10-25_03-45-32\20211025T032819_20211025T033521_T48PUR_metadata.json,48PUR
S2B_MSIL2A_20211029T030839_N0301_R075_T48PXT_20211029T062041,,,,26.184972,5.963449,44.877499,30.6674195755143,1.431853,0.0,dbscl-sentinel-2-2021\dbscl-sentinel-2_2021-10\S2_2021-10-29_03-25-03\20211029T030839_20211029T032322_T48PXT_metadata.json,48PXT
S2B_MSIL2A_20211029T030839_N0301_R075_T48PXS_20211029T062041,,,,44.13275,16.0492,23.251788,29.9121324914608,12.254404,0.185411,dbscl-sentinel-2-2021\dbscl-sentinel-2_2021-10\S2_2021-10-29_03-25-17\20211029T030839_20211029T032322_T48PXS_metadata.json,48PXS
S2A_MSIL2A_20211030T032851_N0301_R018_T48PUS_20211030T065730,,,,36.330523,21.449275,10.002275,28.8716887366463,50.406736,0.154942,dbscl-sentinel-2-2021\dbscl-sentinel-2_2021-10\S2_2021-10-30_03-45-21\20211030T032851_20211030T033728_T48PUS_metadata.json,48PUS
S2B_MSIL2A_20211101T031859_N0301_R118_T48PXT_20211101T070905,,,,19.242924,1.049229,52.69708,30.0865966841797,2.995493,0.0,dbscl-sentinel-2-2021\dbscl-sentinel-2_2021-11\S2_2021-11-01_03-34-58\20211101T031859_20211101T032530_T48PXT_metadata.json,48PXT
S2B_MSIL2A_20211101T031859_N0301_R118_T48PWT_20211101T070905,,,,28.691537,2.443167,30.040106,30.5635400290737,11.711495,0.0,dbscl-sentinel-2-2021\dbscl-sentinel-2_2021-11\S2_2021-11-01_03-35-02\20211101T031859_20211101T032530_T48PWT_metadata.json,48PWT
S2B_MSIL2A_20211101T031859_N0301_R118_T48PVT_20211101T070905,,,,38.383601,1.539307,34.448141,31.0568190819251,5.077266,0.0,dbscl-sentinel-2-2021\dbscl-sentinel-2_2021-11\S2_2021-11-01_03-35-05\20211101T031859_20211101T032530_T48PVT_metadata.json,48PVT
S2B_MSIL2A_20211101T031859_N0301_R118_T48PXS_20211101T070905,,,,28.937626,0.955261,35.687464,29.2896425412654,6.123555,0.64477,dbscl-sentinel-2-2021\dbscl-sentinel-2_2021-11\S2_2021-11-01_03-35-12\20211101T031859_20211101T032530_T48PXS_metadata.json,48PXS
S2B_MSIL2A_20211101T031859_N0301_R118_T48PWS_20211101T070905,,,,19.663367,3.081335,34.769455,29.7761656354083,16.815899,0.0,dbscl-sentinel-2-2021\dbscl-sentinel-2_2021-11\S2_2021-11-01_03-35-16\20211101T031859_20211101T032530_T48PWS_metadata.json,48PWS
S2B_MSIL2A_20211101T031859_N0301_R118_T48PVS_20211101T070905,,,,13.464409,4e-05,20.98971,30.2792645534768,48.489159,0.122169,dbscl-sentinel-2-2021\dbscl-sentinel-2_2021-11\S2_2021-11-01_03-35-19\20211101T031859_20211101T032530_T48PVS_metadata.json,48PVS
S2B_MSIL2A_20211101T031859_N0301_R118_T48PUS_20211101T070905,,,,13.497803,0.0,19.810933,30.797679960503,61.442816,0.075668,dbscl-sentinel-2-2021\dbscl-sentinel-2_2021-11\S2_2021-11-01_03-35-23\20211101T031859_20211101T032530_T48PUS_metadata.json,48PUS
S2B_MSIL2A_20211101T031859_N0301_R118_T48PXR_20211101T070905,,,,27.723837,6.500547,22.722937,28.4986607578148,31.894526,0.501689,dbscl-sentinel-2-2021\dbscl-sentinel-2_2021-11\S2_2021-11-01_03-35-27\20211101T031859_20211101T032530_T48PXR_metadata.json,48PXR
S2B_MSIL2A_20211101T031859_N0301_R118_T48PWR_20211101T070905,,,,24.821915,3.234431,21.468212,28.9952570115621,18.661544,0.30917,dbscl-sentinel-2-2021\dbscl-sentinel-2_2021-11\S2_2021-11-01_03-35-31\20211101T031859_20211101T032530_T48PWR_metadata.json,48PWR
S2B_MSIL2A_20211101T031859_N0301_R118_T48PVR_20211101T070905,,,,18.465496,12.399756,7.88655,29.5086529470407,63.269812,0.0,dbscl-sentinel-2-2021\dbscl-sentinel-2_2021-11\S2_2021-11-01_03-35-34\20211101T031859_20211101T032530_T48PVR_metadata.json,48PVR
S2B_MSIL2A_20211101T031859_N0301_R118_T48PUR_20211101T070905,,,,16.032262,15.019795,0.045002,30.0375306597377,83.916414,0.0,dbscl-sentinel-2-2021\dbscl-sentinel-2_2021-11\S2_2021-11-01_03-35-37\20211101T031859_20211101T032530_T48PUR_metadata.json,48PUR
S2B_MSIL2A_20211101T031859_N0301_R118_T48PWQ_20211101T070905,,,,17.502629,10.188559,2.804234,28.2204268546013,74.40809,0.001055,dbscl-sentinel-2-2021\dbscl-sentinel-2_2021-11\S2_2021-11-01_03-35-45\20211101T031859_20211101T032530_T48PWQ_metadata.json,48PWQ
S2B_MSIL2A_20211101T031859_N0301_R118_T48PVQ_20211101T070905,,,,19.065578,14.808677,4.049214,28.7446138952739,70.606083,4.6e-05,dbscl-sentinel-2-2021\dbscl-sentinel-2_2021-11\S2_2021-11-01_03-35-48\20211101T031859_20211101T032530_T48PVQ_metadata.json,48PVQ
S2A_MSIL2A_20211103T030911_N0301_R075_T48PXT_20211103T063512,,,,9.768014,3.911759,65.471965,31.9354803081018,1.001515,0.0,dbscl-sentinel-2-2021\dbscl-sentinel-2_2021-11\S2_2021-11-03_03-25-06\20211103T030911_20211103T032344_T48PXT_metadata.json,48PXT
S2B_MSIL2A_20211104T032919_N0301_R018_T48PUS_20211105T150007,,,,26.040051,8.005202,10.467875,30.197801715527,58.745301,0.223932,dbscl-sentinel-2-2021\dbscl-sentinel-2_2021-11\S2_2021-11-04_03-45-17\20211104T032919_20211104T034213_T48PUS_metadata.json,48PUS
S2B_MSIL2A_20211104T032919_N0301_R018_T48PUR_20211105T150007,,,,22.166389,12.402948,0.168462,29.3976218035629,77.652848,0.0,dbscl-sentinel-2-2021\dbscl-sentinel-2_2021-11\S2_2021-11-04_03-45-32\20211104T032919_20211104T034213_T48PUR_metadata.json,48PUR
S2A_MSIL2A_20211106T031931_N0301_R118_T48PXT_20211106T064339,,,,35.247633,23.44013,42.578173,31.4092646655941,2.648145,0.0,dbscl-sentinel-2-2021\dbscl-sentinel-2_2021-11\S2_2021-11-06_03-35-00\20211106T031931_20211106T033432_T48PXT_metadata.json,48PXT
S2A_MSIL2A_20211106T031931_N0301_R118_T48PWT_20211106T064339,,,,19.042533,16.136846,45.30679,31.8651679811569,9.089258,0.0,dbscl-sentinel-2-2021\dbscl-sentinel-2_2021-11\S2_2021-11-06_03-35-04\20211106T031931_20211106T033432_T48PWT_metadata.json,48PWT
S2A_MSIL2A_20211106T031931_N0301_R118_T48PVT_20211106T064339,,,,41.289108,1.363809,34.534776,32.3371521223708,5.006175,0.0,dbscl-sentinel-2-2021\dbscl-sentinel-2_2021-11\S2_2021-11-06_03-35-07\20211106T031931_20211106T033432_T48PVT_metadata.json,48PVT
S2A_MSIL2A_20211106T031931_N0301_R118_T48PWS_20211106T064339,,,,41.918905,24.010418,24.932611,31.0651425442652,10.224218,0.0,dbscl-sentinel-2-2021\dbscl-sentinel-2_2021-11\S2_2021-11-06_03-35-18\20211106T031931_20211106T033432_T48PWS_metadata.json,48PWS
S2A_MSIL2A_20211106T031931_N0301_R118_T48PVS_20211106T064339,,,,38.33328,20.595963,18.717745,31.546154368802,28.760597,0.03774,dbscl-sentinel-2-2021\dbscl-sentinel-2_2021-11\S2_2021-11-06_03-35-22\20211106T031931_20211106T033432_T48PVS_metadata.json,48PVS
S2B_MSIL2A_20211108T030929_N0301_R075_T48PXT_20211108T063004,,,,36.110633,0.058514,19.458751,33.2060948201995,3.424073,0.0,dbscl-sentinel-2-2021\dbscl-sentinel-2_2021-11\S2_2021-11-08_03-25-07\20211108T030929_20211108T032500_T48PXT_metadata.json,48PXT
S2B_MSIL2A_20211108T030929_N0301_R075_T48PXS_20211108T063004,,,,29.105603,0.919786,25.840557,32.4217750938476,19.596472,0.371223,dbscl-sentinel-2-2021\dbscl-sentinel-2_2021-11\S2_2021-11-08_03-25-16\20211108T030929_20211108T032500_T48PXS_metadata.json,48PXS
S2B_MSIL2A_20211108T030929_N0301_R075_T48PXR_20211108T063004,,,,25.892755,5.767487,6.039797,31.6432734963762,62.463337,0.021051,dbscl-sentinel-2-2021\dbscl-sentinel-2_2021-11\S2_2021-11-08_03-25-31\20211108T030929_20211108T032500_T48PXR_metadata.json,48PXR
S2A_MSIL2A_20211113T031001_N0301_R075_T48PXR_20211113T061044,,,,32.838802,12.003817,5.943862,32.8453945833411,54.855114,0.003991,dbscl-sentinel-2-2021\dbscl-sentinel-2_2021-11\S2_2021-11-13_03-25-33\20211113T031001_20211113T032433_T48PXR_metadata.json,48PXR
S2A_MSIL2A_20211119T033031_N0301_R018_T48PUS_20211119T063048,,,,16.943583,7.719674,13.96466,33.9113233246473,64.739597,0.070748,dbscl-sentinel-2-2021\dbscl-sentinel-2_2021-11\S2_2021-11-19_03-45-16\20211119T033031_20211119T034357_T48PUS_metadata.json,48PUS
S2A_MSIL2A_20211119T033031_N0301_R018_T48PUR_20211119T063048,,,,6.73311,0.23398,0.157302,33.0876589202136,93.084693,0.0,dbscl-sentinel-2-2021\dbscl-sentinel-2_2021-11\S2_2021-11-19_03-45-31\20211119T033031_20211119T034357_T48PUR_metadata.json,48PUR
S2B_MSIL2A_20211121T032029_N0301_R118_T48PXT_20211121T052748,,,,4.080182,1.662344,67.506486,35.0881964600074,5.190784,0.0,dbscl-sentinel-2-2021\dbscl-sentinel-2_2021-11\S2_2021-11-21_03-34-54\20211121T032029_20211121T033247_T48PXT_metadata.json,48PXT
S2B_MSIL2A_20211121T032029_N0301_R118_T48PXS_20211121T052748,,,,20.984096,6.230396,43.511969,34.2608396831654,6.026997,0.000164,dbscl-sentinel-2-2021\dbscl-sentinel-2_2021-11\S2_2021-11-21_03-35-08\20211121T032029_20211121T033247_T48PXS_metadata.json,48PXS
S2B_MSIL2A_20211121T032029_N0301_R118_T48PWS_20211121T052748,,,,24.817258,14.766601,31.510764,34.6868971917574,13.007738,0.0,dbscl-sentinel-2-2021\dbscl-sentinel-2_2021-11\S2_2021-11-21_03-35-12\20211121T032029_20211121T033247_T48PWS_metadata.json,48PWS
S2B_MSIL2A_20211121T032029_N0301_R118_T48PVS_20211121T052748,,,,18.645085,10.153593,22.856724,35.1280791100056,40.084052,0.005246,dbscl-sentinel-2-2021\dbscl-sentinel-2_2021-11\S2_2021-11-21_03-35-15\20211121T032029_20211121T033247_T48PVS_metadata.json,48PVS
S2B_MSIL2A_20211121T032029_N0301_R118_T48PUS_20211121T052748,,,,23.001217,15.306927,25.4619,35.5834260503631,46.272114,0.00263,dbscl-sentinel-2-2021\dbscl-sentinel-2_2021-11\S2_2021-11-21_03-35-19\20211121T032029_20211121T033247_T48PUS_metadata.json,48PUS
S2B_MSIL2A_20211121T032029_N0301_R118_T48PVR_20211121T052748,,,,29.832137,25.711855,8.340494,34.3194215763851,54.50812,0.0,dbscl-sentinel-2-2021\dbscl-sentinel-2_2021-11\S2_2021-11-21_03-35-30\20211121T032029_20211121T033247_T48PVR_metadata.json,48PVR
S2B_MSIL2A_20211121T032029_N0301_R118_T48PUR_20211121T052748,,,,36.546054,36.027822,0.046649,34.7826923226794,63.405752,0.0,dbscl-sentinel-2-2021\dbscl-sentinel-2_2021-11\S2_2021-11-21_03-35-33\20211121T032029_20211121T033247_T48PUR_metadata.json,48PUR
S2A_MSIL2A_20211123T031031_N0301_R075_T48PXS_20211123T051432,,,,34.94519,0.912234,22.259355,35.8877910490385,3.739547,0.001994,dbscl-sentinel-2-2021\dbscl-sentinel-2_2021-11\S2_2021-11-23_03-25-09\20211123T031031_20211123T032226_T48PXS_metadata.json,48PXS
S2A_MSIL2A_20211123T031031_N0301_R075_T48PXS_20211123T060751,,,,23.495517,11.171219,36.162603,35.8877910490385,16.355692,0.000538,dbscl-sentinel-2-2021\dbscl-sentinel-2_2021-11\S2_2021-11-23_03-25-17\20211123T031031_20211123T032505_T48PXS_metadata.json,48PXS
S2A_MSIL2A_20211123T031031_N0301_R075_T48PXR_20211123T060751,,,,20.076621,18.750465,8.21825,35.0869542692123,64.544588,0.00027,dbscl-sentinel-2-2021\dbscl-sentinel-2_2021-11\S2_2021-11-23_03-25-31\20211123T031031_20211123T032505_T48PXR_metadata.json,48PXR
S2A_MSIL2A_20211126T032051_N0301_R118_T48PXT_20211126T052646,,,,31.320095,17.104571,46.269876,36.137745659734,4.741572,0.0,dbscl-sentinel-2-2021\dbscl-sentinel-2_2021-11\S2_2021-11-26_03-34-57\20211126T032051_20211126T033243_T48PXT_metadata.json,48PXT
S2A_MSIL2A_20211126T032051_N0301_R118_T48PWT_20211126T052646,,,,31.953307,14.447451,30.084771,36.5516910492682,8.336225,0.0,dbscl-sentinel-2-2021\dbscl-sentinel-2_2021-11\S2_2021-11-26_03-35-00\20211126T032051_20211126T033243_T48PWT_metadata.json,48PWT
S2A_MSIL2A_20211126T032051_N0301_R118_T48PWS_20211126T052646,,,,20.604113,5.03395,31.012368,35.7286148747622,11.461104,0.0,dbscl-sentinel-2-2021\dbscl-sentinel-2_2021-11\S2_2021-11-26_03-35-15\20211126T032051_20211126T033243_T48PWS_metadata.json,48PWS
S2A_MSIL2A_20211126T032051_N0301_R118_T48PVS_20211126T052646,,,,13.688937,8.364478,24.659097,36.1638691481739,46.818659,0.000129,dbscl-sentinel-2-2021\dbscl-sentinel-2_2021-11\S2_2021-11-26_03-35-18\20211126T032051_20211126T033243_T48PVS_metadata.json,48PVS
S2A_MSIL2A_20211126T032051_N0301_R118_T48PUS_20211126T052646,,,,20.880658,12.131844,19.59044,36.6128782958081,57.315511,0.00011,dbscl-sentinel-2-2021\dbscl-sentinel-2_2021-11\S2_2021-11-26_03-35-22\20211126T032051_20211126T033243_T48PUS_metadata.json,48PUS
S2A_MSIL2A_20211126T032051_N0301_R118_T48PWR_20211126T052646,,,,31.334481,2.696525,23.264138,34.9093109532398,12.355343,0.011825,dbscl-sentinel-2-2021\dbscl-sentinel-2_2021-11\S2_2021-11-26_03-35-29\20211126T032051_20211126T033243_T48PWR_metadata.json,48PWR
S2A_MSIL2A_20211126T032051_N0301_R118_T48PVR_20211126T052646,,,,47.672844,10.718358,9.417527,35.3518368718859,34.834686,0.0,dbscl-sentinel-2-2021\dbscl-sentinel-2_2021-11\S2_2021-11-26_03-35-33\20211126T032051_20211126T033243_T48PVR_metadata.json,48PVR
S2A_MSIL2A_20211126T032051_N0301_R118_T48PUR_20211126T052646,,,,23.01283,9.556186,0.052829,35.8083874984599,76.93224,0.0,dbscl-sentinel-2-2021\dbscl-sentinel-2_2021-11\S2_2021-11-26_03-35-36\20211126T032051_20211126T033243_T48PUR_metadata.json,48PUR
S2B_MSIL2A_20211201T032109_N0301_R118_T48PXT_20211201T052700,,,,28.113779,18.346322,54.160821,37.0919935609415,1.811135,0.0,dbscl-sentinel-2-2021\dbscl-sentinel-2_2021-12\S2_2021-12-01_03-34-52\20211201T032109_20211201T033333_T48PXT_metadata.json,48PXT
S2A_MSIL2A_20211206T032121_N0301_R118_T48PXT_20211206T052641,,,,1.047846,0.18684,68.583107,37.9078576934204,5.584417,0.0,dbscl-sentinel-2-2021\dbscl-sentinel-2_2021-12\S2_2021-12-06_03-34-56\20211206T032121_20211206T033325_T48PXT_metadata.json,48PXT
S2A_MSIL2A_20211206T032121_N0301_R118_T48PWT_20211206T052641,,,,1.795274,0.511293,43.708733,38.3218799411168,11.284304,0.0,dbscl-sentinel-2-2021\dbscl-sentinel-2_2021-12\S2_2021-12-06_03-35-00\20211206T032121_20211206T033325_T48PWT_metadata.json,48PWT
S2A_MSIL2A_20211206T032121_N0301_R118_T48PVT_20211206T052641,,,,2.300254,0.839041,60.657328,38.7493830288399,6.965745,0.0,dbscl-sentinel-2-2021\dbscl-sentinel-2_2021-12\S2_2021-12-06_03-35-03\20211206T032121_20211206T033325_T48PVT_metadata.json,48PVT
S2A_MSIL2A_20211206T032121_N0301_R118_T48PXS_20211206T052641,,,,1.26011,0.767977,65.034896,37.0782768719962,9.341285,0.0,dbscl-sentinel-2-2021\dbscl-sentinel-2_2021-12\S2_2021-12-06_03-35-10\20211206T032121_20211206T033325_T48PXS_metadata.json,48PXS
S2A_MSIL2A_20211206T032121_N0301_R118_T48PWS_20211206T052641,,,,17.233918,9.592759,39.855364,37.4984975149054,7.878673,0.0,dbscl-sentinel-2-2021\dbscl-sentinel-2_2021-12\S2_2021-12-06_03-35-14\20211206T032121_20211206T033325_T48PWS_metadata.json,48PWS
S2A_MSIL2A_20211206T032121_N0301_R118_T48PVS_20211206T052641,,,,1.515931,1.061005,32.340518,37.9324859104327,44.915774,0.000713,dbscl-sentinel-2-2021\dbscl-sentinel-2_2021-12\S2_2021-12-06_03-35-17\20211206T032121_20211206T033325_T48PVS_metadata.json,48PVS
S2A_MSIL2A_20211206T032121_N0301_R118_T48PUS_20211206T052641,,,,1.827323,1.449605,33.170256,38.3793844463711,62.02696,8.5e-05,dbscl-sentinel-2-2021\dbscl-sentinel-2_2021-12\S2_2021-12-06_03-35-21\20211206T032121_20211206T033325_T48PUS_metadata.json,48PUS
S2A_MSIL2A_20211206T032121_N0301_R118_T48PXR_20211206T052641,,,,19.482475,8.575943,33.065373,36.2519388668885,30.618718,0.0,dbscl-sentinel-2-2021\dbscl-sentinel-2_2021-12\S2_2021-12-06_03-35-25\20211206T032121_20211206T033325_T48PXR_metadata.json,48PXR
S2A_MSIL2A_20211206T032121_N0301_R118_T48PWR_20211206T052641,,,,16.251995,7.304671,36.964011,36.6786566008194,14.438453,0.000322,dbscl-sentinel-2-2021\dbscl-sentinel-2_2021-12\S2_2021-12-06_03-35-29\20211206T032121_20211206T033325_T48PWR_metadata.json,48PWR
S2A_MSIL2A_20211206T032121_N0301_R118_T48PVR_20211206T052641,,,,7.107094,7.058281,14.271678,37.1194339914679,70.158416,0.0,dbscl-sentinel-2-2021\dbscl-sentinel-2_2021-12\S2_2021-12-06_03-35-32\20211206T032121_20211206T033325_T48PVR_metadata.json,48PVR
S2A_MSIL2A_20211206T032121_N0301_R118_T48PUR_20211206T052641,,,,15.056114,15.055716,0.052244,37.5733797964197,84.890342,0.0,dbscl-sentinel-2-2021\dbscl-sentinel-2_2021-12\S2_2021-12-06_03-35-35\20211206T032121_20211206T033325_T48PUR_metadata.json,48PUR
S2A_MSIL2A_20211206T032121_N0301_R118_T48PWQ_20211206T052641,,,,33.814492,25.415289,4.256519,35.8616587747236,56.560922,0.000116,dbscl-sentinel-2-2021\dbscl-sentinel-2_2021-12\S2_2021-12-06_03-35-43\20211206T032121_20211206T033325_T48PWQ_metadata.json,48PWQ
S2A_MSIL2A_20211206T032121_N0301_R118_T48PVQ_20211206T052641,,,,39.716296,29.163149,6.149352,36.3095489278748,48.195261,0.000103,dbscl-sentinel-2-2021\dbscl-sentinel-2_2021-12\S2_2021-12-06_03-35-46\20211206T032121_20211206T033325_T48PVQ_metadata.json,48PVQ
S2B_MSIL2A_20211208T031119_N0301_R075_T48PXS_20211208T061510,,,,13.702949,3.750585,34.550223,38.5715390659054,23.678114,0.001846,dbscl-sentinel-2-2021\dbscl-sentinel-2_2021-12\S2_2021-12-08_03-25-11\20211208T031119_20211208T031437_T48PXS_metadata.json,48PXS
S2B_MSIL2A_20211208T031119_N0301_R075_T48PXR_20211208T061510,,,,21.843751,10.161338,3.152693,37.7680610112068,68.204594,0.006792,dbscl-sentinel-2-2021\dbscl-sentinel-2_2021-12\S2_2021-12-08_03-25-26\20211208T031119_20211208T031437_T48PXR_metadata.json,48PXR
S2A_MSIL2A_20211209T033131_N0301_R018_T48PUS_20211209T054048,,,,35.949513,13.578419,9.401923,37.6112745410578,51.182061,0.00367,dbscl-sentinel-2-2021\dbscl-sentinel-2_2021-12\S2_2021-12-09_03-45-15\20211209T033131_20211209T034240_T48PUS_metadata.json,48PUS
S2B_MSIL2A_20211211T032129_N0301_R118_T48PVT_20211211T052801,,,,25.406141,5.212266,43.35286,39.453172327589,2.335017,0.0,dbscl-sentinel-2-2021\dbscl-sentinel-2_2021-12\S2_2021-12-11_03-34-58\20211211T032129_20211211T033340_T48PVT_metadata.json,48PVT
S2B_MSIL2A_20211211T032129_N0301_R118_T48PUR_20211211T052801,,,,24.735441,18.629955,0.004482,38.2847454981433,75.259727,0.0,dbscl-sentinel-2-2021\dbscl-sentinel-2_2021-12\S2_2021-12-11_03-35-30\20211211T032129_20211211T033340_T48PUR_metadata.json,48PUR
S2B_MSIL2A_20211211T032129_N0301_R118_T48PVQ_20211211T052801,,,,40.04926,30.38547,2.493416,37.0193315562668,50.530022,0.017077,dbscl-sentinel-2-2021\dbscl-sentinel-2_2021-12\S2_2021-12-11_03-35-42\20211211T032129_20211211T033340_T48PVQ_metadata.json,48PVQ
S2A_MSIL2A_20211216T032141_N0301_R118_T48PVT_20211216T053801,,,,35.245105,0.361812,32.068288,39.9943918659395,1.437243,0.0,dbscl-sentinel-2-2021\dbscl-sentinel-2_2021-12\S2_2021-12-16_03-35-04\20211216T032141_20211216T033012_T48PVT_metadata.json,48PVT
S2A_MSIL2A_20211216T032141_N0301_R118_T48PUR_20211216T053801,,,,44.173966,14.231712,0.005659,38.8375775950879,55.815262,0.0,dbscl-sentinel-2-2021\dbscl-sentinel-2_2021-12\S2_2021-12-16_03-35-36\20211216T032141_20211216T033012_T48PUR_metadata.json,48PUR
S2B_MSIL2A_20211221T032139_N0301_R118_T48PXT_20211221T054008,,,,39.203865,0.985467,22.723271,39.5278087943354,2.964066,0.0,dbscl-sentinel-2-2021\dbscl-sentinel-2_2021-12\S2_2021-12-21_03-34-51\20211221T032139_20211221T033021_T48PXT_metadata.json,48PXT
S2B_MSIL2A_20211221T032139_N0301_R118_T48PWT_20211221T054008,,,,6.146347,3.572965,38.463911,39.9621954612001,5.69871,0.0,dbscl-sentinel-2-2021\dbscl-sentinel-2_2021-12\S2_2021-12-21_03-34-55\20211221T032139_20211221T033021_T48PWT_metadata.json,48PWT
S2B_MSIL2A_20211221T032139_N0301_R118_T48PVT_20211221T054008,,,,4.30852,3.147648,43.582308,40.408941217509,4.015229,0.0,dbscl-sentinel-2-2021\dbscl-sentinel-2_2021-12\S2_2021-12-21_03-34-58\20211221T032139_20211221T033021_T48PVT_metadata.json,48PVT
S2B_MSIL2A_20211221T032139_N0301_R118_T48PXS_20211221T054008,,,,32.738335,0.917073,32.266268,38.7082437866992,4.012773,0.128204,dbscl-sentinel-2-2021\dbscl-sentinel-2_2021-12\S2_2021-12-21_03-35-06\20211221T032139_20211221T033021_T48PXS_metadata.json,48PXS
S2B_MSIL2A_20211221T032139_N0301_R118_T48PWS_20211221T054008,,,,16.861955,10.509098,46.699244,39.1487247300252,4.170873,0.0,dbscl-sentinel-2-2021\dbscl-sentinel-2_2021-12\S2_2021-12-21_03-35-10\20211221T032139_20211221T033021_T48PWS_metadata.json,48PWS
S2B_MSIL2A_20211221T032139_N0301_R118_T48PVS_20211221T054008,,,,13.001081,12.636457,26.872995,39.6018140985557,33.890897,0.0,dbscl-sentinel-2-2021\dbscl-sentinel-2_2021-12\S2_2021-12-21_03-35-13\20211221T032139_20211221T033021_T48PVS_metadata.json,48PVS
S2B_MSIL2A_20211221T032139_N0301_R118_T48PUS_20211221T054008,,,,3.612022,2.151452,27.067834,40.066676686101,62.649935,3.6e-05,dbscl-sentinel-2-2021\dbscl-sentinel-2_2021-12\S2_2021-12-21_03-35-16\20211221T032139_20211221T033021_T48PUS_metadata.json,48PUS
S2B_MSIL2A_20211221T032139_N0301_R118_T48PXR_20211221T054008,,,,27.453421,13.389798,20.185524,37.8920993413978,32.835981,0.028723,dbscl-sentinel-2-2021\dbscl-sentinel-2_2021-12\S2_2021-12-21_03-35-21\20211221T032139_20211221T033021_T48PXR_metadata.json,48PXR
S2B_MSIL2A_20211221T032139_N0301_R118_T48PVR_20211221T054008,,,,12.506737,12.39678,11.436667,38.7986630902221,67.698705,0.0,dbscl-sentinel-2-2021\dbscl-sentinel-2_2021-12\S2_2021-12-21_03-35-27\20211221T032139_20211221T033021_T48PVR_metadata.json,48PVR
S2B_MSIL2A_20211221T032139_N0301_R118_T48PUR_20211221T054008,,,,17.919766,17.452975,0.052185,39.2703669555578,82.026625,0.0,dbscl-sentinel-2-2021\dbscl-sentinel-2_2021-12\S2_2021-12-21_03-35-30\20211221T032139_20211221T033021_T48PUR_metadata.json,48PUR
S2B_MSIL2A_20211221T032139_N0301_R118_T48PWQ_20211221T054008,,,,8.968431,8.621687,3.775445,37.5321540875638,81.73905,0.0,dbscl-sentinel-2-2021\dbscl-sentinel-2_2021-12\S2_2021-12-21_03-35-39\20211221T032139_20211221T033021_T48PWQ_metadata.json,48PWQ
S2B_MSIL2A_20211221T032139_N0301_R118_T48PVQ_20211221T054008,,,,23.847297,20.49969,2.960279,37.9987868654122,67.896652,0.0,dbscl-sentinel-2-2021\dbscl-sentinel-2_2021-12\S2_2021-12-21_03-35-42\20211221T032139_20211221T033021_T48PVQ_metadata.json,48PVQ
S2A_MSIL2A_20211223T031141_N0301_R075_T48PXS_20211223T052747,,,,29.737534,8.769163,29.432508,40.0598888203881,18.029183,0.004322,dbscl-sentinel-2-2021\dbscl-sentinel-2_2021-12\S2_2021-12-23_03-25-17\20211223T031141_20211223T031954_T48PXS_metadata.json,48PXS
S2A_MSIL2A_20211226T032141_N0301_R118_T48PXT_20211226T053811,,,,36.396449,0.006251,26.022732,39.7414596683284,3.482264,0.0,dbscl-sentinel-2-2021\dbscl-sentinel-2_2021-12\S2_2021-12-26_03-34-58\20211226T032141_20211226T033016_T48PXT_metadata.json,48PXT
S2A_MSIL2A_20211226T032141_N0301_R118_T48PXS_20211226T053811,,,,19.352197,1.995168,44.468805,38.9273195183117,4.860796,0.002945,dbscl-sentinel-2-2021\dbscl-sentinel-2_2021-12\S2_2021-12-26_03-35-13\20211226T032141_20211226T033016_T48PXS_metadata.json,48PXS
S2A_MSIL2A_20211226T032141_N0301_R118_T48PWS_20211226T053811,,,,25.332252,1.855356,39.439303,39.3784412794859,3.456041,0.0,dbscl-sentinel-2-2021\dbscl-sentinel-2_2021-12\S2_2021-12-26_03-35-16\20211226T032141_20211226T033016_T48PWS_metadata.json,48PWS
S2A_MSIL2A_20211226T032141_N0301_R118_T48PVS_20211226T053811,,,,32.842244,17.36404,19.500211,39.8418725172175,23.372348,0.000401,dbscl-sentinel-2-2021\dbscl-sentinel-2_2021-12\S2_2021-12-26_03-35-20\20211226T032141_20211226T033016_T48PVS_metadata.json,48PVS
S2A_MSIL2A_20211226T032141_N0301_R118_T48PUS_20211226T053811,,,,26.658539,11.504445,22.23057,40.3167726302588,45.199063,0.002209,dbscl-sentinel-2-2021\dbscl-sentinel-2_2021-12\S2_2021-12-26_03-35-23\20211226T032141_20211226T033016_T48PUS_metadata.json,48PUS
S2A_MSIL2A_20211226T032141_N0301_R118_T48PXR_20211226T053811,,,,13.271452,1.939801,21.017626,38.1167772804593,43.583918,0.008541,dbscl-sentinel-2-2021\dbscl-sentinel-2_2021-12\S2_2021-12-26_03-35-28\20211226T032141_20211226T033016_T48PXR_metadata.json,48PXR
S2A_MSIL2A_20211226T032141_N0301_R118_T48PWR_20211226T053811,,,,13.266705,4.654077,31.675845,38.5743578714172,14.8945,0.001536,dbscl-sentinel-2-2021\dbscl-sentinel-2_2021-12\S2_2021-12-26_03-35-31\20211226T032141_20211226T033016_T48PWR_metadata.json,48PWR
S2A_MSIL2A_20211226T032141_N0301_R118_T48PVR_20211226T053811,,,,37.774208,31.907326,9.808909,39.0444769630012,41.479552,0.0,dbscl-sentinel-2-2021\dbscl-sentinel-2_2021-12\S2_2021-12-26_03-35-34\20211226T032141_20211226T033016_T48PVR_metadata.json,48PVR
S2A_MSIL2A_20211226T032141_N0301_R118_T48PUR_20211226T053811,,,,48.655005,37.864751,0.035542,39.5262662488282,51.299167,0.0,dbscl-sentinel-2-2021\dbscl-sentinel-2_2021-12\S2_2021-12-26_03-35-37\20211226T032141_20211226T033016_T48PUR_metadata.json,48PUR
S2A_MSIL2A_20211226T032141_N0301_R118_T48PWQ_20211226T053811,,,,18.131757,16.606988,3.110239,37.7733944663532,72.91522,0.0008,dbscl-sentinel-2-2021\dbscl-sentinel-2_2021-12\S2_2021-12-26_03-35-45\20211226T032141_20211226T033016_T48PWQ_metadata.json,48PWQ
S2A_MSIL2A_20211226T032141_N0301_R118_T48PVQ_20211226T053811,,,,20.078912,16.063312,3.575728,38.2504980087016,69.11478,0.00075,dbscl-sentinel-2-2021\dbscl-sentinel-2_2021-12\S2_2021-12-26_03-35-49\20211226T032141_20211226T033016_T48PVQ_metadata.json,48PVQ
S2B_MSIL2A_20211228T031129_N0301_R075_T48PXS_20211228T052406,,,,24.565764,5.081047,26.392022,40.2735986050907,21.995173,0.014918,dbscl-sentinel-2-2021\dbscl-sentinel-2_2021-12\S2_2021-12-28_03-25-12\20211228T031129_20211228T031958_T48PXS_metadata.json,48PXS
S2B_MSIL2A_20211228T031129_N0301_R075_T48PXR_20211228T052406,,,,17.962636,7.038236,2.744557,39.4882236567996,72.044677,0.017737,dbscl-sentinel-2-2021\dbscl-sentinel-2_2021-12\S2_2021-12-28_03-25-27\20211228T031129_20211228T031958_T48PXR_metadata.json,48PXR
S2A_MSIL2A_20211229T033141_N0301_R018_T48PUS_20211229T065118,,,,43.150584,26.405689,8.491711,39.1000948175832,43.869033,0.000402,dbscl-sentinel-2-2021\dbscl-sentinel-2_2021-12\S2_2021-12-29_03-45-18\20211229T033141_20211229T034300_T48PUS_metadata.json,48PUS
S2B_MSIL2A_20211231T032129_N0301_R118_T48PXT_20211231T064914,,,,2.674284,2.390843,67.949325,39.8186471257249,3.237233,0.0,dbscl-sentinel-2-2021\dbscl-sentinel-2_2021-12\S2_2021-12-31_03-34-53\20211231T032129_20211231T033256_T48PXT_metadata.json,48PXT
S2B_MSIL2A_20211231T032129_N0301_R118_T48PWT_20211231T064914,,,,9.109499,7.357065,49.612719,40.2768102597659,3.10229,0.0,dbscl-sentinel-2-2021\dbscl-sentinel-2_2021-12\S2_2021-12-31_03-34-56\20211231T032129_20211231T033256_T48PWT_metadata.json,48PWT
S2B_MSIL2A_20211231T032129_N0301_R118_T48PVT_20211231T064914,,,,9.149568,7.029299,47.847608,40.7467614112289,2.589473,0.0,dbscl-sentinel-2-2021\dbscl-sentinel-2_2021-12\S2_2021-12-31_03-35-00\20211231T032129_20211231T033256_T48PVT_metadata.json,48PVT
S2B_MSIL2A_20211231T032129_N0301_R118_T48PXS_20211231T064914,,,,3.196577,3.01624,69.321543,39.0116137985411,5.415618,0.0,dbscl-sentinel-2-2021\dbscl-sentinel-2_2021-12\S2_2021-12-31_03-35-07\20211231T032129_20211231T033256_T48PXS_metadata.json,48PXS
S2B_MSIL2A_20211231T032129_N0301_R118_T48PWS_20211231T064914,,,,4.244586,3.720447,68.101263,39.476090609906,3.707394,0.0,dbscl-sentinel-2-2021\dbscl-sentinel-2_2021-12\S2_2021-12-31_03-35-11\20211231T032129_20211231T033256_T48PWS_metadata.json,48PWS
S2B_MSIL2A_20211231T032129_N0301_R118_T48PVS_20211231T064914,,,,23.049961,22.386101,24.925183,39.9525722406949,36.380765,0.0,dbscl-sentinel-2-2021\dbscl-sentinel-2_2021-12\S2_2021-12-31_03-35-14\20211231T032129_20211231T033256_T48PVS_metadata.json,48PVS
S2B_MSIL2A_20211231T032129_N0301_R118_T48PUS_20211231T064914,,,,9.495096,9.413072,32.500827,40.4402078058843,54.419816,0.000203,dbscl-sentinel-2-2021\dbscl-sentinel-2_2021-12\S2_2021-12-31_03-35-17\20211231T032129_20211231T033256_T48PUS_metadata.json,48PUS
S2B_MSIL2A_20211231T032129_N0301_R118_T48PXR_20211231T064914,,,,13.032111,10.742009,32.598335,38.2083747755731,36.335152,0.006792,dbscl-sentinel-2-2021\dbscl-sentinel-2_2021-12\S2_2021-12-31_03-35-22\20211231T032129_20211231T033256_T48PXR_metadata.json,48PXR
S2B_MSIL2A_20211231T032129_N0301_R118_T48PWR_20211231T064914,,,,8.241814,7.614822,40.161943,38.679446715372,14.828032,0.001364,dbscl-sentinel-2-2021\dbscl-sentinel-2_2021-12\S2_2021-12-31_03-35-25\20211231T032129_20211231T033256_T48PWR_metadata.json,48PWR
S2B_MSIL2A_20211231T032129_N0301_R118_T48PVR_20211231T064914,,,,29.983326,29.853934,9.773644,39.1627394232942,51.256728,0.0,dbscl-sentinel-2-2021\dbscl-sentinel-2_2021-12\S2_2021-12-31_03-35-29\20211231T032129_20211231T033256_T48PVR_metadata.json,48PVR
S2B_MSIL2A_20211231T032129_N0301_R118_T48PVQ_20211231T064914,,,,42.225394,41.378346,3.323711,38.3766018916051,50.534981,0.001556,dbscl-sentinel-2-2021\dbscl-sentinel-2_2021-12\S2_2021-12-31_03-35-43\20211231T032129_20211231T033256_T48PVQ_metadata.json,48PVQ
S2B_MSIL2A_20220103T033129_N0301_R018_T48PUS_20220103T061731,,,,10.585223,10.048835,20.213915,39.0908706639087,65.062147,4.2e-05,dbscl-sentinel-2-2022\dbscl-sentinel-2_2022-01\S2_2022-01-03_03-45-12\20220103T033129_20220103T034258_T48PUS_metadata.json,48PUS
S2A_MSIL2A_20220105T032131_N0301_R118_T48PXT_20220105T053957,,,,18.741608,0.244838,46.33078,39.7091670451205,2.61928,0.0,dbscl-sentinel-2-2022\dbscl-sentinel-2_2022-01\S2_2022-01-05_03-34-58\20220105T032131_20220105T033005_T48PXT_metadata.json,48PXT
S2A_MSIL2A_20220105T032131_N0301_R118_T48PWT_20220105T053957,,,,21.254015,0.319621,33.16786,40.1814168061886,4.077808,0.0,dbscl-sentinel-2-2022\dbscl-sentinel-2_2022-01\S2_2022-01-05_03-35-02\20220105T032131_20220105T033005_T48PWT_metadata.json,48PWT
S2A_MSIL2A_20220105T032131_N0301_R118_T48PVT_20220105T053957,,,,5.244624,0.181327,45.392755,40.6652269084934,3.998503,0.0,dbscl-sentinel-2-2022\dbscl-sentinel-2_2022-01\S2_2022-01-05_03-35-05\20220105T032131_20220105T033005_T48PVT_metadata.json,48PVT
S2A_MSIL2A_20220105T032131_N0301_R118_T48PWS_20220105T053957,,,,42.831317,0.257202,26.409653,39.3887889146434,2.061121,0.0,dbscl-sentinel-2-2022\dbscl-sentinel-2_2022-01\S2_2022-01-05_03-35-17\20220105T032131_20220105T033005_T48PWS_metadata.json,48PWS
S2A_MSIL2A_20220105T032131_N0301_R118_T48PVS_20220105T053957,,,,16.797812,5.675632,26.018545,39.8793055680803,36.693385,0.014429,dbscl-sentinel-2-2022\dbscl-sentinel-2_2022-01\S2_2022-01-05_03-35-20\20220105T032131_20220105T033005_T48PVS_metadata.json,48PVS
S2A_MSIL2A_20220105T032131_N0301_R118_T48PUS_20220105T053957,,,,13.150721,7.121158,27.778706,40.3807135328504,54.255652,0.00018,dbscl-sentinel-2-2022\dbscl-sentinel-2_2022-01\S2_2022-01-05_03-35-23\20220105T032131_20220105T033005_T48PUS_metadata.json,48PUS
S2A_MSIL2A_20220105T032131_N0301_R118_T48PXR_20220105T053957,,,,18.273425,6.777729,26.465371,38.1149789574138,36.994928,0.001011,dbscl-sentinel-2-2022\dbscl-sentinel-2_2022-01\S2_2022-01-05_03-35-28\20220105T032131_20220105T033005_T48PXR_metadata.json,48PXR
S2A_MSIL2A_20220105T032131_N0301_R118_T48PVR_20220105T053957,,,,48.003052,10.651869,1.791205,39.0980063941736,45.814925,0.0,dbscl-sentinel-2-2022\dbscl-sentinel-2_2022-01\S2_2022-01-05_03-35-34\20220105T032131_20220105T033005_T48PVR_metadata.json,48PVR
S2A_MSIL2A_20220105T032131_N0301_R118_T48PUR_20220105T053957,,,,21.105265,18.159597,0.0455,39.6065610089569,78.84562,0.0,dbscl-sentinel-2-2022\dbscl-sentinel-2_2022-01\S2_2022-01-05_03-35-37\20220105T032131_20220105T033005_T48PUR_metadata.json,48PUR
S2A_MSIL2A_20220105T032131_N0301_R118_T48PWQ_20220105T053957,,,,25.494956,16.041404,1.986135,37.8159454339073,68.298417,0.001264,dbscl-sentinel-2-2022\dbscl-sentinel-2_2022-01\S2_2022-01-05_03-35-46\20220105T032131_20220105T033005_T48PWQ_metadata.json,48PWQ
S2A_MSIL2A_20220105T032131_N0301_R118_T48PVQ_20220105T053957,,,,48.82206,7.019018,1.978278,38.3207189036612,43.704537,0.000408,dbscl-sentinel-2-2022\dbscl-sentinel-2_2022-01\S2_2022-01-05_03-35-49\20220105T032131_20220105T033005_T48PVQ_metadata.json,48PVQ
S2B_MSIL2A_20220107T031119_N0301_R075_T48PXS_20220107T052642,,,,7.393543,0.0,39.16977,40.2056017898626,27.65438,0.001141,dbscl-sentinel-2-2022\dbscl-sentinel-2_2022-01\S2_2022-01-07_03-25-12\20220107T031119_20220107T032119_T48PXS_metadata.json,48PXS
S2B_MSIL2A_20220107T031119_N0301_R075_T48PXR_20220107T052642,,,,0.076709,0.0,7.68594,39.4378897912535,83.647484,0.000759,dbscl-sentinel-2-2022\dbscl-sentinel-2_2022-01\S2_2022-01-07_03-25-27\20220107T031119_20220107T032119_T48PXR_metadata.json,48PXR
S2A_MSIL2A_20220108T033131_N0301_R018_T48PUS_20220108T065316,,,,15.924956,12.499521,18.586643,38.8958312349764,61.166304,0.005919,dbscl-sentinel-2-2022\dbscl-sentinel-2_2022-01\S2_2022-01-08_03-45-18\20220108T033131_20220108T034133_T48PUS_metadata.json,48PUS
S2A_MSIL2A_20220108T033131_N0301_R018_T48PUR_20220108T065316,,,,44.723034,12.184405,0.122128,38.1044639901189,55.111891,0.0,dbscl-sentinel-2-2022\dbscl-sentinel-2_2022-01\S2_2022-01-08_03-45-32\20220108T033131_20220108T034133_T48PUR_metadata.json,48PUR
S2B_MSIL2A_20220110T032109_N0301_R118_T48PXT_20220110T054029,,,,20.353652,0.021353,44.785333,39.4605706061136,2.208333,0.0,dbscl-sentinel-2-2022\dbscl-sentinel-2_2022-01\S2_2022-01-10_03-34-53\20220110T032109_20220110T032946_T48PXT_metadata.json,48PXT
S2B_MSIL2A_20220110T032109_N0301_R118_T48PWT_20220110T054029,,,,34.052106,0.087554,21.631268,39.94902453961,2.904746,0.0,dbscl-sentinel-2-2022\dbscl-sentinel-2_2022-01\S2_2022-01-10_03-34-56\20220110T032109_20220110T032946_T48PWT_metadata.json,48PWT
S2B_MSIL2A_20220110T032109_N0301_R118_T48PVT_20220110T054029,,,,31.624891,10.754112,21.435383,40.4488085477574,2.414676,0.0,dbscl-sentinel-2-2022\dbscl-sentinel-2_2022-01\S2_2022-01-10_03-35-00\20220110T032109_20220110T032946_T48PVT_metadata.json,48PVT
S2B_MSIL2A_20220110T032109_N0301_R118_T48PXS_20220110T054029,,,,38.610247,1.456148,29.536003,38.6709957610928,3.440615,0.491316,dbscl-sentinel-2-2022\dbscl-sentinel-2_2022-01\S2_2022-01-10_03-35-07\20220110T032109_20220110T032946_T48PXS_metadata.json,48PXS
S2B_MSIL2A_20220110T032109_N0301_R118_T48PWS_20220110T054029,,,,27.899331,1.869476,41.079542,39.1661916600058,2.852721,0.0,dbscl-sentinel-2-2022\dbscl-sentinel-2_2022-01\S2_2022-01-10_03-35-11\20220110T032109_20220110T032946_T48PWS_metadata.json,48PWS
S2B_MSIL2A_20220110T032109_N0301_R118_T48PVS_20220110T054029,,,,42.040223,8.304963,17.864276,39.6728978492101,22.89,0.041456,dbscl-sentinel-2-2022\dbscl-sentinel-2_2022-01\S2_2022-01-10_03-35-14\20220110T032109_20220110T032946_T48PVS_metadata.json,48PVS
S2B_MSIL2A_20220110T032109_N0301_R118_T48PXR_20220110T054029,,,,18.112462,5.491297,24.494681,37.8858695871927,36.406258,0.006195,dbscl-sentinel-2-2022\dbscl-sentinel-2_2022-01\S2_2022-01-10_03-35-22\20220110T032109_20220110T032946_T48PXR_metadata.json,48PXR
S2B_MSIL2A_20220110T032109_N0301_R118_T48PWR_20220110T054029,,,,19.808136,3.769761,26.775751,38.3880871484842,14.684483,0.019157,dbscl-sentinel-2-2022\dbscl-sentinel-2_2022-01\S2_2022-01-10_03-35-25\20220110T032109_20220110T032946_T48PWR_metadata.json,48PWR
S2B_MSIL2A_20220110T032109_N0301_R118_T48PVR_20220110T054029,,,,13.184545,11.990371,10.759055,38.9019879436811,63.954425,0.0,dbscl-sentinel-2-2022\dbscl-sentinel-2_2022-01\S2_2022-01-10_03-35-29\20220110T032109_20220110T032946_T48PVR_metadata.json,48PVR
S2B_MSIL2A_20220110T032109_N0301_R118_T48PUR_20220110T054029,,,,38.271201,18.057674,4.2e-05,39.4266581763144,61.727649,0.0,dbscl-sentinel-2-2022\dbscl-sentinel-2_2022-01\S2_2022-01-10_03-35-32\20220110T032109_20220110T032946_T48PUR_metadata.json,48PUR
S2B_MSIL2A_20220110T032109_N0301_R118_T48PWQ_20220110T054029,,,,32.910652,30.242243,2.620705,37.6140623229228,58.237225,0.000126,dbscl-sentinel-2-2022\dbscl-sentinel-2_2022-01\S2_2022-01-10_03-35-40\20220110T032109_20220110T032946_T48PWQ_metadata.json,48PWQ
S2B_MSIL2A_20220110T032109_N0301_R118_T48PVQ_20220110T054029,,,,28.165683,23.476946,2.479766,38.1354600113037,62.638181,0.0,dbscl-sentinel-2-2022\dbscl-sentinel-2_2022-01\S2_2022-01-10_03-35-43\20220110T032109_20220110T032946_T48PVQ_metadata.json,48PVQ
S2A_MSIL2A_20220112T031111_N0301_R075_T48PXS_20220112T052948,,,,37.152359,21.734294,29.359072,39.9231670531649,20.985672,0.016945,dbscl-sentinel-2-2022\dbscl-sentinel-2_2022-01\S2_2022-01-12_03-25-17\20220112T031111_20220112T031925_T48PXS_metadata.json,48PXS
S2A_MSIL2A_20220112T031111_N0301_R075_T48PXR_20220112T052948,,,,8.711356,8.262376,7.508375,39.1662694718729,75.329149,0.004846,dbscl-sentinel-2-2022\dbscl-sentinel-2_2022-01\S2_2022-01-12_03-25-32\20220112T031111_20220112T031925_T48PXR_metadata.json,48PXR
S2B_MSIL2A_20220113T033109_N0301_R018_T48PUS_20220113T055239,,,,15.482453,11.13221,18.028213,38.5648221833558,61.269993,0.000299,dbscl-sentinel-2-2022\dbscl-sentinel-2_2022-01\S2_2022-01-13_03-45-12\20220113T033109_20220113T033903_T48PUS_metadata.json,48PUS
S2B_MSIL2A_20220113T033109_N0301_R018_T48PUR_20220113T055239,,,,10.597956,9.143934,0.164088,37.7841306472062,89.219105,0.0,dbscl-sentinel-2-2022\dbscl-sentinel-2_2022-01\S2_2022-01-13_03-45-27\20220113T033109_20220113T033903_T48PUR_metadata.json,48PUR
S2A_MSIL2A_20220115T032101_N0301_R118_T48PXT_20220115T053903,,,,27.836489,11.270367,50.93568,39.0284599729231,2.079813,0.0,dbscl-sentinel-2-2022\dbscl-sentinel-2_2022-01\S2_2022-01-15_03-34-58\20220115T032101_20220115T032832_T48PXT_metadata.json,48PXT
S2A_MSIL2A_20220115T032101_N0301_R118_T48PWT_20220115T053903,,,,42.523996,15.240131,31.172082,39.5336871137956,1.037219,0.0,dbscl-sentinel-2-2022\dbscl-sentinel-2_2022-01\S2_2022-01-15_03-35-01\20220115T032101_20220115T032832_T48PWT_metadata.json,48PWT
S2A_MSIL2A_20220115T032101_N0301_R118_T48PVT_20220115T053903,,,,11.032164,6.520045,32.227346,40.0500644202772,2.214234,0.0,dbscl-sentinel-2-2022\dbscl-sentinel-2_2022-01\S2_2022-01-15_03-35-02\20220115T032101_20220115T032832_T48PVT_metadata.json,48PVT
S2A_MSIL2A_20220115T032101_N0301_R118_T48PXS_20220115T053903,,,,48.583288,8.958042,28.243682,38.2493358631903,0.868427,0.0,dbscl-sentinel-2-2022\dbscl-sentinel-2_2022-01\S2_2022-01-15_03-35-06\20220115T032101_20220115T032832_T48PXS_metadata.json,48PXS
S2A_MSIL2A_20220115T032101_N0301_R118_T48PWS_20220115T053903,,,,49.233499,24.874446,36.25007,38.7615918076492,0.081353,0.0,dbscl-sentinel-2-2022\dbscl-sentinel-2_2022-01\S2_2022-01-15_03-35-08\20220115T032101_20220115T032832_T48PWS_metadata.json,48PWS
S2A_MSIL2A_20220115T032101_N0301_R118_T48PWT_20220115T061942,,,,37.320945,13.414189,42.597619,39.5336871137956,1.740141,0.0,dbscl-sentinel-2-2022\dbscl-sentinel-2_2022-01\S2_2022-01-15_03-35-08\20220115T032101_20220115T033502_T48PWT_metadata.json,48PWT
S2A_MSIL2A_20220115T032101_N0301_R118_T48PVT_20220115T061942,,,,11.312818,4.802286,48.791543,40.0500644202772,0.646068,0.0,dbscl-sentinel-2-2022\dbscl-sentinel-2_2022-01\S2_2022-01-15_03-35-09\20220115T032101_20220115T033502_T48PVT_metadata.json,48PVT
S2A_MSIL2A_20220115T032101_N0301_R118_T48PXS_20220115T061942,,,,24.404953,8.588436,54.419005,38.2493358631903,4.333239,9.3e-05,dbscl-sentinel-2-2022\dbscl-sentinel-2_2022-01\S2_2022-01-15_03-35-13\20220115T032101_20220115T033502_T48PXS_metadata.json,48PXS
S2A_MSIL2A_20220115T032101_N0301_R118_T48PWS_20220115T061942,,,,25.126617,11.125439,56.293583,38.7615918076492,3.269054,0.0,dbscl-sentinel-2-2022\dbscl-sentinel-2_2022-01\S2_2022-01-15_03-35-16\20220115T032101_20220115T033502_T48PWS_metadata.json,48PWS
S2A_MSIL2A_20220115T032101_N0301_R118_T48PVS_20220115T061942,,,,19.717837,7.405815,26.87563,39.2851533041888,35.493913,0.000461,dbscl-sentinel-2-2022\dbscl-sentinel-2_2022-01\S2_2022-01-15_03-35-19\20220115T032101_20220115T033502_T48PVS_metadata.json,48PVS
S2A_MSIL2A_20220115T032101_N0301_R118_T48PUS_20220115T061942,,,,17.67801,6.019693,28.36709,39.8191083819714,49.391505,0.020832,dbscl-sentinel-2-2022\dbscl-sentinel-2_2022-01\S2_2022-01-15_03-35-22\20220115T032101_20220115T033502_T48PUS_metadata.json,48PUS
S2A_MSIL2A_20220115T032101_N0301_R118_T48PXR_20220115T061942,,,,10.55565,9.308336,33.557698,37.4750699406313,37.055787,0.001141,dbscl-sentinel-2-2022\dbscl-sentinel-2_2022-01\S2_2022-01-15_03-35-27\20220115T032101_20220115T033502_T48PXR_metadata.json,48PXR
S2A_MSIL2A_20220115T032101_N0301_R118_T48PWR_20220115T061942,,,,7.980087,5.277452,40.539533,37.9946293115065,16.086081,0.000425,dbscl-sentinel-2-2022\dbscl-sentinel-2_2022-01\S2_2022-01-15_03-35-30\20220115T032101_20220115T033502_T48PWR_metadata.json,48PWR
S2A_MSIL2A_20220115T032101_N0301_R118_T48PVR_20220115T061942,,,,31.260205,16.078268,9.716534,38.5256463990823,47.696158,0.0,dbscl-sentinel-2-2022\dbscl-sentinel-2_2022-01\S2_2022-01-15_03-35-33\20220115T032101_20220115T033502_T48PVR_metadata.json,48PVR
S2A_MSIL2A_20220115T032101_N0301_R118_T48PUR_20220115T061942,,,,37.194225,27.21523,0.047975,39.0671833453439,62.755007,0.0,dbscl-sentinel-2-2022\dbscl-sentinel-2_2022-01\S2_2022-01-15_03-35-36\20220115T032101_20220115T033502_T48PUR_metadata.json,48PUR
S2A_MSIL2A_20220115T032101_N0301_R118_T48PWQ_20220115T061942,,,,14.71883,8.741026,2.37896,37.2322269218608,77.141309,0.002595,dbscl-sentinel-2-2022\dbscl-sentinel-2_2022-01\S2_2022-01-15_03-35-45\20220115T032101_20220115T033502_T48PWQ_metadata.json,48PWQ
S2A_MSIL2A_20220115T032101_N0301_R118_T48PVQ_20220115T061942,,,,28.307773,13.088033,3.976526,37.7710070528054,60.513997,0.00152,dbscl-sentinel-2-2022\dbscl-sentinel-2_2022-01\S2_2022-01-15_03-35-48\20220115T032101_20220115T033502_T48PVQ_metadata.json,48PVQ
S2B_MSIL2A_20220117T031049_N0301_R075_T48PXR_20220117T052812,,,,27.441252,0.000423,0.487712,38.7688389256738,67.468476,0.014858,dbscl-sentinel-2-2022\dbscl-sentinel-2_2022-01\S2_2022-01-17_03-25-26\20220117T031049_20220117T032242_T48PXR_metadata.json,48PXR
S2A_MSIL2A_20220118T033051_N0301_R018_T48PUS_20220118T062756,,,,19.882596,9.666452,15.968126,38.0550756292481,57.974309,0.014802,dbscl-sentinel-2-2022\dbscl-sentinel-2_2022-01\S2_2022-01-18_03-45-17\20220118T033051_20220118T034437_T48PUS_metadata.json,48PUS
S2A_MSIL2A_20220118T033051_N0301_R018_T48PUR_20220118T062756,,,,22.404992,17.033345,0.159026,37.2860416674156,77.417207,0.0,dbscl-sentinel-2-2022\dbscl-sentinel-2_2022-01\S2_2022-01-18_03-45-31\20220118T033051_20220118T034437_T48PUR_metadata.json,48PUR
S2B_MSIL2A_20220120T032039_N0301_R118_T48PXT_20220120T070202,,,,3.602712,0.051074,64.513737,38.4657572094141,2.271498,0.0,dbscl-sentinel-2-2022\dbscl-sentinel-2_2022-01\S2_2022-01-20_03-34-52\20220120T032039_20220120T032424_T48PXT_metadata.json,48PXT
S2B_MSIL2A_20220120T032039_N0301_R118_T48PWT_20220120T070202,,,,16.61587,0.003825,36.870253,38.9895001578049,3.127399,0.0,dbscl-sentinel-2-2022\dbscl-sentinel-2_2022-01\S2_2022-01-20_03-34-56\20220120T032039_20220120T032424_T48PWT_metadata.json,48PWT
S2B_MSIL2A_20220120T032039_N0301_R118_T48PVT_20220120T070202,,,,8.467955,0.001874,36.291274,39.5241991701602,2.24762,0.0,dbscl-sentinel-2-2022\dbscl-sentinel-2_2022-01\S2_2022-01-20_03-34-59\20220120T032039_20220120T032424_T48PVT_metadata.json,48PVT
S2B_MSIL2A_20220120T032039_N0301_R118_T48PXS_20220120T070202,,,,20.977559,0.001121,42.284688,37.6988757903195,3.361348,0.061369,dbscl-sentinel-2-2022\dbscl-sentinel-2_2022-01\S2_2022-01-20_03-35-07\20220120T032039_20220120T032424_T48PXS_metadata.json,48PXS
S2B_MSIL2A_20220120T032039_N0301_R118_T48PWS_20220120T070202,,,,15.728385,2.061871,57.885933,38.2299671452037,3.002601,0.0,dbscl-sentinel-2-2022\dbscl-sentinel-2_2022-01\S2_2022-01-20_03-35-10\20220120T032039_20220120T032424_T48PWS_metadata.json,48PWS
S2B_MSIL2A_20220120T032039_N0301_R118_T48PVS_20220120T070202,,,,49.759069,2.113785,21.145803,38.7721462132719,16.058657,0.000687,dbscl-sentinel-2-2022\dbscl-sentinel-2_2022-01\S2_2022-01-20_03-35-13\20220120T032039_20220120T032424_T48PVS_metadata.json,48PVS
S2B_MSIL2A_20220120T032039_N0301_R118_T48PXR_20220120T070202,,,,12.438827,3.678174,28.006902,36.9373459645679,37.445241,0.000974,dbscl-sentinel-2-2022\dbscl-sentinel-2_2022-01\S2_2022-01-20_03-35-21\20220120T032039_20220120T032424_T48PXR_metadata.json,48PXR
S2B_MSIL2A_20220120T032039_N0301_R118_T48PWR_20220120T070202,,,,4.138255,3.486993,40.286773,37.4760770213613,17.051364,0.000484,dbscl-sentinel-2-2022\dbscl-sentinel-2_2022-01\S2_2022-01-20_03-35-25\20220120T032039_20220120T032424_T48PWR_metadata.json,48PWR
S2B_MSIL2A_20220120T032039_N0301_R118_T48PVR_20220120T070202,,,,20.48962,10.041168,9.993288,38.0260193600945,56.838351,0.0,dbscl-sentinel-2-2022\dbscl-sentinel-2_2022-01\S2_2022-01-20_03-35-28\20220120T032039_20220120T032424_T48PVR_metadata.json,48PVR
S2B_MSIL2A_20220120T032039_N0301_R118_T48PUR_20220120T070202,,,,19.099146,14.395353,0.014052,38.5862067142956,80.873704,0.0,dbscl-sentinel-2-2022\dbscl-sentinel-2_2022-01\S2_2022-01-20_03-35-31\20220120T032039_20220120T032424_T48PUR_metadata.json,48PUR
S2B_MSIL2A_20220120T032039_N0301_R118_T48PWQ_20220120T070202,,,,2.036161,1.945262,3.446644,36.7273043944283,88.25379,0.000242,dbscl-sentinel-2-2022\dbscl-sentinel-2_2022-01\S2_2022-01-20_03-35-39\20220120T032039_20220120T032424_T48PWQ_metadata.json,48PWQ
S2B_MSIL2A_20220120T032039_N0301_R118_T48PVQ_20220120T070202,,,,21.99999,20.346515,4.893132,37.2853067977225,65.681827,3.3e-05,dbscl-sentinel-2-2022\dbscl-sentinel-2_2022-01\S2_2022-01-20_03-35-43\20220120T032039_20220120T032424_T48PVQ_metadata.json,48PVQ
S2A_MSIL2A_20220122T031021_N0301_R075_T48PXS_20220122T054359,,,,1.925065,0.0,37.646747,38.930823963887,7.291304,0.0,dbscl-sentinel-2-2022\dbscl-sentinel-2_2022-01\S2_2022-01-22_03-25-09\20220122T031021_20220122T031636_T48PXS_metadata.json,48PXS
S2A_MSIL2A_20220122T031021_N0301_R075_T48PXS_20220122T052100,,,,0.852038,0.0,44.107956,38.9308239638869,29.298183,0.0235,dbscl-sentinel-2-2022\dbscl-sentinel-2_2022-01\S2_2022-01-22_03-25-17\20220122T031021_20220122T032504_T48PXS_metadata.json,48PXS
S2A_MSIL2A_20220122T031021_N0301_R075_T48PXR_20220122T052100,,,,2.790826,0.0,7.481003,38.2006384499206,81.235188,0.00028,dbscl-sentinel-2-2022\dbscl-sentinel-2_2022-01\S2_2022-01-22_03-25-31\20220122T031021_20220122T032504_T48PXR_metadata.json,48PXR
S2B_MSIL2A_20220123T033029_N0301_R018_T48PUS_20220123T070828,,,,28.658203,12.220582,7.95223,37.4216699886013,54.89763,1.634062,dbscl-sentinel-2-2022\dbscl-sentinel-2_2022-01\S2_2022-01-23_03-45-11\20220123T033029_20220123T034241_T48PUS_metadata.json,48PUS
S2B_MSIL2A_20220123T033029_N0301_R018_T48PUR_20220123T070828,,,,22.879525,18.45403,0.14743,36.6662734262294,76.950252,0.0,dbscl-sentinel-2-2022\dbscl-sentinel-2_2022-01\S2_2022-01-23_03-45-26\20220123T033029_20220123T034241_T48PUR_metadata.json,48PUR
S2A_MSIL2A_20220125T032021_N0400_R118_T48PUS_20220125T060655,0.337517,3.418525,244.415827,41.670224,23.562726,14.247546,38.6611568792945,36.090556,0.0,dbscl-sentinel-2-2022\dbscl-sentinel-2_2022-01\S2_2022-01-25_03-35-22\20220125T032021_20220125T032850_T48PUS_metadata.json,48PUS
S2A_MSIL2A_20220125T032021_N0400_R118_T48PUR_20220125T060655,0.308581,4.13,244.605513,49.304298,13.216373,0.012086,37.9377916703018,50.664902,0.0,dbscl-sentinel-2-2022\dbscl-sentinel-2_2022-01\S2_2022-01-25_03-35-36\20220125T032021_20220125T032850_T48PUR_metadata.json,48PUR
S2A_MSIL2A_20220125T032021_N0400_R118_T48PWQ_20220125T060655,0.239735,3.903036,243.473949,34.373888,23.313019,1.297431,36.055169910299,58.093184,0.0,dbscl-sentinel-2-2022\dbscl-sentinel-2_2022-01\S2_2022-01-25_03-35-44\20220125T032021_20220125T032850_T48PWQ_metadata.json,48PWQ
S2A_MSIL2A_20220125T032021_N0400_R118_T48PVQ_20220125T060655,0.267105,4.007662,244.065649,28.286469,23.870286,1.468439,36.6329446261428,63.55263,0.0,dbscl-sentinel-2-2022\dbscl-sentinel-2_2022-01\S2_2022-01-25_03-35-47\20220125T032021_20220125T032850_T48PVQ_metadata.json,48PVQ
S2B_MSIL2A_20220127T030959_N0400_R075_T48PXS_20220201T160028,0.343847,3.343994,249.064245,39.143068,7.422052,7.423782,38.2380963968828,19.743824,0.0,dbscl-sentinel-2-2022\dbscl-sentinel-2_2022-01\S2_2022-01-27_03-25-10\20220127T030959_20220127T032055_T48PXS_metadata.json,48PXS
S2B_MSIL2A_20220127T030959_N0400_R075_T48PXR_20220201T160028,0.277645,3.496191,248.611595,49.946451,34.696269,0.109123,37.5240736674361,42.442381,0.0,dbscl-sentinel-2-2022\dbscl-sentinel-2_2022-01\S2_2022-01-27_03-25-25\20220127T030959_20220127T032055_T48PXR_metadata.json,48PXR
S2A_MSIL2A_20220128T033011_N0400_R018_T48PUS_20220128T062255,0.292254,3.560393,247.28138,33.202216,10.035983,9.186541,36.6220277753499,51.992303,0.0,dbscl-sentinel-2-2022\dbscl-sentinel-2_2022-01\S2_2022-01-28_03-45-16\20220128T033011_20220128T033637_T48PUS_metadata.json,48PUS
S2B_MSIL2A_20220130T031949_N0400_R118_T48PXT_20220130T054604,0.373184,4.048366,243.81041,47.633019,0.550401,6.447709,36.8887986035185,1.350247,0.0,dbscl-sentinel-2-2022\dbscl-sentinel-2_2022-01\S2_2022-01-30_03-34-51\20220130T031949_20220130T032921_T48PXT_metadata.json,48PXT
S2B_MSIL2A_20220130T031949_N0400_R118_T48PVT_20220130T054604,0.500735,4.062421,245.542029,39.726669,6.365106,12.183261,38.0257408954525,0.477704,0.0,dbscl-sentinel-2-2022\dbscl-sentinel-2_2022-01\S2_2022-01-30_03-34-58\20220130T031949_20220130T032921_T48PVT_metadata.json,48PVT
S2B_MSIL2A_20220130T031949_N0400_R118_T48PWS_20220130T054604,0.35934,4.441458,243.35949,42.515442,5.6e-05,21.159536,36.7218648979869,2.670277,0.0,dbscl-sentinel-2-2022\dbscl-sentinel-2_2022-01\S2_2022-01-30_03-35-09\20220130T031949_20220130T032921_T48PWS_metadata.json,48PWS
S2B_MSIL2A_20220130T031949_N0400_R118_T48PVS_20220130T054604,0.450242,4.389381,243.477299,37.763807,4.566548,11.862721,37.3038373460103,32.623398,0.0,dbscl-sentinel-2-2022\dbscl-sentinel-2_2022-01\S2_2022-01-30_03-35-12\20220130T031949_20220130T032921_T48PVS_metadata.json,48PVS
S2B_MSIL2A_20220130T031949_N0400_R118_T48PUS_20220130T054604,0.363951,4.115537,243.922594,28.098449,0.91023,10.454638,37.8954809830891,52.171218,0.0,dbscl-sentinel-2-2022\dbscl-sentinel-2_2022-01\S2_2022-01-30_03-35-16\20220130T031949_20220130T032921_T48PUS_metadata.json,48PUS
S2B_MSIL2A_20220130T031949_N0400_R118_T48PXR_20220130T054604,0.340524,4.128262,242.723437,43.215829,0.014167,8.558363,35.4190234591103,36.28464,0.0,dbscl-sentinel-2-2022\dbscl-sentinel-2_2022-01\S2_2022-01-30_03-35-20\20220130T031949_20220130T032921_T48PXR_metadata.json,48PXR
S2B_MSIL2A_20220130T031949_N0400_R118_T48PWR_20220130T054604,0.341683,4.27157,242.91144,38.042718,0.179243,16.151679,35.9987423831046,14.937708,0.0,dbscl-sentinel-2-2022\dbscl-sentinel-2_2022-01\S2_2022-01-30_03-35-24\20220130T031949_20220130T032921_T48PWR_metadata.json,48PWR
S2B_MSIL2A_20220130T031949_N0400_R118_T48PVR_20220130T054604,0.416759,4.314963,242.948285,24.790244,1.625357,2.140889,36.5891910069887,62.917656,0.0,dbscl-sentinel-2-2022\dbscl-sentinel-2_2022-01\S2_2022-01-30_03-35-27\20220130T031949_20220130T032921_T48PVR_metadata.json,48PVR
S2B_MSIL2A_20220130T031949_N0400_R118_T48PUR_20220130T054604,0.37602,4.278056,243.299945,7.103097,0.0,0.030555,37.189339406278,92.851996,0.0,dbscl-sentinel-2-2022\dbscl-sentinel-2_2022-01\S2_2022-01-30_03-35-30\20220130T031949_20220130T032921_T48PUR_metadata.json,48PUR
S2B_MSIL2A_20220130T031949_N0400_R118_T48PWQ_20220130T054604,0.490259,4.255183,243.428658,4.633597,0.854399,1.418952,35.2821402792764,87.621856,0.0,dbscl-sentinel-2-2022\dbscl-sentinel-2_2022-01\S2_2022-01-30_03-35-38\20220130T031949_20220130T032921_T48PWQ_metadata.json,48PWQ
S2B_MSIL2A_20220130T031949_N0400_R118_T48PVQ_20220130T054604,0.45599,4.344803,243.378432,4.181913,0.133035,2.89032,35.8813633012994,85.237265,0.0,dbscl-sentinel-2-2022\dbscl-sentinel-2_2022-01\S2_2022-01-30_03-35-41\20220130T031949_20220130T032921_T48PVQ_metadata.json,48PVQ
S2A_MSIL2A_20220201T030941_N0400_R075_T48PXS_20220201T055513,0.245929,4.53128,244.6511,32.289031,24.237043,29.569289,37.3845749488482,22.856206,0.0,dbscl-sentinel-2-2022\dbscl-sentinel-2_2022-02\S2_2022-02-01_03-25-16\20220201T030941_20220201T031822_T48PXS_metadata.json,48PXS
S2A_MSIL2A_20220201T030941_N0400_R075_T48PXR_20220201T055513,0.20915,4.813564,245.467914,23.624521,18.136393,5.808095,36.6880854827712,62.838703,0.0,dbscl-sentinel-2-2022\dbscl-sentinel-2_2022-02\S2_2022-02-01_03-25-31\20220201T030941_20220201T031822_T48PXR_metadata.json,48PXR
S2B_MSIL2A_20220202T032939_N0400_R018_T48PUS_20220202T070025,0.122005,3.843435,243.89039,42.670843,25.253424,6.606668,35.7236161341456,47.615427,0.0,dbscl-sentinel-2-2022\dbscl-sentinel-2_2022-02\S2_2022-02-02_03-45-11\20220202T032939_20220202T033623_T48PUS_metadata.json,48PUS
S2B_MSIL2A_20220202T032939_N0400_R018_T48PUR_20220202T070025,0.14712,3.391007,243.802739,31.849471,22.304192,0.060063,35.0001950567262,68.04176,0.0,dbscl-sentinel-2-2022\dbscl-sentinel-2_2022-02\S2_2022-02-02_03-45-25\20220202T032939_20220202T033623_T48PUR_metadata.json,48PUR
S2A_MSIL2A_20220204T031931_N0400_R118_T48PXT_20220204T060813,0.108056,3.433482,245.225714,22.064386,21.224502,56.399703,35.8899852015911,1.70062,0.0,dbscl-sentinel-2-2022\dbscl-sentinel-2_2022-02\S2_2022-02-04_03-34-57\20220204T031931_20220204T032707_T48PXT_metadata.json,48PXT
S2A_MSIL2A_20220204T031931_N0400_R118_T48PWT_20220204T060813,0.251938,3.986444,245.367522,27.850693,10.831716,39.942524,36.4738769842338,1.412869,0.0,dbscl-sentinel-2-2022\dbscl-sentinel-2_2022-02\S2_2022-02-04_03-35-00\20220204T031931_20220204T032707_T48PWT_metadata.json,48PWT
S2A_MSIL2A_20220204T031931_N0400_R118_T48PXS_20220204T060813,0.227973,3.72555,245.334208,25.061867,20.018829,52.943575,35.168371847352,3.4753,0.0,dbscl-sentinel-2-2022\dbscl-sentinel-2_2022-02\S2_2022-02-04_03-35-11\20220204T031931_20220204T032707_T48PXS_metadata.json,48PXS
S2A_MSIL2A_20220204T031931_N0400_R118_T48PWS_20220204T060813,0.257964,4.095099,245.237569,43.030554,26.937786,38.145167,35.7608487350235,3.079223,0.0,dbscl-sentinel-2-2022\dbscl-sentinel-2_2022-02\S2_2022-02-04_03-35-15\20220204T031931_20220204T032707_T48PWS_metadata.json,48PWS
S2A_MSIL2A_20220204T031931_N0400_R118_T48PWR_20220204T060813,0.157884,3.562164,245.35764,48.143959,29.126164,14.723389,35.0556232434055,10.230023,0.0,dbscl-sentinel-2-2022\dbscl-sentinel-2_2022-02\S2_2022-02-04_03-35-29\20220204T031931_20220204T032707_T48PWR_metadata.json,48PWR
S2A_MSIL2A_20220204T031931_N0400_R118_T48PWQ_20220204T060813,0.191116,3.897784,245.044232,36.309931,14.181496,0.809506,34.3578461740106,56.51021,0.0,dbscl-sentinel-2-2022\dbscl-sentinel-2_2022-02\S2_2022-02-04_03-35-44\20220204T031931_20220204T032707_T48PWQ_metadata.json,48PWQ
S2A_MSIL2A_20220214T031831_N0400_R118_T48PXT_20220214T054545,0.13766,4.756114,244.360576,5.471648,0.014971,68.718135,33.5975908614109,1.327176,0.0,dbscl-sentinel-2-2022\dbscl-sentinel-2_2022-02\S2_2022-02-14_03-34-57\20220214T031831_20220214T033132_T48PXT_metadata.json,48PXT
S2A_MSIL2A_20220214T031831_N0400_R118_T48PWT_20220214T054545,0.227972,4.981582,244.31727,10.375171,0.295746,53.004766,34.2260257303489,2.210656,0.0,dbscl-sentinel-2-2022\dbscl-sentinel-2_2022-02\S2_2022-02-14_03-35-01\20220214T031831_20220214T033132_T48PWT_metadata.json,48PWT
S2A_MSIL2A_20220214T031831_N0400_R118_T48PXS_20220214T054545,0.216019,5.000636,243.576868,12.844685,0.883236,60.276079,32.9159263310541,3.77546,0.0,dbscl-sentinel-2-2022\dbscl-sentinel-2_2022-02\S2_2022-02-14_03-35-11\20220214T031831_20220214T033132_T48PXS_metadata.json,48PXS
S2A_MSIL2A_20220214T031831_N0400_R118_T48PWS_20220214T054545,0.227839,5.173939,243.330956,33.838069,0.221725,44.976589,33.5539203215533,2.026294,0.0,dbscl-sentinel-2-2022\dbscl-sentinel-2_2022-02\S2_2022-02-14_03-35-15\20220214T031831_20220214T033132_T48PWS_metadata.json,48PWS
S2A_MSIL2A_20220214T031831_N0400_R118_T48PVS_20220214T054545,0.176228,4.981749,243.334617,25.399122,0.02131,17.079973,34.2018059047866,39.797765,0.0,dbscl-sentinel-2-2022\dbscl-sentinel-2_2022-02\S2_2022-02-14_03-35-18\20220214T031831_20220214T033132_T48PVS_metadata.json,48PVS
S2A_MSIL2A_20220214T031831_N0400_R118_T48PUS_20220214T054545,0.161933,4.813354,243.271372,35.110164,8.797655,9.92657,34.8584661300694,49.264935,0.0,dbscl-sentinel-2-2022\dbscl-sentinel-2_2022-02\S2_2022-02-14_03-35-22\20220214T031831_20220214T033132_T48PUS_metadata.json,48PUS
S2A_MSIL2A_20220214T031831_N0400_R118_T48PXR_20220214T054545,0.191933,5.147476,243.33389,36.274922,6.106491,20.517337,32.2439455038032,24.412915,0.0,dbscl-sentinel-2-2022\dbscl-sentinel-2_2022-02\S2_2022-02-14_03-35-26\20220214T031831_20220214T033132_T48PXR_metadata.json,48PXR
S2A_MSIL2A_20220214T031831_N0400_R118_T48PVR_20220214T054545,0.175367,5.210721,242.839364,24.087077,2.80445,0.447198,33.54937930159,65.829676,0.0,dbscl-sentinel-2-2022\dbscl-sentinel-2_2022-02\S2_2022-02-14_03-35-33\20220214T031831_20220214T033132_T48PVR_metadata.json,48PVR
S2A_MSIL2A_20220214T031831_N0400_R118_T48PUR_20220214T054545,0.158599,5.179997,242.92611,27.760199,17.487374,0.021295000000000005,34.2156741523117,72.191578,0.0,dbscl-sentinel-2-2022\dbscl-sentinel-2_2022-02\S2_2022-02-14_03-35-36\20220214T031831_20220214T033132_T48PUR_metadata.json,48PUR
S2A_MSIL2A_20220214T031831_N0400_R118_T48PWQ_20220214T054545,0.199757,4.744,242.902965,48.535427,4.070471000000001,3e-06,32.2393708708317,50.118756,0.0,dbscl-sentinel-2-2022\dbscl-sentinel-2_2022-02\S2_2022-02-14_03-35-44\20220214T031831_20220214T033132_T48PWQ_metadata.json,48PWQ
S2B_MSIL2A_20220216T030809_N0400_R075_T48PXS_20220216T063333,0.215871,4.822404,245.097558,31.970531,0.000454,21.378784,34.2517097527168,23.457,0.0,dbscl-sentinel-2-2022\dbscl-sentinel-2_2022-02\S2_2022-02-16_03-25-10\20220216T030809_20220216T032301_T48PXS_metadata.json,48PXS
S2B_MSIL2A_20220216T030809_N0400_R075_T48PXR_20220216T063333,0.159579,4.82606,244.386039,43.265086,2.680936,0.574402,33.6222531874918,50.32502399999999,0.0,dbscl-sentinel-2-2022\dbscl-sentinel-2_2022-02\S2_2022-02-16_03-25-25\20220216T030809_20220216T032301_T48PXR_metadata.json,48PXR
S2A_MSIL2A_20220217T032821_N0400_R018_T48PUS_20220217T055713,0.11334,4.114227,243.514007,28.701994,4.465463,11.266467,32.3265516407931,56.029999,0.0,dbscl-sentinel-2-2022\dbscl-sentinel-2_2022-02\S2_2022-02-17_03-45-17\20220217T032821_20220217T034147_T48PUS_metadata.json,48PUS
S2A_MSIL2A_20220217T032821_N0400_R018_T48PUR_20220217T055713,0.161552,4.620999,243.738216,23.030372,0.3999249999999999,0.005457,31.6667796216315,76.846296,0.0,dbscl-sentinel-2-2022\dbscl-sentinel-2_2022-02\S2_2022-02-17_03-45-32\20220217T032821_20220217T034147_T48PUR_metadata.json,48PUR
S2B_MSIL2A_20220219T031749_N0400_R118_T48PVT_20220219T070439,0.245012,3.847976,245.578347,29.898295,25.759223,37.262344,33.6550760273796,1.167742,0.0,dbscl-sentinel-2-2022\dbscl-sentinel-2_2022-02\S2_2022-02-19_03-34-58\20220219T031749_20220219T033046_T48PVT_metadata.json,48PVT
S2B_MSIL2A_20220219T031749_N0400_R118_T48PWS_20220219T070439,0.208681,4.194702,244.930709,40.844977,3.633505,33.417851,32.3456529144969,2.515403,0.0,dbscl-sentinel-2-2022\dbscl-sentinel-2_2022-02\S2_2022-02-19_03-35-09\20220219T031749_20220219T033046_T48PWS_metadata.json,48PWS
S2B_MSIL2A_20220219T031749_N0400_R118_T48PVS_20220219T070439,0.239651,3.96605,244.566603,17.14972,7.718731,28.432935,33.0174245989521,36.252376,0.0,dbscl-sentinel-2-2022\dbscl-sentinel-2_2022-02\S2_2022-02-19_03-35-12\20220219T031749_20220219T033046_T48PVS_metadata.json,48PVS
S2B_MSIL2A_20220219T031749_N0400_R118_T48PUS_20220219T070439,0.100726,3.701393,244.56497,9.889492,4.880026,28.295749,33.6975400393789,57.208508,0.0,dbscl-sentinel-2-2022\dbscl-sentinel-2_2022-02\S2_2022-02-19_03-35-16\20220219T031749_20220219T033046_T48PUS_metadata.json,48PUS
S2B_MSIL2A_20220219T031749_N0400_R118_T48PXR_20220219T070439,0.14053,4.310125,244.367683,25.392824,0.548834,16.749406,31.0368112029674,39.107078,0.0,dbscl-sentinel-2-2022\dbscl-sentinel-2_2022-02\S2_2022-02-19_03-35-20\20220219T031749_20220219T033046_T48PXR_metadata.json,48PXR
S2B_MSIL2A_20220219T031749_N0400_R118_T48PWR_20220219T070439,0.209825,4.180655,244.336187,30.353823,9.505954,24.004766,31.7093934017943,15.511748,0.0,dbscl-sentinel-2-2022\dbscl-sentinel-2_2022-02\S2_2022-02-19_03-35-23\20220219T031749_20220219T033046_T48PWR_metadata.json,48PWR
S2B_MSIL2A_20220219T031749_N0400_R118_T48PVR_20220219T070439,0.192064,3.982577,243.995255,32.433522,18.255927,3.165537,32.391321293202,55.78759899999999,0.0,dbscl-sentinel-2-2022\dbscl-sentinel-2_2022-02\S2_2022-02-19_03-35-27\20220219T031749_20220219T033046_T48PVR_metadata.json,48PVR
S2B_MSIL2A_20220219T031749_N0400_R118_T48PUR_20220219T070439,0.1994,4.382997,244.218206,4.969139,0.421806,0.041888,33.0814259504372,94.981229,0.0,dbscl-sentinel-2-2022\dbscl-sentinel-2_2022-02\S2_2022-02-19_03-35-29\20220219T031749_20220219T033046_T48PUR_metadata.json,48PUR
S2B_MSIL2A_20220219T031749_N0400_R118_T48PWQ_20220219T070439,0.19423,4.133977,243.752541,38.420317,30.968979,0.208457,31.0843469395137,54.058272,0.0,dbscl-sentinel-2-2022\dbscl-sentinel-2_2022-02\S2_2022-02-19_03-35-38\20220219T031749_20220219T033046_T48PWQ_metadata.json,48PWQ
S2B_MSIL2A_20220219T031749_N0400_R118_T48PVQ_20220219T070439,0.216828,4.239725,243.584806,17.231956,13.068785,2.006702,31.7766558771549,73.619896,0.0,dbscl-sentinel-2-2022\dbscl-sentinel-2_2022-02\S2_2022-02-19_03-35-41\20220219T031749_20220219T033046_T48PVQ_metadata.json,48PVQ
S2A_MSIL2A_20220221T030741_N0400_R075_T48PXS_20220221T062410,0.34784,4.410447,246.488685,42.896852,6.247312,17.235258,33.0153745499361,20.83884,0.0,dbscl-sentinel-2-2022\dbscl-sentinel-2_2022-02\S2_2022-02-21_03-25-18\20220221T030741_20220221T032500_T48PXS_metadata.json,48PXS
S2A_MSIL2A_20220221T030741_N0400_R075_T48PXR_20220221T062410,0.15138,4.478713,246.140513,42.421454,26.849136,5.599235,32.4131264288462,44.201532,0.0,dbscl-sentinel-2-2022\dbscl-sentinel-2_2022-02\S2_2022-02-21_03-25-33\20220221T030741_20220221T032500_T48PXR_metadata.json,48PXR
S2B_MSIL2A_20220222T032739_N0400_R018_T48PUS_20220222T074201,0.30791,4.234204,246.605498,46.577138,10.641562999999998,3.857327,31.0633284973919,46.974391,0.0,dbscl-sentinel-2-2022\dbscl-sentinel-2_2022-02\S2_2022-02-22_03-45-11\20220222T032739_20220222T033617_T48PUS_metadata.json,48PUS
S2B_MSIL2A_20220222T032739_N0400_R018_T48PUR_20220222T074201,0.351485,4.308001,246.830843,30.077648,1.119563,0.015191,30.4307800642056,69.898081,0.0,dbscl-sentinel-2-2022\dbscl-sentinel-2_2022-02\S2_2022-02-22_03-45-26\20220222T032739_20220222T033617_T48PUR_metadata.json,48PUR
S2A_MSIL2A_20220224T031731_N0400_R118_T48PWT_20220224T080307,0.222004,3.704602,245.232592,46.929443,22.02986,24.639069,31.6559153434883,0.903199,0.0,dbscl-sentinel-2-2022\dbscl-sentinel-2_2022-02\S2_2022-02-24_03-35-03\20220224T031731_20220224T033245_T48PWT_metadata.json,48PWT
S2A_MSIL2A_20220224T031731_N0400_R118_T48PVT_20220224T080307,0.191227,3.732991,245.146101,31.995124,24.066401000000003,31.071514,32.341204364699,0.731275,0.0,dbscl-sentinel-2-2022\dbscl-sentinel-2_2022-02\S2_2022-02-24_03-35-06\20220224T031731_20220224T033245_T48PVT_metadata.json,48PVT
S2A_MSIL2A_20220224T031731_N0400_R118_T48PUS_20220224T080307,0.106971,3.677574,246.257567,33.564323,33.013284,28.265348,32.4342509201737,34.88856,0.0,dbscl-sentinel-2-2022\dbscl-sentinel-2_2022-02\S2_2022-02-24_03-35-24\20220224T031731_20220224T033245_T48PUS_metadata.json,48PUS
S2B_MSIL2A_20220226T030659_N0400_R075_T48PXS_20220226T053515,0.203794,3.840695,246.137546,2.555258,0.676206,37.427473,31.7775790940775,28.005239,0.0,dbscl-sentinel-2-2022\dbscl-sentinel-2_2022-02\S2_2022-02-26_03-25-12\20220226T030659_20220226T031912_T48PXS_metadata.json,48PXS
S2B_MSIL2A_20220226T030659_N0400_R075_T48PXR_20220226T053515,0.15987,4.256506,245.811309,20.29404,15.829762999999998,6.462655000000001,31.2066530088601,65.093219,0.0,dbscl-sentinel-2-2022\dbscl-sentinel-2_2022-02\S2_2022-02-26_03-25-27\20220226T030659_20220226T031912_T48PXR_metadata.json,48PXR
S2A_MSIL2A_20220227T032711_N0400_R018_T48PUS_20220303T141247,0.178948,3.620394,247.958289,8.09081,4.865777,16.734007,29.7107771484524,70.089233,0.0,dbscl-sentinel-2-2022\dbscl-sentinel-2_2022-02\S2_2022-02-27_03-45-19\20220227T032711_20220227T033415_T48PUS_metadata.json,48PUS
S2A_MSIL2A_20220227T032711_N0400_R018_T48PUR_20220303T141247,0.216553,4.054996,247.499663,17.951298,17.305319,0.046473,29.1082740726061,81.862426,0.0,dbscl-sentinel-2-2022\dbscl-sentinel-2_2022-02\S2_2022-02-27_03-45-34\20220227T032711_20220227T033415_T48PUR_metadata.json,48PUR
S2B_MSIL2A_20220301T031649_N0400_R118_T48PXT_20220301T072505,0.233527,4.087636,248.567905,29.549834,4.628495,44.42583,29.6240168887285,1.631664,0.0,dbscl-sentinel-2-2022\dbscl-sentinel-2_2022-03\S2_2022-03-01_03-34-53\20220301T031649_20220301T032917_T48PXT_metadata.json,48PXT
S2B_MSIL2A_20220301T031649_N0400_R118_T48PWT_20220301T072505,0.425711,4.24413,248.872186,11.699563,6.259461,42.277879,30.325393809192,1.898322,0.0,dbscl-sentinel-2-2022\dbscl-sentinel-2_2022-03\S2_2022-03-01_03-34-57\20220301T031649_20220301T032917_T48PWT_metadata.json,48PWT
S2B_MSIL2A_20220301T031649_N0400_R118_T48PVT_20220301T072505,0.3764,4.09111,248.714258,18.219224,6.483091,30.476779,31.0354664219958,1.077696,0.0,dbscl-sentinel-2-2022\dbscl-sentinel-2_2022-03\S2_2022-03-01_03-35-00\20220301T031649_20220301T032917_T48PVT_metadata.json,48PVT
S2B_MSIL2A_20220301T031649_N0400_R118_T48PWS_20220301T072505,0.419692,4.419328,247.754355,16.594172,6.810432,59.462112,29.7356615798891,2.820797,0.0,dbscl-sentinel-2-2022\dbscl-sentinel-2_2022-03\S2_2022-03-01_03-35-12\20220301T031649_20220301T032917_T48PWS_metadata.json,48PWS
S2B_MSIL2A_20220301T031649_N0400_R118_T48PVS_20220301T072505,0.479301,4.258424,248.14091,42.078158,38.920683,26.828474,30.4564530217259,12.394359,0.0,dbscl-sentinel-2-2022\dbscl-sentinel-2_2022-03\S2_2022-03-01_03-35-15\20220301T031649_20220301T032917_T48PVS_metadata.json,48PVS
S2B_MSIL2A_20220301T031649_N0400_R118_T48PUS_20220301T072505,0.378946,3.888311,247.978735,17.984459,10.474309,24.011238,31.1844769635309,51.778585,0.0,dbscl-sentinel-2-2022\dbscl-sentinel-2_2022-03\S2_2022-03-01_03-35-18\20220301T031649_20220301T032917_T48PUS_metadata.json,48PUS
S2B_MSIL2A_20220301T031649_N0400_R118_T48PXR_20220301T072505,0.359937,3.758469,246.489526,41.570067,14.136843,13.11952,28.4371614878303,27.092645,0.0,dbscl-sentinel-2-2022\dbscl-sentinel-2_2022-03\S2_2022-03-01_03-35-23\20220301T031649_20220301T032917_T48PXR_metadata.json,48PXR
S2B_MSIL2A_20220301T031649_N0400_R118_T48PWR_20220301T072505,0.467995,4.256513,246.871678,31.551269,17.302491,27.814293,29.1606462250037,12.536716,0.0,dbscl-sentinel-2-2022\dbscl-sentinel-2_2022-03\S2_2022-03-01_03-35-26\20220301T031649_20220301T032917_T48PWR_metadata.json,48PWR
S2B_MSIL2A_20220301T031649_N0400_R118_T48PVR_20220301T072505,0.371974,4.298899,247.55647,22.681776,14.963304,6.545898,29.8922769064578,57.819253,0.0,dbscl-sentinel-2-2022\dbscl-sentinel-2_2022-03\S2_2022-03-01_03-35-29\20220301T031649_20220301T032917_T48PVR_metadata.json,48PVR
S2B_MSIL2A_20220301T031649_N0400_R118_T48PUR_20220301T072505,0.189079,4.163051,247.697981,11.564373,7e-06,0.02928,30.6308416706001,88.388634,0.0,dbscl-sentinel-2-2022\dbscl-sentinel-2_2022-03\S2_2022-03-01_03-35-32\20220301T031649_20220301T032917_T48PUR_metadata.json,48PUR
S2B_MSIL2A_20220301T031649_N0400_R118_T48PWQ_20220301T072505,0.184773,4.504829,246.404125,5.094736,3.77032,2.373613,28.6005090392849,86.129373,0.0,dbscl-sentinel-2-2022\dbscl-sentinel-2_2022-03\S2_2022-03-01_03-35-41\20220301T031649_20220301T032917_T48PWQ_metadata.json,48PWQ
S2B_MSIL2A_20220301T031649_N0400_R118_T48PVQ_20220301T072505,0.191971,4.573594,247.105817,10.683203,4.469206,4.068723,29.3431066294363,76.945484,0.0,dbscl-sentinel-2-2022\dbscl-sentinel-2_2022-03\S2_2022-03-01_03-35-44\20220301T031649_20220301T032917_T48PVQ_metadata.json,48PVQ
S2A_MSIL2A_20220303T030631_N0400_R075_T48PXT_20220303T071114,0.143723,4.194959,243.146281,16.848926,6.236946,58.768129,31.0201624641967,0.936556,0.0,dbscl-sentinel-2-2022\dbscl-sentinel-2_2022-03\S2_2022-03-03_03-25-05\20220303T030631_20220303T032105_T48PXT_metadata.json,48PXT
S2A_MSIL2A_20220303T030631_N0400_R075_T48PXR_20220303T071114,0.139538,4.898743,243.692991,15.009873,7.887201,5.352034,29.9318284150628,70.550156,0.0,dbscl-sentinel-2-2022\dbscl-sentinel-2_2022-03\S2_2022-03-03_03-25-35\20220303T030631_20220303T032105_T48PXR_metadata.json,48PXR
S2B_MSIL2A_20220304T032629_N0400_R018_T48PUS_20220304T080901,0.31008,4.137307,244.530813,38.485631,28.137289999999997,12.312741,28.3815305567234,44.59894,0.0,dbscl-sentinel-2-2022\dbscl-sentinel-2_2022-03\S2_2022-03-04_03-45-13\20220304T032629_20220304T034241_T48PUS_metadata.json,48PUS
S2A_MSIL2A_20220306T031621_N0400_R118_T48PXT_20220306T072951,0.203548,4.252469,243.46647,29.196337,13.628271,49.357864,28.2078098879402,1.57667,0.0,dbscl-sentinel-2-2022\dbscl-sentinel-2_2022-03\S2_2022-03-06_03-35-01\20220306T031621_20220306T033019_T48PXT_metadata.json,48PXT
S2A_MSIL2A_20220306T031621_N0400_R118_T48PUR_20220306T072951,0.172047,4.187,243.693639,44.466639,14.6918,0.001284,29.3604112699822,55.50952,0.0,dbscl-sentinel-2-2022\dbscl-sentinel-2_2022-03\S2_2022-03-06_03-35-39\20220306T031621_20220306T033019_T48PUR_metadata.json,48PUR
S2B_MSIL2A_20220308T030549_N0400_R075_T48PXS_20220308T070701,0.233817,3.074999,243.29378,46.417958,40.156654,20.527156,29.2027867903,9.294621,0.0,dbscl-sentinel-2-2022\dbscl-sentinel-2_2022-03\S2_2022-03-08_03-25-14\20220308T030549_20220308T031828_T48PXS_metadata.json,48PXS
S2A_MSIL2A_20220309T032601_N0400_R018_T48PUS_20220309T074916,0.232562,3.58539,239.203311,17.155786,0.359328,12.241499,27.0101380235048,65.808302,0.0,dbscl-sentinel-2-2022\dbscl-sentinel-2_2022-03\S2_2022-03-09_03-45-20\20220309T032601_20220309T033213_T48PUS_metadata.json,48PUS
S2A_MSIL2A_20220309T032601_N0400_R018_T48PUR_20220309T074916,0.223648,3.669998,241.485915,30.056882,15.402643,0.03122,26.4817805265261,69.832933,0.0,dbscl-sentinel-2-2022\dbscl-sentinel-2_2022-03\S2_2022-03-09_03-45-35\20220309T032601_20220309T033213_T48PUR_metadata.json,48PUR
S2B_MSIL2A_20220311T031539_N0400_R118_T48PXT_20220311T063245,0.425337,3.509361,243.542857,7.13796,0.000234,60.836339,26.8417381723753,1.668497,0.0,dbscl-sentinel-2-2022\dbscl-sentinel-2_2022-03\S2_2022-03-11_03-34-55\20220311T031539_20220311T032739_T48PXT_metadata.json,48PXT
S2B_MSIL2A_20220311T031539_N0400_R118_T48PWT_20220311T063245,0.545692,3.692698,242.897451,12.311814,0.0,25.930676,27.5947141770482,1.547526,0.0,dbscl-sentinel-2-2022\dbscl-sentinel-2_2022-03\S2_2022-03-11_03-34-58\20220311T031539_20220311T032739_T48PWT_metadata.json,48PWT
S2B_MSIL2A_20220311T031539_N0400_R118_T48PVT_20220311T063245,0.348571,3.71692,241.51328,30.335796,0.0,14.947475,28.3549503058883,0.292158,0.0,dbscl-sentinel-2-2022\dbscl-sentinel-2_2022-03\S2_2022-03-11_03-35-02\20220311T031539_20220311T032739_T48PVT_metadata.json,48PVT
S2B_MSIL2A_20220311T031539_N0400_R118_T48PXS_20220311T063245,0.329825,3.522484,245.071569,6.189399,0.001193,58.228225,26.3148098836353,4.139344,0.0,dbscl-sentinel-2-2022\dbscl-sentinel-2_2022-03\S2_2022-03-11_03-35-09\20220311T031539_20220311T032739_T48PXS_metadata.json,48PXS
S2B_MSIL2A_20220311T031539_N0400_R118_T48PWS_20220311T063245,0.510089,3.713879,244.773554,6.090122,6.3e-05,56.461877,27.0792821150348,3.684922,0.0,dbscl-sentinel-2-2022\dbscl-sentinel-2_2022-03\S2_2022-03-11_03-35-13\20220311T031539_20220311T032739_T48PWS_metadata.json,48PWS
S2B_MSIL2A_20220311T031539_N0400_R118_T48PVS_20220311T063245,0.56918,3.653318,244.253756,12.737048,0.000136,18.327248,27.850589311247,40.554234,0.0,dbscl-sentinel-2-2022\dbscl-sentinel-2_2022-03\S2_2022-03-11_03-35-16\20220311T031539_20220311T032739_T48PVS_metadata.json,48PVS
S2B_MSIL2A_20220311T031539_N0400_R118_T48PUS_20220311T063245,0.325565,3.572438,243.316149,22.710751,0.0,13.16804,28.6275188600201,54.308927,0.0,dbscl-sentinel-2-2022\dbscl-sentinel-2_2022-03\S2_2022-03-11_03-35-19\20220311T031539_20220311T032739_T48PUS_metadata.json,48PUS
S2B_MSIL2A_20220311T031539_N0400_R118_T48PXR_20220311T063245,0.486113,3.362139,245.814204,9.730823,0.0,27.901095,25.8070909586211,35.514805,0.0,dbscl-sentinel-2-2022\dbscl-sentinel-2_2022-03\S2_2022-03-11_03-35-24\20220311T031539_20220311T032739_T48PXR_metadata.json,48PXR
S2B_MSIL2A_20220311T031539_N0400_R118_T48PWR_20220311T063245,0.503753,3.608142,245.923662,13.34542,0.0,30.606377,26.5830184337212,16.976327,0.0,dbscl-sentinel-2-2022\dbscl-sentinel-2_2022-03\S2_2022-03-11_03-35-27\20220311T031539_20220311T032739_T48PWR_metadata.json,48PWR
S2B_MSIL2A_20220311T031539_N0400_R118_T48PVR_20220311T063245,0.525798,3.692839,245.788312,9.489086,0.0,3.111068,27.3653314021191,75.9561,0.0,dbscl-sentinel-2-2022\dbscl-sentinel-2_2022-03\S2_2022-03-11_03-35-31\20220311T031539_20220311T032739_T48PVR_metadata.json,48PVR
S2B_MSIL2A_20220311T031539_N0400_R118_T48PUR_20220311T063245,0.546233,3.682011,245.266264,29.301056,0.0,0.050917,28.1528294781267,70.645273,0.0,dbscl-sentinel-2-2022\dbscl-sentinel-2_2022-03\S2_2022-03-11_03-35-33\20220311T031539_20220311T032739_T48PUR_metadata.json,48PUR
S2B_MSIL2A_20220311T031539_N0400_R118_T48PWQ_20220311T063245,0.441303,3.661092,246.848284,15.266629,0.066874,0.204306,26.1064821877123,80.424744,0.0,dbscl-sentinel-2-2022\dbscl-sentinel-2_2022-03\S2_2022-03-11_03-35-42\20220311T031539_20220311T032739_T48PWQ_metadata.json,48PWQ
S2B_MSIL2A_20220311T031539_N0400_R118_T48PVQ_20220311T063245,0.500865,3.575084,246.491821,19.724254,0.611083,0.153735,26.8997012294812,76.3134,0.0,dbscl-sentinel-2-2022\dbscl-sentinel-2_2022-03\S2_2022-03-11_03-35-45\20220311T031539_20220311T032739_T48PVQ_metadata.json,48PVQ
S2A_MSIL2A_20220313T030551_N0400_R075_T48PXT_20220313T070052,0.179519,4.690708,236.594919,28.227001,14.044895999999998,46.21346,28.3874661426105,0.905969,0.0,dbscl-sentinel-2-2022\dbscl-sentinel-2_2022-03\S2_2022-03-13_03-25-06\20220313T030551_20220313T032019_T48PXT_metadata.json,48PXT
S2B_MSIL2A_20220314T032539_N0400_R018_T48PUS_20220314T072606,0.225066,5.022117,241.957135,47.595099,15.773149,6.356676,25.709924093273,42.796952,0.0,dbscl-sentinel-2-2022\dbscl-sentinel-2_2022-03\S2_2022-03-14_03-45-14\20220314T032539_20220314T033628_T48PUS_metadata.json,48PUS
S2B_MSIL2A_20220314T032539_N0400_R018_T48PUR_20220314T072606,0.150241,4.516993,241.293015,10.82266,3.587329,0.115958,25.2270488082007,89.00538700000001,0.0,dbscl-sentinel-2-2022\dbscl-sentinel-2_2022-03\S2_2022-03-14_03-45-29\20220314T032539_20220314T033628_T48PUR_metadata.json,48PUR
S2A_MSIL2A_20220316T031541_N0400_R118_T48PWQ_20220316T073818,0.326254,3.436002,244.948948,41.63439,4.255348,0.0,24.8986174753344,57.501483,0.0,dbscl-sentinel-2-2022\dbscl-sentinel-2_2022-03\S2_2022-03-16_03-35-48\20220316T031541_20220316T032618_T48PWQ_metadata.json,48PWQ
S2A_MSIL2A_20220316T031541_N0400_R118_T48PVQ_20220316T073818,0.303993,3.786009,245.143424,38.952693,4.840024,0.01641,25.7158628797431,59.887683,0.0,dbscl-sentinel-2-2022\dbscl-sentinel-2_2022-03\S2_2022-03-16_03-35-51\20220316T031541_20220316T032618_T48PVQ_metadata.json,48PVQ
S2B_MSIL2A_20220318T030539_N0400_R075_T48PXR_20220318T062656,0.266338,4.552425,246.555568,42.470387,8.299027,2.200556,26.3145670279315,49.058133,0.0,dbscl-sentinel-2-2022\dbscl-sentinel-2_2022-03\S2_2022-03-18_03-25-29\20220318T030539_20220318T032353_T48PXR_metadata.json,48PXR
S2A_MSIL2A_20220319T032541_N0400_R018_T48PUR_20220319T081020,0.422472,3.581,248.671023,40.530118,23.866051,0.022641,23.9910540823056,59.362446999999996,0.0,dbscl-sentinel-2-2022\dbscl-sentinel-2_2022-03\S2_2022-03-19_03-45-34\20220319T032541_20220319T033600_T48PUR_metadata.json,48PUR
S2A_MSIL2A_20220323T030551_N0400_R075_T48PXS_20220323T070544,0.100742,4.920259,250.909711,40.580165,11.42679,17.083386,25.5556011213096,18.574624,0.0,dbscl-sentinel-2-2022\dbscl-sentinel-2_2022-03\S2_2022-03-23_03-25-19\20220323T030551_20220323T031935_T48PXS_metadata.json,48PXS
S2A_MSIL2A_20220323T030551_N0400_R075_T48PXR_20220323T070544,0.086275,4.881507,248.401764,16.455932,12.176555,4.336361,25.2064720540993,70.191801,0.0,dbscl-sentinel-2-2022\dbscl-sentinel-2_2022-03\S2_2022-03-23_03-25-34\20220323T030551_20220323T031935_T48PXR_metadata.json,48PXR
S2A_MSIL2A_20220326T031541_N0400_R118_T48PXT_20220326T072540,0.234908,4.123018,256.438719,45.129848,0.558589,28.628576000000002,22.971290797866,0.799702,0.0,dbscl-sentinel-2-2022\dbscl-sentinel-2_2022-03\S2_2022-03-26_03-34-59\20220326T031541_20220326T032635_T48PXT_metadata.json,48PXT
S2A_MSIL2A_20220326T031541_N0400_R118_T48PWT_20220326T072540,0.225011,4.042757,256.256193,28.758952,0.000109,25.202432,23.7997045651645,1.4547,0.0,dbscl-sentinel-2-2022\dbscl-sentinel-2_2022-03\S2_2022-03-26_03-35-03\20220326T031541_20220326T032635_T48PWT_metadata.json,48PWT
S2A_MSIL2A_20220326T031541_N0400_R118_T48PVT_20220326T072540,0.221652,4.139739,256.376243,32.255358,2.8e-05,27.534783,24.6321057845465,0.825954,0.0,dbscl-sentinel-2-2022\dbscl-sentinel-2_2022-03\S2_2022-03-26_03-35-06\20220326T031541_20220326T032635_T48PVT_metadata.json,48PVT
S2A_MSIL2A_20220326T031541_N0400_R118_T48PXS_20220326T072540,0.227829,4.205451,255.014601,38.726678,0.0,30.011168,22.5980763772874,2.851889,0.0,dbscl-sentinel-2-2022\dbscl-sentinel-2_2022-03\S2_2022-03-26_03-35-14\20220326T031541_20220326T032635_T48PXS_metadata.json,48PXS
S2A_MSIL2A_20220326T031541_N0400_R118_T48PWS_20220326T072540,0.203846,4.006981,255.475939,23.501538,7e-05,38.673946,23.4366407195515,3.156773,0.0,dbscl-sentinel-2-2022\dbscl-sentinel-2_2022-03\S2_2022-03-26_03-35-18\20220326T031541_20220326T032635_T48PWS_metadata.json,48PWS
S2A_MSIL2A_20220326T031541_N0400_R118_T48PVS_20220326T072540,0.181126,3.941774,255.922167,19.764653,0.0,18.073691,24.2785968855583,40.33384,0.0,dbscl-sentinel-2-2022\dbscl-sentinel-2_2022-03\S2_2022-03-26_03-35-21\20220326T031541_20220326T032635_T48PVS_metadata.json,48PVS
S2A_MSIL2A_20220326T031541_N0400_R118_T48PUS_20220326T072540,0.139663,4.027931,256.231364,23.141415,0.0,16.223595,25.1228911949537,55.333394,0.0,dbscl-sentinel-2-2022\dbscl-sentinel-2_2022-03\S2_2022-03-26_03-35-24\20220326T031541_20220326T032635_T48PUS_metadata.json,48PUS
S2A_MSIL2A_20220326T031541_N0400_R118_T48PXR_20220326T072540,0.110708,4.042847,252.440586,47.973466,6e-06,14.584737,22.2534139519243,13.770629,0.0,dbscl-sentinel-2-2022\dbscl-sentinel-2_2022-03\S2_2022-03-26_03-35-29\20220326T031541_20220326T032635_T48PXR_metadata.json,48PXR
S2A_MSIL2A_20220326T031541_N0400_R118_T48PWR_20220326T072540,0.17652,4.036547,253.053025,19.857873,0.000328,21.833301,23.1014685686667,16.400948,0.0,dbscl-sentinel-2-2022\dbscl-sentinel-2_2022-03\S2_2022-03-26_03-35-32\20220326T031541_20220326T032635_T48PWR_metadata.json,48PWR
S2A_MSIL2A_20220326T031541_N0400_R118_T48PVR_20220326T072540,0.162676,3.978746,253.904794,12.702614,0.805142,4.620379,23.9523424394111,71.058464,0.0,dbscl-sentinel-2-2022\dbscl-sentinel-2_2022-03\S2_2022-03-26_03-35-35\20220326T031541_20220326T032635_T48PVR_metadata.json,48PVR
S2A_MSIL2A_20220326T031541_N0400_R118_T48PUR_20220326T072540,0.142694,4.206995,254.182591,5.648322,1.282341,0.038333,24.8050269601409,94.29844,0.0,dbscl-sentinel-2-2022\dbscl-sentinel-2_2022-03\S2_2022-03-26_03-35-38\20220326T031541_20220326T032635_T48PUR_metadata.json,48PUR
S2A_MSIL2A_20220326T031541_N0400_R118_T48PWQ_20220326T072540,0.092572,4.09865,250.635631,7.538963,0.0,1.959449,22.7951020432819,83.432055,0.0,dbscl-sentinel-2-2022\dbscl-sentinel-2_2022-03\S2_2022-03-26_03-35-47\20220326T031541_20220326T032635_T48PWQ_metadata.json,48PWQ
S2A_MSIL2A_20220326T031541_N0400_R118_T48PVQ_20220326T072540,0.114796,4.249807,250.762711,9.734929,1.035919,1.46174,23.654181834051,81.784397,0.0,dbscl-sentinel-2-2022\dbscl-sentinel-2_2022-03\S2_2022-03-26_03-35-50\20220326T031541_20220326T032635_T48PVQ_metadata.json,48PVQ
S2B_MSIL2A_20220328T030539_N0400_R075_T48PXS_20220328T064838,0.371912,3.970481,247.667686,31.312221,20.734014,19.846252,24.5370764113188,20.87674,0.0,dbscl-sentinel-2-2022\dbscl-sentinel-2_2022-03\S2_2022-03-28_03-25-13\20220328T030539_20220328T032023_T48PXS_metadata.json,48PXS
S2B_MSIL2A_20220328T030539_N0400_R075_T48PXR_20220328T064838,0.153664,3.708732,247.656737,8.969448,7.771835,4.222043,24.2488902669305,76.796746,0.0,dbscl-sentinel-2-2022\dbscl-sentinel-2_2022-03\S2_2022-03-28_03-25-28\20220328T030539_20220328T032023_T48PXR_metadata.json,48PXR
S2A_MSIL2A_20220329T032541_N0400_R018_T48PUS_20220329T080416,0.148993,4.442605,250.501056,23.047484,13.389319,14.232273,22.1748515222089,58.819503,0.0,dbscl-sentinel-2-2022\dbscl-sentinel-2_2022-03\S2_2022-03-29_03-45-19\20220329T032541_20220329T033559_T48PUS_metadata.json,48PUS
S2A_MSIL2A_20220329T032541_N0400_R018_T48PUR_20220329T080416,0.437869,4.729001,250.146215,2.878676,2.113282,0.170108,21.8663089695369,96.934295,0.0,dbscl-sentinel-2-2022\dbscl-sentinel-2_2022-03\S2_2022-03-29_03-45-33\20220329T032541_20220329T033559_T48PUR_metadata.json,48PUR
S2A_MSIL2A_20220405T031541_N0400_R118_T48PWT_20220405T071815,0.311968,4.450783,259.81353,43.731219,17.672195,19.601491,21.8175307455022,1.647573,0.0,dbscl-sentinel-2-2022\dbscl-sentinel-2_2022-04\S2_2022-04-05_03-35-02\20220405T031541_20220405T032945_T48PWT_metadata.json,48PWT
S2A_MSIL2A_20220405T031541_N0400_R118_T48PVT_20220405T071815,0.11687,4.461053,260.276904,33.204326,18.668619,32.419461,22.6871079900253,0.650564,0.0,dbscl-sentinel-2-2022\dbscl-sentinel-2_2022-04\S2_2022-04-05_03-35-05\20220405T031541_20220405T032945_T48PVT_metadata.json,48PVT
S2A_MSIL2A_20220405T031541_N0400_R118_T48PVS_20220405T071815,0.329472,4.412547,258.551911,45.518225,32.450393,16.853774,22.463847924731,15.53957,0.0,dbscl-sentinel-2-2022\dbscl-sentinel-2_2022-04\S2_2022-04-05_03-35-19\20220405T031541_20220405T032945_T48PVS_metadata.json,48PVS
S2B_MSIL2A_20220410T031539_N0400_R118_T48PVT_20220410T072020,0.328197,3.698311,261.97888,36.147374,0.008404,2.823925,21.9568506134832,0.559749,0.0,dbscl-sentinel-2-2022\dbscl-sentinel-2_2022-04\S2_2022-04-10_03-35-00\20220410T031539_20220410T032947_T48PVT_metadata.json,48PVT
S2B_MSIL2A_20220410T031539_N0400_R118_T48PXR_20220410T072020,0.663501,3.699441,258.601805,40.641972,0.00089,4.517405,19.916219796662,33.045977,0.0,dbscl-sentinel-2-2022\dbscl-sentinel-2_2022-04\S2_2022-04-10_03-35-23\20220410T031539_20220410T032947_T48PXR_metadata.json,48PXR
S2B_MSIL2A_20220410T031539_N0400_R118_T48PWR_20220410T072020,0.323868,4.096228,259.165116,40.177828,2.460138,8.123715,20.803239332855,18.470696,0.0,dbscl-sentinel-2-2022\dbscl-sentinel-2_2022-04\S2_2022-04-10_03-35-26\20220410T031539_20220410T032947_T48PWR_metadata.json,48PWR
S2B_MSIL2A_20220410T031539_N0400_R118_T48PVR_20220410T072020,0.609877,4.03823,259.351078,26.038259,0.292331,3.939738,21.690426522257,57.245421,0.0,dbscl-sentinel-2-2022\dbscl-sentinel-2_2022-04\S2_2022-04-10_03-35-29\20220410T031539_20220410T032947_T48PVR_metadata.json,48PVR
S2B_MSIL2A_20220410T031539_N0400_R118_T48PUR_20220410T072020,0.592883,2.910025,259.118214,38.472837,2.698311,0.002191,22.5770171632546,61.517018,0.0,dbscl-sentinel-2-2022\dbscl-sentinel-2_2022-04\S2_2022-04-10_03-35-32\20220410T031539_20220410T032947_T48PUR_metadata.json,48PUR
S2B_MSIL2A_20220410T031539_N0400_R118_T48PWQ_20220410T072020,0.520035,3.919979,258.584513,6.981858,0.0,0.833199,20.7220335459138,85.915881,0.0,dbscl-sentinel-2-2022\dbscl-sentinel-2_2022-04\S2_2022-04-10_03-35-41\20220410T031539_20220410T032947_T48PWQ_metadata.json,48PWQ
S2B_MSIL2A_20220410T031539_N0400_R118_T48PVQ_20220410T072020,0.508081,3.969825,258.7354,11.467324,0.0,1.03074,21.6100088362623,80.320209,0.0,dbscl-sentinel-2-2022\dbscl-sentinel-2_2022-04\S2_2022-04-10_03-35-44\20220410T031539_20220410T032947_T48PVQ_metadata.json,48PVQ
S2A_MSIL2A_20220412T030541_N0400_R075_T48PXS_20220412T072155,0.541819,4.179568,263.389452,42.389077,0.027787,6.94567,22.232618009755,20.795774,0.0,dbscl-sentinel-2-2022\dbscl-sentinel-2_2022-04\S2_2022-04-12_03-25-18\20220412T030541_20220412T032017_T48PXS_metadata.json,48PXS
S2A_MSIL2A_20220412T030541_N0400_R075_T48PXR_20220412T072155,0.579853,4.270048,261.6219,11.893746,0.692017,1.5164969999999998,22.1547311581649,78.001612,0.0,dbscl-sentinel-2-2022\dbscl-sentinel-2_2022-04\S2_2022-04-12_03-25-33\20220412T030541_20220412T032017_T48PXR_metadata.json,48PXR
S2B_MSIL2A_20220413T032539_N0400_R018_T48PUS_20220413T072149,0.536553,3.989294,266.409784,17.257775,0.564736,9.097368,19.9255551555235,66.378397,0.0,dbscl-sentinel-2-2022\dbscl-sentinel-2_2022-04\S2_2022-04-13_03-45-13\20220413T032539_20220413T033825_T48PUS_metadata.json,48PUS
S2B_MSIL2A_20220413T032539_N0400_R018_T48PUR_20220413T072149,0.497326,3.982001,265.133155,17.459622,4.650874,0.04619500000000001,19.8485358970592,82.412511,0.0,dbscl-sentinel-2-2022\dbscl-sentinel-2_2022-04\S2_2022-04-13_03-45-27\20220413T032539_20220413T033825_T48PUR_metadata.json,48PUR
S2B_MSIL2A_20220417T030539_N0400_R075_T48PXS_20220417T070555,0.327118,4.52863,263.018551,45.236927,4.843265,12.734731,21.8301231159229,20.598952,0.0,dbscl-sentinel-2-2022\dbscl-sentinel-2_2022-04\S2_2022-04-17_03-25-12\20220417T030539_20220417T032355_T48PXS_metadata.json,48PXS
S2B_MSIL2A_20220417T030539_N0400_R075_T48PXR_20220417T070555,0.438766,4.478789,262.045795,17.246571,0.428231,2.545002,21.8271343316846,71.570802,0.0,dbscl-sentinel-2-2022\dbscl-sentinel-2_2022-04\S2_2022-04-17_03-25-27\20220417T030539_20220417T032355_T48PXR_metadata.json,48PXR
S2A_MSIL2A_20220418T032541_N0400_R018_T48PUR_20220418T072513,0.35969,4.340997,262.445872,42.835024,27.712816,0.009448,19.5109967982415,57.092524,0.0,dbscl-sentinel-2-2022\dbscl-sentinel-2_2022-04\S2_2022-04-18_03-45-35\20220418T032541_20220418T033600_T48PUR_metadata.json,48PUR
S2B_MSIL2A_20220420T031539_N0400_R118_T48PXT_20220420T070855,0.359403,4.222607,256.213276,27.520201,8.546074,43.950075,19.2172740892128,0.8468730000000001,0.0,dbscl-sentinel-2-2022\dbscl-sentinel-2_2022-04\S2_2022-04-20_03-34-52\20220420T031539_20220420T033025_T48PXT_metadata.json,48PXT
S2B_MSIL2A_20220420T031539_N0400_R118_T48PWT_20220420T070855,0.392822,4.387889,257.498399,39.602497,12.511449,19.916002,20.1041409603731,1.172279,0.0,dbscl-sentinel-2-2022\dbscl-sentinel-2_2022-04\S2_2022-04-20_03-34-56\20220420T031539_20220420T033025_T48PWT_metadata.json,48PWT
S2B_MSIL2A_20220420T031539_N0400_R118_T48PVT_20220420T070855,0.365619,4.046094,258.340602,40.012887,12.545221,21.217711,20.9912013564751,0.3798230000000001,0.0,dbscl-sentinel-2-2022\dbscl-sentinel-2_2022-04\S2_2022-04-20_03-34-59\20220420T031539_20220420T033025_T48PVT_metadata.json,48PVT
S2B_MSIL2A_20220420T031539_N0400_R118_T48PWS_20220420T070855,0.347895,4.147238,256.288842,47.803929,11.103928,22.418161,20.107513277072,1.651491,0.0,dbscl-sentinel-2-2022\dbscl-sentinel-2_2022-04\S2_2022-04-20_03-35-10\20220420T031539_20220420T033025_T48PWS_metadata.json,48PWS
S2A_MSIL2A_20220422T030551_N0400_R075_T48PXS_20220422T074017,0.236833,4.248913,265.794207,40.709376,10.850847,17.106265,21.5435757023511,21.364072,0.0,dbscl-sentinel-2-2022\dbscl-sentinel-2_2022-04\S2_2022-04-22_03-25-21\20220422T030551_20220422T032020_T48PXS_metadata.json,48PXS
S2A_MSIL2A_20220422T030551_N0400_R075_T48PXR_20220422T074017,0.220571,4.264064,266.368649,45.947886,12.190913999999998,0.192987,21.6145302355861,49.370923999999995,0.0,dbscl-sentinel-2-2022\dbscl-sentinel-2_2022-04\S2_2022-04-22_03-25-36\20220422T030551_20220422T032020_T48PXR_metadata.json,48PXR
S2B_MSIL2A_20220423T032529_N0400_R018_T48PUS_20220423T074231,0.178937,4.533196,261.357891,28.158721,10.363181,12.529907,19.3466217861319,55.931085,0.0,dbscl-sentinel-2-2022\dbscl-sentinel-2_2022-04\S2_2022-04-23_03-45-11\20220423T032529_20220423T033917_T48PUS_metadata.json,48PUS
S2B_MSIL2A_20220423T032529_N0400_R018_T48PUR_20220423T074231,0.127682,4.90799,259.042542,6.529504,0.573592,0.133671,19.4340040133735,93.289673,0.0,dbscl-sentinel-2-2022\dbscl-sentinel-2_2022-04\S2_2022-04-23_03-45-25\20220423T032529_20220423T033917_T48PUR_metadata.json,48PUR
S2A_MSIL2A_20220425T031541_N0400_R118_T48PWT_20220425T072240,0.369549,5.011121,268.456135,42.300263,1.362988,17.132418,19.8575327321526,1.202906,0.0,dbscl-sentinel-2-2022\dbscl-sentinel-2_2022-04\S2_2022-04-25_03-35-05\20220425T031541_20220425T032948_T48PWT_metadata.json,48PWT
S2A_MSIL2A_20220425T031541_N0400_R118_T48PVT_20220425T072240,0.453295,4.570889,267.196337,45.570254,20.044284,21.751855,20.73793736304,0.740243,0.0,dbscl-sentinel-2-2022\dbscl-sentinel-2_2022-04\S2_2022-04-25_03-35-09\20220425T031541_20220425T032948_T48PVT_metadata.json,48PVT
S2A_MSIL2A_20220425T031541_N0400_R118_T48PWS_20220425T072240,0.25977,4.731456,267.757612,49.902233,7.317905,21.742834,19.9387467612671,2.191937,0.0,dbscl-sentinel-2-2022\dbscl-sentinel-2_2022-04\S2_2022-04-25_03-35-20\20220425T031541_20220425T032948_T48PWS_metadata.json,48PWS
S2A_MSIL2A_20220425T031541_N0400_R118_T48PVS_20220425T072240,0.282647,4.421319,266.745126,43.587625,17.992449,9.122504,20.813388240364,30.541506,0.0,dbscl-sentinel-2-2022\dbscl-sentinel-2_2022-04\S2_2022-04-25_03-35-23\20220425T031541_20220425T032948_T48PVS_metadata.json,48PVS
S2A_MSIL2A_20220425T031541_N0400_R118_T48PXR_20220425T072240,0.1073,4.276724,266.294504,45.200154,1.821186,8.702084,19.192941874257,25.048333,0.0,dbscl-sentinel-2-2022\dbscl-sentinel-2_2022-04\S2_2022-04-25_03-35-31\20220425T031541_20220425T032948_T48PXR_metadata.json,48PXR
S2A_MSIL2A_20220425T031541_N0400_R118_T48PVR_20220425T072240,0.153893,3.805712,265.036291,42.221826,27.298865,2.778995,20.9258112320981,44.862628,0.0,dbscl-sentinel-2-2022\dbscl-sentinel-2_2022-04\S2_2022-04-25_03-35-38\20220425T031541_20220425T032948_T48PVR_metadata.json,48PVR
S2A_MSIL2A_20220425T031541_N0400_R118_T48PUR_20220425T072240,0.164052,4.304002,264.518739,35.648534,27.769133,0.050809,21.7941764826347,64.297807,0.0,dbscl-sentinel-2-2022\dbscl-sentinel-2_2022-04\S2_2022-04-25_03-35-41\20220425T031541_20220425T032948_T48PUR_metadata.json,48PUR
S2B_MSIL2A_20220427T030539_N0400_R075_T48PXS_20220427T065614,0.34861,4.530361,275.903317,34.275007,6.71994,15.887909999999998,21.5111169243005,25.100541,0.0,dbscl-sentinel-2-2022\dbscl-sentinel-2_2022-04\S2_2022-04-27_03-25-09\20220427T030539_20220427T032403_T48PXS_metadata.json,48PXS
S2A_MSIL2A_20220428T032541_N0400_R018_T48PUR_20220512T065216,0.233706,4.739001,269.273546,40.04401,12.160929000000001,0.043202,19.4557301884157,59.866565,0.0,dbscl-sentinel-2-2022\dbscl-sentinel-2_2022-04\S2_2022-04-28_03-45-36\20220428T032541_20220428T033559_T48PUR_metadata.json,48PUR
S2B_MSIL2A_20220513T032539_N0400_R018_T48PUR_20220513T123441,0.281518,4.489003,265.59331,21.199259,15.083271,0.06012,20.4916032985771,78.650397,0.0,dbscl-sentinel-2-2022\dbscl-sentinel-2_2022-05\S2_2022-05-13_03-45-29\20220513T032539_20220513T034254_T48PUR_metadata.json,48PUR
S2A_MSIL2A_20220515T031541_N0400_R118_T48PVT_20220515T081916,0.358654,4.430528,270.957571,45.732629,34.852031,36.031258,21.3770529501078,0.366728,0.0,dbscl-sentinel-2-2022\dbscl-sentinel-2_2022-05\S2_2022-05-15_03-35-08\20220515T031541_20220515T033046_T48PVT_metadata.json,48PVT
S2A_MSIL2A_20220515T031541_N0400_R118_T48PVS_20220515T081916,0.365541,4.663784,269.812937,47.591507,35.366547,18.855867,21.6940878605726,20.513004,0.0,dbscl-sentinel-2-2022\dbscl-sentinel-2_2022-05\S2_2022-05-15_03-35-23\20220515T031541_20220515T033046_T48PVS_metadata.json,48PVS
S2A_MSIL2A_20220515T031541_N0400_R118_T48PUS_20220515T081916,0.16757,4.600584,269.788023,32.814589,15.090692,16.4188,22.4991961657416,45.429549,0.0,dbscl-sentinel-2-2022\dbscl-sentinel-2_2022-05\S2_2022-05-15_03-35-26\20220515T031541_20220515T033046_T48PUS_metadata.json,48PUS
S2A_MSIL2A_20220515T031541_N0400_R118_T48PWR_20220515T081916,0.198539,5.340085,267.779493,42.283219,12.277226,13.849255,21.2573690092347,13.587275,0.0,dbscl-sentinel-2-2022\dbscl-sentinel-2_2022-05\S2_2022-05-15_03-35-34\20220515T031541_20220515T033046_T48PWR_metadata.json,48PWR
S2A_MSIL2A_20220515T031541_N0400_R118_T48PUR_20220515T081916,0.159221,4.819001,268.729775,41.02973,27.02145,0.02059,22.8330928428176,58.93378299999999,0.0,dbscl-sentinel-2-2022\dbscl-sentinel-2_2022-05\S2_2022-05-15_03-35-40\20220515T031541_20220515T033046_T48PUR_metadata.json,48PUR
S2A_MSIL2A_20220515T031541_N0400_R118_T48PWQ_20220515T081916,0.169007,5.36097,264.236838,19.742146,9.343573,0.710475,21.6503191774205,76.389009,0.0,dbscl-sentinel-2-2022\dbscl-sentinel-2_2022-05\S2_2022-05-15_03-35-48\20220515T031541_20220515T033046_T48PWQ_metadata.json,48PWQ
S2B_MSIL2A_20220520T031539_N0400_R118_T48PXT_20220520T064749,0.149696,5.153296,268.818453,45.789504,11.41692,31.902316,20.2124854567629,1.131238,0.0,dbscl-sentinel-2-2022\dbscl-sentinel-2_2022-05\S2_2022-05-20_03-34-57\20220520T031539_20220520T033443_T48PXT_metadata.json,48PXT
S2B_MSIL2A_20220520T031539_N0400_R118_T48PXS_20220520T064749,0.19794,5.243354,269.875411,34.622329,3.4303809999999997,35.770249,20.6010905481901,1.9185899999999998,0.0,dbscl-sentinel-2-2022\dbscl-sentinel-2_2022-05\S2_2022-05-20_03-35-11\20220520T031539_20220520T033443_T48PXS_metadata.json,48PXS
S2B_MSIL2A_20220520T031539_N0400_R118_T48PUS_20220520T064749,0.290225,3.553083,268.643326,34.214175,6.047601,21.150559,22.9388192992816,36.842424,0.0,dbscl-sentinel-2-2022\dbscl-sentinel-2_2022-05\S2_2022-05-20_03-35-21\20220520T031539_20220520T033443_T48PUS_metadata.json,48PUS
S2B_MSIL2A_20220520T031539_N0400_R118_T48PXR_20220520T064749,0.151887,5.676604,269.870797,48.842528,14.928675,7.592373,21.0193844186005,25.763044,0.0,dbscl-sentinel-2-2022\dbscl-sentinel-2_2022-05\S2_2022-05-20_03-35-26\20220520T031539_20220520T033443_T48PXR_metadata.json,48PXR
S2A_MSIL2A_20220525T031551_N0400_R118_T48PWT_20220525T074112,0.353996,3.970026,271.069303,19.878362,12.904735,42.168695,21.4318708137857,1.180656,0.0,dbscl-sentinel-2-2022\dbscl-sentinel-2_2022-05\S2_2022-05-25_03-35-08\20220525T031551_20220525T033048_T48PWT_metadata.json,48PWT
S2A_MSIL2A_20220525T031551_N0400_R118_T48PVT_20220525T074112,0.340605,4.113329,270.258557,15.47503,4.615916,45.57184,22.2094624001916,1.02137,0.0,dbscl-sentinel-2-2022\dbscl-sentinel-2_2022-05\S2_2022-05-25_03-35-11\20220525T031551_20220525T033048_T48PVT_metadata.json,48PVT
S2A_MSIL2A_20220525T031551_N0400_R118_T48PVS_20220525T074112,0.371421,3.903893,270.725717,36.326084,26.055014,18.920329,22.6004749266829,25.578058,0.0,dbscl-sentinel-2-2022\dbscl-sentinel-2_2022-05\S2_2022-05-25_03-35-25\20220525T031551_20220525T033048_T48PVS_metadata.json,48PVS
S2A_MSIL2A_20220525T031551_N0400_R118_T48PUS_20220525T074112,0.146167,4.112884,269.945462,45.216584,10.459327,9.302016,23.370485153066,40.508154,0.0,dbscl-sentinel-2-2022\dbscl-sentinel-2_2022-05\S2_2022-05-25_03-35-29\20220525T031551_20220525T033048_T48PUS_metadata.json,48PUS
S2A_MSIL2A_20220525T031551_N0400_R118_T48PXR_20220525T074112,0.191945,3.944374,271.919473,44.315749,22.574408,6.033139,21.5363510060616,36.613709,0.0,dbscl-sentinel-2-2022\dbscl-sentinel-2_2022-05\S2_2022-05-25_03-35-33\20220525T031551_20220525T033048_T48PXR_metadata.json,48PXR
S2A_MSIL2A_20220525T031551_N0400_R118_T48PWR_20220525T074112,0.335802,4.142399,271.173176,30.566379,16.358583,19.723186,22.2723536385949,13.754915,0.0,dbscl-sentinel-2-2022\dbscl-sentinel-2_2022-05\S2_2022-05-25_03-35-37\20220525T031551_20220525T033048_T48PWR_metadata.json,48PWR
S2A_MSIL2A_20220525T031551_N0400_R118_T48PVR_20220525T074112,0.16232,4.077843,270.528146,45.803949,30.856347,4.535493,23.0186728383308,39.526305,0.0,dbscl-sentinel-2-2022\dbscl-sentinel-2_2022-05\S2_2022-05-25_03-35-40\20220525T031551_20220525T033048_T48PVR_metadata.json,48PVR
S2A_MSIL2A_20220525T031551_N0400_R118_T48PUR_20220525T074112,0.159432,4.111003,269.915909,42.96988,32.287014,0.031418,23.7736973877254,56.981641,0.0,dbscl-sentinel-2-2022\dbscl-sentinel-2_2022-05\S2_2022-05-25_03-35-43\20220525T031551_20220525T033048_T48PUR_metadata.json,48PUR
S2A_MSIL2A_20220525T031551_N0400_R118_T48PWQ_20220525T074112,0.178147,4.291959,270.981435,28.760624,14.549175,0.625333,22.7327162622059,63.187194,0.0,dbscl-sentinel-2-2022\dbscl-sentinel-2_2022-05\S2_2022-05-25_03-35-51\20220525T031551_20220525T033048_T48PWQ_metadata.json,48PWQ
S2A_MSIL2A_20220525T031551_N0400_R118_T48PVQ_20220525T074112,0.171629,4.251841,270.356781,45.408314,12.145574,0.585618,23.4630561716531,46.114561,0.0,dbscl-sentinel-2-2022\dbscl-sentinel-2_2022-05\S2_2022-05-25_03-35-55\20220525T031551_20220525T033048_T48PVQ_metadata.json,48PVQ
S2A_MSIL2A_20220601T030551_N0400_R075_T48PXR_20220601T075215,0.186345,5.397003,267.357354,26.764959,6.968748,0.536558,24.2789338651464,69.143569,0.0,dbscl-sentinel-2-2022\dbscl-sentinel-2_2022-06\S2_2022-06-01_03-25-39\20220601T030551_20220601T032135_T48PXR_metadata.json,48PXR
S2B_MSIL2A_20220602T032539_N0400_R018_T48PUR_20220602T080315,0.139956,5.443,264.011407,46.317807,8.775106,0.027467,22.5707009675697,53.564662000000006,0.0,dbscl-sentinel-2-2022\dbscl-sentinel-2_2022-06\S2_2022-06-02_03-45-30\20220602T032539_20220602T034042_T48PUR_metadata.json,48PUR
S2A_MSIL2A_20220604T031551_N0400_R118_T48PXT_20220604T074210,0.179789,4.625753,275.076769,41.674924,4.208168,39.777634,21.6114283661388,0.740087,0.0,dbscl-sentinel-2-2022\dbscl-sentinel-2_2022-06\S2_2022-06-04_03-35-05\20220604T031551_20220604T033049_T48PXT_metadata.json,48PXT
S2B_MSIL2A_20220606T030549_N0400_R075_T48PXS_20220606T062523,0.166274,4.595242,273.532721,35.170501,7.43269,23.985739,24.2999144678976,21.006708,0.0,dbscl-sentinel-2-2022\dbscl-sentinel-2_2022-06\S2_2022-06-06_03-25-17\20220606T030549_20220606T032356_T48PXS_metadata.json,48PXS
S2B_MSIL2A_20220606T030549_N0400_R075_T48PXR_20220606T062523,0.134939,4.637567,271.179486,11.527213,5.642782,4.655851,24.758161788732,76.322258,0.0,dbscl-sentinel-2-2022\dbscl-sentinel-2_2022-06\S2_2022-06-06_03-25-32\20220606T030549_20220606T032356_T48PXR_metadata.json,48PXR
S2A_MSIL2A_20220607T032521_N0400_R018_T48PUS_20220607T082307,0.143401,3.858166,271.17522,36.677691,27.368599,17.481598,22.5222035519401,42.532578,0.0,dbscl-sentinel-2-2022\dbscl-sentinel-2_2022-06\S2_2022-06-07_03-45-24\20220607T032521_20220607T033818_T48PUS_metadata.json,48PUS
S2B_MSIL2A_20220609T031539_N0400_R118_T48PXT_20220609T063006,0.137553,4.332589,277.489073,20.275839,13.962816,62.860215,22.0561473456784,1.27086,0.0,dbscl-sentinel-2-2022\dbscl-sentinel-2_2022-06\S2_2022-06-09_03-34-59\20220609T031539_20220609T033445_T48PXT_metadata.json,48PXT
S2B_MSIL2A_20220609T031539_N0400_R118_T48PWT_20220609T063006,0.264184,4.588801,277.36946,12.612426,11.287265,55.414832,22.7908655724771,2.253964,0.0,dbscl-sentinel-2-2022\dbscl-sentinel-2_2022-06\S2_2022-06-09_03-35-02\20220609T031539_20220609T033445_T48PWT_metadata.json,48PWT
S2B_MSIL2A_20220609T031539_N0400_R118_T48PVT_20220609T063006,0.364327,4.393432,276.793224,10.409353,9.573466,52.86473,23.5357388486163,2.865236,0.0,dbscl-sentinel-2-2022\dbscl-sentinel-2_2022-06\S2_2022-06-09_03-35-06\20220609T031539_20220609T033445_T48PVT_metadata.json,48PVT
S2B_MSIL2A_20220609T031539_N0400_R118_T48PXS_20220609T063006,0.240256,3.913976,276.544506,13.623187,13.161767,65.057456,22.5349340866907,4.397384,0.0,dbscl-sentinel-2-2022\dbscl-sentinel-2_2022-06\S2_2022-06-09_03-35-13\20220609T031539_20220609T033445_T48PXS_metadata.json,48PXS
S2B_MSIL2A_20220609T031539_N0400_R118_T48PWS_20220609T063006,0.239574,3.93162,276.340119,20.728275,18.653637,57.599449,23.2533338235274,3.408575,0.0,dbscl-sentinel-2-2022\dbscl-sentinel-2_2022-06\S2_2022-06-09_03-35-17\20220609T031539_20220609T033445_T48PWS_metadata.json,48PWS
S2B_MSIL2A_20220609T031539_N0400_R118_T48PVS_20220609T063006,0.35949,3.972672,276.146058,33.128995,30.73681,27.415398,23.9826055097642,23.332933,0.0,dbscl-sentinel-2-2022\dbscl-sentinel-2_2022-06\S2_2022-06-09_03-35-20\20220609T031539_20220609T033445_T48PVS_metadata.json,48PVS
S2B_MSIL2A_20220609T031539_N0400_R118_T48PUS_20220609T063006,0.142243,3.746893,276.175092,12.267625,7.945223000000001,28.386274,24.7211610537261,55.409557,0.0,dbscl-sentinel-2-2022\dbscl-sentinel-2_2022-06\S2_2022-06-09_03-35-23\20220609T031539_20220609T033445_T48PUS_metadata.json,48PUS
S2A_MSIL2A_20220611T030551_N0400_R075_T48PXT_20220611T074611,0.197481,3.773281,272.016106,26.333293,22.464626,49.057803,24.2205434785628,1.289183,0.0,dbscl-sentinel-2-2022\dbscl-sentinel-2_2022-06\S2_2022-06-11_03-25-11\20220611T030551_20220611T032137_T48PXT_metadata.json,48PXT
S2A_MSIL2A_20220611T030551_N0400_R075_T48PXS_20220611T074611,0.359726,3.756606,273.211163,20.690477,18.579707,41.213205,24.6659336177135,17.392451,0.0,dbscl-sentinel-2-2022\dbscl-sentinel-2_2022-06\S2_2022-06-11_03-25-26\20220611T030551_20220611T032137_T48PXS_metadata.json,48PXS
S2B_MSIL2A_20220612T032519_N0400_R018_T48PUS_20220612T065003,0.161067,4.147744,271.235246,46.492192,26.507252,12.876083,22.9374396021275,37.445009,0.0,dbscl-sentinel-2-2022\dbscl-sentinel-2_2022-06\S2_2022-06-12_03-45-19\20220612T032519_20220612T034203_T48PUS_metadata.json,48PUS
S2A_MSIL2A_20220614T031551_N0400_R118_T48PWT_20220614T075321,0.353835,4.24492,268.494723,41.847712,9.358768,30.881992,23.1227679099395,1.21772,0.0,dbscl-sentinel-2-2022\dbscl-sentinel-2_2022-06\S2_2022-06-14_03-35-11\20220614T031551_20220614T033052_T48PWT_metadata.json,48PWT
S2A_MSIL2A_20220614T031551_N0400_R118_T48PVT_20220614T075321,0.358528,4.25967,268.853199,15.54123,7.993905,48.734578000000006,23.8632244042646,1.670157,0.0,dbscl-sentinel-2-2022\dbscl-sentinel-2_2022-06\S2_2022-06-14_03-35-14\20220614T031551_20220614T033052_T48PVT_metadata.json,48PVT
S2A_MSIL2A_20220614T031551_N0400_R118_T48PWS_20220614T075321,0.347821,4.148877,267.006095,48.657045,9.663694,26.615283,23.5920030334291,1.73725,0.0,dbscl-sentinel-2-2022\dbscl-sentinel-2_2022-06\S2_2022-06-14_03-35-25\20220614T031551_20220614T033052_T48PWS_metadata.json,48PWS
S2A_MSIL2A_20220614T031551_N0400_R118_T48PVS_20220614T075321,0.347534,4.140796,267.235915,37.447634,7.813372,17.643522,24.3169936401983,32.246098,0.0,dbscl-sentinel-2-2022\dbscl-sentinel-2_2022-06\S2_2022-06-14_03-35-29\20220614T031551_20220614T033052_T48PVS_metadata.json,48PVS
S2A_MSIL2A_20220614T031551_N0400_R118_T48PUS_20220614T075321,0.230895,4.135742,267.806527,16.621819,1.292522,24.458447,25.0513624565316,52.981406,0.0,dbscl-sentinel-2-2022\dbscl-sentinel-2_2022-06\S2_2022-06-14_03-35-32\20220614T031551_20220614T033052_T48PUS_metadata.json,48PUS
S2A_MSIL2A_20220614T031551_N0400_R118_T48PXR_20220614T075321,0.365865,3.879762,266.057032,24.10503,4.324588,17.556782,23.3862871102526,39.880845,0.0,dbscl-sentinel-2-2022\dbscl-sentinel-2_2022-06\S2_2022-06-14_03-35-36\20220614T031551_20220614T033052_T48PXR_metadata.json,48PXR
S2A_MSIL2A_20220614T031551_N0400_R118_T48PWR_20220614T075321,0.365889,3.866562,265.794632,39.117649,14.353552,19.602792,24.0841958476492,13.162558,0.0,dbscl-sentinel-2-2022\dbscl-sentinel-2_2022-06\S2_2022-06-14_03-35-40\20220614T031551_20220614T033052_T48PWR_metadata.json,48PWR
S2A_MSIL2A_20220614T031551_N0400_R118_T48PVR_20220614T075321,0.107876,3.878901,265.963063,15.139008,1.898026,4.954532,24.7936823844298,70.38632,0.0,dbscl-sentinel-2-2022\dbscl-sentinel-2_2022-06\S2_2022-06-14_03-35-43\20220614T031551_20220614T033052_T48PVR_metadata.json,48PVR
S2A_MSIL2A_20220614T031551_N0400_R118_T48PUR_20220614T075321,0.115175,4.705004,266.439464,10.342785,7.012394,0.012835,25.5131714290824,89.624256,0.0,dbscl-sentinel-2-2022\dbscl-sentinel-2_2022-06\S2_2022-06-14_03-35-46\20220614T031551_20220614T033052_T48PUR_metadata.json,48PUR
S2A_MSIL2A_20220614T031551_N0400_R118_T48PWQ_20220614T075321,0.091017,3.65863,264.988708,18.527719,9.636235,0.965587,24.5985361124038,76.314569,0.0,dbscl-sentinel-2-2022\dbscl-sentinel-2_2022-06\S2_2022-06-14_03-35-54\20220614T031551_20220614T033052_T48PWQ_metadata.json,48PWQ
S2A_MSIL2A_20220614T031551_N0400_R118_T48PVQ_20220614T075321,0.100598,3.961383,265.101111,33.121878,23.274425,0.855949,25.2925770037693,59.619391,0.0,dbscl-sentinel-2-2022\dbscl-sentinel-2_2022-06\S2_2022-06-14_03-35-58\20220614T031551_20220614T033052_T48PVQ_metadata.json,48PVQ
S2B_MSIL2A_20220619T031519_N0400_R118_T48PXT_20220619T062955,0.263578,4.724296,276.289781,41.612941,4.570642,35.001332,22.7069753260444,0.909516,0.0,dbscl-sentinel-2-2022\dbscl-sentinel-2_2022-06\S2_2022-06-19_03-35-01\20220619T031519_20220619T033426_T48PXT_metadata.json,48PXT
S2B_MSIL2A_20220619T031519_N0400_R118_T48PWT_20220619T062955,0.233999,4.912379,276.74186,27.017447,3.523044,42.737988,23.4368178337091,1.881709,0.0,dbscl-sentinel-2-2022\dbscl-sentinel-2_2022-06\S2_2022-06-19_03-35-05\20220619T031519_20220619T033426_T48PWT_metadata.json,48PWT
S2B_MSIL2A_20220619T031519_N0400_R118_T48PVT_20220619T062955,0.35266,4.898711,276.846685,9.464814,3.831391,51.916265,24.1767945453186,2.590425,0.0,dbscl-sentinel-2-2022\dbscl-sentinel-2_2022-06\S2_2022-06-19_03-35-08\20220619T031519_20220619T033426_T48PVT_metadata.json,48PVT
S2B_MSIL2A_20220619T031519_N0400_R118_T48PXS_20220619T062955,0.353888,4.744526,274.109465,42.927417,3.38205,29.424617,23.1926053938795,2.298245,0.0,dbscl-sentinel-2-2022\dbscl-sentinel-2_2022-06\S2_2022-06-19_03-35-16\20220619T031519_20220619T033426_T48PXS_metadata.json,48PXS
S2B_MSIL2A_20220619T031519_N0400_R118_T48PWS_20220619T062955,0.36588,5.101265,274.882457,48.912948,7.876633,27.187231,23.9065198959421,1.977525,0.0,dbscl-sentinel-2-2022\dbscl-sentinel-2_2022-06\S2_2022-06-19_03-35-19\20220619T031519_20220619T033426_T48PWS_metadata.json,48PWS
S2B_MSIL2A_20220619T031519_N0400_R118_T48PVS_20220619T062955,0.317524,5.117937,275.15339,30.447358,7.427049,21.914336,24.6312372307777,32.665363,0.0,dbscl-sentinel-2-2022\dbscl-sentinel-2_2022-06\S2_2022-06-19_03-35-22\20220619T031519_20220619T033426_T48PVS_metadata.json,48PVS
S2B_MSIL2A_20220619T031519_N0400_R118_T48PUS_20220619T062955,0.159785,4.590119,275.142744,28.714696,2.334543,19.394474,25.3652090028442,47.193986,0.0,dbscl-sentinel-2-2022\dbscl-sentinel-2_2022-06\S2_2022-06-19_03-35-26\20220619T031519_20220619T033426_T48PUS_metadata.json,48PUS
S2B_MSIL2A_20220619T031519_N0400_R118_T48PXR_20220619T062955,0.187847,4.86113,271.927957,49.869806,4.25986,15.06653,23.7007649557278,18.460745,0.0,dbscl-sentinel-2-2022\dbscl-sentinel-2_2022-06\S2_2022-06-19_03-35-30\20220619T031519_20220619T033426_T48PXR_metadata.json,48PXR
S2B_MSIL2A_20220619T031519_N0400_R118_T48PWR_20220619T062955,0.2999,5.147415,272.893301,45.538595,5.298987,17.743711,24.3988074858453,9.68684,0.0,dbscl-sentinel-2-2022\dbscl-sentinel-2_2022-06\S2_2022-06-19_03-35-34\20220619T031519_20220619T033426_T48PWR_metadata.json,48PWR
S2B_MSIL2A_20220619T031519_N0400_R118_T48PVR_20220619T062955,0.187846,5.276003,273.737995,47.073895,25.491872,3.976072,25.1082554190883,41.250873,0.0,dbscl-sentinel-2-2022\dbscl-sentinel-2_2022-06\S2_2022-06-19_03-35-37\20220619T031519_20220619T033426_T48PVR_metadata.json,48PVR
S2B_MSIL2A_20220619T031519_N0400_R118_T48PUR_20220619T062955,0.181998,4.635112,274.108832,32.347631,13.482033,0.022745,25.8275574680825,67.612284,0.0,dbscl-sentinel-2-2022\dbscl-sentinel-2_2022-06\S2_2022-06-19_03-35-40\20220619T031519_20220619T033426_T48PUR_metadata.json,48PUR
S2B_MSIL2A_20220619T031519_N0400_R118_T48PWQ_20220619T062955,0.149811,5.34906,271.526749,34.440941,18.846126,0.22835,24.9129284153692,62.955821,0.0,dbscl-sentinel-2-2022\dbscl-sentinel-2_2022-06\S2_2022-06-19_03-35-48\20220619T031519_20220619T033426_T48PWQ_metadata.json,48PWQ
S2B_MSIL2A_20220619T031519_N0400_R118_T48PVQ_20220619T062955,0.17502,5.356823,271.436584,43.252331,17.58647,0.69948,25.607140271286,52.785736,0.0,dbscl-sentinel-2-2022\dbscl-sentinel-2_2022-06\S2_2022-06-19_03-35-52\20220619T031519_20220619T033426_T48PVQ_metadata.json,48PVQ
S2A_MSIL2A_20220621T030551_N0400_R075_T48PXT_20220621T074612,0.31196,4.592154,274.632743,49.854538,7.840735,29.735841999999998,24.8070421370664,0.486732,0.0,dbscl-sentinel-2-2022\dbscl-sentinel-2_2022-06\S2_2022-06-21_03-25-14\20220621T030551_20220621T032139_T48PXT_metadata.json,48PXT
S2A_MSIL2A_20220621T030551_N0400_R075_T48PXS_20220621T074612,0.353846,4.372869,274.296371,35.294083,10.423286,24.004553,25.2560354212324,19.529603,0.0,dbscl-sentinel-2-2022\dbscl-sentinel-2_2022-06\S2_2022-06-21_03-25-28\20220621T030551_20220621T032139_T48PXS_metadata.json,48PXS
S2A_MSIL2A_20220621T030551_N0400_R075_T48PXR_20220621T074612,0.150309,4.08204,273.278257,43.282345,4.15167,5.581346,25.726712605851,45.496145,0.0,dbscl-sentinel-2-2022\dbscl-sentinel-2_2022-06\S2_2022-06-21_03-25-43\20220621T030551_20220621T032139_T48PXR_metadata.json,48PXR
S2A_MSIL2A_20220624T031551_N0400_R118_T48PXT_20220624T074315,0.173626,4.886199,271.232472,39.421913,16.538732,42.080104,22.893724389163,1.255135,0.0,dbscl-sentinel-2-2022\dbscl-sentinel-2_2022-06\S2_2022-06-24_03-35-09\20220624T031551_20220624T033054_T48PXT_metadata.json,48PXT
S2A_MSIL2A_20220624T031551_N0400_R118_T48PWT_20220624T074315,0.203879,5.368877,271.9649,35.958594,5.031264,38.772187,23.6260536128135,2.195056,0.0,dbscl-sentinel-2-2022\dbscl-sentinel-2_2022-06\S2_2022-06-24_03-35-13\20220624T031551_20220624T033054_T48PWT_metadata.json,48PWT
S2A_MSIL2A_20220624T031551_N0400_R118_T48PVT_20220624T074315,0.298638,5.154619,272.719997,36.457315,4.308592,30.655771,24.3682930218047,1.226059,0.0,dbscl-sentinel-2-2022\dbscl-sentinel-2_2022-06\S2_2022-06-24_03-35-16\20220624T031551_20220624T033054_T48PVT_metadata.json,48PVT
S2B_MSIL2A_20220626T030529_N0400_R075_T48PXT_20220626T061929,0.245533,5.094583,275.414078,47.12362,7.098273,29.375985,25.0219038239598,1.30825,0.0,dbscl-sentinel-2-2022\dbscl-sentinel-2_2022-06\S2_2022-06-26_03-25-07\20220626T030529_20220626T032154_T48PXT_metadata.json,48PXT
S2B_MSIL2A_20220626T030529_N0400_R075_T48PXS_20220626T061929,0.227958,5.14748,274.480295,38.742298,17.281571,23.943435,25.464694983569,18.848476,0.0,dbscl-sentinel-2-2022\dbscl-sentinel-2_2022-06\S2_2022-06-26_03-25-21\20220626T030529_20220626T032154_T48PXS_metadata.json,48PXS
S2B_MSIL2A_20220629T031529_N0400_R118_T48PXT_20220629T062328,0.239749,4.521314,281.410885,46.293399,19.270146,38.994905,23.0457277301146,0.708985,0.0,dbscl-sentinel-2-2022\dbscl-sentinel-2_2022-06\S2_2022-06-29_03-35-02\20220629T031529_20220629T033427_T48PXT_metadata.json,48PXT
S2B_MSIL2A_20220629T031529_N0400_R118_T48PWT_20220629T062328,0.347951,4.72493,280.406267,32.677615,27.166113,41.483364,23.7843006892906,1.304876,0.0,dbscl-sentinel-2-2022\dbscl-sentinel-2_2022-06\S2_2022-06-29_03-35-06\20220629T031529_20220629T033427_T48PWT_metadata.json,48PWT
S2B_MSIL2A_20220629T031529_N0400_R118_T48PVT_20220629T062328,0.352349,4.673588,279.905953,19.864754,14.31783,45.230147,24.5323515981147,1.380183,0.0,dbscl-sentinel-2-2022\dbscl-sentinel-2_2022-06\S2_2022-06-29_03-35-09\20220629T031529_20220629T033427_T48PVT_metadata.json,48PVT
S2B_MSIL2A_20220629T031529_N0400_R118_T48PXS_20220629T062328,0.317521,4.398129,280.595484,25.166944,12.298103,54.68817399999999,23.5175042098351,1.883077,0.0,dbscl-sentinel-2-2022\dbscl-sentinel-2_2022-06\S2_2022-06-29_03-35-16\20220629T031529_20220629T033427_T48PXS_metadata.json,48PXS
S2B_MSIL2A_20220629T031529_N0400_R118_T48PUS_20220629T062328,0.142175,4.555858,280.479758,34.129685,15.535878,20.232099,25.7157863632268,40.305108,0.0,dbscl-sentinel-2-2022\dbscl-sentinel-2_2022-06\S2_2022-06-29_03-35-27\20220629T031529_20220629T033427_T48PUS_metadata.json,48PUS
S2A_MSIL2A_20220704T031531_N0400_R118_T48PXR_20220704T075823,0.230543,4.792385,272.572019,39.746535,2.487238,15.804192000000002,23.9940666976639,29.380065,0.0,dbscl-sentinel-2-2022\dbscl-sentinel-2_2022-07\S2_2022-07-04_03-35-39\20220704T031531_20220704T033033_T48PXR_metadata.json,48PXR
S2A_MSIL2A_20220714T031551_N0400_R118_T48PWT_20220714T090200,0.359883,5.15238,270.627043,45.424095,15.322898,26.275647,23.626383621442,1.022439,0.0,dbscl-sentinel-2-2022\dbscl-sentinel-2_2022-07\S2_2022-07-14_03-35-13\20220714T031551_20220714T032837_T48PWT_metadata.json,48PWT
S2B_MSIL2A_20220716T030529_N0400_R075_T48PXS_20220716T062656,0.204458,5.607465,272.475903,47.424605,8.071607,17.068709,25.3297049327928,19.648594,0.0,dbscl-sentinel-2-2022\dbscl-sentinel-2_2022-07\S2_2022-07-16_03-25-21\20220716T030529_20220716T032153_T48PXS_metadata.json,48PXS
S2B_MSIL2A_20220716T030529_N0400_R075_T48PXR_20220716T062656,0.221939,5.85857,271.537059,43.384829,14.218378,3.656166,25.726080994232,47.86733699999999,0.0,dbscl-sentinel-2-2022\dbscl-sentinel-2_2022-07\S2_2022-07-16_03-25-35\20220716T030529_20220716T032153_T48PXR_metadata.json,48PXR
S2B_MSIL2A_20220719T031529_N0400_R118_T48PWT_20220719T062636,0.293797,5.632532,272.023009,46.06545,0.029661,23.680432,23.4437543151917,1.365228,0.0,dbscl-sentinel-2-2022\dbscl-sentinel-2_2022-07\S2_2022-07-19_03-35-05\20220719T031529_20220719T033427_T48PWT_metadata.json,48PWT
S2B_MSIL2A_20220719T031529_N0400_R118_T48PVT_20220719T062636,0.370458,5.527119,272.197384,37.213817,1.098828,32.3939,24.2378724382586,1.610354,0.0,dbscl-sentinel-2-2022\dbscl-sentinel-2_2022-07\S2_2022-07-19_03-35-08\20220719T031529_20220719T033427_T48PVT_metadata.json,48PVT
S2B_MSIL2A_20220719T031529_N0400_R118_T48PWS_20220719T062636,0.311809,5.607578,272.256301,48.436955,9.551501,27.628195,23.8151872884783,1.65523,0.0,dbscl-sentinel-2-2022\dbscl-sentinel-2_2022-07\S2_2022-07-19_03-35-20\20220719T031529_20220719T033427_T48PWS_metadata.json,48PWS
S2B_MSIL2A_20220719T031529_N0400_R118_T48PVS_20220719T062636,0.269696,5.671382,272.541246,36.324546,3.286545,20.103902,24.5960122871024,28.651425,0.0,dbscl-sentinel-2-2022\dbscl-sentinel-2_2022-07\S2_2022-07-19_03-35-23\20220719T031529_20220719T033427_T48PVS_metadata.json,48PVS
S2B_MSIL2A_20220719T031529_N0400_R118_T48PUS_20220719T062636,0.225909,5.2129,272.610876,43.919703,6.971025,8.742443,25.3829133504693,41.785944,0.0,dbscl-sentinel-2-2022\dbscl-sentinel-2_2022-07\S2_2022-07-19_03-35-26\20220719T031529_20220719T033427_T48PUS_metadata.json,48PUS
S2B_MSIL2A_20220719T031529_N0400_R118_T48PWR_20220719T062636,0.263995,5.553408,272.562034,48.951781,11.745591,24.045943,24.2126037354392,2.540181,0.0,dbscl-sentinel-2-2022\dbscl-sentinel-2_2022-07\S2_2022-07-19_03-35-34\20220719T031529_20220719T033427_T48PWR_metadata.json,48PWR
S2B_MSIL2A_20220719T031529_N0400_R118_T48PVR_20220719T062636,0.269997,5.453351,272.886481,21.778521,15.154675,5.776185,24.9798035287532,63.9732,0.0,dbscl-sentinel-2-2022\dbscl-sentinel-2_2022-07\S2_2022-07-19_03-35-38\20220719T031529_20220719T033427_T48PVR_metadata.json,48PVR
S2B_MSIL2A_20220719T031529_N0400_R118_T48PUR_20220719T062636,0.235774,5.079131,273.095731,19.614206,14.940132,0.050474,25.7537453031496,80.329806,0.0,dbscl-sentinel-2-2022\dbscl-sentinel-2_2022-07\S2_2022-07-19_03-35-40\20220719T031529_20220719T033427_T48PUR_metadata.json,48PUR
S2B_MSIL2A_20220722T032519_N0400_R018_T48PUS_20220722T064044,0.071616,4.508461,276.307071,33.346674,19.027197,17.372876000000005,23.0414809260709,46.306303,0.0,dbscl-sentinel-2-2022\dbscl-sentinel-2_2022-07\S2_2022-07-22_03-45-21\20220722T032519_20220722T034202_T48PUS_metadata.json,48PUS
S2B_MSIL2A_20220722T032519_N0400_R018_T48PUR_20220722T064044,0.153413,4.791009,274.914132,37.418419,33.878136,0.108438,23.4246361239697,62.446099999999994,0.0,dbscl-sentinel-2-2022\dbscl-sentinel-2_2022-07\S2_2022-07-22_03-45-36\20220722T032519_20220722T034202_T48PUR_metadata.json,48PUR
S2A_MSIL2A_20220724T031531_N0400_R118_T48PXT_20220725T075506,0.143507,4.552078,273.783666,47.48604,27.610862,39.899126,22.3396717288812,1.2985589999999998,0.0,dbscl-sentinel-2-2022\dbscl-sentinel-2_2022-07\S2_2022-07-24_03-35-07\20220724T031531_20220724T033031_T48PXT_metadata.json,48PXT
S2A_MSIL2A_20220724T031531_N0400_R118_T48PVS_20220725T075506,0.330855,5.575683,274.670741,45.372912,7.430768,12.987664,24.2780539990324,30.910751,0.0,dbscl-sentinel-2-2022\dbscl-sentinel-2_2022-07\S2_2022-07-24_03-35-29\20220724T031531_20220724T033031_T48PVS_metadata.json,48PVS
S2A_MSIL2A_20220724T031531_N0400_R118_T48PUS_20220725T075506,0.194414,5.080225,275.044522,36.192667,1.486561,14.526241,25.0801919628037,43.154967,0.0,dbscl-sentinel-2-2022\dbscl-sentinel-2_2022-07\S2_2022-07-24_03-35-32\20220724T031531_20220724T033031_T48PUS_metadata.json,48PUS
S2B_MSIL2A_20220729T031529_N0400_R118_T48PXT_20220729T062524,0.197748,5.23783,270.465472,37.617412,0.009549,35.008553000000006,22.0091057335077,0.612404,0.0,dbscl-sentinel-2-2022\dbscl-sentinel-2_2022-07\S2_2022-07-29_03-35-02\20220729T031529_20220729T033427_T48PXT_metadata.json,48PXT
S2B_MSIL2A_20220729T031529_N0400_R118_T48PWT_20220729T062524,0.257833,5.493499,270.122348,28.761867,0.046991,29.993632,22.8302921003552,3.686063,0.0,dbscl-sentinel-2-2022\dbscl-sentinel-2_2022-07\S2_2022-07-29_03-35-05\20220729T031529_20220729T033427_T48PWT_metadata.json,48PWT
S2B_MSIL2A_20220729T031529_N0400_R118_T48PVT_20220729T062524,0.280984,5.353902,269.701698,11.519708,9.3e-05,50.849319,23.6561813008496,4.153196,0.0,dbscl-sentinel-2-2022\dbscl-sentinel-2_2022-07\S2_2022-07-29_03-35-09\20220729T031529_20220729T033427_T48PVT_metadata.json,48PVT
S2B_MSIL2A_20220729T031529_N0400_R118_T48PXS_20220729T062524,0.239924,5.337259,269.625246,47.834229,12.216663,31.410658,22.319077798434,1.085351,0.0,dbscl-sentinel-2-2022\dbscl-sentinel-2_2022-07\S2_2022-07-29_03-35-16\20220729T031529_20220729T033427_T48PXS_metadata.json,48PXS
S2B_MSIL2A_20220729T031529_N0400_R118_T48PWS_20220729T062524,0.257888,5.474029,269.708792,38.387001,3.980276,28.476027,23.1277611035637,2.352819,0.0,dbscl-sentinel-2-2022\dbscl-sentinel-2_2022-07\S2_2022-07-29_03-35-20\20220729T031529_20220729T033427_T48PWS_metadata.json,48PWS
S2B_MSIL2A_20220729T031529_N0400_R118_T48PVS_20220729T062524,0.287507,5.441623,270.167033,18.535602,0.004874,26.639634,23.9418846313833,37.788495,0.0,dbscl-sentinel-2-2022\dbscl-sentinel-2_2022-07\S2_2022-07-29_03-35-23\20220729T031529_20220729T033427_T48PVS_metadata.json,48PVS
S2B_MSIL2A_20220729T031529_N0400_R118_T48PUS_20220729T062524,0.202925,4.891409,270.585926,18.639714,0.0,19.763091,24.7602206465753,55.875832,0.0,dbscl-sentinel-2-2022\dbscl-sentinel-2_2022-07\S2_2022-07-29_03-35-26\20220729T031529_20220729T033427_T48PUS_metadata.json,48PUS
S2B_MSIL2A_20220729T031529_N0400_R118_T48PWR_20220729T062524,0.263991,5.399911,270.09132,39.83072,12.620346,19.402902,23.4541755435685,12.465997,0.0,dbscl-sentinel-2-2022\dbscl-sentinel-2_2022-07\S2_2022-07-29_03-35-34\20220729T031529_20220729T033427_T48PWR_metadata.json,48PWR
S2B_MSIL2A_20220729T031529_N0400_R118_T48PVR_20220729T062524,0.238979,5.52234,270.623917,17.202786,0.789284,5.430052,24.2559246588137,67.296869,0.0,dbscl-sentinel-2-2022\dbscl-sentinel-2_2022-07\S2_2022-07-29_03-35-38\20220729T031529_20220729T033427_T48PVR_metadata.json,48PVR
S2B_MSIL2A_20220729T031529_N0400_R118_T48PUR_20220729T062524,0.248909,4.956059,271.003195,5.367748,0.0,0.02476,25.0625832464138,94.589877,0.0,dbscl-sentinel-2-2022\dbscl-sentinel-2_2022-07\S2_2022-07-29_03-35-40\20220729T031529_20220729T033427_T48PUR_metadata.json,48PUR
S2B_MSIL2A_20220729T031529_N0400_R118_T48PWQ_20220729T062524,0.236205,5.77285,270.268492,33.092079,16.311498,0.521126,23.8088198877582,60.266209,0.0,dbscl-sentinel-2-2022\dbscl-sentinel-2_2022-07\S2_2022-07-29_03-35-49\20220729T031529_20220729T033427_T48PWQ_metadata.json,48PWQ
S2B_MSIL2A_20220729T031529_N0400_R118_T48PVQ_20220729T062524,0.251127,5.790826,270.892582,31.172997,9.300151,0.855276,24.5976793013362,60.825855,0.0,dbscl-sentinel-2-2022\dbscl-sentinel-2_2022-07\S2_2022-07-29_03-35-52\20220729T031529_20220729T033427_T48PVQ_metadata.json,48PVQ
S2A_MSIL2A_20220813T031531_N0400_R118_T48PXT_20220813T075353,0.167311,4.347408,278.604113,21.037745,11.806265,54.470187,20.7629940621603,1.2471360000000002,0.0,dbscl-sentinel-2-2022\dbscl-sentinel-2_2022-08\S2_2022-08-13_03-35-09\20220813T031531_20220813T032941_T48PXT_metadata.json,48PXT
S2A_MSIL2A_20220813T031531_N0400_R118_T48PWT_20220813T075353,0.317964,4.316258,279.261401,20.027678,11.748498,38.684034,21.6321593702461,5.112322,0.0,dbscl-sentinel-2-2022\dbscl-sentinel-2_2022-08\S2_2022-08-13_03-35-13\20220813T031531_20220813T032941_T48PWT_metadata.json,48PWT
S2A_MSIL2A_20220813T031531_N0400_R118_T48PVT_20220813T075353,0.364475,4.16383,279.437634,33.424053,16.994427,44.660714,22.5028452461322,3.04999,0.0,dbscl-sentinel-2-2022\dbscl-sentinel-2_2022-08\S2_2022-08-13_03-35-16\20220813T031531_20220813T032941_T48PVT_metadata.json,48PVT
S2A_MSIL2A_20220813T031531_N0400_R118_T48PXS_20220813T075353,0.317764,4.422487,279.38963,35.02717,13.485956,39.351487,20.9111966664259,2.676298,0.0,dbscl-sentinel-2-2022\dbscl-sentinel-2_2022-08\S2_2022-08-13_03-35-24\20220813T031531_20220813T032941_T48PXS_metadata.json,48PXS
S2A_MSIL2A_20220813T031531_N0400_R118_T48PWS_20220813T075353,0.31199,4.294458,279.799528,29.591775,11.393701,34.368491,21.7724173272448,4.243426,0.0,dbscl-sentinel-2-2022\dbscl-sentinel-2_2022-08\S2_2022-08-13_03-35-27\20220813T031531_20220813T032941_T48PWS_metadata.json,48PWS
S2A_MSIL2A_20220813T031531_N0400_R118_T48PVS_20220813T075353,0.335492,4.264782,280.051126,18.826425,9.468124,27.078718,22.6357235859745,38.850683,0.0,dbscl-sentinel-2-2022\dbscl-sentinel-2_2022-08\S2_2022-08-13_03-35-30\20220813T031531_20220813T032941_T48PVS_metadata.json,48PVS
S2A_MSIL2A_20220813T031531_N0400_R118_T48PUS_20220813T075353,0.193884,3.826708,280.260374,19.489193,6.645774,22.028187,23.5001595244547,53.163153,0.0,dbscl-sentinel-2-2022\dbscl-sentinel-2_2022-08\S2_2022-08-13_03-35-34\20220813T031531_20220813T032941_T48PUS_metadata.json,48PUS
S2A_MSIL2A_20220813T031531_N0400_R118_T48PXR_20220813T075353,0.359957,4.367888,280.720224,42.513505,10.538358,19.795483,21.0947914240911,23.37829,0.0,dbscl-sentinel-2-2022\dbscl-sentinel-2_2022-08\S2_2022-08-13_03-35-38\20220813T031531_20220813T032941_T48PXR_metadata.json,48PXR
S2A_MSIL2A_20220813T031531_N0400_R118_T48PWR_20220813T075353,0.28325,4.536827,280.655937,34.947109,7.303294,17.962313,21.9468896187925,15.12775,0.0,dbscl-sentinel-2-2022\dbscl-sentinel-2_2022-08\S2_2022-08-13_03-35-42\20220813T031531_20220813T032941_T48PWR_metadata.json,48PWR
S2A_MSIL2A_20220813T031531_N0400_R118_T48PVR_20220813T075353,0.258024,4.544152,280.661701,11.324134,2.416055,5.567275,22.8017142659188,71.875787,0.0,dbscl-sentinel-2-2022\dbscl-sentinel-2_2022-08\S2_2022-08-13_03-35-45\20220813T031531_20220813T032941_T48PVR_metadata.json,48PVR
S2A_MSIL2A_20220813T031531_N0400_R118_T48PUR_20220813T075353,0.234452,4.433997,280.535437,14.251083,9.634907,0.028609,23.658246966973,85.706371,0.0,dbscl-sentinel-2-2022\dbscl-sentinel-2_2022-08\S2_2022-08-13_03-35-48\20220813T031531_20220813T032941_T48PUR_metadata.json,48PUR
S2A_MSIL2A_20220813T031531_N0400_R118_T48PWQ_20220813T075353,0.277105,4.696587,281.952984,18.873779,6.8316,1.149585,22.1550919653008,73.744082,0.0,dbscl-sentinel-2-2022\dbscl-sentinel-2_2022-08\S2_2022-08-13_03-35-56\20220813T031531_20220813T032941_T48PWQ_metadata.json,48PWQ
S2A_MSIL2A_20220813T031531_N0400_R118_T48PVQ_20220813T075353,0.32998,4.748208,281.692943,4.215607,0.735376,3.772593,23.0003711362604,86.129367,0.0,dbscl-sentinel-2-2022\dbscl-sentinel-2_2022-08\S2_2022-08-13_03-36-00\20220813T031531_20220813T032941_T48PVQ_metadata.json,48PVQ
S2B_MSIL2A_20220818T031519_N0400_R118_T48PXT_20220818T062435,0.137876,5.181898,278.128936,41.032198,1.299654,33.407611,20.4247126704343,0.206396,0.0,dbscl-sentinel-2-2022\dbscl-sentinel-2_2022-08\S2_2022-08-18_03-34-59\20220818T031519_20220818T033424_T48PXT_metadata.json,48PXT
S2B_MSIL2A_20220818T031519_N0400_R118_T48PWT_20220818T062435,0.21582,5.573145,278.456946,25.739849,0.017581,36.17408,21.3050574416774,4.149817,0.0,dbscl-sentinel-2-2022\dbscl-sentinel-2_2022-08\S2_2022-08-18_03-35-03\20220818T031519_20220818T033424_T48PWT_metadata.json,48PWT
S2B_MSIL2A_20220818T031519_N0400_R118_T48PVT_20220818T062435,0.310685,5.058206,278.8072,35.655716,11.653474,38.11259,22.1860940702447,3.570274,0.0,dbscl-sentinel-2-2022\dbscl-sentinel-2_2022-08\S2_2022-08-18_03-35-06\20220818T031519_20220818T033424_T48PVT_metadata.json,48PVT
S2B_MSIL2A_20220818T031519_N0400_R118_T48PWS_20220818T062435,0.245943,5.379849,278.508239,31.596991,7.424401,33.090049,21.3794214444178,2.613661,0.0,dbscl-sentinel-2-2022\dbscl-sentinel-2_2022-08\S2_2022-08-18_03-35-17\20220818T031519_20220818T033424_T48PWS_metadata.json,48PWS
S2B_MSIL2A_20220818T031519_N0400_R118_T48PVS_20220818T062435,0.311634,5.325486,278.595822,25.476342,9.50323,26.30206,22.2553691023724,31.450197,0.0,dbscl-sentinel-2-2022\dbscl-sentinel-2_2022-08\S2_2022-08-18_03-35-20\20220818T031519_20220818T033424_T48PVS_metadata.json,48PVS
S2B_MSIL2A_20220818T031519_N0400_R118_T48PUS_20220818T062435,0.132056,4.781256,278.051894,44.18852,20.510465,16.177632,23.1315559472205,34.951225,0.0,dbscl-sentinel-2-2022\dbscl-sentinel-2_2022-08\S2_2022-08-18_03-35-24\20220818T031519_20220818T033424_T48PUS_metadata.json,48PUS
S2B_MSIL2A_20220818T031519_N0400_R118_T48PWQ_20220818T062435,0.166802,5.186298,278.187143,40.453589,17.187271,0.606554,21.6348942240056,56.148934,0.0,dbscl-sentinel-2-2022\dbscl-sentinel-2_2022-08\S2_2022-08-18_03-35-46\20220818T031519_20220818T033424_T48PWQ_metadata.json,48PWQ
S2B_MSIL2A_20220818T031519_N0400_R118_T48PVQ_20220818T062435,0.154164,5.482042,277.292117,44.021457,11.034062,1.130945,22.4968526989442,51.544541,0.0,dbscl-sentinel-2-2022\dbscl-sentinel-2_2022-08\S2_2022-08-18_03-35-50\20220818T031519_20220818T033424_T48PVQ_metadata.json,48PVQ
S2B_MSIL2A_20220828T031519_N0400_R118_T48PWT_20220828T063504,0.20639,4.878664,276.654602,47.286546,7.760065,22.782652,20.7787782060768,7.77608,0.0,dbscl-sentinel-2-2022\dbscl-sentinel-2_2022-08\S2_2022-08-28_03-35-01\20220828T031519_20220828T033353_T48PWT_metadata.json,48PWT
S2B_MSIL2A_20220828T031519_N0400_R118_T48PVT_20220828T063504,0.34658,4.732105,276.165421,43.691203,7.651959,31.552911,21.6662622754238,4.149457,0.0,dbscl-sentinel-2-2022\dbscl-sentinel-2_2022-08\S2_2022-08-28_03-35-04\20220828T031519_20220828T033353_T48PVT_metadata.json,48PVT
S2A_MSIL2A_20220830T030531_N0400_R075_T48PXT_20220830T083809,0.137707,4.73659,270.458563,23.415735,0.468432,50.19123,22.2184365377561,1.236381,0.0,dbscl-sentinel-2-2022\dbscl-sentinel-2_2022-08\S2_2022-08-30_03-25-14\20220830T030531_20220830T031934_T48PXT_metadata.json,48PXT
S2A_MSIL2A_20220830T030531_N0400_R075_T48PXS_20220830T083809,0.173773,4.848333,272.966254,37.873191,12.888914,23.59871,22.1216327115239,19.211566,0.0,dbscl-sentinel-2-2022\dbscl-sentinel-2_2022-08\S2_2022-08-30_03-25-28\20220830T030531_20220830T031934_T48PXS_metadata.json,48PXS
S2A_MSIL2A_20220830T030531_N0400_R075_T48PXR_20220830T083809,0.149378,4.973936,275.362538,30.557439,10.64813,3.6360250000000005,22.0591359662593,60.03701699999999,0.0,dbscl-sentinel-2-2022\dbscl-sentinel-2_2022-08\S2_2022-08-30_03-25-43\20220830T030531_20220830T031934_T48PXR_metadata.json,48PXR
S2A_MSIL2A_20220902T031531_N0400_R118_T48PXT_20220902T075156,0.305663,5.265919,268.218694,41.372707,6.99915,36.469278,19.7400099965248,1.228173,0.0,dbscl-sentinel-2-2022\dbscl-sentinel-2_2022-09\S2_2022-09-02_03-35-09\20220902T031531_20220902T033032_T48PXT_metadata.json,48PXT
S2A_MSIL2A_20220902T031531_N0400_R118_T48PXS_20220902T075156,0.341798,4.396333,267.985894,48.732772,5.580831,25.834855000000005,19.5793945926638,1.810358,0.0,dbscl-sentinel-2-2022\dbscl-sentinel-2_2022-09\S2_2022-09-02_03-35-23\20220902T031531_20220902T033032_T48PXS_metadata.json,48PXS
S2A_MSIL2A_20220902T031531_N0400_R118_T48PWS_20220902T075156,0.359927,4.628469,268.148544,41.501862,8.820253,24.488711,20.4638700580521,6.252826,0.0,dbscl-sentinel-2-2022\dbscl-sentinel-2_2022-09\S2_2022-09-02_03-35-27\20220902T031531_20220902T033032_T48PWS_metadata.json,48PWS
S2A_MSIL2A_20220902T031531_N0400_R118_T48PVS_20220902T075156,0.335614,4.552964,268.558702,27.472493,11.030677,18.312949,21.3487157845335,39.214143,0.0,dbscl-sentinel-2-2022\dbscl-sentinel-2_2022-09\S2_2022-09-02_03-35-30\20220902T031531_20220902T033032_T48PVS_metadata.json,48PVS
S2A_MSIL2A_20220902T031531_N0400_R118_T48PUS_20220902T075156,0.11207,4.481822,269.383017,37.973332,16.906931,7.020517999999999,22.2331463447497,51.72317,0.0,dbscl-sentinel-2-2022\dbscl-sentinel-2_2022-09\S2_2022-09-02_03-35-34\20220902T031531_20220902T033032_T48PUS_metadata.json,48PUS
S2A_MSIL2A_20220902T031531_N0400_R118_T48PVR_20220902T075156,0.080224,4.126516,270.516915,25.360286,12.120411,3.457145,21.2315260834627,62.729108,0.0,dbscl-sentinel-2-2022\dbscl-sentinel-2_2022-09\S2_2022-09-02_03-35-45\20220902T031531_20220902T033032_T48PVR_metadata.json,48PVR
S2A_MSIL2A_20220902T031531_N0400_R118_T48PWQ_20220902T075156,0.069613,4.029027,271.675049,44.618332,22.149237,0.909025,20.2625695330676,49.403611,0.0,dbscl-sentinel-2-2022\dbscl-sentinel-2_2022-09\S2_2022-09-02_03-35-56\20220902T031531_20220902T033032_T48PWQ_metadata.json,48PWQ
S2A_MSIL2A_20220902T031531_N0400_R118_T48PVQ_20220902T075156,0.077209,4.307401,272.929398,21.520635,8.027737,1.538396,21.1505522478245,70.311111,0.0,dbscl-sentinel-2-2022\dbscl-sentinel-2_2022-09\S2_2022-09-02_03-35-59\20220902T031531_20220902T033032_T48PVQ_metadata.json,48PVQ
S2A_MSIL2A_20220912T031531_N0400_R118_T48PUS_20220912T074402,0.13424,4.211095,277.664827,41.890007,15.748386,11.193809,22.2280038978445,41.524348,0.0,dbscl-sentinel-2-2022\dbscl-sentinel-2_2022-09\S2_2022-09-12_03-35-32\20220912T031531_20220912T033031_T48PUS_metadata.json,48PUS
S2B_MSIL2A_20220914T030519_N0400_R075_T48PXS_20220914T061711,0.213019,5.188908,279.545676,43.013805,12.979211,21.355109,22.1232961530073,16.737588,0.0,dbscl-sentinel-2-2022\dbscl-sentinel-2_2022-09\S2_2022-09-14_03-25-18\20220914T030519_20220914T032140_T48PXS_metadata.json,48PXS
S2B_MSIL2A_20220914T030519_N0400_R075_T48PXR_20220914T061711,0.141452,4.758536,279.856037,33.779201,14.272997,2.758658,21.8250899183123,58.183044,0.0,dbscl-sentinel-2-2022\dbscl-sentinel-2_2022-09\S2_2022-09-14_03-25-33\20220914T030519_20220914T032140_T48PXR_metadata.json,48PXR
S2B_MSIL2A_20220917T031519_N0400_R118_T48PWT_20220917T063423,0.239924,5.555888,274.751227,49.200088,6.988185,24.926175,21.2254678357476,5.556783,0.0,dbscl-sentinel-2-2022\dbscl-sentinel-2_2022-09\S2_2022-09-17_03-35-02\20220917T031519_20220917T033145_T48PWT_metadata.json,48PWT
S2B_MSIL2A_20220917T031519_N0400_R118_T48PWS_20220917T063423,0.251876,5.227548,275.66694,36.760706,2.952233,28.634205,20.8243801598227,5.791624,0.0,dbscl-sentinel-2-2022\dbscl-sentinel-2_2022-09\S2_2022-09-17_03-35-17\20220917T031519_20220917T033145_T48PWS_metadata.json,48PWS
S2B_MSIL2A_20220917T031519_N0400_R118_T48PVS_20220917T063423,0.111079,5.193244,275.502237,43.910438,8.747844,10.796046,21.6534400540611,33.808798,0.0,dbscl-sentinel-2-2022\dbscl-sentinel-2_2022-09\S2_2022-09-17_03-35-20\20220917T031519_20220917T033145_T48PVS_metadata.json,48PVS
S2B_MSIL2A_20220917T031519_N0400_R118_T48PUS_20220917T063423,0.115106,4.614074,275.421862,45.766219,21.553655,11.324902,22.4861516145265,39.873084,0.0,dbscl-sentinel-2-2022\dbscl-sentinel-2_2022-09\S2_2022-09-17_03-35-23\20220917T031519_20220917T033145_T48PUS_metadata.json,48PUS
S2A_MSIL2A_20221005T032611_N0400_R018_T48PUS_20221005T075300,0.119319,4.679315,277.929053,31.040803,5.160647,11.325514,22.7356475953156,54.574937,0.0,dbscl-sentinel-2-2022\dbscl-sentinel-2_2022-10\S2_2022-10-05_03-45-23\20221005T032611_20221005T033907_T48PUS_metadata.json,48PUS
S2B_MSIL2A_20221007T031609_N0400_R118_T48PXT_20221007T062910,0.107991,4.921697,275.024744,42.722151,16.78752,35.837153,23.6731246908568,2.859178,0.0,dbscl-sentinel-2-2022\dbscl-sentinel-2_2022-10\S2_2022-10-07_03-34-54\20221007T031609_20221007T033221_T48PXT_metadata.json,48PXT
S2B_MSIL2A_20221007T031609_N0400_R118_T48PUS_20221007T062910,0.162606,4.72596,275.880802,25.088894,2.9404,14.930925,25.0374477515628,56.127042,0.0,dbscl-sentinel-2-2022\dbscl-sentinel-2_2022-10\S2_2022-10-07_03-35-19\20221007T031609_20221007T033221_T48PUS_metadata.json,48PUS
S2B_MSIL2A_20221007T031609_N0400_R118_T48PWQ_20221007T062910,0.142802,4.55489,273.858853,34.145465,23.191655,1.49389,22.4286166134539,58.083218,0.0,dbscl-sentinel-2-2022\dbscl-sentinel-2_2022-10\S2_2022-10-07_03-35-41\20221007T031609_20221007T033221_T48PWQ_metadata.json,48PWQ
S2B_MSIL2A_20221007T031609_N0400_R118_T48PVQ_20221007T062910,0.128978,4.400943,274.233655,33.743605,27.41093,3.684964,23.1343431736231,57.604045,0.0,dbscl-sentinel-2-2022\dbscl-sentinel-2_2022-10\S2_2022-10-07_03-35-45\20221007T031609_20221007T033221_T48PVQ_metadata.json,48PVQ
S2B_MSIL2A_20221017T031719_N0400_R118_T48PXT_20221017T062917,0.125853,4.111474,273.279792,42.285919,8.286801,32.743898,26.0531071683961,2.88396,0.0,dbscl-sentinel-2-2022\dbscl-sentinel-2_2022-10\S2_2022-10-17_03-34-56\20221017T031719_20221017T033344_T48PXT_metadata.json,48PXT
S2B_MSIL2A_20221017T031719_N0400_R118_T48PUS_20221017T062917,0.172501,4.063654,273.075021,36.365324,19.173075,10.547516,27.1075096702842,49.725404,0.0,dbscl-sentinel-2-2022\dbscl-sentinel-2_2022-10\S2_2022-10-17_03-35-21\20221017T031719_20221017T033344_T48PUS_metadata.json,48PUS
S2A_MSIL2A_20221022T031751_N0400_R118_T48PWQ_20221022T072202,0.257713,5.078248,275.06583,45.523405,23.258238,0.368668,25.6607274384657,50.537747,0.0,dbscl-sentinel-2-2022\dbscl-sentinel-2_2022-10\S2_2022-10-22_03-35-46\20221022T031751_20221022T033314_T48PWQ_metadata.json,48PWQ
S2B_MSIL2A_20221106T031919_N0400_R118_T48PVT_20221106T054014,0.286803,4.839994,269.038033,49.400324,12.630843,27.693942,32.2885086840407,4.09575,0.0,dbscl-sentinel-2-2022\dbscl-sentinel-2_2022-11\S2_2022-11-06_03-35-02\20221106T031919_20221106T033103_T48PVT_metadata.json,48PVT
S2B_MSIL2A_20221106T031919_N0400_R118_T48PUR_20221106T054014,0.201191,3.589998,273.357703,47.744507,6.232344,0.002915,31.2215082628166,52.234226,0.0,dbscl-sentinel-2-2022\dbscl-sentinel-2_2022-11\S2_2022-11-06_03-35-34\20221106T031919_20221106T033103_T48PUR_metadata.json,48PUR
S2B_MSIL2A_20221116T032009_N0400_R118_T48PXT_20221116T054258,0.095926,4.610063,264.79476,41.060668,7.551088,32.989389,33.8743123026062,3.193134,0.0,dbscl-sentinel-2-2022\dbscl-sentinel-2_2022-11\S2_2022-11-16_03-34-56\20221116T032009_20221116T033246_T48PXT_metadata.json,48PXT
S2B_MSIL2A_20221116T032009_N0400_R118_T48PXS_20221116T054258,0.347883,4.098327,265.868956,42.555687,7.708688,26.290873,33.0511267321315,3.406048,0.0,dbscl-sentinel-2-2022\dbscl-sentinel-2_2022-11\S2_2022-11-16_03-35-11\20221116T032009_20221116T033246_T48PXS_metadata.json,48PXS
S2B_MSIL2A_20221119T033029_N0400_R018_T48PUS_20221119T054747,0.137215,3.981968,259.679873,46.823147,31.069288,12.664151,33.8562092236273,38.050705,0.0,dbscl-sentinel-2-2022\dbscl-sentinel-2_2022-11\S2_2022-11-19_03-45-16\20221119T033029_20221119T034327_T48PUS_metadata.json,48PUS
S2B_MSIL2A_20221126T032049_N0400_R118_T48PUS_20221126T053953,0.136784,4.734979,257.487707,30.401635,3.342685,12.288602,36.5687589988088,49.577546,0.0,dbscl-sentinel-2-2022\dbscl-sentinel-2_2022-11\S2_2022-11-26_03-35-21\20221126T032049_20221126T033354_T48PUS_metadata.json,48PUS
S2B_MSIL2A_20221126T032049_N0400_R118_T48PVQ_20221126T053953,0.124942,4.29544,258.408065,46.259961,19.324063,0.481823,34.4991950943881,49.4735,0.0,dbscl-sentinel-2-2022\dbscl-sentinel-2_2022-11\S2_2022-11-26_03-35-47\20221126T032049_20221126T033354_T48PVQ_metadata.json,48PVQ
S2A_MSIL2A_20221128T031051_N0400_R075_T48PXS_20221128T064052,0.167912,5.329177,257.334617,31.847203,0.076218,20.262891,36.8449894602572,21.523882,0.0,dbscl-sentinel-2-2022\dbscl-sentinel-2_2022-11\S2_2022-11-28_03-25-16\20221128T031051_20221128T032158_T48PXS_metadata.json,48PXS
S2A_MSIL2A_20221128T031051_N0400_R075_T48PXR_20221128T064052,0.060206,4.961223,257.995775,18.7839,1.046273,3.984033,36.0414943221624,70.318037,0.0,dbscl-sentinel-2-2022\dbscl-sentinel-2_2022-11\S2_2022-11-28_03-25-31\20221128T031051_20221128T032158_T48PXR_metadata.json,48PXR
S2B_MSIL2A_20221129T033109_N0400_R018_T48PUS_20221129T060225,0.100219,5.102455,258.132028,45.940244,0.115541,3.957878,35.950265979294,47.968721,0.0,dbscl-sentinel-2-2022\dbscl-sentinel-2_2022-11\S2_2022-11-29_03-45-15\20221129T033109_20221129T034438_T48PUS_metadata.json,48PUS
S2B_MSIL2A_20221129T033109_N0400_R018_T48PUR_20221129T060225,0.06872,4.818,259.392096,15.38891,3.621891,0.122829,35.1219335589389,84.449285,0.0,dbscl-sentinel-2-2022\dbscl-sentinel-2_2022-11\S2_2022-11-29_03-45-30\20221129T033109_20221129T034438_T48PUR_metadata.json,48PUR
S2A_MSIL2A_20221201T032111_N0400_R118_T48PWT_20221201T065201,0.329785,3.277951,261.294923,41.762599,26.340473,22.117531,37.4548964073118,5.784168,0.0,dbscl-sentinel-2-2022\dbscl-sentinel-2_2022-12\S2_2022-12-01_03-35-01\20221201T032111_20221201T033312_T48PWT_metadata.json,48PWT
S2A_MSIL2A_20221204T033121_N0400_R018_T48PUS_20221204T071302,0.089547,4.333973,258.659179,16.675873,11.472137,14.380832,36.8250460925465,65.28002,0.0,dbscl-sentinel-2-2022\dbscl-sentinel-2_2022-12\S2_2022-12-04_03-45-17\20221204T033121_20221204T034125_T48PUS_metadata.json,48PUS
S2A_MSIL2A_20221204T033121_N0400_R018_T48PUR_20221204T071302,0.079704,4.954997,260.283628,46.428144,11.558011,0.028101,35.9966221217149,53.495991,0.0,dbscl-sentinel-2-2022\dbscl-sentinel-2_2022-12\S2_2022-12-04_03-45-31\20221204T033121_20221204T034125_T48PUR_metadata.json,48PUR
S2B_MSIL2A_20221206T032119_N0400_R118_T48PXT_20221206T054453,0.077944,4.465387,261.548324,21.863966,14.358016999999998,50.704771,37.8750688601634,3.541934,0.0,dbscl-sentinel-2-2022\dbscl-sentinel-2_2022-12\S2_2022-12-06_03-34-54\20221206T032119_20221206T032613_T48PXT_metadata.json,48PXT
S2B_MSIL2A_20221206T032119_N0400_R118_T48PWT_20221206T054453,0.155856,4.876935,262.95535,32.412046,10.225253,27.039725,38.2890833794775,5.55806,0.0,dbscl-sentinel-2-2022\dbscl-sentinel-2_2022-12\S2_2022-12-06_03-34-57\20221206T032119_20221206T032613_T48PWT_metadata.json,48PWT
S2B_MSIL2A_20221206T032119_N0400_R118_T48PXS_20221206T054453,0.215959,4.368552,263.175708,22.987334,10.546342,38.883996,37.0454776314457,5.579082,0.0,dbscl-sentinel-2-2022\dbscl-sentinel-2_2022-12\S2_2022-12-06_03-35-03\20221206T032119_20221206T032613_T48PXS_metadata.json,48PXS
S2B_MSIL2A_20221206T032119_N0400_R118_T48PWS_20221206T054453,0.124395,4.496455,264.290788,43.481302,19.360812,23.047929,37.4656948931291,9.109914,0.0,dbscl-sentinel-2-2022\dbscl-sentinel-2_2022-12\S2_2022-12-06_03-35-05\20221206T032119_20221206T032613_T48PWS_metadata.json,48PWS
S2B_MSIL2A_20221206T032119_N0400_R118_T48PWT_20221206T063201,0.114832,4.836288,260.307306,42.939737,12.500781,16.202356,38.2890833794776,11.687086,0.0,dbscl-sentinel-2-2022\dbscl-sentinel-2_2022-12\S2_2022-12-06_03-35-05\20221206T032119_20221206T033500_T48PWT_metadata.json,48PWT
S2B_MSIL2A_20221206T032119_N0400_R118_T48PVS_20221206T054453,0.120601,4.846911,264.424537,34.058964,4.352042,14.936449,37.899696517308,21.275388000000003,0.0,dbscl-sentinel-2-2022\dbscl-sentinel-2_2022-12\S2_2022-12-06_03-35-07\20221206T032119_20221206T032613_T48PVS_metadata.json,48PVS
S2B_MSIL2A_20221206T032119_N0400_R118_T48PXS_20221206T063201,0.203638,4.301454,260.660951,36.884448,17.204943,34.484309,37.0454776314458,4.694115,0.0,dbscl-sentinel-2-2022\dbscl-sentinel-2_2022-12\S2_2022-12-06_03-35-10\20221206T032119_20221206T033500_T48PXS_metadata.json,48PXS
S2B_MSIL2A_20221206T032119_N0400_R118_T48PVS_20221206T063201,0.135083,4.824954,261.434971,39.918855,5.985611,12.285145,37.8996965173082,32.185245,0.0,dbscl-sentinel-2-2022\dbscl-sentinel-2_2022-12\S2_2022-12-06_03-35-15\20221206T032119_20221206T033500_T48PVS_metadata.json,48PVS
S2B_MSIL2A_20221206T032119_N0400_R118_T48PUS_20221206T063201,0.118941,4.850417,262.471413,38.898823,6.18702,8.566523,38.3466234226992,48.717192,0.0,dbscl-sentinel-2-2022\dbscl-sentinel-2_2022-12\S2_2022-12-06_03-35-19\20221206T032119_20221206T033500_T48PUS_metadata.json,48PUS
S2B_MSIL2A_20221206T032119_N0400_R118_T48PXR_20221206T063201,0.177067,4.712801,262.727491,40.641466,23.618516,16.879947,36.2191561940398,24.003312,0.0,dbscl-sentinel-2-2022\dbscl-sentinel-2_2022-12\S2_2022-12-06_03-35-23\20221206T032119_20221206T033500_T48PXR_metadata.json,48PXR
S2B_MSIL2A_20221206T032119_N0400_R118_T48PWR_20221206T063201,0.182654,5.058552,262.790002,45.21603,10.074855,13.547428,36.6458830785579,13.247097,0.0,dbscl-sentinel-2-2022\dbscl-sentinel-2_2022-12\S2_2022-12-06_03-35-26\20221206T032119_20221206T033500_T48PWR_metadata.json,48PWR
S2B_MSIL2A_20221206T032119_N0400_R118_T48PVR_20221206T063201,0.179873,4.916145,262.906771,38.783413,17.986621,4.509079,37.0866819323485,48.796812,0.0,dbscl-sentinel-2-2022\dbscl-sentinel-2_2022-12\S2_2022-12-06_03-35-30\20221206T032119_20221206T033500_T48PVR_metadata.json,48PVR
S2B_MSIL2A_20221206T032119_N0400_R118_T48PUR_20221206T063201,0.163745,3.522016,263.850788,44.340873,26.677975,0.002071,37.5406603357488,55.613691,0.0,dbscl-sentinel-2-2022\dbscl-sentinel-2_2022-12\S2_2022-12-06_03-35-33\20221206T032119_20221206T033500_T48PUR_metadata.json,48PUR
S2A_MSIL2A_20221208T031121_N0509_R075_T48PXS_20221208T062855,0.263863,3.62836,258.203379,44.556484,37.320372,26.274037,38.5239127904621,11.591002,0.0,dbscl-sentinel-2-2022\dbscl-sentinel-2_2022-12\S2_2022-12-08_03-25-17\20221208T031121_20221208T032246_T48PXS_metadata.json,48PXS
S2A_MSIL2A_20221211T032131_N0509_R118_T48PXT_20221211T064857,0.071367,3.348245,251.822929,6.932378,2.879805,64.517987,38.559898419522,4.233607,0.0,dbscl-sentinel-2-2022\dbscl-sentinel-2_2022-12\S2_2022-12-11_03-34-57\20221211T032131_20221211T033356_T48PXT_metadata.json,48PXT
S2A_MSIL2A_20221211T032131_N0509_R118_T48PWT_20221211T064857,0.179829,3.980184,251.975649,41.622159,9.444899,22.133364,38.9777831060239,5.28119,0.0,dbscl-sentinel-2-2022\dbscl-sentinel-2_2022-12\S2_2022-12-11_03-35-01\20221211T032131_20221211T033356_T48PWT_metadata.json,48PWT
S2A_MSIL2A_20221211T032131_N0509_R118_T48PXS_20221211T064857,0.197728,3.992873,254.678104,45.028964,5.229714,28.477879999999995,37.7321719957767,4.121562,0.0,dbscl-sentinel-2-2022\dbscl-sentinel-2_2022-12\S2_2022-12-11_03-35-12\20221211T032131_20221211T033356_T48PXS_metadata.json,48PXS
S2A_MSIL2A_20221211T032131_N0509_R118_T48PWS_20221211T064857,0.18068,4.189585,255.218351,47.070113,3.046543,20.984194,38.1561595355048,4.57095,0.0,dbscl-sentinel-2-2022\dbscl-sentinel-2_2022-12\S2_2022-12-11_03-35-15\20221211T032131_20221211T033356_T48PWS_metadata.json,48PWS
S2A_MSIL2A_20221211T032131_N0509_R118_T48PVS_20221211T064857,0.187109,3.794146,255.72718,46.907747,10.843448,8.86866,38.593525819532,31.396547,0.0,dbscl-sentinel-2-2022\dbscl-sentinel-2_2022-12\S2_2022-12-11_03-35-18\20221211T032131_20221211T033356_T48PVS_metadata.json,48PVS
S2A_MSIL2A_20221211T032131_N0509_R118_T48PUS_20221211T064857,0.137735,3.548369,256.394782,37.619659,11.614767,10.810242,39.0434263769786,46.600863,0.0,dbscl-sentinel-2-2022\dbscl-sentinel-2_2022-12\S2_2022-12-11_03-35-22\20221211T032131_20221211T033356_T48PUS_metadata.json,48PUS
S2A_MSIL2A_20221211T032131_N0509_R118_T48PVR_20221211T064857,0.170914,4.530085,259.778547,31.850934,10.462719,2.189279,37.7821111761214,58.618402,0.0,dbscl-sentinel-2-2022\dbscl-sentinel-2_2022-12\S2_2022-12-11_03-35-33\20221211T032131_20221211T033356_T48PVR_metadata.json,48PVR
S2A_MSIL2A_20221211T032131_N0509_R118_T48PUR_20221211T064857,0.169776,4.280999,260.020093,40.023246,11.087908,0.02505,38.2389208386185,59.933084,0.0,dbscl-sentinel-2-2022\dbscl-sentinel-2_2022-12\S2_2022-12-11_03-35-36\20221211T032131_20221211T033356_T48PUR_metadata.json,48PUR
S2A_MSIL2A_20221211T032131_N0509_R118_T48PWQ_20221211T064857,0.190601,5.099561,261.914871,40.901583,7.380819,1.278582,36.5227944374695,54.868257,0.0,dbscl-sentinel-2-2022\dbscl-sentinel-2_2022-12\S2_2022-12-11_03-35-44\20221211T032131_20221211T033356_T48PWQ_metadata.json,48PWQ
S2A_MSIL2A_20221211T032131_N0509_R118_T48PVQ_20221211T064857,0.168628,5.013433,262.059634,28.159115,9.029728,1.768919,36.9738104799929,66.602027,0.0,dbscl-sentinel-2-2022\dbscl-sentinel-2_2022-12\S2_2022-12-11_03-35-48\20221211T032131_20221211T033356_T48PVQ_metadata.json,48PVQ
S2A_MSIL2A_20221214T033141_N0509_R018_T48PUS_20221214T065602,0.101213,2.439653,259.165784,3.206927,3.182792,21.445616,38.183863879472,72.253162,0.0,dbscl-sentinel-2-2022\dbscl-sentinel-2_2022-12\S2_2022-12-14_03-45-16\20221214T033141_20221214T034158_T48PUS_metadata.json,48PUS
S2A_MSIL2A_20221214T033141_N0509_R018_T48PUR_20221214T065602,0.186088,3.050007,261.963727,10.405674,10.151688,0.143508,37.3595771524694,89.436829,0.0,dbscl-sentinel-2-2022\dbscl-sentinel-2_2022-12\S2_2022-12-14_03-45-31\20221214T033141_20221214T034158_T48PUR_metadata.json,48PUR
S2B_MSIL2A_20221216T032139_N0509_R118_T48PWT_20221216T055359,0.245691,4.150014,251.122922,44.712722,28.818756,24.569716,39.5351870973014,4.358755,0.0,dbscl-sentinel-2-2022\dbscl-sentinel-2_2022-12\S2_2022-12-16_03-34-59\20221216T032139_20221216T032644_T48PWT_metadata.json,48PWT
S2B_MSIL2A_20221216T032139_N0509_R118_T48PWS_20221216T055359,0.25188,4.860825,253.469865,22.979556,17.712569,43.29468,38.7168417894901,4.859161,0.0,dbscl-sentinel-2-2022\dbscl-sentinel-2_2022-12\S2_2022-12-16_03-35-13\20221216T032139_20221216T032644_T48PWS_metadata.json,48PWS
S2B_MSIL2A_20221216T032139_N0509_R118_T48PVS_20221216T055359,0.191833,4.688825,253.014818,36.339548,28.730869,21.886829,39.1605608435746,24.336992,0.0,dbscl-sentinel-2-2022\dbscl-sentinel-2_2022-12\S2_2022-12-16_03-35-16\20221216T032139_20221216T032644_T48PVS_metadata.json,48PVS
S2B_MSIL2A_20221216T032139_N0509_R118_T48PUS_20221216T055359,0.130315,4.125011,252.563007,49.171105,38.466975,15.011509999999998,39.6164303748957,34.562322,0.0,dbscl-sentinel-2-2022\dbscl-sentinel-2_2022-12\S2_2022-12-16_03-35-20\20221216T032139_20221216T032644_T48PUS_metadata.json,48PUS
S2A_MSIL2A_20221218T031131_N0509_R075_T48PXS_20221218T064656,0.209929,3.921683,253.055539,39.296219,29.112452,27.486458,39.6877663413702,17.708626,0.0,dbscl-sentinel-2-2022\dbscl-sentinel-2_2022-12\S2_2022-12-18_03-25-15\20221218T031131_20221218T032316_T48PXS_metadata.json,48PXS
S2B_MSIL2A_20221219T033139_N0509_R018_T48PUR_20221219T060245,0.165996,3.431013,257.514292,40.631858,39.047101,0.122661,37.8279004112579,59.215111,0.0,dbscl-sentinel-2-2022\dbscl-sentinel-2_2022-12\S2_2022-12-19_03-45-30\20221219T033139_20221219T033652_T48PUR_metadata.json,48PUR
S2A_MSIL2A_20221221T032141_N0509_R118_T48PWT_20221221T062754,0.167784,3.104345,251.903514,44.28803,33.777291,27.40337,39.9391591093556,4.081211,0.0,dbscl-sentinel-2-2022\dbscl-sentinel-2_2022-12\S2_2022-12-21_03-34-59\20221221T032141_20221221T033415_T48PWT_metadata.json,48PWT
S2A_MSIL2A_20221221T032141_N0509_R118_T48PVT_20221221T062754,0.149296,3.054476,252.045552,30.804616,26.574190999999995,35.300142,40.385173038642,3.072163,0.0,dbscl-sentinel-2-2022\dbscl-sentinel-2_2022-12\S2_2022-12-21_03-35-02\20221221T032141_20221221T033415_T48PVT_metadata.json,48PVT
S2A_MSIL2A_20221221T032141_N0509_R118_T48PVS_20221221T062754,0.173753,3.130967,254.417894,45.543304,38.289165,16.976705,39.5776308706504,25.374919,0.0,dbscl-sentinel-2-2022\dbscl-sentinel-2_2022-12\S2_2022-12-21_03-35-16\20221221T032141_20221221T033415_T48PVS_metadata.json,48PVS
S2A_MSIL2A_20221221T032141_N0509_R118_T48PUS_20221221T062754,0.094777,3.013739,254.56481,11.104114,7.618356,27.783793,40.0417850271001,57.264251,0.0,dbscl-sentinel-2-2022\dbscl-sentinel-2_2022-12\S2_2022-12-21_03-35-20\20221221T032141_20221221T033415_T48PUS_metadata.json,48PUS
S2A_MSIL2A_20221221T032141_N0509_R118_T48PUR_20221221T062754,0.114345,3.521999,256.465409,21.479882,21.315441,0.046365,39.24507548504,78.470868,0.0,dbscl-sentinel-2-2022\dbscl-sentinel-2_2022-12\S2_2022-12-21_03-35-34\20221221T032141_20221221T033415_T48PUR_metadata.json,48PUR
S2B_MSIL2A_20221223T031139_N0509_R075_T48PXS_20221223T053847,0.245877,2.410473,252.650351,39.713535,35.699087,30.153254,40.0509257353252,11.544524,0.0,dbscl-sentinel-2-2022\dbscl-sentinel-2_2022-12\S2_2022-12-23_03-25-15\20221223T031139_20221223T031717_T48PXS_metadata.json,48PXS
S2B_MSIL2A_20221226T032139_N0509_R118_T48PXS_20221226T060000,0.347638,2.336067,255.200248,49.598432,32.72897,35.533801,38.925432977823,2.757382,0.0,dbscl-sentinel-2-2022\dbscl-sentinel-2_2022-12\S2_2022-12-26_03-35-11\20221226T032139_20221226T032652_T48PXS_metadata.json,48PXS
S2A_MSIL2A_20221228T031131_N0509_R075_T48PXS_20221228T071057,0.359874,2.381472,252.097968,39.956209,35.264626,29.357344,40.2621412719123,11.902555,0.0,dbscl-sentinel-2-2022\dbscl-sentinel-2_2022-12\S2_2022-12-28_03-25-15\20221228T031131_20221228T032342_T48PXS_metadata.json,48PXS
S2B_MSIL2A_20221229T033139_N0509_R018_T48PUS_20221229T065723,0.1491,2.161232,257.072783,45.040298,30.436599,5.630865,39.1036050310885,47.702149,0.0,dbscl-sentinel-2-2022\dbscl-sentinel-2_2022-12\S2_2022-12-29_03-45-15\20221229T033139_20221229T033950_T48PUS_metadata.json,48PUS
S2B_MSIL2A_20221229T033139_N0509_R018_T48PUR_20221229T065723,0.221837,3.124001,259.257649,48.723266,31.195858,0.000964,38.2950681088667,51.164103,0.0,dbscl-sentinel-2-2022\dbscl-sentinel-2_2022-12\S2_2022-12-29_03-45-30\20221229T033139_20221229T033950_T48PUR_metadata.json,48PUR
S2A_MSIL2A_20230103T033141_N0509_R018_T48PUS_20230103T064755,0.101496,3.750015,256.98593,39.966455,30.348358,16.815594,39.0888894048207,39.505371,0.0,dbscl-sentinel-2-2023\dbscl-sentinel-2_2023-01\S2_2023-01-03_03-45-15\20230103T033141_20230103T034155_T48PUS_metadata.json,48PUS
S2B_MSIL2A_20230115T032059_N0509_R118_T48PXT_20230115T053940,0.125924,2.127968,251.979603,35.690135,23.702521999999995,39.56758099999999,39.0607678528938,1.55651,0.0,dbscl-sentinel-2-2023\dbscl-sentinel-2_2023-01\S2_2023-01-15_03-34-53\20230115T032059_20230115T033412_T48PXT_metadata.json,48PXT
S2B_MSIL2A_20230115T032059_N0509_R118_T48PWT_20230115T053940,0.245995,2.300547,252.023689,43.342566,38.572586,31.999737,39.5653220367413,1.500105,0.0,dbscl-sentinel-2-2023\dbscl-sentinel-2_2023-01\S2_2023-01-15_03-34-57\20230115T032059_20230115T033412_T48PWT_metadata.json,48PWT
S2B_MSIL2A_20230115T032059_N0509_R118_T48PVT_20230115T053940,0.274879,2.327178,251.316445,39.321184,22.140054,22.458152,40.0810249425733,1.507205,0.0,dbscl-sentinel-2-2023\dbscl-sentinel-2_2023-01\S2_2023-01-15_03-35-00\20230115T032059_20230115T033412_T48PVT_metadata.json,48PVT
S2B_MSIL2A_20230115T032059_N0509_R118_T48PWS_20230115T053940,0.1559,2.499234,253.817835,28.02408,20.835435,56.208599,38.7927820904352,3.369302,0.0,dbscl-sentinel-2-2023\dbscl-sentinel-2_2023-01\S2_2023-01-15_03-35-11\20230115T032059_20230115T033412_T48PWS_metadata.json,48PWS
S2B_MSIL2A_20230115T032059_N0509_R118_T48PVS_20230115T053940,0.209638,2.487299,253.281742,17.072853,11.012173,27.198353,39.3156479645592,38.119578,0.0,dbscl-sentinel-2-2023\dbscl-sentinel-2_2023-01\S2_2023-01-15_03-35-14\20230115T032059_20230115T033412_T48PVS_metadata.json,48PVS
S2B_MSIL2A_20230115T032059_N0509_R118_T48PUS_20230115T053940,0.17187,2.188953,252.507171,18.002638,6.998517,18.259507,39.8489122719444,56.500715,0.0,dbscl-sentinel-2-2023\dbscl-sentinel-2_2023-01\S2_2023-01-15_03-35-18\20230115T032059_20230115T033412_T48PUS_metadata.json,48PUS
S2B_MSIL2A_20230115T032059_N0509_R118_T48PXR_20230115T053940,0.191874,2.469007,255.517538,31.758171,24.32698,18.627585,37.5065074537217,36.926317,0.0,dbscl-sentinel-2-2023\dbscl-sentinel-2_2023-01\S2_2023-01-15_03-35-22\20230115T032059_20230115T033412_T48PXR_metadata.json,48PXR
S2B_MSIL2A_20230115T032059_N0509_R118_T48PWR_20230115T053940,0.137785,2.690261,255.289377,17.936589,7.272916,33.562499,38.0253629765821,16.107388,0.0,dbscl-sentinel-2-2023\dbscl-sentinel-2_2023-01\S2_2023-01-15_03-35-26\20230115T032059_20230115T033412_T48PWR_metadata.json,48PWR
S2B_MSIL2A_20230115T032059_N0509_R118_T48PVR_20230115T053940,0.17671,3.121516,254.832754,24.08058,14.262982,6.421352,38.555677088298,59.969223,0.0,dbscl-sentinel-2-2023\dbscl-sentinel-2_2023-01\S2_2023-01-15_03-35-29\20230115T032059_20230115T033412_T48PVR_metadata.json,48PVR
S2B_MSIL2A_20230115T032059_N0509_R118_T48PUR_20230115T053940,0.168963,2.823996,254.799956,27.61986,22.175187,0.050672,39.0965122598962,72.325486,0.0,dbscl-sentinel-2-2023\dbscl-sentinel-2_2023-01\S2_2023-01-15_03-35-32\20230115T032059_20230115T033412_T48PUR_metadata.json,48PUR
S2B_MSIL2A_20230115T032059_N0509_R118_T48PWQ_20230115T053940,0.198902,3.405454,256.285969,9.254053,2.585801,1.83226,37.2624702226737,83.819044,0.0,dbscl-sentinel-2-2023\dbscl-sentinel-2_2023-01\S2_2023-01-15_03-35-40\20230115T032059_20230115T033412_T48PWQ_metadata.json,48PWQ
S2B_MSIL2A_20230115T032059_N0509_R118_T48PVQ_20230115T053940,0.16077,3.059318,256.161471,42.699286,25.650659,1.508538,37.800524738783,51.88852,0.0,dbscl-sentinel-2-2023\dbscl-sentinel-2_2023-01\S2_2023-01-15_03-35-44\20230115T032059_20230115T033412_T48PVQ_metadata.json,48PVQ
S2A_MSIL2A_20230117T031051_N0509_R075_T48PXS_20230117T062202,0.335921,3.183188,251.296888,28.331387,13.127413,22.060393,39.534212068233,22.406642,0.0,dbscl-sentinel-2-2023\dbscl-sentinel-2_2023-01\S2_2023-01-17_03-25-12\20230117T031051_20230117T032147_T48PXS_metadata.json,48PXS
S2A_MSIL2A_20230117T031051_N0509_R075_T48PXR_20230117T062202,0.15994,3.436628,253.054697,30.070567,26.894671000000002,3.98444,38.7893440085076,58.337587,0.0,dbscl-sentinel-2-2023\dbscl-sentinel-2_2023-01\S2_2023-01-17_03-25-27\20230117T031051_20230117T032147_T48PXR_metadata.json,48PXR
S2B_MSIL2A_20230122T031019_N0509_R075_T48PXR_20230122T053003,0.191811,3.332947,256.59722,30.767301,28.05796,2.642289,38.2360570299999,61.924887,0.0,dbscl-sentinel-2-2023\dbscl-sentinel-2_2023-01\S2_2023-01-22_03-25-29\20230122T031019_20230122T032318_T48PXR_metadata.json,48PXR
S2A_MSIL2A_20230123T033031_N0509_R018_T48PUS_20230123T065354,0.363796,4.079733,255.366553,42.148474,6.570535,8.065307,37.4527256230689,44.860315,0.0,dbscl-sentinel-2-2023\dbscl-sentinel-2_2023-01\S2_2023-01-23_03-45-13\20230123T033031_20230123T033950_T48PUS_metadata.json,48PUS
S2B_MSIL2A_20230128T033009_N0509_R018_T48PUS_20230128T055509,0.077526,3.716815,252.415352,12.43844,10.504032,19.06829,36.6696520050669,64.300346,0.0,dbscl-sentinel-2-2023\dbscl-sentinel-2_2023-01\S2_2023-01-28_03-45-14\20230128T033009_20230128T034244_T48PUS_metadata.json,48PUS
S2B_MSIL2A_20230128T033009_N0509_R018_T48PUR_20230128T055509,0.139544,3.585009,253.151965,17.182299,7.990662999999999,0.109229,35.9283981519389,82.64665,0.0,dbscl-sentinel-2-2023\dbscl-sentinel-2_2023-01\S2_2023-01-28_03-45-29\20230128T033009_20230128T034244_T48PUR_metadata.json,48PUR
S2B_MSIL2A_20230204T031929_N0509_R118_T48PXS_20230204T054726,0.215889,3.238368,244.814208,12.413418,11.860251,66.546804,35.2233074863238,4.223781,0.0,dbscl-sentinel-2-2023\dbscl-sentinel-2_2023-02\S2_2023-02-04_03-35-09\20230204T031929_20230204T032845_T48PXS_metadata.json,48PXS
S2B_MSIL2A_20230204T031929_N0509_R118_T48PWS_20230204T054726,0.215991,3.489235,244.01579,16.090831,14.367358,68.200701,35.8147995259432,3.201374,0.0,dbscl-sentinel-2-2023\dbscl-sentinel-2_2023-02\S2_2023-02-04_03-35-12\20230204T031929_20230204T032845_T48PWS_metadata.json,48PWS
S2B_MSIL2A_20230204T031929_N0509_R118_T48PVS_20230204T054726,0.233455,3.518095,243.475029,24.352074,20.501456,33.40956,36.416761495352,27.877495,0.0,dbscl-sentinel-2-2023\dbscl-sentinel-2_2023-02\S2_2023-02-04_03-35-14\20230204T031929_20230204T032845_T48PVS_metadata.json,48PVS
S2B_MSIL2A_20230204T031929_N0509_R118_T48PUS_20230204T054726,0.176671,3.197705,242.89434,16.140796,14.394221000000002,33.950543,37.0281543388784,44.232044,0.0,dbscl-sentinel-2-2023\dbscl-sentinel-2_2023-02\S2_2023-02-04_03-35-16\20230204T031929_20230204T032845_T48PUS_metadata.json,48PUS
S2B_MSIL2A_20230204T031929_N0509_R118_T48PXR_20230204T054726,0.168135,3.306971,247.488424,21.917006,19.387567,54.425025,34.5083882324597,5.06917,0.0,dbscl-sentinel-2-2023\dbscl-sentinel-2_2023-02\S2_2023-02-04_03-35-18\20230204T031929_20230204T032845_T48PXR_metadata.json,48PXR
S2B_MSIL2A_20230204T031929_N0509_R118_T48PWS_20230204T062613,0.19809,3.701821,244.008686,18.303937,16.011932,61.725771,35.8147995259431,8.621253000000001,0.0,dbscl-sentinel-2-2023\dbscl-sentinel-2_2023-02\S2_2023-02-04_03-35-19\20230204T031929_20230204T033514_T48PWS_metadata.json,48PWS
S2B_MSIL2A_20230204T031929_N0509_R118_T48PVR_20230204T054726,0.16524,4.082107,246.576469,1.220264,0.000531,6.373315,35.7195610384014,68.621641,0.0,dbscl-sentinel-2-2023\dbscl-sentinel-2_2023-02\S2_2023-02-04_03-35-20\20230204T031929_20230204T032845_T48PVR_metadata.json,48PVR
S2B_MSIL2A_20230204T031929_N0509_R118_T48PWR_20230204T054726,0.185816,3.515518,246.988013,42.237025,40.160081,49.157462,35.1087316093749,2.465689,0.0,dbscl-sentinel-2-2023\dbscl-sentinel-2_2023-02\S2_2023-02-04_03-35-20\20230204T031929_20230204T032845_T48PWR_metadata.json,48PWR
S2B_MSIL2A_20230204T031929_N0509_R118_T48PVS_20230204T062613,0.169434,3.845953,243.464858,17.571609,17.297846,2.530101,36.416761495352,77.778953,0.0,dbscl-sentinel-2-2023\dbscl-sentinel-2_2023-02\S2_2023-02-04_03-35-21\20230204T031929_20230204T033514_T48PVS_metadata.json,48PVS
S2B_MSIL2A_20230204T031929_N0509_R118_T48PUS_20230204T062613,0.233762,3.237774,242.879184,21.355774,20.252748,10.554148,37.0281543388783,65.180445,0.0,dbscl-sentinel-2-2023\dbscl-sentinel-2_2023-02\S2_2023-02-04_03-35-22\20230204T031929_20230204T033514_T48PUS_metadata.json,48PUS
S2B_MSIL2A_20230204T031929_N0509_R118_T48PXR_20230204T062613,0.173991,3.331095,247.463152,41.06141,30.431588999999995,14.063711,34.5083882324597,34.126392,0.0,dbscl-sentinel-2-2023\dbscl-sentinel-2_2023-02\S2_2023-02-04_03-35-25\20230204T031929_20230204T033514_T48PXR_metadata.json,48PXR
S2A_MSIL2A_20230206T030911_N0509_R075_T48PXS_20230206T071253,0.377861,3.209498,252.435739,29.276204,28.509089,32.23455,36.4804771378804,16.10503,0.0,dbscl-sentinel-2-2023\dbscl-sentinel-2_2023-02\S2_2023-02-06_03-25-15\20230206T030911_20230206T032409_T48PXS_metadata.json,48PXS
S2A_MSIL2A_20230206T030911_N0509_R075_T48PXR_20230206T071253,0.168213,3.26019,253.980785,15.37559,15.19714,7.524231,35.8028186322897,69.954443,0.0,dbscl-sentinel-2-2023\dbscl-sentinel-2_2023-02\S2_2023-02-06_03-25-30\20230206T030911_20230206T032409_T48PXR_metadata.json,48PXR
S2A_MSIL2A_20230209T031901_N0509_R118_T48PXT_20230209T080803,0.137521,3.830993,250.749065,14.022191,0.000115,55.936158,34.8485824033225,1.997916,0.0,dbscl-sentinel-2-2023\dbscl-sentinel-2_2023-02\S2_2023-02-09_03-34-56\20230209T031901_20230209T032251_T48PXT_metadata.json,48PXT
S2A_MSIL2A_20230209T031901_N0509_R118_T48PWT_20230209T080803,0.287945,4.072386,251.476592,38.97368,3.3e-05,26.185235,35.4532265179992,1.243062,0.0,dbscl-sentinel-2-2023\dbscl-sentinel-2_2023-02\S2_2023-02-09_03-34-59\20230209T031901_20230209T032251_T48PWT_metadata.json,48PWT
S2A_MSIL2A_20230209T031901_N0509_R118_T48PXS_20230209T080803,0.221784,4.054381,252.44427,27.266058,0.0,44.509771,34.1448254365476,2.640976,0.0,dbscl-sentinel-2-2023\dbscl-sentinel-2_2023-02\S2_2023-02-09_03-35-10\20230209T031901_20230209T032251_T48PXS_metadata.json,48PXS
S2A_MSIL2A_20230209T031901_N0509_R118_T48PUR_20230209T080803,0.243158,3.754,255.996311,19.454454,0.0,9e-06,35.3479826787147,80.541557,0.0,dbscl-sentinel-2-2023\dbscl-sentinel-2_2023-02\S2_2023-02-09_03-35-33\20230209T031901_20230209T032251_T48PUR_metadata.json,48PUR
S2A_MSIL2A_20230209T031901_N0509_R118_T48PWQ_20230209T080803,0.277369,3.208999,255.135187,44.085228,0.026878,0.000115,33.3950028841848,52.414715,0.0,dbscl-sentinel-2-2023\dbscl-sentinel-2_2023-02\S2_2023-02-09_03-35-37\20230209T031901_20230209T032251_T48PWQ_metadata.json,48PWQ
S2A_MSIL2A_20230209T031901_N0509_R118_T48PVR_20230209T075900,0.272091,5.005992,255.18954,48.654395,0.00010799999999999998,0.100418,34.7057109802832,46.905968,0.0,dbscl-sentinel-2-2023\dbscl-sentinel-2_2023-02\S2_2023-02-09_03-35-38\20230209T031901_20230209T033532_T48PVR_metadata.json,48PVR
S2A_MSIL2A_20230209T031901_N0509_R118_T48PWQ_20230209T075900,0.279622,2.698,255.115497,38.859457,0.013914,4e-06,33.3950028841846,59.031898,0.0,dbscl-sentinel-2-2023\dbscl-sentinel-2_2023-02\S2_2023-02-09_03-35-43\20230209T031901_20230209T033532_T48PWQ_metadata.json,48PWQ
S2A_MSIL2A_20230209T031901_N0509_R118_T48PVQ_20230209T075900,0.288888,4.991996,256.058788,36.491731,0.504461,0.028869,34.0377625039025,60.917252,0.0,dbscl-sentinel-2-2023\dbscl-sentinel-2_2023-02\S2_2023-02-09_03-35-46\20230209T031901_20230209T033532_T48PVQ_metadata.json,48PVQ
S2B_MSIL2A_20230211T030849_N0509_R075_T48PXS_20230211T063426,0.509814,3.652425,252.282282,18.40169,9.991242,28.55463,35.4293758303108,23.000777,0.0,dbscl-sentinel-2-2023\dbscl-sentinel-2_2023-02\S2_2023-02-11_03-25-15\20230211T030849_20230211T031915_T48PXS_metadata.json,48PXS
S2B_MSIL2A_20230211T030849_N0509_R075_T48PXR_20230211T063426,0.14242,3.665933,253.476649,39.275253,15.077756000000003,3.385259,34.7737333331762,51.034009,0.0,dbscl-sentinel-2-2023\dbscl-sentinel-2_2023-02\S2_2023-02-11_03-25-29\20230211T030849_20230211T031915_T48PXR_metadata.json,48PXR
S2B_MSIL2A_20230214T031829_N0509_R118_T48PWQ_20230214T063353,0.191475,3.61841,250.869616,48.553008,27.445728,1.825077,32.2968867270458,46.794677,0.0,dbscl-sentinel-2-2023\dbscl-sentinel-2_2023-02\S2_2023-02-14_03-35-42\20230214T031829_20230214T033313_T48PWQ_metadata.json,48PWQ
S2B_MSIL2A_20230214T031829_N0509_R118_T48PVQ_20230214T063353,0.197593,3.670906,250.488454,45.688918,31.115332,2.311067,32.9633234945743,47.59447,0.0,dbscl-sentinel-2-2023\dbscl-sentinel-2_2023-02\S2_2023-02-14_03-35-46\20230214T031829_20230214T033313_T48PVQ_metadata.json,48PVQ
S2B_MSIL2A_20230217T032819_N0509_R018_T48PUS_20230217T070521,0.137426,3.138277,245.756878,6.484776,2.381195,19.312796,32.3939266904483,69.648826,0.0,dbscl-sentinel-2-2023\dbscl-sentinel-2_2023-02\S2_2023-02-17_03-45-14\20230217T032819_20230217T033403_T48PUS_metadata.json,48PUS
S2B_MSIL2A_20230217T032819_N0509_R018_T48PUR_20230217T070521,0.288355,3.725995,247.539108,22.042811,16.732,0.030815,31.7329951802165,77.87838,0.0,dbscl-sentinel-2-2023\dbscl-sentinel-2_2023-02\S2_2023-02-17_03-45-29\20230217T032819_20230217T033403_T48PUR_metadata.json,48PUR
S2A_MSIL2A_20230219T031801_N0509_R118_T48PVR_20230219T075553,0.377715,4.092585,247.244888,38.115564,17.70734,3.119777,32.4384145318664,50.554007,0.0,dbscl-sentinel-2-2023\dbscl-sentinel-2_2023-02\S2_2023-02-19_03-35-30\20230219T031801_20230219T033323_T48PVR_metadata.json,48PVR
S2A_MSIL2A_20230219T031801_N0509_R118_T48PVQ_20230219T075553,0.378522,3.640794,248.485472,46.895406,24.4974,0.927824,31.8221201078272,48.408762,0.0,dbscl-sentinel-2-2023\dbscl-sentinel-2_2023-02\S2_2023-02-19_03-35-44\20230219T031801_20230219T033323_T48PVQ_metadata.json,48PVQ
S2B_MSIL2A_20230221T030739_N0509_R075_T48PXS_20230221T063837,0.467876,3.463213,251.298839,15.597785,14.195381,31.690007,33.0820504554151,23.502892,0.0,dbscl-sentinel-2-2023\dbscl-sentinel-2_2023-02\S2_2023-02-21_03-25-16\20230221T030739_20230221T031753_T48PXS_metadata.json,48PXS
S2B_MSIL2A_20230221T030739_N0509_R075_T48PXR_20230221T063837,0.24069,3.315983,253.304322,13.138458,9.430561,4.943584,32.4784712133404,74.44495,0.0,dbscl-sentinel-2-2023\dbscl-sentinel-2_2023-02\S2_2023-02-21_03-25-30\20230221T030739_20230221T031753_T48PXR_metadata.json,48PXR
S2B_MSIL2A_20230224T031729_N0509_R118_T48PXT_20230224T064733,0.215664,3.161106,244.665569,5.85125,0.000962,62.091529,31.0522021003373,1.950326,0.0,dbscl-sentinel-2-2023\dbscl-sentinel-2_2023-02\S2_2023-02-24_03-34-57\20230224T031729_20230224T032922_T48PXT_metadata.json,48PXT
S2B_MSIL2A_20230224T031729_N0509_R118_T48PWT_20230224T064733,0.449717,3.416324,246.562534,30.361858,5.663163,22.679344,31.7271661788649,1.728249,0.0,dbscl-sentinel-2-2023\dbscl-sentinel-2_2023-02\S2_2023-02-24_03-35-01\20230224T031729_20230224T032922_T48PWT_metadata.json,48PWT
S2B_MSIL2A_20230224T031729_N0509_R118_T48PVT_20230224T064733,0.531654,3.186735,248.25356,8.836369,4.606094,27.160814,32.4113739165042,1.375298,0.0,dbscl-sentinel-2-2023\dbscl-sentinel-2_2023-02\S2_2023-02-24_03-35-04\20230224T031729_20230224T032922_T48PVT_metadata.json,48PVT
S2B_MSIL2A_20230224T031729_N0509_R118_T48PXS_20230224T064733,0.323859,3.673348,245.561924,46.211523,0.0,16.686502,30.419570328049,1.885971,0.0,dbscl-sentinel-2-2023\dbscl-sentinel-2_2023-02\S2_2023-02-24_03-35-12\20230224T031729_20230224T032922_T48PXS_metadata.json,48PXS
S2B_MSIL2A_20230224T031729_N0509_R118_T48PWS_20230224T064733,0.329681,3.664714,246.986434,26.963526,9.314667,45.258859,31.1050478369416,2.765641,0.0,dbscl-sentinel-2-2023\dbscl-sentinel-2_2023-02\S2_2023-02-24_03-35-15\20230224T031729_20230224T032922_T48PWS_metadata.json,48PWS
S2B_MSIL2A_20230224T031729_N0509_R118_T48PVS_20230224T064733,0.60523,3.578729,247.982142,30.015242,5.36825,22.235136,31.7995931611368,20.690857,0.0,dbscl-sentinel-2-2023\dbscl-sentinel-2_2023-02\S2_2023-02-24_03-35-18\20230224T031729_20230224T032922_T48PVS_metadata.json,48PVS
S2B_MSIL2A_20230224T031729_N0509_R118_T48PXR_20230224T064733,0.335918,3.857009,247.924846,47.901869,21.424052,12.70939,29.7995125591764,20.892838,0.0,dbscl-sentinel-2-2023\dbscl-sentinel-2_2023-02\S2_2023-02-24_03-35-26\20230224T031729_20230224T032922_T48PXR_metadata.json,48PXR
S2B_MSIL2A_20230224T031729_N0509_R118_T48PWR_20230224T064733,0.335839,3.711708,249.200829,22.377603,11.976454,32.003924,30.4957372360328,12.110278,0.0,dbscl-sentinel-2-2023\dbscl-sentinel-2_2023-02\S2_2023-02-24_03-35-30\20230224T031729_20230224T032922_T48PWR_metadata.json,48PWR
S2B_MSIL2A_20230224T031729_N0509_R118_T48PVR_20230224T064733,0.429722,3.787232,249.636435,47.091091,8.176894,5.086387,31.2008142101563,35.768545,0.0,dbscl-sentinel-2-2023\dbscl-sentinel-2_2023-02\S2_2023-02-24_03-35-33\20230224T031729_20230224T032922_T48PVR_metadata.json,48PVR
S2B_MSIL2A_20230224T031729_N0509_R118_T48PWQ_20230224T064733,0.331217,3.683293,250.733213,36.57673,24.766995,0.595482,29.8992524430022,59.223437,0.0,dbscl-sentinel-2-2023\dbscl-sentinel-2_2023-02\S2_2023-02-24_03-35-44\20230224T031729_20230224T032922_T48PWQ_metadata.json,48PWQ
S2B_MSIL2A_20230224T031729_N0509_R118_T48PVQ_20230224T064733,0.353346,3.744713,251.236175,7.259648,0.495682,1.592506,30.6150416949348,83.561897,0.0,dbscl-sentinel-2-2023\dbscl-sentinel-2_2023-02\S2_2023-02-24_03-35-48\20230224T031729_20230224T032922_T48PVQ_metadata.json,48PVQ
S2A_MSIL2A_20230226T030701_N0509_R075_T48PXS_20230226T081857,0.449857,3.229471,248.118424,33.56885,23.904887,26.415598,31.83294366548,19.765882,0.0,dbscl-sentinel-2-2023\dbscl-sentinel-2_2023-02\S2_2023-02-26_03-25-14\20230226T030701_20230226T032104_T48PXS_metadata.json,48PXS
S2A_MSIL2A_20230226T030701_N0509_R075_T48PXR_20230226T081857,0.195865,3.579513,248.747322,14.935264,9.836718,4.60415,31.2603543387959,74.38792,0.0,dbscl-sentinel-2-2023\dbscl-sentinel-2_2023-02\S2_2023-02-26_03-25-29\20230226T030701_20230226T032104_T48PXR_metadata.json,48PXR
S2A_MSIL2A_20230301T031651_N0509_R118_T48PVT_20230301T073452,0.251,4.106432,245.891086,16.599041,15.687661,36.52232000000001,31.096425282569,1.152324,0.0,dbscl-sentinel-2-2023\dbscl-sentinel-2_2023-03\S2_2023-03-01_03-35-01\20230301T031651_20230301T033147_T48PVT_metadata.json,48PVT
S2A_MSIL2A_20230301T031651_N0509_R118_T48PXS_20230301T073452,0.329789,3.984467,245.683221,43.566114,8.545695,30.843088000000005,29.0851563836991,2.249326,0.0,dbscl-sentinel-2-2023\dbscl-sentinel-2_2023-03\S2_2023-03-01_03-35-09\20230301T031651_20230301T033147_T48PXS_metadata.json,48PXS
S2A_MSIL2A_20230301T031651_N0509_R118_T48PVS_20230301T073452,0.23964,4.003144,245.638304,42.659929,13.672602,14.347945,30.5157667269666,25.808737,0.0,dbscl-sentinel-2-2023\dbscl-sentinel-2_2023-03\S2_2023-03-01_03-35-15\20230301T031651_20230301T033147_T48PVS_metadata.json,48PVS
S2A_MSIL2A_20230301T031651_N0509_R118_T48PUS_20230301T073452,0.118567,3.845336,246.001875,39.025193,2.888338,26.358324,31.2425773389536,30.515009,0.0,dbscl-sentinel-2-2023\dbscl-sentinel-2_2023-03\S2_2023-03-01_03-35-19\20230301T031651_20230301T033147_T48PUS_metadata.json,48PUS
S2A_MSIL2A_20230301T031651_N0509_R118_T48PXR_20230301T073452,0.28186,3.940685,245.579502,49.395636,13.655433,16.348924,28.4972390001164,13.884264,0.0,dbscl-sentinel-2-2023\dbscl-sentinel-2_2023-03\S2_2023-03-01_03-35-23\20230301T031651_20230301T033147_T48PXR_metadata.json,48PXR
S2A_MSIL2A_20230301T031651_N0509_R118_T48PVR_20230301T073452,0.251431,3.640246,245.846439,34.413376,15.447724999999998,2.201439,29.9498098627997,58.232576,0.0,dbscl-sentinel-2-2023\dbscl-sentinel-2_2023-03\S2_2023-03-01_03-35-30\20230301T031651_20230301T033147_T48PVR_metadata.json,48PVR
S2A_MSIL2A_20230301T031651_N0509_R118_T48PUR_20230301T073452,0.298957,4.330002,246.381714,39.068034,20.767286,0.006526,30.6871679601871,60.924774,0.0,dbscl-sentinel-2-2023\dbscl-sentinel-2_2023-03\S2_2023-03-01_03-35-33\20230301T031651_20230301T033147_T48PUR_metadata.json,48PUR
S2B_MSIL2A_20230306T031619_N0509_R118_T48PXT_20230306T070117,0.161869,2.084883,252.23382,31.430152,22.642788,50.427932,28.2760895254938,1.506535,0.0,dbscl-sentinel-2-2023\dbscl-sentinel-2_2023-03\S2_2023-03-06_03-35-00\20230306T031619_20230306T033002_T48PXT_metadata.json,48PXT
S2B_MSIL2A_20230306T031619_N0509_R118_T48PWT_20230306T070117,0.431774,2.153409,252.853029,5.327942,4.874725,38.729486,29.0015005873374,2.201848,0.0,dbscl-sentinel-2-2023\dbscl-sentinel-2_2023-03\S2_2023-03-06_03-35-03\20230306T031619_20230306T033002_T48PWT_metadata.json,48PWT
S2B_MSIL2A_20230306T031619_N0509_R118_T48PVT_20230306T070117,0.400295,2.096688,253.354931,1.179621,1.150821,35.694313,29.7350215117703,1.6807,0.0,dbscl-sentinel-2-2023\dbscl-sentinel-2_2023-03\S2_2023-03-06_03-35-07\20230306T031619_20230306T033002_T48PVT_metadata.json,48PVT
S2B_MSIL2A_20230306T031619_N0509_R118_T48PVQ_20230306T070117,0.261223,3.710434,252.047227,25.868544,13.786404,1.544932,28.1471101258737,65.976346,0.0,dbscl-sentinel-2-2023\dbscl-sentinel-2_2023-03\S2_2023-03-06_03-35-50\20230306T031619_20230306T033002_T48PVQ_metadata.json,48PVQ
S2A_MSIL2A_20230308T030551_N0509_R075_T48PXS_20230308T074859,0.377778,3.290233,255.947914,0.13426,8.1e-05,35.486802,29.2688596221127,27.708152,0.0,dbscl-sentinel-2-2023\dbscl-sentinel-2_2023-03\S2_2023-03-08_03-25-12\20230308T030551_20230308T031951_T48PXS_metadata.json,48PXS
S2A_MSIL2A_20230308T030551_N0509_R075_T48PXR_20230308T074859,0.210232,3.701183,254.588421,0.548402,0.00014,7.603624000000001,28.769868527387,83.097571,0.0,dbscl-sentinel-2-2023\dbscl-sentinel-2_2023-03\S2_2023-03-08_03-25-26\20230308T030551_20230308T031951_T48PXR_metadata.json,48PXR
S2B_MSIL2A_20230309T032559_N0509_R018_T48PUS_20230309T073019,0.298159,2.465794,257.491399,8.9766,0.0,14.307562,27.071992869035,71.040106,0.0,dbscl-sentinel-2-2023\dbscl-sentinel-2_2023-03\S2_2023-03-09_03-45-20\20230309T032559_20230309T034422_T48PUS_metadata.json,48PUS
S2B_MSIL2A_20230309T032559_N0509_R018_T48PUR_20230309T073019,0.294611,3.114998,258.850893,11.129206,0.0,0.042412,26.541500016035,88.748467,0.0,dbscl-sentinel-2-2023\dbscl-sentinel-2_2023-03\S2_2023-03-09_03-45-35\20230309T032559_20230309T034422_T48PUR_metadata.json,48PUR
S2A_MSIL2A_20230311T031521_N0509_R118_T48PXT_20230311T073356,0.575466,2.848234,268.44473,5.420543,0.000502,50.239056,26.9132161836312,1.743717,0.0,dbscl-sentinel-2-2023\dbscl-sentinel-2_2023-03\S2_2023-03-11_03-34-52\20230311T031521_20230311T033024_T48PXT_metadata.json,48PXT
S2A_MSIL2A_20230311T031521_N0509_R118_T48PWT_20230311T073356,0.58186,2.796714,268.533293,21.534185,0.000192,21.840455,27.6649543075951,1.519514,0.0,dbscl-sentinel-2-2023\dbscl-sentinel-2_2023-03\S2_2023-03-11_03-34-56\20230311T031521_20230311T033024_T48PWT_metadata.json,48PWT
S2A_MSIL2A_20230311T031521_N0509_R118_T48PVT_20230311T073356,0.536448,2.702588,267.8881,10.05666,0.000436,17.756173,28.423990430366,1.090393,0.0,dbscl-sentinel-2-2023\dbscl-sentinel-2_2023-03\S2_2023-03-11_03-34-59\20230311T031521_20230311T033024_T48PVT_metadata.json,48PVT
S2A_MSIL2A_20230311T031521_N0509_R118_T48PXS_20230311T073356,0.323796,2.885345,269.771024,38.192624,0.0,24.238646,26.3842532743147,2.307178,0.0,dbscl-sentinel-2-2023\dbscl-sentinel-2_2023-03\S2_2023-03-11_03-35-07\20230311T031521_20230311T033024_T48PXS_metadata.json,48PXS
S2A_MSIL2A_20230311T031521_N0509_R118_T48PWS_20230311T073356,0.323773,2.932296,269.742287,30.614889,0.0,32.560104,27.1474700497566,2.838942,0.0,dbscl-sentinel-2-2023\dbscl-sentinel-2_2023-03\S2_2023-03-11_03-35-10\20230311T031521_20230311T033024_T48PWS_metadata.json,48PWS
S2A_MSIL2A_20230311T031521_N0509_R118_T48PVS_20230311T073356,0.466062,2.766391,269.014667,16.715406,0.0,16.391774,27.9175725886898,40.162039,0.0,dbscl-sentinel-2-2023\dbscl-sentinel-2_2023-03\S2_2023-03-11_03-35-14\20230311T031521_20230311T033024_T48PVS_metadata.json,48PVS
S2A_MSIL2A_20230311T031521_N0509_R118_T48PUS_20230311T073356,0.456067,2.479732,267.456903,26.744109,0.0,13.046166,28.6933475727077,52.315611,0.0,dbscl-sentinel-2-2023\dbscl-sentinel-2_2023-03\S2_2023-03-11_03-35-17\20230311T031521_20230311T033024_T48PUS_metadata.json,48PUS
S2A_MSIL2A_20230311T031521_N0509_R118_T48PXR_20230311T073356,0.497975,2.8591,270.298336,19.0946,0.0,25.53471,25.8743900740006,29.044122,0.0,dbscl-sentinel-2-2023\dbscl-sentinel-2_2023-03\S2_2023-03-11_03-35-21\20230311T031521_20230311T033024_T48PXR_metadata.json,48PXR
S2A_MSIL2A_20230311T031521_N0509_R118_T48PWR_20230311T073356,0.509803,3.010046,270.195375,14.585243,3.3e-05,22.864862,26.6490738552395,13.840525,0.0,dbscl-sentinel-2-2023\dbscl-sentinel-2_2023-03\S2_2023-03-11_03-35-25\20230311T031521_20230311T033024_T48PWR_metadata.json,48PWR
S2A_MSIL2A_20230311T031521_N0509_R118_T48PVR_20230311T073356,0.461944,3.038591,269.342355,0.263257,0.0,6.724437,27.4301890757197,76.351172,0.0,dbscl-sentinel-2-2023\dbscl-sentinel-2_2023-03\S2_2023-03-11_03-35-28\20230311T031521_20230311T033024_T48PVR_metadata.json,48PVR
S2A_MSIL2A_20230311T031521_N0509_R118_T48PUR_20230311T073356,0.415941,3.058994,267.413028,0.739387,0.0,0.037089,28.2165344928678,99.210697,0.0,dbscl-sentinel-2-2023\dbscl-sentinel-2_2023-03\S2_2023-03-11_03-35-31\20230311T031521_20230311T033024_T48PUR_metadata.json,48PUR
S2A_MSIL2A_20230311T031521_N0509_R118_T48PWQ_20230311T073356,0.348243,3.059651,270.695406,13.051201,0.0,1.377242,26.1702194326119,78.569138,0.0,dbscl-sentinel-2-2023\dbscl-sentinel-2_2023-03\S2_2023-03-11_03-35-39\20230311T031521_20230311T033024_T48PWQ_metadata.json,48PWQ
S2A_MSIL2A_20230311T031521_N0509_R118_T48PVQ_20230311T073356,0.437973,3.158938,269.193365,3.445831,0.000196,2.744453,26.9622460894458,84.211743,0.0,dbscl-sentinel-2-2023\dbscl-sentinel-2_2023-03\S2_2023-03-11_03-35-43\20230311T031521_20230311T033024_T48PVQ_metadata.json,48PVQ
S2B_MSIL2A_20230313T030529_N0509_R075_T48PXT_20230313T071102,0.287407,2.667594,261.898155,3.344395,0.00081,53.519653999999996,28.444938847187,1.6168079999999998,0.0,dbscl-sentinel-2-2023\dbscl-sentinel-2_2023-03\S2_2023-03-13_03-25-06\20230313T030529_20230313T032418_T48PXT_metadata.json,48PXT
S2B_MSIL2A_20230313T030529_N0509_R075_T48PXS_20230313T071102,0.383903,2.900319,263.955356,4.814139,0.0,29.746369,27.9696305654051,26.917747,0.0,dbscl-sentinel-2-2023\dbscl-sentinel-2_2023-03\S2_2023-03-13_03-25-20\20230313T030529_20230313T032418_T48PXS_metadata.json,48PXS
S2B_MSIL2A_20230313T030529_N0509_R075_T48PXR_20230313T071102,0.23925,2.906685,266.012604,0.103623,8.5e-05,7.470427,27.5138564606593,83.182484,0.0,dbscl-sentinel-2-2023\dbscl-sentinel-2_2023-03\S2_2023-03-13_03-25-35\20230313T030529_20230313T032418_T48PXR_metadata.json,48PXR
S2A_MSIL2A_20230314T032511_N0509_R018_T48PUS_20230314T080556,0.1908,2.210214,265.476145,1.738158,0.000282,18.732433,25.7734728571206,73.859084,0.0,dbscl-sentinel-2-2023\dbscl-sentinel-2_2023-03\S2_2023-03-14_03-45-13\20230314T032511_20230314T033809_T48PUS_metadata.json,48PUS
S2A_MSIL2A_20230314T032511_N0509_R018_T48PUR_20230314T080556,0.343982,2.511997,267.082366,17.442244,0.0,0.076773,25.2881631244933,82.400358,0.0,dbscl-sentinel-2-2023\dbscl-sentinel-2_2023-03\S2_2023-03-14_03-45-28\20230314T032511_20230314T033809_T48PUR_metadata.json,48PUR
S2B_MSIL2A_20230316T031519_N0509_R118_T48PXT_20230316T065343,0.317572,2.846509,263.72963,12.585154,11.378965,53.886396,25.5266748576686,1.41932,0.0,dbscl-sentinel-2-2023\dbscl-sentinel-2_2023-03\S2_2023-03-16_03-35-01\20230316T031519_20230316T032720_T48PXT_metadata.json,48PXT
S2B_MSIL2A_20230316T031519_N0509_R118_T48PWT_20230316T065343,0.401846,2.80753,264.958232,37.627077,27.402881,19.787446,26.3040994627151,0.718694,0.0,dbscl-sentinel-2-2023\dbscl-sentinel-2_2023-03\S2_2023-03-16_03-35-05\20230316T031519_20230316T032720_T48PWT_metadata.json,48PWT
S2B_MSIL2A_20230316T031519_N0509_R118_T48PVT_20230316T065343,0.282732,2.758122,265.996149,38.037434,15.25774,13.255253,27.0879015169706,0.592844,0.0,dbscl-sentinel-2-2023\dbscl-sentinel-2_2023-03\S2_2023-03-16_03-35-08\20230316T031519_20230316T032720_T48PVT_metadata.json,48PVT
S2B_MSIL2A_20230316T031519_N0509_R118_T48PXS_20230316T065343,0.354197,3.042687,264.75888,13.541213,11.381765,56.839060999999994,25.0417520326053,2.8088439999999997,0.0,dbscl-sentinel-2-2023\dbscl-sentinel-2_2023-03\S2_2023-03-16_03-35-15\20230316T031519_20230316T032720_T48PXS_metadata.json,48PXS
S2B_MSIL2A_20230316T031519_N0509_R118_T48PWS_20230316T065343,0.353515,3.186324,265.622269,16.210756,3.126267,47.320861,25.8306364355646,2.968232,0.0,dbscl-sentinel-2-2023\dbscl-sentinel-2_2023-03\S2_2023-03-16_03-35-19\20230316T031519_20230316T032720_T48PWS_metadata.json,48PWS
S2B_MSIL2A_20230316T031519_N0509_R118_T48PVS_20230316T065343,0.287466,3.017134,266.425041,40.004358,19.469601,12.686066,26.6253975605158,31.93953,0.0,dbscl-sentinel-2-2023\dbscl-sentinel-2_2023-03\S2_2023-03-16_03-35-22\20230316T031519_20230316T032720_T48PVS_metadata.json,48PVS
S2B_MSIL2A_20230316T031519_N0509_R118_T48PXR_20230316T065343,0.365979,3.216813,266.388361,35.785621,6.14126,22.814666,24.5787311039993,19.64238,0.0,dbscl-sentinel-2-2023\dbscl-sentinel-2_2023-03\S2_2023-03-16_03-35-30\20230316T031519_20230316T032720_T48PXR_metadata.json,48PXR
S2B_MSIL2A_20230316T031519_N0509_R118_T48PWR_20230316T065343,0.276212,3.278558,266.870737,31.026882,0.525572,18.425858,25.3788938357554,12.318708,0.0,dbscl-sentinel-2-2023\dbscl-sentinel-2_2023-03\S2_2023-03-16_03-35-34\20230316T031519_20230316T032720_T48PWR_metadata.json,48PWR
S2B_MSIL2A_20230316T031519_N0509_R118_T48PVR_20230316T065343,0.279061,3.276877,267.16796,22.349498,6.259528,3.677473,26.184414511389,61.90027,0.0,dbscl-sentinel-2-2023\dbscl-sentinel-2_2023-03\S2_2023-03-16_03-35-37\20230316T031519_20230316T032720_T48PVR_metadata.json,48PVR
S2B_MSIL2A_20230316T031519_N0509_R118_T48PUR_20230316T065343,0.297493,2.499999,268.003694,41.467479,15.125988,0.0030289999999999996,26.9941278957454,58.52614,0.0,dbscl-sentinel-2-2023\dbscl-sentinel-2_2023-03\S2_2023-03-16_03-35-40\20230316T031519_20230316T032720_T48PUR_metadata.json,48PUR
S2B_MSIL2A_20230316T031519_N0509_R118_T48PWQ_20230316T065343,0.26631,3.398653,268.080558,16.739967,6e-05,1.167,24.9495791329427,77.833307,0.0,dbscl-sentinel-2-2023\dbscl-sentinel-2_2023-03\S2_2023-03-16_03-35-48\20230316T031519_20230316T032720_T48PWQ_metadata.json,48PWQ
S2B_MSIL2A_20230316T031519_N0509_R118_T48PVQ_20230316T065343,0.22803,3.42967,268.022455,15.176997,0.982774,1.804344,25.7655971717209,76.632464,0.0,dbscl-sentinel-2-2023\dbscl-sentinel-2_2023-03\S2_2023-03-16_03-35-51\20230316T031519_20230316T032720_T48PVQ_metadata.json,48PVQ
S2A_MSIL2A_20230318T030521_N0509_R075_T48PXS_20230318T075155,0.587873,3.753315,263.489683,28.84852,0.000219,18.949667,26.7728476688742,13.669781,0.0,dbscl-sentinel-2-2023\dbscl-sentinel-2_2023-03\S2_2023-03-18_03-25-14\20230318T030521_20230318T031920_T48PXS_metadata.json,48PXS
S2A_MSIL2A_20230318T030521_N0509_R075_T48PXR_20230318T075155,0.257704,3.813151,264.08158,27.295479,0.02104,0.373753,26.3664466577957,67.977762,0.0,dbscl-sentinel-2-2023\dbscl-sentinel-2_2023-03\S2_2023-03-18_03-25-29\20230318T030521_20230318T031920_T48PXR_metadata.json,48PXR
S2B_MSIL2A_20230319T032519_N0509_R018_T48PUS_20230319T064620,0.339956,3.484018,263.297277,23.820715,0.088132,9.570987,24.4800867013974,60.753894,0.0,dbscl-sentinel-2-2023\dbscl-sentinel-2_2023-03\S2_2023-03-19_03-45-20\20230319T032519_20230319T034153_T48PUS_metadata.json,48PUS
S2B_MSIL2A_20230319T032519_N0509_R018_T48PUR_20230319T064620,0.264425,3.789998,264.908987,16.395418,1.766244,0.135834,24.0454158929417,83.427972,0.0,dbscl-sentinel-2-2023\dbscl-sentinel-2_2023-03\S2_2023-03-19_03-45-34\20230319T032519_20230319T034153_T48PUR_metadata.json,48PUR
S2A_MSIL2A_20230321T031521_N0509_R118_T48PXT_20230321T075359,0.26383,3.670608,265.893007,7.224382,4.649986,58.080882,24.2507428347203,1.542573,0.0,dbscl-sentinel-2-2023\dbscl-sentinel-2_2023-03\S2_2023-03-21_03-34-55\20230321T031521_20230321T032715_T48PXT_metadata.json,48PXT
S2A_MSIL2A_20230321T031521_N0509_R118_T48PWT_20230321T075359,0.305821,3.503106,266.714158,30.079299,18.858145,15.874983,25.0539285931249,0.546879,0.0,dbscl-sentinel-2-2023\dbscl-sentinel-2_2023-03\S2_2023-03-21_03-34-59\20230321T031521_20230321T032715_T48PWT_metadata.json,48PWT
S2A_MSIL2A_20230321T031521_N0509_R118_T48PVT_20230321T075359,0.339264,3.241402,267.120661,40.644759,26.7674,11.978532,25.8623700871317,0.181944,0.0,dbscl-sentinel-2-2023\dbscl-sentinel-2_2023-03\S2_2023-03-21_03-35-02\20230321T031521_20230321T032715_T48PVT_metadata.json,48PVT
S2A_MSIL2A_20230321T031521_N0509_R118_T48PWS_20230321T075359,0.455779,3.773929,268.505611,38.236272,17.799792,29.762569,24.631287744027,2.633847,0.0,dbscl-sentinel-2-2023\dbscl-sentinel-2_2023-03\S2_2023-03-21_03-35-13\20230321T031521_20230321T032715_T48PWS_metadata.json,48PWS
S2A_MSIL2A_20230321T031521_N0509_R118_T48PVS_20230321T075359,0.223437,3.427627,268.857297,21.308976,5.953749,11.728179,25.4502220264191,38.820231,0.0,dbscl-sentinel-2-2023\dbscl-sentinel-2_2023-03\S2_2023-03-21_03-35-17\20230321T031521_20230321T032715_T48PVS_metadata.json,48PVS
S2A_MSIL2A_20230321T031521_N0509_R118_T48PUS_20230321T075359,0.414295,3.258226,268.337795,30.40767,11.173905,14.578322,26.272719407517,48.388013,0.0,dbscl-sentinel-2-2023\dbscl-sentinel-2_2023-03\S2_2023-03-21_03-35-20\20230321T031521_20230321T032715_T48PUS_metadata.json,48PUS
S2A_MSIL2A_20230321T031521_N0509_R118_T48PUR_20230321T075359,0.20867,3.679001,269.571873,41.245389,23.797931,0.035916,25.8944112421468,58.705974,0.0,dbscl-sentinel-2-2023\dbscl-sentinel-2_2023-03\S2_2023-03-21_03-35-34\20230321T031521_20230321T032715_T48PUR_metadata.json,48PUR
S2B_MSIL2A_20230323T030529_N0509_R075_T48PXR_20230323T071540,0.12734,3.690191,271.32721,7.053684,0.043683,3.0697630000000005,25.258470960585,81.379777,0.0,dbscl-sentinel-2-2023\dbscl-sentinel-2_2023-03\S2_2023-03-23_03-25-33\20230323T030529_20230323T032141_T48PXR_metadata.json,48PXR
S2B_MSIL2A_20230326T031519_N0509_R118_T48PXT_20230326T064047,0.179969,3.760889,270.175799,2.093464,0.141695,60.437918,23.0262920273556,1.429155,0.0,dbscl-sentinel-2-2023\dbscl-sentinel-2_2023-03\S2_2023-03-26_03-35-00\20230326T031519_20230326T033135_T48PXT_metadata.json,48PXT
S2B_MSIL2A_20230326T031519_N0509_R118_T48PWT_20230326T064047,0.341774,3.678228,270.120918,8.968072,2.7e-05,25.203264,23.8535813458969,1.794095,0.0,dbscl-sentinel-2-2023\dbscl-sentinel-2_2023-03\S2_2023-03-26_03-35-03\20230326T031519_20230326T033135_T48PWT_metadata.json,48PWT
S2B_MSIL2A_20230326T031519_N0509_R118_T48PVT_20230326T064047,0.259722,3.30791,270.112462,17.350049,4.361473,20.541239,24.6849133697888,1.025509,0.0,dbscl-sentinel-2-2023\dbscl-sentinel-2_2023-03\S2_2023-03-26_03-35-06\20230326T031519_20230326T033135_T48PVT_metadata.json,48PVT
S2B_MSIL2A_20230326T031519_N0509_R118_T48PXS_20230326T064047,0.198069,3.949392,270.929422,14.755969,0.004311,48.321599,22.6501259759958,3.23246,0.0,dbscl-sentinel-2-2023\dbscl-sentinel-2_2023-03\S2_2023-03-26_03-35-14\20230326T031519_20230326T033135_T48PXS_metadata.json,48PXS
S2B_MSIL2A_20230326T031519_N0509_R118_T48PWS_20230326T064047,0.233754,3.724309,270.878472,11.370483,3.052551,43.958932,23.4876027466756,3.612609,0.0,dbscl-sentinel-2-2023\dbscl-sentinel-2_2023-03\S2_2023-03-26_03-35-18\20230326T031519_20230326T033135_T48PWS_metadata.json,48PWS
S2B_MSIL2A_20230326T031519_N0509_R118_T48PVS_20230326T064047,0.162561,3.412099,270.733234,23.692174,13.294581,13.5772,24.3285342043362,36.938611,0.0,dbscl-sentinel-2-2023\dbscl-sentinel-2_2023-03\S2_2023-03-26_03-35-21\20230326T031519_20230326T033135_T48PVS_metadata.json,48PVS
S2B_MSIL2A_20230326T031519_N0509_R118_T48PUS_20230326T064047,0.148059,3.025405,270.981603,21.56067,12.599908,19.687694,25.1718625771032,53.152782,0.0,dbscl-sentinel-2-2023\dbscl-sentinel-2_2023-03\S2_2023-03-26_03-35-24\20230326T031519_20230326T033135_T48PUS_metadata.json,48PUS
S2B_MSIL2A_20230326T031519_N0509_R118_T48PXR_20230326T064047,0.222056,4.08062,271.854751,37.481001,5.643693,18.489192,22.3023282202457,21.847804,0.0,dbscl-sentinel-2-2023\dbscl-sentinel-2_2023-03\S2_2023-03-26_03-35-29\20230326T031519_20230326T033135_T48PXR_metadata.json,48PXR
S2B_MSIL2A_20230326T031519_N0509_R118_T48PWR_20230326T064047,0.239914,3.829538,271.805349,20.407623,12.618594,19.690107,23.1493781594184,13.73805,0.0,dbscl-sentinel-2-2023\dbscl-sentinel-2_2023-03\S2_2023-03-26_03-35-32\20230326T031519_20230326T033135_T48PWR_metadata.json,48PWR
S2B_MSIL2A_20230326T031519_N0509_R118_T48PVR_20230326T064047,0.126223,3.813668,271.967573,34.863469,30.261341,5.329442,23.9993025136025,49.604997,0.0,dbscl-sentinel-2-2023\dbscl-sentinel-2_2023-03\S2_2023-03-26_03-35-35\20230326T031519_20230326T033135_T48PVR_metadata.json,48PVR
S2B_MSIL2A_20230326T031519_N0509_R118_T48PUR_20230326T064047,0.14794,3.607997,272.325954,16.989723,16.266395,0.048035,24.851087403297,82.957947,0.0,dbscl-sentinel-2-2023\dbscl-sentinel-2_2023-03\S2_2023-03-26_03-35-38\20230326T031519_20230326T033135_T48PUR_metadata.json,48PUR
S2B_MSIL2A_20230326T031519_N0509_R118_T48PWQ_20230326T064047,0.143855,4.098622,273.57867,28.23348,13.204572,2.401717,22.8397776486829,63.342059,0.0,dbscl-sentinel-2-2023\dbscl-sentinel-2_2023-03\S2_2023-03-26_03-35-47\20230326T031519_20230326T033135_T48PWQ_metadata.json,48PWQ
S2B_MSIL2A_20230326T031519_N0509_R118_T48PVQ_20230326T064047,0.145429,3.997099,273.984194,4.983072,0.530552,3.455111,23.6979806363161,83.904779,0.0,dbscl-sentinel-2-2023\dbscl-sentinel-2_2023-03\S2_2023-03-26_03-35-50\20230326T031519_20230326T033135_T48PVQ_metadata.json,48PVQ
S2A_MSIL2A_20230328T030521_N0509_R075_T48PXR_20230328T075257,0.187772,4.080152,272.459517,38.578808,6.122831,1.659022,24.2890906291129,55.053139,0.0,dbscl-sentinel-2-2023\dbscl-sentinel-2_2023-03\S2_2023-03-28_03-25-29\20230328T030521_20230328T031920_T48PXR_metadata.json,48PXR
S2B_MSIL2A_20230329T032519_N0509_R018_T48PUS_20230329T064802,0.208623,3.633393,268.950082,25.442511,12.463794,12.080672000000002,22.2196591093562,56.658012,0.0,dbscl-sentinel-2-2023\dbscl-sentinel-2_2023-03\S2_2023-03-29_03-45-20\20230329T032519_20230329T034149_T48PUS_metadata.json,48PUS
S2B_MSIL2A_20230329T032519_N0509_R018_T48PUR_20230329T064802,0.271364,3.376981,270.6262,11.448727,6.289271,0.13267,21.9077422049049,88.36668700000001,0.0,dbscl-sentinel-2-2023\dbscl-sentinel-2_2023-03\S2_2023-03-29_03-45-34\20230329T032519_20230329T034149_T48PUR_metadata.json,48PUR
S2A_MSIL2A_20230331T031521_N0509_R118_T48PUR_20230331T073607,0.580655,3.882003,274.627507,46.836114,43.180555,0.001181,23.9610955304132,53.142333,0.0,dbscl-sentinel-2-2023\dbscl-sentinel-2_2023-03\S2_2023-03-31_03-35-34\20230331T031521_20230331T033018_T48PUR_metadata.json,48PUR
S2B_MSIL2A_20230402T030529_N0509_R075_T48PXS_20230402T062240,0.239856,4.111187,266.417512,36.991563,1.660014,16.440988,23.6359809543176,21.641126,0.0,dbscl-sentinel-2-2023\dbscl-sentinel-2_2023-04\S2_2023-04-02_03-25-19\20230402T030529_20230402T032142_T48PXS_metadata.json,48PXS
S2B_MSIL2A_20230402T030529_N0509_R075_T48PXR_20230402T062240,0.203284,4.615974,265.773026,46.745795,27.682745,1.9015180000000003,23.4102736459998,46.798831,0.0,dbscl-sentinel-2-2023\dbscl-sentinel-2_2023-04\S2_2023-04-02_03-25-34\20230402T030529_20230402T032142_T48PXR_metadata.json,48PXR
S2A_MSIL2A_20230403T032511_N0509_R018_T48PUS_20230403T081100,0.149072,3.958269,263.156101,15.823078,0.000684,13.913165,21.2983379833257,64.517909,0.0,dbscl-sentinel-2-2023\dbscl-sentinel-2_2023-04\S2_2023-04-03_03-45-16\20230403T032511_20230403T033812_T48PUS_metadata.json,48PUS
S2A_MSIL2A_20230403T032511_N0509_R018_T48PUR_20230403T081100,0.231198,6.093,261.747606,35.701868,0.019206,0.000104,21.058271003897,64.270985,0.0,dbscl-sentinel-2-2023\dbscl-sentinel-2_2023-04\S2_2023-04-03_03-45-30\20230403T032511_20230403T033812_T48PUR_metadata.json,48PUR
S2B_MSIL2A_20230405T031519_N0509_R118_T48PWT_20230405T063414,0.33056,4.527936,261.645693,32.865092,12.365758,14.593694,21.8478057630303,1.38893,0.0,dbscl-sentinel-2-2023\dbscl-sentinel-2_2023-04\S2_2023-04-05_03-35-04\20230405T031519_20230405T033240_T48PWT_metadata.json,48PWT
S2B_MSIL2A_20230405T031519_N0509_R118_T48PVT_20230405T063414,0.424144,4.269886,260.832641,20.131123,13.111679,19.664516,22.7166138188146,0.784134,0.0,dbscl-sentinel-2-2023\dbscl-sentinel-2_2023-04\S2_2023-04-05_03-35-07\20230405T031519_20230405T033240_T48PVT_metadata.json,48PVT
S2B_MSIL2A_20230405T031519_N0509_R118_T48PXS_20230405T063414,0.239917,4.66599,263.717204,45.887178,14.200036,31.132081,20.7408512734782,1.934148,0.0,dbscl-sentinel-2-2023\dbscl-sentinel-2_2023-04\S2_2023-04-05_03-35-14\20230405T031519_20230405T033240_T48PXS_metadata.json,48PXS
S2B_MSIL2A_20230405T031519_N0509_R118_T48PWS_20230405T063414,0.245989,4.727318,262.923115,7.364113,2.405467,44.021317,21.6147541010764,4.174396,0.0,dbscl-sentinel-2-2023\dbscl-sentinel-2_2023-04\S2_2023-04-05_03-35-18\20230405T031519_20230405T033240_T48PWS_metadata.json,48PWS
S2B_MSIL2A_20230405T031519_N0509_R118_T48PVS_20230405T063414,0.351539,4.396949,262.047946,36.944771,9.138662,9.703206,22.4897941246676,24.302159,0.0,dbscl-sentinel-2-2023\dbscl-sentinel-2_2023-04\S2_2023-04-05_03-35-21\20230405T031519_20230405T033240_T48PVS_metadata.json,48PVS
S2B_MSIL2A_20230405T031519_N0509_R118_T48PWR_20230405T063414,0.22795,4.82478,263.83228,21.280235,7.484289,18.295705,21.4155055757607,15.99199,0.0,dbscl-sentinel-2-2023\dbscl-sentinel-2_2023-04\S2_2023-04-05_03-35-33\20230405T031519_20230405T033240_T48PWR_metadata.json,48PWR
S2B_MSIL2A_20230405T031519_N0509_R118_T48PWQ_20230405T063414,0.094475,4.736108,263.302764,47.411665,21.194638,0.808557,21.2507578695855,49.203053,0.0,dbscl-sentinel-2-2023\dbscl-sentinel-2_2023-04\S2_2023-04-05_03-35-47\20230405T031519_20230405T033240_T48PWQ_metadata.json,48PWQ
S2A_MSIL2A_20230407T030521_N0509_R075_T48PXR_20230407T085102,0.149606,3.654017,271.227516,32.296762,28.791176999999998,3.272261,22.7179267109465,55.576342,0.0,dbscl-sentinel-2-2023\dbscl-sentinel-2_2023-04\S2_2023-04-07_03-25-31\20230407T030521_20230407T031932_T48PXR_metadata.json,48PXR
S2B_MSIL2A_20230408T032519_N0509_R018_T48PUS_20230408T064629,0.113281,2.955312,269.113388,13.943328,0.006682,15.06505,20.5111186141863,65.493846,0.0,dbscl-sentinel-2-2023\dbscl-sentinel-2_2023-04\S2_2023-04-08_03-45-19\20230408T032519_20230408T034148_T48PUS_metadata.json,48PUS
S2B_MSIL2A_20230408T032519_N0509_R018_T48PUR_20230408T064629,0.151395,3.027989,270.254931,14.787389,1.214423,0.159629,20.3483383945445,85.02062,0.0,dbscl-sentinel-2-2023\dbscl-sentinel-2_2023-04\S2_2023-04-08_03-45-33\20230408T032519_20230408T034148_T48PUR_metadata.json,48PUR
S2A_MSIL2A_20230410T031521_N0509_R118_T48PVR_20230410T073856,1.074905,2.728404,272.382442,46.684471,17.322139,0.0,21.6955487692431,49.167717,0.0,dbscl-sentinel-2-2023\dbscl-sentinel-2_2023-04\S2_2023-04-10_03-35-33\20230410T031521_20230410T033020_T48PVR_metadata.json,48PVR
S2A_MSIL2A_20230410T031521_N0509_R118_T48PUR_20230410T073856,0.981895,2.489999,271.210198,19.228615,18.521303,0.0,22.5820023957852,80.647039,0.0,dbscl-sentinel-2-2023\dbscl-sentinel-2_2023-04\S2_2023-04-10_03-35-36\20230410T031521_20230410T033020_T48PUR_metadata.json,48PUR
S2A_MSIL2A_20230410T031521_N0509_R118_T48PWQ_20230410T073856,0.919737,3.004044,273.622886,36.63854,7.272607,3e-06,20.7232747054428,61.256623,0.0,dbscl-sentinel-2-2023\dbscl-sentinel-2_2023-04\S2_2023-04-10_03-35-44\20230410T031521_20230410T033020_T48PWQ_metadata.json,48PWQ
S2A_MSIL2A_20230410T031521_N0509_R118_T48PVQ_20230410T073856,0.910987,2.897129,273.348334,32.257107,0.012326,0.0,21.6112467251312,63.688922,0.0,dbscl-sentinel-2-2023\dbscl-sentinel-2_2023-04\S2_2023-04-10_03-35-47\20230410T031521_20230410T033020_T48PVQ_metadata.json,48PVQ
S2A_MSIL2A_20230413T032511_N0509_R018_T48PUS_20230413T081052,0.780847,4.019493,269.029704,13.979888,6.767551,8.477575,19.9289126351587,65.825063,0.0,dbscl-sentinel-2-2023\dbscl-sentinel-2_2023-04\S2_2023-04-13_03-45-16\20230413T032511_20230413T033755_T48PUS_metadata.json,48PUS
S2A_MSIL2A_20230413T032511_N0509_R018_T48PUR_20230413T081052,0.803948,3.793008,271.204328,26.662078,7.815006,0.137393,19.8477690960296,73.16004,0.0,dbscl-sentinel-2-2023\dbscl-sentinel-2_2023-04\S2_2023-04-13_03-45-31\20230413T032511_20230413T033755_T48PUR_metadata.json,48PUR
S2B_MSIL2A_20230415T031519_N0509_R118_T48PWT_20230415T063309,1.188,4.0244,268.931688,42.095199,4.101204,0.010285,20.4951922306156,1.037886,0.0,dbscl-sentinel-2-2023\dbscl-sentinel-2_2023-04\S2_2023-04-15_03-35-01\20230415T031519_20230415T033339_T48PWT_metadata.json,48PWT
S2B_MSIL2A_20230415T031519_N0509_R118_T48PVT_20230415T063309,1.182692,4.146247,270.123178,6.580509,3.762478,1.542852,21.3824774364862,0.828024,0.0,dbscl-sentinel-2-2023\dbscl-sentinel-2_2023-04\S2_2023-04-15_03-35-05\20230415T031519_20230415T033339_T48PVT_metadata.json,48PVT
S2B_MSIL2A_20230415T031519_N0509_R118_T48PWS_20230415T063309,0.323989,4.315134,268.718213,31.80584,2.7e-05,0.243977,20.4152705918523,2.41968,0.0,dbscl-sentinel-2-2023\dbscl-sentinel-2_2023-04\S2_2023-04-15_03-35-16\20230415T031519_20230415T033339_T48PWS_metadata.json,48PWS
S2B_MSIL2A_20230415T031519_N0509_R118_T48PVS_20230415T063309,1.181066,4.018839,269.659825,25.357768,1.3e-05,0.008417,21.3033081166436,34.421462,0.0,dbscl-sentinel-2-2023\dbscl-sentinel-2_2023-04\S2_2023-04-15_03-35-19\20230415T031519_20230415T033339_T48PVS_metadata.json,48PVS
S2B_MSIL2A_20230415T031519_N0509_R118_T48PUS_20230415T063309,0.340081,3.892676,271.335268,26.660252,0.015300999999999999,0.596929,22.1906894524536,50.942695,0.0,dbscl-sentinel-2-2023\dbscl-sentinel-2_2023-04\S2_2023-04-15_03-35-22\20230415T031519_20230415T033339_T48PUS_metadata.json,48PUS
S2B_MSIL2A_20230415T031519_N0509_R118_T48PXR_20230415T063309,0.324,4.16032,267.446443,33.338052,5.1e-05,0.280743,19.4861606777095,39.054278,0.0,dbscl-sentinel-2-2023\dbscl-sentinel-2_2023-04\S2_2023-04-15_03-35-27\20230415T031519_20230415T033339_T48PXR_metadata.json,48PXR
S2B_MSIL2A_20230415T031519_N0509_R118_T48PWR_20230415T063309,0.324,4.204494,267.626121,29.493332,9e-05,2.097093,20.3732652632175,19.270912,0.0,dbscl-sentinel-2-2023\dbscl-sentinel-2_2023-04\S2_2023-04-15_03-35-30\20230415T031519_20230415T033339_T48PWR_metadata.json,48PWR
S2B_MSIL2A_20230415T031519_N0509_R118_T48PVR_20230415T063309,1.085175,2.900621,268.342402,33.33433,0.0,5e-05,21.2605388793625,55.456781,0.0,dbscl-sentinel-2-2023\dbscl-sentinel-2_2023-04\S2_2023-04-15_03-35-34\20230415T031519_20230415T033339_T48PVR_metadata.json,48PVR
S2B_MSIL2A_20230415T031519_N0509_R118_T48PUR_20230415T063309,0.898075,3.120977,269.876472,14.647679,0.000805,0.003739,22.1472171486663,84.853256,0.0,dbscl-sentinel-2-2023\dbscl-sentinel-2_2023-04\S2_2023-04-15_03-35-36\20230415T031519_20230415T033339_T48PUR_metadata.json,48PUR
S2B_MSIL2A_20230415T031519_N0509_R118_T48PWQ_20230415T063309,1.057585,2.967275,266.926806,21.382809,0.000176,0.06785,20.3693603200952,75.304282,0.0,dbscl-sentinel-2-2023\dbscl-sentinel-2_2023-04\S2_2023-04-15_03-35-45\20230415T031519_20230415T033339_T48PWQ_metadata.json,48PWQ
S2B_MSIL2A_20230415T031519_N0509_R118_T48PVQ_20230415T063309,0.878353,3.774285,267.238421,27.421618,0.000418,0.000839,21.2543659759566,69.096702,0.0,dbscl-sentinel-2-2023\dbscl-sentinel-2_2023-04\S2_2023-04-15_03-35-48\20230415T031519_20230415T033339_T48PVQ_metadata.json,48PVQ
S2B_MSIL2A_20230418T032519_N0509_R018_T48PUR_20230418T064907,0.800586,3.590077,264.795699,47.057196,32.272232,0.040901,19.5272444012707,52.74996199999999,0.0,dbscl-sentinel-2-2023\dbscl-sentinel-2_2023-04\S2_2023-04-18_03-45-32\20230418T032519_20230418T034147_T48PUR_metadata.json,48PUR
S2A_MSIL2A_20230420T031521_N0509_R118_T48PXT_20230420T090102,0.323414,4.059901,275.350179,29.312783,0.000728,24.636543,19.2166241637653,0.747862,0.0,dbscl-sentinel-2-2023\dbscl-sentinel-2_2023-04\S2_2023-04-20_03-34-55\20230420T031521_20230420T033004_T48PXT_metadata.json,48PXT
S2A_MSIL2A_20230420T031521_N0509_R118_T48PWT_20230420T090102,0.557922,3.976895,275.896238,17.648529,0.031762,13.862146,20.1036894838607,0.940886,0.0,dbscl-sentinel-2-2023\dbscl-sentinel-2_2023-04\S2_2023-04-20_03-34-59\20230420T031521_20230420T033004_T48PWT_metadata.json,48PWT
S2A_MSIL2A_20230420T031521_N0509_R118_T48PVT_20230420T090102,0.537616,3.832139,276.131329,15.356843,6.790693,19.674723,20.9909401312955,0.866862,0.0,dbscl-sentinel-2-2023\dbscl-sentinel-2_2023-04\S2_2023-04-20_03-35-02\20230420T031521_20230420T033004_T48PVT_metadata.json,48PVT
S2A_MSIL2A_20230420T031521_N0509_R118_T48PXS_20230420T090102,0.323842,4.221282,274.413673,37.82286,0.01071,25.174013,19.2188702667988,1.8441619999999999,0.0,dbscl-sentinel-2-2023\dbscl-sentinel-2_2023-04\S2_2023-04-20_03-35-10\20230420T031521_20230420T033004_T48PXS_metadata.json,48PXS
S2A_MSIL2A_20230420T031521_N0509_R118_T48PWS_20230420T090102,0.517023,4.377415,275.345091,46.999738,0.139097,13.17632,20.1032781364945,2.52755,0.0,dbscl-sentinel-2-2023\dbscl-sentinel-2_2023-04\S2_2023-04-20_03-35-13\20230420T031521_20230420T033004_T48PWS_metadata.json,48PWS
S2A_MSIL2A_20230420T031521_N0509_R118_T48PVS_20230420T090102,0.559519,3.883966,275.584279,26.012427,0.93146,7.402859,20.9880800374438,32.934842,0.0,dbscl-sentinel-2-2023\dbscl-sentinel-2_2023-04\S2_2023-04-20_03-35-17\20230420T031521_20230420T033004_T48PVS_metadata.json,48PVS
S2A_MSIL2A_20230420T031521_N0509_R118_T48PUS_20230420T090102,0.520451,3.553038,274.587974,29.448113,1.012798,11.771043,21.8724856932135,47.986478,0.0,dbscl-sentinel-2-2023\dbscl-sentinel-2_2023-04\S2_2023-04-20_03-35-20\20230420T031521_20230420T033004_T48PUS_metadata.json,48PUS
S2A_MSIL2A_20230420T031521_N0509_R118_T48PXR_20230420T090102,0.448179,4.193987,273.491074,42.435789,1.240235,7.896821999999999,19.2614147347569,29.033425,0.0,dbscl-sentinel-2-2023\dbscl-sentinel-2_2023-04\S2_2023-04-20_03-35-25\20230420T031521_20230420T033004_T48PXR_metadata.json,48PXR
S2A_MSIL2A_20230420T031521_N0509_R118_T48PWR_20230420T090102,0.450513,4.242752,273.858231,43.791443,2.807814,7.710555,20.1414763480912,14.127691,0.0,dbscl-sentinel-2-2023\dbscl-sentinel-2_2023-04\S2_2023-04-20_03-35-28\20230420T031521_20230420T033004_T48PWR_metadata.json,48PWR
S2A_MSIL2A_20230420T031521_N0509_R118_T48PVR_20230420T090102,0.467528,4.194618,273.920833,27.416101,3.737665,2.368847,21.0222890592971,60.595512,0.0,dbscl-sentinel-2-2023\dbscl-sentinel-2_2023-04\S2_2023-04-20_03-35-31\20230420T031521_20230420T033004_T48PVR_metadata.json,48PVR
S2A_MSIL2A_20230420T031521_N0509_R118_T48PUR_20230420T090102,0.465564,3.916019,273.323452,18.666565,13.579072,0.018538,21.903021794717,81.271553,0.0,dbscl-sentinel-2-2023\dbscl-sentinel-2_2023-04\S2_2023-04-20_03-35-34\20230420T031521_20230420T033004_T48PUR_metadata.json,48PUR
S2A_MSIL2A_20230420T031521_N0509_R118_T48PWQ_20230420T090102,0.424871,4.027081,272.771538,14.955398,6.434777,0.668219,20.218243158752,80.532312,0.0,dbscl-sentinel-2-2023\dbscl-sentinel-2_2023-04\S2_2023-04-20_03-35-42\20230420T031521_20230420T033004_T48PWQ_metadata.json,48PWQ
S2A_MSIL2A_20230420T031521_N0509_R118_T48PVQ_20230420T090102,0.444641,4.112886,272.728822,19.160727,6.479803,1.581202,21.0935476302945,74.092168,0.0,dbscl-sentinel-2-2023\dbscl-sentinel-2_2023-04\S2_2023-04-20_03-35-46\20230420T031521_20230420T033004_T48PVQ_metadata.json,48PVQ
S2B_MSIL2A_20230422T030529_N0509_R075_T48PXS_20230422T062629,0.423857,3.982378,276.074397,48.866597,9.144957,8.45731,21.5613262334809,18.688162,0.0,dbscl-sentinel-2-2023\dbscl-sentinel-2_2023-04\S2_2023-04-22_03-25-18\20230422T030529_20230422T032242_T48PXS_metadata.json,48PXS
S2B_MSIL2A_20230422T030529_N0509_R075_T48PXR_20230422T062629,0.374961,3.954111,275.585927,40.216309,32.152566,1.742688,21.6287157616693,49.985895,0.0,dbscl-sentinel-2-2023\dbscl-sentinel-2_2023-04\S2_2023-04-22_03-25-33\20230422T030529_20230422T032242_T48PXR_metadata.json,48PXR
S2A_MSIL2A_20230423T032511_N0509_R018_T48PUS_20230423T085954,0.244268,3.579189,275.472434,29.812637,7.940046000000001,9.902055,19.3322479449725,55.308801,0.0,dbscl-sentinel-2-2023\dbscl-sentinel-2_2023-04\S2_2023-04-23_03-45-16\20230423T032511_20230423T033555_T48PUS_metadata.json,48PUS
S2A_MSIL2A_20230423T032511_N0509_R018_T48PUR_20230423T085954,0.301706,3.724993,275.711939,16.75746,10.635648,0.050984,19.4159335132082,83.104986,0.0,dbscl-sentinel-2-2023\dbscl-sentinel-2_2023-04\S2_2023-04-23_03-45-30\20230423T032511_20230423T033555_T48PUR_metadata.json,48PUR
S2B_MSIL2A_20230425T031519_N0509_R118_T48PXT_20230425T064427,0.263298,3.676761,284.890011,24.377465,23.135227,48.913205,18.9958045505019,1.063062,0.0,dbscl-sentinel-2-2023\dbscl-sentinel-2_2023-04\S2_2023-04-25_03-34-59\20230425T031519_20230425T033022_T48PXT_metadata.json,48PXT
S2B_MSIL2A_20230425T031519_N0509_R118_T48PWT_20230425T064427,0.413808,3.885725,284.265643,21.393742,13.139376,18.786049,19.8758972166547,1.118155,0.0,dbscl-sentinel-2-2023\dbscl-sentinel-2_2023-04\S2_2023-04-25_03-35-02\20230425T031519_20230425T033022_T48PWT_metadata.json,48PWT
S2B_MSIL2A_20230425T031519_N0509_R118_T48PVT_20230425T064427,0.425294,3.907836,284.295506,26.825961,13.14939,18.037608,20.7567445838725,0.669152,0.0,dbscl-sentinel-2-2023\dbscl-sentinel-2_2023-04\S2_2023-04-25_03-35-06\20230425T031519_20230425T033022_T48PVT_metadata.json,48PVT
S2B_MSIL2A_20230425T031519_N0509_R118_T48PXS_20230425T064427,0.47989,3.519501,284.863583,21.116136,8.97039,44.007322,19.0793855555739,1.361127,0.0,dbscl-sentinel-2-2023\dbscl-sentinel-2_2023-04\S2_2023-04-25_03-35-13\20230425T031519_20230425T033022_T48PXS_metadata.json,48PXS
S2B_MSIL2A_20230425T031519_N0509_R118_T48PWS_20230425T064427,0.347879,3.869844,284.73779,36.599731,14.774722,32.386294,19.9533792700914,2.367962,0.0,dbscl-sentinel-2-2023\dbscl-sentinel-2_2023-04\S2_2023-04-25_03-35-17\20230425T031519_20230425T033022_T48PWS_metadata.json,48PWS
S2B_MSIL2A_20230425T031519_N0509_R118_T48PVS_20230425T064427,0.350188,3.797955,285.453437,25.027147,7.747015,9.079369,20.8286222932981,37.211937,0.0,dbscl-sentinel-2-2023\dbscl-sentinel-2_2023-04\S2_2023-04-25_03-35-20\20230425T031519_20230425T033022_T48PVS_metadata.json,48PVS
S2B_MSIL2A_20230425T031519_N0509_R118_T48PUS_20230425T064427,0.344839,3.5971,285.514661,27.822012,9.013323,13.857147,21.7042269582514,50.571358,0.0,dbscl-sentinel-2-2023\dbscl-sentinel-2_2023-04\S2_2023-04-25_03-35-23\20230425T031519_20230425T033022_T48PUS_metadata.json,48PUS
S2B_MSIL2A_20230425T031519_N0509_R118_T48PXR_20230425T064427,0.48583,3.461067,284.687673,38.90163,4.497678,12.750004,19.2031099813284,22.966637,0.0,dbscl-sentinel-2-2023\dbscl-sentinel-2_2023-04\S2_2023-04-25_03-35-28\20230425T031519_20230425T033022_T48PXR_metadata.json,48PXR
S2B_MSIL2A_20230425T031519_N0509_R118_T48PWR_20230425T064427,0.467871,3.707699,285.490184,38.046211,3.422268,14.487328,20.069405409534,10.111025,0.0,dbscl-sentinel-2-2023\dbscl-sentinel-2_2023-04\S2_2023-04-25_03-35-31\20230425T031519_20230425T033022_T48PWR_metadata.json,48PWR
S2B_MSIL2A_20230425T031519_N0509_R118_T48PVR_20230425T064427,0.275506,3.670585,285.814776,30.589759,18.370381,3.445984,20.9375533046124,54.581428,0.0,dbscl-sentinel-2-2023\dbscl-sentinel-2_2023-04\S2_2023-04-25_03-35-35\20230425T031519_20230425T033022_T48PVR_metadata.json,48PVR
S2B_MSIL2A_20230425T031519_N0509_R118_T48PUR_20230425T064427,0.270013,3.458057,284.204893,40.317056,35.767296,0.043517,21.8066023276711,59.598732,0.0,dbscl-sentinel-2-2023\dbscl-sentinel-2_2023-04\S2_2023-04-25_03-35-37\20230425T031519_20230425T033022_T48PUR_metadata.json,48PUR
S2B_MSIL2A_20230425T031519_N0509_R118_T48PWQ_20230425T064427,0.171961,3.502028,284.808607,35.66542,17.017131,1.006078,20.223417772343,57.946163,0.0,dbscl-sentinel-2-2023\dbscl-sentinel-2_2023-04\S2_2023-04-25_03-35-46\20230425T031519_20230425T033022_T48PWQ_metadata.json,48PWQ
S2A_MSIL2A_20230427T030521_N0509_R075_T48PXT_20230427T075701,0.466897,3.610463,284.51154,21.185036,11.093592,45.423555,21.3805685752146,1.144819,0.0,dbscl-sentinel-2-2023\dbscl-sentinel-2_2023-04\S2_2023-04-27_03-25-02\20230427T030521_20230427T031322_T48PXT_metadata.json,48PXT
S2B_MSIL2A_20230428T032519_N0509_R018_T48PUS_20230428T063230,0.514048,3.604122,285.374744,49.117243,20.527460999999995,1.93414,19.3020468402436,44.206366,0.0,dbscl-sentinel-2-2023\dbscl-sentinel-2_2023-04\S2_2023-04-28_03-45-18\20230428T032519_20230428T033814_T48PUS_metadata.json,48PUS
S2B_MSIL2A_20230502T030529_N0509_R075_T48PXT_20230502T062528,0.346985,4.55601,282.907928,11.968119,8.53897,53.002006,21.3738105895132,1.344817,0.0,dbscl-sentinel-2-2023\dbscl-sentinel-2_2023-05\S2_2023-05-02_03-25-04\20230502T030529_20230502T032242_T48PXT_metadata.json,48PXT
S2B_MSIL2A_20230502T030529_N0509_R075_T48PXS_20230502T062528,0.263775,4.526729,284.621449,3.720498,2.556557,33.914849,21.5436469782329,25.657678,0.0,dbscl-sentinel-2-2023\dbscl-sentinel-2_2023-05\S2_2023-05-02_03-25-18\20230502T030529_20230502T032242_T48PXS_metadata.json,48PXS
S2B_MSIL2A_20230502T030529_N0509_R075_T48PXR_20230502T062528,0.219781,4.703051,285.193621,20.519696,7.751855,3.315563,21.7474575188206,66.532993,0.0,dbscl-sentinel-2-2023\dbscl-sentinel-2_2023-05\S2_2023-05-02_03-25-33\20230502T030529_20230502T032242_T48PXR_metadata.json,48PXR
S2B_MSIL2A_20230505T031519_N0509_R118_T48PXT_20230505T061718,0.446196,4.4164,281.800061,47.899574,2.99644,23.174797,19.1013924798077,0.7959909999999999,0.0,dbscl-sentinel-2-2023\dbscl-sentinel-2_2023-05\S2_2023-05-05_03-34-59\20230505T031519_20230505T033023_T48PXT_metadata.json,48PXT
S2B_MSIL2A_20230505T031519_N0509_R118_T48PWT_20230505T061718,0.335982,4.305264,281.014347,27.687907,2.300789,23.084797,19.950930991938,1.287176,0.0,dbscl-sentinel-2-2023\dbscl-sentinel-2_2023-05\S2_2023-05-05_03-35-03\20230505T031519_20230505T033023_T48PWT_metadata.json,48PWT
S2B_MSIL2A_20230505T031519_N0509_R118_T48PVT_20230505T061718,0.373493,3.90569,281.164033,12.792276,7.040629,30.018553,20.8036758527698,0.900303,0.0,dbscl-sentinel-2-2023\dbscl-sentinel-2_2023-05\S2_2023-05-05_03-35-06\20230505T031519_20230505T033023_T48PVT_metadata.json,48PVT
S2B_MSIL2A_20230505T031519_N0509_R118_T48PWS_20230505T061718,0.335821,4.483026,279.488026,40.324262,2.651013,27.819484,20.1694982881656,2.471289,0.0,dbscl-sentinel-2-2023\dbscl-sentinel-2_2023-05\S2_2023-05-05_03-35-18\20230505T031519_20230505T033023_T48PWS_metadata.json,48PWS
S2B_MSIL2A_20230505T031519_N0509_R118_T48PVS_20230505T061718,0.392619,3.866284,278.943545,31.513417,12.790611,13.42333,21.0113216510656,24.777271,0.0,dbscl-sentinel-2-2023\dbscl-sentinel-2_2023-05\S2_2023-05-05_03-35-21\20230505T031519_20230505T033023_T48PVS_metadata.json,48PVS
S2B_MSIL2A_20230505T031519_N0509_R118_T48PUS_20230505T061718,0.374254,3.657778,278.427831,34.727433,12.443507,14.727059999999998,21.8560424429472,44.539279,0.0,dbscl-sentinel-2-2023\dbscl-sentinel-2_2023-05\S2_2023-05-05_03-35-24\20230505T031519_20230505T033023_T48PUS_metadata.json,48PUS
S2B_MSIL2A_20230505T031519_N0509_R118_T48PWR_20230505T061718,0.333736,3.782732,278.291616,44.900125,6.628807,7.507437,20.4238227350212,14.580339,0.0,dbscl-sentinel-2-2023\dbscl-sentinel-2_2023-05\S2_2023-05-05_03-35-32\20230505T031519_20230505T033023_T48PWR_metadata.json,48PWR
S2B_MSIL2A_20230505T031519_N0509_R118_T48PVR_20230505T061718,0.361611,3.673306,278.255165,34.152877,15.354793,2.806457,21.2536349754033,54.069346,0.0,dbscl-sentinel-2-2023\dbscl-sentinel-2_2023-05\S2_2023-05-05_03-35-35\20230505T031519_20230505T033023_T48PVR_metadata.json,48PVR
S2B_MSIL2A_20230505T031519_N0509_R118_T48PUR_20230505T061718,0.386633,3.553997,278.11076,28.753403,17.28306,0.009730999999999998,22.0871790605471,71.222901,0.0,dbscl-sentinel-2-2023\dbscl-sentinel-2_2023-05\S2_2023-05-05_03-35-38\20230505T031519_20230505T033023_T48PUR_metadata.json,48PUR
S2B_MSIL2A_20230505T031519_N0509_R118_T48PWQ_20230505T061718,0.207352,3.686274,278.401367,26.614809,9.021838,0.251924,20.7129674999048,69.840139,0.0,dbscl-sentinel-2-2023\dbscl-sentinel-2_2023-05\S2_2023-05-05_03-35-47\20230505T031519_20230505T033023_T48PWQ_metadata.json,48PWQ
S2B_MSIL2A_20230505T031519_N0509_R118_T48PVQ_20230505T061718,0.260276,3.95442,277.821383,18.292156,7.79157,1.02295,21.5297723770308,77.467895,0.0,dbscl-sentinel-2-2023\dbscl-sentinel-2_2023-05\S2_2023-05-05_03-35-50\20230505T031519_20230505T033023_T48PVQ_metadata.json,48PVQ
S2B_MSIL2A_20230508T032519_N0509_R018_T48PUS_20230508T064646,0.409016,4.021343,273.772036,41.776437,19.943266,3.8006470000000006,19.717060991857,52.783215,0.0,dbscl-sentinel-2-2023\dbscl-sentinel-2_2023-05\S2_2023-05-08_03-45-19\20230508T032519_20230508T033815_T48PUS_metadata.json,48PUS
S2B_MSIL2A_20230508T032519_N0509_R018_T48PUR_20230508T064646,0.311685,4.076,273.805341,41.461292,32.918954,0.121829,20.0113702868214,58.378255,0.0,dbscl-sentinel-2-2023\dbscl-sentinel-2_2023-05\S2_2023-05-08_03-45-33\20230508T032519_20230508T033815_T48PUR_metadata.json,48PUR
S2A_MSIL2A_20230510T031521_N0509_R118_T48PWT_20230510T074207,0.281815,5.070069,272.335683,47.205254,12.765439,23.335493,20.2101658408279,1.2533,0.0,dbscl-sentinel-2-2023\dbscl-sentinel-2_2023-05\S2_2023-05-10_03-35-00\20230510T031521_20230510T033009_T48PWT_metadata.json,48PWT
S2A_MSIL2A_20230510T031521_N0509_R118_T48PVT_20230510T074207,0.293433,5.031555,272.349167,37.841475,5.065766,23.889017,21.0442580668397,0.693526,0.0,dbscl-sentinel-2-2023\dbscl-sentinel-2_2023-05\S2_2023-05-10_03-35-03\20230510T031521_20230510T033009_T48PVT_metadata.json,48PVT
S2A_MSIL2A_20230510T031521_N0509_R118_T48PXS_20230510T074207,0.341982,4.778414,271.067976,46.956617,5.327761,22.93907,19.6723777543614,2.093975,0.0,dbscl-sentinel-2-2023\dbscl-sentinel-2_2023-05\S2_2023-05-10_03-35-11\20230510T031521_20230510T033009_T48PXS_metadata.json,48PXS
S2A_MSIL2A_20230510T031521_N0509_R118_T48PWS_20230510T074207,0.263733,5.121497,272.987133,36.491078,6.158082,37.086782,20.4880251075058,2.819188,0.0,dbscl-sentinel-2-2023\dbscl-sentinel-2_2023-05\S2_2023-05-10_03-35-14\20230510T031521_20230510T033009_T48PWS_metadata.json,48PWS
S2A_MSIL2A_20230510T031521_N0509_R118_T48PVS_20230510T074207,0.262614,4.937305,273.537695,41.701037,17.00861,13.926138,21.3093415796867,25.179052,0.0,dbscl-sentinel-2-2023\dbscl-sentinel-2_2023-05\S2_2023-05-10_03-35-18\20230510T031521_20230510T033009_T48PVS_metadata.json,48PVS
S2A_MSIL2A_20230513T032511_N0509_R018_T48PUR_20230513T075958,0.153619,4.440005,281.665432,31.567544,23.715793,0.055425,20.4586446047099,68.31584,0.0,dbscl-sentinel-2-2023\dbscl-sentinel-2_2023-05\S2_2023-05-13_03-45-31\20230513T032511_20230513T033802_T48PUR_metadata.json,48PUR
S2B_MSIL2A_20230515T031519_N0509_R118_T48PXT_20230515T063231,0.113847,5.092322,272.812856,23.18905,0.000336,47.106338,19.7348600071142,1.136462,0.0,dbscl-sentinel-2-2023\dbscl-sentinel-2_2023-05\S2_2023-05-15_03-35-01\20230515T031519_20230515T033321_T48PXT_metadata.json,48PXT
S2B_MSIL2A_20230515T031519_N0509_R118_T48PWT_20230515T063231,0.17973,5.394138,272.227463,15.00148,0.000103,41.15389,20.5430835886163,1.597855,0.0,dbscl-sentinel-2-2023\dbscl-sentinel-2_2023-05\S2_2023-05-15_03-35-04\20230515T031519_20230515T033321_T48PWT_metadata.json,48PWT
S2B_MSIL2A_20230515T031519_N0509_R118_T48PVT_20230515T063231,0.262848,4.861495,272.503361,11.171653,0.838935,42.184845,21.3575021522059,1.130995,0.0,dbscl-sentinel-2-2023\dbscl-sentinel-2_2023-05\S2_2023-05-15_03-35-08\20230515T031519_20230515T033321_T48PVT_metadata.json,48PVT
S2B_MSIL2A_20230515T031519_N0509_R118_T48PXS_20230515T063231,0.221933,5.177862,272.31592,25.144973,0.000351,40.861627,20.0788882334604,3.9512180000000003,0.0,dbscl-sentinel-2-2023\dbscl-sentinel-2_2023-05\S2_2023-05-15_03-35-15\20230515T031519_20230515T033321_T48PXS_metadata.json,48PXS
S2B_MSIL2A_20230515T031519_N0509_R118_T48PWS_20230515T063231,0.20989,5.508123,271.892541,23.351777,5e-05,47.350168,20.8720274780197,3.094203,0.0,dbscl-sentinel-2-2023\dbscl-sentinel-2_2023-05\S2_2023-05-15_03-35-19\20230515T031519_20230515T033321_T48PWS_metadata.json,48PWS
S2B_MSIL2A_20230515T031519_N0509_R118_T48PVS_20230515T063231,0.270058,5.174799,272.337624,24.904881,0.812333,16.887768,21.6723321405973,35.303509,0.0,dbscl-sentinel-2-2023\dbscl-sentinel-2_2023-05\S2_2023-05-15_03-35-22\20230515T031519_20230515T033321_T48PVS_metadata.json,48PVS
S2B_MSIL2A_20230515T031519_N0509_R118_T48PUS_20230515T063231,0.274265,4.742942,274.371982,27.053058,0.720525,17.913108,22.4783562858681,48.110619,0.0,dbscl-sentinel-2-2023\dbscl-sentinel-2_2023-05\S2_2023-05-15_03-35-25\20230515T031519_20230515T033321_T48PUS_metadata.json,48PUS
S2B_MSIL2A_20230515T031519_N0509_R118_T48PXR_20230515T063231,0.221837,5.170979,272.981982,31.377232,0.660241,15.769514,20.4551130249327,28.245527,0.0,dbscl-sentinel-2-2023\dbscl-sentinel-2_2023-05\S2_2023-05-15_03-35-30\20230515T031519_20230515T033321_T48PXR_metadata.json,48PXR
S2B_MSIL2A_20230515T031519_N0509_R118_T48PWR_20230515T063231,0.197899,5.438289,272.880833,21.273284,0.00499,23.174821,21.2325421596478,17.149259,0.0,dbscl-sentinel-2-2023\dbscl-sentinel-2_2023-05\S2_2023-05-15_03-35-33\20230515T031519_20230515T033321_T48PWR_metadata.json,48PWR
S2B_MSIL2A_20230515T031519_N0509_R118_T48PVR_20230515T063231,0.241534,5.217697,273.439477,17.334001,0.167946,2.64092,22.0180780038469,68.771106,0.0,dbscl-sentinel-2-2023\dbscl-sentinel-2_2023-05\S2_2023-05-15_03-35-37\20230515T031519_20230515T033321_T48PVR_metadata.json,48PVR
S2B_MSIL2A_20230515T031519_N0509_R118_T48PUR_20230515T063231,0.240702,4.804151,274.710628,6.787361,0.071991,0.039971,22.8102146531787,93.163276,0.0,dbscl-sentinel-2-2023\dbscl-sentinel-2_2023-05\S2_2023-05-15_03-35-39\20230515T031519_20230515T033321_T48PUR_metadata.json,48PUR
S2B_MSIL2A_20230515T031519_N0509_R118_T48PWQ_20230515T063231,0.207233,5.614182,273.509805,12.642308,0.02352,1.090726,21.6234371820721,81.948459,0.0,dbscl-sentinel-2-2023\dbscl-sentinel-2_2023-05\S2_2023-05-15_03-35-48\20230515T031519_20230515T033321_T48PWQ_metadata.json,48PWQ
S2B_MSIL2A_20230515T031519_N0509_R118_T48PVQ_20230515T063231,0.217835,5.424958,274.243857,9.724493,0.048099,2.172823,22.3936928297036,82.145697,0.0,dbscl-sentinel-2-2023\dbscl-sentinel-2_2023-05\S2_2023-05-15_03-35-51\20230515T031519_20230515T033321_T48PVQ_metadata.json,48PVQ
S2A_MSIL2A_20230517T030521_N0509_R075_T48PXS_20230517T080949,0.376546,4.909276,274.950884,46.288881,5.608753,10.912569,22.4557942002907,21.230227,0.0,dbscl-sentinel-2-2023\dbscl-sentinel-2_2023-05\S2_2023-05-17_03-25-17\20230517T030521_20230517T031323_T48PXS_metadata.json,48PXS
S2A_MSIL2A_20230517T030521_N0509_R075_T48PXR_20230517T080949,0.252447,4.84681,276.814491,27.746633,13.514829,1.728715,22.8131870468855,63.41669000000001,0.0,dbscl-sentinel-2-2023\dbscl-sentinel-2_2023-05\S2_2023-05-17_03-25-32\20230517T030521_20230517T031323_T48PXR_metadata.json,48PXR
S2B_MSIL2A_20230522T030529_N0509_R075_T48PXT_20230522T062718,0.281855,4.852062,284.916335,35.946625,7.236714999999999,38.025993,22.5227020186729,0.938305,0.0,dbscl-sentinel-2-2023\dbscl-sentinel-2_2023-05\S2_2023-05-22_03-25-07\20230522T030529_20230522T032137_T48PXT_metadata.json,48PXT
S2B_MSIL2A_20230522T030529_N0509_R075_T48PXS_20230522T062718,0.353863,4.895793,280.132415,25.620985,4.004984,25.033793,22.8887376369595,21.499489,0.0,dbscl-sentinel-2-2023\dbscl-sentinel-2_2023-05\S2_2023-05-22_03-25-21\20230522T030529_20230522T032137_T48PXS_metadata.json,48PXS
S2B_MSIL2A_20230522T030529_N0509_R075_T48PXR_20230522T062718,0.295488,4.719309,275.445807,49.46093,10.87177,1.441359,23.2819611687577,43.724477,0.0,dbscl-sentinel-2-2023\dbscl-sentinel-2_2023-05\S2_2023-05-22_03-25-36\20230522T030529_20230522T032137_T48PXR_metadata.json,48PXR
S2A_MSIL2A_20230530T031521_N0509_R118_T48PVT_20230530T073556,0.310702,4.413449,279.405962,45.522606,10.759681,24.774428,22.6556034771943,0.578045,0.0,dbscl-sentinel-2-2023\dbscl-sentinel-2_2023-05\S2_2023-05-30_03-35-07\20230530T031521_20230530T033014_T48PVT_metadata.json,48PVT
S2A_MSIL2A_20230530T031521_N0509_R118_T48PXS_20230530T073556,0.293889,5.276564,277.936211,48.275056,5.384724,27.734381,21.5841999125335,1.809303,0.0,dbscl-sentinel-2-2023\dbscl-sentinel-2_2023-05\S2_2023-05-30_03-35-15\20230530T031521_20230530T033014_T48PXS_metadata.json,48PXS
S2A_MSIL2A_20230530T031521_N0509_R118_T48PXR_20230530T073556,0.305956,5.273281,273.87389,45.361876,20.828106,19.65391,22.0576233724624,10.408451,0.0,dbscl-sentinel-2-2023\dbscl-sentinel-2_2023-05\S2_2023-05-30_03-35-30\20230530T031521_20230530T033014_T48PXR_metadata.json,48PXR
S2B_MSIL2A_20230604T031529_N0509_R118_T48PXT_20230604T062745,0.167637,5.524838,277.609003,37.877408,0.269952,38.08181,21.5999351157662,0.852031,0.0,dbscl-sentinel-2-2023\dbscl-sentinel-2_2023-06\S2_2023-06-04_03-35-01\20230604T031529_20230604T033401_T48PXT_metadata.json,48PXT
S2B_MSIL2A_20230604T031529_N0509_R118_T48PWT_20230604T062745,0.18596,5.526296,277.367403,8.48752,0.115623,51.700205,22.342880911565,1.715923,0.0,dbscl-sentinel-2-2023\dbscl-sentinel-2_2023-06\S2_2023-06-04_03-35-05\20230604T031529_20230604T033401_T48PWT_metadata.json,48PWT
S2B_MSIL2A_20230604T031529_N0509_R118_T48PVT_20230604T062745,0.215047,5.192991,275.390625,21.602319,1.022142,35.449821,23.0956920447655,0.94753,0.0,dbscl-sentinel-2-2023\dbscl-sentinel-2_2023-06\S2_2023-06-04_03-35-08\20230604T031529_20230604T033401_T48PVT_metadata.json,48PVT
S2B_MSIL2A_20230604T031529_N0509_R118_T48PXS_20230604T062745,0.251827,5.786902,276.704286,39.060956,0.983362,33.26011,22.0661843250971,2.544815,0.0,dbscl-sentinel-2-2023\dbscl-sentinel-2_2023-06\S2_2023-06-04_03-35-16\20230604T031529_20230604T033401_T48PXS_metadata.json,48PXS
S2B_MSIL2A_20230604T031529_N0509_R118_T48PWS_20230604T062745,0.227775,5.859099,276.334009,33.855814,0.848196,42.445093,22.7926593765332,2.190348,0.0,dbscl-sentinel-2-2023\dbscl-sentinel-2_2023-06\S2_2023-06-04_03-35-19\20230604T031529_20230604T033401_T48PWS_metadata.json,48PWS
S2B_MSIL2A_20230604T031529_N0509_R118_T48PVS_20230604T062745,0.197772,5.605668,274.953535,31.325182,5.761733,19.753017,23.5297707760186,27.328789,0.0,dbscl-sentinel-2-2023\dbscl-sentinel-2_2023-06\S2_2023-06-04_03-35-22\20230604T031529_20230604T033401_T48PVS_metadata.json,48PVS
S2B_MSIL2A_20230604T031529_N0509_R118_T48PUR_20230604T062745,0.121256,2.835997,272.72342,37.220347,25.735492,0.005759,24.7193815089062,62.764561,0.0,dbscl-sentinel-2-2023\dbscl-sentinel-2_2023-06\S2_2023-06-04_03-35-40\20230604T031529_20230604T033401_T48PUR_metadata.json,48PUR
S2B_MSIL2A_20230611T030529_N0509_R075_T48PXS_20230611T062748,0.23983,5.021584,280.370628,12.571666,3.287985,36.875391,24.6597522552398,26.329446,0.0,dbscl-sentinel-2-2023\dbscl-sentinel-2_2023-06\S2_2023-06-11_03-25-21\20230611T030529_20230611T032137_T48PXS_metadata.json,48PXS
S2B_MSIL2A_20230611T030529_N0509_R075_T48PXR_20230611T062748,0.208758,4.72668,279.372424,37.953049,19.485086,6.325948,25.1270821004159,47.001812,0.0,dbscl-sentinel-2-2023\dbscl-sentinel-2_2023-06\S2_2023-06-11_03-25-36\20230611T030529_20230611T032137_T48PXR_metadata.json,48PXR
S2B_MSIL2A_20230614T031529_N0509_R118_T48PWT_20230614T062903,0.269905,5.034116,279.735829,41.674882,13.232006,34.297475,23.1231101008101,0.888467,0.0,dbscl-sentinel-2-2023\dbscl-sentinel-2_2023-06\S2_2023-06-14_03-35-06\20230614T031529_20230614T033401_T48PWT_metadata.json,48PWT
S2B_MSIL2A_20230614T031529_N0509_R118_T48PVT_20230614T062903,0.148477,4.417958,278.584412,34.086406,4.832763,27.49877,23.8638488257925,0.660203,0.0,dbscl-sentinel-2-2023\dbscl-sentinel-2_2023-06\S2_2023-06-14_03-35-09\20230614T031529_20230614T033401_T48PVT_metadata.json,48PVT
S2B_MSIL2A_20230614T031529_N0509_R118_T48PVQ_20230614T062903,0.256055,4.885635,275.811052,39.116561,14.336611,1.809742,25.2918819383584,53.735965,0.0,dbscl-sentinel-2-2023\dbscl-sentinel-2_2023-06\S2_2023-06-14_03-35-52\20230614T031529_20230614T033401_T48PVQ_metadata.json,48PVQ
S2A_MSIL2A_20230619T031521_N0509_R118_T48PXT_20230619T082203,0.125714,4.501461,276.169785,9.425704,3.199655,69.142938,22.6963460660872,1.245756,0.0,dbscl-sentinel-2-2023\dbscl-sentinel-2_2023-06\S2_2023-06-19_03-35-01\20230619T031521_20230619T033300_T48PXT_metadata.json,48PXT
S2A_MSIL2A_20230619T031521_N0509_R118_T48PWT_20230619T082203,0.239841,4.852848,277.599494,24.575163,16.062184,47.351921,23.4261449224173,1.706381,0.0,dbscl-sentinel-2-2023\dbscl-sentinel-2_2023-06\S2_2023-06-19_03-35-05\20230619T031521_20230619T033300_T48PWT_metadata.json,48PWT
S2A_MSIL2A_20230619T031521_N0509_R118_T48PVT_20230619T082203,0.340599,4.067751,278.797591,38.022512,25.055766,29.829979000000005,24.166090428392,0.919538,0.0,dbscl-sentinel-2-2023\dbscl-sentinel-2_2023-06\S2_2023-06-19_03-35-08\20230619T031521_20230619T033300_T48PVT_metadata.json,48PVT
S2A_MSIL2A_20230619T031521_N0509_R118_T48PXS_20230619T082203,0.222167,4.511763,276.703916,42.238846,7.846917,40.135887,23.1820425666301,1.612443,0.0,dbscl-sentinel-2-2023\dbscl-sentinel-2_2023-06\S2_2023-06-19_03-35-15\20230619T031521_20230619T033300_T48PXS_metadata.json,48PXS
S2A_MSIL2A_20230619T031521_N0509_R118_T48PWS_20230619T082203,0.233737,4.690875,278.243861,11.261535,1.893995,61.669022,23.8959210398895,3.277056,0.0,dbscl-sentinel-2-2023\dbscl-sentinel-2_2023-06\S2_2023-06-19_03-35-19\20230619T031521_20230619T033300_T48PWS_metadata.json,48PWS
S2A_MSIL2A_20230619T031521_N0509_R118_T48PVS_20230619T082203,0.23361,4.320291,278.870579,44.865087,8.214744,21.294631,24.6206099306491,14.895332,0.0,dbscl-sentinel-2-2023\dbscl-sentinel-2_2023-06\S2_2023-06-19_03-35-22\20230619T031521_20230619T033300_T48PVS_metadata.json,48PVS
S2A_MSIL2A_20230619T031521_N0509_R118_T48PWR_20230619T082203,0.263866,4.744301,276.251346,41.297042,4.281396,21.439998,24.3882829037721,7.571995,0.0,dbscl-sentinel-2-2023\dbscl-sentinel-2_2023-06\S2_2023-06-19_03-35-34\20230619T031521_20230619T033300_T48PWR_metadata.json,48PWR
S2A_MSIL2A_20230622T032521_N0509_R018_T48PUS_20230622T075555,0.101375,4.76926,274.537955,26.284134,5.166085,14.471722,23.4972013289971,54.567212,0.0,dbscl-sentinel-2-2023\dbscl-sentinel-2_2023-06\S2_2023-06-22_03-45-20\20230622T032521_20230622T033803_T48PUS_metadata.json,48PUS
S2A_MSIL2A_20230622T032521_N0509_R018_T48PUR_20230622T075555,0.179732,4.879007,274.2187,19.885878,12.037846,0.037383,23.9941704037775,79.98991,0.0,dbscl-sentinel-2-2023\dbscl-sentinel-2_2023-06\S2_2023-06-22_03-45-34\20230622T032521_20230622T033803_T48PUR_metadata.json,48PUR
S2B_MSIL2A_20230624T031529_N0509_R118_T48PVS_20230624T062820,0.198881,4.217875,280.313869,43.942472,9.820183,11.754248,24.8410208153637,28.188857,0.0,dbscl-sentinel-2-2023\dbscl-sentinel-2_2023-06\S2_2023-06-24_03-35-22\20230624T031529_20230624T033401_T48PVS_metadata.json,48PVS
S2B_MSIL2A_20230624T031529_N0509_R118_T48PUS_20230624T062820,0.266388,4.392422,279.690078,35.184601,20.955029,16.184349,25.5773440135192,44.916174,0.0,dbscl-sentinel-2-2023\dbscl-sentinel-2_2023-06\S2_2023-06-24_03-35-26\20230624T031529_20230624T033401_T48PUS_metadata.json,48PUS
S2B_MSIL2A_20230624T031529_N0509_R118_T48PVR_20230624T062820,0.246535,4.836445,279.584955,29.780027,8.942893,3.115322,25.3141909530807,60.058832,0.0,dbscl-sentinel-2-2023\dbscl-sentinel-2_2023-06\S2_2023-06-24_03-35-37\20230624T031529_20230624T033401_T48PVR_metadata.json,48PVR
S2B_MSIL2A_20230624T031529_N0509_R118_T48PUR_20230624T062820,0.267954,5.251044,279.049103,27.737162,19.647096,0.043036,26.0360398763127,72.210699,0.0,dbscl-sentinel-2-2023\dbscl-sentinel-2_2023-06\S2_2023-06-24_03-35-40\20230624T031529_20230624T033401_T48PUR_metadata.json,48PUR
S2B_MSIL2A_20230624T031529_N0509_R118_T48PVQ_20230624T062820,0.273292,4.698161,278.811031,34.801117,16.325761,1.487616,25.8091605259688,59.277886,0.0,dbscl-sentinel-2-2023\dbscl-sentinel-2_2023-06\S2_2023-06-24_03-35-51\20230624T031529_20230624T033401_T48PVQ_metadata.json,48PVQ
S2A_MSIL2A_20230629T031521_N0509_R118_T48PVT_20230629T090254,0.135125,5.561123,274.328454,34.282967,1.614287,32.017589,24.5317066064574,0.914953,0.0,dbscl-sentinel-2-2023\dbscl-sentinel-2_2023-06\S2_2023-06-29_03-35-08\20230629T031521_20230629T032453_T48PVT_metadata.json,48PVT
S2A_MSIL2A_20230629T031521_N0509_R118_T48PXS_20230629T090254,0.239998,5.705169,273.808785,46.441367,0.209766,27.35045,23.5179526701362,2.21909,0.0,dbscl-sentinel-2-2023\dbscl-sentinel-2_2023-06\S2_2023-06-29_03-35-15\20230629T031521_20230629T032453_T48PXS_metadata.json,48PXS
S2A_MSIL2A_20230629T031521_N0509_R118_T48PXR_20230629T090254,0.251636,5.60477,273.215063,33.411145,0.002435,35.577837,24.0129229051068,5.627505,0.0,dbscl-sentinel-2-2023\dbscl-sentinel-2_2023-06\S2_2023-06-29_03-35-23\20230629T031521_20230629T032453_T48PXR_metadata.json,48PXR
S2A_MSIL2A_20230629T031521_N0509_R118_T48PXS_20230629T080458,0.245922,5.613772,273.756801,38.519636,0.000941,32.047606,23.5179526701364,3.85697,0.0,dbscl-sentinel-2-2023\dbscl-sentinel-2_2023-06\S2_2023-06-29_03-35-23\20230629T031521_20230629T033517_T48PXS_metadata.json,48PXS
S2A_MSIL2A_20230629T031521_N0509_R118_T48PWS_20230629T080458,0.191888,5.928465,273.67785,47.423202,0.005611,25.932443,24.2407719141901,3.377384,0.0,dbscl-sentinel-2-2023\dbscl-sentinel-2_2023-06\S2_2023-06-29_03-35-24\20230629T031521_20230629T033517_T48PWS_metadata.json,48PWS
S2A_MSIL2A_20230629T031521_N0509_R118_T48PUS_20230629T080458,0.088802,5.546736,273.420389,44.619614,4.979871,6.076371,25.7153759812104,47.586337,0.0,dbscl-sentinel-2-2023\dbscl-sentinel-2_2023-06\S2_2023-06-29_03-35-28\20230629T031521_20230629T033517_T48PUS_metadata.json,48PUS
S2A_MSIL2A_20230629T031521_N0509_R118_T48PXR_20230629T080458,0.143444,5.675084,273.185302,34.63859,0.853728,12.169043,24.012922905107,37.503484,0.0,dbscl-sentinel-2-2023\dbscl-sentinel-2_2023-06\S2_2023-06-29_03-35-30\20230629T031521_20230629T033517_T48PXR_metadata.json,48PXR
S2A_MSIL2A_20230629T031521_N0509_R118_T48PWR_20230629T080458,0.115966,5.742895,273.721599,37.128764,1.348635,20.08495,24.72027392127,14.828707,0.0,dbscl-sentinel-2-2023\dbscl-sentinel-2_2023-06\S2_2023-06-29_03-35-34\20230629T031521_20230629T033517_T48PWR_metadata.json,48PWR
S2A_MSIL2A_20230629T031521_N0509_R118_T48PVR_20230629T080458,0.098784,5.676625,273.21136,26.126391,10.839333,4.594245,25.4383865395872,59.882164,0.0,dbscl-sentinel-2-2023\dbscl-sentinel-2_2023-06\S2_2023-06-29_03-35-37\20230629T031521_20230629T033517_T48PVR_metadata.json,48PVR
S2A_MSIL2A_20230629T031521_N0509_R118_T48PUR_20230629T080458,0.098032,5.655007,273.47772,22.079472,16.773017,0.003032,26.1657582558597,77.898908,0.0,dbscl-sentinel-2-2023\dbscl-sentinel-2_2023-06\S2_2023-06-29_03-35-40\20230629T031521_20230629T033517_T48PUR_metadata.json,48PUR
S2A_MSIL2A_20230629T031521_N0509_R118_T48PWQ_20230629T080458,0.143248,5.65345,273.67569,14.877462,7.200583,1.865545,25.2217734728163,79.377717,0.0,dbscl-sentinel-2-2023\dbscl-sentinel-2_2023-06\S2_2023-06-29_03-35-48\20230629T031521_20230629T033517_T48PWQ_metadata.json,48PWQ
S2A_MSIL2A_20230629T031521_N0509_R118_T48PVQ_20230629T080458,0.134443,5.435221,273.590173,22.163248,9.725817,2.527769,25.9250405334606,70.218253,0.0,dbscl-sentinel-2-2023\dbscl-sentinel-2_2023-06\S2_2023-06-29_03-35-51\20230629T031521_20230629T033517_T48PVQ_metadata.json,48PVQ
S2B_MSIL2A_20230704T031529_N0509_R118_T48PVS_20230704T063012,0.329569,4.598377,277.451973,34.099951,20.491827,21.644825,25.0108522140562,29.459366,0.0,dbscl-sentinel-2-2023\dbscl-sentinel-2_2023-07\S2_2023-07-04_03-35-23\20230704T031529_20230704T033402_T48PVS_metadata.json,48PVS
S2B_MSIL2A_20230704T031529_N0509_R118_T48PUS_20230704T063012,0.196512,4.654438,277.764639,36.009809,15.821622000000001,12.751526,25.7603508197517,47.030917,0.0,dbscl-sentinel-2-2023\dbscl-sentinel-2_2023-07\S2_2023-07-04_03-35-27\20230704T031529_20230704T033402_T48PUS_metadata.json,48PUS
S2A_MSIL2A_20230706T030531_N0509_R075_T48PXS_20230706T074805,0.354018,4.700991,267.888096,38.295189,25.121385,26.846078,25.572202870831,20.104387,0.0,dbscl-sentinel-2-2023\dbscl-sentinel-2_2023-07\S2_2023-07-06_03-25-21\20230706T030531_20230706T031855_T48PXS_metadata.json,48PXS
S2A_MSIL2A_20230709T031521_N0509_R118_T48PXT_20230709T075359,0.203771,5.218287,276.162556,49.929225,10.044666,29.389989,23.0271066302877,0.3082289999999999,0.0,dbscl-sentinel-2-2023\dbscl-sentinel-2_2023-07\S2_2023-07-09_03-35-02\20230709T031521_20230709T032914_T48PXT_metadata.json,48PXT
S2A_MSIL2A_20230712T032521_N0509_R018_T48PUS_20230712T075600,0.131161,3.844445,271.782154,48.273471,34.95461,12.153413,23.5622581607221,36.79328,0.0,dbscl-sentinel-2-2023\dbscl-sentinel-2_2023-07\S2_2023-07-12_03-45-22\20230712T032521_20230712T033807_T48PUS_metadata.json,48PUS
S2A_MSIL2A_20230712T032521_N0509_R018_T48PUR_20230712T075600,0.195608,4.215002,269.415186,47.547629,27.99173,0.017771,24.0035518622338,52.413368000000006,0.0,dbscl-sentinel-2-2023\dbscl-sentinel-2_2023-07\S2_2023-07-12_03-45-36\20230712T032521_20230712T033807_T48PUR_metadata.json,48PUR
S2B_MSIL2A_20230714T031529_N0509_R118_T48PWT_20230714T065219,0.365825,5.370389,271.245944,38.046381,22.109953,37.583181,23.6615296160572,1.312935,0.0,dbscl-sentinel-2-2023\dbscl-sentinel-2_2023-07\S2_2023-07-14_03-35-05\20230714T031529_20230714T032533_T48PWT_metadata.json,48PWT
S2B_MSIL2A_20230714T031529_N0509_R118_T48PVT_20230714T065219,0.328746,5.022135,270.565806,25.757578,16.270189,46.373516,24.4405906876984,1.023802,0.0,dbscl-sentinel-2-2023\dbscl-sentinel-2_2023-07\S2_2023-07-14_03-35-08\20230714T031529_20230714T032533_T48PVT_metadata.json,48PVT
S2A_MSIL2A_20230805T030531_N0509_R075_T48PXS_20230805T081703,0.28232,5.193871,268.00979,38.697067,0.000258,21.58864,24.0201935751089,19.911121,0.0,dbscl-sentinel-2-2023\dbscl-sentinel-2_2023-08\S2_2023-08-05_03-25-21\20230805T030531_20230805T031320_T48PXS_metadata.json,48PXS
S2A_MSIL2A_20230805T030531_N0509_R075_T48PXR_20230805T081703,0.263641,5.509098,267.237809,16.457997,0.0,4.32857,24.272885923601,73.937678,0.0,dbscl-sentinel-2-2023\dbscl-sentinel-2_2023-08\S2_2023-08-05_03-25-36\20230805T030531_20230805T031320_T48PXR_metadata.json,48PXR
S2B_MSIL2A_20230806T032519_N0509_R018_T48PUS_20230806T064524,0.149107,4.272568,267.132521,20.317645,7.491794,12.421969,21.822902675633,63.444775,0.0,dbscl-sentinel-2-2023\dbscl-sentinel-2_2023-08\S2_2023-08-06_03-45-21\20230806T032519_20230806T034144_T48PUS_metadata.json,48PUS
S2A_MSIL2A_20230808T031541_N0509_R118_T48PWT_20230808T073452,0.353939,4.024813,266.430808,37.881196,26.247537,33.786461,22.075301454713,0.85442,0.0,dbscl-sentinel-2-2023\dbscl-sentinel-2_2023-08\S2_2023-08-08_03-35-05\20230808T031541_20230808T033034_T48PWT_metadata.json,48PWT
S2A_MSIL2A_20230808T031541_N0509_R118_T48PVT_20230808T073452,0.358492,4.285565,266.417186,40.597552,15.24552,37.194425,22.9319048122876,0.985871,0.0,dbscl-sentinel-2-2023\dbscl-sentinel-2_2023-08\S2_2023-08-08_03-35-08\20230808T031541_20230808T033034_T48PVT_metadata.json,48PVT
S2A_MSIL2A_20230808T031541_N0509_R118_T48PXS_20230808T073452,0.239815,4.809981,266.906441,35.63149,4.993075,44.857934,21.4330831948657,1.038057,0.0,dbscl-sentinel-2-2023\dbscl-sentinel-2_2023-08\S2_2023-08-08_03-35-16\20230808T031541_20230808T033034_T48PXS_metadata.json,48PXS
S2A_MSIL2A_20230808T031541_N0509_R118_T48PWS_20230808T073452,0.239976,4.878336,266.754999,42.943433,16.453785,34.654462,22.27717341109,0.856676,0.0,dbscl-sentinel-2-2023\dbscl-sentinel-2_2023-08\S2_2023-08-08_03-35-19\20230808T031541_20230808T033034_T48PWS_metadata.json,48PWS
S2A_MSIL2A_20230808T031541_N0509_R118_T48PVS_20230808T073452,0.365518,4.275184,266.77735,36.439452,21.252444,23.563993,23.124506456015,28.227213,0.0,dbscl-sentinel-2-2023\dbscl-sentinel-2_2023-08\S2_2023-08-08_03-35-23\20230808T031541_20230808T033034_T48PVS_metadata.json,48PVS
S2A_MSIL2A_20230808T031541_N0509_R118_T48PXR_20230808T073452,0.145945,5.076132,267.396772,41.109213,0.03996,18.298514,21.6782191047946,27.794895,0.0,dbscl-sentinel-2-2023\dbscl-sentinel-2_2023-08\S2_2023-08-08_03-35-31\20230808T031541_20230808T033034_T48PXR_metadata.json,48PXR
S2A_MSIL2A_20230808T031541_N0509_R118_T48PWR_20230808T073452,0.270002,4.952575,267.170468,36.500645,6.189604,22.522669,22.5113929688707,13.761102,0.0,dbscl-sentinel-2-2023\dbscl-sentinel-2_2023-08\S2_2023-08-08_03-35-34\20230808T031541_20230808T033034_T48PWR_metadata.json,48PWR
S2A_MSIL2A_20230808T031541_N0509_R118_T48PWQ_20230808T073452,0.191267,5.23239,266.44633,18.448313,1.16487,1.831095,22.7773526021261,75.660121,0.0,dbscl-sentinel-2-2023\dbscl-sentinel-2_2023-08\S2_2023-08-08_03-35-48\20230808T031541_20230808T033034_T48PWQ_metadata.json,48PWQ
S2A_MSIL2A_20230808T031541_N0509_R118_T48PVQ_20230808T073452,0.190083,5.344975,265.821752,22.277501,10.313562,4.749925,23.6034379609221,67.090857,0.0,dbscl-sentinel-2-2023\dbscl-sentinel-2_2023-08\S2_2023-08-08_03-35-52\20230808T031541_20230808T033034_T48PVQ_metadata.json,48PVQ
S2B_MSIL2A_20230810T030529_N0509_R075_T48PXR_20230810T074755,0.124624,5.164402,271.202222,13.313709,0.0,4.073549,23.7943904119214,76.818347,0.0,dbscl-sentinel-2-2023\dbscl-sentinel-2_2023-08\S2_2023-08-10_03-25-36\20230810T030529_20230810T032033_T48PXR_metadata.json,48PXR
S2A_MSIL2A_20230811T032521_N0509_R018_T48PUR_20230811T092257,0.127917,5.096653,272.745593,35.723299,35.568044,2.425036,21.5583138065239,61.728919,0.0,dbscl-sentinel-2-2023\dbscl-sentinel-2_2023-08\S2_2023-08-11_03-45-26\20230811T032521_20230811T033626_T48PUR_metadata.json,48PUR
S2B_MSIL2A_20230813T031529_N0509_R118_T48PXT_20230813T073600,0.176903,5.570492,272.337662,48.877463,0.240216,26.441785999999997,20.8073145881532,0.16464,0.0,dbscl-sentinel-2-2023\dbscl-sentinel-2_2023-08\S2_2023-08-13_03-35-02\20230813T031529_20230813T033312_T48PXT_metadata.json,48PXT
S2B_MSIL2A_20230813T031529_N0509_R118_T48PWT_20230813T073600,0.239897,5.688817,271.170067,22.572064,2.7e-05,40.958703,21.6758407526294,2.803813,0.0,dbscl-sentinel-2-2023\dbscl-sentinel-2_2023-08\S2_2023-08-13_03-35-06\20230813T031529_20230813T033312_T48PWT_metadata.json,48PWT
S2B_MSIL2A_20230813T031529_N0509_R118_T48PVT_20230813T073600,0.292974,5.492618,270.927102,14.290665,1.129176,53.099352,22.5459259405947,3.704946,0.0,dbscl-sentinel-2-2023\dbscl-sentinel-2_2023-08\S2_2023-08-13_03-35-09\20230813T031529_20230813T033312_T48PVT_metadata.json,48PVT
S2B_MSIL2A_20230813T031529_N0509_R118_T48PWS_20230813T073600,0.269869,5.737597,271.440974,44.120687,2.594816,25.647438,21.8189811442257,1.495526,0.0,dbscl-sentinel-2-2023\dbscl-sentinel-2_2023-08\S2_2023-08-13_03-35-21\20230813T031529_20230813T033312_T48PWS_metadata.json,48PWS
S2B_MSIL2A_20230813T031529_N0509_R118_T48PVS_20230813T073600,0.275584,5.640015,270.91342,22.168112,4.685641,29.678842,22.6816206188466,33.995607,0.0,dbscl-sentinel-2-2023\dbscl-sentinel-2_2023-08\S2_2023-08-13_03-35-24\20230813T031529_20230813T033312_T48PVS_metadata.json,48PVS
S2B_MSIL2A_20230813T031529_N0509_R118_T48PUS_20230813T073600,0.180152,5.151463,270.29325,25.827748,3.103759,14.031364,23.54543067171,55.710417,0.0,dbscl-sentinel-2-2023\dbscl-sentinel-2_2023-08\S2_2023-08-13_03-35-27\20230813T031529_20230813T033312_T48PUS_metadata.json,48PUS
S2A_MSIL2A_20230818T031531_N0509_R118_T48PVT_20230818T081358,0.358523,5.196947,271.615526,24.92512,15.337427,50.475472,22.1875735058889,2.586082,0.0,dbscl-sentinel-2-2023\dbscl-sentinel-2_2023-08\S2_2023-08-18_03-35-10\20230818T031531_20230818T033421_T48PVT_metadata.json,48PVT
S2A_MSIL2A_20230818T031531_N0509_R118_T48PWS_20230818T081358,0.26987,5.499636,273.0205,28.436974,4.179236,37.460631,21.3846565931306,2.408111,0.0,dbscl-sentinel-2-2023\dbscl-sentinel-2_2023-08\S2_2023-08-18_03-35-21\20230818T031531_20230818T033421_T48PWS_metadata.json,48PWS
S2A_MSIL2A_20230818T031531_N0509_R118_T48PVS_20230818T081358,0.365501,5.337384,272.300909,32.239413,9.927399,27.403155,22.2600714200087,27.025655,0.0,dbscl-sentinel-2-2023\dbscl-sentinel-2_2023-08\S2_2023-08-18_03-35-24\20230818T031531_20230818T033421_T48PVS_metadata.json,48PVS
S2B_MSIL2A_20230823T031529_N0509_R118_T48PXT_20230823T073532,0.131814,4.880338,273.446009,46.964899,7.614315,30.327711,20.1138551404691,0.213553,0.0,dbscl-sentinel-2-2023\dbscl-sentinel-2_2023-08\S2_2023-08-23_03-35-01\20230823T031529_20230823T033311_T48PXT_metadata.json,48PXT
S2B_MSIL2A_20230823T031529_N0509_R118_T48PWT_20230823T073532,0.24001,4.813013,274.226464,35.289013,11.165434,34.631994,21.0005468638626,2.417132,0.0,dbscl-sentinel-2-2023\dbscl-sentinel-2_2023-08\S2_2023-08-23_03-35-05\20230823T031529_20230823T033311_T48PWT_metadata.json,48PWT
S2B_MSIL2A_20230823T031529_N0509_R118_T48PWS_20230823T073532,0.275859,4.981006,274.532126,47.180629,4.978839000000001,25.466371,21.0065274759567,1.330427,0.0,dbscl-sentinel-2-2023\dbscl-sentinel-2_2023-08\S2_2023-08-23_03-35-19\20230823T031529_20230823T033311_T48PWS_metadata.json,48PWS
S2B_MSIL2A_20230823T031529_N0509_R118_T48PWR_20230823T073532,0.124818,4.962796,273.932583,33.876583,6.007286,17.761976,21.0493285515555,12.518618,0.0,dbscl-sentinel-2-2023\dbscl-sentinel-2_2023-08\S2_2023-08-23_03-35-34\20230823T031529_20230823T033311_T48PWR_metadata.json,48PWR
S2B_MSIL2A_20230823T031529_N0509_R118_T48PVR_20230823T073532,0.23394,5.093383,274.420027,19.387434,14.58369,8.981304,21.9296576811245,60.522467,0.0,dbscl-sentinel-2-2023\dbscl-sentinel-2_2023-08\S2_2023-08-23_03-35-37\20230823T031529_20230823T033311_T48PVR_metadata.json,48PVR
S2B_MSIL2A_20230823T031529_N0509_R118_T48PUR_20230823T073532,0.115194,3.185069,274.329387,9.885275,9.301702,0.029235,22.8099144972894,90.070182,0.0,dbscl-sentinel-2-2023\dbscl-sentinel-2_2023-08\S2_2023-08-23_03-35-40\20230823T031529_20230823T033311_T48PUR_metadata.json,48PUR
S2B_MSIL2A_20230823T031529_N0509_R118_T48PWQ_20230823T073532,0.180664,5.762247,272.433458,22.491555,6.66597,2.136002,21.1287908262992,70.279831,0.0,dbscl-sentinel-2-2023\dbscl-sentinel-2_2023-08\S2_2023-08-23_03-35-48\20230823T031529_20230823T033311_T48PWQ_metadata.json,48PWQ
S2B_MSIL2A_20230823T031529_N0509_R118_T48PVQ_20230823T073532,0.146324,5.702317,273.013417,15.262318,1.155517,3.724208,22.0037725029927,74.712384,0.0,dbscl-sentinel-2-2023\dbscl-sentinel-2_2023-08\S2_2023-08-23_03-35-52\20230823T031529_20230823T033311_T48PVQ_metadata.json,48PVQ
S2A_MSIL2A_20230825T030531_N0509_R075_T48PXT_20230825T090359,0.191608,4.816024,270.770702,48.21839,5.892799,31.755266,22.4417199546714,0.658345,0.0,dbscl-sentinel-2-2023\dbscl-sentinel-2_2023-08\S2_2023-08-25_03-25-08\20230825T030531_20230825T032153_T48PXT_metadata.json,48PXT
S2A_MSIL2A_20230825T030531_N0509_R075_T48PXS_20230825T090359,0.178208,4.865235,268.68232,35.666886,8.184256,24.223672,22.4224782971907,22.10698,0.0,dbscl-sentinel-2-2023\dbscl-sentinel-2_2023-08\S2_2023-08-25_03-25-22\20230825T030531_20230825T032153_T48PXS_metadata.json,48PXS
S2A_MSIL2A_20230825T030531_N0509_R075_T48PXR_20230825T090359,0.124991,4.884125,269.092491,6.448565,0.773714,6.556829,22.4372228193873,79.382128,0.0,dbscl-sentinel-2-2023\dbscl-sentinel-2_2023-08\S2_2023-08-25_03-25-37\20230825T030531_20230825T032153_T48PXR_metadata.json,48PXR
S2B_MSIL2A_20230826T032519_N0509_R018_T48PUR_20230826T075321,0.109617,5.010005,272.029403,21.806809,11.971645000000002,0.11075799999999998,20.1325233987149,78.015918,0.0,dbscl-sentinel-2-2023\dbscl-sentinel-2_2023-08\S2_2023-08-26_03-45-35\20230826T032519_20230826T033958_T48PUR_metadata.json,48PUR
S2A_MSIL2A_20230828T031521_N0509_R118_T48PXT_20230828T081603,0.161773,5.298744,277.703707,43.514746,0.04211,33.54232,19.8767230221099,0.220061,0.0,dbscl-sentinel-2-2023\dbscl-sentinel-2_2023-08\S2_2023-08-28_03-35-03\20230828T031521_20230828T033420_T48PXT_metadata.json,48PXT
S2A_MSIL2A_20230828T031521_N0509_R118_T48PWT_20230828T081603,0.239936,5.457614,276.341697,17.08052,0.053062,46.047959,20.7642188683832,2.853308,0.0,dbscl-sentinel-2-2023\dbscl-sentinel-2_2023-08\S2_2023-08-28_03-35-06\20230828T031521_20230828T033420_T48PWT_metadata.json,48PWT
S2A_MSIL2A_20230828T031521_N0509_R118_T48PVT_20230828T081603,0.358475,4.877149,276.070534,29.070407,1.781647,46.093765,21.6518539688484,2.567632,0.0,dbscl-sentinel-2-2023\dbscl-sentinel-2_2023-08\S2_2023-08-28_03-35-09\20230828T031521_20230828T033420_T48PVT_metadata.json,48PVT
S2A_MSIL2A_20230828T031521_N0509_R118_T48PVR_20230828T081603,0.158839,5.270818,275.306197,48.280481,7.747612,4.56042,21.5461401170556,40.495723,0.0,dbscl-sentinel-2-2023\dbscl-sentinel-2_2023-08\S2_2023-08-28_03-35-38\20230828T031521_20230828T033420_T48PVR_metadata.json,48PVR
S2A_MSIL2A_20230828T031521_N0509_R118_T48PWQ_20230828T081603,0.155831,5.332361,274.223082,26.886317,19.568317,1.716076,20.6629127262595,66.708338,0.0,dbscl-sentinel-2-2023\dbscl-sentinel-2_2023-08\S2_2023-08-28_03-35-50\20230828T031521_20230828T033420_T48PWQ_metadata.json,48PWQ
S2A_MSIL2A_20230828T031521_N0509_R118_T48PVQ_20230828T081603,0.17885,5.458298,273.857919,29.148453,10.565221,2.303446,21.5473178132066,63.849527,0.0,dbscl-sentinel-2-2023\dbscl-sentinel-2_2023-08\S2_2023-08-28_03-35-53\20230828T031521_20230828T033420_T48PVQ_metadata.json,48PVQ
S2A_MSIL2A_20230917T031521_N0509_R118_T48PWR_20230917T082255,0.233424,5.740726,275.536612,44.104123,1.541339,12.64457,20.4343688021728,12.435304,0.0,dbscl-sentinel-2-2023\dbscl-sentinel-2_2023-09\S2_2023-09-17_03-35-33\20230917T031521_20230917T033418_T48PWR_metadata.json,48PWR
S2A_MSIL2A_20230917T031521_N0509_R118_T48PWQ_20230917T082255,0.293944,5.718784,275.097737,16.256499,2.100285,1.519212,20.0997205198826,78.506666,0.0,dbscl-sentinel-2-2023\dbscl-sentinel-2_2023-09\S2_2023-09-17_03-35-47\20230917T031521_20230917T033418_T48PWQ_metadata.json,48PWQ
S2A_MSIL2A_20230917T031521_N0509_R118_T48PVQ_20230917T082255,0.282131,5.81524,274.895063,49.08486,10.338204,2.624633,20.9517265395592,43.991745,0.0,dbscl-sentinel-2-2023\dbscl-sentinel-2_2023-09\S2_2023-09-17_03-35-51\20230917T031521_20230917T033418_T48PVQ_metadata.json,48PVQ
S2B_MSIL2A_20230919T030529_N0509_R075_T48PXR_20230919T074758,0.268427,4.9853,267.402003,47.311184,25.943771,2.116087,22.0260024592294,45.539314,0.0,dbscl-sentinel-2-2023\dbscl-sentinel-2_2023-09\S2_2023-09-19_03-25-34\20230919T030529_20230919T032516_T48PXR_metadata.json,48PXR
S2B_MSIL2A_20230929T030529_N0509_R075_T48PXR_20230929T063909,0.284932,3.929776,278.023244,46.176547,29.284446999999997,0.659825,22.975477746484,52.455717,0.0,dbscl-sentinel-2-2023\dbscl-sentinel-2_2023-09\S2_2023-09-29_03-25-33\20230929T030529_20230929T031834_T48PXR_metadata.json,48PXR
S2A_MSIL2A_20231004T030551_N0509_R075_T48PXR_20231004T074502,0.11457,5.069772,260.672493,30.580604,11.829792999999999,1.8238689999999997,23.7000463133156,63.75005199999999,0.0,dbscl-sentinel-2-2023\dbscl-sentinel-2_2023-10\S2_2023-10-04_03-25-32\20231004T030551_20231004T032127_T48PXR_metadata.json,48PXR
S2B_MSIL2A_20231005T032609_N0509_R018_T48PUS_20231005T073923,0.080976,5.472511,263.494057,36.34308,0.216004,5.237148,22.704617644445,55.058712,0.0,dbscl-sentinel-2-2023\dbscl-sentinel-2_2023-10\S2_2023-10-05_03-45-16\20231005T032609_20231005T034228_T48PUS_metadata.json,48PUS
S2B_MSIL2A_20231005T032609_N0509_R018_T48PUR_20231005T073923,0.090583,5.427994,264.560342,26.296356,13.922481,0.128235,22.0790019468954,73.523057,0.0,dbscl-sentinel-2-2023\dbscl-sentinel-2_2023-10\S2_2023-10-05_03-45-31\20231005T032609_20231005T034228_T48PUR_metadata.json,48PUR
S2A_MSIL2A_20231007T031611_N0509_R118_T48PVT_20231007T072752,0.322514,5.24021,265.178342,38.166654,11.051033,43.8169,24.9192665743551,2.371253,0.0,dbscl-sentinel-2-2023\dbscl-sentinel-2_2023-10\S2_2023-10-07_03-35-04\20231007T031611_20231007T033346_T48PVT_metadata.json,48PVT
S2A_MSIL2A_20231007T031611_N0509_R118_T48PWS_20231007T072752,0.190743,5.395939,265.275854,49.585336,12.409335,21.174484,23.6103186526025,10.298967,0.0,dbscl-sentinel-2-2023\dbscl-sentinel-2_2023-10\S2_2023-10-07_03-35-16\20231007T031611_20231007T033346_T48PWS_metadata.json,48PWS
S2A_MSIL2A_20231007T031611_N0509_R118_T48PVS_20231007T072752,0.35357,5.136622,264.232595,36.724478,13.182577,16.327606,24.2881070456156,34.125265,0.0,dbscl-sentinel-2-2023\dbscl-sentinel-2_2023-10\S2_2023-10-07_03-35-19\20231007T031611_20231007T033346_T48PVS_metadata.json,48PVS
S2A_MSIL2A_20231007T031611_N0509_R118_T48PVR_20231007T072752,0.18467,5.364957,264.452957,25.250638,16.793551,5.078248,23.6738707605779,61.249167,0.0,dbscl-sentinel-2-2023\dbscl-sentinel-2_2023-10\S2_2023-10-07_03-35-33\20231007T031611_20231007T033346_T48PVR_metadata.json,48PVR
S2A_MSIL2A_20231007T031611_N0509_R118_T48PUR_20231007T072752,0.186638,5.23601,264.977101,25.739294,16.360797,0.035824,24.3777823617923,74.217081,0.0,dbscl-sentinel-2-2023\dbscl-sentinel-2_2023-10\S2_2023-10-07_03-35-36\20231007T031611_20231007T033346_T48PUR_metadata.json,48PUR
S2A_MSIL2A_20231007T031611_N0509_R118_T48PVQ_20231007T072752,0.26832,5.294958,264.183961,45.816419,23.706898,2.185534,23.0772222511107,48.001266,0.0,dbscl-sentinel-2-2023\dbscl-sentinel-2_2023-10\S2_2023-10-07_03-35-48\20231007T031611_20231007T033346_T48PVQ_metadata.json,48PVQ
S2B_MSIL2A_20231012T031649_N0509_R118_T48PXS_20231012T063530,0.353933,5.101039,264.958983,48.18615,12.685256,26.528743,24.0486698147095,2.544613,0.0,dbscl-sentinel-2-2023\dbscl-sentinel-2_2023-10\S2_2023-10-12_03-35-13\20231012T031649_20231012T033247_T48PXS_metadata.json,48PXS
S2B_MSIL2A_20231012T031649_N0509_R118_T48PWS_20231012T063530,0.329826,5.522502,264.522338,39.165211,3.465858,23.411435,24.670638113207,10.055099,0.0,dbscl-sentinel-2-2023\dbscl-sentinel-2_2023-10\S2_2023-10-12_03-35-17\20231012T031649_20231012T033247_T48PWS_metadata.json,48PWS
S2B_MSIL2A_20231012T031649_N0509_R118_T48PVS_20231012T063530,0.306775,5.571219,264.239947,36.950919,5.751185,12.67539,25.3075324637381,34.324422,0.0,dbscl-sentinel-2-2023\dbscl-sentinel-2_2023-10\S2_2023-10-12_03-35-20\20231012T031649_20231012T033247_T48PVS_metadata.json,48PVS
S2B_MSIL2A_20231012T031649_N0509_R118_T48PUS_20231012T063530,0.239646,5.019717,264.488928,45.772967,2.689675,14.169273,25.9576989233762,34.246492,0.0,dbscl-sentinel-2-2023\dbscl-sentinel-2_2023-10\S2_2023-10-12_03-35-24\20231012T031649_20231012T033247_T48PUS_metadata.json,48PUS
S2B_MSIL2A_20231012T031649_N0509_R118_T48PXR_20231012T063530,0.359862,5.387589,264.586444,46.674794,9.515648,13.299604,23.3611032682382,27.992257,0.0,dbscl-sentinel-2-2023\dbscl-sentinel-2_2023-10\S2_2023-10-12_03-35-28\20231012T031649_20231012T033247_T48PXR_metadata.json,48PXR
S2B_MSIL2A_20231012T031649_N0509_R118_T48PWR_20231012T063530,0.219849,5.944187,264.853826,34.628269,6.421946,15.877973,23.997438871804,18.053056,0.0,dbscl-sentinel-2-2023\dbscl-sentinel-2_2023-10\S2_2023-10-12_03-35-31\20231012T031649_20231012T033247_T48PWR_metadata.json,48PWR
S2B_MSIL2A_20231012T031649_N0509_R118_T48PVR_20231012T063530,0.182061,5.828874,265.14478,20.716037,10.979914,6.556365,24.6484661242663,62.737483,0.0,dbscl-sentinel-2-2023\dbscl-sentinel-2_2023-10\S2_2023-10-12_03-35-35\20231012T031649_20231012T033247_T48PVR_metadata.json,48PVR
S2B_MSIL2A_20231012T031649_N0509_R118_T48PUR_20231012T063530,0.145026,5.675011,265.403429,26.390722,7.904391,0.021727,25.312485625039,73.567176,0.0,dbscl-sentinel-2-2023\dbscl-sentinel-2_2023-10\S2_2023-10-12_03-35-37\20231012T031649_20231012T033247_T48PUR_metadata.json,48PUR
S2B_MSIL2A_20231012T031649_N0509_R118_T48PWQ_20231012T063530,0.113011,5.562259,264.0363,30.489123,7.274757,1.632221,23.338270750688,64.776826,0.0,dbscl-sentinel-2-2023\dbscl-sentinel-2_2023-10\S2_2023-10-12_03-35-46\20231012T031649_20231012T033247_T48PWQ_metadata.json,48PWQ
S2B_MSIL2A_20231012T031649_N0509_R118_T48PVQ_20231012T063530,0.091461,5.560181,265.103831,27.181864,14.384122,2.365221,24.0038935568525,65.460277,0.0,dbscl-sentinel-2-2023\dbscl-sentinel-2_2023-10\S2_2023-10-12_03-35-49\20231012T031649_20231012T033247_T48PVQ_metadata.json,48PVQ
S2A_MSIL2A_20231014T030651_N0509_R075_T48PXR_20231014T072706,0.248075,4.943732,260.222032,44.426906,25.824854,1.579484,25.575616946024,52.070624,0.0,dbscl-sentinel-2-2023\dbscl-sentinel-2_2023-10\S2_2023-10-14_03-25-29\20231014T030651_20231014T032228_T48PXR_metadata.json,48PXR
S2A_MSIL2A_20231017T031721_N0509_R118_T48PVR_20231017T071055,0.109873,5.459721,261.255052,45.00905,11.428064,3.413751,25.7456498362079,46.273676,0.0,dbscl-sentinel-2-2023\dbscl-sentinel-2_2023-10\S2_2023-10-17_03-35-32\20231017T031721_20231017T033457_T48PVR_metadata.json,48PVR
S2A_MSIL2A_20231017T031721_N0509_R118_T48PUR_20231017T071055,0.089232,3.866011,261.923324,16.898413,11.07471,0.037714,26.3717427008759,83.0513,0.0,dbscl-sentinel-2-2023\dbscl-sentinel-2_2023-10\S2_2023-10-17_03-35-35\20231017T031721_20231017T033457_T48PUR_metadata.json,48PUR
S2A_MSIL2A_20231017T031721_N0509_R118_T48PWQ_20231017T071055,0.349615,6.076197,260.12052,42.545331,10.329939,2.234737,24.4359517718131,50.61717,0.0,dbscl-sentinel-2-2023\dbscl-sentinel-2_2023-10\S2_2023-10-17_03-35-43\20231017T031721_20231017T033457_T48PWQ_metadata.json,48PWQ
S2A_MSIL2A_20231017T031721_N0509_R118_T48PVQ_20231017T071055,0.193324,6.215479,259.985673,40.257168,14.348781,1.418572,25.0617080108352,54.716289,0.0,dbscl-sentinel-2-2023\dbscl-sentinel-2_2023-10\S2_2023-10-17_03-35-47\20231017T031721_20231017T033457_T48PVQ_metadata.json,48PVQ
S2B_MSIL2A_20231019T030729_N0509_R075_T48PXR_20231019T071100,0.223291,4.857893,262.211984,23.85173,14.962094,5.019158,26.6604366035042,65.861791,0.0,dbscl-sentinel-2-2023\dbscl-sentinel-2_2023-10\S2_2023-10-19_03-25-33\20231019T030729_20231019T032338_T48PXR_metadata.json,48PXR
S2A_MSIL2A_20231020T032741_N0509_R018_T48PUS_20231020T064952,0.107424,4.982909,261.554781,25.788224,18.792669,17.46313,26.1514842285065,54.096013,0.0,dbscl-sentinel-2-2023\dbscl-sentinel-2_2023-10\S2_2023-10-20_03-45-16\20231020T032741_20231020T033902_T48PUS_metadata.json,48PUS
S2B_MSIL2A_20231022T031759_N0509_R118_T48PXT_20231022T062910,0.149811,5.305074,263.288919,38.207382,3.013976,36.280945,27.2846711279665,4.506636000000001,0.0,dbscl-sentinel-2-2023\dbscl-sentinel-2_2023-10\S2_2023-10-22_03-34-58\20231022T031759_20231022T033413_T48PXT_metadata.json,48PXT
S2B_MSIL2A_20231022T031759_N0509_R118_T48PWT_20231022T062910,0.161813,5.777756,262.747141,39.257616,1.599663,29.016665,27.8199274731429,15.168957,0.0,dbscl-sentinel-2-2023\dbscl-sentinel-2_2023-10\S2_2023-10-22_03-35-02\20231022T031759_20231022T033413_T48PWT_metadata.json,48PWT
S2B_MSIL2A_20231022T031759_N0509_R118_T48PVT_20231022T062910,0.173174,5.530966,261.691303,34.600818,0.397821,43.251175,28.3714932340172,7.083735,0.0,dbscl-sentinel-2-2023\dbscl-sentinel-2_2023-10\S2_2023-10-22_03-35-05\20231022T031759_20231022T033413_T48PVT_metadata.json,48PVT
S2B_MSIL2A_20231022T031759_N0509_R118_T48PXS_20231022T062910,0.186016,5.370512,262.431237,39.543632,0.760376,30.468222,26.5252754268455,5.065929,0.0,dbscl-sentinel-2-2023\dbscl-sentinel-2_2023-10\S2_2023-10-22_03-35-13\20231022T031759_20231022T033413_T48PXS_metadata.json,48PXS
S2B_MSIL2A_20231022T031759_N0509_R118_T48PWS_20231022T062910,0.241903,5.61637,262.424404,41.452178,0.000342,19.100438,27.0722233215297,12.272623,0.0,dbscl-sentinel-2-2023\dbscl-sentinel-2_2023-10\S2_2023-10-22_03-35-17\20231022T031759_20231022T033413_T48PWS_metadata.json,48PWS
S2B_MSIL2A_20231022T031759_N0509_R118_T48PVS_20231022T062910,0.250583,5.644923,261.167228,26.374102,0.000577,15.122332,27.6355766779035,44.509548,0.0,dbscl-sentinel-2-2023\dbscl-sentinel-2_2023-10\S2_2023-10-22_03-35-20\20231022T031759_20231022T033413_T48PVS_metadata.json,48PVS
S2B_MSIL2A_20231022T031759_N0509_R118_T48PUS_20231022T062910,0.212995,4.895635,259.988617,27.628565,0.0,14.862381,28.2138563483784,51.69282,0.0,dbscl-sentinel-2-2023\dbscl-sentinel-2_2023-10\S2_2023-10-22_03-35-23\20231022T031759_20231022T033413_T48PUS_metadata.json,48PUS
S2B_MSIL2A_20231022T031759_N0509_R118_T48PXR_20231022T062910,0.191871,5.273839,261.483898,30.146188,1.50638,20.158334,25.7746380367592,30.686516,0.0,dbscl-sentinel-2-2023\dbscl-sentinel-2_2023-10\S2_2023-10-22_03-35-28\20231022T031759_20231022T033413_T48PXR_metadata.json,48PXR
S2B_MSIL2A_20231022T031759_N0509_R118_T48PWR_20231022T062910,0.207062,5.80211,261.443239,30.979475,0.397135,17.852058,26.3338395546623,19.788614,0.0,dbscl-sentinel-2-2023\dbscl-sentinel-2_2023-10\S2_2023-10-22_03-35-31\20231022T031759_20231022T033413_T48PWR_metadata.json,48PWR
S2B_MSIL2A_20231022T031759_N0509_R118_T48PVR_20231022T062910,0.215134,5.556858,260.490995,34.441444,20.895296,5.593721,26.9094992969649,51.374018,0.0,dbscl-sentinel-2-2023\dbscl-sentinel-2_2023-10\S2_2023-10-22_03-35-34\20231022T031759_20231022T033413_T48PVR_metadata.json,48PVR
S2B_MSIL2A_20231022T031759_N0509_R118_T48PWQ_20231022T062910,0.136914,5.788559,260.598405,32.314917,12.768912,3.186137,25.604670400537,59.639722,0.0,dbscl-sentinel-2-2023\dbscl-sentinel-2_2023-10\S2_2023-10-22_03-35-46\20231022T031759_20231022T033413_T48PWQ_metadata.json,48PWQ
S2B_MSIL2A_20231022T031759_N0509_R118_T48PVQ_20231022T062910,0.169446,5.616282,259.197924,40.763828,26.971585,2.94864,26.1931734404398,52.110058,0.0,dbscl-sentinel-2-2023\dbscl-sentinel-2_2023-10\S2_2023-10-22_03-35-49\20231022T031759_20231022T033413_T48PVQ_metadata.json,48PVQ
S2A_MSIL2A_20231024T030801_N0509_R075_T48PXS_20231024T071655,0.215762,4.660306,260.824512,24.636702,6.273699,29.195681,28.5584940494918,25.735483,0.0,dbscl-sentinel-2-2023\dbscl-sentinel-2_2023-10\S2_2023-10-24_03-25-16\20231024T030801_20231024T032357_T48PXS_metadata.json,48PXS
S2A_MSIL2A_20231024T030801_N0509_R075_T48PXR_20231024T071655,0.218794,4.808358,261.868816,37.718591,17.480233,4.623402,27.8358123261662,52.035689,0.0,dbscl-sentinel-2-2023\dbscl-sentinel-2_2023-10\S2_2023-10-24_03-25-31\20231024T030801_20231024T032357_T48PXR_metadata.json,48PXR
S2B_MSIL2A_20231025T032819_N0509_R018_T48PUS_20231025T060220,0.137172,4.631957,258.242301,27.642536,10.590468,8.729199,27.4392219340844,60.135293,0.0,dbscl-sentinel-2-2023\dbscl-sentinel-2_2023-10\S2_2023-10-25_03-45-17\20231025T032819_20231025T033842_T48PUS_metadata.json,48PUS
S2B_MSIL2A_20231025T032819_N0509_R018_T48PUR_20231025T060220,0.097893,4.842017,257.75066,28.81386,24.601983,0.072537,26.6736169999988,71.108925,0.0,dbscl-sentinel-2-2023\dbscl-sentinel-2_2023-10\S2_2023-10-25_03-45-26\20231025T032819_20231025T033842_T48PUR_metadata.json,48PUR
S2B_MSIL2A_20231025T032819_N0509_R018_T48PUR_20231025T063538,0.092099,4.23302,257.69956,29.139069,17.152047,0.149011,26.6736169999989,70.685458,0.0,dbscl-sentinel-2-2023\dbscl-sentinel-2_2023-10\S2_2023-10-25_03-45-33\20231025T032819_20231025T034523_T48PUR_metadata.json,48PUR
S2A_MSIL2A_20231027T031821_N0509_R118_T48PXT_20231027T064153,0.149791,5.118994,259.675044,12.55013,0.021953,62.902534,28.6199734670116,5.378923,0.0,dbscl-sentinel-2-2023\dbscl-sentinel-2_2023-10\S2_2023-10-27_03-34-57\20231027T031821_20231027T033021_T48PXT_metadata.json,48PXT
S2A_MSIL2A_20231027T031821_N0509_R118_T48PWT_20231027T064153,0.179843,5.375538,258.931521,9.12286,0.829775,54.436243,29.125089278295,19.070281,0.0,dbscl-sentinel-2-2023\dbscl-sentinel-2_2023-10\S2_2023-10-27_03-35-00\20231027T031821_20231027T033021_T48PWT_metadata.json,48PWT
S2A_MSIL2A_20231027T031821_N0509_R118_T48PVT_20231027T064153,0.250902,5.034154,258.282737,36.322582,11.720824,39.308947,29.6466443015882,7.280888,0.0,dbscl-sentinel-2-2023\dbscl-sentinel-2_2023-10\S2_2023-10-27_03-35-04\20231027T031821_20231027T033021_T48PVT_metadata.json,48PVT
S2A_MSIL2A_20231027T031821_N0509_R118_T48PXS_20231027T064153,0.185794,5.476313,259.324239,36.967915,4.729572,29.108542,27.8402139212381,7.191691,0.0,dbscl-sentinel-2-2023\dbscl-sentinel-2_2023-10\S2_2023-10-27_03-35-11\20231027T031821_20231027T033021_T48PXS_metadata.json,48PXS
S2A_MSIL2A_20231027T031821_N0509_R118_T48PWS_20231027T064153,0.215801,5.611253,258.341745,33.609772,2.571611,22.635111,28.3559729046671,20.650604,0.0,dbscl-sentinel-2-2023\dbscl-sentinel-2_2023-10\S2_2023-10-27_03-35-15\20231027T031821_20231027T033021_T48PWS_metadata.json,48PWS
S2A_MSIL2A_20231027T031821_N0509_R118_T48PVS_20231027T064153,0.197614,5.426565,257.300727,9.470367,0.142704,24.370596,28.8883482290197,51.577997,0.0,dbscl-sentinel-2-2023\dbscl-sentinel-2_2023-10\S2_2023-10-27_03-35-18\20231027T031821_20231027T033021_T48PVS_metadata.json,48PVS
S2A_MSIL2A_20231027T031821_N0509_R118_T48PUS_20231027T064153,0.148095,4.815773,256.194472,21.271805,0.410509,18.154211,29.4359658609053,55.217773,0.0,dbscl-sentinel-2-2023\dbscl-sentinel-2_2023-10\S2_2023-10-27_03-35-22\20231027T031821_20231027T033021_T48PUS_metadata.json,48PUS
S2A_MSIL2A_20231027T031821_N0509_R118_T48PXR_20231027T064153,0.191872,5.548529,258.765092,20.200318,0.282089,18.733746,27.0677223413729,42.638502,0.0,dbscl-sentinel-2-2023\dbscl-sentinel-2_2023-10\S2_2023-10-27_03-35-26\20231027T031821_20231027T033021_T48PXR_metadata.json,48PXR
S2A_MSIL2A_20231027T031821_N0509_R118_T48PWR_20231027T064153,0.126759,6.033327,257.816527,35.450217,1.633452,15.707274,27.5946373615956,19.958845,0.0,dbscl-sentinel-2-2023\dbscl-sentinel-2_2023-10\S2_2023-10-27_03-35-29\20231027T031821_20231027T033021_T48PWR_metadata.json,48PWR
S2A_MSIL2A_20231027T031821_N0509_R118_T48PVR_20231027T064153,0.134974,5.677665,256.664313,10.637702,0.422095,6.66936,28.138319073326,73.435926,0.0,dbscl-sentinel-2-2023\dbscl-sentinel-2_2023-10\S2_2023-10-27_03-35-33\20231027T031821_20231027T033021_T48PVR_metadata.json,48PVR
S2A_MSIL2A_20231027T031821_N0509_R118_T48PUR_20231027T064153,0.106913,5.380025,255.768448,11.099369,3.17908,0.032903,28.6973351995297,88.855267,0.0,dbscl-sentinel-2-2023\dbscl-sentinel-2_2023-10\S2_2023-10-27_03-35-35\20231027T031821_20231027T033021_T48PUR_metadata.json,48PUR
S2A_MSIL2A_20231027T031821_N0509_R118_T48PWQ_20231027T064153,0.087173,5.509527,256.809002,9.100657,0.110793,2.385682,26.8408079493016,84.741884,0.0,dbscl-sentinel-2-2023\dbscl-sentinel-2_2023-10\S2_2023-10-27_03-35-44\20231027T031821_20231027T033021_T48PWQ_metadata.json,48PWQ
S2A_MSIL2A_20231027T031821_N0509_R118_T48PVQ_20231027T064153,0.112824,5.545584,255.447133,9.829161,0.496647,3.047525,27.3963417557769,81.898254,0.0,dbscl-sentinel-2-2023\dbscl-sentinel-2_2023-10\S2_2023-10-27_03-35-47\20231027T031821_20231027T033021_T48PVQ_metadata.json,48PVQ
S2A_MSIL2A_20231030T032851_N0509_R018_T48PUS_20231030T064501,0.125174,4.948745,256.463161,20.040746,12.785321,13.828923,28.7573657353179,63.439095,0.0,dbscl-sentinel-2-2023\dbscl-sentinel-2_2023-10\S2_2023-10-30_03-45-16\20231030T032851_20231030T034106_T48PUS_metadata.json,48PUS
S2A_MSIL2A_20231030T032851_N0509_R018_T48PUR_20231030T064501,0.366836,5.130001,256.115305,32.814318,8.94573,0.001781,27.9729098909776,67.113745,0.0,dbscl-sentinel-2-2023\dbscl-sentinel-2_2023-10\S2_2023-10-30_03-45-30\20231030T032851_20231030T034106_T48PUR_metadata.json,48PUR
S2B_MSIL2A_20231101T031859_N0509_R118_T48PXT_20231101T054636,0.101207,5.095231,257.372956,9.545992,0.001416,64.846593,29.9553845487994,6.172107,0.0,dbscl-sentinel-2-2023\dbscl-sentinel-2_2023-11\S2_2023-11-01_03-34-59\20231101T031859_20231101T032947_T48PXT_metadata.json,48PXT
S2B_MSIL2A_20231101T031859_N0509_R118_T48PWT_20231101T054636,0.19183,5.357382,257.279356,11.111194,2.394912,50.910127,30.434459821593,18.035634,0.0,dbscl-sentinel-2-2023\dbscl-sentinel-2_2023-11\S2_2023-11-01_03-35-03\20231101T031859_20231101T032947_T48PWT_metadata.json,48PWT
S2B_MSIL2A_20231101T031859_N0509_R118_T48PXS_20231101T054636,0.239913,5.455275,258.877505,39.968881,0.031069,33.02744,29.1596672551214,6.798731000000001,0.0,dbscl-sentinel-2-2023\dbscl-sentinel-2_2023-11\S2_2023-11-01_03-35-14\20231101T031859_20231101T032947_T48PXS_metadata.json,48PXS
S2B_MSIL2A_20231101T031859_N0509_R118_T48PWS_20231101T054636,0.227826,5.474905,258.1311,36.589673,10.163188,27.230251,29.6484070704418,17.912728,0.0,dbscl-sentinel-2-2023\dbscl-sentinel-2_2023-11\S2_2023-11-01_03-35-17\20231101T031859_20231101T032947_T48PWS_metadata.json,48PWS
S2B_MSIL2A_20231101T031859_N0509_R118_T48PVS_20231101T054636,0.235308,5.038057,258.873419,34.745893,12.665176,11.414262,30.1537426336359,44.555813,0.0,dbscl-sentinel-2-2023\dbscl-sentinel-2_2023-11\S2_2023-11-01_03-35-21\20231101T031859_20231101T032947_T48PVS_metadata.json,48PVS
S2B_MSIL2A_20231101T031859_N0509_R118_T48PUS_20231101T054636,0.148073,4.556131,260.592057,33.993626,21.128377,18.12723,30.674404566555,44.131628,0.0,dbscl-sentinel-2-2023\dbscl-sentinel-2_2023-11\S2_2023-11-01_03-35-24\20231101T031859_20231101T032947_T48PUS_metadata.json,48PUS
S2B_MSIL2A_20231101T031859_N0509_R118_T48PWQ_20231101T054636,0.202431,4.338113,260.914483,42.568776,6.206731,1.038115,28.0956223928557,52.796531,0.0,dbscl-sentinel-2-2023\dbscl-sentinel-2_2023-11\S2_2023-11-01_03-35-46\20231101T031859_20231101T032947_T48PWQ_metadata.json,48PWQ
S2A_MSIL2A_20231103T030901_N0509_R075_T48PXR_20231103T062651,0.308384,5.404811,252.638441,38.664714,11.132642,4.422713,30.2915669454536,51.229417,0.0,dbscl-sentinel-2-2023\dbscl-sentinel-2_2023-11\S2_2023-11-03_03-25-30\20231103T030901_20231103T032200_T48PXR_metadata.json,48PXR
S2B_MSIL2A_20231104T032919_N0509_R018_T48PUS_20231104T060145,0.137111,4.601603,254.746271,46.264699,14.20325,7.470245,30.066856021067,44.071409,0.0,dbscl-sentinel-2-2023\dbscl-sentinel-2_2023-11\S2_2023-11-04_03-45-19\20231104T032919_20231104T034047_T48PUS_metadata.json,48PUS
S2B_MSIL2A_20231104T032919_N0509_R018_T48PUR_20231104T060145,0.24576,5.123007,255.643488,49.883959,18.301056,0.08098,29.2677550067699,49.972367,0.0,dbscl-sentinel-2-2023\dbscl-sentinel-2_2023-11\S2_2023-11-04_03-45-34\20231104T032919_20231104T034047_T48PUR_metadata.json,48PUR
S2A_MSIL2A_20231106T031921_N0509_R118_T48PXT_20231106T062657,0.138027,4.049731,257.408353,30.332327,24.440186,47.981566,31.2899104583323,4.560588,0.0,dbscl-sentinel-2-2023\dbscl-sentinel-2_2023-11\S2_2023-11-06_03-34-58\20231106T031921_20231106T033447_T48PXT_metadata.json,48PXT
S2A_MSIL2A_20231106T031921_N0509_R118_T48PWT_20231106T062657,0.239728,4.818164,257.234274,33.380494,20.808823,36.110395,31.7479465209189,11.540124,0.0,dbscl-sentinel-2-2023\dbscl-sentinel-2_2023-11\S2_2023-11-06_03-35-00\20231106T031921_20231106T033447_T48PWT_metadata.json,48PWT
S2A_MSIL2A_20231106T031921_N0509_R118_T48PVT_20231106T062657,0.226726,4.983461,256.774001,28.278926,13.686123,50.975031,32.2220822153351,4.989342,0.0,dbscl-sentinel-2-2023\dbscl-sentinel-2_2023-11\S2_2023-11-06_03-35-03\20231106T031921_20231106T033447_T48PVT_metadata.json,48PVT
S2A_MSIL2A_20231106T031921_N0509_R118_T48PVS_20231106T062657,0.231239,5.102096,257.363646,47.26164,20.361438,13.040955,31.4323960172096,30.94092,0.0,dbscl-sentinel-2-2023\dbscl-sentinel-2_2023-11\S2_2023-11-06_03-35-18\20231106T031921_20231106T033447_T48PVS_metadata.json,48PVS
S2A_MSIL2A_20231106T031921_N0509_R118_T48PUS_20231106T062657,0.130297,4.548289,257.571743,22.810359,5.319736,19.517815,31.9308282471437,52.384615,0.0,dbscl-sentinel-2-2023\dbscl-sentinel-2_2023-11\S2_2023-11-06_03-35-21\20231106T031921_20231106T033447_T48PUS_metadata.json,48PUS
S2A_MSIL2A_20231106T031921_N0509_R118_T48PWR_20231106T062657,0.193637,4.805761,256.915829,41.780317,11.674172,14.709842,30.15602470102,16.063543,0.0,dbscl-sentinel-2-2023\dbscl-sentinel-2_2023-11\S2_2023-11-06_03-35-29\20231106T031921_20231106T033447_T48PWR_metadata.json,48PWR
S2A_MSIL2A_20231106T031921_N0509_R118_T48PVR_20231106T062657,0.166268,4.921122,257.0326,46.395022,23.4796,3.983169,30.6487926741305,42.93769,0.0,dbscl-sentinel-2-2023\dbscl-sentinel-2_2023-11\S2_2023-11-06_03-35-32\20231106T031921_20231106T033447_T48PVR_metadata.json,48PVR
S2A_MSIL2A_20231106T031921_N0509_R118_T48PUR_20231106T062657,0.146033,4.981001,257.367519,30.158362,13.594709,0.025099,31.1569677284245,69.795358,0.0,dbscl-sentinel-2-2023\dbscl-sentinel-2_2023-11\S2_2023-11-06_03-35-35\20231106T031921_20231106T033447_T48PUR_metadata.json,48PUR
S2B_MSIL2A_20231108T030929_N0509_R075_T48PXS_20231108T052946,0.260441,4.864649,252.747717,46.440548,5.751076,15.044901,32.295973331141,19.46304,0.0,dbscl-sentinel-2-2023\dbscl-sentinel-2_2023-11\S2_2023-11-08_03-25-18\20231108T030929_20231108T032110_T48PXS_metadata.json,48PXS
S2B_MSIL2A_20231108T030929_N0509_R075_T48PXR_20231108T052946,0.107015,5.201597,252.965265,45.328659,16.574678,3.274634,31.5184911642782,47.250476,0.0,dbscl-sentinel-2-2023\dbscl-sentinel-2_2023-11\S2_2023-11-08_03-25-33\20231108T030929_20231108T032110_T48PXR_metadata.json,48PXR
S2B_MSIL2A_20231111T031949_N0509_R118_T48PXT_20231111T054315,0.107633,5.012172,256.558254,39.323699,6.798512,35.19353,32.5790820207104,1.942688,0.0,dbscl-sentinel-2-2023\dbscl-sentinel-2_2023-11\S2_2023-11-11_03-34-58\20231111T031949_20231111T033134_T48PXT_metadata.json,48PXT
S2B_MSIL2A_20231111T031949_N0509_R118_T48PWT_20231111T054315,0.164177,5.411368,254.995082,41.638851,7.210477,26.075825,33.0200298303468,9.979277,0.0,dbscl-sentinel-2-2023\dbscl-sentinel-2_2023-11\S2_2023-11-11_03-35-02\20231111T031949_20231111T033134_T48PWT_metadata.json,48PWT
S2B_MSIL2A_20231111T031949_N0509_R118_T48PVT_20231111T054315,0.161359,5.292273,254.242124,43.963674,9.836968,36.630797,33.476723058103,5.494436,0.0,dbscl-sentinel-2-2023\dbscl-sentinel-2_2023-11\S2_2023-11-11_03-35-05\20231111T031949_20231111T033134_T48PVT_metadata.json,48PVT
S2B_MSIL2A_20231111T031949_N0509_R118_T48PWS_20231111T054315,0.185914,5.582497,253.322927,47.970444,7.669284,22.194101,32.2114971976029,13.179283,0.0,dbscl-sentinel-2-2023\dbscl-sentinel-2_2023-11\S2_2023-11-11_03-35-16\20231111T031949_20231111T033134_T48PWS_metadata.json,48PWS
S2B_MSIL2A_20231111T031949_N0509_R118_T48PVS_20231111T054315,0.221668,5.205549,252.592631,42.322743,25.889373,17.807068,32.6765905047368,27.244598,0.0,dbscl-sentinel-2-2023\dbscl-sentinel-2_2023-11\S2_2023-11-11_03-35-20\20231111T031949_20231111T033134_T48PVS_metadata.json,48PVS
S2A_MSIL2A_20231113T030951_N0509_R075_T48PXR_20231113T061552,0.120592,4.278372,256.653629,49.348924,30.359623,4.876525,32.7360895335738,41.812691,0.0,dbscl-sentinel-2-2023\dbscl-sentinel-2_2023-11\S2_2023-11-13_03-25-30\20231113T030951_20231113T032342_T48PXR_metadata.json,48PXR
S2A_MSIL2A_20231116T032011_N0509_R118_T48PWT_20231116T084257,0.317862,4.442924,255.984493,42.493874,29.028645,26.600343,34.2501305020993,7.65181,0.0,dbscl-sentinel-2-2023\dbscl-sentinel-2_2023-11\S2_2023-11-16_03-34-59\20231116T032011_20231116T033152_T48PWT_metadata.json,48PWT
S2B_MSIL2A_20231118T031019_N0509_R075_T48PXS_20231118T053154,0.263875,4.162,251.137706,44.186619,21.539003,24.850863,34.6956197253474,20.865901,0.0,dbscl-sentinel-2-2023\dbscl-sentinel-2_2023-11\S2_2023-11-18_03-25-14\20231118T031019_20231118T032247_T48PXS_metadata.json,48PXS
S2B_MSIL2A_20231118T031019_N0509_R075_T48PXR_20231118T053154,0.218265,4.328337,251.125667,20.809233,14.441283,9.242474,33.9003488996942,64.770949,0.0,dbscl-sentinel-2-2023\dbscl-sentinel-2_2023-11\S2_2023-11-18_03-25-29\20231118T031019_20231118T032247_T48PXR_metadata.json,48PXR
S2A_MSIL2A_20231119T033031_N0509_R018_T48PUS_20231119T062358,0.071615,2.911694,252.572925,49.790111,24.33162,16.372637,33.8087486792462,32.082066,0.0,dbscl-sentinel-2-2023\dbscl-sentinel-2_2023-11\S2_2023-11-19_03-45-14\20231119T033031_20231119T034454_T48PUS_metadata.json,48PUS
S2A_MSIL2A_20231119T033031_N0509_R018_T48PUR_20231119T062358,0.127216,3.459001,253.232587,45.911023,31.937709,0.026259,32.9856085576147,54.060733,0.0,dbscl-sentinel-2-2023\dbscl-sentinel-2_2023-11\S2_2023-11-19_03-45-28\20231119T033031_20231119T034454_T48PUR_metadata.json,48PUR
S2B_MSIL2A_20231121T032029_N0509_R118_T48PXT_20231121T054448,0.090292,3.734585,255.016176,20.944983,3.390713,52.120501,34.9850006739748,3.246973,0.0,dbscl-sentinel-2-2023\dbscl-sentinel-2_2023-11\S2_2023-11-21_03-34-53\20231121T032029_20231121T033303_T48PXT_metadata.json,48PXT
S2B_MSIL2A_20231121T032029_N0509_R118_T48PWT_20231121T054448,0.251558,4.034275,255.008958,8.277272,5.724165,40.779132,35.4048090449317,12.537082,0.0,dbscl-sentinel-2-2023\dbscl-sentinel-2_2023-11\S2_2023-11-21_03-34-57\20231121T032029_20231121T033303_T48PWT_metadata.json,48PWT
S2B_MSIL2A_20231121T032029_N0509_R118_T48PVT_20231121T054448,0.233036,3.796311,254.391016,10.059945,9.78644,64.630628,35.8394741113334,6.606086,0.0,dbscl-sentinel-2-2023\dbscl-sentinel-2_2023-11\S2_2023-11-21_03-35-00\20231121T032029_20231121T033303_T48PVT_metadata.json,48PVT
S2B_MSIL2A_20231121T032029_N0509_R118_T48PVS_20231121T054448,0.239517,4.321823,253.86541,16.274993,14.519069,26.015988,35.0268528854327,42.75423,0.0,dbscl-sentinel-2-2023\dbscl-sentinel-2_2023-11\S2_2023-11-21_03-35-15\20231121T032029_20231121T033303_T48PVS_metadata.json,48PVS
S2B_MSIL2A_20231121T032029_N0509_R118_T48PUS_20231121T054448,0.118532,3.688129,253.892703,23.493508,22.619268,30.372915,35.4830635969198,42.620933,0.0,dbscl-sentinel-2-2023\dbscl-sentinel-2_2023-11\S2_2023-11-21_03-35-18\20231121T032029_20231121T033303_T48PUS_metadata.json,48PUS
S2B_MSIL2A_20231121T032029_N0509_R118_T48PVR_20231121T054448,0.265126,4.103214,254.008446,43.177822,16.901928,1.705077,34.2186627060224,49.431413,0.0,dbscl-sentinel-2-2023\dbscl-sentinel-2_2023-11\S2_2023-11-21_03-35-29\20231121T032029_20231121T033303_T48PVR_metadata.json,48PVR
S2B_MSIL2A_20231201T032059_N0509_R118_T48PXT_20231201T054647,0.084567,4.024223,253.837592,23.544252,20.870495,55.076551,37.0042555270806,3.113501,0.0,dbscl-sentinel-2-2023\dbscl-sentinel-2_2023-12\S2_2023-12-01_03-34-54\20231201T032059_20231201T033245_T48PXT_metadata.json,48PXT
S2B_MSIL2A_20231201T032059_N0509_R118_T48PWT_20231201T054647,0.245828,4.53041,254.177675,26.586539,19.980933,31.055477,37.4169108878145,8.161104,0.0,dbscl-sentinel-2-2023\dbscl-sentinel-2_2023-12\S2_2023-12-01_03-34-58\20231201T032059_20231201T033245_T48PWT_metadata.json,48PWT
S2B_MSIL2A_20231201T032059_N0509_R118_T48PXS_20231201T054647,0.347834,3.984186,253.781685,43.33415,5.477172,30.074921,36.173983576128,3.186206,0.0,dbscl-sentinel-2-2023\dbscl-sentinel-2_2023-12\S2_2023-12-01_03-35-08\20231201T032059_20231201T033245_T48PXS_metadata.json,48PXS
S2B_MSIL2A_20231201T032059_N0509_R118_T48PWS_20231201T054647,0.293717,4.425396,254.021497,29.048285,12.3739,25.438976,36.593037022925,5.883882,0.0,dbscl-sentinel-2-2023\dbscl-sentinel-2_2023-12\S2_2023-12-01_03-35-12\20231201T032059_20231201T033245_T48PWS_metadata.json,48PWS
S2B_MSIL2A_20231201T032059_N0509_R118_T48PXR_20231201T054647,0.210541,4.177052,254.124551,38.054365,10.197453,15.173741,35.347048394416,34.268954,0.0,dbscl-sentinel-2-2023\dbscl-sentinel-2_2023-12\S2_2023-12-01_03-35-23\20231201T032059_20231201T033245_T48PXR_metadata.json,48PXR
S2B_MSIL2A_20231201T032059_N0509_R118_T48PVQ_20231201T054647,0.195328,3.863941,253.275639,40.403634,31.036898,1.715379,35.4031846501744,56.505591,0.0,dbscl-sentinel-2-2023\dbscl-sentinel-2_2023-12\S2_2023-12-01_03-35-44\20231201T032059_20231201T033245_T48PVQ_metadata.json,48PVQ
S2B_MSIL2A_20231204T033119_N0509_R018_T48PUS_20231204T055435,0.089395,4.685433,249.094604,18.040393,15.561502,17.227814,36.7913514580712,61.732095,0.0,dbscl-sentinel-2-2023\dbscl-sentinel-2_2023-12\S2_2023-12-04_03-45-13\20231204T033119_20231204T034218_T48PUS_metadata.json,48PUS
S2B_MSIL2A_20231204T033119_N0509_R018_T48PUR_20231204T055435,0.237522,4.644019,248.231701,27.399421,24.791782,0.129056,35.9630253279422,72.43821,0.0,dbscl-sentinel-2-2023\dbscl-sentinel-2_2023-12\S2_2023-12-04_03-45-28\20231204T033119_20231204T034218_T48PUR_metadata.json,48PUR
S2A_MSIL2A_20231206T032111_N0509_R118_T48PVT_20231206T062148,0.203203,3.763589,254.476646,38.642678,25.977498,39.690626,38.6861521969446,1.708914,0.0,dbscl-sentinel-2-2023\dbscl-sentinel-2_2023-12\S2_2023-12-06_03-34-57\20231206T032111_20231206T033445_T48PVT_metadata.json,48PVT
S2A_MSIL2A_20231209T033131_N0509_R018_T48PUS_20231209T062846,0.089495,3.858378,240.852747,14.812434,9.703498,19.12961,37.5529914762869,62.525707,0.0,dbscl-sentinel-2-2023\dbscl-sentinel-2_2023-12\S2_2023-12-09_03-45-11\20231209T033131_20231209T034400_T48PUS_metadata.json,48PUS
S2B_MSIL2A_20231211T032129_N0509_R118_T48PXT_20231211T054313,0.113822,3.235912,248.291451,17.460717,7.002513,50.044239,38.5385498454181,2.43448,0.0,dbscl-sentinel-2-2023\dbscl-sentinel-2_2023-12\S2_2023-12-11_03-34-54\20231211T032129_20231211T032959_T48PXT_metadata.json,48PXT
S2B_MSIL2A_20231211T032129_N0509_R118_T48PWT_20231211T054313,0.287822,3.561367,248.82086,20.337491,11.381748,33.514416,38.9564801433383,4.831056,0.0,dbscl-sentinel-2-2023\dbscl-sentinel-2_2023-12\S2_2023-12-11_03-34-57\20231211T032129_20231211T032959_T48PWT_metadata.json,48PWT
S2B_MSIL2A_20231211T032129_N0509_R118_T48PVT_20231211T054313,0.310675,3.524742,248.282165,40.204808,9.871558,23.975594,39.3875181719961,3.320546,0.0,dbscl-sentinel-2-2023\dbscl-sentinel-2_2023-12\S2_2023-12-11_03-35-00\20231211T032129_20231211T032959_T48PVT_metadata.json,48PVT
S2B_MSIL2A_20231211T032129_N0509_R118_T48PXS_20231211T054313,0.269763,3.323964,248.673111,21.905799,13.100934,49.34366,37.7108617875879,4.825409,0.0,dbscl-sentinel-2-2023\dbscl-sentinel-2_2023-12\S2_2023-12-11_03-35-08\20231211T032129_20231211T032959_T48PXS_metadata.json,48PXS
S2B_MSIL2A_20231211T032129_N0509_R118_T48PWS_20231211T054313,0.335439,3.654839,248.86603,11.251651,8.786371,45.918611,38.134893042247,4.209044,0.0,dbscl-sentinel-2-2023\dbscl-sentinel-2_2023-12\S2_2023-12-11_03-35-12\20231211T032129_20231211T032959_T48PWS_metadata.json,48PWS
S2B_MSIL2A_20231211T032129_N0509_R118_T48PVS_20231211T054313,0.299635,3.763215,247.904322,29.397023,18.038212,19.285633,38.5723103811547,31.766945,0.0,dbscl-sentinel-2-2023\dbscl-sentinel-2_2023-12\S2_2023-12-11_03-35-15\20231211T032129_20231211T032959_T48PVS_metadata.json,48PVS
S2B_MSIL2A_20231211T032129_N0509_R118_T48PUS_20231211T054313,0.242849,3.573212,247.353174,32.495761,8.416835,12.43788,39.0222699981028,48.9528,0.0,dbscl-sentinel-2-2023\dbscl-sentinel-2_2023-12\S2_2023-12-11_03-35-18\20231211T032129_20231211T032959_T48PUS_metadata.json,48PUS
S2B_MSIL2A_20231211T032129_N0509_R118_T48PXR_20231211T054313,0.245915,3.349544,248.542129,26.156756,12.053949,28.422055,36.8864177407534,29.498911,0.0,dbscl-sentinel-2-2023\dbscl-sentinel-2_2023-12\S2_2023-12-11_03-35-23\20231211T032129_20231211T032959_T48PXR_metadata.json,48PXR
S2B_MSIL2A_20231211T032129_N0509_R118_T48PWR_20231211T054313,0.287977,3.872888,248.266821,47.682762,38.180229,26.269221,37.3168468006474,3.772944,0.0,dbscl-sentinel-2-2023\dbscl-sentinel-2_2023-12\S2_2023-12-11_03-35-26\20231211T032129_20231211T032959_T48PWR_metadata.json,48PWR
S2B_MSIL2A_20231211T032129_N0509_R118_T48PVR_20231211T054313,0.389869,3.380958,247.873218,21.123487,20.445141,9.107889,37.7609399580576,63.565403,0.0,dbscl-sentinel-2-2023\dbscl-sentinel-2_2023-12\S2_2023-12-11_03-35-29\20231211T032129_20231211T032959_T48PVR_metadata.json,48PVR
S2B_MSIL2A_20231211T032129_N0509_R118_T48PUR_20231211T054313,0.261939,3.934063,247.794402,47.247761,46.974081,0.047718,38.217820887263,52.702338,0.0,dbscl-sentinel-2-2023\dbscl-sentinel-2_2023-12\S2_2023-12-11_03-35-32\20231211T032129_20231211T032959_T48PUR_metadata.json,48PUR
S2B_MSIL2A_20231211T032129_N0509_R118_T48PVQ_20231211T054313,0.198497,3.372602,248.740711,31.726956,26.882142,3.911347,36.9526813523547,58.520645,0.0,dbscl-sentinel-2-2023\dbscl-sentinel-2_2023-12\S2_2023-12-11_03-35-44\20231211T032129_20231211T032959_T48PVQ_metadata.json,48PVQ
S2A_MSIL2A_20231216T032131_N0510_R118_T48PXT_20231216T065650,0.119979,3.754673,243.474212,19.916995,4.296521,46.371424,39.0955713508334,2.358215,0.0,dbscl-sentinel-2-2023\dbscl-sentinel-2_2023-12\S2_2023-12-16_03-34-53\20231216T032131_20231216T032622_T48PXT_metadata.json,48PXT
S2A_MSIL2A_20231216T032131_N0510_R118_T48PWT_20231216T065650,0.275968,3.940609,242.966284,19.516122,5.463635,34.799856,39.520142221229,4.73019,0.0,dbscl-sentinel-2-2023\dbscl-sentinel-2_2023-12\S2_2023-12-16_03-34-56\20231216T032131_20231216T032622_T48PWT_metadata.json,48PWT
S2A_MSIL2A_20231216T032131_N0510_R118_T48PVT_20231216T065650,0.232883,3.611461,242.157583,14.767699,6.691366,41.925052,39.957443533921,3.267552,0.0,dbscl-sentinel-2-2023\dbscl-sentinel-2_2023-12\S2_2023-12-16_03-35-00\20231216T032131_20231216T032622_T48PVT_metadata.json,48PVT
S2A_MSIL2A_20231216T032131_N0510_R118_T48PXS_20231216T065650,0.221607,4.063573,244.237503,14.011821,3.016673,53.553098,38.2710904323497,4.003696,0.0,dbscl-sentinel-2-2023\dbscl-sentinel-2_2023-12\S2_2023-12-16_03-35-05\20231216T032131_20231216T032622_T48PXS_metadata.json,48PXS
S2A_MSIL2A_20231216T032131_N0510_R118_T48PWS_20231216T065650,0.287458,4.127758,243.66253,8.873314,0.55385,49.371585,38.7017232214365,4.077803,0.0,dbscl-sentinel-2-2023\dbscl-sentinel-2_2023-12\S2_2023-12-16_03-35-07\20231216T032131_20231216T032622_T48PWS_metadata.json,48PWS
S2A_MSIL2A_20231216T032131_N0510_R118_T48PVS_20231216T065650,0.293012,3.836305,243.27817,21.542841,6.77068,44.026247,39.1453557816369,1.480102,0.0,dbscl-sentinel-2-2023\dbscl-sentinel-2_2023-12\S2_2023-12-16_03-35-09\20231216T032131_20231216T032622_T48PVS_metadata.json,48PVS
S2A_MSIL2A_20231216T032131_N0510_R118_T48PXS_20231216T060651,0.167936,3.927598,244.148084,9.344654,8.375776,69.103026,38.2710904323495,7.851051,0.0,dbscl-sentinel-2-2023\dbscl-sentinel-2_2023-12\S2_2023-12-16_03-35-12\20231216T032131_20231216T033505_T48PXS_metadata.json,48PXS
S2A_MSIL2A_20231216T032131_N0510_R118_T48PWS_20231216T060651,0.215436,4.029323,243.576942,7.331572,0.000144,56.424451,38.7017232214363,4.700907,0.0,dbscl-sentinel-2-2023\dbscl-sentinel-2_2023-12\S2_2023-12-16_03-35-14\20231216T032131_20231216T033505_T48PWS_metadata.json,48PWS
S2A_MSIL2A_20231216T032131_N0510_R118_T48PVS_20231216T060651,0.305502,3.91737,243.192139,23.030972,3.774836,19.556852,39.1453557816367,39.828902,0.0,dbscl-sentinel-2-2023\dbscl-sentinel-2_2023-12\S2_2023-12-16_03-35-15\20231216T032131_20231216T033505_T48PVS_metadata.json,48PVS
S2A_MSIL2A_20231216T032131_N0510_R118_T48PUS_20231216T060651,0.237195,3.575482,242.71844,5.628852,0.053792,24.164069,39.60115170812,65.330207,0.0,dbscl-sentinel-2-2023\dbscl-sentinel-2_2023-12\S2_2023-12-16_03-35-18\20231216T032131_20231216T033505_T48PUS_metadata.json,48PUS
S2A_MSIL2A_20231216T032131_N0510_R118_T48PXR_20231216T060651,0.203853,4.063241,244.232303,13.129938,6.958374,32.808349,37.449935310213,35.502088,0.0,dbscl-sentinel-2-2023\dbscl-sentinel-2_2023-12\S2_2023-12-16_03-35-22\20231216T032131_20231216T033505_T48PXR_metadata.json,48PXR
S2A_MSIL2A_20231216T032131_N0510_R118_T48PWR_20231216T060651,0.251891,4.06426,244.306524,2.394614,0.154608,46.188888,37.8869211564373,17.579022,0.0,dbscl-sentinel-2-2023\dbscl-sentinel-2_2023-12\S2_2023-12-16_03-35-25\20231216T032131_20231216T033505_T48PWR_metadata.json,48PWR
S2A_MSIL2A_20231216T032131_N0510_R118_T48PVR_20231216T060651,0.185971,3.837302,243.842281,5.072992,1.52739,14.926191,38.3371677898468,71.837837,0.0,dbscl-sentinel-2-2023\dbscl-sentinel-2_2023-12\S2_2023-12-16_03-35-29\20231216T032131_20231216T033505_T48PVR_metadata.json,48PVR
S2A_MSIL2A_20231216T032131_N0510_R118_T48PUR_20231216T060651,0.150497,3.949995,242.805499,12.464164,9.667864,0.044117,38.7998093530722,87.486577,0.0,dbscl-sentinel-2-2023\dbscl-sentinel-2_2023-12\S2_2023-12-16_03-35-31\20231216T032131_20231216T033505_T48PUR_metadata.json,48PUR
S2A_MSIL2A_20231216T032131_N0510_R118_T48PWQ_20231216T060651,0.175354,4.335346,245.509707,3.066294,0.600662,3.999267,37.0749442001826,87.32267,0.0,dbscl-sentinel-2-2023\dbscl-sentinel-2_2023-12\S2_2023-12-16_03-35-40\20231216T032131_20231216T033505_T48PWQ_metadata.json,48PWQ
S2A_MSIL2A_20231216T032131_N0510_R118_T48PVQ_20231216T060651,0.172256,4.210555,244.756615,4.813056,1.410082,5.417427,37.5321109565475,83.337134,0.0,dbscl-sentinel-2-2023\dbscl-sentinel-2_2023-12\S2_2023-12-16_03-35-43\20231216T032131_20231216T033505_T48PVQ_metadata.json,48PVQ
S2B_MSIL2A_20231218T031139_N0510_R075_T48PXS_20231218T052307,0.264048,3.962518,245.440916,37.4771,12.006152,25.832888,39.6686890716703,16.476528,0.0,dbscl-sentinel-2-2023\dbscl-sentinel-2_2023-12\S2_2023-12-18_03-25-16\20231218T031139_20231218T032328_T48PXS_metadata.json,48PXS
S2A_MSIL2A_20231219T033141_N0510_R018_T48PUS_20231219T064753,0.071611,3.487171,248.093498,8.067383,6.658135,18.792777,38.6383997655818,69.56467,0.0,dbscl-sentinel-2-2023\dbscl-sentinel-2_2023-12\S2_2023-12-19_03-45-12\20231219T033141_20231219T034413_T48PUS_metadata.json,48PUS
S2A_MSIL2A_20231219T033141_N0510_R018_T48PUR_20231219T064753,0.192501,3.831016,248.780147,14.652766,11.976927,0.153916,37.8180724048302,85.182273,0.0,dbscl-sentinel-2-2023\dbscl-sentinel-2_2023-12\S2_2023-12-19_03-45-27\20231219T033141_20231219T034413_T48PUR_metadata.json,48PUR
S2B_MSIL2A_20231221T032139_N0510_R118_T48PXT_20231221T053506,0.06584,3.879455,244.42452,0.000267,5.1e-05,68.210006,39.4882632141922,2.66496,0.0,dbscl-sentinel-2-2023\dbscl-sentinel-2_2023-12\S2_2023-12-21_03-34-58\20231221T032139_20231221T033324_T48PXT_metadata.json,48PXT
S2B_MSIL2A_20231221T032139_N0510_R118_T48PWT_20231221T053506,0.138363,4.139595,245.759224,0.001593,0.0,55.863804,39.9213263817718,5.393373,0.0,dbscl-sentinel-2-2023\dbscl-sentinel-2_2023-12\S2_2023-12-21_03-35-01\20231221T032139_20231221T033324_T48PWT_metadata.json,48PWT
S2B_MSIL2A_20231221T032139_N0510_R118_T48PVT_20231221T053506,0.13155,4.060001,246.924284,2.998857,0.0,50.132453,40.3667902741168,3.998369,0.0,dbscl-sentinel-2-2023\dbscl-sentinel-2_2023-12\S2_2023-12-21_03-35-04\20231221T032139_20231221T033324_T48PVT_metadata.json,48PVT
S2B_MSIL2A_20231221T032139_N0510_R118_T48PXS_20231221T053506,0.138049,4.270699,242.66219,0.000757,0.00036,71.157819,38.6680276183186,5.924321,0.0,dbscl-sentinel-2-2023\dbscl-sentinel-2_2023-12\S2_2023-12-21_03-35-12\20231221T032139_20231221T033324_T48PXS_metadata.json,48PXS
S2B_MSIL2A_20231221T032139_N0510_R118_T48PWS_20231221T053506,0.131401,4.507699,243.335827,0.001294,0.000511,68.36313,39.1071765319506,4.686783,0.0,dbscl-sentinel-2-2023\dbscl-sentinel-2_2023-12\S2_2023-12-21_03-35-16\20231221T032139_20231221T033324_T48PWS_metadata.json,48PWS
S2B_MSIL2A_20231221T032139_N0510_R118_T48PVS_20231221T053506,0.13765,4.331113,244.437,0.446976,0.330775,34.33468,39.558977508185,43.673825,0.0,dbscl-sentinel-2-2023\dbscl-sentinel-2_2023-12\S2_2023-12-21_03-35-19\20231221T032139_20231221T033324_T48PVS_metadata.json,48PVS
S2B_MSIL2A_20231221T032139_N0510_R118_T48PUS_20231221T053506,0.088735,3.861173,245.437139,1.504996,0.163434,31.951946,40.0225957479953,62.751472,0.0,dbscl-sentinel-2-2023\dbscl-sentinel-2_2023-12\S2_2023-12-21_03-35-22\20231221T032139_20231221T033324_T48PUS_metadata.json,48PUS
S2B_MSIL2A_20231221T032139_N0510_R118_T48PXR_20231221T053506,0.173876,4.386889,242.826209,11.238587,10.898661,37.183675,37.8511937526804,34.855837,0.0,dbscl-sentinel-2-2023\dbscl-sentinel-2_2023-12\S2_2023-12-21_03-35-27\20231221T032139_20231221T033324_T48PXR_metadata.json,48PXR
S2B_MSIL2A_20231221T032139_N0510_R118_T48PWR_20231221T053506,0.197866,4.629671,243.331479,2.487683,2.468469,48.982653,38.2967080022377,18.532065,0.0,dbscl-sentinel-2-2023\dbscl-sentinel-2_2023-12\S2_2023-12-21_03-35-30\20231221T032139_20231221T033324_T48PWR_metadata.json,48PWR
S2B_MSIL2A_20231221T032139_N0510_R118_T48PVR_20231221T053506,0.149924,4.657545,243.596081,31.310233,7.684924,15.203632,38.7551255027595,45.577338,0.0,dbscl-sentinel-2-2023\dbscl-sentinel-2_2023-12\S2_2023-12-21_03-35-33\20231221T032139_20231221T033324_T48PVR_metadata.json,48PVR
S2B_MSIL2A_20231221T032139_N0510_R118_T48PUR_20231221T053506,0.108102,4.421007,243.998476,22.806074,13.959095,0.050544,39.2255823278298,77.140468,0.0,dbscl-sentinel-2-2023\dbscl-sentinel-2_2023-12\S2_2023-12-21_03-35-36\20231221T032139_20231221T033324_T48PUR_metadata.json,48PUR
S2B_MSIL2A_20231221T032139_N0510_R118_T48PWQ_20231221T053506,0.179829,5.090625,243.512928,19.668889,13.752702,4.360812,37.4891955653496,70.980442,0.0,dbscl-sentinel-2-2023\dbscl-sentinel-2_2023-12\S2_2023-12-21_03-35-45\20231221T032139_20231221T033324_T48PWQ_metadata.json,48PWQ
S2B_MSIL2A_20231221T032139_N0510_R118_T48PVQ_20231221T053506,0.154702,5.046397,244.0986,24.990062,10.072873,5.102578,37.9545304596451,64.285898,0.0,dbscl-sentinel-2-2023\dbscl-sentinel-2_2023-12\S2_2023-12-21_03-35-48\20231221T032139_20231221T033324_T48PVQ_metadata.json,48PVQ
S2A_MSIL2A_20231226T032141_N0510_R118_T48PXT_20231226T065149,0.095688,3.969723,244.629831,0.001384,7e-06,68.385601,39.7381027873709,2.766577,0.0,dbscl-sentinel-2-2023\dbscl-sentinel-2_2023-12\S2_2023-12-26_03-34-54\20231226T032141_20231226T032624_T48PXT_metadata.json,48PXT
S2A_MSIL2A_20231226T032141_N0510_R118_T48PWT_20231226T065149,0.144336,4.13301,244.606573,0.003998,0.000156,56.247365,40.1822752066431,5.106021,0.0,dbscl-sentinel-2-2023\dbscl-sentinel-2_2023-12\S2_2023-12-26_03-34-57\20231226T032141_20231226T032624_T48PWT_metadata.json,48PWT
S2A_MSIL2A_20231226T032141_N0510_R118_T48PVT_20231226T065149,0.149192,3.952575,244.353712,1.572085,1.551694,49.80095,40.6385339350358,3.53971,0.0,dbscl-sentinel-2-2023\dbscl-sentinel-2_2023-12\S2_2023-12-26_03-35-01\20231226T032141_20231226T032624_T48PVT_metadata.json,48PVT
S2A_MSIL2A_20231226T032141_N0510_R118_T48PXS_20231226T065149,0.17975,4.653494,244.372272,4.449994,3.179693,64.972794,38.9235545785422,4.705033,0.0,dbscl-sentinel-2-2023\dbscl-sentinel-2_2023-12\S2_2023-12-26_03-35-07\20231226T032141_20231226T032624_T48PXS_metadata.json,48PXS
S2A_MSIL2A_20231226T032141_N0510_R118_T48PWS_20231226T065149,0.16246,4.590925,244.212224,0.001252,0.0,67.246091,39.3738911467849,4.457638,0.0,dbscl-sentinel-2-2023\dbscl-sentinel-2_2023-12\S2_2023-12-26_03-35-09\20231226T032141_20231226T032624_T48PWS_metadata.json,48PWS
S2A_MSIL2A_20231226T032141_N0510_R118_T48PVS_20231226T065149,0.137496,4.185853,243.778317,0.010064,0.0,59.233683,39.8365543032749,2.803982,0.0,dbscl-sentinel-2-2023\dbscl-sentinel-2_2023-12\S2_2023-12-26_03-35-10\20231226T032141_20231226T032624_T48PVS_metadata.json,48PVS
S2A_MSIL2A_20231226T032141_N0510_R118_T48PXS_20231226T061657,0.209446,4.751655,244.313512,11.457758,6.851803,66.478014,38.9235545785423,7.724832,0.0,dbscl-sentinel-2-2023\dbscl-sentinel-2_2023-12\S2_2023-12-26_03-35-14\20231226T032141_20231226T033507_T48PXS_metadata.json,48PXS
S2A_MSIL2A_20231226T032141_N0510_R118_T48PWS_20231226T061657,0.167648,4.744732,244.191869,0.005588,0.0,74.107987,39.373891146785,4.905816,0.0,dbscl-sentinel-2-2023\dbscl-sentinel-2_2023-12\S2_2023-12-26_03-35-15\20231226T032141_20231226T033507_T48PWS_metadata.json,48PWS
S2A_MSIL2A_20231226T032141_N0510_R118_T48PVS_20231226T061657,0.209795,4.428757,243.776845,0.007837,6e-05,28.956601,39.8365543032749,56.487739,0.0,dbscl-sentinel-2-2023\dbscl-sentinel-2_2023-12\S2_2023-12-26_03-35-17\20231226T032141_20231226T033507_T48PVS_metadata.json,48PVS
S2A_MSIL2A_20231226T032141_N0510_R118_T48PUS_20231226T061657,0.094982,3.863772,243.699759,0.291215,0.0,26.889324,40.3107039064163,69.266939,0.0,dbscl-sentinel-2-2023\dbscl-sentinel-2_2023-12\S2_2023-12-26_03-35-19\20231226T032141_20231226T033507_T48PUS_metadata.json,48PUS
S2A_MSIL2A_20231226T032141_N0510_R118_T48PXR_20231226T061657,0.275939,4.710205,243.923075,36.475855,7.047466,23.636493,38.1125955963694,24.355748,0.0,dbscl-sentinel-2-2023\dbscl-sentinel-2_2023-12\S2_2023-12-26_03-35-23\20231226T032141_20231226T033507_T48PXR_metadata.json,48PXR
S2A_MSIL2A_20231226T032141_N0510_R118_T48PWR_20231226T061657,0.239802,4.917236,243.771601,26.904449,5.942426,41.004387,38.5693811625333,5.591153,0.0,dbscl-sentinel-2-2023\dbscl-sentinel-2_2023-12\S2_2023-12-26_03-35-26\20231226T032141_20231226T033507_T48PWR_metadata.json,48PWR
S2A_MSIL2A_20231226T032141_N0510_R118_T48PVR_20231226T061657,0.185925,4.967245,243.409357,0.000723,7e-06,14.608103,39.0387229693373,76.859677,0.0,dbscl-sentinel-2-2023\dbscl-sentinel-2_2023-12\S2_2023-12-26_03-35-30\20231226T032141_20231226T033507_T48PVR_metadata.json,48PVR
S2A_MSIL2A_20231226T032141_N0510_R118_T48PUR_20231226T061657,0.17078,4.656989,243.320146,0.001606,7e-06,0.050196,39.5197535174035,99.945581,0.0,dbscl-sentinel-2-2023\dbscl-sentinel-2_2023-12\S2_2023-12-26_03-35-32\20231226T032141_20231226T033507_T48PUR_metadata.json,48PUR
S2A_MSIL2A_20231226T032141_N0510_R118_T48PVQ_20231226T061657,0.207299,5.178385,243.184071,21.182843,2.63532,2.035511,38.2442928345313,72.36402,0.0,dbscl-sentinel-2-2023\dbscl-sentinel-2_2023-12\S2_2023-12-26_03-35-44\20231226T032141_20231226T033507_T48PVQ_metadata.json,48PVQ
S2B_MSIL2A_20231228T031139_N0510_R075_T48PXT_20231228T052710,0.088715,4.853524,240.304578,1.880702,0.740599,63.791549,41.0407393360016,1.872749,0.0,dbscl-sentinel-2-2023\dbscl-sentinel-2_2023-12\S2_2023-12-28_03-25-03\20231228T031139_20231228T032329_T48PXT_metadata.json,48PXT
S2B_MSIL2A_20231228T031139_N0510_R075_T48PXS_20231228T052710,0.281782,5.305854,240.016213,31.243852,2.83806,26.287416,40.2502969469297,16.269906,0.0,dbscl-sentinel-2-2023\dbscl-sentinel-2_2023-12\S2_2023-12-28_03-25-17\20231228T031139_20231228T032329_T48PXS_metadata.json,48PXS
S2A_MSIL2A_20231229T033141_N0510_R018_T48PUS_20231229T064651,0.09537,4.61324,240.958333,19.128883,7.119871,17.002039,39.1048942124211,59.194654,0.0,dbscl-sentinel-2-2023\dbscl-sentinel-2_2023-12\S2_2023-12-29_03-45-13\20231229T033141_20231229T034030_T48PUS_metadata.json,48PUS
S2A_MSIL2A_20231229T033141_N0510_R018_T48PUR_20231229T064651,0.332819,5.017014,240.8146,21.633282,5.081674,0.171908,38.296115363488,78.181714,0.0,dbscl-sentinel-2-2023\dbscl-sentinel-2_2023-12\S2_2023-12-29_03-45-28\20231229T033141_20231229T034030_T48PUR_metadata.json,48PUR
S2B_MSIL2A_20231231T032139_N0510_R118_T48PXT_20231231T053538,0.089631,4.284741,241.505781,6.694673,0.262631,60.991496,39.8099702253764,2.270419,0.0,dbscl-sentinel-2-2023\dbscl-sentinel-2_2023-12\S2_2023-12-31_03-34-58\20231231T032139_20231231T033007_T48PXT_metadata.json,48PXT
S2B_MSIL2A_20231231T032139_N0510_R118_T48PWT_20231231T053538,0.25181,4.687723,242.310614,13.125411,0.69018,42.93924,40.2665028949502,4.128779,0.0,dbscl-sentinel-2-2023\dbscl-sentinel-2_2023-12\S2_2023-12-31_03-35-02\20231231T032139_20231231T033007_T48PWT_metadata.json,48PWT
S2B_MSIL2A_20231231T032139_N0510_R118_T48PVT_20231231T053538,0.220899,4.417328,242.160463,4.517426,0.629306,43.895411,40.7348586362652,3.215845,0.0,dbscl-sentinel-2-2023\dbscl-sentinel-2_2023-12\S2_2023-12-31_03-35-05\20231231T032139_20231231T033007_T48PVT_metadata.json,48PVT
S2B_MSIL2A_20231231T032139_N0510_R118_T48PWS_20231231T053538,0.317748,4.769865,240.38776,40.888304,3.035338,35.880429,39.4648769683313,2.257405,0.0,dbscl-sentinel-2-2023\dbscl-sentinel-2_2023-12\S2_2023-12-31_03-35-16\20231231T032139_20231231T033007_T48PWS_metadata.json,48PWS
S2B_MSIL2A_20231231T032139_N0510_R118_T48PVS_20231231T053538,0.299576,4.647913,241.017728,19.468977,8.942522,23.675252,39.9397491674076,39.183888,0.0,dbscl-sentinel-2-2023\dbscl-sentinel-2_2023-12\S2_2023-12-31_03-35-19\20231231T032139_20231231T033007_T48PVS_metadata.json,48PVS
S2B_MSIL2A_20231231T032139_N0510_R118_T48PUS_20231231T053538,0.230888,4.243791,240.95211,24.467218,8.912334,18.906944,40.4258144287881,51.162046,0.0,dbscl-sentinel-2-2023\dbscl-sentinel-2_2023-12\S2_2023-12-31_03-35-23\20231231T032139_20231231T033007_T48PUS_metadata.json,48PUS
S2B_MSIL2A_20231231T032139_N0510_R118_T48PXR_20231231T053538,0.34198,4.62113,241.000778,47.850618,5.294434,13.800995,38.1978931033896,20.846736,0.0,dbscl-sentinel-2-2023\dbscl-sentinel-2_2023-12\S2_2023-12-31_03-35-27\20231231T032139_20231231T033007_T48PXR_metadata.json,48PXR
S2B_MSIL2A_20231231T032139_N0510_R118_T48PVR_20231231T053538,0.305905,4.535747,240.905309,35.211229,31.862146,9.862193,39.1489707039375,46.259183,0.0,dbscl-sentinel-2-2023\dbscl-sentinel-2_2023-12\S2_2023-12-31_03-35-34\20231231T032139_20231231T033007_T48PVR_metadata.json,48PVR
S2B_MSIL2A_20231231T032139_N0510_R118_T48PWQ_20231231T053538,0.126725,4.683671,241.883874,34.390628,16.902515,1.572414,37.8730919890028,59.864831,0.0,dbscl-sentinel-2-2023\dbscl-sentinel-2_2023-12\S2_2023-12-31_03-35-45\20231231T032139_20231231T033007_T48PWQ_metadata.json,48PWQ
S2B_MSIL2A_20231231T032139_N0510_R118_T48PVQ_20231231T053538,0.154982,4.782041,241.681652,34.062919,30.245483,3.008076,38.3618489590842,57.327229,0.0,dbscl-sentinel-2-2023\dbscl-sentinel-2_2023-12\S2_2023-12-31_03-35-48\20231231T032139_20231231T033007_T48PVQ_metadata.json,48PVQ
S2A_MSIL2A_20240102T031131_N0510_R075_T48PXR_20240102T064152,0.228629,4.451226,241.228899,27.275723,5.86884,1.389384,39.5412559292296,66.293651,0.0,dbscl-sentinel-2-2024\dbscl-sentinel-2_2024-01\S2_2024-01-02_03-25-28\20240102T031131_20240102T031800_T48PXR_metadata.json,48PXR
S2B_MSIL2A_20240107T031119_N0510_R075_T48PXS_20240107T052209,0.335866,3.880535,237.189445,36.067533,19.717255,21.605043,40.2153912797325,22.427689,0.0,dbscl-sentinel-2-2024\dbscl-sentinel-2_2024-01\S2_2024-01-07_03-25-15\20240107T031119_20240107T032248_T48PXS_metadata.json,48PXS
S2A_MSIL2A_20240108T033121_N0510_R018_T48PUS_20240108T063549,0.220566,3.5255,236.823604,6.914394,5.479531,18.806675,38.9332349506737,69.735098,0.0,dbscl-sentinel-2-2024\dbscl-sentinel-2_2024-01\S2_2024-01-08_03-45-12\20240108T033121_20240108T034358_T48PUS_metadata.json,48PUS
S2A_MSIL2A_20240108T033121_N0510_R018_T48PUR_20240108T063549,0.336702,3.825003,237.096118,20.023271,19.300629,0.169089,38.1411298669068,79.791808,0.0,dbscl-sentinel-2-2024\dbscl-sentinel-2_2024-01\S2_2024-01-08_03-45-27\20240108T033121_20240108T034358_T48PUR_metadata.json,48PUR
S2B_MSIL2A_20240110T032119_N0510_R118_T48PXT_20240110T053642,0.509328,3.518583,240.210252,36.580294,12.370344,26.465052,39.4879959147081,1.735098,0.0,dbscl-sentinel-2-2024\dbscl-sentinel-2_2024-01\S2_2024-01-10_03-34-55\20240110T032119_20240110T032946_T48PXT_metadata.json,48PXT
S2B_MSIL2A_20240110T032119_N0510_R118_T48PWT_20240110T053642,0.335884,3.548342,240.845667,34.259987,18.579702,33.324033,39.9747053301862,1.806331,0.0,dbscl-sentinel-2-2024\dbscl-sentinel-2_2024-01\S2_2024-01-10_03-34-59\20240110T032119_20240110T032946_T48PWT_metadata.json,48PWT
S2B_MSIL2A_20240110T032119_N0510_R118_T48PXS_20240110T053642,0.35419,3.747106,237.924413,44.0799,10.76715,33.652368,38.6973698469186,2.13785,0.0,dbscl-sentinel-2-2024\dbscl-sentinel-2_2024-01\S2_2024-01-10_03-35-10\20240110T032119_20240110T032946_T48PXS_metadata.json,48PXS
S2B_MSIL2A_20240110T032119_N0510_R118_T48PXR_20240110T053642,0.28788,3.84331,236.253322,18.227701,18.004598,29.897898,37.9111497463743,38.658655,0.0,dbscl-sentinel-2-2024\dbscl-sentinel-2_2024-01\S2_2024-01-10_03-35-24\20240110T032119_20240110T032946_T48PXR_metadata.json,48PXR
S2B_MSIL2A_20240110T032119_N0510_R118_T48PWR_20240110T053642,0.305799,3.993156,236.416209,34.587646,11.872708,25.673288,38.4115723310444,14.000714,0.0,dbscl-sentinel-2-2024\dbscl-sentinel-2_2024-01\S2_2024-01-10_03-35-28\20240110T032119_20240110T032946_T48PWR_metadata.json,48PWR
S2A_MSIL2A_20240112T031101_N0510_R075_T48PXS_20240112T062452,0.263971,2.962173,234.698728,32.626516,23.705678,28.880027,39.9730449260899,21.080144,0.0,dbscl-sentinel-2-2024\dbscl-sentinel-2_2024-01\S2_2024-01-12_03-25-10\20240112T031101_20240112T031917_T48PXS_metadata.json,48PXS
S2B_MSIL2A_20240113T033109_N0510_R018_T48PUS_20240113T064244,0.37298,3.37106,234.69611,48.098353,19.132903,4.84326,38.6005755452898,43.859413,0.0,dbscl-sentinel-2-2024\dbscl-sentinel-2_2024-01\S2_2024-01-13_03-45-15\20240113T033109_20240113T034234_T48PUS_metadata.json,48PUS
S2A_MSIL2A_20240115T032101_N0510_R118_T48PXT_20240115T063153,0.11371,2.877208,237.945459,49.263248,28.624639,35.341024,39.0952080853789,1.104717,0.0,dbscl-sentinel-2-2024\dbscl-sentinel-2_2024-01\S2_2024-01-15_03-34-50\20240115T032101_20240115T033220_T48PXT_metadata.json,48PXT
S2A_MSIL2A_20240115T032101_N0510_R118_T48PWT_20240115T063153,0.174081,3.081143,237.813988,44.966829,30.614513,36.918634,39.5992597568106,2.455682,0.0,dbscl-sentinel-2-2024\dbscl-sentinel-2_2024-01\S2_2024-01-15_03-34-53\20240115T032101_20240115T033220_T48PWT_metadata.json,48PWT
S2A_MSIL2A_20240115T032101_N0510_R118_T48PVT_20240115T063153,0.155366,2.670234,237.908188,11.828941,11.759139,40.39773,40.114460370001,1.925003,0.0,dbscl-sentinel-2-2024\dbscl-sentinel-2_2024-01\S2_2024-01-15_03-34-57\20240115T032101_20240115T033220_T48PVT_metadata.json,48PVT
S2A_MSIL2A_20240115T032101_N0510_R118_T48PWS_20240115T063153,0.245711,3.525294,238.372899,29.29258,21.615316,57.013893,38.826384512213,2.335414,0.0,dbscl-sentinel-2-2024\dbscl-sentinel-2_2024-01\S2_2024-01-15_03-35-08\20240115T032101_20240115T033220_T48PWS_metadata.json,48PWS
S2A_MSIL2A_20240115T032101_N0510_R118_T48PVS_20240115T063153,0.21581,3.035079,238.254633,20.883203,20.832568,31.852782,39.348743625196,28.552958,0.0,dbscl-sentinel-2-2024\dbscl-sentinel-2_2024-01\S2_2024-01-15_03-35-11\20240115T032101_20240115T033220_T48PVS_metadata.json,48PVS
S2A_MSIL2A_20240115T032101_N0510_R118_T48PUS_20240115T063153,0.136224,2.591049,238.276886,30.673063,30.559638,31.034997,39.8815003006462,34.431764,0.0,dbscl-sentinel-2-2024\dbscl-sentinel-2_2024-01\S2_2024-01-15_03-35-15\20240115T032101_20240115T033220_T48PUS_metadata.json,48PUS
S2A_MSIL2A_20240115T032101_N0510_R118_T48PVR_20240115T063153,0.3025,3.529564,239.707172,49.621212,44.255278,1.981357,38.5883953724919,46.684554,0.0,dbscl-sentinel-2-2024\dbscl-sentinel-2_2024-01\S2_2024-01-15_03-35-26\20240115T032101_20240115T033220_T48PVR_metadata.json,48PVR
S2A_MSIL2A_20240115T032101_N0510_R118_T48PUR_20240115T063153,0.349944,3.445997,239.594851,46.910927,36.487734,0.050525,39.1287033731854,53.035331,0.0,dbscl-sentinel-2-2024\dbscl-sentinel-2_2024-01\S2_2024-01-15_03-35-29\20240115T032101_20240115T033220_T48PUR_metadata.json,48PUR
S2A_MSIL2A_20240115T032101_N0510_R118_T48PVQ_20240115T063153,0.204995,4.011322,240.346975,44.121858,36.143556,1.592304,37.8328582476125,48.636684,0.0,dbscl-sentinel-2-2024\dbscl-sentinel-2_2024-01\S2_2024-01-15_03-35-40\20240115T032101_20240115T033220_T48PVQ_metadata.json,48PVQ
S2A_MSIL2A_20240118T033051_N0510_R018_T48PUS_20240118T063250,0.298242,3.090478,232.496425,26.783204,24.440843,13.149281,38.1338951049358,56.158012,0.0,dbscl-sentinel-2-2024\dbscl-sentinel-2_2024-01\S2_2024-01-18_03-45-08\20240118T033051_20240118T034404_T48PUS_metadata.json,48PUS
S2A_MSIL2A_20240118T033051_N0510_R018_T48PUR_20240118T063250,0.304915,3.742001,234.42823,19.94072,13.256635,0.045647,37.3640767016532,79.930931,0.0,dbscl-sentinel-2-2024\dbscl-sentinel-2_2024-01\S2_2024-01-18_03-45-22\20240118T033051_20240118T034404_T48PUR_metadata.json,48PUR
S2B_MSIL2A_20240120T032049_N0510_R118_T48PWR_20240120T053543,0.311947,3.819708,229.021117,46.159294,18.943454,22.541684,37.52580446849,8.140736,0.0,dbscl-sentinel-2-2024\dbscl-sentinel-2_2024-01\S2_2024-01-20_03-35-29\20240120T032049_20240120T033226_T48PWR_metadata.json,48PWR
S2B_MSIL2A_20240120T032049_N0510_R118_T48PVR_20240120T053543,0.341967,3.935214,230.154156,47.026306,28.640139,7.134917,38.0737196764273,35.253769,0.0,dbscl-sentinel-2-2024\dbscl-sentinel-2_2024-01\S2_2024-01-20_03-35-32\20240120T032049_20240120T033226_T48PVR_metadata.json,48PVR
S2A_MSIL2A_20240122T031021_N0510_R075_T48PXS_20240122T061950,0.335798,4.297607,233.843805,9.103569,4.707097,38.722986,39.0134721218002,24.88779,0.0,dbscl-sentinel-2-2024\dbscl-sentinel-2_2024-01\S2_2024-01-22_03-25-09\20240122T031021_20240122T032224_T48PXS_metadata.json,48PXS
S2A_MSIL2A_20240122T031021_N0510_R075_T48PXR_20240122T061950,0.1493,4.542506,234.93399,15.21879,15.201889,6.563067,38.2822144467871,70.364016,0.0,dbscl-sentinel-2-2024\dbscl-sentinel-2_2024-01\S2_2024-01-22_03-25-24\20240122T031021_20240122T032224_T48PXR_metadata.json,48PXR
S2B_MSIL2A_20240123T033039_N0510_R018_T48PUS_20240123T054607,0.250293,4.236434,235.031571,6.217757,0.726748,16.31324,37.4812636213553,71.603185,0.0,dbscl-sentinel-2-2024\dbscl-sentinel-2_2024-01\S2_2024-01-23_03-45-16\20240123T033039_20240123T034137_T48PUS_metadata.json,48PUS
S2B_MSIL2A_20240123T033039_N0510_R018_T48PUR_20240123T054607,0.273592,4.645002,234.916114,22.579767,0.755675,0.02632,36.7243547628697,77.296615,0.0,dbscl-sentinel-2-2024\dbscl-sentinel-2_2024-01\S2_2024-01-23_03-45-30\20240123T033039_20240123T034137_T48PUR_metadata.json,48PUR
S2A_MSIL2A_20240125T032021_N0510_R118_T48PXT_20240125T062553,0.144085,3.863078,234.399967,0.208123,0.000131,68.922317,37.8245901944532,2.07403,0.0,dbscl-sentinel-2-2024\dbscl-sentinel-2_2024-01\S2_2024-01-25_03-34-51\20240125T032021_20240125T033420_T48PXT_metadata.json,48PXT
S2A_MSIL2A_20240125T032021_N0510_R118_T48PWT_20240125T062553,0.204243,4.035936,234.15921,0.560416,0.307663,61.356413,38.3657782085873,2.632178,0.0,dbscl-sentinel-2-2024\dbscl-sentinel-2_2024-01\S2_2024-01-25_03-34-54\20240125T032021_20240125T033420_T48PWT_metadata.json,48PWT
S2A_MSIL2A_20240125T032021_N0510_R118_T48PVT_20240125T062553,0.227046,3.864777,233.691397,0.64275,0.120776,39.613274,38.9177634101969,1.791889,0.0,dbscl-sentinel-2-2024\dbscl-sentinel-2_2024-01\S2_2024-01-25_03-34-58\20240125T032021_20240125T033420_T48PVT_metadata.json,48PVT
S2A_MSIL2A_20240125T032021_N0510_R118_T48PXS_20240125T062553,0.215794,4.292817,234.501273,0.737472,0.000421,72.898692,37.0699383210555,4.958945,0.0,dbscl-sentinel-2-2024\dbscl-sentinel-2_2024-01\S2_2024-01-25_03-35-05\20240125T032021_20240125T033420_T48PXS_metadata.json,48PXS
S2A_MSIL2A_20240125T032021_N0510_R118_T48PWS_20240125T062553,0.305794,4.637211,234.063371,7.91009,1.622297,70.964712,37.6188011457994,3.291207,0.0,dbscl-sentinel-2-2024\dbscl-sentinel-2_2024-01\S2_2024-01-25_03-35-09\20240125T032021_20240125T033420_T48PWS_metadata.json,48PWS
S2A_MSIL2A_20240125T032021_N0510_R118_T48PVS_20240125T062553,0.347346,4.252725,233.723312,32.830688,0.02202,29.151705,38.1785650282682,14.819974,0.0,dbscl-sentinel-2-2024\dbscl-sentinel-2_2024-01\S2_2024-01-25_03-35-12\20240125T032021_20240125T033420_T48PVS_metadata.json,48PVS
S2A_MSIL2A_20240125T032021_N0510_R118_T48PUS_20240125T062553,0.261093,3.83363,233.353568,46.685621,0.0,19.378297,38.748264006808,27.743363,0.0,dbscl-sentinel-2-2024\dbscl-sentinel-2_2024-01\S2_2024-01-25_03-35-16\20240125T032021_20240125T033420_T48PUS_metadata.json,48PUS
S2A_MSIL2A_20240125T032021_N0510_R118_T48PXR_20240125T062553,0.161859,4.062582,234.58974,14.228347,0.143279,30.003583,36.3211509210233,36.111593,0.0,dbscl-sentinel-2-2024\dbscl-sentinel-2_2024-01\S2_2024-01-25_03-35-20\20240125T032021_20240125T033420_T48PXR_metadata.json,48PXR
S2A_MSIL2A_20240125T032021_N0510_R118_T48PWR_20240125T062553,0.227933,4.410558,234.34239,6.11846,0.001918,44.568166,36.8779906917679,17.604384,0.0,dbscl-sentinel-2-2024\dbscl-sentinel-2_2024-01\S2_2024-01-25_03-35-23\20240125T032021_20240125T033420_T48PWR_metadata.json,48PWR
S2A_MSIL2A_20240125T032021_N0510_R118_T48PVR_20240125T062553,0.154907,4.235226,234.053289,21.822669,4.6e-05,5.306767,37.4458299349151,61.179161,0.0,dbscl-sentinel-2-2024\dbscl-sentinel-2_2024-01\S2_2024-01-25_03-35-27\20240125T032021_20240125T033420_T48PVR_metadata.json,48PVR
S2A_MSIL2A_20240125T032021_N0510_R118_T48PUR_20240125T062553,0.199354,0.0,233.887502,48.44633,0.0,0.0,38.0236735937079,51.547402,0.0,dbscl-sentinel-2-2024\dbscl-sentinel-2_2024-01\S2_2024-01-25_03-35-29\20240125T032021_20240125T033420_T48PUR_metadata.json,48PUR
S2A_MSIL2A_20240125T032021_N0510_R118_T48PWQ_20240125T062553,0.172709,4.624558,234.257531,2.153709,0.037429,2.791938,36.1429136035778,88.48542,0.0,dbscl-sentinel-2-2024\dbscl-sentinel-2_2024-01\S2_2024-01-25_03-35-38\20240125T032021_20240125T033420_T48PWQ_metadata.json,48PWQ
S2A_MSIL2A_20240125T032021_N0510_R118_T48PVQ_20240125T062553,0.142185,3.867561,233.95052,20.758414,4.6e-05,1.488087,36.7191131986971,72.181189,0.0,dbscl-sentinel-2-2024\dbscl-sentinel-2_2024-01\S2_2024-01-25_03-35-41\20240125T032021_20240125T033420_T48PVQ_metadata.json,48PVQ
S2B_MSIL2A_20240127T031009_N0510_R075_T48PXS_20240127T052359,0.221912,3.676794,231.448898,0.019997,0.001668,44.275442,38.3012806868886,28.258789,0.0,dbscl-sentinel-2-2024\dbscl-sentinel-2_2024-01\S2_2024-01-27_03-25-15\20240127T031009_20240127T032203_T48PXS_metadata.json,48PXS
S2B_MSIL2A_20240127T031009_N0510_R075_T48PXR_20240127T052359,0.151748,3.927671,231.53574,0.181986,1.5e-05,7.754873,37.5854762969218,83.808601,0.0,dbscl-sentinel-2-2024\dbscl-sentinel-2_2024-01\S2_2024-01-27_03-25-29\20240127T031009_20240127T032203_T48PXR_metadata.json,48PXR
S2A_MSIL2A_20240128T033011_N0510_R018_T48PUS_20240128T064349,0.280358,3.145331,235.355624,10.907382,10.265726,17.092957,36.7183588889175,65.840453,0.0,dbscl-sentinel-2-2024\dbscl-sentinel-2_2024-01\S2_2024-01-28_03-45-11\20240128T033011_20240128T034241_T48PUS_metadata.json,48PUS
S2A_MSIL2A_20240128T033011_N0510_R018_T48PUR_20240128T064349,0.253793,3.460999,235.960641,18.218657,18.212943,0.117927,35.9765213771581,81.600571,0.0,dbscl-sentinel-2-2024\dbscl-sentinel-2_2024-01\S2_2024-01-28_03-45-26\20240128T033011_20240128T034241_T48PUR_metadata.json,48PUR
S2B_MSIL2A_20240130T031959_N0510_R118_T48PXT_20240130T053640,0.215563,3.09395,236.552466,16.28114,15.920956,57.613999,36.9687053521618,1.676458,0.0,dbscl-sentinel-2-2024\dbscl-sentinel-2_2024-01\S2_2024-01-30_03-34-54\20240130T031959_20240130T033123_T48PXT_metadata.json,48PXT
S2B_MSIL2A_20240130T031959_N0510_R118_T48PWT_20240130T053640,0.251901,3.497279,237.914403,16.464205,16.307954,48.460492,37.5296872123629,2.408439,0.0,dbscl-sentinel-2-2024\dbscl-sentinel-2_2024-01\S2_2024-01-30_03-34-58\20240130T031959_20240130T033123_T48PWT_metadata.json,48PWT
S2B_MSIL2A_20240130T031959_N0510_R118_T48PVT_20240130T053640,0.304538,3.449697,239.442977,0.477158,0.01704,35.734922,38.1012981130711,1.663092,0.0,dbscl-sentinel-2-2024\dbscl-sentinel-2_2024-01\S2_2024-01-30_03-35-01\20240130T031959_20240130T033123_T48PVT_metadata.json,48PVT
S2B_MSIL2A_20240130T031959_N0510_R118_T48PXS_20240130T053640,0.287848,3.407552,235.563271,18.676335,18.414766,62.564713,36.2287908168115,4.821426,0.0,dbscl-sentinel-2-2024\dbscl-sentinel-2_2024-01\S2_2024-01-30_03-35-09\20240130T031959_20240130T033123_T48PXS_metadata.json,48PXS
S2B_MSIL2A_20240130T031959_N0510_R118_T48PWS_20240130T053640,0.323739,3.392882,236.483627,15.198825,15.10576,69.023901,36.7978573794392,3.633518,0.0,dbscl-sentinel-2-2024\dbscl-sentinel-2_2024-01\S2_2024-01-30_03-35-13\20240130T031959_20240130T033123_T48PWS_metadata.json,48PWS
S2B_MSIL2A_20240130T031959_N0510_R118_T48PVS_20240130T053640,0.317434,3.487303,237.497826,6.940561,6.815578,33.720303,37.3776300038953,37.561893,0.0,dbscl-sentinel-2-2024\dbscl-sentinel-2_2024-01\S2_2024-01-30_03-35-16\20240130T031959_20240130T033123_T48PVS_metadata.json,48PVS
S2B_MSIL2A_20240130T031959_N0510_R118_T48PUS_20240130T053640,0.254882,3.160719,239.056384,28.000149,26.637372,20.606185,37.9671072396901,46.309832,0.0,dbscl-sentinel-2-2024\dbscl-sentinel-2_2024-01\S2_2024-01-30_03-35-19\20240130T031959_20240130T033123_T48PUS_metadata.json,48PUS
S2B_MSIL2A_20240130T031959_N0510_R118_T48PXR_20240130T053640,0.263914,3.468213,235.361422,0.001629,0.0,34.504828,35.4954752400122,45.603207,0.0,dbscl-sentinel-2-2024\dbscl-sentinel-2_2024-01\S2_2024-01-30_03-35-24\20240130T031959_20240130T033123_T48PXR_metadata.json,48PXR
S2B_MSIL2A_20240130T031959_N0510_R118_T48PWR_20240130T053640,0.287987,3.596614,235.640696,19.299328,19.194727,35.508859,36.0729280928578,16.724408,0.0,dbscl-sentinel-2-2024\dbscl-sentinel-2_2024-01\S2_2024-01-30_03-35-27\20240130T031959_20240130T033123_T48PWR_metadata.json,48PWR
S2B_MSIL2A_20240130T031959_N0510_R118_T48PVR_20240130T053640,0.317978,3.283768,236.435966,16.433562,16.430303,9.643459,36.6611447618729,61.401272,0.0,dbscl-sentinel-2-2024\dbscl-sentinel-2_2024-01\S2_2024-01-30_03-35-30\20240130T031959_20240130T033123_T48PVR_metadata.json,48PVR
S2B_MSIL2A_20240130T031959_N0510_R118_T48PUR_20240130T053640,0.221947,3.305006,237.496621,15.261321,15.261264,0.050387,37.2590979573737,84.685338,0.0,dbscl-sentinel-2-2024\dbscl-sentinel-2_2024-01\S2_2024-01-30_03-35-33\20240130T031959_20240130T033123_T48PUR_metadata.json,48PUR
S2B_MSIL2A_20240130T031959_N0510_R118_T48PWQ_20240130T053640,0.176169,3.861507,235.710256,7.354786,7.349265,2.811832,35.3544458887379,83.518422,0.0,dbscl-sentinel-2-2024\dbscl-sentinel-2_2024-01\S2_2024-01-30_03-35-42\20240130T031959_20240130T033123_T48PWQ_metadata.json,48PWQ
S2B_MSIL2A_20240130T031959_N0510_R118_T48PVQ_20240130T053640,0.293992,3.682739,235.803882,2.152548,2.151353,4.175729,35.9513994555516,85.561496,0.0,dbscl-sentinel-2-2024\dbscl-sentinel-2_2024-01\S2_2024-01-30_03-35-45\20240130T031959_20240130T033123_T48PVQ_metadata.json,48PVQ
S2A_MSIL2A_20240201T030941_N0510_R075_T48PXS_20240201T060650,0.455774,3.772746,239.890827,1.127206,0.709789,41.362646,37.4830721811368,27.567229,0.0,dbscl-sentinel-2-2024\dbscl-sentinel-2_2024-02\S2_2024-02-01_03-25-12\20240201T030941_20240201T032439_T48PXS_metadata.json,48PXS
S2A_MSIL2A_20240201T030941_N0510_R075_T48PXR_20240201T060650,0.18772,3.991729,237.87557,13.547054,9.945695,6.130904,36.7849734839418,71.460897,0.0,dbscl-sentinel-2-2024\dbscl-sentinel-2_2024-02\S2_2024-02-01_03-25-27\20240201T030941_20240201T032439_T48PXR_metadata.json,48PXR
S2B_MSIL2A_20240202T032949_N0510_R018_T48PUS_20240202T084835,0.304116,3.582684,240.766663,26.132005,0.021059,7.433622,35.8097249115402,60.887033,0.0,dbscl-sentinel-2-2024\dbscl-sentinel-2_2024-02\S2_2024-02-02_03-45-13\20240202T032949_20240202T034016_T48PUS_metadata.json,48PUS
S2B_MSIL2A_20240202T032949_N0510_R018_T48PUR_20240202T084835,0.323554,4.033996,240.228769,14.22341,1.80714,0.031806,35.0844414547914,85.69181,0.0,dbscl-sentinel-2-2024\dbscl-sentinel-2_2024-02\S2_2024-02-02_03-45-28\20240202T032949_20240202T034016_T48PUR_metadata.json,48PUR
S2A_MSIL2A_20240204T031931_N0510_R118_T48PXT_20240204T062943,0.245796,3.593609,236.48444,5.491885,0.0,59.90811,36.0000971647215,1.853638,0.0,dbscl-sentinel-2-2024\dbscl-sentinel-2_2024-02\S2_2024-02-04_03-34-53\20240204T031931_20240204T033300_T48PXT_metadata.json,48PXT
S2A_MSIL2A_20240204T031931_N0510_R118_T48PWT_20240204T062943,0.312121,3.553946,238.250818,9.463008,0.000219,49.740815,36.582114956481,2.151028,0.0,dbscl-sentinel-2-2024\dbscl-sentinel-2_2024-02\S2_2024-02-04_03-34-56\20240204T031931_20240204T033300_T48PWT_metadata.json,48PWT
S2A_MSIL2A_20240204T031931_N0510_R118_T48PVT_20240204T062943,0.406243,3.398911,239.851387,24.367538,0.000135,23.939419,37.1745720718227,1.338674,0.0,dbscl-sentinel-2-2024\dbscl-sentinel-2_2024-02\S2_2024-02-04_03-35-00\20240204T031931_20240204T033300_T48PVT_metadata.json,48PVT
S2A_MSIL2A_20240204T031931_N0510_R118_T48PXS_20240204T062943,0.23985,4.086799,235.425154,27.297738,0.0,40.357366,35.276929826236,3.493403,0.0,dbscl-sentinel-2-2024\dbscl-sentinel-2_2024-02\S2_2024-02-04_03-35-07\20240204T031931_20240204T033300_T48PXS_metadata.json,48PXS
S2A_MSIL2A_20240204T031931_N0510_R118_T48PWS_20240204T062943,0.287724,3.870017,236.596541,26.23187,0.0,45.954928,35.8674844123408,3.036748,0.0,dbscl-sentinel-2-2024\dbscl-sentinel-2_2024-02\S2_2024-02-04_03-35-11\20240204T031931_20240204T033300_T48PWS_metadata.json,48PWS
S2A_MSIL2A_20240204T031931_N0510_R118_T48PVS_20240204T062943,0.317565,3.504392,238.01131,10.838006,0.000179,26.912227,36.4685165878135,42.719284,0.0,dbscl-sentinel-2-2024\dbscl-sentinel-2_2024-02\S2_2024-02-04_03-35-14\20240204T031931_20240204T033300_T48PVS_metadata.json,48PVS
S2A_MSIL2A_20240204T031931_N0510_R118_T48PUS_20240204T062943,0.284236,3.161311,239.645796,17.300005,0.0,13.408718,37.0789877339387,62.346798,0.0,dbscl-sentinel-2-2024\dbscl-sentinel-2_2024-02\S2_2024-02-04_03-35-17\20240204T031931_20240204T033300_T48PUS_metadata.json,48PUS
S2A_MSIL2A_20240204T031931_N0510_R118_T48PXR_20240204T062943,0.200714,4.484677,234.975437,30.242205,0.000161,14.597818,34.5612186781807,40.463215,0.0,dbscl-sentinel-2-2024\dbscl-sentinel-2_2024-02\S2_2024-02-04_03-35-22\20240204T031931_20240204T033300_T48PXR_metadata.json,48PXR
S2A_MSIL2A_20240204T031931_N0510_R118_T48PWR_20240204T062943,0.220225,4.183939,235.4564,28.142068,0.830356,22.913013,35.1605896904431,16.597779,0.0,dbscl-sentinel-2-2024\dbscl-sentinel-2_2024-02\S2_2024-02-04_03-35-25\20240204T031931_20240204T033300_T48PWR_metadata.json,48PWR
S2A_MSIL2A_20240204T031931_N0510_R118_T48PVR_20240204T062943,0.202441,3.722511,236.219083,6.89927,0.197932,6.863972,35.7704573736905,73.843616,0.0,dbscl-sentinel-2-2024\dbscl-sentinel-2_2024-02\S2_2024-02-04_03-35-29\20240204T031931_20240204T033300_T48PVR_metadata.json,48PVR
S2A_MSIL2A_20240204T031931_N0510_R118_T48PUR_20240204T062943,0.205195,3.506993,237.703482,2.864992,0.087123,0.051407,36.3897607362693,97.080469,0.0,dbscl-sentinel-2-2024\dbscl-sentinel-2_2024-02\S2_2024-02-04_03-35-31\20240204T031931_20240204T033300_T48PUR_metadata.json,48PUR
S2A_MSIL2A_20240204T031931_N0510_R118_T48PWQ_20240204T062943,0.172975,4.041356,234.725149,19.149818,17.063291,2.483436,34.4610330515498,72.409809,0.0,dbscl-sentinel-2-2024\dbscl-sentinel-2_2024-02\S2_2024-02-04_03-35-40\20240204T031931_20240204T033300_T48PWQ_metadata.json,48PWQ
S2A_MSIL2A_20240204T031931_N0510_R118_T48PVQ_20240204T062943,0.130652,3.890815,235.101982,18.199962,16.135882,3.733183,35.0800431921082,70.688254,0.0,dbscl-sentinel-2-2024\dbscl-sentinel-2_2024-02\S2_2024-02-04_03-35-43\20240204T031931_20240204T033300_T48PVQ_metadata.json,48PVQ
S2B_MSIL2A_20240206T030919_N0510_R075_T48PXS_20240206T052440,0.275905,4.377243,230.577944,49.792552,3.675873,14.295283,36.530400925777,16.935693,0.0,dbscl-sentinel-2-2024\dbscl-sentinel-2_2024-02\S2_2024-02-06_03-25-15\20240206T030919_20240206T032110_T48PXS_metadata.json,48PXS
S2B_MSIL2A_20240206T030919_N0510_R075_T48PXR_20240206T052440,0.214879,4.688109,229.635023,36.040995,4.705791,2.373929,35.8517744187095,57.725477,0.0,dbscl-sentinel-2-2024\dbscl-sentinel-2_2024-02\S2_2024-02-06_03-25-30\20240206T030919_20240206T032110_T48PXR_metadata.json,48PXR
S2A_MSIL2A_20240207T032921_N0510_R018_T48PUR_20240207T064355,0.321894,4.527,237.24504,34.788287,19.579931,0.014229,34.0865303512499,65.104431,0.0,dbscl-sentinel-2-2024\dbscl-sentinel-2_2024-02\S2_2024-02-07_03-45-27\20240207T032921_20240207T034058_T48PUR_metadata.json,48PUR
S2B_MSIL2A_20240209T031909_N0510_R118_T48PXT_20240209T053338,0.329472,3.692202,240.107774,24.512772,0.003897,23.503968,34.9024196506698,1.14598,0.0,dbscl-sentinel-2-2024\dbscl-sentinel-2_2024-02\S2_2024-02-09_03-34-57\20240209T031909_20240209T032931_T48PXT_metadata.json,48PXT
S2B_MSIL2A_20240209T031909_N0510_R118_T48PWT_20240209T053338,0.694971,3.671147,240.781013,35.04869,0.000916,5.309166,35.5060000120033,0.618439,0.0,dbscl-sentinel-2-2024\dbscl-sentinel-2_2024-02\S2_2024-02-09_03-35-01\20240209T031909_20240209T032931_T48PWT_metadata.json,48PWT
S2B_MSIL2A_20240209T031909_N0510_R118_T48PVT_20240209T053338,0.286688,3.253094,241.912556,16.255559,0.094661,13.303976,36.1198142682973,0.821629,0.0,dbscl-sentinel-2-2024\dbscl-sentinel-2_2024-02\S2_2024-02-09_03-35-04\20240209T031909_20240209T032931_T48PVT_metadata.json,48PVT
S2B_MSIL2A_20240209T031909_N0510_R118_T48PVS_20240209T053338,0.500652,3.471486,240.914996,41.542801,5.229309,4.604179,35.4331281550304,22.464779,0.0,dbscl-sentinel-2-2024\dbscl-sentinel-2_2024-02\S2_2024-02-09_03-35-18\20240209T031909_20240209T032931_T48PVS_metadata.json,48PVS
S2B_MSIL2A_20240209T031909_N0510_R118_T48PUS_20240209T053338,0.225361,2.818643,242.131363,22.279483,6.674475,22.818466,36.0650932038332,47.275832,0.0,dbscl-sentinel-2-2024\dbscl-sentinel-2_2024-02\S2_2024-02-09_03-35-22\20240209T031909_20240209T032931_T48PUS_metadata.json,48PUS
S2B_MSIL2A_20240209T031909_N0510_R118_T48PXR_20240209T053338,0.307061,3.821734,241.447901,43.678829,0.004221,8.396728,33.5014366020592,31.929666,0.0,dbscl-sentinel-2-2024\dbscl-sentinel-2_2024-02\S2_2024-02-09_03-35-26\20240209T031909_20240209T032931_T48PXR_metadata.json,48PXR
S2B_MSIL2A_20240209T031909_N0510_R118_T48PWR_20240209T053338,0.348393,3.932286,241.324634,46.189249,0.010584,7.561,34.1233173425602,14.65442,0.0,dbscl-sentinel-2-2024\dbscl-sentinel-2_2024-02\S2_2024-02-09_03-35-30\20240209T031909_20240209T032931_T48PWR_metadata.json,48PWR
S2B_MSIL2A_20240209T031909_N0510_R118_T48PVR_20240209T053338,0.39637,3.733468,241.353182,37.461892,0.009718,1.305115,34.7554024893375,51.772076,0.0,dbscl-sentinel-2-2024\dbscl-sentinel-2_2024-02\S2_2024-02-09_03-35-33\20240209T031909_20240209T032931_T48PVR_metadata.json,48PVR
S2B_MSIL2A_20240209T031909_N0510_R118_T48PUR_20240209T053338,0.38046,3.198038,242.126828,22.773097,0.41646,0.027239,35.396592390732,77.177018,0.0,dbscl-sentinel-2-2024\dbscl-sentinel-2_2024-02\S2_2024-02-09_03-35-36\20240209T031909_20240209T032931_T48PUR_metadata.json,48PUR
S2B_MSIL2A_20240209T031909_N0510_R118_T48PWQ_20240209T053338,0.300967,3.812989,241.482577,13.020346,0.000106,0.110401,33.4447334185962,81.616533,0.0,dbscl-sentinel-2-2024\dbscl-sentinel-2_2024-02\S2_2024-02-09_03-35-44\20240209T031909_20240209T032931_T48PWQ_metadata.json,48PWQ
S2B_MSIL2A_20240209T031909_N0510_R118_T48PVQ_20240209T053338,0.329866,3.91976,241.708844,21.388148,3.641956,1.256993,34.0863625257527,72.331583,0.0,dbscl-sentinel-2-2024\dbscl-sentinel-2_2024-02\S2_2024-02-09_03-35-47\20240209T031909_20240209T032931_T48PVQ_metadata.json,48PVQ
S2A_MSIL2A_20240211T030851_N0510_R075_T48PXS_20240211T061550,0.209733,3.087982,240.018023,0.027962,0.0,44.40515,35.4906627552306,28.114057,0.0,dbscl-sentinel-2-2024\dbscl-sentinel-2_2024-02\S2_2024-02-11_03-25-13\20240211T030851_20240211T032343_T48PXS_metadata.json,48PXS
S2A_MSIL2A_20240211T030851_N0510_R075_T48PXR_20240211T061550,0.195266,3.309958,239.703904,0.366563,0.000198,7.778782,34.8340796407609,83.506376,0.0,dbscl-sentinel-2-2024\dbscl-sentinel-2_2024-02\S2_2024-02-11_03-25-28\20240211T030851_20240211T032343_T48PXR_metadata.json,48PXR
S2B_MSIL2A_20240212T032849_N0510_R018_T48PUS_20240212T062642,0.149278,2.019999,244.336957,4.102059,4.099519,18.733583,33.6572551528864,71.138412,0.0,dbscl-sentinel-2-2024\dbscl-sentinel-2_2024-02\S2_2024-02-12_03-45-17\20240212T032849_20240212T034501_T48PUS_metadata.json,48PUS
S2B_MSIL2A_20240212T032849_N0510_R018_T48PUR_20240212T062642,0.204324,2.738,244.979382,5.901996,5.115525,0.159401,32.9714909489078,93.913889,0.0,dbscl-sentinel-2-2024\dbscl-sentinel-2_2024-02\S2_2024-02-12_03-45-32\20240212T032849_20240212T034501_T48PUR_metadata.json,48PUR
S2A_MSIL2A_20240214T031831_N0510_R118_T48PXT_20240214T063445,0.227252,3.883121,242.720432,2.815157,1.939135,67.3253,33.7244976360119,1.777964,0.0,dbscl-sentinel-2-2024\dbscl-sentinel-2_2024-02\S2_2024-02-14_03-34-54\20240214T031831_20240214T033203_T48PXT_metadata.json,48PXT
S2A_MSIL2A_20240214T031831_N0510_R118_T48PWT_20240214T063445,0.341765,3.907823,243.094781,0.583777,0.0,50.724173,34.3508669079848,2.058709,0.0,dbscl-sentinel-2-2024\dbscl-sentinel-2_2024-02\S2_2024-02-14_03-34-58\20240214T031831_20240214T033203_T48PWT_metadata.json,48PWT
S2A_MSIL2A_20240214T031831_N0510_R118_T48PVT_20240214T063445,0.412174,3.686976,243.439017,4.537103,0.000197,27.389944,34.9872077068414,1.28611,0.0,dbscl-sentinel-2-2024\dbscl-sentinel-2_2024-02\S2_2024-02-14_03-35-01\20240214T031831_20240214T033203_T48PVT_metadata.json,48PVT
S2A_MSIL2A_20240214T031831_N0510_R118_T48PXS_20240214T063445,0.197907,3.926951,242.290225,7.20691,2.736639,68.674797,33.0408315691008,4.444441,0.0,dbscl-sentinel-2-2024\dbscl-sentinel-2_2024-02\S2_2024-02-14_03-35-09\20240214T031831_20240214T033203_T48PXS_metadata.json,48PXS
S2A_MSIL2A_20240214T031831_N0510_R118_T48PWS_20240214T063445,0.353605,4.117641,242.243251,3.709288,0.000581,77.5464,33.6767052946509,3.829712,0.0,dbscl-sentinel-2-2024\dbscl-sentinel-2_2024-02\S2_2024-02-14_03-35-13\20240214T031831_20240214T033203_T48PWS_metadata.json,48PWS
S2A_MSIL2A_20240214T031831_N0510_R118_T48PVS_20240214T063445,0.425499,3.936706,242.316027,3.00784,0.000335,29.77412,34.3224977798311,43.333974,0.0,dbscl-sentinel-2-2024\dbscl-sentinel-2_2024-02\S2_2024-02-14_03-35-16\20240214T031831_20240214T033203_T48PVS_metadata.json,48PVS
S2A_MSIL2A_20240214T031831_N0510_R118_T48PUS_20240214T063445,0.284411,3.629714,242.761568,12.791358,0.0,21.935372,34.9770951215868,56.924129,0.0,dbscl-sentinel-2-2024\dbscl-sentinel-2_2024-02\S2_2024-02-14_03-35-19\20240214T031831_20240214T033203_T48PUS_metadata.json,48PUS
S2A_MSIL2A_20240214T031831_N0510_R118_T48PXR_20240214T063445,0.20996,4.06175,241.964942,6.396464,0.0,29.370832,32.3667426842364,44.131291,0.0,dbscl-sentinel-2-2024\dbscl-sentinel-2_2024-02\S2_2024-02-14_03-35-24\20240214T031831_20240214T033203_T48PXR_metadata.json,48PXR
S2A_MSIL2A_20240214T031831_N0510_R118_T48PWR_20240214T063445,0.281754,4.24266,241.84116,5.862559,0.000123,40.83932,33.0123875818971,18.221436,0.0,dbscl-sentinel-2-2024\dbscl-sentinel-2_2024-02\S2_2024-02-14_03-35-27\20240214T031831_20240214T033203_T48PWR_metadata.json,48PWR
S2A_MSIL2A_20240214T031831_N0510_R118_T48PVR_20240214T063445,0.299914,4.237012,241.909235,0.423937,0.0,9.607181,33.6678704438155,77.030098,0.0,dbscl-sentinel-2-2024\dbscl-sentinel-2_2024-02\S2_2024-02-14_03-35-30\20240214T031831_20240214T033203_T48PVR_metadata.json,48PVR
S2A_MSIL2A_20240214T031831_N0510_R118_T48PUR_20240214T063445,0.173112,4.285992,241.939314,1.498049,0.0,0.049207,34.3320587898381,98.449409,0.0,dbscl-sentinel-2-2024\dbscl-sentinel-2_2024-02\S2_2024-02-14_03-35-33\20240214T031831_20240214T033203_T48PUR_metadata.json,48PUR
S2A_MSIL2A_20240214T031831_N0510_R118_T48PWQ_20240214T063445,0.175754,4.537909,241.200445,7.843013,6.047797,2.115866,32.3576879219556,83.569199,0.0,dbscl-sentinel-2-2024\dbscl-sentinel-2_2024-02\S2_2024-02-14_03-35-42\20240214T031831_20240214T033203_T48PWQ_metadata.json,48PWQ
S2A_MSIL2A_20240214T031831_N0510_R118_T48PVQ_20240214T063445,0.178825,4.603206,241.260923,2.458671,0.000163,3.137146,33.0231390785962,86.502075,0.0,dbscl-sentinel-2-2024\dbscl-sentinel-2_2024-02\S2_2024-02-14_03-35-45\20240214T031831_20240214T033203_T48PVQ_metadata.json,48PVQ
S2B_MSIL2A_20240216T030819_N0510_R075_T48PXS_20240216T052804,0.305877,3.152103,243.254692,38.77556,0.002518,18.795414,34.3431359496618,20.529275,0.0,dbscl-sentinel-2-2024\dbscl-sentinel-2_2024-02\S2_2024-02-16_03-25-17\20240216T030819_20240216T031950_T48PXS_metadata.json,48PXS
S2B_MSIL2A_20240216T030819_N0510_R075_T48PXR_20240216T052804,0.159783,3.306421,243.061911,22.739211,0.074892,2.23953,33.7108213024217,69.602752,0.0,dbscl-sentinel-2-2024\dbscl-sentinel-2_2024-02\S2_2024-02-16_03-25-32\20240216T030819_20240216T031950_T48PXR_metadata.json,48PXR
S2A_MSIL2A_20240217T032821_N0510_R018_T48PUS_20240217T064849,0.143084,2.595259,244.374773,3.737321,2.1e-05,16.405648,32.4572161162457,73.649269,0.0,dbscl-sentinel-2-2024\dbscl-sentinel-2_2024-02\S2_2024-02-17_03-45-14\20240217T032821_20240217T033854_T48PUS_metadata.json,48PUS
S2A_MSIL2A_20240217T032821_N0510_R018_T48PUR_20240217T064849,0.201477,3.083998,243.541011,12.534043,0.0,0.068746,31.7951996199142,87.307149,0.0,dbscl-sentinel-2-2024\dbscl-sentinel-2_2024-02\S2_2024-02-17_03-45-29\20240217T032821_20240217T033854_T48PUR_metadata.json,48PUR
S2B_MSIL2A_20240219T031759_N0510_R118_T48PXT_20240219T063004,0.406967,4.102488,242.816622,4.128123,0.690446,62.506342,32.447269378428,1.639648,0.0,dbscl-sentinel-2-2024\dbscl-sentinel-2_2024-02\S2_2024-02-19_03-34-58\20240219T031759_20240219T033322_T48PXT_metadata.json,48PXT
S2B_MSIL2A_20240219T031759_N0510_R118_T48PWT_20240219T063004,0.347612,3.982797,243.271438,23.789248,0.469235,26.751626,33.0968693568631,0.945246,0.0,dbscl-sentinel-2-2024\dbscl-sentinel-2_2024-02\S2_2024-02-19_03-35-01\20240219T031759_20240219T033322_T48PWT_metadata.json,48PWT
S2B_MSIL2A_20240219T031759_N0510_R118_T48PXS_20240219T063004,0.329965,4.34999,242.776297,22.564037,0.000271,44.140521,31.7868875908784,3.236523,0.0,dbscl-sentinel-2-2024\dbscl-sentinel-2_2024-02\S2_2024-02-19_03-35-12\20240219T031759_20240219T033322_T48PXS_metadata.json,48PXS
S2B_MSIL2A_20240219T031759_N0510_R118_T48PWS_20240219T063004,0.436377,4.316181,243.043876,49.228886,5.6e-05,17.903185,32.4464855116008,1.896109,0.0,dbscl-sentinel-2-2024\dbscl-sentinel-2_2024-02\S2_2024-02-19_03-35-16\20240219T031759_20240219T033322_T48PWS_metadata.json,48PWS
S2B_MSIL2A_20240219T031759_N0510_R118_T48PVS_20240219T063004,0.374899,4.09675,243.040192,31.869662,0.798464,8.934436,33.1156379805713,38.269818,0.0,dbscl-sentinel-2-2024\dbscl-sentinel-2_2024-02\S2_2024-02-19_03-35-19\20240219T031759_20240219T033322_T48PVS_metadata.json,48PVS
S2B_MSIL2A_20240219T031759_N0510_R118_T48PUS_20240219T063004,0.297555,3.911873,242.713755,33.665144,0.14076,6.889185,33.79319682463,52.17157,0.0,dbscl-sentinel-2-2024\dbscl-sentinel-2_2024-02\S2_2024-02-19_03-35-22\20240219T031759_20240219T033322_T48PUS_metadata.json,48PUS
S2B_MSIL2A_20240219T031759_N0510_R118_T48PXR_20240219T063004,0.332055,4.272312,242.537363,30.341408,0.0,17.514232,31.137385247968,32.618394,0.0,dbscl-sentinel-2-2024\dbscl-sentinel-2_2024-02\S2_2024-02-19_03-35-27\20240219T031759_20240219T033322_T48PXR_metadata.json,48PXR
S2B_MSIL2A_20240219T031759_N0510_R118_T48PWR_20240219T063004,0.349692,4.285891,242.707065,36.239231,0.000733,16.240248,31.8072576144538,13.408406,0.0,dbscl-sentinel-2-2024\dbscl-sentinel-2_2024-02\S2_2024-02-19_03-35-30\20240219T031759_20240219T033322_T48PWR_metadata.json,48PWR
S2B_MSIL2A_20240219T031759_N0510_R118_T48PVR_20240219T063004,0.310338,4.237843,242.683222,18.646926,0.575575,4.915531,32.4865434445093,66.481668,0.0,dbscl-sentinel-2-2024\dbscl-sentinel-2_2024-02\S2_2024-02-19_03-35-34\20240219T031759_20240219T033322_T48PVR_metadata.json,48PVR
S2B_MSIL2A_20240219T031759_N0510_R118_T48PUR_20240219T063004,0.252604,4.376023,242.357037,7.391019,0.0,0.042439,33.1740744647431,92.555547,0.0,dbscl-sentinel-2-2024\dbscl-sentinel-2_2024-02\S2_2024-02-19_03-35-36\20240219T031759_20240219T033322_T48PUR_metadata.json,48PUR
S2B_MSIL2A_20240219T031759_N0510_R118_T48PWQ_20240219T063004,0.226961,4.253212,242.233135,17.499603,1.451229,1.2698,31.179119393933,76.945716,0.0,dbscl-sentinel-2-2024\dbscl-sentinel-2_2024-02\S2_2024-02-19_03-35-45\20240219T031759_20240219T033322_T48PWQ_metadata.json,48PWQ
S2B_MSIL2A_20240219T031759_N0510_R118_T48PVQ_20240219T063004,0.217868,4.455995,241.696339,14.722486,0.154817,1.843683,31.8687560709904,78.110874,0.0,dbscl-sentinel-2-2024\dbscl-sentinel-2_2024-02\S2_2024-02-19_03-35-48\20240219T031759_20240219T033322_T48PVQ_metadata.json,48PVQ
S2A_MSIL2A_20240221T030741_N0510_R075_T48PXR_20240221T061752,0.076377,3.86423,250.313837,23.663475,0.0,2.626311,32.5438202536732,68.130714,0.0,dbscl-sentinel-2-2024\dbscl-sentinel-2_2024-02\S2_2024-02-21_03-25-29\20240221T030741_20240221T032142_T48PXR_metadata.json,48PXR
S2B_MSIL2A_20240222T032749_N0510_R018_T48PUS_20240222T062213,0.339929,3.489802,244.490637,28.155628,0.000718,8.469925,31.172854467019,57.423455,0.0,dbscl-sentinel-2-2024\dbscl-sentinel-2_2024-02\S2_2024-02-22_03-45-17\20240222T032749_20240222T034048_T48PUS_metadata.json,48PUS
S2B_MSIL2A_20240222T032749_N0510_R018_T48PUR_20240222T062213,0.187239,3.106002,244.237854,6.2728,0.0,0.085065,30.5372805905574,93.567616,0.0,dbscl-sentinel-2-2024\dbscl-sentinel-2_2024-02\S2_2024-02-22_03-45-31\20240222T032749_20240222T034048_T48PUR_metadata.json,48PUR
S2A_MSIL2A_20240224T031721_N0510_R118_T48PXT_20240224T063353,0.281546,3.934333,246.776623,33.757803,0.000268,35.485128,31.124248493923,1.180356,0.0,dbscl-sentinel-2-2024\dbscl-sentinel-2_2024-02\S2_2024-02-24_03-34-55\20240224T031721_20240224T033048_T48PXT_metadata.json,48PXT
S2A_MSIL2A_20240224T031721_N0510_R118_T48PXS_20240224T063353,0.245884,4.191734,245.740027,37.139782,0.000145,32.951987,30.4904184280991,2.224831,0.0,dbscl-sentinel-2-2024\dbscl-sentinel-2_2024-02\S2_2024-02-24_03-35-10\20240224T031721_20240224T033048_T48PXS_metadata.json,48PXS
S2A_MSIL2A_20240224T031721_N0510_R118_T48PWS_20240224T063353,0.212068,4.17465,245.758479,44.982511,3e-05,31.017411,31.174841075237,1.883703,0.0,dbscl-sentinel-2-2024\dbscl-sentinel-2_2024-02\S2_2024-02-24_03-35-13\20240224T031721_20240224T033048_T48PWS_metadata.json,48PWS
S2A_MSIL2A_20240224T031721_N0510_R118_T48PVS_20240224T063353,0.181519,3.730708,245.644167,42.73122,0.000425,8.903816,31.8683468103603,30.43265,0.0,dbscl-sentinel-2-2024\dbscl-sentinel-2_2024-02\S2_2024-02-24_03-35-16\20240224T031721_20240224T033048_T48PVS_metadata.json,48PVS
S2A_MSIL2A_20240224T031721_N0510_R118_T48PUS_20240224T063353,0.127767,3.326509,245.277456,31.470615,0.000597,10.943074,32.5697549538205,50.787407,0.0,dbscl-sentinel-2-2024\dbscl-sentinel-2_2024-02\S2_2024-02-24_03-35-20\20240224T031721_20240224T033048_T48PUS_metadata.json,48PUS
S2A_MSIL2A_20240224T031721_N0510_R118_T48PXR_20240224T063353,0.159067,4.005171,244.774475,38.453391,0.000509,13.984941,29.8690696805143,31.031027,0.0,dbscl-sentinel-2-2024\dbscl-sentinel-2_2024-02\S2_2024-02-24_03-35-24\20240224T031721_20240224T033048_T48PXR_metadata.json,48PXR
S2A_MSIL2A_20240224T031721_N0510_R118_T48PWR_20240224T063353,0.146292,3.932668,244.687965,40.928179,0.00137,15.972598,30.5642007547631,13.267942,0.0,dbscl-sentinel-2-2024\dbscl-sentinel-2_2024-02\S2_2024-02-24_03-35-28\20240224T031721_20240224T033048_T48PWR_metadata.json,48PWR
S2A_MSIL2A_20240224T031721_N0510_R118_T48PVR_20240224T063353,0.1231,3.481708,244.650883,21.981029,0.000136,3.99356,31.2682105207369,65.882182,0.0,dbscl-sentinel-2-2024\dbscl-sentinel-2_2024-02\S2_2024-02-24_03-35-31\20240224T031721_20240224T033048_T48PVR_metadata.json,48PVR
S2A_MSIL2A_20240224T031721_N0510_R118_T48PUR_20240224T063353,0.090113,3.701999,244.827564,2.69798,0.000293,0.024656,31.9799053669456,97.260028,0.0,dbscl-sentinel-2-2024\dbscl-sentinel-2_2024-02\S2_2024-02-24_03-35-34\20240224T031721_20240224T033048_T48PUR_metadata.json,48PUR
S2A_MSIL2A_20240224T031721_N0510_R118_T48PWQ_20240224T063353,0.139243,3.538234,244.457406,16.701743,0.000365,1.659686,29.966334693039,76.215672,0.0,dbscl-sentinel-2-2024\dbscl-sentinel-2_2024-02\S2_2024-02-24_03-35-42\20240224T031721_20240224T033048_T48PWQ_metadata.json,48PWQ
S2A_MSIL2A_20240224T031721_N0510_R118_T48PVQ_20240224T063353,0.099466,3.380183,244.242995,5.160739,0.0,2.462165,30.681046962412,84.890056,0.0,dbscl-sentinel-2-2024\dbscl-sentinel-2_2024-02\S2_2024-02-24_03-35-46\20240224T031721_20240224T033048_T48PVQ_metadata.json,48PVQ
S2B_MSIL2A_20240226T030709_N0510_R075_T48PXS_20240226T061108,0.287791,2.753095,246.947737,7.003204,0.778899,34.301317,31.8890303871219,25.679561,0.0,dbscl-sentinel-2-2024\dbscl-sentinel-2_2024-02\S2_2024-02-26_03-25-15\20240226T030709_20240226T032415_T48PXS_metadata.json,48PXS
S2B_MSIL2A_20240226T030709_N0510_R075_T48PXR_20240226T061108,0.119224,3.064983,246.76182,5.191797,3.117668,6.455484,31.3147712296667,80.075675,0.0,dbscl-sentinel-2-2024\dbscl-sentinel-2_2024-02\S2_2024-02-26_03-25-30\20240226T030709_20240226T032415_T48PXR_metadata.json,48PXR
S2A_MSIL2A_20240227T032711_N0510_R018_T48PUS_20240227T074952,0.131186,3.641466,249.0484,21.795459,0.812367,9.575447,29.8520906233415,63.383675,0.0,dbscl-sentinel-2-2024\dbscl-sentinel-2_2024-02\S2_2024-02-27_03-45-16\20240227T032711_20240227T033956_T48PUS_metadata.json,48PUS
S2A_MSIL2A_20240227T032711_N0510_R018_T48PUR_20240227T074952,0.186727,3.827997,249.647447,12.884396,0.018228,0.048979,29.2467058167986,86.972857,0.0,dbscl-sentinel-2-2024\dbscl-sentinel-2_2024-02\S2_2024-02-27_03-45-30\20240227T032711_20240227T033956_T48PUR_metadata.json,48PUR
S2B_MSIL2A_20240229T031649_N0510_R118_T48PXT_20240229T061010,0.209625,3.552589,244.178322,0.97008,0.245593,66.159791,29.7518764848546,1.49235,0.0,dbscl-sentinel-2-2024\dbscl-sentinel-2_2024-02\S2_2024-02-29_03-34-55\20240229T031649_20240229T032856_T48PXT_metadata.json,48PXT
S2B_MSIL2A_20240229T031649_N0510_R118_T48PWT_20240229T061010,0.383783,3.616769,246.248522,0.247079,0.244186,43.068278,30.4507167017608,1.802837,0.0,dbscl-sentinel-2-2024\dbscl-sentinel-2_2024-02\S2_2024-02-29_03-34-59\20240229T031649_20240229T032856_T48PWT_metadata.json,48PWT
S2B_MSIL2A_20240229T031649_N0510_R118_T48PVT_20240229T061010,0.31067,3.316575,248.057643,0.69097,0.553377,27.035844,31.1583132731059,1.236675,0.0,dbscl-sentinel-2-2024\dbscl-sentinel-2_2024-02\S2_2024-02-29_03-35-02\20240229T031649_20240229T032856_T48PVT_metadata.json,48PVT
S2B_MSIL2A_20240229T031649_N0510_R118_T48PXS_20240229T061010,0.293999,3.458559,243.891534,8.442374,3.291102,64.30741,29.1479462194805,3.500854,0.0,dbscl-sentinel-2-2024\dbscl-sentinel-2_2024-02\S2_2024-02-29_03-35-10\20240229T031649_20240229T032856_T48PXS_metadata.json,48PXS
S2B_MSIL2A_20240229T031649_N0510_R118_T48PWS_20240229T061010,0.275848,3.438044,245.224529,9.236841,8.620791,64.917505,29.8577189727951,3.252335,0.0,dbscl-sentinel-2-2024\dbscl-sentinel-2_2024-02\S2_2024-02-29_03-35-13\20240229T031649_20240229T032856_T48PWS_metadata.json,48PWS
S2B_MSIL2A_20240229T031649_N0510_R118_T48PVS_20240229T061010,0.293547,3.331567,247.367953,0.89657,0.877087,27.286714,30.5760020315039,42.829874,0.0,dbscl-sentinel-2-2024\dbscl-sentinel-2_2024-02\S2_2024-02-29_03-35-16\20240229T031649_20240229T032856_T48PVS_metadata.json,48PVS
S2B_MSIL2A_20240229T031649_N0510_R118_T48PUS_20240229T061010,0.16665,2.99369,249.311943,1.651172,1.388479,29.431358,31.3015897453299,61.794543,0.0,dbscl-sentinel-2-2024\dbscl-sentinel-2_2024-02\S2_2024-02-29_03-35-20\20240229T031649_20240229T032856_T48PUS_metadata.json,48PUS
S2B_MSIL2A_20240229T031649_N0510_R118_T48PXR_20240229T061010,0.299879,3.798373,244.453844,21.453388,4.037378,25.403517,28.5583645242177,30.696869,0.0,dbscl-sentinel-2-2024\dbscl-sentinel-2_2024-02\S2_2024-02-29_03-35-24\20240229T031649_20240229T032856_T48PXR_metadata.json,48PXR
S2B_MSIL2A_20240229T031649_N0510_R118_T48PWR_20240229T061010,0.353954,3.686151,244.950512,17.155743,3.611843,33.336467,29.2792507135125,11.982674,0.0,dbscl-sentinel-2-2024\dbscl-sentinel-2_2024-02\S2_2024-02-29_03-35-28\20240229T031649_20240229T032856_T48PWR_metadata.json,48PWR
S2B_MSIL2A_20240229T031649_N0510_R118_T48PVR_20240229T061010,0.202888,3.637881,246.509512,12.073895,5.954655,5.861576,30.0083591449714,68.309182,0.0,dbscl-sentinel-2-2024\dbscl-sentinel-2_2024-02\S2_2024-02-29_03-35-31\20240229T031649_20240229T032856_T48PVR_metadata.json,48PVR
S2B_MSIL2A_20240229T031649_N0510_R118_T48PUR_20240229T061010,0.215919,3.64499,248.351083,42.227921,36.709622,0.052091,30.7444775282938,57.71631,0.0,dbscl-sentinel-2-2024\dbscl-sentinel-2_2024-02\S2_2024-02-29_03-35-34\20240229T031649_20240229T032856_T48PUR_metadata.json,48PUR
S2B_MSIL2A_20240229T031649_N0510_R118_T48PWQ_20240229T061010,0.195063,3.844013,246.008537,48.542759,31.693742,0.198334,28.7154578954389,46.250969,0.0,dbscl-sentinel-2-2024\dbscl-sentinel-2_2024-02\S2_2024-02-29_03-35-42\20240229T031649_20240229T032856_T48PWQ_metadata.json,48PWQ
S2B_MSIL2A_20240229T031649_N0510_R118_T48PVQ_20240229T061010,0.179918,3.850921,246.895509,20.00632,8.891769,1.263496,29.4555124932631,72.879362,0.0,dbscl-sentinel-2-2024\dbscl-sentinel-2_2024-02\S2_2024-02-29_03-35-46\20240229T031649_20240229T032856_T48PVQ_metadata.json,48PVQ
S2A_MSIL2A_20240302T030631_N0510_R075_T48PXT_20240302T061846,0.329326,3.995317,243.73968,7.800921,7.2458,53.728074,31.1579913972006,1.478452,0.0,dbscl-sentinel-2-2024\dbscl-sentinel-2_2024-03\S2_2024-03-02_03-25-02\20240302T030631_20240302T032031_T48PXT_metadata.json,48PXT
S2A_MSIL2A_20240302T030631_N0510_R075_T48PXS_20240302T061846,0.491901,4.292246,243.610759,9.289292,8.481531,31.008217,30.6029503121329,24.051046,0.0,dbscl-sentinel-2-2024\dbscl-sentinel-2_2024-03\S2_2024-03-02_03-25-16\20240302T030631_20240302T032031_T48PXS_metadata.json,48PXS
S2A_MSIL2A_20240302T030631_N0510_R075_T48PXR_20240302T061846,0.197135,4.541326,244.528007,32.320803,21.230841,6.041171,30.0630517824577,54.542488,0.0,dbscl-sentinel-2-2024\dbscl-sentinel-2_2024-03\S2_2024-03-02_03-25-31\20240302T030631_20240302T032031_T48PXR_metadata.json,48PXR
S2B_MSIL2A_20240303T032629_N0510_R018_T48PUR_20240303T063049,0.310408,4.574998,243.650022,36.354339,5.580302,0.005245,27.9405509180621,63.550121,0.0,dbscl-sentinel-2-2024\dbscl-sentinel-2_2024-03\S2_2024-03-03_03-45-28\20240303T032629_20240303T033915_T48PUR_metadata.json,48PUR
S2A_MSIL2A_20240305T031621_N0510_R118_T48PVT_20240305T073051,0.549505,3.860924,244.659301,30.282992,0.220241,8.158046,29.8082931893873,0.604843,0.0,dbscl-sentinel-2-2024\dbscl-sentinel-2_2024-03\S2_2024-03-05_03-35-04\20240305T031621_20240305T033104_T48PVT_metadata.json,48PVT
S2A_MSIL2A_20240305T031621_N0510_R118_T48PVS_20240305T073051,0.474496,3.967957,244.935004,41.144702,6.372009,7.399982,29.2604981159358,32.871699,0.0,dbscl-sentinel-2-2024\dbscl-sentinel-2_2024-03\S2_2024-03-05_03-35-19\20240305T031621_20240305T033104_T48PVS_metadata.json,48PVS
S2A_MSIL2A_20240305T031621_N0510_R118_T48PUS_20240305T073051,0.307782,3.660283,244.122501,33.921412,8.685228,11.165128,30.0104801245661,48.530388,0.0,dbscl-sentinel-2-2024\dbscl-sentinel-2_2024-03\S2_2024-03-05_03-35-22\20240305T031621_20240305T033104_T48PUS_metadata.json,48PUS
S2A_MSIL2A_20240305T031621_N0510_R118_T48PXR_20240305T073051,0.350924,4.099872,247.242516,47.032613,0.0,6.642345,27.2279307817081,35.644084,0.0,dbscl-sentinel-2-2024\dbscl-sentinel-2_2024-03\S2_2024-03-05_03-35-27\20240305T031621_20240305T033104_T48PXR_metadata.json,48PXR
S2A_MSIL2A_20240305T031621_N0510_R118_T48PWR_20240305T073051,0.349156,4.094987,245.631577,47.303784,0.0,10.271781,27.9749146912837,15.01009,0.0,dbscl-sentinel-2-2024\dbscl-sentinel-2_2024-03\S2_2024-03-05_03-35-30\20240305T031621_20240305T033104_T48PWR_metadata.json,48PWR
S2A_MSIL2A_20240305T031621_N0510_R118_T48PVR_20240305T073051,0.331213,4.079775,244.285503,15.049708,0.122644,3.262922,28.7293394194616,71.361172,0.0,dbscl-sentinel-2-2024\dbscl-sentinel-2_2024-03\S2_2024-03-05_03-35-33\20240305T031621_20240305T033104_T48PVR_metadata.json,48PVR
S2A_MSIL2A_20240305T031621_N0510_R118_T48PUR_20240305T073051,0.392592,4.259997,243.530121,25.022963,12.768066,0.007433,29.4899862768152,74.949491,0.0,dbscl-sentinel-2-2024\dbscl-sentinel-2_2024-03\S2_2024-03-05_03-35-36\20240305T031621_20240305T033104_T48PUR_metadata.json,48PUR
S2A_MSIL2A_20240305T031621_N0510_R118_T48PWQ_20240305T073051,0.391196,4.098293,245.88574,18.006258,3.043639,0.705542,27.4496627386355,78.302449,0.0,dbscl-sentinel-2-2024\dbscl-sentinel-2_2024-03\S2_2024-03-05_03-35-44\20240305T031621_20240305T033104_T48PWQ_metadata.json,48PWQ
S2A_MSIL2A_20240305T031621_N0510_R118_T48PVQ_20240305T073051,0.393327,4.125987,244.606632,15.236928,0.646584,0.410148,28.2151356804698,81.779355,0.0,dbscl-sentinel-2-2024\dbscl-sentinel-2_2024-03\S2_2024-03-05_03-35-48\20240305T031621_20240305T033104_T48PVQ_metadata.json,48PVQ
S2B_MSIL2A_20240307T030549_N0510_R075_T48PXR_20240307T060316,0.480766,3.448766,245.454622,26.659492,15.343645,0.349173,28.8347546119213,67.933708,0.0,dbscl-sentinel-2-2024\dbscl-sentinel-2_2024-03\S2_2024-03-07_03-25-25\20240307T030549_20240307T032235_T48PXR_metadata.json,48PXR
S2A_MSIL2A_20240308T032601_N0510_R018_T48PUS_20240308T074151,0.411357,2.536158,246.682925,29.085368,23.382165,7.148414,27.1494236827635,59.689254,0.0,dbscl-sentinel-2-2024\dbscl-sentinel-2_2024-03\S2_2024-03-08_03-45-17\20240308T032601_20240308T034226_T48PUS_metadata.json,48PUS
S2A_MSIL2A_20240308T032601_N0510_R018_T48PUR_20240308T074151,0.3544,2.976989,245.27691,38.124856,25.736225,0.046652,26.6171728814313,61.743051,0.0,dbscl-sentinel-2-2024\dbscl-sentinel-2_2024-03\S2_2024-03-08_03-45-31\20240308T032601_20240308T034226_T48PUR_metadata.json,48PUR
S2A_MSIL2A_20240312T030521_N0510_R075_T48PXT_20240312T074052,0.311264,3.086922,247.349016,19.465645,16.285889,50.351846,28.5246912369457,0.487521,0.0,dbscl-sentinel-2-2024\dbscl-sentinel-2_2024-03\S2_2024-03-12_03-25-02\20240312T030521_20240312T031850_T48PXT_metadata.json,48PXT
S2A_MSIL2A_20240312T030521_N0510_R075_T48PXS_20240312T074052,0.359837,3.162282,247.775603,16.254224,14.614221,29.717472,28.0476347269579,24.397296,0.0,dbscl-sentinel-2-2024\dbscl-sentinel-2_2024-03\S2_2024-03-12_03-25-16\20240312T030521_20240312T031850_T48PXS_metadata.json,48PXS
S2A_MSIL2A_20240312T030521_N0510_R075_T48PXR_20240312T074052,0.218264,3.137629,248.360704,25.710538,25.088149,7.305954,27.5899459862246,58.438742,0.0,dbscl-sentinel-2-2024\dbscl-sentinel-2_2024-03\S2_2024-03-12_03-25-31\20240312T030521_20240312T031850_T48PXR_metadata.json,48PXR
S2A_MSIL2A_20240315T031521_N0510_R118_T48PXT_20240315T073251,0.305222,2.683657,256.182737,30.705208,27.594173,43.758279,25.6089934562707,0.962996,0.0,dbscl-sentinel-2-2024\dbscl-sentinel-2_2024-03\S2_2024-03-15_03-34-57\20240315T031521_20240315T033302_T48PXT_metadata.json,48PXT
S2A_MSIL2A_20240315T031521_N0510_R118_T48PWT_20240315T073251,0.443766,2.955568,256.145083,21.697304,20.118849,25.199854,26.3854126138673,1.30833,0.0,dbscl-sentinel-2-2024\dbscl-sentinel-2_2024-03\S2_2024-03-15_03-35-00\20240315T031521_20240315T033302_T48PWT_metadata.json,48PWT
S2B_MSIL2A_20240317T030519_N0510_R075_T48PXS_20240317T061007,0.231103,3.502928,246.607197,38.059503,1.099156,13.817985,26.8298817357349,14.246088,0.0,dbscl-sentinel-2-2024\dbscl-sentinel-2_2024-03\S2_2024-03-17_03-25-15\20240317T030519_20240317T031853_T48PXS_metadata.json,48PXS
S2A_MSIL2A_20240318T032521_N0510_R018_T48PUS_20240318T074851,0.262394,3.274037,245.588596,18.928146,4.592972,12.923051,24.5530329715109,60.81751,0.0,dbscl-sentinel-2-2024\dbscl-sentinel-2_2024-03\S2_2024-03-18_03-45-17\20240318T032521_20240318T034151_T48PUS_metadata.json,48PUS
S2A_MSIL2A_20240318T032521_N0510_R018_T48PUR_20240318T074851,0.317072,3.400995,246.520123,21.557532,1.872894,0.105156,24.1160134501065,78.274715,0.0,dbscl-sentinel-2-2024\dbscl-sentinel-2_2024-03\S2_2024-03-18_03-45-31\20240318T032521_20240318T034151_T48PUR_metadata.json,48PUR
S2B_MSIL2A_20240320T031519_N0510_R118_T48PXT_20240320T063914,0.203194,2.553579,250.370042,0.009129,0.000237,59.422505,24.3083754373505,1.29633,0.0,dbscl-sentinel-2-2024\dbscl-sentinel-2_2024-03\S2_2024-03-20_03-34-57\20240320T031519_20240320T033038_T48PXT_metadata.json,48PXT
S2B_MSIL2A_20240320T031519_N0510_R118_T48PWT_20240320T063914,0.419745,2.825397,250.372552,1.378151,0.000103,25.622377,25.1103496666263,1.597606,0.0,dbscl-sentinel-2-2024\dbscl-sentinel-2_2024-03\S2_2024-03-20_03-35-00\20240320T031519_20240320T033038_T48PWT_metadata.json,48PWT
S2B_MSIL2A_20240320T031519_N0510_R118_T48PVT_20240320T063914,0.51978,3.086329,250.021555,2.10903,0.001093,14.77225,25.917636623374,1.077603,0.0,dbscl-sentinel-2-2024\dbscl-sentinel-2_2024-03\S2_2024-03-20_03-35-03\20240320T031519_20240320T033038_T48PVT_metadata.json,48PVT
S2B_MSIL2A_20240320T031519_N0510_R118_T48PXS_20240320T063914,0.443876,2.806043,251.389176,0.70319,0.000654,62.033808,23.8721289502099,4.151873,0.0,dbscl-sentinel-2-2024\dbscl-sentinel-2_2024-03\S2_2024-03-20_03-35-11\20240320T031519_20240320T033038_T48PXS_metadata.json,48PXS
S2B_MSIL2A_20240320T031519_N0510_R118_T48PWS_20240320T063914,0.449856,2.977737,250.958809,0.427995,0.0,46.940097,24.6851688675678,3.720764,0.0,dbscl-sentinel-2-2024\dbscl-sentinel-2_2024-03\S2_2024-03-20_03-35-15\20240320T031519_20240320T033038_T48PWS_metadata.json,48PWS
S2B_MSIL2A_20240320T031519_N0510_R118_T48PVS_20240320T063914,0.509201,3.007306,251.041161,2.348035,0.000458,15.593797,25.5029625449289,43.115437,0.0,dbscl-sentinel-2-2024\dbscl-sentinel-2_2024-03\S2_2024-03-20_03-35-18\20240320T031519_20240320T033038_T48PVS_metadata.json,48PVS
S2B_MSIL2A_20240320T031519_N0510_R118_T48PUS_20240320T063914,0.47345,2.918776,251.379038,10.975538,0.0,16.710831,26.3243735059824,61.021954,0.0,dbscl-sentinel-2-2024\dbscl-sentinel-2_2024-03\S2_2024-03-20_03-35-21\20240320T031519_20240320T033038_T48PUS_metadata.json,48PUS
S2B_MSIL2A_20240320T031519_N0510_R118_T48PXR_20240320T063914,0.407948,2.98316,252.334532,15.054201,0.0,28.685185,23.4607320925042,31.319231,0.0,dbscl-sentinel-2-2024\dbscl-sentinel-2_2024-03\S2_2024-03-20_03-35-26\20240320T031519_20240320T033038_T48PXR_metadata.json,48PXR
S2B_MSIL2A_20240320T031519_N0510_R118_T48PWR_20240320T063914,0.431902,3.145248,252.07307,15.182361,0.000136,22.388612,24.2844782051918,13.53745,0.0,dbscl-sentinel-2-2024\dbscl-sentinel-2_2024-03\S2_2024-03-20_03-35-29\20240320T031519_20240320T033038_T48PWR_metadata.json,48PWR
S2B_MSIL2A_20240320T031519_N0510_R118_T48PVR_20240320T063914,0.356529,3.171821,251.836434,10.750303,0.0,4.051562,25.1124130708224,71.730435,0.0,dbscl-sentinel-2-2024\dbscl-sentinel-2_2024-03\S2_2024-03-20_03-35-32\20240320T031519_20240320T033038_T48PVR_metadata.json,48PVR
S2B_MSIL2A_20240320T031519_N0510_R118_T48PUR_20240320T063914,0.361013,2.947019,252.351368,17.053416,0.002236,0.051063,25.9434328586221,82.88644,0.0,dbscl-sentinel-2-2024\dbscl-sentinel-2_2024-03\S2_2024-03-20_03-35-35\20240320T031519_20240320T033038_T48PUR_metadata.json,48PUR
S2B_MSIL2A_20240320T031519_N0510_R118_T48PWQ_20240320T063914,0.278028,3.257797,251.910763,16.172491,0.000574,1.245238,23.9091116144235,76.486337,0.0,dbscl-sentinel-2-2024\dbscl-sentinel-2_2024-03\S2_2024-03-20_03-35-44\20240320T031519_20240320T033038_T48PWQ_metadata.json,48PWQ
S2B_MSIL2A_20240320T031519_N0510_R118_T48PVQ_20240320T063914,0.240662,3.129165,251.668409,10.692947,0.271658,1.949456,24.7467218316359,79.988331,0.0,dbscl-sentinel-2-2024\dbscl-sentinel-2_2024-03\S2_2024-03-20_03-35-47\20240320T031519_20240320T033038_T48PVQ_metadata.json,48PVQ
S2A_MSIL2A_20240322T030521_N0510_R075_T48PXT_20240322T072054,0.26922,3.044762,258.498738,0.014026,0.002852,55.937946,26.0479756224195,1.50135,0.0,dbscl-sentinel-2-2024\dbscl-sentinel-2_2024-03\S2_2024-03-22_03-25-03\20240322T030521_20240322T032242_T48PXT_metadata.json,48PXT
S2A_MSIL2A_20240322T030521_N0510_R075_T48PXS_20240322T072054,0.287842,3.263765,257.724394,5.487832,0.0,31.077188,25.6689147576579,26.034033,0.0,dbscl-sentinel-2-2024\dbscl-sentinel-2_2024-03\S2_2024-03-22_03-25-17\20240322T030521_20240322T032242_T48PXS_metadata.json,48PXS
S2A_MSIL2A_20240322T030521_N0510_R075_T48PXR_20240322T072054,0.238012,3.647102,257.292357,30.687219,0.000284,2.671751,25.3143237410977,59.893268,0.0,dbscl-sentinel-2-2024\dbscl-sentinel-2_2024-03\S2_2024-03-22_03-25-32\20240322T030521_20240322T032242_T48PXR_metadata.json,48PXR
S2A_MSIL2A_20240325T031521_N0510_R118_T48PXT_20240325T100853,0.385905,3.878279,255.092036,42.977479,0.034828,17.021304,23.088283170327,0.659426,0.0,dbscl-sentinel-2-2024\dbscl-sentinel-2_2024-03\S2_2024-03-25_03-34-58\20240325T031521_20240325T032946_T48PXT_metadata.json,48PXT
S2A_MSIL2A_20240325T031521_N0510_R118_T48PWT_20240325T100853,0.442776,3.623328,255.346382,49.128819,0.595993,5.176917,23.9144842086005,0.719517,0.0,dbscl-sentinel-2-2024\dbscl-sentinel-2_2024-03\S2_2024-03-25_03-35-02\20240325T031521_20240325T032946_T48PWT_metadata.json,48PWT
S2A_MSIL2A_20240325T031521_N0510_R118_T48PVT_20240325T100853,0.46602,3.440243,255.746035,32.755813,9.558846,7.696435,24.7447884690423,0.366276,0.0,dbscl-sentinel-2-2024\dbscl-sentinel-2_2024-03\S2_2024-03-25_03-35-05\20240325T031521_20240325T032946_T48PVT_metadata.json,48PVT
S2A_MSIL2A_20240325T031521_N0510_R118_T48PWS_20240325T100853,0.252257,3.640316,255.710081,43.235955,3.3e-05,22.467138,23.5456887858441,2.107087,0.0,dbscl-sentinel-2-2024\dbscl-sentinel-2_2024-03\S2_2024-03-25_03-35-16\20240325T031521_20240325T032946_T48PWS_metadata.json,48PWS
S2A_MSIL2A_20240325T031521_N0510_R118_T48PVS_20240325T100853,0.240124,3.467253,255.904279,23.99492,0.000358,8.57536,24.3856587779041,40.669134,0.0,dbscl-sentinel-2-2024\dbscl-sentinel-2_2024-03\S2_2024-03-25_03-35-19\20240325T031521_20240325T032946_T48PVS_metadata.json,48PVS
S2A_MSIL2A_20240325T031521_N0510_R118_T48PUS_20240325T100853,0.177504,3.033665,256.359086,11.640637,0.0,20.630291,25.2280785788332,59.092021,0.0,dbscl-sentinel-2-2024\dbscl-sentinel-2_2024-03\S2_2024-03-25_03-35-23\20240325T031521_20240325T032946_T48PUS_metadata.json,48PUS
S2A_MSIL2A_20240325T031521_N0510_R118_T48PWR_20240325T100853,0.201018,3.712614,255.687122,46.055081,0.000143,10.743936,23.2045143571516,11.991645,0.0,dbscl-sentinel-2-2024\dbscl-sentinel-2_2024-03\S2_2024-03-25_03-35-30\20240325T031521_20240325T032946_T48PWR_metadata.json,48PWR
S2A_MSIL2A_20240325T031521_N0510_R118_T48PVR_20240325T100853,0.19714,3.51573,256.384223,16.541697,0.000149,3.515456,24.0535241169999,69.788539,0.0,dbscl-sentinel-2-2024\dbscl-sentinel-2_2024-03\S2_2024-03-25_03-35-34\20240325T031521_20240325T032946_T48PVR_metadata.json,48PVR
S2A_MSIL2A_20240325T031521_N0510_R118_T48PUR_20240325T100853,0.174698,3.322,257.114919,6.150289,0.0,0.040611,24.904452527279,93.798131,0.0,dbscl-sentinel-2-2024\dbscl-sentinel-2_2024-03\S2_2024-03-25_03-35-37\20240325T031521_20240325T032946_T48PUR_metadata.json,48PUR
S2A_MSIL2A_20240325T031521_N0510_R118_T48PWQ_20240325T100853,0.189094,3.822673,255.565821,19.257484,3e-05,1.244717,22.891787999891,74.495029,0.0,dbscl-sentinel-2-2024\dbscl-sentinel-2_2024-03\S2_2024-03-25_03-35-45\20240325T031521_20240325T032946_T48PWQ_metadata.json,48PWQ
S2A_MSIL2A_20240325T031521_N0510_R118_T48PVQ_20240325T100853,0.181999,3.794209,256.394936,11.72235,0.000319,2.237126,23.7491667299429,79.139793,0.0,dbscl-sentinel-2-2024\dbscl-sentinel-2_2024-03\S2_2024-03-25_03-35-48\20240325T031521_20240325T032946_T48PVQ_metadata.json,48PVQ
S2B_MSIL2A_20240330T031519_N0510_R118_T48PXT_20240330T063717,0.155788,4.255351,251.378715,29.05997,12.228041,42.055646,21.9928275855834,1.077192,0.0,dbscl-sentinel-2-2024\dbscl-sentinel-2_2024-03\S2_2024-03-30_03-34-56\20240330T031519_20240330T033114_T48PXT_metadata.json,48PXT
S2B_MSIL2A_20240330T031519_N0510_R118_T48PXS_20240330T063717,0.269825,4.739065,250.328456,43.155959,0.231216,25.507972,21.6782717066202,1.228188,0.0,dbscl-sentinel-2-2024\dbscl-sentinel-2_2024-03\S2_2024-03-30_03-35-11\20240330T031519_20240330T033114_T48PXS_metadata.json,48PXS
S2B_MSIL2A_20240330T031519_N0510_R118_T48PWS_20240330T063717,0.269865,4.830309,251.313903,37.549096,3.732659,28.585067,22.5352608004735,2.320978,0.0,dbscl-sentinel-2-2024\dbscl-sentinel-2_2024-03\S2_2024-03-30_03-35-15\20240330T031519_20240330T033114_T48PWS_metadata.json,48PWS
S2B_MSIL2A_20240330T031519_N0510_R118_T48PVS_20240330T063717,0.281293,4.228787,252.472961,28.303874,13.281406,10.297557,23.3945230204684,35.037223,0.0,dbscl-sentinel-2-2024\dbscl-sentinel-2_2024-03\S2_2024-03-30_03-35-18\20240330T031519_20240330T033114_T48PVS_metadata.json,48PVS
S2B_MSIL2A_20240330T031519_N0510_R118_T48PUS_20240330T063717,0.130306,3.99212,253.23967,9.630023,2.791906,23.516808,24.2550910786311,59.423137,0.0,dbscl-sentinel-2-2024\dbscl-sentinel-2_2024-03\S2_2024-03-30_03-35-21\20240330T031519_20240330T033114_T48PUS_metadata.json,48PUS
S2B_MSIL2A_20240330T031519_N0510_R118_T48PXR_20240330T063717,0.277097,5.063774,248.591248,47.7988,0.023289,8.384258,21.3953301991011,27.954417,0.0,dbscl-sentinel-2-2024\dbscl-sentinel-2_2024-03\S2_2024-03-30_03-35-26\20240330T031519_20240330T033114_T48PXR_metadata.json,48PXR
S2B_MSIL2A_20240330T031519_N0510_R118_T48PWR_20240330T063717,0.251584,5.079813,250.384178,34.205347,0.004708,12.484096,22.2602723514899,13.976035,0.0,dbscl-sentinel-2-2024\dbscl-sentinel-2_2024-03\S2_2024-03-30_03-35-29\20240330T031519_20240330T033114_T48PWR_metadata.json,48PWR
S2B_MSIL2A_20240330T031519_N0510_R118_T48PVR_20240330T063717,0.23974,4.939342,252.387265,21.335158,12.502347,3.932174,23.1269533276107,61.438251,0.0,dbscl-sentinel-2-2024\dbscl-sentinel-2_2024-03\S2_2024-03-30_03-35-32\20240330T031519_20240330T033114_T48PVR_metadata.json,48PVR
S2B_MSIL2A_20240330T031519_N0510_R118_T48PUR_20240330T063717,0.2211,4.458042,253.366322,15.392029,13.59213,0.049643,23.9944537164655,84.553868,0.0,dbscl-sentinel-2-2024\dbscl-sentinel-2_2024-03\S2_2024-03-30_03-35-35\20240330T031519_20240330T033114_T48PUR_metadata.json,48PUR
S2B_MSIL2A_20240330T031519_N0510_R118_T48PWQ_20240330T063717,0.258393,5.456114,249.140091,11.121622,1.831935,1.852147,22.0168413844754,80.430335,0.0,dbscl-sentinel-2-2024\dbscl-sentinel-2_2024-03\S2_2024-03-30_03-35-44\20240330T031519_20240330T033114_T48PWQ_metadata.json,48PWQ
S2B_MSIL2A_20240330T031519_N0510_R118_T48PVQ_20240330T063717,0.212764,5.414732,251.091289,11.270716,1.955013,2.325078,22.8899813446835,78.84509,0.0,dbscl-sentinel-2-2024\dbscl-sentinel-2_2024-03\S2_2024-03-30_03-35-47\20240330T031519_20240330T033114_T48PVQ_metadata.json,48PVQ
S2A_MSIL2A_20240401T030521_N0510_R075_T48PXR_20240401T083149,0.340945,4.593397,255.193786,11.8078,2.739697,2.594199,23.4652213900746,77.330393,0.0,dbscl-sentinel-2-2024\dbscl-sentinel-2_2024-04\S2_2024-04-01_03-25-30\20240401T030521_20240401T032236_T48PXR_metadata.json,48PXR
S2B_MSIL2A_20240402T032509_N0510_R018_T48PUS_20240402T064132,0.238592,4.196989,257.395631,12.698023,0.245271,13.931708,21.3404239284494,66.109383,0.0,dbscl-sentinel-2-2024\dbscl-sentinel-2_2024-04\S2_2024-04-02_03-45-15\20240402T032509_20240402T034007_T48PUS_metadata.json,48PUS
S2B_MSIL2A_20240402T032509_N0510_R018_T48PUR_20240402T064132,0.267851,4.063982,256.135271,5.520855,0.0,0.085987,21.0966856082322,94.314176,0.0,dbscl-sentinel-2-2024\dbscl-sentinel-2_2024-04\S2_2024-04-02_03-45-30\20240402T032509_20240402T034007_T48PUR_metadata.json,48PUR
S2A_MSIL2A_20240404T031521_N0510_R118_T48PWT_20240404T080752,0.398396,3.906842,263.746742,23.800309,0.039781,15.340361,21.9112036580507,1.545426,0.0,dbscl-sentinel-2-2024\dbscl-sentinel-2_2024-04\S2_2024-04-04_03-34-58\20240404T031521_20240404T032906_T48PWT_metadata.json,48PWT
S2A_MSIL2A_20240404T031521_N0510_R118_T48PVT_20240404T080752,0.345713,3.846973,263.202389,5.484173,3e-06,15.044412,22.7793588231241,1.013702,0.0,dbscl-sentinel-2-2024\dbscl-sentinel-2_2024-04\S2_2024-04-04_03-35-01\20240404T031521_20240404T032906_T48PVT_metadata.json,48PVT
S2A_MSIL2A_20240404T031521_N0510_R118_T48PWS_20240404T080752,0.359697,3.901943,262.682436,22.461034,0.000299,31.680539,21.6748960752611,3.76008,0.0,dbscl-sentinel-2-2024\dbscl-sentinel-2_2024-04\S2_2024-04-04_03-35-12\20240404T031521_20240404T032906_T48PWS_metadata.json,48PWS
S2A_MSIL2A_20240404T031521_N0510_R118_T48PVS_20240404T080752,0.305414,3.668205,262.583404,2.99795,0.001058,12.761384,22.5493737910342,43.569103,0.0,dbscl-sentinel-2-2024\dbscl-sentinel-2_2024-04\S2_2024-04-04_03-35-15\20240404T031521_20240404T032906_T48PVS_metadata.json,48PVS
S2A_MSIL2A_20240404T031521_N0510_R118_T48PUS_20240404T080752,0.26652,3.557068,261.889039,19.531877,12.023938,20.174888,23.4241600575945,51.201528,0.0,dbscl-sentinel-2-2024\dbscl-sentinel-2_2024-04\S2_2024-04-04_03-35-19\20240404T031521_20240404T032906_T48PUS_metadata.json,48PUS
S2A_MSIL2A_20240404T031521_N0510_R118_T48PXR_20240404T080752,0.182986,3.723307,261.388249,40.558141,1.660366,11.587323,20.5932540073754,26.039329,0.0,dbscl-sentinel-2-2024\dbscl-sentinel-2_2024-04\S2_2024-04-04_03-35-23\20240404T031521_20240404T032906_T48PXR_metadata.json,48PXR
S2A_MSIL2A_20240404T031521_N0510_R118_T48PWR_20240404T080752,0.341955,3.601842,261.786182,20.472233,2.149144,17.585264,21.4721631599369,14.133258,0.0,dbscl-sentinel-2-2024\dbscl-sentinel-2_2024-04\S2_2024-04-04_03-35-27\20240404T031521_20240404T032906_T48PWR_metadata.json,48PWR
S2A_MSIL2A_20240404T031521_N0510_R118_T48PVR_20240404T080752,0.25198,3.2665,261.84051,10.706371,10.151791,6.633475,22.3518499923996,68.23433,0.0,dbscl-sentinel-2-2024\dbscl-sentinel-2_2024-04\S2_2024-04-04_03-35-30\20240404T031521_20240404T032906_T48PVR_metadata.json,48PVR
S2A_MSIL2A_20240404T031521_N0510_R118_T48PUR_20240404T080752,0.202634,3.747992,261.362731,10.640956,10.638858,0.050217,23.231486613331,89.304209,0.0,dbscl-sentinel-2-2024\dbscl-sentinel-2_2024-04\S2_2024-04-04_03-35-33\20240404T031521_20240404T032906_T48PUR_metadata.json,48PUR
S2A_MSIL2A_20240404T031521_N0510_R118_T48PWQ_20240404T080752,0.09517,3.283642,261.094588,22.809742,5.443963,1.65883,21.3038433763164,68.853521,0.0,dbscl-sentinel-2-2024\dbscl-sentinel-2_2024-04\S2_2024-04-04_03-35-41\20240404T031521_20240404T032906_T48PWQ_metadata.json,48PWQ
S2A_MSIL2A_20240404T031521_N0510_R118_T48PVQ_20240404T080752,0.090624,3.18374,261.262547,21.116678,17.442812,3.154644,22.1875404605653,66.571867,0.0,dbscl-sentinel-2-2024\dbscl-sentinel-2_2024-04\S2_2024-04-04_03-35-45\20240404T031521_20240404T032906_T48PVQ_metadata.json,48PVQ
S2B_MSIL2A_20240406T030519_N0510_R075_T48PXS_20240406T062815,0.112597,3.549205,261.406767,42.261356,0.0,11.969816,22.9129648284298,21.552899,0.0,dbscl-sentinel-2-2024\dbscl-sentinel-2_2024-04\S2_2024-04-06_03-25-14\20240406T030519_20240406T031707_T48PXS_metadata.json,48PXS
S2B_MSIL2A_20240406T030519_N0510_R075_T48PXR_20240406T062815,0.072636,3.267834,260.143383,5.030563,0.0,3.976799,22.7542962249266,80.671847,0.0,dbscl-sentinel-2-2024\dbscl-sentinel-2_2024-04\S2_2024-04-06_03-25-29\20240406T030519_20240406T031707_T48PXR_metadata.json,48PXR
S2A_MSIL2A_20240407T032511_N0510_R018_T48PUS_20240407T075753,0.119388,3.168233,261.211064,32.773477,12.968685,13.18412,20.5600401129435,47.836825,0.0,dbscl-sentinel-2-2024\dbscl-sentinel-2_2024-04\S2_2024-04-07_03-45-15\20240407T032511_20240407T034011_T48PUS_metadata.json,48PUS
S2A_MSIL2A_20240407T032511_N0510_R018_T48PUR_20240407T075753,0.088321,3.348002,260.154513,41.060829,11.486667,0.120112,20.3935759486716,58.78374,0.0,dbscl-sentinel-2-2024\dbscl-sentinel-2_2024-04\S2_2024-04-07_03-45-29\20240407T032511_20240407T034011_T48PUR_metadata.json,48PUR
S2B_MSIL2A_20240409T031519_N0510_R118_T48PXT_20240409T062556,0.37137,3.214845,264.942387,22.51606,20.738287,38.222408,20.2458262585068,0.975159,0.0,dbscl-sentinel-2-2024\dbscl-sentinel-2_2024-04\S2_2024-04-09_03-34-56\20240409T031519_20240409T033215_T48PXT_metadata.json,48PXT
S2B_MSIL2A_20240409T031519_N0510_R118_T48PWT_20240409T062556,0.635371,3.182498,264.834215,21.025158,11.060418,6.801832,21.125620008943,1.32551,0.0,dbscl-sentinel-2-2024\dbscl-sentinel-2_2024-04\S2_2024-04-09_03-35-00\20240409T031519_20240409T033215_T48PWT_metadata.json,48PWT
S2B_MSIL2A_20240409T031519_N0510_R118_T48PVT_20240409T062556,0.702655,3.326354,264.078506,39.503241,1.048987,0.135122,22.0061299023894,0.47706,0.0,dbscl-sentinel-2-2024\dbscl-sentinel-2_2024-04\S2_2024-04-09_03-35-03\20240409T031519_20240409T033215_T48PVT_metadata.json,48PVT
S2B_MSIL2A_20240409T031519_N0510_R118_T48PXS_20240409T062556,0.34801,3.134288,263.646261,19.191802,2.865652,39.94031,20.0798418478173,1.660332,0.0,dbscl-sentinel-2-2024\dbscl-sentinel-2_2024-04\S2_2024-04-09_03-35-11\20240409T031519_20240409T033215_T48PXS_metadata.json,48PXS
S2B_MSIL2A_20240409T031519_N0510_R118_T48PWS_20240409T062556,0.347775,3.448344,263.851953,27.981949,11.089781,32.233539,20.9637798700598,2.759798,0.0,dbscl-sentinel-2-2024\dbscl-sentinel-2_2024-04\S2_2024-04-09_03-35-14\20240409T031519_20240409T033215_T48PWS_metadata.json,48PWS
S2B_MSIL2A_20240409T031519_N0510_R118_T48PVS_20240409T062556,0.556353,3.391316,263.891982,30.022776,6.216346,5.409561,21.8481237659185,34.509602,0.0,dbscl-sentinel-2-2024\dbscl-sentinel-2_2024-04\S2_2024-04-09_03-35-18\20240409T031519_20240409T033215_T48PVS_metadata.json,48PVS
S2B_MSIL2A_20240409T031519_N0510_R118_T48PXR_20240409T062556,0.209041,3.189538,262.382446,35.177776,0.000273,12.550138,19.9514091746356,28.068244,0.0,dbscl-sentinel-2-2024\dbscl-sentinel-2_2024-04\S2_2024-04-09_03-35-26\20240409T031519_20240409T033215_T48PXR_metadata.json,48PXR
S2B_MSIL2A_20240409T031519_N0510_R118_T48PWR_20240409T062556,0.260029,3.609135,262.396095,33.376896,1.51103,12.108686,20.8380433961603,12.881981,0.0,dbscl-sentinel-2-2024\dbscl-sentinel-2_2024-04\S2_2024-04-09_03-35-29\20240409T031519_20240409T033215_T48PWR_metadata.json,48PWR
S2B_MSIL2A_20240409T031519_N0510_R118_T48PVR_20240409T062556,0.318278,3.755508,262.29138,21.215583,10.148423,3.756885,21.7248754437433,61.647415,0.0,dbscl-sentinel-2-2024\dbscl-sentinel-2_2024-04\S2_2024-04-09_03-35-32\20240409T031519_20240409T033215_T48PVR_metadata.json,48PVR
S2B_MSIL2A_20240409T031519_N0510_R118_T48PUR_20240409T062556,0.355763,2.788992,261.891664,22.502904,4.364791,0.002179,22.6111373585617,77.464664,0.0,dbscl-sentinel-2-2024\dbscl-sentinel-2_2024-04\S2_2024-04-09_03-35-35\20240409T031519_20240409T033215_T48PUR_metadata.json,48PUR
S2B_MSIL2A_20240409T031519_N0510_R118_T48PWQ_20240409T062556,0.172135,4.222986,260.990667,21.499956,1.405068,1.25261,20.7489162970399,72.186279,0.0,dbscl-sentinel-2-2024\dbscl-sentinel-2_2024-04\S2_2024-04-09_03-35-43\20240409T031519_20240409T033215_T48PWQ_metadata.json,48PWQ
S2B_MSIL2A_20240409T031519_N0510_R118_T48PVQ_20240409T062556,0.165326,4.355829,260.248998,10.906108,0.177757,1.244853,21.6368416160939,82.019621,0.0,dbscl-sentinel-2-2024\dbscl-sentinel-2_2024-04\S2_2024-04-09_03-35-47\20240409T031519_20240409T033215_T48PVQ_metadata.json,48PVQ
S2A_MSIL2A_20240411T030521_N0510_R075_T48PXS_20240411T084658,0.335902,3.231373,265.2104,21.922302,0.000324,21.077389,22.2854603388739,19.938578,0.0,dbscl-sentinel-2-2024\dbscl-sentinel-2_2024-04\S2_2024-04-11_03-25-17\20240411T030521_20240411T031909_T48PXS_metadata.json,48PXS
S2B_MSIL2A_20240412T032519_N0510_R018_T48PUR_20240412T064041,0.342109,3.286999,264.818895,44.575432,42.40177,0.14285,19.8689213175602,55.258906,0.0,dbscl-sentinel-2-2024\dbscl-sentinel-2_2024-04\S2_2024-04-12_03-45-31\20240412T032519_20240412T034009_T48PUR_metadata.json,48PUR
S2A_MSIL2A_20240414T031521_N0510_R118_T48PXT_20240414T090854,0.467149,3.207188,268.674703,35.298461,6.60102,34.005803,19.6297590241224,0.841176,0.0,dbscl-sentinel-2-2024\dbscl-sentinel-2_2024-04\S2_2024-04-14_03-34-59\20240414T031521_20240414T032835_T48PXT_metadata.json,48PXT
S2A_MSIL2A_20240414T031521_N0510_R118_T48PWT_20240414T090854,0.4778,3.106966,269.029809,45.785147,9.651889,8.620661,20.5167192357973,0.725664,0.0,dbscl-sentinel-2-2024\dbscl-sentinel-2_2024-04\S2_2024-04-14_03-35-03\20240414T031521_20240414T032835_T48PWT_metadata.json,48PWT
S2A_MSIL2A_20240414T031521_N0510_R118_T48PVS_20240414T090854,0.365851,3.01794,268.432013,38.717151,13.530794,4.94218,21.3210892301838,30.108425,0.0,dbscl-sentinel-2-2024\dbscl-sentinel-2_2024-04\S2_2024-04-14_03-35-20\20240414T031521_20240414T032835_T48PVS_metadata.json,48PVS
S2A_MSIL2A_20240414T031521_N0510_R118_T48PUS_20240414T090854,0.455337,2.784537,268.653087,21.870488,11.929463,18.740183,22.208466592207,50.562137,0.0,dbscl-sentinel-2-2024\dbscl-sentinel-2_2024-04\S2_2024-04-14_03-35-24\20240414T031521_20240414T032835_T48PUS_metadata.json,48PUS
S2A_MSIL2A_20240414T031521_N0510_R118_T48PVR_20240414T090854,0.27103,3.005637,267.446951,40.685108,22.482423,2.427835,21.2746193633793,49.459216,0.0,dbscl-sentinel-2-2024\dbscl-sentinel-2_2024-04\S2_2024-04-14_03-35-35\20240414T031521_20240414T032835_T48PVR_metadata.json,48PVR
S2A_MSIL2A_20240414T031521_N0510_R118_T48PUR_20240414T090854,0.254176,3.307014,267.168712,21.488838,16.401775,0.046452,22.161448882205,78.456199,0.0,dbscl-sentinel-2-2024\dbscl-sentinel-2_2024-04\S2_2024-04-14_03-35-38\20240414T031521_20240414T032835_T48PUR_metadata.json,48PUR
S2B_MSIL2A_20240416T030529_N0510_R075_T48PXT_20240416T061605,0.32909,3.546958,267.164494,1.068337,0.013431,52.886397,21.8857867298464,1.685689,0.0,dbscl-sentinel-2-2024\dbscl-sentinel-2_2024-04\S2_2024-04-16_03-25-03\20240416T030529_20240416T032231_T48PXT_metadata.json,48PXT
S2B_MSIL2A_20240416T030529_N0510_R075_T48PXS_20240416T061605,0.29978,3.562006,264.325417,0.887361,0.000164,31.087857,21.8405488688295,27.4396,0.0,dbscl-sentinel-2-2024\dbscl-sentinel-2_2024-04\S2_2024-04-16_03-25-17\20240416T030529_20240416T032231_T48PXS_metadata.json,48PXS
S2B_MSIL2A_20240416T030529_N0510_R075_T48PXR_20240416T061605,0.094396,3.381871,262.759779,0.325185,0.000474,4.685858,21.8303248443569,83.087009,0.0,dbscl-sentinel-2-2024\dbscl-sentinel-2_2024-04\S2_2024-04-16_03-25-32\20240416T030529_20240416T032231_T48PXR_metadata.json,48PXR
S2B_MSIL2A_20240419T031519_N0510_R118_T48PXT_20240419T062336,0.285591,3.994857,270.183145,38.141423,0.434137,27.666175,19.2220278235432,0.725744,0.0,dbscl-sentinel-2-2024\dbscl-sentinel-2_2024-04\S2_2024-04-19_03-34-58\20240419T031519_20240419T033303_T48PXT_metadata.json,48PXT
S2B_MSIL2A_20240419T031519_N0510_R118_T48PWT_20240419T062336,0.246256,3.594965,271.020601,23.230647,6.602463,18.709321,20.1092427268451,1.370745,0.0,dbscl-sentinel-2-2024\dbscl-sentinel-2_2024-04\S2_2024-04-19_03-35-01\20240419T031519_20240419T033303_T48PWT_metadata.json,48PWT
S2B_MSIL2A_20240419T031519_N0510_R118_T48PVT_20240419T062336,0.249789,3.702313,271.908375,14.469504,0.41477,13.628553,20.99662215955,0.764717,0.0,dbscl-sentinel-2-2024\dbscl-sentinel-2_2024-04\S2_2024-04-19_03-35-05\20240419T031519_20240419T033303_T48PVT_metadata.json,48PVT
S2B_MSIL2A_20240419T031519_N0510_R118_T48PXS_20240419T062336,0.335982,4.078961,269.477338,47.96263,8.101119,25.227615,19.2202792370554,2.232629,0.0,dbscl-sentinel-2-2024\dbscl-sentinel-2_2024-04\S2_2024-04-19_03-35-12\20240419T031519_20240419T033303_T48PXS_metadata.json,48PXS
S2B_MSIL2A_20240419T031519_N0510_R118_T48PWS_20240419T062336,0.245781,3.962434,269.803452,27.946669,3.299286,32.694486,20.1049995114915,3.012522,0.0,dbscl-sentinel-2-2024\dbscl-sentinel-2_2024-04\S2_2024-04-19_03-35-16\20240419T031519_20240419T033303_T48PWS_metadata.json,48PWS
S2B_MSIL2A_20240419T031519_N0510_R118_T48PVS_20240419T062336,0.169217,3.574633,269.885539,12.587553,4.116257,11.277249,20.990090353748,39.781541,0.0,dbscl-sentinel-2-2024\dbscl-sentinel-2_2024-04\S2_2024-04-19_03-35-19\20240419T031519_20240419T033303_T48PVS_metadata.json,48PVS
S2B_MSIL2A_20240419T031519_N0510_R118_T48PUS_20240419T062336,0.26037,3.587821,271.030577,25.940493,16.591172,15.490621,21.8747627274244,51.511252,0.0,dbscl-sentinel-2-2024\dbscl-sentinel-2_2024-04\S2_2024-04-19_03-35-22\20240419T031519_20240419T033303_T48PUS_metadata.json,48PUS
S2B_MSIL2A_20240419T031519_N0510_R118_T48PVR_20240419T062336,0.138037,3.5497,269.331185,31.344029,27.113199,2.863488,21.0207012796874,56.981057,0.0,dbscl-sentinel-2-2024\dbscl-sentinel-2_2024-04\S2_2024-04-19_03-35-34\20240419T031519_20240419T033303_T48PVR_metadata.json,48PVR
S2B_MSIL2A_20240419T031519_N0510_R118_T48PUR_20240419T062336,0.135148,3.674998,270.049283,2.564721,2.332834,0.048336,21.9018296864726,97.38161,0.0,dbscl-sentinel-2-2024\dbscl-sentinel-2_2024-04\S2_2024-04-19_03-35-36\20240419T031519_20240419T033303_T48PUR_metadata.json,48PUR
S2A_MSIL2A_20240421T030531_N0510_R075_T48PXS_20240421T075750,0.202976,3.280693,272.996623,29.934162,10.39677,17.511593,21.5637695178653,28.851962,0.0,dbscl-sentinel-2-2024\dbscl-sentinel-2_2024-04\S2_2024-04-21_03-25-22\20240421T030531_20240421T032512_T48PXS_metadata.json,48PXS
S2A_MSIL2A_20240421T030531_N0510_R075_T48PXR_20240421T075750,0.180367,3.227761,274.115141,23.990406,19.011612,3.256741,21.627684043883,63.039774,0.0,dbscl-sentinel-2-2024\dbscl-sentinel-2_2024-04\S2_2024-04-21_03-25-34\20240421T030531_20240421T032512_T48PXR_metadata.json,48PXR
S2B_MSIL2A_20240422T032519_N0510_R018_T48PUR_20240422T072710,0.232774,3.107002,271.952243,42.239699,33.544987,0.020521,19.4123467930538,57.723528,0.0,dbscl-sentinel-2-2024\dbscl-sentinel-2_2024-04\S2_2024-04-22_03-45-31\20240422T032519_20240422T034258_T48PUR_metadata.json,48PUR
S2A_MSIL2A_20240424T031521_N0510_R118_T48PXT_20240424T091353,0.287554,3.983093,273.479097,16.005883,2.062621,43.273425,18.9958642777253,0.910607,0.0,dbscl-sentinel-2-2024\dbscl-sentinel-2_2024-04\S2_2024-04-24_03-34-59\20240424T031521_20240424T032621_T48PXT_metadata.json,48PXT
S2A_MSIL2A_20240424T031521_N0510_R118_T48PWT_20240424T091353,0.323806,4.069587,272.781599,19.630042,18.005149,20.610552,19.8764477329614,1.202289,0.0,dbscl-sentinel-2-2024\dbscl-sentinel-2_2024-04\S2_2024-04-24_03-35-03\20240424T031521_20240424T032621_T48PWT_metadata.json,48PWT
S2A_MSIL2A_20240424T031521_N0510_R118_T48PVT_20240424T091353,0.280704,3.983378,272.568006,5.844701,4.408261,16.073047,20.7577518270635,0.9613,0.0,dbscl-sentinel-2-2024\dbscl-sentinel-2_2024-04\S2_2024-04-24_03-35-06\20240424T031521_20240424T032621_T48PVT_metadata.json,48PVT
S2A_MSIL2A_20240424T031521_N0510_R118_T48PXS_20240424T091353,0.34196,4.039409,272.659392,39.049557,4.204545,26.023212,19.0755824876428,1.420115,0.0,dbscl-sentinel-2-2024\dbscl-sentinel-2_2024-04\S2_2024-04-24_03-35-14\20240424T031521_20240424T032621_T48PXS_metadata.json,48PXS
S2A_MSIL2A_20240424T031521_N0510_R118_T48PWS_20240424T091353,0.353806,3.949217,272.270952,13.927171,7.404504,49.172774,19.9502385444035,3.1491,0.0,dbscl-sentinel-2-2024\dbscl-sentinel-2_2024-04\S2_2024-04-24_03-35-18\20240424T031521_20240424T032621_T48PWS_metadata.json,48PWS
S2A_MSIL2A_20240424T031521_N0510_R118_T48PVS_20240424T091353,0.286101,3.770982,271.993963,19.707921,10.084492,10.510496,20.826088527439,34.423825,0.0,dbscl-sentinel-2-2024\dbscl-sentinel-2_2024-04\S2_2024-04-24_03-35-21\20240424T031521_20240424T032621_T48PVS_metadata.json,48PVS
S2A_MSIL2A_20240424T031521_N0510_R118_T48PUS_20240424T091353,0.136169,3.302407,271.260525,38.902074,22.284731,19.760947,21.7022513916401,35.376135,0.0,dbscl-sentinel-2-2024\dbscl-sentinel-2_2024-04\S2_2024-04-24_03-35-24\20240424T031521_20240424T032621_T48PUS_metadata.json,48PUS
S2A_MSIL2A_20240424T031521_N0510_R118_T48PXR_20240424T091353,0.35407,3.757616,270.715953,27.439454,3.192515,13.931696,19.1954712627459,27.984798,0.0,dbscl-sentinel-2-2024\dbscl-sentinel-2_2024-04\S2_2024-04-24_03-35-29\20240424T031521_20240424T032621_T48PXR_metadata.json,48PXR
S2A_MSIL2A_20240424T031521_N0510_R118_T48PWR_20240424T091353,0.270001,3.716076,270.609048,21.773833,3.970893,21.234721,20.0625673858103,13.086237,0.0,dbscl-sentinel-2-2024\dbscl-sentinel-2_2024-04\S2_2024-04-24_03-35-32\20240424T031521_20240424T032621_T48PWR_metadata.json,48PWR
S2A_MSIL2A_20240424T031521_N0510_R118_T48PVR_20240424T091353,0.24334,3.735157,270.204538,44.83951,26.69645,2.515569,20.9314603563354,41.26927,0.0,dbscl-sentinel-2-2024\dbscl-sentinel-2_2024-04\S2_2024-04-24_03-35-35\20240424T031521_20240424T032621_T48PVR_metadata.json,48PVR
S2A_MSIL2A_20240424T031521_N0510_R118_T48PWQ_20240424T091353,0.29849,3.585175,269.312066,20.955575,10.502812,1.347484,20.2129938665993,72.422498,0.0,dbscl-sentinel-2-2024\dbscl-sentinel-2_2024-04\S2_2024-04-24_03-35-47\20240424T031521_20240424T032621_T48PWQ_metadata.json,48PWQ
S2A_MSIL2A_20240424T031521_N0510_R118_T48PVQ_20240424T091353,0.287752,3.625439,268.594418,33.662757,15.54897,1.599809,21.0735307205682,58.729982,0.0,dbscl-sentinel-2-2024\dbscl-sentinel-2_2024-04\S2_2024-04-24_03-35-50\20240424T031521_20240424T032621_T48PVQ_metadata.json,48PVQ
S2B_MSIL2A_20240426T030519_N0510_R075_T48PXS_20240426T062656,0.323828,4.554665,269.238476,26.095352,6.232631,18.053797,21.4864340101486,24.024001,0.0,dbscl-sentinel-2-2024\dbscl-sentinel-2_2024-04\S2_2024-04-26_03-25-15\20240426T030519_20240426T031436_T48PXS_metadata.json,48PXS
S2B_MSIL2A_20240426T030519_N0510_R075_T48PXR_20240426T062656,0.104876,4.632723,267.272579,30.01115,19.607203,2.611103,21.6212162282098,57.595378,0.0,dbscl-sentinel-2-2024\dbscl-sentinel-2_2024-04\S2_2024-04-26_03-25-29\20240426T030519_20240426T031436_T48PXR_metadata.json,48PXR
S2A_MSIL2A_20240427T032521_N0510_R018_T48PUS_20240427T090350,0.256074,3.674179,269.741857,17.350951,4.057385,12.557101,19.2916968650292,62.467206,0.0,dbscl-sentinel-2-2024\dbscl-sentinel-2_2024-04\S2_2024-04-27_03-45-19\20240427T032521_20240427T034116_T48PUS_metadata.json,48PUS
S2A_MSIL2A_20240427T032521_N0510_R018_T48PUR_20240427T090350,0.097436,4.024986,269.112222,24.058181,12.293386,0.108453,19.4492360147056,75.790763,0.0,dbscl-sentinel-2-2024\dbscl-sentinel-2_2024-04\S2_2024-04-27_03-45-33\20240427T032521_20240427T034116_T48PUR_metadata.json,48PUR
S2B_MSIL2A_20240429T031519_N0510_R118_T48PXT_20240429T132456,0.245469,3.933669,275.551565,31.844345,11.973827,31.74386,18.9721053877627,0.726105,0.0,dbscl-sentinel-2-2024\dbscl-sentinel-2_2024-04\S2_2024-04-29_03-34-56\20240429T031519_20240429T033425_T48PXT_metadata.json,48PXT
S2B_MSIL2A_20240429T031519_N0510_R118_T48PWT_20240429T132456,0.365919,3.723083,276.315191,42.531022,22.667918,16.200888,19.8399609407976,0.655794,0.0,dbscl-sentinel-2-2024\dbscl-sentinel-2_2024-04\S2_2024-04-29_03-35-00\20240429T031519_20240429T033425_T48PWT_metadata.json,48PWT
S2B_MSIL2A_20240429T031519_N0510_R118_T48PVT_20240429T132456,0.334665,3.495228,276.666392,24.598485,23.234217,12.817107,20.7095721028781,0.721035,0.0,dbscl-sentinel-2-2024\dbscl-sentinel-2_2024-04\S2_2024-04-29_03-35-03\20240429T031519_20240429T033425_T48PVT_metadata.json,48PVT
S2B_MSIL2A_20240429T031519_N0510_R118_T48PXS_20240429T132456,0.245785,3.845434,276.885673,24.290992,5.247461,38.816345,19.1288445083573,3.300672,0.0,dbscl-sentinel-2-2024\dbscl-sentinel-2_2024-04\S2_2024-04-29_03-35-11\20240429T031519_20240429T033425_T48PXS_metadata.json,48PXS
S2B_MSIL2A_20240429T031519_N0510_R118_T48PWS_20240429T132456,0.227747,3.792667,276.187385,24.623853,17.831139,50.632757,19.9876320218834,2.344435,0.0,dbscl-sentinel-2-2024\dbscl-sentinel-2_2024-04\S2_2024-04-29_03-35-15\20240429T031519_20240429T033425_T48PWS_metadata.json,48PWS
S2B_MSIL2A_20240429T031519_N0510_R118_T48PVS_20240429T132456,0.1646,3.398871,275.27804,24.254124,17.620559,9.052618,20.8488844280589,33.660495,0.0,dbscl-sentinel-2-2024\dbscl-sentinel-2_2024-04\S2_2024-04-29_03-35-18\20240429T031519_20240429T033425_T48PVS_metadata.json,48PVS
S2B_MSIL2A_20240429T031519_N0510_R118_T48PUS_20240429T132456,0.367217,3.215618,274.289738,22.923291,16.667968,14.984363,21.7115839076452,52.495795,0.0,dbscl-sentinel-2-2024\dbscl-sentinel-2_2024-04\S2_2024-04-29_03-35-21\20240429T031519_20240429T033425_T48PUS_metadata.json,48PUS
S2B_MSIL2A_20240429T031519_N0510_R118_T48PXR_20240429T132456,0.144858,3.939625,276.565204,26.420814,3.450828,12.63036,19.3245250576531,33.13573,0.0,dbscl-sentinel-2-2024\dbscl-sentinel-2_2024-04\S2_2024-04-29_03-35-26\20240429T031519_20240429T033425_T48PXR_metadata.json,48PXR
S2B_MSIL2A_20240429T031519_N0510_R118_T48PWR_20240429T132456,0.161937,3.962421,276.258964,16.113424,9.338354,22.821566,20.1728398875363,17.670068,0.0,dbscl-sentinel-2-2024\dbscl-sentinel-2_2024-04\S2_2024-04-29_03-35-29\20240429T031519_20240429T033425_T48PWR_metadata.json,48PWR
S2B_MSIL2A_20240429T031519_N0510_R118_T48PVR_20240429T132456,0.125323,3.752024,275.01793,16.462544,11.647583,4.541727,21.0244123852283,64.43643,0.0,dbscl-sentinel-2-2024\dbscl-sentinel-2_2024-04\S2_2024-04-29_03-35-32\20240429T031519_20240429T033425_T48PVR_metadata.json,48PVR
S2B_MSIL2A_20240429T031519_N0510_R118_T48PWQ_20240429T132456,0.130806,4.33938,274.823398,16.210252,10.381897,1.970723,20.3948088505309,74.690324,0.0,dbscl-sentinel-2-2024\dbscl-sentinel-2_2024-04\S2_2024-04-29_03-35-44\20240429T031519_20240429T033425_T48PWQ_metadata.json,48PWQ
S2B_MSIL2A_20240429T031519_N0510_R118_T48PVQ_20240429T132456,0.122627,4.46453,274.001041,12.079117,7.041934,2.548429,21.2354569340963,76.901972,0.0,dbscl-sentinel-2-2024\dbscl-sentinel-2_2024-04\S2_2024-04-29_03-35-47\20240429T031519_20240429T033425_T48PVQ_metadata.json,48PVQ
S2A_MSIL2A_20240501T030551_N0510_R075_T48PXS_20240501T061957,0.159621,3.660426,277.093793,31.622806,3.980161,15.725659,21.5304290257971,22.292762,0.0,dbscl-sentinel-2-2024\dbscl-sentinel-2_2024-05\S2_2024-05-01_03-25-19\20240501T030551_20240501T032043_T48PXS_metadata.json,48PXS
S2A_MSIL2A_20240501T030551_N0510_R075_T48PXR_20240501T061957,0.104111,3.474925,275.921462,15.859094,8.918198,2.486604,21.7312092536262,72.235787,0.0,dbscl-sentinel-2-2024\dbscl-sentinel-2_2024-05\S2_2024-05-01_03-25-34\20240501T030551_20240501T032043_T48PXR_metadata.json,48PXR
S2A_MSIL2A_20240504T031541_N0510_R118_T48PUR_20240504T080452,0.265898,4.063001,268.045299,28.66154,16.875058,0.005714,22.0698565800927,71.332645,0.0,dbscl-sentinel-2-2024\dbscl-sentinel-2_2024-05\S2_2024-05-04_03-35-38\20240504T031541_20240504T032646_T48PUR_metadata.json,48PUR
S2B_MSIL2A_20240506T030529_N0510_R075_T48PXS_20240506T060520,0.286038,4.510578,267.836193,38.027266,4.326709,11.948932,21.7378184762343,22.274815,0.0,dbscl-sentinel-2-2024\dbscl-sentinel-2_2024-05\S2_2024-05-06_03-25-17\20240506T030529_20240506T032206_T48PXS_metadata.json,48PXS
S2B_MSIL2A_20240506T030529_N0510_R075_T48PXR_20240506T060520,0.240738,4.363669,267.907683,14.572987,0.978802,2.306379,21.9978051445837,73.816031,0.0,dbscl-sentinel-2-2024\dbscl-sentinel-2_2024-05\S2_2024-05-06_03-25-32\20240506T030529_20240506T032206_T48PXR_metadata.json,48PXR
S2A_MSIL2A_20240511T030551_N0510_R075_T48PXS_20240511T071306,0.24282,4.633306,275.47364,45.094389,15.935773,14.246738,22.0386005934854,12.532815,0.0,dbscl-sentinel-2-2024\dbscl-sentinel-2_2024-05\S2_2024-05-11_03-25-19\20240511T030551_20240511T032347_T48PXS_metadata.json,48PXS
S2A_MSIL2A_20240511T030551_N0510_R075_T48PXR_20240511T071306,0.205083,4.502778,274.548154,41.830957,17.759517,1.987367,22.3503705232107,50.881565,0.0,dbscl-sentinel-2-2024\dbscl-sentinel-2_2024-05\S2_2024-05-11_03-25-34\20240511T030551_20240511T032347_T48PXR_metadata.json,48PXR
S2B_MSIL2A_20240512T032519_N0510_R018_T48PUR_20240512T064929,0.165567,4.177998,273.316285,35.052976,22.997224,0.007683,20.4349397865361,64.935976,0.0,dbscl-sentinel-2-2024\dbscl-sentinel-2_2024-05\S2_2024-05-12_03-45-28\20240512T032519_20240512T033249_T48PUR_metadata.json,48PUR
S2A_MSIL2A_20240514T031541_N0510_R118_T48PUS_20240514T075608,0.28406,4.225986,271.53921,36.826232,20.120983,16.190363,22.463211036112,40.3332,0.0,dbscl-sentinel-2-2024\dbscl-sentinel-2_2024-05\S2_2024-05-14_03-35-25\20240514T031541_20240514T033109_T48PUS_metadata.json,48PUS
S2B_MSIL2A_20240519T031519_N0510_R118_T48PVT_20240519T063759,0.266768,4.986804,272.462853,35.367233,17.348857,16.696846,21.7562088983938,0.585406,0.0,dbscl-sentinel-2-2024\dbscl-sentinel-2_2024-05\S2_2024-05-19_03-35-02\20240519T031519_20240519T032400_T48PVT_metadata.json,48PVT
S2B_MSIL2A_20240519T031519_N0510_R118_T48PVS_20240519T063759,0.247837,5.046581,272.230042,36.096323,12.32484,11.406286,22.1102711985675,28.325176,0.0,dbscl-sentinel-2-2024\dbscl-sentinel-2_2024-05\S2_2024-05-19_03-35-17\20240519T031519_20240519T032400_T48PVS_metadata.json,48PVS
S2B_MSIL2A_20240519T031519_N0510_R118_T48PVR_20240519T063759,0.279847,4.858178,270.182403,42.974815,22.386004,1.527069,22.493378732032,47.363314,0.0,dbscl-sentinel-2-2024\dbscl-sentinel-2_2024-05\S2_2024-05-19_03-35-31\20240519T031519_20240519T032400_T48PVR_metadata.json,48PVR
S2B_MSIL2A_20240519T031519_N0510_R118_T48PUR_20240519T063759,0.270149,1.748996,269.474509,47.819194,14.780673,0.002106,23.2672743511169,52.177185,0.0,dbscl-sentinel-2-2024\dbscl-sentinel-2_2024-05\S2_2024-05-19_03-35-34\20240519T031519_20240519T032400_T48PUR_metadata.json,48PUR
S2A_MSIL2A_20240524T031521_N0510_R118_T48PXT_20240524T091554,0.247222,5.080416,278.349422,46.792427,13.387619,30.440328,20.6421150092208,0.989326,0.0,dbscl-sentinel-2-2024\dbscl-sentinel-2_2024-05\S2_2024-05-24_03-34-56\20240524T031521_20240524T032817_T48PXT_metadata.json,48PXT
S2A_MSIL2A_20240524T031521_N0510_R118_T48PWT_20240524T091554,0.275766,5.172359,276.878526,24.75643,11.735664,33.712298,21.412975996091,1.637131,0.0,dbscl-sentinel-2-2024\dbscl-sentinel-2_2024-05\S2_2024-05-24_03-35-00\20240524T031521_20240524T032817_T48PWT_metadata.json,48PWT
S2A_MSIL2A_20240524T031521_N0510_R118_T48PVT_20240524T091554,0.191205,4.805765,275.094261,19.169234,8.336913,31.079516,22.1923262596109,0.819515,0.0,dbscl-sentinel-2-2024\dbscl-sentinel-2_2024-05\S2_2024-05-24_03-35-03\20240524T031521_20240524T032817_T48PVT_metadata.json,48PVT
S2A_MSIL2A_20240524T031521_N0510_R118_T48PWS_20240524T091554,0.359945,4.402839,277.447732,26.585603,16.536103,51.326901,21.8161572054595,2.581544,0.0,dbscl-sentinel-2-2024\dbscl-sentinel-2_2024-05\S2_2024-05-24_03-35-14\20240524T031521_20240524T032817_T48PWS_metadata.json,48PWS
S2A_MSIL2A_20240524T031521_N0510_R118_T48PVR_20240524T091554,0.172345,4.152309,276.446351,31.842798,21.427391,2.092382,22.9951323464973,58.028489,0.0,dbscl-sentinel-2-2024\dbscl-sentinel-2_2024-05\S2_2024-05-24_03-35-32\20240524T031521_20240524T032817_T48PVR_metadata.json,48PVR
S2A_MSIL2A_20240524T031521_N0510_R118_T48PUR_20240524T091554,0.156175,4.400004,275.09498,44.796771,42.928523,0.026805,23.7519247360937,55.17168,0.0,dbscl-sentinel-2-2024\dbscl-sentinel-2_2024-05\S2_2024-05-24_03-35-35\20240524T031521_20240524T032817_T48PUR_metadata.json,48PUR
S2A_MSIL2A_20240527T032521_N0510_R018_T48PUS_20240527T090150,0.11927,4.809562,274.685563,38.907033,21.483462,9.983139,21.5431378035425,45.839152,0.0,dbscl-sentinel-2-2024\dbscl-sentinel-2_2024-05\S2_2024-05-27_03-45-17\20240527T032521_20240527T034125_T48PUS_metadata.json,48PUS
S2B_MSIL2A_20240529T031519_N0510_R118_T48PUR_20240529T062914,0.244095,3.809057,269.256993,46.551827,31.084099,0.009479,24.2383058165749,53.438526,0.0,dbscl-sentinel-2-2024\dbscl-sentinel-2_2024-05\S2_2024-05-29_03-35-35\20240529T031519_20240529T033317_T48PUR_metadata.json,48PUR
S2A_MSIL2A_20240603T031541_N0510_R118_T48PXT_20240603T091451,0.221661,4.239037,272.887972,47.802302,25.571176,35.203904,21.5736880041853,0.761792,0.0,dbscl-sentinel-2-2024\dbscl-sentinel-2_2024-06\S2_2024-06-03_03-35-01\20240603T031541_20240603T032915_T48PXT_metadata.json,48PXT
S2A_MSIL2A_20240603T031541_N0510_R118_T48PWT_20240603T091451,0.341712,4.029042,273.074758,4.915889,1.036805,56.18704,22.3170879680464,1.400503,0.0,dbscl-sentinel-2-2024\dbscl-sentinel-2_2024-06\S2_2024-06-03_03-35-05\20240603T031541_20240603T032915_T48PWT_metadata.json,48PWT
S2A_MSIL2A_20240603T031541_N0510_R118_T48PVT_20240603T091451,0.286764,4.156924,272.859366,25.642091,10.582574,29.372898,23.0703417302963,0.631271,0.0,dbscl-sentinel-2-2024\dbscl-sentinel-2_2024-06\S2_2024-06-03_03-35-08\20240603T031541_20240603T032915_T48PVT_metadata.json,48PVT
S2A_MSIL2A_20240603T031541_N0510_R118_T48PWS_20240603T091451,0.359773,4.353844,273.362831,23.553605,18.373758,57.560247,22.7662109508342,2.393021,0.0,dbscl-sentinel-2-2024\dbscl-sentinel-2_2024-06\S2_2024-06-03_03-35-19\20240603T031541_20240603T032915_T48PWS_metadata.json,48PWS
S2A_MSIL2A_20240603T031541_N0510_R118_T48PVS_20240603T091451,0.263673,4.307951,272.757024,38.347772,18.732207,18.961118,23.5037434937372,18.933414,0.0,dbscl-sentinel-2-2024\dbscl-sentinel-2_2024-06\S2_2024-06-03_03-35-22\20240603T031541_20240603T032915_T48PVS_metadata.json,48PVS
S2B_MSIL2A_20240608T031519_N0510_R118_T48PVT_20240608T063046,0.283674,4.472499,279.614566,47.505397,24.187893,19.644693,23.4897199502062,0.658648,0.0,dbscl-sentinel-2-2024\dbscl-sentinel-2_2024-06\S2_2024-06-08_03-35-07\20240608T031519_20240608T033153_T48PVT_metadata.json,48PVT
S2B_MSIL2A_20240608T031519_N0510_R118_T48PVR_20240608T063046,0.308857,4.055064,281.632322,48.508006,19.128489,2.194542,24.4055078885267,39.153388,0.0,dbscl-sentinel-2-2024\dbscl-sentinel-2_2024-06\S2_2024-06-08_03-35-36\20240608T031519_20240608T033153_T48PVR_metadata.json,48PVR
S2B_MSIL2A_20240608T031519_N0510_R118_T48PWQ_20240608T063046,0.308473,3.701032,279.832114,34.174272,17.916898,1.175772,24.1996518515509,58.891046,0.0,dbscl-sentinel-2-2024\dbscl-sentinel-2_2024-06\S2_2024-06-08_03-35-47\20240608T031519_20240608T033153_T48PWQ_metadata.json,48PWQ
S2B_MSIL2A_20240608T031519_N0510_R118_T48PVQ_20240608T063046,0.254771,3.787917,281.088673,38.290665,27.17199,2.050809,24.898057955314,52.006787,0.0,dbscl-sentinel-2-2024\dbscl-sentinel-2_2024-06\S2_2024-06-08_03-35-50\20240608T031519_20240608T033153_T48PVQ_metadata.json,48PVQ
S2A_MSIL2A_20240613T031531_N0510_R118_T48PXT_20240613T090853,0.161653,5.202839,274.454986,7.439775,0.361822,67.416751,22.3725576510173,1.073931,0.0,dbscl-sentinel-2-2024\dbscl-sentinel-2_2024-06\S2_2024-06-13_03-35-03\20240613T031531_20240613T032448_T48PXT_metadata.json,48PXT
S2A_MSIL2A_20240613T031531_N0510_R118_T48PWT_20240613T090853,0.270215,5.06286,273.971459,8.528247,6.436914,59.417999,23.1031328531504,1.624626,0.0,dbscl-sentinel-2-2024\dbscl-sentinel-2_2024-06\S2_2024-06-13_03-35-06\20240613T031531_20240613T032448_T48PWT_metadata.json,48PWT
S2A_MSIL2A_20240613T031531_N0510_R118_T48PVT_20240613T090853,0.28087,4.497927,273.712402,7.582287,6.554227,39.785495,23.8439593338253,1.083652,0.0,dbscl-sentinel-2-2024\dbscl-sentinel-2_2024-06\S2_2024-06-13_03-35-08\20240613T031531_20240613T032448_T48PVT_metadata.json,48PVT
S2A_MSIL2A_20240613T031531_N0510_R118_T48PXS_20240613T090853,0.281681,5.058556,271.673903,26.220128,3.146371,35.100317,22.8573879970224,0.725331,0.0,dbscl-sentinel-2-2024\dbscl-sentinel-2_2024-06\S2_2024-06-13_03-35-12\20240613T031531_20240613T032448_T48PXS_metadata.json,48PXS
S2A_MSIL2A_20240613T031531_N0510_R118_T48PWS_20240613T090853,0.251616,5.241356,271.375422,18.349861,0.067308,64.359748,23.5718011028848,1.779307,0.0,dbscl-sentinel-2-2024\dbscl-sentinel-2_2024-06\S2_2024-06-13_03-35-14\20240613T031531_20240613T032448_T48PWS_metadata.json,48PWS
S2A_MSIL2A_20240613T031531_N0510_R118_T48PWT_20240613T080559,0.281817,5.187161,273.909645,8.693206,3.026748,77.5195,23.1031328531505,2.824455,0.0,dbscl-sentinel-2-2024\dbscl-sentinel-2_2024-06\S2_2024-06-13_03-35-14\20240613T031531_20240613T033508_T48PWT_metadata.json,48PWT
S2A_MSIL2A_20240613T031531_N0510_R118_T48PVT_20240613T080559,0.250562,4.586778,273.655609,1.286098,0.518859,51.61947,23.8439593338253,0.115402,0.0,dbscl-sentinel-2-2024\dbscl-sentinel-2_2024-06\S2_2024-06-13_03-35-15\20240613T031531_20240613T033508_T48PVT_metadata.json,48PVT
S2A_MSIL2A_20240613T031531_N0510_R118_T48PVS_20240613T090853,0.305425,5.007819,271.77129,11.807546,11.323974,73.228037,24.2971564277914,2.00156,0.0,dbscl-sentinel-2-2024\dbscl-sentinel-2_2024-06\S2_2024-06-13_03-35-16\20240613T031531_20240613T032448_T48PVS_metadata.json,48PVS
S2A_MSIL2A_20240613T031531_N0510_R118_T48PXS_20240613T080559,0.31814,5.031418,271.61468,19.471683,4.94318,52.443576,22.8573879970224,4.513941,0.0,dbscl-sentinel-2-2024\dbscl-sentinel-2_2024-06\S2_2024-06-13_03-35-19\20240613T031531_20240613T033508_T48PXS_metadata.json,48PXS
S2A_MSIL2A_20240613T031531_N0510_R118_T48PWS_20240613T080559,0.311675,5.148544,271.30301,30.881885,9.161723,48.669901,23.5718011028848,2.132412,0.0,dbscl-sentinel-2-2024\dbscl-sentinel-2_2024-06\S2_2024-06-13_03-35-21\20240613T031531_20240613T033508_T48PWS_metadata.json,48PWS
S2A_MSIL2A_20240613T031531_N0510_R118_T48PVS_20240613T080559,0.245632,4.774556,271.674399,11.976082,6.302192,23.495351,24.2971564277915,36.928532,0.0,dbscl-sentinel-2-2024\dbscl-sentinel-2_2024-06\S2_2024-06-13_03-35-24\20240613T031531_20240613T033508_T48PVS_metadata.json,48PVS
S2A_MSIL2A_20240613T031531_N0510_R118_T48PUS_20240613T080559,0.141896,4.411071,272.869119,13.905579,0.069299,26.17656,25.0318784864782,54.323345,0.0,dbscl-sentinel-2-2024\dbscl-sentinel-2_2024-06\S2_2024-06-13_03-35-28\20240613T031531_20240613T033508_T48PUS_metadata.json,48PUS
S2A_MSIL2A_20240613T031531_N0510_R118_T48PXR_20240613T080559,0.305947,5.154211,269.552665,22.970819,5.163273,20.322539,23.3651925717365,36.943647,0.0,dbscl-sentinel-2-2024\dbscl-sentinel-2_2024-06\S2_2024-06-13_03-35-32\20240613T031531_20240613T033508_T48PXR_metadata.json,48PXR
S2A_MSIL2A_20240613T031531_N0510_R118_T48PWR_20240613T080559,0.347892,5.170425,269.194013,24.208716,2.900515,25.158253,24.0634665089923,12.963073,0.0,dbscl-sentinel-2-2024\dbscl-sentinel-2_2024-06\S2_2024-06-13_03-35-36\20240613T031531_20240613T033508_T48PWR_metadata.json,48PWR
S2A_MSIL2A_20240613T031531_N0510_R118_T48PVR_20240613T080559,0.237894,5.043209,269.401347,33.022249,16.828571,3.800837,24.7733092173458,52.870476,0.0,dbscl-sentinel-2-2024\dbscl-sentinel-2_2024-06\S2_2024-06-13_03-35-39\20240613T031531_20240613T033508_T48PVR_metadata.json,48PVR
S2A_MSIL2A_20240613T031531_N0510_R118_T48PUR_20240613T080559,0.251904,5.407001,270.419957,16.831131,14.286704,0.040903,25.4931448434271,83.121186,0.0,dbscl-sentinel-2-2024\dbscl-sentinel-2_2024-06\S2_2024-06-13_03-35-42\20240613T031531_20240613T033508_T48PUR_metadata.json,48PUR
S2A_MSIL2A_20240613T031531_N0510_R118_T48PWQ_20240613T080559,0.225668,5.502084,268.612489,14.40924,1.862943,1.208768,24.5773143730436,78.730935,0.0,dbscl-sentinel-2-2024\dbscl-sentinel-2_2024-06\S2_2024-06-13_03-35-50\20240613T031531_20240613T033508_T48PWQ_metadata.json,48PWQ
S2A_MSIL2A_20240613T031531_N0510_R118_T48PVQ_20240613T080559,0.250076,5.599705,268.344626,33.912429,8.272246,1.906039,25.2717039175279,57.231927,0.0,dbscl-sentinel-2-2024\dbscl-sentinel-2_2024-06\S2_2024-06-13_03-35-53\20240613T031531_20240613T033508_T48PVQ_metadata.json,48PVQ
S2B_MSIL2A_20240618T031519_N0510_R118_T48PXT_20240618T062613,0.21566,4.90121,277.759432,32.932809,4.762762,42.199418,22.686665528252,0.774576,0.0,dbscl-sentinel-2-2024\dbscl-sentinel-2_2024-06\S2_2024-06-18_03-34-59\20240618T031519_20240618T033323_T48PXT_metadata.json,48PXT
S2B_MSIL2A_20240618T031519_N0510_R118_T48PWT_20240618T062613,0.299904,4.551273,278.166501,26.153785,22.434112,46.197477,23.4164579103487,0.625655,0.0,dbscl-sentinel-2-2024\dbscl-sentinel-2_2024-06\S2_2024-06-18_03-35-03\20240618T031519_20240618T033323_T48PWT_metadata.json,48PWT
S2B_MSIL2A_20240618T031519_N0510_R118_T48PVT_20240618T062613,0.280871,4.505536,278.205707,38.926357,29.954112,27.906203,24.1563969263218,0.178893,0.0,dbscl-sentinel-2-2024\dbscl-sentinel-2_2024-06\S2_2024-06-18_03-35-06\20240618T031519_20240618T033323_T48PVT_metadata.json,48PVT
S2B_MSIL2A_20240618T031519_N0510_R118_T48PXS_20240618T062613,0.251938,5.335399,276.967022,36.918119,4.913769,34.313315,23.1723941741092,2.471051,0.0,dbscl-sentinel-2-2024\dbscl-sentinel-2_2024-06\S2_2024-06-18_03-35-14\20240618T031519_20240618T033323_T48PXS_metadata.json,48PXS
S2B_MSIL2A_20240618T031519_N0510_R118_T48PWS_20240618T062613,0.281962,5.301851,276.518258,28.666493,13.009337,45.035431,23.8862399880222,2.655801,0.0,dbscl-sentinel-2-2024\dbscl-sentinel-2_2024-06\S2_2024-06-18_03-35-18\20240618T031519_20240618T033323_T48PWS_metadata.json,48PWS
S2B_MSIL2A_20240618T031519_N0510_R118_T48PVS_20240618T062613,0.191666,4.69987,276.614704,12.130952,8.621451,23.517649,24.6109013594456,37.798443,0.0,dbscl-sentinel-2-2024\dbscl-sentinel-2_2024-06\S2_2024-06-18_03-35-21\20240618T031519_20240618T033323_T48PVS_metadata.json,48PVS
S2B_MSIL2A_20240618T031519_N0510_R118_T48PUS_20240618T062613,0.189603,4.384757,276.610307,28.252003,10.778593,17.589398,25.3448287504925,49.093029,0.0,dbscl-sentinel-2-2024\dbscl-sentinel-2_2024-06\S2_2024-06-18_03-35-24\20240618T031519_20240618T033323_T48PUS_metadata.json,48PUS
S2B_MSIL2A_20240618T031519_N0510_R118_T48PXR_20240618T062613,0.251866,5.501746,275.667422,22.894435,0.589377,17.927156,23.6806614261328,37.627703,0.0,dbscl-sentinel-2-2024\dbscl-sentinel-2_2024-06\S2_2024-06-18_03-35-29\20240618T031519_20240618T033323_T48PXR_metadata.json,48PXR
S2B_MSIL2A_20240618T031519_N0510_R118_T48PWR_20240618T062613,0.306022,5.423057,275.367133,32.213077,6.305274,21.394086,24.3786184678608,13.745548,0.0,dbscl-sentinel-2-2024\dbscl-sentinel-2_2024-06\S2_2024-06-18_03-35-32\20240618T031519_20240618T033323_T48PWR_metadata.json,48PWR
S2B_MSIL2A_20240618T031519_N0510_R118_T48PVR_20240618T062613,0.203302,4.890786,275.303549,43.184641,12.35467,2.799138,25.0879964884242,44.561622,0.0,dbscl-sentinel-2-2024\dbscl-sentinel-2_2024-06\S2_2024-06-18_03-35-35\20240618T031519_20240618T033323_T48PVR_metadata.json,48PVR
S2B_MSIL2A_20240618T031519_N0510_R118_T48PUR_20240618T062613,0.222973,4.805011,274.71019,39.167219,9.996557,0.052921,25.8072421696865,60.776579,0.0,dbscl-sentinel-2-2024\dbscl-sentinel-2_2024-06\S2_2024-06-18_03-35-38\20240618T031519_20240618T033323_T48PUR_metadata.json,48PUR
S2B_MSIL2A_20240618T031519_N0510_R118_T48PWQ_20240618T062613,0.215659,5.433753,272.34038,31.158361,6.296157,1.822668,24.8928570499029,61.451352,0.0,dbscl-sentinel-2-2024\dbscl-sentinel-2_2024-06\S2_2024-06-18_03-35-47\20240618T031519_20240618T033323_T48PWQ_metadata.json,48PWQ
S2B_MSIL2A_20240618T031519_N0510_R118_T48PVQ_20240618T062613,0.230109,5.484095,272.416047,48.257121,15.872867,1.259963,25.5869838978653,43.743756,0.0,dbscl-sentinel-2-2024\dbscl-sentinel-2_2024-06\S2_2024-06-18_03-35-50\20240618T031519_20240618T033323_T48PVQ_metadata.json,48PVQ
S2B_MSIL2A_20240625T030529_N0510_R075_T48PXR_20240625T061705,0.156964,5.249534,274.458602,28.862968,11.935592,7.083964,25.9181256589903,56.982124,0.0,dbscl-sentinel-2-2024\dbscl-sentinel-2_2024-06\S2_2024-06-25_03-25-34\20240625T030529_20240625T032233_T48PXR_metadata.json,48PXR
S2B_MSIL2A_20240628T031519_N0510_R118_T48PVT_20240628T061345,0.335542,4.944347,275.710682,46.277913,18.397826,25.751776,24.5224367794617,0.222257,0.0,dbscl-sentinel-2-2024\dbscl-sentinel-2_2024-06\S2_2024-06-28_03-35-07\20240628T031519_20240628T033009_T48PVT_metadata.json,48PVT
S2B_MSIL2A_20240628T031519_N0510_R118_T48PVS_20240628T061345,0.30066,5.110988,272.69822,42.532146,14.126204,10.285991,24.9650696680442,32.088435,0.0,dbscl-sentinel-2-2024\dbscl-sentinel-2_2024-06\S2_2024-06-28_03-35-22\20240628T031519_20240628T033009_T48PVS_metadata.json,48PVS
S2B_MSIL2A_20240628T031519_N0510_R118_T48PUS_20240628T061345,0.217978,4.922071,273.268608,32.793933,17.167409,13.916789,25.7063139239355,48.315719,0.0,dbscl-sentinel-2-2024\dbscl-sentinel-2_2024-06\S2_2024-06-28_03-35-25\20240628T031519_20240628T033009_T48PUS_metadata.json,48PUS
S2A_MSIL2A_20240630T030531_N0510_R075_T48PXR_20240630T084746,0.173298,5.104269,270.236095,33.979574,19.305347,3.500598,26.0148326391135,57.658231,0.0,dbscl-sentinel-2-2024\dbscl-sentinel-2_2024-06\S2_2024-06-30_03-25-34\20240630T030531_20240630T031958_T48PXR_metadata.json,48PXR
S2B_MSIL2A_20240705T030529_N0510_R075_T48PXR_20240705T060502,0.299257,5.376561,281.310437,17.7784,0.25684,4.228392,26.0184146069994,71.147823,0.0,dbscl-sentinel-2-2024\dbscl-sentinel-2_2024-07\S2_2024-07-05_03-25-34\20240705T030529_20240705T032204_T48PXR_metadata.json,48PXR
S2A_MSIL2A_20240706T032521_N0510_R018_T48PUS_20240706T082755,0.131286,4.558495,275.328717,45.379481,22.495796,11.711107,23.6937604356094,40.050584,0.0,dbscl-sentinel-2-2024\dbscl-sentinel-2_2024-07\S2_2024-07-06_03-45-20\20240706T032521_20240706T033459_T48PUS_metadata.json,48PUS
S2B_MSIL2A_20240708T031519_N0510_R118_T48PVQ_20240708T062240,0.154908,4.299915,267.884231,21.548867,10.212056,2.225606,25.8675699618591,72.01649,0.0,dbscl-sentinel-2-2024\dbscl-sentinel-2_2024-07\S2_2024-07-08_03-35-50\20240708T031519_20240708T033008_T48PVQ_metadata.json,48PVQ
S2B_MSIL2A_20240718T031519_N0510_R118_T48PWQ_20240718T063841,0.220394,5.923304,270.196557,11.988398,5.546126,2.518757,24.6717288417369,79.177654,0.0,dbscl-sentinel-2-2024\dbscl-sentinel-2_2024-07\S2_2024-07-18_03-35-47\20240718T031519_20240718T032622_T48PWQ_metadata.json,48PWQ
S2B_MSIL2A_20240718T031519_N0510_R118_T48PVQ_20240718T063841,0.280033,5.843413,269.753963,19.79681,16.290802,3.833073,25.4234756307395,70.156163,0.0,dbscl-sentinel-2-2024\dbscl-sentinel-2_2024-07\S2_2024-07-18_03-35-51\20240718T031519_20240718T032622_T48PVQ_metadata.json,48PVQ
S2A_MSIL2A_20240723T031541_N0511_R118_T48PUR_20240723T105418,0.340372,2.872,273.955827,39.815649,10.608907,4.2e-05,25.4823282510537,60.184282,0.0,dbscl-sentinel-2-2024\dbscl-sentinel-2_2024-07\S2_2024-07-23_03-35-37\20240723T031541_20240723T032518_T48PUR_metadata.json,48PUR
S2A_MSIL2A_20240723T031541_N0511_R118_T48PVQ_20240723T105418,0.394424,3.868607,273.485805,38.90129,19.908111,1.653907,25.0749846096096,48.36469,0.0,dbscl-sentinel-2-2024\dbscl-sentinel-2_2024-07\S2_2024-07-23_03-35-43\20240723T031541_20240723T032518_T48PVQ_metadata.json,48PVQ
S2A_MSIL2A_20240730T030531_N0511_R075_T48PXR_20240730T082750,0.225227,4.692575,268.811063,30.974662,4.959402,6.256487,24.7493618186275,52.58351,0.0,dbscl-sentinel-2-2024\dbscl-sentinel-2_2024-07\S2_2024-07-30_03-25-31\20240730T030531_20240730T031701_T48PXR_metadata.json,48PXR
S2A_MSIL2A_20240802T031521_N0511_R118_T48PWT_20240802T081158,0.246714,4.392007,270.147612,49.812925,10.995992,23.957445,22.4972152162052,1.865581,0.0,dbscl-sentinel-2-2024\dbscl-sentinel-2_2024-08\S2_2024-08-02_03-35-03\20240802T031521_20240802T033345_T48PWT_metadata.json,48PWT
S2A_MSIL2A_20240802T031521_N0511_R118_T48PVT_20240802T081158,0.364524,4.674516,269.883235,26.880205,17.157252,50.998092,23.3377281754536,2.864751,0.0,dbscl-sentinel-2-2024\dbscl-sentinel-2_2024-08\S2_2024-08-02_03-35-06\20240802T031521_20240802T033345_T48PVT_metadata.json,48PVT
S2B_MSIL2A_20240804T030529_N0511_R075_T48PXS_20240804T071322,0.294175,5.211297,267.470754,46.394828,2.95792,15.26466,24.0520446823696,20.074303,0.0,dbscl-sentinel-2-2024\dbscl-sentinel-2_2024-08\S2_2024-08-04_03-25-18\20240804T030529_20240804T032236_T48PXS_metadata.json,48PXS
S2B_MSIL2A_20240807T031519_N0511_R118_T48PWT_20240807T080856,0.239884,5.634551,270.641672,34.139645,0.773766,33.417198,22.100107494176,4.773813,0.0,dbscl-sentinel-2-2024\dbscl-sentinel-2_2024-08\S2_2024-08-07_03-35-04\20240807T031519_20240807T032459_T48PWT_metadata.json,48PWT
S2B_MSIL2A_20240807T031519_N0511_R118_T48PVT_20240807T080856,0.298911,5.441692,271.248319,29.879448,7.755411,44.723994,22.9559952467891,5.439723,0.0,dbscl-sentinel-2-2024\dbscl-sentinel-2_2024-08\S2_2024-08-07_03-35-07\20240807T031519_20240807T032459_T48PVT_metadata.json,48PVT
S2B_MSIL2A_20240807T031519_N0511_R118_T48PXS_20240807T080856,0.233853,5.712576,271.160319,48.994035,0.092909,29.429927,21.4613039640552,0.977509,0.0,dbscl-sentinel-2-2024\dbscl-sentinel-2_2024-08\S2_2024-08-07_03-35-14\20240807T031519_20240807T032459_T48PXS_metadata.json,48PXS
S2A_MSIL2A_20240809T030541_N0511_R075_T48PXR_20240809T094050,0.193579,5.559713,269.345504,28.200346,0.366134,4.01258,23.836548107889,61.588854,0.0,dbscl-sentinel-2-2024\dbscl-sentinel-2_2024-08\S2_2024-08-09_03-25-32\20240809T030541_20240809T031524_T48PXR_metadata.json,48PXR
S2B_MSIL2A_20240810T032519_N0511_R018_T48PUS_20240810T074108,0.119383,5.212648,274.622025,13.130544,0.122364,13.20865,21.3817365569148,69.841772,0.0,dbscl-sentinel-2-2024\dbscl-sentinel-2_2024-08\S2_2024-08-10_03-45-20\20240810T032519_20240810T033832_T48PUS_metadata.json,48PUS
S2B_MSIL2A_20240810T032519_N0511_R018_T48PUR_20240810T074108,0.114802,5.134992,276.397338,1.358053,0.04958,0.154643,21.5864026766163,98.458219,0.0,dbscl-sentinel-2-2024\dbscl-sentinel-2_2024-08\S2_2024-08-10_03-45-35\20240810T032519_20240810T033832_T48PUR_metadata.json,48PUR
S2A_MSIL2A_20240812T031521_N0511_R118_T48PXR_20240812T091902,0.233767,5.260768,273.885454,47.325546,1.465318,12.759258,21.1866226088564,25.859836,0.0,dbscl-sentinel-2-2024\dbscl-sentinel-2_2024-08\S2_2024-08-12_03-35-28\20240812T031521_20240812T033054_T48PXR_metadata.json,48PXR
S2A_MSIL2A_20240812T031521_N0511_R118_T48PVR_20240812T091902,0.254175,5.084779,272.962023,47.329578,29.462662,4.910826,22.8905129439813,38.433671,0.0,dbscl-sentinel-2-2024\dbscl-sentinel-2_2024-08\S2_2024-08-12_03-35-34\20240812T031521_20240812T033054_T48PVR_metadata.json,48PVR
S2A_MSIL2A_20240812T031521_N0511_R118_T48PUR_20240812T091902,0.234946,4.38,273.149948,40.169293,7.601538,2.8e-05,23.7456696070493,59.830457,0.0,dbscl-sentinel-2-2024\dbscl-sentinel-2_2024-08\S2_2024-08-12_03-35-37\20240812T031521_20240812T033054_T48PUR_metadata.json,48PUR
S2A_MSIL2A_20240812T031521_N0511_R118_T48PWQ_20240812T091902,0.247479,4.783866,274.713365,36.289969,5.10203,0.290865,22.2506570180022,60.638124,0.0,dbscl-sentinel-2-2024\dbscl-sentinel-2_2024-08\S2_2024-08-12_03-35-46\20240812T031521_20240812T033054_T48PWQ_metadata.json,48PWQ
S2B_MSIL2A_20240814T030529_N0511_R075_T48PXS_20240814T070949,0.240446,5.491282,267.568309,43.244553,7.141516,21.057372,23.1940116447425,17.105971,0.0,dbscl-sentinel-2-2024\dbscl-sentinel-2_2024-08\S2_2024-08-14_03-25-20\20240814T030529_20240814T032234_T48PXS_metadata.json,48PXS
S2A_MSIL2A_20240815T032521_N0511_R018_T48PUS_20240815T084949,0.101479,4.976495,263.51888,20.182918,2.931772,10.441439,20.9355016818436,64.689773,0.0,dbscl-sentinel-2-2024\dbscl-sentinel-2_2024-08\S2_2024-08-15_03-45-18\20240815T032521_20240815T034010_T48PUS_metadata.json,48PUS
S2A_MSIL2A_20240815T032521_N0511_R018_T48PUR_20240815T084949,0.09413,5.454001,265.704159,30.240032,12.756354,0.008704,21.0777423462698,69.638836,0.0,dbscl-sentinel-2-2024\dbscl-sentinel-2_2024-08\S2_2024-08-15_03-45-32\20240815T032521_20240815T034010_T48PUR_metadata.json,48PUR
S2A_MSIL2A_20240819T030541_N0511_R075_T48PXS_20240819T082452,0.210724,4.430394,270.117457,35.940224,10.065243,23.15354,22.8101986165744,22.631067,0.0,dbscl-sentinel-2-2024\dbscl-sentinel-2_2024-08\S2_2024-08-19_03-25-16\20240819T030541_20240819T031858_T48PXS_metadata.json,48PXS
S2A_MSIL2A_20240819T030541_N0511_R075_T48PXR_20240819T082452,0.133777,4.724696,268.953271,15.209831,2.097381,4.648977,22.8964950462671,73.341852,0.0,dbscl-sentinel-2-2024\dbscl-sentinel-2_2024-08\S2_2024-08-19_03-25-30\20240819T030541_20240819T031858_T48PXR_metadata.json,48PXR
S2A_MSIL2A_20240822T031541_N0511_R118_T48PVT_20240822T102201,0.3406,4.328418,269.549024,37.479547,8.823609,39.136145,21.9242573153674,2.339606,0.0,dbscl-sentinel-2-2024\dbscl-sentinel-2_2024-08\S2_2024-08-22_03-35-01\20240822T031541_20240822T033204_T48PVT_metadata.json,48PVT
S2B_MSIL2A_20240827T031539_N0511_R118_T48PXR_20240827T073908,0.239951,5.667459,265.596547,48.373193,1.052346,18.107773,19.8024290492868,17.560217,0.0,dbscl-sentinel-2-2024\dbscl-sentinel-2_2024-08\S2_2024-08-27_03-35-28\20240827T031539_20240827T033346_T48PXR_metadata.json,48PXR
S2B_MSIL2A_20240830T032519_N0511_R018_T48PUR_20240830T081902,0.140774,3.065995,273.245489,37.745807,10.150947,0.046022,19.8206308174562,62.150854,0.0,dbscl-sentinel-2-2024\dbscl-sentinel-2_2024-08\S2_2024-08-30_03-45-26\20240830T032519_20240830T033243_T48PUR_metadata.json,48PUR
S2B_MSIL2A_20240830T032519_N0511_R018_T48PUR_20240830T090955,0.135752,4.019002,273.109962,41.566649,19.471464,0.052458,19.8206308174561,58.307976,0.0,dbscl-sentinel-2-2024\dbscl-sentinel-2_2024-08\S2_2024-08-30_03-45-33\20240830T032519_20240830T034521_T48PUR_metadata.json,48PUR
S2A_MSIL2A_20240908T030541_N0511_R075_T48PXR_20240908T085609,0.195109,3.783085,276.110091,29.407492,7.05404,0.063387,21.7831319349621,68.517774,0.0,dbscl-sentinel-2-2024\dbscl-sentinel-2_2024-09\S2_2024-09-08_03-25-31\20240908T030541_20240908T032109_T48PXR_metadata.json,48PXR
S2B_MSIL2A_20240913T030519_N0511_R075_T48PXR_20240913T071743,0.169388,5.213434,273.248483,28.279337,4.927469,1.997847,21.8178864295119,64.718282,0.0,dbscl-sentinel-2-2024\dbscl-sentinel-2_2024-09\S2_2024-09-13_03-25-31\20240913T030519_20240913T031756_T48PXR_metadata.json,48PXR
S2B_MSIL2A_20240923T030519_N0511_R075_T48PXR_20240923T071257,0.251194,3.936065,273.722872,46.1889,13.047387,0.069935,22.4086325729936,53.263319,0.0,dbscl-sentinel-2-2024\dbscl-sentinel-2_2024-09\S2_2024-09-23_03-25-28\20240923T030519_20240923T032234_T48PXR_metadata.json,48PXR
S2B_MSIL2A_20240926T031519_N0511_R118_T48PWT_20240926T063937,0.353953,4.593769,277.70622,37.893,8.370208,31.3575,22.3847633281764,11.735708,0.0,dbscl-sentinel-2-2024\dbscl-sentinel-2_2024-09\S2_2024-09-26_03-35-00\20240926T031519_20240926T032821_T48PWT_metadata.json,48PWT
S2A_MSIL2A_20240928T030521_N0511_R075_T48PXT_20240928T062452,0.181691,4.773517,276.242226,49.862257,0.0,26.531392,23.976847311082,0.941279,0.0,dbscl-sentinel-2-2024\dbscl-sentinel-2_2024-09\S2_2024-09-28_03-25-04\20240928T030521_20240928T031921_T48PXT_metadata.json,48PXT
S2A_MSIL2A_20240928T030521_N0511_R075_T48PXS_20240928T062452,0.15236,4.788491,274.833651,45.230451,13.127328,18.851879,23.4490360386313,18.46208,0.0,dbscl-sentinel-2-2024\dbscl-sentinel-2_2024-09\S2_2024-09-28_03-25-18\20240928T030521_20240928T031921_T48PXS_metadata.json,48PXS
S2A_MSIL2A_20240928T030521_N0511_R075_T48PXR_20240928T062452,0.134985,4.987752,275.282032,14.993931,4.679779,4.247386,22.9431874773106,74.49559,0.0,dbscl-sentinel-2-2024\dbscl-sentinel-2_2024-09\S2_2024-09-28_03-25-33\20240928T030521_20240928T031921_T48PXR_metadata.json,48PXR
S2B_MSIL2A_20240929T032519_N0511_R018_T48PUS_20240929T075334,0.131377,4.370711,274.573521,22.308648,6.198908,14.915894,21.7468837176952,58.907282,0.0,dbscl-sentinel-2-2024\dbscl-sentinel-2_2024-09\S2_2024-09-29_03-45-17\20240929T032519_20240929T034056_T48PUS_metadata.json,48PUS
S2B_MSIL2A_20240929T032519_N0511_R018_T48PUR_20240929T075334,0.097588,4.579005,274.815288,34.763792,3.177448,0.047998,21.1802449209848,65.093434,0.0,dbscl-sentinel-2-2024\dbscl-sentinel-2_2024-09\S2_2024-09-29_03-45-31\20240929T032519_20240929T034056_T48PUR_metadata.json,48PUR
S2A_MSIL2A_20241001T031531_N0511_R118_T48PXT_20241001T063149,0.20348,4.561893,274.51069,37.798354,3.422219,35.254624,22.5240153051757,1.245428,0.0,dbscl-sentinel-2-2024\dbscl-sentinel-2_2024-10\S2_2024-10-01_03-34-59\20241001T031531_20241001T032852_T48PXT_metadata.json,48PXT
S2A_MSIL2A_20241001T031531_N0511_R118_T48PWT_20241001T063149,0.245867,4.739995,274.246305,31.924406,13.251974,36.300969,23.2185514448468,13.69165,0.0,dbscl-sentinel-2-2024\dbscl-sentinel-2_2024-10\S2_2024-10-01_03-35-03\20241001T031531_20241001T032852_T48PWT_metadata.json,48PWT
S2A_MSIL2A_20241001T031531_N0511_R118_T48PVT_20241001T063149,0.286712,5.081968,273.706309,35.41691,10.565288,44.21289,23.9252306868803,5.228617,0.0,dbscl-sentinel-2-2024\dbscl-sentinel-2_2024-10\S2_2024-10-01_03-35-06\20241001T031531_20241001T032852_T48PVT_metadata.json,48PVT
S2A_MSIL2A_20241001T031531_N0511_R118_T48PVS_20241001T063149,0.317512,5.103784,271.194258,35.605842,13.790046,24.531569,23.3464272473279,26.041129,0.0,dbscl-sentinel-2-2024\dbscl-sentinel-2_2024-10\S2_2024-10-01_03-35-19\20241001T031531_20241001T032852_T48PVS_metadata.json,48PVS
S2A_MSIL2A_20241001T031531_N0511_R118_T48PUS_20241001T063149,0.102471,4.573908,270.426169,49.616301,2.726837,18.574841,24.0777237962889,25.124487,0.0,dbscl-sentinel-2-2024\dbscl-sentinel-2_2024-10\S2_2024-10-01_03-35-21\20241001T031531_20241001T032852_T48PUS_metadata.json,48PUS
S2A_MSIL2A_20241001T031531_N0511_R118_T48PVS_20241001T071051,0.121578,5.077427,271.105711,25.125378,7.831903,1.586785,23.346427247328,71.453297,0.0,dbscl-sentinel-2-2024\dbscl-sentinel-2_2024-10\S2_2024-10-01_03-35-25\20241001T031531_20241001T033519_T48PVS_metadata.json,48PVS
S2A_MSIL2A_20241001T031531_N0511_R118_T48PUS_20241001T071051,0.125994,5.078282,270.400607,38.544807,5.13608,2.919287,24.0777237962889,56.504673,0.0,dbscl-sentinel-2-2024\dbscl-sentinel-2_2024-10\S2_2024-10-01_03-35-27\20241001T031531_20241001T033519_T48PUS_metadata.json,48PUS
S2A_MSIL2A_20241001T031531_N0511_R118_T48PVR_20241001T071051,0.153222,4.721501,270.101759,35.407007,15.327232,3.737207,22.7878914193898,54.132056,0.0,dbscl-sentinel-2-2024\dbscl-sentinel-2_2024-10\S2_2024-10-01_03-35-35\20241001T031531_20241001T033519_T48PVR_metadata.json,48PVR
S2A_MSIL2A_20241001T031531_N0511_R118_T48PWQ_20241001T071051,0.18731,4.159208,271.163026,32.574466,21.781762,0.734331,21.4993187220251,63.27439,0.0,dbscl-sentinel-2-2024\dbscl-sentinel-2_2024-10\S2_2024-10-01_03-35-46\20241001T031531_20241001T033519_T48PWQ_metadata.json,48PWQ
S2A_MSIL2A_20241001T031531_N0511_R118_T48PVQ_20241001T071051,0.171076,4.532481,271.24912,39.867386,26.880449,2.244482,22.2504738179894,52.946711,0.0,dbscl-sentinel-2-2024\dbscl-sentinel-2_2024-10\S2_2024-10-01_03-35-49\20241001T031531_20241001T033519_T48PVQ_metadata.json,48PVQ
S2A_MSIL2A_20241004T032601_N0511_R018_T48PUR_20241004T073952,0.23703,4.435,275.027653,49.002668,11.36025,0.000744,22.0312751759382,50.916928,0.0,dbscl-sentinel-2-2024\dbscl-sentinel-2_2024-10\S2_2024-10-04_03-45-32\20241004T032601_20241004T034234_T48PUR_metadata.json,48PUR
S2B_MSIL2A_20241009T032539_N0511_R018_T48PUS_20241009T064957,0.112892,5.321595,275.808923,22.824076,6.148796,19.522914,23.7059901278946,53.347087,0.0,dbscl-sentinel-2-2024\dbscl-sentinel-2_2024-10\S2_2024-10-09_03-45-12\20241009T032539_20241009T033232_T48PUS_metadata.json,48PUS
S2B_MSIL2A_20241009T032539_N0511_R018_T48PUS_20241009T072010,0.077961,5.357282,275.63292,11.738345,3.058532,4.197167,23.7059901278944,83.312213,0.0,dbscl-sentinel-2-2024\dbscl-sentinel-2_2024-10\S2_2024-10-09_03-45-19\20241009T032539_20241009T034510_T48PUS_metadata.json,48PUS
S2A_MSIL2A_20241011T031641_N0511_R118_T48PXT_20241011T063203,0.125381,4.933347,270.931847,46.277991,16.227701,41.498965,24.704794789325,1.578504,0.0,dbscl-sentinel-2-2024\dbscl-sentinel-2_2024-10\S2_2024-10-11_03-34-55\20241011T031641_20241011T033004_T48PXT_metadata.json,48PXT
S2B_MSIL2A_20241013T030559_N0511_R075_T48PXS_20241013T062651,0.239843,5.474005,274.026659,15.498358,1.194057,33.299571,26.181116719908,25.335398,0.0,dbscl-sentinel-2-2024\dbscl-sentinel-2_2024-10\S2_2024-10-13_03-25-15\20241013T030559_20241013T031240_T48PXS_metadata.json,48PXS
S2B_MSIL2A_20241013T030559_N0511_R075_T48PXR_20241013T062651,0.223576,5.8702,273.817428,20.767453,0.0,14.18428,25.5238381592531,52.897894,0.0,dbscl-sentinel-2-2024\dbscl-sentinel-2_2024-10\S2_2024-10-13_03-25-23\20241013T030559_20241013T031240_T48PXR_metadata.json,48PXR
S2B_MSIL2A_20241013T030559_N0511_R075_T48PXR_20241013T065705,0.154496,5.863503,273.745698,13.609612,0.132461,3.563884,25.523838159253,78.670096,0.0,dbscl-sentinel-2-2024\dbscl-sentinel-2_2024-10\S2_2024-10-13_03-25-30\20241013T030559_20241013T032518_T48PXR_metadata.json,48PXR
S2B_MSIL2A_20241016T031629_N0511_R118_T48PXS_20241016T072256,0.215752,5.446284,272.169359,37.819296,17.95537,39.498064,25.1966459564658,4.358252,0.0,dbscl-sentinel-2-2024\dbscl-sentinel-2_2024-10\S2_2024-10-16_03-35-11\20241016T031629_20241016T032902_T48PXS_metadata.json,48PXS
S2B_MSIL2A_20241019T032649_N0511_R018_T48PUR_20241019T063324,0.117661,3.113008,268.256849,42.145276,11.437422,0.082982,25.3446329191894,57.743907,0.0,dbscl-sentinel-2-2024\dbscl-sentinel-2_2024-10\S2_2024-10-19_03-45-32\20241019T032649_20241019T034012_T48PUR_metadata.json,48PUR
S2A_MSIL2A_20241021T031751_N0511_R118_T48PWT_20241021T063557,0.179719,4.67978,270.472904,40.930453,16.307767,33.151308,27.7582397771751,9.638096,0.0,dbscl-sentinel-2-2024\dbscl-sentinel-2_2024-10\S2_2024-10-21_03-35-00\20241021T031751_20241021T033122_T48PWT_metadata.json,48PWT
S2A_MSIL2A_20241021T031751_N0511_R118_T48PWS_20241021T063557,0.135144,5.291471,269.427933,41.707698,9.728093,23.699248,27.0117766601327,13.617858,0.0,dbscl-sentinel-2-2024\dbscl-sentinel-2_2024-10\S2_2024-10-21_03-35-15\20241021T031751_20241021T033122_T48PWS_metadata.json,48PWS
S2A_MSIL2A_20241021T031751_N0511_R118_T48PVS_20241021T063557,0.257531,5.342895,270.057439,27.736366,13.013384,19.466615,27.5768341114171,41.987708,0.0,dbscl-sentinel-2-2024\dbscl-sentinel-2_2024-10\S2_2024-10-21_03-35-18\20241021T031751_20241021T033122_T48PVS_metadata.json,48PVS
S2A_MSIL2A_20241021T031751_N0511_R118_T48PUS_20241021T063557,0.08925,4.751744,269.366552,40.733096,4.841128,11.481024,28.1567898887748,42.311639,0.0,dbscl-sentinel-2-2024\dbscl-sentinel-2_2024-10\S2_2024-10-21_03-35-21\20241021T031751_20241021T033122_T48PUS_metadata.json,48PUS
S2A_MSIL2A_20241021T031751_N0511_R118_T48PXR_20241021T063557,0.139156,5.639435,268.203228,42.41893,1.145211,16.767812,25.7137358732827,26.258001,0.0,dbscl-sentinel-2-2024\dbscl-sentinel-2_2024-10\S2_2024-10-21_03-35-26\20241021T031751_20241021T033122_T48PXR_metadata.json,48PXR
S2A_MSIL2A_20241021T031751_N0511_R118_T48PWR_20241021T063557,0.21598,5.749688,267.22244,37.860018,9.455542,19.256137,26.2747061024413,14.242518,0.0,dbscl-sentinel-2-2024\dbscl-sentinel-2_2024-10\S2_2024-10-21_03-35-29\20241021T031751_20241021T033122_T48PWR_metadata.json,48PWR
S2A_MSIL2A_20241021T031751_N0511_R118_T48PVR_20241021T063557,0.093659,5.557593,267.867335,35.014167,5.64587,5.417378,26.852111285571,49.929288,0.0,dbscl-sentinel-2-2024\dbscl-sentinel-2_2024-10\S2_2024-10-21_03-35-33\20241021T031751_20241021T033122_T48PVR_metadata.json,48PVR
S2A_MSIL2A_20241021T031751_N0511_R118_T48PWQ_20241021T063557,0.097586,5.675761,266.080906,41.214114,4.583648,2.422806,25.5469658983684,52.133256,0.0,dbscl-sentinel-2-2024\dbscl-sentinel-2_2024-10\S2_2024-10-21_03-35-44\20241021T031751_20241021T033122_T48PWQ_metadata.json,48PWQ
S2A_MSIL2A_20241021T031751_N0511_R118_T48PVQ_20241021T063557,0.113555,5.524465,266.030624,27.000043,3.98207,3.79528,26.1372737670051,63.062525,0.0,dbscl-sentinel-2-2024\dbscl-sentinel-2_2024-10\S2_2024-10-21_03-35-47\20241021T031751_20241021T033122_T48PVQ_metadata.json,48PVQ
S2A_MSIL2A_20241024T032811_N0511_R018_T48PUS_20241024T072254,0.119284,4.879862,269.998819,11.825632,3.486073,15.134107,27.3746583319765,69.832897,0.0,dbscl-sentinel-2-2024\dbscl-sentinel-2_2024-10\S2_2024-10-24_03-45-16\20241024T032811_20241024T034142_T48PUS_metadata.json,48PUS
S2A_MSIL2A_20241024T032811_N0511_R018_T48PUR_20241024T072254,0.220931,5.298004,268.846779,22.915372,15.241945,0.082101,26.6100888223168,76.91313,0.0,dbscl-sentinel-2-2024\dbscl-sentinel-2_2024-10\S2_2024-10-24_03-45-31\20241024T032811_20241024T034142_T48PUR_metadata.json,48PUR
S2B_MSIL2A_20241026T031729_N0511_R118_T48PVS_20241026T062146,0.353495,3.211531,269.630803,40.276042,36.925808,15.017541,28.8217887642058,36.042589,0.0,dbscl-sentinel-2-2024\dbscl-sentinel-2_2024-10\S2_2024-10-26_03-35-19\20241026T031729_20241026T033032_T48PVS_metadata.json,48PVS
S2A_MSIL2A_20241031T031851_N0511_R118_T48PXT_20241031T070100,0.113752,4.714362,273.807386,44.428852,1.399386,30.65497,29.8950010854352,1.662337,0.0,dbscl-sentinel-2-2024\dbscl-sentinel-2_2024-10\S2_2024-10-31_03-34-57\20241031T031851_20241031T033350_T48PXT_metadata.json,48PXT
S2A_MSIL2A_20241031T031851_N0511_R118_T48PWT_20241031T070100,0.227963,5.058949,274.120927,34.275085,1.488963,30.697772,30.3753858970642,11.567967,0.0,dbscl-sentinel-2-2024\dbscl-sentinel-2_2024-10\S2_2024-10-31_03-35-01\20241031T031851_20241031T033350_T48PWT_metadata.json,48PWT
S2A_MSIL2A_20241031T031851_N0511_R118_T48PVT_20241031T070100,0.221409,4.672452,273.531809,18.184145,8.03706,59.928256,30.8721328708803,6.657839,0.0,dbscl-sentinel-2-2024\dbscl-sentinel-2_2024-10\S2_2024-10-31_03-35-04\20241031T031851_20241031T033350_T48PVT_metadata.json,48PVT
S2A_MSIL2A_20241031T031851_N0511_R118_T48PWS_20241031T070100,0.245685,5.058138,273.772987,37.513435,7.384,23.850253,29.5901560105859,16.69593,0.0,dbscl-sentinel-2-2024\dbscl-sentinel-2_2024-10\S2_2024-10-31_03-35-15\20241031T031851_20241031T033350_T48PWS_metadata.json,48PWS
S2A_MSIL2A_20241031T031851_N0511_R118_T48PVS_20241031T070100,0.203736,4.856369,273.007339,16.483548,10.324372,26.223958,30.0968546262538,44.965073,0.0,dbscl-sentinel-2-2024\dbscl-sentinel-2_2024-10\S2_2024-10-31_03-35-18\20241031T031851_20241031T033350_T48PVS_metadata.json,48PVS
S2A_MSIL2A_20241031T031851_N0511_R118_T48PUS_20241031T070100,0.094973,4.256015,272.069947,26.352796,12.955071,25.298163,30.6188720392615,44.707954,0.0,dbscl-sentinel-2-2024\dbscl-sentinel-2_2024-10\S2_2024-10-31_03-35-22\20241031T031851_20241031T033350_T48PUS_metadata.json,48PUS
S2A_MSIL2A_20241031T031851_N0511_R118_T48PXR_20241031T070100,0.209746,4.9836,273.876513,17.859563,3.419193,22.500454,28.3112352716281,42.02545,0.0,dbscl-sentinel-2-2024\dbscl-sentinel-2_2024-10\S2_2024-10-31_03-35-26\20241031T031851_20241031T033350_T48PXR_metadata.json,48PXR
S2A_MSIL2A_20241031T031851_N0511_R118_T48PWR_20241031T070100,0.201493,5.145679,273.918276,41.07728,15.417285,16.312185,28.8115390880528,18.032664,0.0,dbscl-sentinel-2-2024\dbscl-sentinel-2_2024-10\S2_2024-10-31_03-35-30\20241031T031851_20241031T033350_T48PWR_metadata.json,48PWR
S2A_MSIL2A_20241031T031851_N0511_R118_T48PVR_20241031T070100,0.184821,5.125143,273.215368,32.272241,17.055099,4.522583,29.3286537427575,57.243383,0.0,dbscl-sentinel-2-2024\dbscl-sentinel-2_2024-10\S2_2024-10-31_03-35-33\20241031T031851_20241031T033350_T48PVR_metadata.json,48PVR
S2A_MSIL2A_20241031T031851_N0511_R118_T48PUR_20241031T070100,0.212168,0.0,272.775297,24.587622,16.906455,0.0,29.8612478071597,75.411123,0.0,dbscl-sentinel-2-2024\dbscl-sentinel-2_2024-10\S2_2024-10-31_03-35-36\20241031T031851_20241031T033350_T48PUR_metadata.json,48PUR
S2A_MSIL2A_20241031T031851_N0511_R118_T48PWQ_20241031T070100,0.175285,5.1848,272.711224,28.871933,16.150513,1.472397,28.0391646133853,64.492863,0.0,dbscl-sentinel-2-2024\dbscl-sentinel-2_2024-10\S2_2024-10-31_03-35-44\20241031T031851_20241031T033350_T48PWQ_metadata.json,48PWQ
S2A_MSIL2A_20241103T032911_N0511_R018_T48PUS_20241103T070851,0.209313,5.084252,274.514666,41.973454,4.858857,7.319289,30.0131362219765,47.321016,0.0,dbscl-sentinel-2-2024\dbscl-sentinel-2_2024-11\S2_2024-11-03_03-45-15\20241103T032911_20241103T034046_T48PUS_metadata.json,48PUS
S2B_MSIL2A_20241105T031819_N0511_R118_T48PXT_20241105T062657,0.191656,4.99394,274.494503,44.765145,7.904348,33.236542,31.2353130170807,3.775605,0.0,dbscl-sentinel-2-2024\dbscl-sentinel-2_2024-11\S2_2024-11-05_03-34-53\20241105T031819_20241105T032911_T48PXT_metadata.json,48PXT
S2B_MSIL2A_20241105T031819_N0511_R118_T48PWT_20241105T062657,0.23395,5.327732,273.477932,30.711704,2.98574,36.548468,31.6945983024868,12.435831,0.0,dbscl-sentinel-2-2024\dbscl-sentinel-2_2024-11\S2_2024-11-05_03-34-56\20241105T031819_20241105T032911_T48PWT_metadata.json,48PWT
S2B_MSIL2A_20241105T031819_N0511_R118_T48PVS_20241105T062657,0.248845,5.627738,271.668629,45.657182,6.988458,10.431266,31.3810453283221,32.996604,0.0,dbscl-sentinel-2-2024\dbscl-sentinel-2_2024-11\S2_2024-11-05_03-35-14\20241105T031819_20241105T032911_T48PVS_metadata.json,48PVS
S2B_MSIL2A_20241105T031819_N0511_R118_T48PUS_20241105T062657,0.213332,5.015367,271.39147,27.398771,1.432151,11.623276,31.8807533472888,55.291778,0.0,dbscl-sentinel-2-2024\dbscl-sentinel-2_2024-11\S2_2024-11-05_03-35-17\20241105T031819_20241105T032911_T48PUS_metadata.json,48PUS
S2B_MSIL2A_20241105T031819_N0511_R118_T48PXR_20241105T062657,0.323874,4.696423,272.412813,44.66773,10.917202,16.167003,29.6267136969661,24.619575,0.0,dbscl-sentinel-2-2024\dbscl-sentinel-2_2024-11\S2_2024-11-05_03-35-22\20241105T031819_20241105T032911_T48PXR_metadata.json,48PXR
S2B_MSIL2A_20241105T031819_N0511_R118_T48PVR_20241105T062657,0.154279,4.964292,272.41484,42.892754,6.560559,2.440529,30.5982711945944,46.843338,0.0,dbscl-sentinel-2-2024\dbscl-sentinel-2_2024-11\S2_2024-11-05_03-35-29\20241105T031819_20241105T032911_T48PVR_metadata.json,48PVR
S2A_MSIL2A_20241107T030921_N0511_R075_T48PXS_20241107T065448,0.258005,4.921132,267.327508,49.799031,16.187739,21.742475,32.2525316702184,11.806524,0.0,dbscl-sentinel-2-2024\dbscl-sentinel-2_2024-11\S2_2024-11-07_03-25-12\20241107T030921_20241107T032352_T48PXS_metadata.json,48PXS
S2A_MSIL2A_20241110T031941_N0511_R118_T48PWT_20241110T064859,0.353699,4.114785,260.777986,28.836474,6.207916,37.220019,32.9678693947066,6.013029,0.0,dbscl-sentinel-2-2024\dbscl-sentinel-2_2024-11\S2_2024-11-10_03-34-58\20241110T031941_20241110T033113_T48PWT_metadata.json,48PWT
S2A_MSIL2A_20241110T031941_N0511_R118_T48PVT_20241110T064859,0.322448,4.639688,261.072015,48.570663,6.144737,27.948081,33.4256128432142,4.368063,0.0,dbscl-sentinel-2-2024\dbscl-sentinel-2_2024-11\S2_2024-11-10_03-35-02\20241110T031941_20241110T033113_T48PVT_metadata.json,48PVT
S2A_MSIL2A_20241110T031941_N0511_R118_T48PXS_20241110T064859,0.227976,5.200207,259.8937,34.532255,6.158911,36.250401,31.709797237225,5.117813,0.0,dbscl-sentinel-2-2024\dbscl-sentinel-2_2024-11\S2_2024-11-10_03-35-09\20241110T031941_20241110T033113_T48PXS_metadata.json,48PXS
S2A_MSIL2A_20241110T031941_N0511_R118_T48PWS_20241110T064859,0.323744,4.710389,260.049998,38.86407,5.330132,27.332735,32.1599200103699,7.078258,0.0,dbscl-sentinel-2-2024\dbscl-sentinel-2_2024-11\S2_2024-11-10_03-35-13\20241110T031941_20241110T033113_T48PWS_metadata.json,48PWS
S2A_MSIL2A_20241110T031941_N0511_R118_T48PVS_20241110T064859,0.287533,4.849671,260.520026,44.677672,9.678534,19.16711,32.6260892953027,20.376608,0.0,dbscl-sentinel-2-2024\dbscl-sentinel-2_2024-11\S2_2024-11-10_03-35-16\20241110T031941_20241110T033113_T48PVS_metadata.json,48PVS
S2A_MSIL2A_20241110T031941_N0511_R118_T48PXR_20241110T064859,0.347913,4.635157,260.267823,35.980055,9.427089,19.216514,30.898266152323,30.601159,0.0,dbscl-sentinel-2-2024\dbscl-sentinel-2_2024-11\S2_2024-11-10_03-35-24\20241110T031941_20241110T033113_T48PXR_metadata.json,48PXR
S2A_MSIL2A_20241113T033001_N0511_R018_T48PUS_20241113T064548,0.20871,4.495805,260.826539,19.750194,6.934236,9.42656,32.5612399300328,67.839849,0.0,dbscl-sentinel-2-2024\dbscl-sentinel-2_2024-11\S2_2024-11-13_03-45-15\20241113T033001_20241113T034227_T48PUS_metadata.json,48PUS
S2A_MSIL2A_20241113T033001_N0511_R018_T48PUR_20241113T064548,0.2452,4.265007,262.873072,5.791174,2.246792,0.125163,31.7438440474247,94.035739,0.0,dbscl-sentinel-2-2024\dbscl-sentinel-2_2024-11\S2_2024-11-13_03-45-30\20241113T033001_20241113T034227_T48PUR_metadata.json,48PUR
S2B_MSIL2A_20241115T031919_N0511_R118_T48PVS_20241115T064923,0.19487,3.707572,257.621202,34.767565,4.175825,12.502368,33.8325453396336,36.159581,0.0,dbscl-sentinel-2-2024\dbscl-sentinel-2_2024-11\S2_2024-11-15_03-35-14\20241115T031919_20241115T032658_T48PVS_metadata.json,48PVS
S2B_MSIL2A_20241115T031919_N0511_R118_T48PUS_20241115T064923,0.230962,3.724232,258.025183,27.403668,9.241404,16.208531,34.2994641691023,49.369633,0.0,dbscl-sentinel-2-2024\dbscl-sentinel-2_2024-11\S2_2024-11-15_03-35-18\20241115T031919_20241115T032658_T48PUS_metadata.json,48PUS
S2B_MSIL2A_20241115T031919_N0511_R118_T48PVR_20241115T064923,0.11996,3.831748,257.82941,27.505887,13.465881,4.19547,33.0302465471648,61.534941,0.0,dbscl-sentinel-2-2024\dbscl-sentinel-2_2024-11\S2_2024-11-15_03-35-29\20241115T031919_20241115T032658_T48PVR_metadata.json,48PVR
S2B_MSIL2A_20241115T031919_N0511_R118_T48PUR_20241115T064923,0.120046,4.055003,258.72929,29.357731,23.494548,0.012093,33.5056439628678,70.595264,0.0,dbscl-sentinel-2-2024\dbscl-sentinel-2_2024-11\S2_2024-11-15_03-35-32\20241115T031919_20241115T032658_T48PUR_metadata.json,48PUR
S2B_MSIL2A_20241115T031919_N0511_R118_T48PVQ_20241115T064923,0.102963,3.919093,258.198365,33.844796,23.64679,2.255938,32.2322035692604,59.023136,0.0,dbscl-sentinel-2-2024\dbscl-sentinel-2_2024-11\S2_2024-11-15_03-35-44\20241115T031919_20241115T032658_T48PVQ_metadata.json,48PVQ
S2A_MSIL2A_20241117T031011_N0511_R075_T48PXS_20241117T063204,0.215651,3.505772,255.959522,22.417277,7.161985,32.711846,34.6349298546124,22.885846,0.0,dbscl-sentinel-2-2024\dbscl-sentinel-2_2024-11\S2_2024-11-17_03-25-16\20241117T031011_20241117T032223_T48PXS_metadata.json,48PXS
S2A_MSIL2A_20241117T031011_N0511_R075_T48PXR_20241117T063204,0.171116,3.683235,254.460592,43.296236,33.659878,6.785213,33.8398593343271,44.176212,0.0,dbscl-sentinel-2-2024\dbscl-sentinel-2_2024-11\S2_2024-11-17_03-25-31\20241117T031011_20241117T032223_T48PXR_metadata.json,48PXR
S2B_MSIL2A_20241118T032929_N0511_R018_T48PUS_20241118T062721,0.131252,2.428341,259.831439,43.546823,40.188298,6.424658,33.7486995393127,48.935255,0.0,dbscl-sentinel-2-2024\dbscl-sentinel-2_2024-11\S2_2024-11-18_03-45-15\20241118T032929_20241118T034437_T48PUS_metadata.json,48PUS
S2B_MSIL2A_20241118T032929_N0511_R018_T48PUR_20241118T062721,0.25108,3.098005,258.423132,44.376609,34.246457,0.065139,32.9257076898902,55.478811,0.0,dbscl-sentinel-2-2024\dbscl-sentinel-2_2024-11\S2_2024-11-18_03-45-29\20241118T032929_20241118T034437_T48PUR_metadata.json,48PUR
S2A_MSIL2A_20241120T032031_N0511_R118_T48PVT_20241120T062249,0.221048,4.51307,254.886145,41.576117,23.564944,38.406089,35.7767678619201,2.887327,0.0,dbscl-sentinel-2-2024\dbscl-sentinel-2_2024-11\S2_2024-11-20_03-35-03\20241120T032031_20241120T033404_T48PVT_metadata.json,48PVT
S2A_MSIL2A_20241120T032031_N0511_R118_T48PWS_20241120T062249,0.289251,4.492927,254.521081,48.784971,11.4183,17.546561,34.5220871959688,6.28268,0.0,dbscl-sentinel-2-2024\dbscl-sentinel-2_2024-11\S2_2024-11-20_03-35-14\20241120T032031_20241120T033404_T48PWS_metadata.json,48PWS
S2A_MSIL2A_20241120T032031_N0511_R118_T48PVS_20241120T062249,0.287564,4.710709,254.639684,37.787408,6.670983,16.366896,34.9641691583981,29.871896,0.0,dbscl-sentinel-2-2024\dbscl-sentinel-2_2024-11\S2_2024-11-20_03-35-18\20241120T032031_20241120T033404_T48PVS_metadata.json,48PVS
S2A_MSIL2A_20241120T032031_N0511_R118_T48PUS_20241120T062249,0.100698,4.398791,254.705776,31.581628,7.723574,15.85239,35.4204862241524,47.690654,0.0,dbscl-sentinel-2-2024\dbscl-sentinel-2_2024-11\S2_2024-11-20_03-35-21\20241120T032031_20241120T033404_T48PUS_metadata.json,48PUS
S2A_MSIL2A_20241120T032031_N0511_R118_T48PVR_20241120T062249,0.288356,4.314396,253.85008,47.825179,24.691567,4.31901,34.1560389495161,41.530827,0.0,dbscl-sentinel-2-2024\dbscl-sentinel-2_2024-11\S2_2024-11-20_03-35-32\20241120T032031_20241120T033404_T48PVR_metadata.json,48PVR
S2B_MSIL2A_20241122T030939_N0511_R075_T48PXT_20241122T061745,0.095704,3.807533,255.517072,11.525901,7.23864,56.963503,36.5391460260478,1.751854,0.0,dbscl-sentinel-2-2024\dbscl-sentinel-2_2024-11\S2_2024-11-22_03-25-02\20241122T030939_20241122T032317_T48PXT_metadata.json,48PXT
S2B_MSIL2A_20241122T030939_N0511_R075_T48PXS_20241122T061745,0.23967,4.176085,257.12881,20.421898,15.648477,43.173549,35.7344655547607,16.822359,0.0,dbscl-sentinel-2-2024\dbscl-sentinel-2_2024-11\S2_2024-11-22_03-25-16\20241122T030939_20241122T032317_T48PXS_metadata.json,48PXS
S2B_MSIL2A_20241122T030939_N0511_R075_T48PXR_20241122T061745,0.166846,4.209895,258.441552,46.35312,45.753413,7.753519,34.9341603004359,41.722545,0.0,dbscl-sentinel-2-2024\dbscl-sentinel-2_2024-11\S2_2024-11-22_03-25-31\20241122T030939_20241122T032317_T48PXR_metadata.json,48PXR
S2B_MSIL2A_20241128T033009_N0511_R018_T48PUS_20241128T053838,0.11332,3.390494,256.758726,44.226152,21.796936,8.470409,35.852108518128,45.946467,0.0,dbscl-sentinel-2-2024\dbscl-sentinel-2_2024-11\S2_2024-11-28_03-45-18\20241128T033009_20241128T033927_T48PUS_metadata.json,48PUS
S2B_MSIL2A_20241128T033009_N0511_R018_T48PUR_20241128T053838,0.170216,4.493001,257.370173,27.063024,15.106802,0.13037,35.0237205322799,72.778428,0.0,dbscl-sentinel-2-2024\dbscl-sentinel-2_2024-11\S2_2024-11-28_03-45-32\20241128T033009_20241128T033927_T48PUR_metadata.json,48PUR
S2A_MSIL2A_20241130T032111_N0511_R118_T48PWT_20241130T062145,0.197784,4.106441,249.627115,40.636644,2.823199,25.357282,37.3693203396416,6.630237,0.0,dbscl-sentinel-2-2024\dbscl-sentinel-2_2024-11\S2_2024-11-30_03-35-00\20241130T032111_20241130T033437_T48PWT_metadata.json,48PWT
S2A_MSIL2A_20241130T032111_N0511_R118_T48PVT_20241130T062145,0.226948,3.67002,249.392438,34.33066,25.446609,37.500456,37.7957883505414,5.816344,0.0,dbscl-sentinel-2-2024\dbscl-sentinel-2_2024-11\S2_2024-11-30_03-35-03\20241130T032111_20241130T033437_T48PVT_metadata.json,48PVT
S2B_MSIL2A_20241218T033049_N0511_R018_T48PUS_20241218T100110,0.077517,3.297162,250.453643,13.993904,13.91554,19.639191,38.6077155390508,63.114482,0.0,dbscl-sentinel-2-2024\dbscl-sentinel-2_2024-12\S2_2024-12-18_03-45-17\20241218T033049_20241218T034138_T48PUS_metadata.json,48PUS
S2A_MSIL2A_20241220T032141_N0511_R118_T48PXT_20241220T065250,0.084226,3.2277,248.997606,24.386743,15.41349,51.99241,39.4727746571329,2.306188,0.0,dbscl-sentinel-2-2024\dbscl-sentinel-2_2024-12\S2_2024-12-20_03-34-56\20241220T032141_20241220T032629_T48PXT_metadata.json,48PXT
S2A_MSIL2A_20241220T032141_N0511_R118_T48PWT_20241220T065250,0.168109,3.334962,248.196766,24.536625,19.913782,42.317832,39.9053870053787,5.250168,0.0,dbscl-sentinel-2-2024\dbscl-sentinel-2_2024-12\S2_2024-12-20_03-35-00\20241220T032141_20241220T032629_T48PWT_metadata.json,48PWT
S2A_MSIL2A_20241220T032141_N0511_R118_T48PVT_20241220T065250,0.18524,3.303268,247.10613,33.896214,25.480741,30.089822,40.350414735583,4.233579,0.0,dbscl-sentinel-2-2024\dbscl-sentinel-2_2024-12\S2_2024-12-20_03-35-03\20241220T032141_20241220T032629_T48PVT_metadata.json,48PVT
S2A_MSIL2A_20241220T032141_N0511_R118_T48PWS_20241220T065250,0.21001,3.367072,250.493733,36.324844,24.065293,41.184807,39.0909905064912,2.304456,0.0,dbscl-sentinel-2-2024\dbscl-sentinel-2_2024-12\S2_2024-12-20_03-35-13\20241220T032141_20241220T032629_T48PWS_metadata.json,48PWS
S2A_MSIL2A_20241220T032141_N0511_R118_T48PVS_20241220T065250,0.197588,3.143618,249.822049,25.879276,25.415945,39.953932,39.5423524244332,10.559019,0.0,dbscl-sentinel-2-2024\dbscl-sentinel-2_2024-12\S2_2024-12-20_03-35-14\20241220T032141_20241220T032629_T48PVS_metadata.json,48PVS
S2A_MSIL2A_20241220T032141_N0511_R118_T48PUS_20241220T065250,0.156879,2.80862,249.578663,44.163629,36.473113,26.520208,40.0055510619536,24.761456,0.0,dbscl-sentinel-2-2024\dbscl-sentinel-2_2024-12\S2_2024-12-20_03-35-16\20241220T032141_20241220T032629_T48PUS_metadata.json,48PUS
S2A_MSIL2A_20241220T032141_N0511_R118_T48PVS_20241220T061606,0.191899,3.262556,249.802836,42.251495,41.519555,15.436457,39.5423524244331,34.330028,0.0,dbscl-sentinel-2-2024\dbscl-sentinel-2_2024-12\S2_2024-12-20_03-35-21\20241220T032141_20241220T033512_T48PVS_metadata.json,48PVS
S2A_MSIL2A_20241220T032141_N0511_R118_T48PUS_20241220T061606,0.127121,2.745912,249.562719,49.704212,32.583207,5.809386,40.0055510619536,43.852997,0.0,dbscl-sentinel-2-2024\dbscl-sentinel-2_2024-12\S2_2024-12-20_03-35-23\20241220T032141_20241220T033512_T48PUS_metadata.json,48PUS
S2A_MSIL2A_20241223T033151_N0511_R018_T48PUS_20241223T064849,0.089386,2.381636,254.666821,17.005703,15.247139,15.615493,38.9303152864846,63.695592,0.0,dbscl-sentinel-2-2024\dbscl-sentinel-2_2024-12\S2_2024-12-23_03-45-17\20241223T033151_20241223T034030_T48PUS_metadata.json,48PUS
S2A_MSIL2A_20241223T033151_N0511_R018_T48PUR_20241223T064849,0.139566,2.757008,255.662216,25.168207,9.952267,0.069047,38.1146885398862,74.71934,0.0,dbscl-sentinel-2-2024\dbscl-sentinel-2_2024-12\S2_2024-12-23_03-45-31\20241223T033151_20241223T034030_T48PUR_metadata.json,48PUR
