image_date,minx,miny,maxx,maxy,MEAN_SOLAR_ZENITH_ANGLE,CLOUDY_PIXEL_PERCENTAGE,AREA,VEGETATION_PERCENTAGE,THIN_CIRRUS_PERCENTAGE
2019-01-06_03-35-34,103.5894733075188,8.955685223317774,104.17939001101288,9.950485440491155,39.5972918086,0.034456,48PUR,0.051673,0.0
2019-01-13_03-25-30,106.11266885327368,8.95345441203216,106.9135690759481,9.94887166968302,39.1230103629,0.059224,48PXR,7.601288,0.014199
2019-01-06_03-34-59,104.99972447777296,10.765496068187831,106.00743126841935,11.760133988205896,40.163948526,0.229114,48PWT,66.735429,0.0
2019-01-06_03-34-55,105.91454112647963,10.762250728439865,106.92510452852471,11.758657843410626,39.6891339559,0.294384,48PXT,76.144463,0.0
2019-01-14_03-45-27,103.17560623948354,8.953902438142253,104.03491480103465,9.950105325187794,37.7251466043,0.499485,48PUR,0.174411,0.0
2019-01-13_03-25-15,106.30586940942646,9.857075849513782,106.9190801917226,10.851794912161768,39.8780017937,1.021568,48PXS,47.204593,0.007134
2019-01-24_03-45-27,103.17560615147838,8.953902438142253,104.03473285290148,9.950104771845751,36.5598893301,1.209488,48PUR,0.150968,0.047232
2019-01-06_03-35-10,105.91193437545276,9.85902562597851,106.75850286233327,10.854211396475144,38.8914824954,1.753549,48PXS,75.331354,0.45546
2019-01-06_03-35-31,104.087272727106,8.95725437122164,105.0889503905584,9.9514972213457,39.0862143119,2.369972,48PVR,10.728034,0.000166
2019-01-06_03-35-13,104.99972536932816,9.861014510703738,106.00427689411958,10.855571229031138,39.3728311502,2.419413,48PWS,76.939338,0.0
2019-01-06_03-35-16,104.08464228812768,9.861265852254354,105.08920676455372,10.85557033221313,39.8658928297,2.547676,48PVS,36.330587,0.0
2019-01-24_03-45-13,103.17035103578527,9.85756950139428,104.17545456841124,10.854464395757088,37.3131678394,4.21302,48PUS,17.401354,0.401988
2019-01-06_03-35-20,103.78877369991824,9.860326283733562,104.17725512940856,10.854464395757088,40.3697976811,4.339842,48PUS,27.58241,0.0
2019-01-06_03-35-02,104.08346656411652,10.76577099881297,105.08948704583928,11.760133224332012,40.6502769899,4.792753,48PVT,46.540064,0.000379
2019-01-29_03-45-17,103.17035112378667,9.85756950139428,104.17545696252331,10.854464395757088,36.4982679246,5.2489,48PUS,15.904883,0.635512
2019-01-14_03-45-12,103.17035103578527,9.85756950139428,104.17545119892024,10.854464395757088,38.5040756243,9.16872,48PUS,11.262766,0.000278
2019-01-06_03-35-28,104.99972617172784,8.9570263808174,106.00139103412452,9.951498048371398,38.5861424957,10.046656,48PWR,40.5835,0.0
2019-01-06_03-35-24,105.90956803063008,8.956003993275843,106.55138196545924,9.950254000246078,38.0979736296,10.384824,48PXR,28.229439,0.0
2019-01-31_03-35-41,104.999726884972,8.052450962132822,105.99876650307654,9.046833369621034,35.1513465179,11.168218,48PWQ,2.577208,2.952747
2019-01-21_03-35-11,104.99972536932816,9.861014510703738,106.00427689411958,10.855571229031138,38.138000394,12.557716,48PWS,68.210483,6.045182
2019-01-11_03-35-17,103.79150530610644,9.860335326381614,104.17725512940856,10.854464395757088,40.150866603,13.284651,48PUS,24.48418,6.018317
2019-01-06_03-35-42,104.999726884972,8.052450962132822,105.99876650307654,9.046833369621034,37.8031936448,14.120272,48PWQ,1.997896,0.0
2019-01-31_03-35-44,104.08966492388936,8.052655568438503,105.0887172101058,9.04683266589854,35.7537264534,15.513542,48PVQ,3.141821,8.010936
2019-01-11_03-34-52,105.91454112647963,10.762250763193055,106.92510452852471,11.758657843410626,39.4118030537,16.995956,48PXT,57.12716,8.755573
2019-01-16_03-34-56,105.91454112647963,10.7622517546646,106.92510452852471,11.758657843410626,38.9594107849,17.816045,48PXT,57.781243,8.883198
2019-01-21_03-35-15,104.08464228812768,9.861265852254354,105.08920676455372,10.85557033221313,38.6830507513,18.752217,48PVS,26.967889,15.246074
2019-01-31_03-35-32,103.59329283330948,8.955700720362994,104.17938983366636,9.950485237113282,37.0620503832,18.846343,48PUR,0.033199,10.248786
2019-01-11_03-34-59,104.08357600138228,10.76577099881297,105.08948704583928,11.760133223805877,40.4052281829,18.87178,48PVT,34.539786,10.462702
2019-01-31_03-35-26,104.99972617172784,8.9570263808174,106.00139103412452,9.951498048371398,35.8652857023,22.050926,48PWR,26.69678,12.153216
2019-01-06_03-35-46,104.08966492388936,8.052655568438503,105.0887172101058,9.04683266589854,38.3105697038,23.746742,48PVQ,3.383536,0.000182
2019-01-29_03-45-31,103.17560615147838,8.953902438142253,104.03546179843394,9.950106908859256,35.760130793,25.991909,48PUR,0.090672,7.613591
2019-01-21_03-35-00,104.08355553173335,10.76577099881297,105.08948704583928,11.760133249824438,39.4330759918,28.083391,48PVT,18.458398,7.072818
2019-01-28_03-25-28,106.11094321675915,8.953454850958392,106.91356853559611,9.948858395471795,37.4070018208,28.915431,48PXR,1.856862,4.943051
2019-01-11_03-35-31,103.59219605472258,8.955697215748627,104.17938983366636,9.950485237113282,39.3890600764,29.275242,48PUR,0.045309,18.306173
2019-01-19_03-45-16,103.17035103578527,9.85756950139428,104.17545022354128,10.854464395757088,37.9739206236,31.165019,48PUS,14.805646,30.962583
2019-01-16_03-35-11,105.91193437545276,9.859026446054784,106.75849089273092,10.854211396475144,38.1821197979,33.260892,48PXS,45.082518,16.592816
2019-01-21_03-35-08,105.91193437545276,9.85901972290457,106.75941732385402,10.854211396475144,37.604010289,35.290972,48PXS,40.013155,16.237044
2019-01-16_03-35-00,104.99972447777296,10.765496068187831,106.00743126841935,11.760133988205896,39.4674651954,35.59536,48PWT,20.702399,4.00005
2019-01-21_03-34-57,104.99972447777296,10.765496068187831,106.00743126841935,11.760133988205896,38.8955616702,35.848591,48PWT,28.208211,9.341744
2019-01-11_03-35-14,104.08464228812768,9.861265852254354,105.08920676455372,10.85557033221313,39.6309649402,35.949718,48PVS,28.165779,19.466853
2019-01-31_03-34-57,104.99972447777296,10.765496068187831,106.00743126841935,11.760133988205896,37.313624661,38.632949,48PWT,29.192403,23.758581
2019-01-31_03-35-23,105.90956829950066,8.955994323357869,106.55292125594606,9.950253775617009,35.2824372097,38.82765,48PXR,12.767673,19.327502
2019-01-31_03-35-01,104.08358964781654,10.765771015142654,105.08948704583928,11.760133229626987,37.8903794467,41.700136,48PVT,19.394374,28.353444
2019-01-11_03-34-56,104.99972447777296,10.765496068187831,106.00743126841935,11.760133988205896,39.9028678414,43.751686,48PWT,31.412351,28.970584
2019-01-11_03-35-22,105.90956829950066,8.956001939322638,106.5519181084259,9.950253775617009,37.8403267224,43.765204,48PXR,13.961788,34.310445
2019-01-26_03-35-36,103.59001470926492,8.9556875895239,104.17938983366636,9.950485215661471,37.8366966771,44.319412,48PUR,0.03514,38.441756
2019-01-31_03-35-30,104.087272727106,8.95725437122164,105.0889503905584,9.9514972213457,36.4588355982,44.825697,48PVR,8.631046,26.096708
2019-01-21_03-34-53,105.91454112647963,10.762245572763248,106.92510452852471,11.758657843410626,38.368976016,46.047761,48PXT,36.073279,35.567406
2019-01-21_03-35-26,104.99972617172784,8.9570263808174,106.00139103412452,9.951498048371398,37.3862079355,46.424923,48PWR,29.297829,31.543642
2019-01-21_03-35-18,103.79205442823648,9.860337280429322,104.17725512940856,10.854464395757088,39.2382161868,46.738236,48PUS,12.863654,24.224176
2019-01-31_03-35-12,104.99972536932816,9.861014510703738,106.00427689411958,10.855571229031138,36.5859291398,46.964997,48PWS,40.333295,24.707539
2019-01-26_03-35-22,103.789322810921,9.860328749149875,104.17725512940856,10.854464395757088,38.5575868189,48.009909,48PUS,12.767206,41.617158
2019-01-31_03-35-18,103.79315064539928,9.860341914861458,104.17725512940856,10.854464395757088,37.7655795313,48.493704,48PUS,17.562602,38.360015
2019-02-25_03-34-56,105.91454112647963,10.762213779514868,106.92510452852471,11.758657843410626,30.7959738829,0.261313,48PXT,68.835443,0.032617
2019-02-15_03-35-11,105.91193437545276,9.859003246960487,106.76316673633124,10.854211396475144,32.7424021599,0.310639,48PXS,74.616587,0.000307
2019-02-15_03-35-15,104.99972536932816,9.861014510703738,106.00427689411958,10.855571229031138,33.3840016237,0.351508,48PWS,75.553083,0.0
2019-02-28_03-45-29,103.17560615147838,8.953902438142253,104.04284926371484,9.950128163721098,28.9357160625,0.425822,48PUR,0.172871,0.109829
2019-02-15_03-34-57,105.91454112647963,10.762225109284005,106.92510452852471,11.758657843410626,33.4206121877,0.900826,48PXT,70.634121,0.000795
2019-02-15_03-35-00,104.99972447777296,10.765496068187831,106.00743126841935,11.760133988205896,34.0525905535,1.971732,48PWT,41.961658,0.000365
2019-02-10_03-34-54,105.91454112647963,10.762233269090782,106.92510452852471,11.758657843410626,34.6358113899,2.388121,48PXT,69.356936,0.000111
2019-02-15_03-35-18,104.08464228812768,9.861265852254354,105.08920676455372,10.855570332213132,34.0354359303,2.659975,48PVS,27.938142,0.000139
2019-02-15_03-35-26,105.90956829950066,8.955985781648616,106.5562955058608,9.950253775617009,32.0740659507,3.638259,48PXR,34.982893,0.0
2019-02-15_03-35-04,104.08362376390797,10.76577099881297,105.08948704583928,11.76013322739928,34.6944688016,3.867245,48PVT,25.694078,0.192023
2019-02-20_03-35-32,103.596564681942,8.955713151225615,104.17938983366636,9.950485237113282,32.9055824556,3.901754,48PUR,0.04666,0.0
2019-02-15_03-35-47,104.08966492388936,8.052655568438503,105.0887172101058,9.04683266589854,32.7483801177,4.156244,48PVQ,4.295317,0.0
2019-02-27_03-25-11,106.3146232050994,9.857075849513782,106.9190801917226,10.851748589397262,31.5967825814,4.820232,48PXS,37.371755,0.000203
2019-02-08_03-45-17,103.17035103578527,9.85756950139428,104.17547576073804,10.854464395757088,34.5211370182,4.920259,48PUS,14.272237,0.0
2019-02-15_03-35-44,104.999726884972,8.052450962132822,105.99876650307654,9.046833369621034,32.0770819956,5.617772,48PWQ,2.444952,0.001553
2019-02-17_03-25-27,106.11421748908344,8.953454850958392,106.91356853559611,9.94884339433492,33.4493073715,6.011034,48PXR,5.244918,1.343367
2019-02-15_03-35-21,103.79424483765042,9.860345797419162,104.17725512940856,10.854464395757088,34.6955832656,6.479544,48PUS,25.161234,0.0
2019-02-13_03-45-27,103.17560615147838,8.953902438142253,104.03801619395512,9.950114248414968,32.7069932418,6.9308,48PUR,0.122564,0.0
2019-02-15_03-35-33,104.087272727106,8.95725437122164,105.0889503905584,9.9514972213457,33.3868014354,6.985348,48PVR,8.778116,0.000182
2019-02-20_03-35-44,104.08966492388936,8.052655568438503,105.0887172101058,9.04683266589854,31.6015985872,7.084257,48PVQ,2.935014,0.180155
2019-02-10_03-35-44,104.08966492388936,8.052655568438503,105.0887172101058,9.04683266589854,33.8482428777,7.780678,48PVQ,2.660479,0.03278
2019-02-10_03-35-41,104.999726884972,8.052450962132822,105.99876650307654,9.046833369621034,33.2005975427,7.851865,48PWQ,2.388791,0.090823
2019-02-10_03-35-08,105.91193437545276,9.859015679922392,106.76124625815756,10.854211396475144,33.9363031372,7.906962,48PXS,68.12107,2.629428
2019-02-25_03-35-32,104.087272727106,8.95725437122164,105.0889503905584,9.9514972213457,30.9667364061,8.547095,48PVR,5.65817,1.482281
2019-02-15_03-35-35,103.59493395681936,8.95570763655247,104.17938983366636,9.950485237113282,34.0566365531,8.595436,48PUR,0.037609,0.0
2019-02-07_03-25-28,106.11203472449556,8.953454850958392,106.91356853559611,9.948852124702784,35.6219596786,8.619929,48PXR,5.442552,0.0
2019-02-25_03-34-59,104.99972447777296,10.765496068187831,106.00743126841935,11.760133988205896,31.4759441344,9.279244,48PWT,23.457095,0.000541
2019-02-15_03-35-29,104.99972617172784,8.9570263808174,106.00139103412452,9.951498048371398,32.7255639429,9.407732,48PWR,40.088636,3.6e-05
2019-02-20_03-35-40,104.999726884972,8.052450962132822,105.99876650307654,9.046833369621034,30.905621721,9.717171,48PWQ,1.744888,0.000166
2019-02-10_03-35-29,104.087272727106,8.95725437122164,105.0889503905584,9.9514972213457,34.5113279662,10.539975,48PVR,7.375556,3.6e-05
2019-02-13_03-45-13,103.17035059577822,9.85756950139428,104.17548258839211,10.854464395757088,33.3869077372,10.92705,48PUS,13.467783,4.747322
2019-02-03_03-45-13,103.17035103578527,9.85756950139428,104.17547097251332,10.854464395757088,35.5752838399,11.425125,48PUS,14.767729,0.387808
2019-02-25_03-35-34,103.59765593434952,8.955717234373449,104.17938983366636,9.950485237113282,31.6843820378,12.04946,48PUR,0.041141,0.0
2019-02-25_03-35-14,104.99972536932816,9.861014510703738,106.00427689411958,10.855571229031138,30.8597148895,12.714356,48PWS,44.97222,0.000123
2019-02-03_03-45-28,103.17560615147838,8.953902438142253,104.03692102968188,9.950111093913687,34.8545039083,13.026489,48PUR,0.122896,1.262868
2019-02-20_03-35-29,104.087272727106,8.95725437122164,105.0889503905584,9.9514972213457,32.2119337874,13.24416,48PVR,5.099383,0.068201
2019-02-27_03-25-26,106.11585576729252,8.953454850958392,106.91356853559611,9.948836592256685,31.0308555851,13.488569,48PXR,4.531427,3.320332
2019-02-25_03-35-43,104.999726884972,8.052450962132822,105.99876650307654,9.046833369621034,29.6667093504,13.850213,48PWQ,2.211041,3.86502
2019-02-28_03-45-15,103.17035103578527,9.85756950139428,104.17553836235784,10.854464395757088,29.5330289611,14.615905,48PUS,9.798935,0.334232
2019-02-18_03-45-30,103.17560615147838,8.953902438142253,104.03984024664696,9.950119523960272,31.4953289176,15.258009,48PUR,0.137991,4.305176
2019-02-25_03-35-17,104.08464228812768,9.861265852254354,105.08920676455372,10.855570332213132,31.5592479985,15.466565,48PVS,15.194067,3.415815
2019-02-12_03-25-16,106.31079323276948,9.857075849513782,106.9190801917226,10.851773156092182,35.2170528764,16.009991,48PXS,40.045881,0.000268
2019-02-08_03-45-31,103.17560579945784,8.953902175291551,104.03692262418804,9.950111329519,33.8194200155,16.017294,48PUR,0.079885,0.000249
2019-02-10_03-35-12,104.99972536932816,9.861014510703738,106.00427689411958,10.855571229031138,34.5547882464,17.633743,48PWS,56.089264,0.180865
2019-02-20_03-35-18,103.79642935792803,9.860352949831102,104.17725512940856,10.854464395757088,33.5175816096,18.316722,48PUS,18.834041,0.0
2019-02-07_03-25-13,106.31079359200002,9.857075849513782,106.9190801917226,10.851770421433514,36.2952263475,18.4385,48PXS,29.460314,1.3e-05
2019-02-20_03-34-53,105.91454112647963,10.76222202622785,106.92510452852471,11.758657843410626,32.1466343558,18.582186,48PXT,50.494629,0.000185
2019-02-25_03-35-10,105.91193437545276,9.858994847714742,106.76563586972188,10.854211396475144,30.1691338499,18.98222,48PXS,45.395786,0.000117
2019-02-05_03-35-36,103.59274303017835,8.955697954354191,104.17938983366636,9.950485237113282,36.1517753472,19.248641,48PUR,0.048175,13.457172
2019-02-25_03-35-28,104.99972617172784,8.9570263808174,106.00139103412452,9.951498048371398,30.2566177583,20.029529,48PWR,26.37718,0.118095
2019-02-18_03-45-16,103.17035103578527,9.85756950139428,104.17550901230318,10.854464395757088,32.1511615603,20.202135,48PUS,10.407408,0.006352
2019-02-10_03-35-23,105.90956829950066,8.955992368915238,106.55355963317966,9.950253775617009,33.2454404483,20.447904,48PXR,28.54054,7.615024
2019-02-20_03-35-00,104.08356917816565,10.76577099881297,105.08948704583928,11.760133228715963,33.4677442592,20.456754,48PVT,12.619451,0.000532
2019-02-20_03-35-14,104.08464228812768,9.861265852254354,105.08920676455372,10.855570332213132,32.833982161,21.037642,48PVS,14.837334,0.000196
2019-02-10_03-35-26,104.99972617172784,8.9570263808174,106.00139103412452,9.951498048371398,33.8733287233,21.575355,48PWR,30.626518,0.369783
2019-02-17_03-25-12,106.312981587105,9.857075849513782,106.9190801917226,10.851756735193092,34.0748959758,21.840673,48PXS,25.749415,0.002569
2019-02-25_03-35-46,104.08966492388936,8.052655568438503,105.0887172101058,9.04683266589854,30.387602393,21.848265,48PVQ,2.851059,10.923792
2019-02-12_03-25-31,106.11148923901952,8.953454850958392,106.91356853559611,9.948854028868665,34.5661370031,21.856109,48PXR,3.153557,0.000721
2019-02-10_03-35-00,104.08354861990452,10.76577099881297,105.08948704583928,11.76013322875209,35.8646976012,23.706369,48PVT,14.557694,0.000487
2019-02-10_03-35-32,103.59384263874392,8.955703465314567,104.17938983366636,9.950485237113282,35.1583310067,24.146363,48PUR,0.012519,0.0
2019-02-20_03-35-22,105.90956829950066,8.955983057684877,106.55620433351672,9.950253775617009,30.8501263888,24.789983,48PXR,20.88398,0.0
2019-02-05_03-35-18,104.08464228812768,9.861265852254354,105.08920676455372,10.855570332213132,36.2206218776,24.801939,48PVS,17.297132,8.54457
2019-02-10_03-34-57,104.99972447777296,10.765496068187831,106.00743126841935,11.760133988205896,35.2451716093,25.168186,48PWT,27.713314,1.7e-05
2019-02-20_03-35-26,104.99972617172784,8.9570263808174,106.00139103412452,9.951498048371398,31.5263902057,27.61136,48PWR,24.531116,0.000119
2019-02-20_03-35-07,105.91193437545276,9.859004070281085,106.76671884106146,10.854211396475144,31.4927650881,28.033666,48PXS,42.290035,0.000108
2019-02-20_03-34-57,104.99972447777296,10.765496068187831,106.00743126841935,11.760133988205896,32.802408713,28.105902,48PWT,23.138291,9e-05
2019-02-10_03-35-15,104.08464228812768,9.861265852254354,105.08920676455372,10.855570332213132,35.1834176452,30.933643,48PVS,15.739536,0.000236
2019-02-20_03-35-11,104.99972536932816,9.861014510703738,106.00427689411958,10.855571229031138,32.1586582629,31.886221,48PWS,37.218404,0.0
2019-02-25_03-35-25,105.90956829950066,8.95597734399238,106.5581194104898,9.950253775617009,29.5552243256,33.785972,48PXR,16.42908,0.028307
2019-02-05_03-35-22,103.7915149444627,9.860336638382591,104.17725512940856,10.854464395757088,36.836197328,34.049303,48PUS,11.224144,11.720336
2019-02-25_03-35-03,104.08356917816565,10.76577099881297,105.08948704583928,11.760133254715749,32.1650599023,34.376322,48PVT,5.042339,1.692307
2019-02-25_03-35-20,103.7964296232136,9.860354187008031,104.17725512940856,10.854464395757088,32.2665448167,36.161269,48PUS,9.13748,8.794501
2019-02-05_03-35-33,104.087272727106,8.95725437122164,105.0889503905584,9.9514972213457,35.5272702659,37.641882,48PVR,2.728156,21.045683
2019-02-05_03-35-04,104.08355553173335,10.76577099881297,105.08948704583928,11.760133222499247,36.9222014054,40.060686,48PVT,14.647485,0.51114
2019-02-05_03-35-44,104.999726884972,8.052450962132822,105.99876650307654,9.046833369621034,34.2174131974,45.018514,48PWQ,1.166572,30.124158
2019-03-12_03-34-59,104.08363058712726,10.76577099881297,105.08948704583928,11.760133254715749,28.1753448806,1.204892,48PVT,17.151293,0.040354
2019-03-02_03-34-55,104.99972447777296,10.765496068187831,106.00743126841935,11.760133988205896,30.134844077,2.632264,48PWT,29.86263,0.004459
2019-03-02_03-34-52,105.91454112647963,10.762208655736716,106.92510452852471,11.758657843410626,29.4295561288,2.989089,48PXT,64.579779,0.070766
2019-03-09_03-25-26,106.11912895543112,8.953454850958392,106.91356853559611,9.948821330538587,28.5406178576,3.773043,48PXR,6.291458,0.724719
2019-03-12_03-35-17,103.79971204108854,9.860364722554802,104.17725512940856,10.854464332735972,28.4580368863,4.529134,48PUS,26.810408,1.168178
2019-03-10_03-45-28,103.17560615147838,8.953902438142253,104.04294192620536,9.950128395430257,26.3208367475,4.632459,48PUR,0.147618,0.0
2019-03-22_03-35-02,104.0836850842802,10.765771015142654,105.08948704583928,11.76013322305257,25.6368972524,4.762231,48PVT,18.427177,2.866724
2019-03-10_03-45-14,103.17035103578527,9.85756950139428,104.17554217520524,10.854464395757088,26.8423999959,4.85362,48PUS,16.150829,2.1e-05
2019-03-17_03-35-10,105.91193437545276,9.858984920970146,106.76755629570184,10.854211396475144,24.823360509,5.424902,48PXS,31.036144,0.0
2019-03-30_03-45-18,103.17035103578527,9.85756950139428,104.17548781997144,10.854464395757088,22.0360025173,7.499826,48PUS,14.640312,0.015662
2019-03-12_03-35-40,104.999726884972,8.052450962132822,105.99876650307654,9.046833369621034,25.9435123564,7.626601,48PWQ,2.775064,2.731869
2019-03-12_03-35-14,104.08464228812768,9.861265852254354,105.08920676455372,10.855570332213132,27.6774078777,8.674895,48PVS,13.124231,2.37466
2019-03-22_03-35-16,104.08464228812768,9.861265852254354,105.08920676455372,10.855570332213132,25.2353602684,11.012698,48PVS,12.454305,4.282056
2019-03-02_03-34-59,104.08349394557824,10.76577099881297,105.08948704583928,11.760133258770017,30.8487341185,11.61596,48PVT,16.455206,0.000308
2019-03-02_03-35-28,104.087272727106,8.95725437122164,105.0889503905584,9.9514972213457,29.7159608018,12.105862,48PVR,7.209793,8.906354
2019-03-12_03-35-28,104.087272727106,8.95725437122164,105.0889503905584,9.9514972213457,27.1989651856,12.532825,48PVR,3.939801,4.457095
2019-03-22_03-35-20,103.7969785001064,9.860354894178148,104.17725512940856,10.854464395757088,26.0621692796,12.578202,48PUS,25.64413,9.750217
2019-03-19_03-25-28,106.11640036774074,8.953454850958392,106.91356853559611,9.948834437555732,26.1578450236,13.049148,48PXR,5.599185,10.303448
2019-03-30_03-45-33,103.17560615147838,8.953902438142253,104.0380316962208,9.950114248414968,21.7376036733,13.657573,48PUR,0.125196,7.280505
2019-03-19_03-25-13,106.3151731981388,9.857075849513782,106.9190801917226,10.851745844009663,26.553789973,13.756367,48PXS,28.068215,0.172743
2019-03-17_03-34-55,105.91454112647963,10.76219936476204,106.92510452852471,11.758657843410626,25.2982435517,14.036645,48PXT,20.907691,0.704909
2019-03-02_03-35-10,104.99972536932816,9.861014510703738,106.00427689411958,10.855571229031138,29.5501548478,14.241192,48PWS,38.536784,0.172972
2019-03-02_03-35-42,104.08966492388936,8.052655568438503,105.0887172101058,9.04683266589854,29.1724376595,14.283719,48PVQ,2.418565,3.373695
2019-03-12_03-35-43,104.08966492388936,8.052655568438503,105.0887172101058,9.04683266589854,26.7404853906,15.044456,48PVQ,3.496229,10.318045
2019-03-02_03-35-30,103.59929084326753,8.955722796515225,104.17938983366636,9.950485237113282,30.4582933497,15.330286,48PUR,0.030163,0.315757
2019-03-20_03-45-16,103.17035103578527,9.85756950139428,104.17553543621918,10.854464395757088,24.2658155517,15.686063,48PUS,11.986978,7.020244
2019-03-27_03-34-58,105.91454112647963,10.762225053286228,106.92510452852471,11.758657843410626,22.81470203,16.073866,48PXT,53.762347,12.465369
2019-03-02_03-35-24,104.99972617172784,8.9570263808174,106.00139103412452,9.951498048371398,28.9804434461,16.615648,48PWR,27.514336,0.221124
2019-03-05_03-45-25,103.17560615147838,8.953902438142253,104.04230197159777,9.95012659476084,27.6344693006,16.616897,48PUR,0.172511,14.091444
2019-03-22_03-35-34,103.59765178441222,8.955716559675139,104.17938983366636,9.950485237113282,25.6947867327,17.367975,48PUR,0.051653,17.353524
2019-03-22_03-35-42,104.999726884972,8.052450962132822,105.99876650307654,9.046833369621034,23.664646388,18.41334,48PWQ,0.979675,10.199814
2019-03-17_03-35-42,104.999726884972,8.052450962132822,105.99876650307654,9.046833369621034,24.7580772939,18.427554,48PWQ,1.135132,1.668246
2019-03-05_03-45-11,103.17035103578527,9.85756950139428,104.17553543621918,10.854464395757088,28.196204908,18.475187,48PUS,13.438678,10.410957
2019-03-22_03-35-46,104.08966492388936,8.052655568438503,105.0887172101058,9.04683266589854,24.5074281402,18.500429,48PVQ,2.568472,15.254435
2019-03-12_03-35-31,103.60038220662663,8.955726870539936,104.17938983366636,9.950485237113282,27.9901111494,18.950428,48PUR,0.048719,12.785734
2019-03-20_03-45-30,103.17560615147838,8.953902438142253,104.04202974373432,9.950125809149736,23.8423140698,19.044033,48PUR,0.140916,16.214763
2019-03-02_03-35-39,104.999726884972,8.052450962132822,105.99876650307654,9.046833369621034,28.4259525737,19.371571,48PWQ,2.66526,2.094967
2019-03-22_03-35-31,104.087272727106,8.95725437122164,105.0889503905584,9.9514972213457,24.8586028195,20.573439,48PVR,2.192319,12.7894
2019-03-04_03-25-29,106.11803749784804,8.953454850958392,106.91356853559611,9.948827888959968,29.772851837,20.644604,48PXR,5.174734,14.37431
2019-03-27_03-35-45,104.999726884972,8.052450962132822,105.99876650307654,9.046833369621034,22.6704219634,21.015982,48PWQ,1.439129,2.738385
2019-03-09_03-25-11,106.31845253106562,9.857075849513782,106.9190801917226,10.851732394395748,29.0312378152,21.773971,48PXS,24.809135,3.772382
2019-03-02_03-35-13,104.08464228812768,9.861265852254354,105.08920676455372,10.855570332213132,30.2747891013,22.040013,48PVS,17.432481,8.379577
2019-03-17_03-34-59,104.99972447777296,10.765496068187831,106.00743126841935,11.760133988205896,26.081059198,22.937,48PWT,0.904028,0.188934
2019-03-29_03-25-31,106.11312901960082,8.953454850958392,106.91356853559611,9.948845360507706,24.1095938653,22.962068,48PXR,4.521265,16.251872
2019-03-22_03-34-59,104.99972447777296,10.765496068187831,106.00743126841935,11.760133988205896,24.8237532475,23.890479,48PWT,13.935561,0.50109
2019-03-17_03-35-24,105.90956829950066,8.95597002321343,106.56030739728334,9.950253775617009,24.3709562573,23.950028,48PXR,23.709425,3.7e-05
2019-03-17_03-35-34,103.59929296241089,8.955723473526238,104.17938983366636,9.950485237113282,26.8012101913,24.559111,48PUR,0.045096,4.025497
2019-03-27_03-35-02,104.99972447777296,10.765496068187831,106.00743126841935,11.760133988205896,23.6465112151,24.77597,48PWT,15.879153,12.898058
2019-03-27_03-35-34,104.087272727106,8.95725437122164,105.0889503905584,9.9514972213457,23.8205184594,25.31786,48PVR,5.994605,17.064562
2019-03-17_03-35-46,104.08966492388936,8.052655568438503,105.0887172101058,9.04683266589854,25.5788801242,25.589123,48PVQ,1.021271,0.00082
2019-03-17_03-35-02,104.08361694068904,10.76577099881297,105.08948704583928,11.760133255270176,26.8700182549,25.738078,48PVT,0.767845,0.065825
2019-03-02_03-35-17,103.7986198383845,9.860360720752189,104.17725512940856,10.854464395757088,31.0065505788,26.61967,48PUS,13.543451,0.407149
2019-03-12_03-35-10,104.99972536932816,9.861014510703738,106.00427689411958,10.855571229031138,26.9022547349,29.466764,48PWS,16.399646,1.100716
2019-03-29_03-25-16,106.3124377967697,9.857075849513782,106.9190801917226,10.851762210305,24.3885248482,29.685504,48PXS,17.540509,2.242703
2019-03-12_03-34-56,104.99972447777296,10.765496068187831,106.00743126841935,11.760133988205896,27.4112530074,29.798967,48PWT,11.425521,0.046569
2019-03-22_03-35-13,104.99972536932816,9.861014510703738,106.00427689411958,10.855571229031138,24.4118807203,30.158055,48PWS,10.775158,0.446007
2019-03-02_03-35-21,105.90956829950066,8.955975385088863,106.55866591055693,9.950253775617009,28.2529565926,30.491276,48PXR,19.636001,0.433377
2019-03-17_03-35-31,104.087272727106,8.95725437122164,105.0889503905584,9.9514972213457,25.9867915653,31.976739,48PVR,0.783806,0.023709
2019-03-12_03-35-25,104.99972617172784,8.9570263808174,106.00139103412452,9.951498048371398,26.4128450821,32.246086,48PWR,12.509802,4.259978
2019-03-24_03-25-16,106.31243600060256,9.857075849513782,106.9190801917226,10.851759470877967,25.4116081897,37.820205,48PXS,16.544776,4.860178
2019-03-17_03-35-16,104.08464228812768,9.861265852254354,105.08920676455372,10.855570332213132,26.4173745267,38.765152,48PVS,0.166101,0.004151
2019-03-22_03-35-28,104.99972617172784,8.9570263808174,106.00139103412452,9.951498048371398,24.0252163083,38.993975,48PWR,7.026742,2.691351
2019-03-17_03-35-20,103.79862178384336,9.860361436795138,104.17725512940856,10.854464395757088,27.2216582713,39.100708,48PUS,1.20887,0.011775
2019-03-17_03-35-13,104.99972536932816,9.861014510703738,106.00427689411958,10.855571229031138,25.6175493825,40.015415,48PWS,10.146658,0.003965
2019-03-27_03-35-16,104.99972536932816,9.861014510703738,106.00427689411958,10.855571229031138,23.2924923563,42.079426,48PWS,27.759761,14.804615
2019-03-15_03-45-13,103.17035103578527,9.85756950139428,104.17553978109174,10.854464395757088,25.5322111802,42.84747,48PUS,9.850862,29.041138
2019-03-15_03-45-27,103.17560615147838,8.953902438142253,104.04257676902256,9.95012737866788,25.0566523283,43.396435,48PUR,0.090425,33.568329
2019-03-27_03-35-31,104.99972617172784,8.9570263808174,106.00139103412452,9.951498048371398,22.9668518145,44.935551,48PWR,13.587366,12.938662
2019-03-02_03-35-06,105.91193437545276,9.858992393527622,106.76782296783934,10.854211396475144,28.8338550763,45.339378,48PXS,25.193658,0.481378
2019-03-17_03-35-28,104.99972617172784,8.9570263808174,106.00139103412452,9.951498048371398,25.1763226808,46.132318,48PWR,9.92498,0.000246
2019-03-22_03-35-24,105.90956829950066,8.955980556433309,106.5572986739573,9.950253775617009,23.1957108798,47.195651,48PXR,10.465853,3.725007
2019-03-22_03-35-09,105.91193437545276,9.858999096144158,106.7644812640854,10.854211396475144,23.5928508718,47.618544,48PXS,8.420578,0.149256
2019-03-12_03-35-22,105.90956829950066,8.95597075218591,106.56030811660544,9.950253775617009,25.6329442697,48.115269,48PXR,4.915235,7.786327
2019-03-22_03-34-55,105.91454112647963,10.76221788859944,106.92510452852471,11.758657843410626,24.0156322862,48.190572,48PXT,4.699806,1.186139
2019-03-12_03-35-07,105.91193437545276,9.858984920970146,106.768379173323,10.854211396475144,26.133788094,48.322962,48PXS,5.770741,0.957182
2019-04-16_03-35-38,104.087272727106,8.95725437122164,105.0889503905584,9.9514972213457,21.1873049639,1.829543,48PVR,7.287175,0.295696
2019-04-16_03-35-41,103.58783428297946,8.955679960263605,104.17938983366636,9.950485237113282,22.0732943259,4.201253,48PUR,0.03546,2.743483
2019-04-21_03-35-18,104.99972536932816,9.861014510703738,106.00427689411958,10.855571229031138,20.0483535236,4.572852,48PWS,57.806164,0.059107
2019-04-06_03-35-39,103.59056873896844,8.955691010417,104.17938983366636,9.950485237113282,23.050508752,7.407026,48PUR,0.048434,0.002687
2019-04-08_03-25-32,106.11148923901952,8.953454850958392,106.91356853559611,9.948854028868665,22.6023085069,7.429391,48PXR,5.310286,3.025623
2019-04-21_03-35-14,105.91193437545276,9.859023980964052,106.75904203508745,10.854211396475144,19.1654548634,9.790258,48PXS,52.432275,0.000118
2019-04-16_03-35-53,104.08966492388936,8.052655568438503,105.0887172101058,9.04683266589854,21.1963629416,10.046841,48PVQ,3.743896,7.924642
2019-04-23_03-25-23,106.30203978174724,9.857075849513782,106.9190801917226,10.851813876349471,21.5156694009,10.431648,48PXS,27.686214,4.102201
2019-04-16_03-35-20,104.99972536932816,9.861014510703738,106.00427689411958,10.855571229031138,20.32713361,11.705412,48PWS,47.027981,1.214615
2019-04-21_03-35-33,104.99972617172784,8.9570263808174,106.00139103412452,9.951498048371398,20.1019384297,12.536735,48PWR,27.143013,2.710119
2019-04-14_03-45-33,103.17560615147838,8.953902438142253,104.03601074680644,9.950108487673178,19.7714335311,13.307054,48PUR,0.126833,1.529771
2019-04-23_03-25-08,106.50162276250192,10.761188228150424,106.92510452852471,11.754943649420367,21.4696591927,14.449115,48PXT,47.684583,4.820107
2019-04-16_03-35-35,104.99972617172784,8.9570263808174,106.00139103412452,9.951498048371398,20.3007815638,15.495406,48PWR,22.875383,0.000129
2019-04-16_03-35-49,104.999726884972,8.052450962132822,105.99876650307654,9.046833369621034,20.312744438,15.763637,48PWQ,2.826514,1.3e-05
2019-04-01_03-35-44,104.999726884972,8.052450962132822,105.99876650307654,9.046833369621034,21.8306844802,15.997405,48PWQ,2.31911,1.026738
2019-04-18_03-25-34,106.11039782404504,8.953454850958392,106.91356853559611,9.948856256166769,21.7658027492,16.977188,48PXR,2.732922,11.70755
2019-04-06_03-35-48,104.999726884972,8.052450962132822,105.99876650307654,9.046833369621034,21.1372825548,17.202773,48PWQ,1.684835,3.330258
2019-04-01_03-35-18,104.08464228812768,9.861265852254354,105.08920676455372,10.855570332213132,23.1776630226,17.868258,48PVS,10.183002,8.158822
2019-04-01_03-35-33,104.087272727106,8.95725437122164,105.0889503905584,9.9514972213457,22.9266545995,18.499305,48PVR,5.010295,13.245925
2019-04-06_03-35-33,104.99972617172784,8.9570263808174,106.00139103412452,9.951498048371398,21.2868074141,18.953713,48PWR,19.220714,1.502789
2019-04-08_03-25-17,106.31079323276948,9.857075849513782,106.9190801917226,10.851770421433514,22.743376043,19.191963,48PXS,20.692393,5.344554
2019-04-11_03-35-06,104.08359647103416,10.76577099881297,105.08948704583928,11.760133225276366,21.844446033,19.262942,48PVT,20.787324,11.271056
2019-04-01_03-35-48,104.08966492388936,8.052655568438503,105.0887172101058,9.04683266589854,22.7069274548,19.911735,48PVQ,3.006795,12.797044
2019-04-11_03-35-20,104.08464228812768,9.861265852254354,105.08920676455372,10.855570332213132,21.7044537075,20.054253,48PVS,11.903832,7.629547
2019-04-21_03-35-07,104.08343909404702,10.76577099881297,105.08948704583928,11.760133223661423,20.9200126218,20.217488,48PVT,17.035225,0.260912
2019-04-21_03-35-04,104.99972447777296,10.765496068187831,106.00743126841935,11.760133988205896,20.0335136165,21.63835,48PWT,17.979659,2e-05
2019-04-21_03-35-21,104.08464228812768,9.861265852254354,105.08920676455372,10.855570332213132,20.9317751303,22.616355,48PVS,9.798529,3.875412
2019-04-14_03-45-19,103.17035103578527,9.85756950139428,104.17546228277251,10.854464395757088,19.836465363,23.261953,48PUS,15.36641,8.628505
2019-04-06_03-35-36,104.087272727106,8.95725437122164,105.0889503905584,9.9514972213457,22.1687663935,23.457885,48PVR,2.932581,0.589222
2019-04-06_03-35-51,104.08966492388936,8.052655568438503,105.0887172101058,9.04683266589854,22.0225893771,23.683508,48PVQ,1.354949,0.296894
2019-04-23_03-25-38,106.10330319211448,8.953454850958392,106.91356853559611,9.948886577418998,21.5971204467,24.333508,48PXR,3.412958,18.14601
2019-04-21_03-35-00,105.91454112647963,10.762248662039386,106.92510452852471,11.758657843410626,19.1472629697,24.429853,48PXT,34.065446,2.035677
2019-04-06_03-35-22,104.08464228812768,9.861265852254354,105.08920676455372,10.855570332213132,22.3486925994,25.12564,48PVS,9.661318,4.255195
2019-04-01_03-35-15,104.99972536932816,9.861014510703738,106.00427689411958,10.855571229031138,22.3142671084,25.2093,48PWS,30.141801,0.642559
2019-04-01_03-35-30,104.99972617172784,8.9570263808174,106.00139103412452,9.951498048371398,22.0563145382,26.461755,48PWR,15.951592,1.84605
2019-04-21_03-35-29,105.90956829950066,8.955999550795326,106.55182693795211,9.950253775617009,19.2240417895,27.065483,48PXR,20.333542,2.474653
2019-04-21_03-35-36,104.087272727106,8.95725437122164,105.0889503905584,9.9514972213457,20.9807591756,28.023185,48PVR,4.579948,19.67871
2019-04-21_03-35-39,103.59220152888052,8.955697283397644,104.17938983366636,9.950485237113282,21.8596528606,29.697803,48PUR,0.051021,26.467746
2019-04-16_03-35-09,104.08348021054016,10.76577099881297,105.08948704583928,11.760133221363992,21.279397065,29.757974,48PVT,18.915193,13.60406
2019-04-21_03-35-25,103.7920523944467,9.86033732045295,104.17725512940856,10.854464395757088,21.8149155889,29.831811,48PUS,17.55539,6.726726
2019-04-11_03-35-23,103.79260346417692,9.860339949711722,104.17725512940856,10.854464395757088,22.5898068117,31.704757,48PUS,17.122059,16.187748
2019-04-01_03-35-12,105.91193437545276,9.859009834663356,106.76340289356013,10.854211396475144,21.4528570164,32.348807,48PXS,30.505723,0.127686
2019-04-01_03-35-36,103.59546920044096,8.955708309190959,104.17938983366636,9.950485237113282,23.7975775851,32.673164,48PUR,0.047119,29.409501
2019-04-16_03-35-02,105.91454112647963,10.762264098974397,106.92510452852471,11.758657843410626,19.5039732637,32.946776,48PXT,33.86451,2.042096
2019-04-06_03-35-18,104.99972536932816,9.861014510703738,106.00427689411958,10.855571229031138,21.4713286002,33.000232,48PWS,21.722481,0.560234
2019-04-06_03-35-07,104.08335677248378,10.76577099881297,105.08948704583928,11.760133224103402,22.5617350649,33.398153,48PVT,9.729994,1.364553
2019-04-26_03-35-04,105.91454112647963,10.762279379599176,106.92510452852471,11.758657843410626,18.9574440106,34.120806,48PXT,32.415929,0.676937
2019-04-01_03-35-04,104.08356235494934,10.76577099881297,105.08948704583928,11.760133243657547,23.4591931021,34.416156,48PVT,6.492206,13.823286
2019-04-06_03-35-30,105.90956829950066,8.955999449041144,106.5519181084259,9.950253775617009,20.4054402882,35.014595,48PXR,16.59057,0.26825
2019-04-11_03-35-31,104.99972617172784,8.9570263808174,106.00139103412452,9.951498048371398,20.7120658178,38.062029,48PWR,15.826538,11.757305
2019-04-29_03-45-24,103.17035103578527,9.85756950139428,104.17538114899382,10.854464395757088,19.2949756219,38.162469,48PUS,13.740203,22.736837
2019-04-21_03-35-47,104.999726884972,8.052450962132822,105.99876650307654,9.046833369621034,20.1940583059,38.970384,48PWQ,1.502082,26.521006
2019-04-16_03-35-06,104.99972447777296,10.765496068187831,106.00743126841935,11.760133988205896,20.3916222087,39.194826,48PWT,14.121829,5.271197
2019-04-16_03-35-24,104.08464228812768,9.861265852254354,105.08920676455372,10.855570332213132,21.2150478972,40.037923,48PVS,9.100033,13.124479
2019-04-01_03-35-26,105.90956829950066,8.955989606612112,106.55483684294138,9.950253775617009,21.1874548959,40.727713,48PXR,12.548667,0.531831
2019-04-16_03-35-17,105.91193437545276,9.859036373364814,106.75739608182477,10.854211396475144,19.4393311226,41.725216,48PXS,23.415583,0.05121
2019-04-06_03-35-04,104.99972447777296,10.765496068187831,106.00743126841935,11.760133988205896,21.6901517019,43.058886,48PWT,15.462348,0.74168
2019-04-06_03-35-25,103.7904110476615,9.86033141505297,104.17725512940856,10.854464395757088,23.226165407,43.199532,48PUS,4.683985,4.862114
2019-04-01_03-35-22,103.794250850692,9.860346401579434,104.17725512940856,10.854464395757088,24.042104453,43.806489,48PUS,12.395175,28.459638
2019-04-06_03-35-00,105.91454112647963,10.762247692718956,106.92510452852471,11.758657843410626,20.8199733959,44.336256,48PXT,23.963474,0.13435
2019-04-01_03-34-57,105.91454112647963,10.762230253759205,106.92510452852471,11.758657843410626,21.7506164597,45.003291,48PXT,16.949823,1.105607
2019-04-11_03-35-35,104.087272727106,8.95725437122164,105.0889503905584,9.9514972213457,21.5996901991,46.086397,48PVR,1.583462,36.747155
2019-04-16_03-35-27,103.7871303593428,9.860319666184264,104.17725512940856,10.854464395757088,22.1023140172,47.218674,48PUS,13.17057,31.272706
2019-04-21_03-35-50,104.08966492388936,8.052655568438503,105.0887172101058,9.04683266589854,21.0667488621,47.416202,48PVQ,2.839762,39.579317
2019-04-18_03-25-21,106.30969875011242,9.857075354566634,106.91716118381126,10.61800607446262,21.7579359188,48.837863,48PXS,7.543445,9.696822
2019-04-26_03-35-11,104.0834288149256,10.76577099881297,105.08948704583928,11.760133210429558,20.7143738301,49.142518,48PVT,7.631639,4.745756
2019-04-01_03-35-01,104.99972447777296,10.765496068187831,106.00743126841935,11.760133988205896,22.6036343482,49.897124,48PWT,5.690137,1.547463
2019-05-06_03-35-12,104.08339106574483,10.76577099881297,105.08948704583928,11.76013323825948,20.8205279584307,7.617478,48PVT,33.364782,2.491526
2019-05-06_03-35-09,104.99972447777296,10.765496068187831,106.00743126841935,11.760133988205896,19.9712991596688,11.656145,48PWT,34.763083,2.98326
2019-05-11_03-35-19,104.99972536932816,9.861014510703738,106.00427689411958,10.855571229031138,20.5475813897,17.269455,48PWS,58.044213,1.309113
2019-05-19_03-45-39,103.17560615147838,8.953902438142253,104.02779977837272,9.950084668532345,21.0317498713,19.069685,48PUR,0.146371,14.768793
2019-05-21_03-35-07,104.08354861990452,10.76577099881297,105.08948704583928,11.76013324835599,21.8428015386,20.342258,48PVT,34.028184,4.527098
2019-05-06_03-35-44,103.58291918630584,8.955660450257167,104.17938983366636,9.950485237113282,22.1234796067787,20.952284,48PUR,0.041107,19.996288
2019-05-01_03-35-00,105.91454112647963,10.76224764306971,106.92510452852471,11.758657843410626,18.977960391,21.925156,48PXT,42.461634,1.475227
2019-05-19_03-45-25,103.17035103578527,9.85756950139428,104.17536962179408,10.854464395757088,20.6320797875,22.672278,48PUS,9.728863,8.805388
2019-05-13_03-25-39,106.10057572240848,8.953454850958392,106.91356853559611,9.948897378317612,22.4341029594,23.488765,48PXR,1.440304,11.253674
2019-05-21_03-35-21,104.9997255476392,9.861014212141717,106.00281145213906,10.630914341262772,21.4288968609,23.771651,48PWS,54.636109,2.482365
2019-05-06_03-35-05,105.91454112647963,10.762290594725975,106.92510452852471,11.758657843410626,19.1255706506791,24.243411,48PXT,43.709496,0.902397
2019-05-06_03-35-26,104.08464228812768,9.861265852254354,105.08920676455372,10.855570332213132,21.0400377916125,24.5277,48PVS,17.574601,13.814706
2019-05-31_03-35-06,104.0836032942521,10.76577099881297,105.08948704583928,11.760133227210703,22.7432937626,24.819039,48PVT,34.606603,2.489337
2019-05-21_03-35-13,105.91300844034149,10.069268253168298,106.76261801373614,10.854211396475144,20.6605321254,25.353656,48PXS,39.24534,3.941186
2019-05-21_03-35-19,105.91193410657878,9.859005322092557,106.62232642011328,10.42460001895104,20.6605321254,25.851303,48PXS,52.252871,0.677971
2019-05-16_03-35-53,104.999726884972,8.052450962132822,105.99876650307654,9.046833369621034,21.7117008344,25.960618,48PWQ,1.085849,15.438974
2019-05-31_03-34-59,105.91454112647963,10.762201452355066,106.92510452852471,11.758657843410626,21.2293361759,27.403024,48PXT,54.098791,11.121623
2019-05-14_03-45-35,103.17560615147838,8.953902438142253,104.0371045751774,9.950111645803483,20.5412879896,28.288407,48PUR,0.176243,6.628899
2019-05-01_03-35-25,103.79205442823648,9.860337280429322,104.17725512940856,10.854464395757088,21.7226871894,28.450107,48PUS,21.808027,22.397992
2019-05-21_03-35-36,104.087272727106,8.95725437122164,105.0889503905584,9.9514972213457,22.5975923376,28.481939,48PVR,3.025249,11.507653
2019-05-13_03-25-10,106.49888013368796,10.761188228150424,106.92510452852471,11.754956868509456,21.8179623956,28.517101,48PXT,40.522316,2.404363
2019-05-31_03-35-21,104.08464228812768,9.861265852254354,105.08920676455372,10.855570332213132,23.1625489343,28.60013,48PVS,16.942273,16.560532
2019-05-21_03-35-00,105.91454112647963,10.762228158620148,106.92510452852471,11.758657843410626,20.266329396,29.350965,48PXT,40.634999,2.633109
2019-05-21_03-35-39,103.59656256284266,8.955712475879404,104.17938983366636,9.950485237113282,23.3670312717,29.914065,48PUR,0.010393,12.257788
2019-05-11_03-35-15,105.91193437545276,9.859018969776038,106.76124562817073,10.854211396475144,19.7363478085,30.049985,48PXS,40.16884,0.790331
2019-05-16_03-35-38,104.99972617172784,8.9570263808174,106.00139103412452,9.951498048371398,21.312601296,30.501851,48PWR,17.939705,5.611658
2019-05-06_03-35-52,104.999726884972,8.052450962132822,105.99876650307654,9.046833369621034,20.7691591997794,31.678628,48PWQ,0.619616,19.08301
2019-05-01_03-35-04,104.99972447777296,10.765496068187831,106.00743126841935,11.760133988205896,19.8419804295,32.213283,48PWT,25.113276,9.813357
2019-05-18_03-25-35,106.11312605888595,8.953454850958392,106.91356853559611,9.948845360507706,22.8970774745,32.375559,48PXR,2.107347,13.679628
2019-05-16_03-35-35,105.90956829950066,8.956026057329737,106.54444037097691,9.950253775617009,20.5396563169,32.572579,48PXR,11.934335,3.825404
2019-05-26_03-35-20,105.91193437545276,9.859048743227143,106.75463077454432,10.854211396475144,21.1535655134,32.624401,48PXS,37.689054,2.869678
2019-05-04_03-45-35,103.17560615147838,8.953902438142253,104.03491480103465,9.950105325187796,19.7256792996,32.75758,48PUR,0.104017,20.033765
2019-05-01_03-35-22,104.08464228812768,9.861265852254354,105.08920676455372,10.855570332213132,20.8638358799,33.367451,48PVS,14.106476,26.76447
2019-05-01_03-35-19,104.99972536932816,9.861014510703738,106.00427689411958,10.855571229031138,20.006749826,33.986237,48PWS,40.268475,13.993636
2019-05-01_03-35-15,105.91193437545276,9.859023137225709,106.75905148479684,10.854211396475144,19.1524838793,34.413028,48PXS,32.126868,10.174738
2019-05-21_03-35-15,104.99972536932816,10.224911279758247,106.00427689411958,10.855571229031138,21.4288968609,34.802494,48PWS,44.91592,10.926031
2019-05-26_03-35-05,105.91454112647963,10.762279411997898,106.92510452852471,11.758657843410626,20.7264159706,34.894464,48PXT,39.02812,1.33168
2019-05-21_03-35-51,104.08966492388936,8.052655568438503,105.0887172101058,9.04683266589854,23.0169525904,35.88085,48PVQ,1.995574,23.369448
2019-05-31_03-35-03,104.99972447777296,10.765496068187831,106.00743126841935,11.760133988205896,21.9815870259,37.779509,48PWT,22.554675,9.523675
2019-05-21_03-35-23,104.0848003753748,9.861265822414971,105.0891355792496,10.80321720756649,22.2059041466,37.839589,48PVS,8.870373,14.432018
2019-05-21_03-35-25,103.79534107261796,9.86035029644938,104.17725512940856,10.81599912138235,22.990014895,37.897922,48PUS,21.035928,13.121828
2019-05-26_03-35-09,104.99972447777296,10.765496068187831,106.00743126841935,11.760133988205896,21.4929826531,38.631646,48PWT,27.134183,6.871773
2019-05-06_03-35-30,103.78220629355329,9.860301888806228,104.17725512940856,10.854464395757088,21.8811147230533,38.702763,48PUS,13.747981,13.442299
2019-05-21_03-35-16,104.08464228812768,10.436725472715992,105.08920676455372,10.855570384677316,22.2059041466,38.882635,48PVS,25.270614,20.146608
2019-05-26_03-35-12,104.0834768432407,10.765771015142654,105.08948704583928,11.760133216355026,22.2682906258,40.199566,48PVT,26.347956,8.899859
2019-05-21_03-35-47,104.999726884972,8.052450962132822,105.99876650307654,9.046833369621034,22.2712755362,40.226083,48PWQ,0.489524,28.456828
2019-05-31_03-35-24,103.79972203375388,9.86036598768671,104.17725512940856,10.854464395757088,23.9172358648,40.429632,48PUS,23.484963,27.269229
2019-05-18_03-25-20,106.31243492290226,9.857075849513782,106.9190801917226,10.851762210305,22.5321646241,41.6651,48PXS,17.432381,8.911044
2019-05-21_03-35-04,104.99972447777296,10.765496068187831,106.00743126841935,11.760133988205896,21.0507059052,43.425386,48PWT,22.009239,16.028418
2019-05-11_03-35-37,104.087272727106,8.95725437122164,105.0889503905584,9.9514972213457,21.6727129759,43.499457,48PVR,2.132654,15.973975
2019-05-26_03-35-38,104.99972617172784,8.9570263808174,106.00139103412452,9.951498048371398,22.341658645,45.445926,48PWR,19.880186,8.725236
2019-05-31_03-35-35,104.087272727106,8.95725437122164,105.0889503905584,9.9514972213457,23.6072380411,46.440274,48PVR,1.445191,34.047222
2019-05-06_03-35-55,104.08966492388936,8.052655568438503,105.0887172101058,9.04683266589854,21.5813216524517,46.531734,48PVQ,2.184485,22.838527
2019-05-04_03-45-20,103.17035103578527,9.85756950139428,104.17545314967816,10.854464395757088,19.4810567077,47.309373,48PUS,4.135532,7.404532
2019-05-08_03-25-35,106.11040069500125,8.953454850958392,106.91356853559611,9.948858395471795,22.0707499220126,48.09615,48PXR,0.07478,21.285425
2019-05-13_03-25-25,106.29985136572266,9.857075849513782,106.9190801917226,10.85182473646801,22.1108230878,48.680764,48PXS,14.58531,12.606996
2019-06-20_03-35-22,104.08464228812768,9.861265852254354,105.08920676455372,10.855570332213132,24.6657808313,5.527619,48PVS,31.786782,1.138238
2019-06-20_03-35-37,104.087272727106,8.95725437122164,105.0889503905584,9.9514972213457,25.1424246643,6.108782,48PVR,8.146486,0.316064
2019-06-20_03-35-08,104.08358964781654,10.76577099881297,105.08948704583928,11.76013322391822,24.2116487536,7.781772,48PVT,52.681112,3.779736
2019-06-20_03-35-15,105.91193437545276,9.85900736686452,106.7628644302437,10.854211396475144,23.2266090488,10.007722,48PXS,62.144673,5.236153
2019-06-20_03-35-04,104.99972447777296,10.765496068187831,106.00743126841935,11.760133988205896,23.4714574524,10.584654,48PWT,53.011191,6.009417
2019-06-20_03-35-19,104.99972536932816,9.861014510703738,106.00427689411958,10.855571229031138,23.9408099178,11.322767,48PWS,57.461947,5.521628
2019-06-13_03-45-34,103.17560615147838,8.953902438142253,104.04184734338996,9.950125260527605,23.4835759759,15.974733,48PUR,0.133154,10.912199
2019-06-20_03-35-25,103.79479397093608,9.86034842163882,104.17725512940856,10.854464395757088,25.399976304,18.496609,48PUS,26.660207,0.501574
2019-06-30_03-35-40,103.59165588006948,8.955694552973682,104.17938983366636,9.950485237113282,26.1725922962,18.527574,48PUR,0.049896,16.291545
2019-06-20_03-35-48,104.999726884972,8.052450962132822,105.99876650307654,9.046833369621034,24.9464321664,20.634311,48PWQ,1.911543,10.934685
2019-06-15_03-35-08,104.99972447777296,10.765496068187831,106.00743126841935,11.760133988205896,23.1776271945,20.864034,48PWT,40.447253,4.536542
2019-06-30_03-35-52,104.08966492388936,8.052655568438503,105.0887172101058,9.04683266589854,25.9284802479,21.798126,48PVQ,3.332142,8.695844
2019-06-20_03-35-39,103.5954796192596,8.955709720705537,104.17938983366636,9.950485237113282,25.8619764571,24.942284,48PUR,0.027897,7.068441
2019-06-30_03-35-37,104.087272727106,8.95725437122164,105.0889503905584,9.9514972213457,25.4438658109,25.193115,48PVR,1.843013,6.248387
2019-06-20_03-35-33,104.99972617172784,8.9570263808174,106.00139103412452,9.951498048371398,24.4327037146,29.508293,48PWR,24.691948,4.088692
2019-06-15_03-35-11,104.0833842425372,10.76577099881297,105.08948704583928,11.760133251660484,23.9179035791,30.806203,48PVT,30.576557,3.115288
2019-06-13_03-45-19,103.17035103578527,9.85756950139428,104.1755340174853,10.854464395757088,22.9859227895,30.866151,48PUS,17.3797,12.652376
2019-06-10_03-35-06,104.08352132704532,10.76577099881297,105.08948704583928,11.760133231477296,23.5857459647,31.048846,48PVT,37.001985,2.144841
2019-06-25_03-35-20,105.91193437545276,9.859035554730454,106.75740544146774,10.854211396475144,23.4075150815,32.432556,48PXS,43.001536,6.184212
2019-06-20_03-35-01,105.91454112647963,10.762229192721772,106.92510452852471,11.758657843410626,22.7413756872,33.301166,48PXT,48.216364,16.713144
2019-06-15_03-35-33,105.90956829950066,8.955997519031685,106.55292080638532,9.950253775617009,23.4416187576,33.653111,48PXR,20.974337,4.339034
2019-06-25_03-35-26,104.08464228812768,9.861265852254354,105.08920676455372,10.855570332213132,24.8529959247,33.778521,48PVS,13.615629,5.188961
2019-06-15_03-35-04,105.91454112647963,10.76224359164785,106.92510452852471,11.758657843410626,22.4475973857,34.006947,48PXT,42.210588,2.965807
2019-06-20_03-35-30,105.90956803063008,8.955987568111675,106.55538396399868,9.950254000246078,23.7343602756,34.351763,48PXR,24.291472,17.18913
2019-06-25_03-35-56,104.08966492388936,8.052655568438503,105.0887172101058,9.04683266589854,25.8191192678,34.372099,48PVQ,1.821062,16.439059
2019-06-25_03-35-41,104.087272727106,8.95725437122164,105.0889503905584,9.9514972213457,25.3251447853,34.552383,48PVR,1.171247,13.18634
2019-06-25_03-35-44,103.5883777969271,8.955681294976863,104.17938983366636,9.950485237113282,26.0476666833,35.444782,48PUR,0.01097,21.267615
2019-06-12_03-25-38,106.10930722261443,8.953454850958392,106.91356853559611,9.948862762186074,25.1916618771,37.050546,48PXR,4.239173,18.941912
2019-06-20_03-35-51,104.08966492388936,8.052655568438503,105.0887172101058,9.04683266589854,25.6409566087,38.904447,48PVQ,1.344949,1.768262
2019-06-25_03-35-34,105.90956829950066,8.956008666721988,106.54918220197166,9.950253775617009,23.9103462316,42.270557,48PXR,20.0956,7.16776
2019-06-10_03-35-03,104.99972447777296,10.765496068187831,106.00743126841935,11.760133988205896,22.841671854,43.123561,48PWT,25.274473,6.351672
2019-06-25_03-35-30,103.78767946364944,9.860322265235023,104.17725512940856,10.854464395757088,25.5899674374,44.84757,48PUS,12.74097,6.500661
2019-06-25_03-35-52,104.999726884972,8.052450962132822,105.99876650307654,9.046833369621034,25.1211966008,45.064186,48PWQ,1.407109,16.250871
2019-06-30_03-35-49,104.999726884972,8.052450962132822,105.99876650307654,9.046833369621034,25.223759031,46.359566,48PWQ,1.408794,18.986502
2019-06-30_03-35-23,104.08464228812768,9.861265852254354,105.08920676455372,10.855570332213132,24.98133274,49.687492,48PVS,5.478578,4.398655
2019-07-08_03-45-40,103.17560615147838,8.953902438142253,104.03026244235652,9.95009188044924,24.1141672491,2.094917,48PUR,0.170072,0.913718
2019-07-10_03-35-09,104.08343909404702,10.76577099881297,105.08948704583928,11.760133243657547,24.5354603048,6.406034,48PVT,53.560603,0.234747
2019-07-07_03-25-21,106.30641668460429,9.857075849513782,106.9190801917226,10.851792182108122,25.563096723,9.371188,48PXS,42.209253,5.298552
2019-07-05_03-35-27,104.08464228812768,9.861265852254354,105.08920676455372,10.855570332213132,24.994172594,9.735669,48PVS,28.89289,4.643807
2019-07-30_03-35-08,104.0833292138227,10.76577099881297,105.08948704583928,11.760133221363992,23.6007273047,10.655364,48PVT,47.917706,3.192928
2019-07-05_03-35-09,104.99972447777296,10.765496068187831,106.00743126841935,11.760133988205896,23.8108112368,10.737369,48PWT,50.030392,0.003802
2019-07-10_03-35-38,104.087272727106,8.95725437122164,105.0889503905584,9.9514972213457,25.372194204,11.233841,48PVR,6.980428,0.067372
2019-07-27_03-25-36,106.10494039200184,8.953454850958392,106.91356853559611,9.948880102949488,25.0476887694,11.315493,48PXR,6.409031,3.58515
2019-07-10_03-35-16,105.91193437545276,9.859038014773622,106.75739608182477,10.854211396475144,23.4415685597,11.376113,48PXS,60.778373,1.170794
2019-07-05_03-35-30,103.78494961500792,9.860313049594549,104.17725512940856,10.854464395757088,25.7453999211,13.014152,48PUS,20.758812,0.093712
2019-07-07_03-25-36,106.1071233465306,8.953454850958392,106.91356853559611,9.948869262857286,26.0000313518,13.751962,48PXR,8.941458,11.112962
2019-07-10_03-35-31,105.90956829950066,8.956009828015059,106.54863500691162,9.950253775617009,23.9011333384,15.221286,48PXR,31.24131,1.935649
2019-07-12_03-25-25,106.30204328409394,9.857075849513782,106.9190801917226,10.851811242790395,25.4576686214,15.261658,48PXS,37.529731,3.654622
2019-07-13_03-45-36,103.17560615147838,8.953902438142253,104.03135782008256,9.950095061443,23.9628100889,15.448597,48PUR,0.173211,8.526731
2019-07-10_03-35-20,104.99972536932816,9.861014510703738,106.00427689411958,10.855571229031138,24.187278422,16.108579,48PWS,50.297588,0.429912
2019-07-05_03-35-12,104.08343909404702,10.76577099881297,105.08948704583928,11.76013323979905,24.5684336095,16.164079,48PVT,42.396206,0.851425
2019-07-10_03-35-41,103.58892767005516,8.955684172315511,104.17938983366636,9.950485237113282,26.1205950693,16.173631,48PUR,0.045383,7.768365
2019-07-12_03-25-11,106.50162321195404,10.761188228150424,106.92510452852471,11.754940492443383,25.0636630079,16.381577,48PXT,52.662438,1.188607
2019-07-10_03-35-49,104.999726884972,8.052450962132822,105.99876650307654,9.046833369621034,25.0997436028,16.634689,48PWQ,2.601886,10.760465
2019-07-10_03-35-23,104.08464228812768,9.861265852254354,105.08920676455372,10.855570332213132,24.9418945379,16.636372,48PVS,27.115616,2.830525
2019-07-10_03-35-06,104.99972447777296,10.765496068187831,106.00743126841935,11.760133988205896,23.7667095739,17.497742,48PWT,41.783097,0.644666
2019-07-05_03-35-24,104.99972536932816,9.861014510703738,106.00427689411958,10.855571229031138,24.2510351392,18.267628,48PWS,45.609349,4.282489
2019-07-28_03-45-39,103.17560615147838,8.953902438142253,104.02980714475066,9.950090568552936,22.9418947422,19.376338,48PUR,0.119078,13.448304
2019-07-13_03-45-21,103.17035103578527,9.85756950139428,104.17541014433894,10.854464395757088,23.5261454873,19.392911,48PUS,11.275096,2.260036
2019-07-10_03-35-27,103.78876972086115,9.86032554729964,104.17725512940856,10.854464395757088,25.703986743,20.423447,48PUS,25.319019,8.048607
2019-07-10_03-35-35,104.99972617172784,8.9570263808174,106.00139103412452,9.951498048371398,24.6318914966,20.627641,48PWR,28.448573,1.733403
2019-07-10_03-35-52,104.08966492388936,8.052655568438503,105.0887172101058,9.04683266589854,25.8256178879,21.168875,48PVQ,3.662075,14.760107
2019-07-05_03-35-41,104.087272727106,8.95725437122164,105.0889503905584,9.9514972213457,25.4430479568,23.817147,48PVR,5.035806,10.568877
2019-07-27_03-25-21,106.30368140112212,9.857075849513782,106.9190801917226,10.85180580072858,24.7188900443,25.091127,48PXS,30.755216,3.352033
2019-07-12_03-25-40,106.10330319211448,8.953454850958392,106.91356853559611,9.948886577418998,25.8749062323,29.015714,48PXR,5.040154,17.846067
2019-07-05_03-35-35,105.90956829950066,8.95601776127124,106.54690226179288,9.950253775617009,23.9961353828,29.921787,48PXR,23.098767,7.714994
2019-07-08_03-45-25,103.17035103578527,9.85756950139428,104.17539329688998,10.854464395757088,23.6555182464,30.675274,48PUS,11.192623,5.787374
2019-07-05_03-35-20,105.91193437545276,9.859046287870934,106.7541121313875,10.854211396475144,23.5174511629,31.197478,48PXS,39.04168,2.477117
2019-07-20_03-35-49,104.999726884972,8.052450962132822,105.99876650307654,9.046833369621034,24.5801008582,31.211177,48PWQ,2.04498,11.033022
2019-07-05_03-35-38,104.99972617172784,8.9570263808174,106.00139103412452,9.951498048371398,24.7145025913,33.093098,48PWR,24.278104,8.56653
2019-07-10_03-35-02,105.91454112647963,10.76226405926282,106.92510452852471,11.758657843410626,23.0061701267,33.397546,48PXT,43.440309,2.117035
2019-07-20_03-35-31,105.90956829950066,8.956015554023443,106.54699352007027,9.950253775617009,23.4001065135,33.502177,48PXR,25.999558,5.820788
2019-07-22_03-25-25,106.3020401409623,9.857075849513782,106.9190801917226,10.851811242790395,25.0256439629,34.226432,48PXS,29.74337,21.62842
2019-07-30_03-35-26,103.78604011539538,9.86031706051952,104.17725512940856,10.854464395757088,24.7010137755,35.816727,48PUS,17.259757,23.532128
2019-07-22_03-25-40,106.10330346125684,8.953454850958392,106.91356853559611,9.948886577418998,25.3890441789,35.841992,48PXR,6.978588,32.201186
2019-07-30_03-35-05,104.99972447777296,10.765496068187831,106.00743126841935,11.760133988205896,22.7724727776,36.181648,48PWT,31.158873,16.730142
2019-07-05_03-35-06,105.91454112647963,10.7622752494961,106.92510452852471,11.758657843410626,23.0620738527,37.118015,48PXT,41.491368,0.034902
2019-07-05_03-35-44,103.5861994285,8.955674407296119,104.17938983366636,9.950485237113282,26.1802954921,37.326235,48PUR,0.054298,10.71654
2019-07-15_03-35-27,104.08464228812768,9.861265852254354,105.08920676455372,10.855570332213132,24.7748517734,41.208227,48PVS,15.768318,28.053635
2019-07-30_03-35-23,104.08464228812768,9.861265852254354,105.08920676455372,10.855570332213132,23.8803102113,41.460676,48PVS,20.492481,20.126142
2019-07-15_03-35-12,104.0834597409052,10.76577099881297,105.08948704583928,11.760133241240863,24.3921160261,42.205073,48PVT,31.672639,28.405628
2019-07-20_03-35-35,104.99972617172784,8.9570263808174,106.00139103412452,9.951498048371398,24.1616411863,43.595313,48PWR,19.118744,8.687536
2019-07-30_03-35-20,104.99972536932816,9.861014510703738,106.00427689411958,10.855571229031138,23.063681786,46.983702,48PWS,27.999106,5.277063
2019-08-19_03-35-38,103.58946906954915,8.95568626751191,104.17938983366636,9.950485237113282,23.1562636396,13.615372,48PUR,0.044012,8.875048
2019-08-19_03-35-50,104.08966492388936,8.052655568438503,105.0887172101058,9.04683266589854,22.4128058816,15.395443,48PVQ,4.202873,8.699735
2019-08-19_03-35-35,104.087272727106,8.95725437122164,105.0889503905584,9.9514972213457,22.2842456433,15.878842,48PVR,6.420197,6.589556
2019-08-19_03-35-47,104.999726884972,8.052450962132822,105.99876650307654,9.046833369621034,21.5486625826,18.052548,48PWQ,2.574364,10.571093
2019-08-14_03-35-10,104.0835110479179,10.76577099881297,105.08948704583928,11.760133223062796,22.4673810191,19.436233,48PVT,46.758059,5.233651
2019-08-19_03-35-03,104.99972447777296,10.765496068187831,106.00743126841935,11.760133988205896,21.2481745215,19.799995,48PWT,43.219253,7.534167
2019-08-19_03-35-24,103.78822857019372,9.860324323619317,104.17725512940856,10.854464395757088,23.0676615852,20.343253,48PUS,22.993976,6.385154
2019-08-12_03-45-34,103.17560623948354,8.953902438142253,104.03026244235652,9.95009188044924,21.4586008008,22.838015,48PUR,0.168433,10.791117
2019-08-19_03-35-21,104.08464228812768,9.861265852254354,105.08920676455372,10.855570332213132,22.1900400608,26.114612,48PVS,24.881443,6.57322
2019-08-19_03-35-06,104.08349740149129,10.76577099881297,105.08948704583928,11.76013321756836,22.1304097602,26.116638,48PVT,45.643118,14.309776
2019-08-19_03-35-00,105.91454112647963,10.762269193698964,106.92510452852471,11.758657843410626,20.366540807,26.886867,48PXT,44.821858,0.864829
2019-08-14_03-35-07,104.99972447777296,10.765496068187831,106.00743126841935,11.760133988205896,21.5949862462,27.216293,48PWT,35.424706,11.309826
2019-08-14_03-35-25,104.08464228812768,9.861265852254354,105.08920676455372,10.855570332213132,22.5913377742,28.941271,48PVS,25.141305,15.619616
2019-08-21_03-25-36,106.1082175244318,8.953454850958392,106.91356853559611,9.948864902693431,22.7623773434,29.025451,48PXR,4.12505,13.468727
2019-08-19_03-35-14,105.91193437545276,9.859038676687442,106.75574042117287,10.854211396475144,20.4360408586,29.990949,48PXS,36.016306,4.057096
2019-08-19_03-35-32,104.99972617172784,8.9570263808174,106.00139103412452,9.951498048371398,21.4127988061,32.963328,48PWR,21.615823,3.929093
2019-08-19_03-35-18,104.99972536932816,9.861014510703738,106.00427689411958,10.855571229031138,21.3125500639,33.444203,48PWS,30.302706,1.904029
2019-08-14_03-35-21,104.99972536932816,9.861014510703738,106.00427689411958,10.855571229031138,21.7259958734,38.051488,48PWS,29.649696,3.389379
2019-08-04_03-35-52,104.999726884972,8.052450962132822,105.99876650307654,9.046833369621034,23.2076920328,38.124993,48PWQ,1.480267,6.692078
2019-08-31_03-25-35,106.11148896986587,8.953454850958392,106.91356853559611,9.948856256166769,22.0483003387,40.698177,48PXR,1.316306,10.618062
2019-08-01_03-25-10,106.50217181390671,10.761188228150424,106.92510452852471,11.754936948177942,24.0738997804,41.90209,48PXT,34.805459,16.430961
2019-08-14_03-35-18,105.91193437545276,9.85903388934512,106.75740544146774,10.854211396475144,20.8625860383,42.689894,48PXS,34.909013,2.625491
2019-08-14_03-35-28,103.78768556482098,9.860322945927864,104.17725512940856,10.854464395757088,23.4576680593,44.902943,48PUS,24.488734,32.74408
2019-08-14_03-35-03,105.91454112647963,10.762258930143844,106.92510452852471,11.758657843410626,20.7239705667,46.18133,48PXT,31.663489,3.884103
2019-08-19_03-35-29,105.90956829950066,8.956012554219578,106.54854383784162,9.950253775617009,20.5428239052,48.928109,48PXR,18.263695,8.752155
2019-08-21_03-25-21,106.3075107005477,9.857075849513782,106.9190801917226,10.851786728288031,22.6918991506,49.041633,48PXS,17.756034,6.497677
2019-09-25_03-25-17,106.30970045644824,9.857075849513782,106.9190801917226,10.851778621833285,22.9679095678,6.430343,48PXS,40.983853,2.273327
2019-09-23_03-35-35,103.5998365238136,8.955724884241974,104.17938983366636,9.950485237113282,22.5195261015,15.377835,48PUR,0.046682,12.278879
2019-09-25_03-25-32,106.10820792477944,8.953454850958392,106.91356853559611,9.948856256166769,22.5115663125,15.425707,48PXR,6.817185,12.149684
2019-09-28_03-34-58,105.91454112647963,10.762259960274266,106.92510452852471,11.758657843410626,21.839039701,19.60729,48PXT,59.594023,2.190187
2019-09-23_03-35-44,104.999726884972,8.052450962132822,105.99876650307654,9.046833369621034,20.4752399109,21.559487,48PWQ,0.719098,17.164353
2019-09-23_03-35-15,104.99972536932816,9.861014510703738,106.00427689411958,10.855571229031138,21.3634895263,27.237796,48PWS,25.474256,2.653764
2019-09-28_03-35-02,104.99972447777296,10.765496068187831,106.00743126841935,11.760133988205896,22.5663021629,27.296413,48PWT,39.658636,22.222637
2019-09-23_03-35-29,104.99972617172784,8.9570263808174,106.00139103412452,9.951498048371398,20.9054495298,29.407806,48PWR,11.699442,7.495646
2019-09-23_03-35-47,104.08966492388936,8.052655568438503,105.0887172101058,9.04683266589854,21.2926291266,29.686988,48PVQ,0.265119,12.073878
2019-09-11_03-45-29,103.17560579945784,8.953902438142253,104.03527967242198,9.95010635211153,19.5874786232,31.190756,48PUR,0.169126,26.866421
2019-09-23_03-35-32,104.087272727106,8.95725437122164,105.0889503905584,9.9514972213457,21.7098040011,33.039824,48PVR,0.93725,7.448409
2019-09-23_03-35-18,104.08464228812768,9.861265852254354,105.08920676455372,10.855570332213132,22.1543984088,36.094753,48PVS,11.890007,5.180318
2019-09-05_03-25-31,106.1098518945494,8.953454850958392,106.91356853559611,9.94886062058682,21.8534864592,39.838193,48PXR,4.684668,11.35615
2019-09-23_03-35-00,104.99972447777296,10.765496068187831,106.00743126841935,11.760133988205896,21.8480982496,40.683208,48PWT,19.861016,15.548651
2019-09-23_03-35-26,105.90956829950066,8.955966199381608,106.5614017587459,9.950253775617009,20.1078714625,43.826392,48PXR,18.911536,8.643816
2019-09-23_03-34-56,105.91454112647963,10.762192149524266,106.92510452852471,11.758657843410626,21.0793114201,44.002293,48PXT,30.468684,1.418047
2019-09-28_03-35-31,104.99972617172784,8.9570263808174,106.00139103412452,9.951498048371398,21.4896709685,45.355798,48PWR,6.258152,2.840705
2019-09-23_03-35-11,105.91193437545276,9.858979958157532,106.768379353325,10.854211396475144,20.5801731052,45.863829,48PXS,28.093514,18.552101
2019-09-01_03-45-31,103.17560615147838,8.953902438142253,104.03354505809288,9.950101290354532,19.7650996896,46.416602,48PUR,0.050018,10.564277
2019-09-06_03-45-33,103.17560623948354,8.953902545847505,104.03956660621849,9.950118698803218,19.586044567,47.205755,48PUR,0.162834,40.408751
2019-09-28_03-35-27,105.90956829950066,8.956007964832308,106.54963813898743,9.950253775617009,20.7319809258,47.247456,48PXR,10.303085,1.01532
2019-10-03_03-35-45,104.999726884972,8.052450962132822,105.99876650307654,9.046833369621034,21.6874498823,4.465387,48PWQ,2.964542,0.810054
2019-10-13_03-35-45,104.999726884972,8.052450962132822,105.99876650307654,9.046833369621034,23.5402385582,8.712891,48PWQ,3.07426,3.295254
2019-10-03_03-35-04,104.08349394557824,10.76577099881297,105.08948704583928,11.76013322305257,24.1442074743,11.21649,48PVT,60.084969,3.981514
2019-10-11_03-45-19,103.17035103578527,9.85756950139428,104.17539276486532,10.854464395757088,23.9603512169,11.334293,48PUS,16.415343,3.714162
2019-10-03_03-35-12,105.91193437545276,9.85899233884972,106.76591009956398,10.854211396475144,22.1419401403,12.693882,48PXS,47.44809,1.862825
2019-10-13_03-35-49,104.08966492388936,8.052655568438503,105.0887172101058,9.04683266589854,24.1979750059,14.719848,48PVQ,3.478057,7.940402
2019-10-15_03-25-19,106.30313431292718,9.857075849513782,106.9190801917226,10.85180580072858,26.4286036441,14.797459,48PXS,39.161775,4.133844
2019-10-26_03-45-17,103.17035103578527,9.85756950139428,104.17549021408406,10.854464395757088,27.6867725404,15.909388,48PUS,16.622216,9.488693
2019-10-03_03-35-16,104.99972536932816,9.861014510703738,106.00427689411958,10.855571229031138,22.8412425631,15.982681,48PWS,30.139762,3.897453
2019-10-03_03-34-57,105.91454112647963,10.76221073461168,106.92510452852471,11.758657843410626,22.7632757306,17.27032,48PXT,52.508509,0.606406
2019-10-03_03-35-48,104.08966492388936,8.052655568438503,105.0887172101058,9.04683266589854,22.4287545877,18.176818,48PVQ,3.410533,7.62734
2019-10-03_03-35-01,104.99972447777296,10.765496068187831,106.00743126841935,11.760133988205896,23.4474551857,18.297545,48PWT,34.887919,3.678076
2019-10-03_03-35-22,103.79643528263848,9.860353584156504,104.17725512940856,10.854464395757088,24.2744519093,18.7059,48PUS,22.085948,8.517275
2019-10-08_03-35-46,104.999726884972,8.052450962132822,105.99876650307654,9.046833369621034,22.5405331902,19.561468,48PWQ,2.305994,8.761059
2019-10-13_03-35-37,103.59547546939108,8.955709720705537,104.17938983366636,9.950485237113282,25.5072831756,20.500087,48PUR,0.001992,14.205095
2019-10-16_03-45-18,103.17035103578527,9.85756950139428,104.17550564281088,10.854464395757088,25.1381476306,20.530088,48PUS,15.812823,11.223
2019-10-16_03-45-27,103.17560615147838,9.47294191162822,104.03984051240354,9.950119523960272,24.4209223658,20.951952,48PUR,0.033968,12.207925
2019-10-03_03-35-19,104.08464228812768,9.861265852254354,105.08920676455372,10.855570332213132,23.5526387307,21.012365,48PVS,26.371866,13.527554
2019-10-15_03-25-34,106.10439465718107,8.953454850958392,106.91356853559611,9.948882234722392,25.761850798,21.761756,48PXR,6.709924,12.194394
2019-10-13_03-35-05,104.08348021054016,10.76577099881297,105.08948704583928,11.760133245509548,26.1979201291,23.000991,48PVT,47.57809,0.112754
2019-10-13_03-34-58,105.91454112647963,10.76222095093901,106.92510452852471,11.758657843410626,24.98162566,23.260785,48PXT,49.77279,1.465303
2019-10-03_03-35-30,104.99972617172784,8.9570263808174,106.00139103412452,9.951498048371398,22.2543031228,24.214097,48PWR,18.006742,11.881749
2019-10-23_03-35-05,104.08343909404702,10.76577099881297,105.08948704583928,11.760133251660484,28.6095788339,24.348588,48PVT,49.356756,2.254935
2019-10-25_03-25-19,106.30203978174724,9.857075849513782,106.9190801917226,10.851813876349471,28.7811555362,24.529865,48PXS,37.196293,3.984135
2019-10-25_03-25-05,106.50107461142692,10.761188228150424,106.92510452852471,11.754943649420367,29.5179106313,25.138459,48PXT,45.404351,0.137309
2019-10-13_03-35-02,104.99972447777296,10.765496068187831,106.00743126841935,11.760133988205896,25.5821362693,26.089284,48PWT,29.187626,0.003958
2019-10-23_03-34-58,105.91454112647963,10.762228189782151,106.92510452852471,11.758657843410626,27.5351206814,27.858605,48PXT,39.53985,1.11028
2019-10-23_03-35-02,104.99972447777296,10.765496068187831,106.00743126841935,11.760133988205896,28.0641690799,28.32461,48PWT,31.382161,2.881815
2019-10-18_03-35-04,104.99972447777296,10.765496068187831,106.00743126841935,11.760133988205896,26.7868512032,28.435009,48PWT,38.434443,19.453429
2019-10-13_03-35-19,104.08464228812768,9.861265852254354,105.08920676455372,10.855570332213132,25.5175045266,28.810476,48PVS,21.352762,16.072658
2019-10-03_03-35-27,105.90956829950066,8.955976008338393,106.5586666298735,9.950253775617009,21.5395678281,28.871795,48PXR,22.330011,9.32467
2019-10-03_03-35-33,104.087272727106,8.95725437122164,105.0889503905584,9.9514972213457,22.9805665932,28.948012,48PVR,5.467872,19.487698
2019-10-03_03-35-36,103.59711617870776,8.955715888317377,104.17938983366636,9.950485237113282,23.716674884,29.235482,48PUR,0.061805,20.459978
2019-10-26_03-45-32,103.17560615147838,8.953902438142253,104.03856453228524,9.950115825917258,26.9170999914,30.440994,48PUR,0.035769,26.28679
2019-10-30_03-25-17,106.31134070082814,9.857075849513782,106.9190801917226,10.85176512648567,30.0345005407,30.613466,48PXS,32.405031,12.779854
2019-10-23_03-35-12,105.91193437545276,9.859008189584284,106.76342980326022,10.854211396475144,26.7713745687,32.016576,48PXS,31.320113,8.684911
2019-10-18_03-35-25,103.78494961500792,9.86031298044806,104.17725512940856,10.854464395757088,27.2573240211,32.334852,48PUS,16.501005,15.583286
2019-10-13_03-35-23,103.7953351479556,9.860349057903507,104.17725512940856,10.854464395757088,26.1602912098,33.391832,48PUS,19.161044,19.809274
2019-10-18_03-35-18,104.99972536932816,9.861014510703738,106.00427689411958,10.855571229031138,26.0603880921,34.323949,48PWS,26.777041,21.58251
2019-10-21_03-45-20,103.17035103578527,9.85756950139428,104.17537396666155,10.854464395757088,26.3823673428,35.061001,48PUS,14.70965,16.766247
2019-10-05_03-25-33,106.10603177650196,8.953454850958392,106.91356853559611,9.94887797008472,23.8545696892,35.205818,48PXR,4.389458,21.258776
2019-10-23_03-35-19,104.08464228812768,9.861265852254354,105.08920676455372,10.855570332213132,27.8689117383,36.119644,48PVS,18.674284,10.305516
2019-10-23_03-35-16,104.99972536932816,9.861014510703738,106.00427689411958,10.855571229031138,27.3119071691,36.959592,48PWS,23.243083,16.943395
2019-10-18_03-35-21,104.08464228812768,9.861265852254354,105.08920676455372,10.855570332213132,26.6516307266,37.112455,48PVS,18.114373,25.213662
2019-10-18_03-35-14,105.91193437545276,9.859051190954322,106.75285562143308,10.854211396475144,25.4851579704,37.246263,48PXS,33.24129,9.445724
2019-10-13_03-35-16,104.99972536932816,9.861014510703738,106.00427689411958,10.855571229031138,24.8882156886,39.029164,48PWS,18.960433,8.595332
2019-10-05_03-25-18,106.30477522271634,9.857075849513782,106.9190801917226,10.851800358829236,24.4318213904,44.817951,48PXS,24.77823,25.530168
2019-10-16_03-45-34,103.1761481763126,8.953902175291551,103.9696381637004,9.848282185365624,24.4209223658,45.407406,48PUR,0.000804,20.187478
2019-11-27_03-35-00,104.99972447777296,10.765496068187831,106.00743126841935,11.760133988205896,36.6484119932,0.566956,48PWT,59.16754,0.000833
2019-11-22_03-34-58,104.99972447777296,10.765496068187831,106.00743126841935,11.760133988205896,35.6107576225,1.720204,48PWT,57.431573,1.263865
2019-11-22_03-35-01,104.08369864211176,10.765771015142654,105.08948704583928,11.760133227210703,36.04394623,1.932896,48PVT,74.729037,1.303093
2019-11-22_03-34-54,105.91454112647963,10.76219933014795,106.92510452852471,11.758657843410626,35.192342279,2.526693,48PXT,71.066773,0.559644
2019-11-27_03-34-57,105.91454112647963,10.762246693481076,106.92510452852471,11.758657843410626,36.2346950714,3.703826,48PXT,69.348258,0.512106
2019-11-27_03-35-35,103.59274091114077,8.955697965390124,104.17938983366636,9.950485215661471,35.9041242689,3.941275,48PUR,0.049536,0.911213
2019-11-19_03-25-14,106.31516996499444,9.857075849513782,106.9190801917226,10.851748589397262,34.9093287831,8.041554,48PXS,43.090782,3.720489
2019-11-27_03-35-04,104.08343909404702,10.76577099881297,105.08948704583928,11.7601332509882,37.0764496838,8.046513,48PVT,63.361394,0.000317
2019-11-12_03-35-29,104.99972617172784,8.9570263808174,106.00139103412452,9.951498048371398,31.6484203578,8.653419,48PWR,31.32315,4.409207
2019-11-22_03-35-15,104.08464228812768,9.861265852254354,105.08920676455372,10.855570332213132,35.2305065368,9.363021,48PVS,34.346667,7.927147
2019-11-22_03-35-19,103.7991669555802,9.86036266078779,104.17725512940856,10.854464395757088,35.6850880845,10.54768,48PUS,33.802325,10.387236
2019-11-27_03-35-18,104.08464228812768,9.861265852254354,105.08920676455372,10.855570332213132,36.2601555413,10.592716,48PVS,31.363326,3.161224
2019-11-30_03-45-16,103.17035059577822,9.85756950139428,104.17545944530625,10.854464395757088,36.0828740047,11.291153,48PUS,21.610993,11.040083
2019-11-29_03-25-12,106.31954993479896,9.857075849513782,106.9190801917226,10.851726686001356,36.9897396228,11.482392,48PXS,41.410506,4.740014
2019-11-12_03-35-25,105.90956829950066,8.955978420822804,106.55784589123796,9.950253775617009,31.1936825146,11.949721,48PXR,33.740321,9.730691
2019-11-27_03-35-21,103.79205442823648,9.860337280429322,104.17725512940856,10.854464395757088,36.7088216404,12.566755,48PUS,21.658105,1.265101
2019-11-19_03-25-29,106.11640036774074,8.953454850958392,106.91356853559611,9.948836592256685,34.1128835102,12.728744,48PXR,10.035922,11.960959
2019-11-25_03-45-27,103.17560615147838,8.953902438142253,104.04531414233251,9.950135209927648,34.2808230406,15.270064,48PUR,0.143165,0.22592
2019-11-12_03-35-32,104.087272727106,8.95725437122164,105.0889503905584,9.9514972213457,32.1194097535,15.608246,48PVR,9.180242,5.844904
2019-11-22_03-35-23,105.90956829950066,8.955968162865673,106.56030811660544,9.950253775617009,33.5406843875,17.131319,48PXR,27.582505,6.589653
2019-11-30_03-45-30,103.17560615147838,8.953902438142253,104.03628278576284,9.950109236973526,35.2544620729,18.277001,48PUR,0.093549,14.098215
2019-11-22_03-35-12,104.99972536932816,9.861014510703738,106.00427689411958,10.855571229031138,34.7900516609,19.503843,48PWS,34.330824,2.840263
2019-11-12_03-35-11,105.91193437545276,9.858995740399878,106.7666890509543,10.854211396475144,32.0071774902,19.768409,48PXS,36.390805,2.35626
2019-11-22_03-35-09,105.91193437545276,9.858984920970146,106.7688647292434,10.854211396475144,34.3646780162,20.297821,48PXS,38.242051,1.49479
2019-11-17_03-35-31,104.99972617172784,8.9570263808174,106.00139103412452,9.951498048371398,32.8387928184,20.473306,48PWR,26.521853,3.137737
2019-11-22_03-35-30,104.087272727106,8.95725437122164,105.0889503905584,9.9514972213457,34.4214387217,21.530817,48PVR,6.12358,7.510336
2019-11-12_03-35-35,103.59711035116018,8.955715150512026,104.17938983366636,9.950485237113282,32.6055253801,21.793045,48PUR,0.045756,12.874267
2019-11-12_03-35-21,103.79616522222068,9.860352242267624,104.17725512940856,10.854464395757088,33.3930263233,22.519792,48PUS,13.956694,0.002135
2019-11-17_03-35-13,105.91193437545276,9.859042088024328,106.75732435457392,10.854211396475144,33.217435618,22.57033,48PXS,35.209343,0.882539
2019-11-27_03-35-33,104.087272727106,8.95725437122164,105.0889503905584,9.9514972213457,35.4479495608,22.856656,48PVR,2.584905,3.735953
2019-11-12_03-35-14,104.99972536932816,9.861014510703738,106.00427689411958,10.855571229031138,32.4535245944,23.173061,48PWS,21.161628,2.817238
2019-11-17_03-35-46,104.999726884972,8.052450962132822,105.99876650307654,9.046833369621034,32.0303059065,23.840263,48PWQ,3.082342,17.206585
2019-11-17_03-34-58,105.91454112647963,10.762269158953467,106.92510452852471,11.758657843410626,34.0414074999,24.490133,48PXT,39.646736,2.787176
2019-11-27_03-35-47,104.08966492388936,8.052655568438503,105.0887172101058,9.04683266589854,34.6391840441,24.659156,48PVQ,1.616428,6.531803
2019-11-17_03-35-02,104.99972447777296,10.765496068187831,106.00743126841935,11.760133988205896,34.4675827762,25.170826,48PWT,29.913825,0.041599
2019-11-12_03-35-43,104.999726884972,8.052450962132822,105.99876650307654,9.046833369621034,30.847568016,25.493592,48PWQ,2.308702,17.147979
2019-11-22_03-35-27,104.99972617172784,8.9570263808174,106.00139103412452,9.951498048371398,33.9733668338,25.660121,48PWR,22.995086,3.323486
2019-11-12_03-35-17,104.08464228812768,9.861265852254354,105.08920676455372,10.855570332213132,32.9158333714,26.460719,48PVS,13.768017,0.079094
2019-11-17_03-35-28,105.90956829950066,8.956012965386618,106.54772304823663,9.950253775617009,32.3974240198,27.676115,48PXR,27.599877,9.460781
2019-11-15_03-45-30,103.17560615147838,8.953902438142253,104.04148298634904,9.9501242423135,32.0329437801,28.176252,48PUR,0.17504,27.238017
2019-11-27_03-35-15,104.99972536932816,9.861014510703738,106.00427689411958,10.855571229031138,35.825201395,28.662347,48PWS,32.723475,2.527939
2019-11-17_03-35-17,104.99972536932816,9.861014510703738,106.00427689411958,10.855571229031138,33.6510144805,30.586033,48PWS,23.266704,1.742088
2019-11-17_03-35-49,104.08966492388936,8.052655568438503,105.0887172101058,9.04683266589854,32.4960183652,31.354796,48PVQ,4.063148,25.038663
2019-11-22_03-35-33,103.59929499325666,8.955723573710188,104.17938983366636,9.950485237113282,34.8839045911,33.697262,48PUR,0.053367,25.590023
2019-11-17_03-35-05,104.08346656411652,10.76577099881297,105.08948704583928,11.760133223062796,34.9090016017,34.001487,48PVT,36.841765,0.879356
2019-11-24_03-25-16,106.3080578005358,9.857075849513782,106.9190801917226,10.851786728288031,35.9869234114,34.911842,48PXS,28.468049,14.161374
2019-11-12_03-34-56,105.91454112647963,10.76221585487692,106.92510452852471,11.758657843410626,32.8251216899,36.424489,48PXT,31.523928,0.099897
2019-11-20_03-45-32,103.17560615147838,8.953902438142253,104.03163091292625,9.950095811601852,33.1917861125,36.462191,48PUR,0.058839,15.126394
2019-11-15_03-45-15,103.17035059577822,9.857569122165163,104.17553020463812,10.85335592535155,32.8519058298,37.033074,48PUS,8.026764,36.23496
2019-11-04_03-25-34,106.10275782072434,8.953454850958392,106.91356853559611,9.94888674406518,30.5207820113,37.043886,48PXR,5.069646,15.713303
2019-11-17_03-35-34,104.087272727106,8.95725437122164,105.0889503905584,9.9514972213457,33.2960176984,38.196768,48PVR,10.277501,22.847201
2019-11-12_03-35-47,104.08966492388936,8.052655568438503,105.0887172101058,9.04683266589854,31.3276718598,42.156107,48PVQ,2.589736,37.940812
2019-11-17_03-35-20,104.08464228812768,9.861265852254354,105.08920676455372,10.855570332213132,34.1001435505,43.794673,48PVS,14.432035,4.029214
2019-11-29_03-25-26,106.12076601862672,8.953454850958392,106.91356853559611,9.948816926819164,36.1861858154,44.994602,48PXR,5.001368,20.344257
2019-11-25_03-45-13,103.17035103578527,9.85756950139428,104.1755709932414,10.854464395757088,35.1078187676,45.878306,48PUS,7.26155,3.338846
2019-11-07_03-35-14,105.91193437545276,9.85905283008415,106.752467204522,10.854211396475144,30.7263608212,48.770887,48PXS,15.86813,8.073466
2019-12-19_03-25-26,106.11640063690112,8.953454850958392,106.91356853559611,9.948832281762815,38.9626374186,0.163106,48PXR,7.11401,0.061677
2019-12-07_03-35-19,103.79698044554158,9.860355528146266,104.17725512940856,10.854464395757088,38.4565867178,0.212723,48PUS,33.393618,0.0
2019-12-10_03-45-13,103.17035059577822,9.85756950139428,104.17553791900347,10.854464395757088,37.6790495639,0.483488,48PUS,21.308516,0.415923
2019-12-10_03-45-27,103.17560615147838,8.953902438142253,104.0423031232299,9.950126552463011,36.8525267679,0.827224,48PUR,0.15939,0.825964
2019-12-09_03-25-10,106.31845253106562,9.857075849513782,106.9190801917226,10.85173210412559,38.6407945228,1.015354,48PXS,43.448043,0.002467
2019-12-07_03-35-01,104.08365105678708,10.76577099881297,105.08948704583928,11.76013322305257,38.8259981785,1.782177,48PVT,64.990997,1.139993
2019-12-17_03-34-55,104.99972447777296,10.765496068187831,106.00743126841935,11.760133988205896,39.6115157918,1.811594,48PWT,53.94336,1.439966
2019-12-20_03-45-25,103.17560615147838,8.953902438142253,104.04859879534207,9.95014448834807,37.8930966613,1.920128,48PUR,0.159314,0.0
2019-12-24_03-25-25,106.12349475685264,8.953454850958392,106.91356853559611,9.948806106841388,39.3109154656,2.058419,48PXR,5.609218,1.995862
2019-12-14_03-25-11,106.31899957068454,9.857075849513782,106.9190801917226,10.851726686001356,39.2688466189,2.700319,48PXS,41.856828,1.625435
2019-12-24_03-25-10,106.3217382935138,9.857075849513782,106.9190801917226,10.85171014844617,40.1022764798,4.813139,48PXS,39.974606,3.988273
2019-12-02_03-34-58,104.0836032942521,10.76577099881297,105.08948704583928,11.760133258770017,38.0193067424,5.057686,48PVT,68.107432,3.939907
2019-12-30_03-45-26,103.17560615147838,8.953902438142253,104.04668160884768,9.95013907376918,38.3147328949,5.209179,48PUR,0.166784,1.3e-05
2019-12-17_03-34-51,105.91454112647963,10.762185966098617,106.92510452852471,11.758657843410626,39.1852937793,5.894643,48PXT,65.684205,5.655329
2019-12-14_03-25-26,106.1202232901969,8.953454850958392,106.91356853559611,9.948819090254858,38.4680279902,6.000078,48PXR,6.635111,1.31936
2019-12-22_03-34-59,104.08367826105828,10.76577099881297,105.08948704583928,11.760133250362584,40.4393352407,6.008348,48PVT,40.515566,3.979928
2019-12-07_03-34-58,104.99972447777296,10.765496068187831,106.00743126841935,11.760133988205896,38.3980584008,6.083719,48PWT,51.640713,0.00359
2019-12-17_03-34-58,104.08357600138228,10.76577099881297,105.08948704583928,11.760133230409084,40.0503981507,7.754105,48PVT,42.156103,1.790874
2019-12-25_03-45-26,103.17560615147838,8.953902438142253,104.0436701173246,9.950130458258387,38.1816445809,7.984616,48PUR,0.155953,0.0
2019-12-02_03-35-13,104.08464228812768,9.861265852254354,105.08920676455372,10.855570332213132,37.202178468,8.726435,48PVS,34.535721,8.508572
2019-12-02_03-35-16,103.80354583007488,9.860378858759448,104.17725512940856,10.854464395757088,37.6488759042,9.406698,48PUS,33.366016,9.23678
2019-12-22_03-35-17,103.7986198383845,9.860360720752189,104.17725512940856,10.854464395757088,40.0985577841,9.465907,48PUS,19.678015,2.167792
2019-12-07_03-34-54,105.91454112647963,10.762218928454722,106.92510452852471,11.758657843410626,37.9835547807,10.373294,48PXT,61.80988,0.072981
2019-12-05_03-45-25,103.17560623948354,8.953902545847505,104.0494189740035,9.95014686420018,36.126224578,10.389878,48PUR,0.173283,10.386036
2019-12-17_03-35-06,105.91193437545276,9.858970765420688,106.77111585049045,10.854211396475144,38.3616220451,10.804762,48PXS,61.614311,4.41858
2019-12-22_03-35-30,103.59929084326754,8.955722796515225,104.17938983366636,9.950485237113282,39.3027954152,10.995936,48PUR,0.049152,10.7721
2019-12-27_03-34-51,105.91454112647963,10.762179838988128,106.92510452852471,11.758657843410626,39.7705521941,11.095902,48PXT,56.387389,0.775135
2019-12-22_03-35-39,104.999726884972,8.052450962132822,105.99876650307654,9.046833369621034,37.5631743877,11.427192,48PWQ,3.780356,10.895236
2019-12-07_03-35-33,103.59711035116018,8.955715150512026,104.17938983366636,9.950485237113282,37.6507696497,12.45031,48PUR,0.051623,12.448473
2019-12-20_03-45-10,103.17035112378667,9.85756950139428,104.17560362413242,10.854464395757088,38.7124494577,12.525436,48PUS,8.840647,0.000694
2019-12-17_03-35-09,104.99972536932816,9.861014510703738,106.00427689411958,10.855571229031138,38.793906215,12.774969,48PWS,60.798651,5.186264
2019-12-15_03-45-11,103.17035059577822,9.85756950139428,104.17556186014008,10.854464395757088,38.271305981,13.078458,48PUS,18.897325,12.095904
2019-12-22_03-35-10,104.99972536932816,9.861014510703738,106.00427689411958,10.855571229031138,39.1786474556,14.118815,48PWS,56.488991,1.899241
2019-12-22_03-35-24,104.99972617172784,8.9570263808174,106.00139103412452,9.951498048371398,38.3694115858,15.737609,48PWR,33.349955,7.896938
2019-12-05_03-45-10,103.17035059577822,9.857569122165163,104.17561231388184,10.854464613739577,36.9542446795,15.783579,48PUS,18.902567,14.862087
2019-12-29_03-25-26,106.11640063690112,8.953454850958392,106.91356853559611,9.948832281762815,39.5040517641,16.418613,48PXR,3.408296,2.397801
2019-12-29_03-25-11,106.31571708559842,9.857075849513782,106.9190801917226,10.851745844009663,40.2886060507,16.429173,48PXS,26.053831,1.148981
2019-12-25_03-45-11,103.17035103578527,9.85756950139428,104.17555467779866,10.854464395757088,38.9956060656,17.473905,48PUS,10.652766,0.000588
2019-12-22_03-35-42,104.08966492388936,8.052655568438503,105.0887172101058,9.04683266589854,38.0308137645,17.851995,48PVQ,4.526097,16.63813
2019-12-12_03-35-38,104.999726884972,8.052450962132822,105.99876650307654,9.046833369621034,36.6266289379,19.073411,48PWQ,0.837608,2.475997
2019-12-22_03-34-52,105.91454112647963,10.762199258584028,106.92510452852471,11.758657843410626,39.5561877726,19.312739,48PXT,47.404769,6.883412
2019-12-09_03-25-25,106.11967464164282,8.953454850958392,106.91356853559611,9.948821330538587,37.8375243571,19.391359,48PXR,7.518104,13.293082
2019-12-22_03-35-21,105.90956829950066,8.95596853371543,106.56012576853024,9.950253775617009,37.9215229006,20.233649,48PXR,20.022105,9.017489
2019-12-30_03-45-11,103.17035112378667,9.85756950139428,104.17558056969774,10.854464395757088,39.1219791824,21.696291,48PUS,14.116164,2.076342
2019-12-07_03-35-15,104.08464228812768,9.861265852254354,105.08920676455372,10.855570332213132,38.0093103805,22.166522,48PVS,28.718027,0.357899
2019-12-12_03-35-20,105.90956829950066,8.955962636890073,106.56222278078974,9.950253775617009,37.00954026,22.483152,48PXR,15.583935,0.024446
2019-12-22_03-34-55,104.99972447777296,10.765496068187831,106.00743126841935,11.760133988205896,39.9915976059,22.70463,48PWT,33.904254,2.448708
2019-12-22_03-35-06,105.91193437545276,9.858984872853286,106.7688647292434,10.854211396475144,38.737137939,24.021374,48PXS,40.404069,0.828423
2019-12-27_03-35-30,103.6052909814864,8.955745444859188,104.17938983366636,9.950485237113282,39.5624515588,25.160654,48PUR,0.004056,8.495338
2019-12-15_03-45-25,103.17560615147838,8.953902438142253,104.044492393175,9.950132821826111,37.4477439415,25.310236,48PUR,0.059466,13.329245
2019-12-12_03-34-51,105.91454112647963,10.762189047431372,106.92510452852471,11.758657843410626,38.660414325,26.348969,48PXT,49.644202,12.393665
2019-12-19_03-25-11,106.31571717540822,9.857075849513782,106.9190801917226,10.851746147619204,39.7594625824,26.722736,48PXS,26.794431,0.298502
2019-12-02_03-34-55,104.99972447777296,10.765496068187831,106.00743126841935,11.760133988205896,37.5925389595,27.997871,48PWT,43.293872,27.03802
2019-12-22_03-35-13,104.08464228812768,9.861265852254354,105.08920676455372,10.855570332213132,39.6327325463,28.758981,48PVS,25.050879,20.769718
2019-12-17_03-35-12,104.08464228812768,9.861265852254354,105.08920676455372,10.855570332213132,39.2391171679,28.970489,48PVS,24.736699,4.28981
2019-12-02_03-35-10,104.99972536932816,9.861014510703738,106.00427689411958,10.855571229031138,36.7687537725,29.062913,48PWS,42.786276,26.403937
2019-12-22_03-35-28,104.087272727106,8.95725437122164,105.0889503905584,9.9514972213457,38.830123899,29.603469,48PVR,8.684798,24.80595
2019-12-12_03-35-06,105.91193437545276,9.858976645710674,106.77109208993654,10.854211396475144,37.8333473114,35.690362,48PXS,24.629997,3.391164
2019-12-27_03-35-06,105.91193437545276,9.8589665337688,106.77221693893082,10.854211396475144,38.9573342651,36.368134,48PXS,29.78231,1.284355
2019-12-27_03-34-55,104.99972447777296,10.765496068187831,106.00743126841935,11.760133988205896,40.2172600583,37.672619,48PWT,17.219207,0.049505
2019-12-27_03-35-16,103.8040890761586,9.860380159413314,104.17725512940856,10.854464395757088,40.3519708723,38.450364,48PUS,9.306286,4.83546
2019-12-02_03-35-27,104.087272727106,8.95725437122164,105.0889503905584,9.9514972213457,36.3889980166,38.628824,48PVR,4.922508,22.689179
2019-12-27_03-35-27,104.087272727106,8.95725437122164,105.0889503905584,9.9514972213457,39.0789759875,39.211628,48PVR,2.755575,9.306061
2019-12-17_03-35-16,103.80300064065447,9.860377598114006,104.17725512940856,10.854464395757088,39.6964190841,39.620787,48PUS,21.833616,0.140131
2019-12-27_03-35-39,104.999726884972,8.052450962132822,105.99876650307654,9.046833369621034,37.8071540799,40.029545,48PWQ,0.414856,10.385619
2019-12-27_03-35-42,104.08966492388936,8.052655568438503,105.0887172101058,9.04683266589854,38.2860091267,42.035045,48PVQ,2.089061,4.540108
2019-12-27_03-35-10,104.99972536932816,9.861014510703738,106.00427689411958,10.855571229031138,39.4102319407,42.533759,48PWS,25.843099,0.412165
2019-12-02_03-35-30,103.60420584672111,8.955742707158489,104.17938983366636,9.950485237113282,36.8429242978,42.898734,48PUR,0.054121,26.214388
2019-12-27_03-35-13,104.08464228812768,9.861265852254354,105.08920676455372,10.855570332213132,39.8753915353,44.907654,48PVS,8.517818,3.491213
2019-12-27_03-34-58,104.08363058712727,10.76577099881297,105.08948704583928,11.760133239936964,40.6759933721,45.594642,48PVT,8.116356,0.000525
2019-12-12_03-35-30,103.6009319534486,8.955729621617122,104.17938983366636,9.950485237113282,38.3445066904,46.791441,48PUR,0.03332,38.966304
2019-12-07_03-35-30,104.087272727106,8.95725437122164,105.0889503905584,9.9514972213457,37.1964619259,47.668857,48PVR,1.478349,4.951924
2020-01-21_03-35-12,104.08464228812768,9.861265852254354,105.08920676455372,10.855570332213132,38.7196741957,0.052349,48PVS,33.424771,0.0
2020-01-21_03-35-15,103.80135341261064,9.860370493297234,104.17725512940856,10.854464395757088,39.2740215443,0.097912,48PUS,31.980228,0.0
2020-01-21_03-34-50,105.91454112647963,10.762184917912878,106.92510452852471,11.758657843410626,38.4077624864,0.107719,48PXT,64.092147,0.0
2020-01-21_03-34-54,104.99972447777296,10.765496068187831,106.00743126841935,11.760133988205896,38.9335479232,0.132534,48PWT,42.209351,0.0
2020-01-21_03-35-05,105.91193437545276,9.858973253585978,106.77002538767546,10.854211396475144,37.6422776158,0.152665,48PXS,71.756589,0.0
2020-01-21_03-34-57,104.08369190750248,10.765771015142654,105.08948704583928,11.76013323540142,39.4702654277,0.156719,48PVT,31.981155,0.000211
2020-01-14_03-45-25,103.17560615147838,8.953902438142253,104.04403492301364,9.950131533520144,37.7475619291,0.164731,48PUR,0.171394,0.114548
2020-01-16_03-34-51,105.91454112647963,10.762181843545871,106.92510452852471,11.758657843410626,38.9952374293,0.200839,48PXT,58.255488,0.037344
2020-01-06_03-35-09,104.99972536932816,9.861014510703738,106.00427689411958,10.855571229031138,39.3904541525,0.201463,48PWS,80.900055,0.014383
2020-01-06_03-34-51,105.91454112647963,10.762178719031022,106.92510452852471,11.758657843410626,39.7075596626,0.23862,48PXT,69.653815,6.4e-05
2020-01-21_03-35-09,104.99972536932816,9.861014510703738,106.00427689411958,10.855571229031138,38.1754455464,0.292856,48PWS,76.741588,0.0
2020-01-21_03-35-41,104.08966492388936,8.052655568438503,105.0887172101058,9.04683266589854,37.2359318204,0.308267,48PVQ,4.48249,0.006934
2020-01-21_03-35-38,104.999726884972,8.052450962132822,105.99876650307654,9.046833369621034,36.6758176564,0.471913,48PWQ,3.202727,0.015382
2020-01-21_03-35-20,105.90956829950066,8.955958960362501,106.56286100599615,9.950253775617009,36.8821998547,0.539843,48PXR,32.072863,4.9e-05
2020-01-16_03-34-55,104.99972447777296,10.765496068187831,106.00743126841935,11.760133988205896,39.502683552,0.599361,48PWT,40.186158,0.0393
2020-01-06_03-34-55,104.99972447777296,10.765496068187831,106.00743126841935,11.760133988205896,40.181868619,0.664815,48PWT,54.769033,0.53688
2020-01-16_03-34-58,104.08374286014671,10.765771015142654,105.08948704583928,11.760133230409084,40.0212451713,0.939921,48PVT,30.498543,0.000281
2020-01-06_03-35-16,103.804092967234,9.860380871881532,104.17725512940856,10.854464395757088,40.3864012661,1.030159,48PUS,31.977394,0.966732
2020-01-06_03-35-06,105.91193437545276,9.858969937293567,106.77221225879846,10.854211396475144,38.9096200142,1.495212,48PXS,72.407806,0.046642
2020-01-21_03-35-26,104.087272727106,8.95725437122164,105.0889503905584,9.9514972213457,37.9750655953,1.718475,48PVR,10.037601,0.118852
2020-01-16_03-35-12,104.08464228812768,9.861265852254354,105.08920676455372,10.855570332213132,39.2578216196,1.79375,48PVS,32.00981,0.0
2020-01-01_03-35-10,104.99972536932816,9.861014510703738,106.00427689411958,10.855571229031138,39.4801321707,2.201802,48PWS,78.290981,1.927522
2020-01-21_03-35-23,104.99972617172784,8.9570263808174,106.00139103412452,9.951498048371398,37.4230421946,2.224731,48PWR,40.254718,6.6e-05
2020-01-06_03-34-58,104.08374622745256,10.765771015142654,105.08948704583928,11.760133232768643,40.6676984766,2.436446,48PVT,38.930115,2.224532
2020-01-16_03-35-27,104.087272727106,8.95725437122164,105.0889503905584,9.9514972213457,38.4998446564,2.810193,48PVR,8.54538,0.0
2020-01-01_03-34-52,105.91454112647963,10.762203499081682,106.92510452852471,11.758657843410626,39.8203003737,3.669449,48PXT,68.609285,3.511098
2020-01-01_03-34-56,104.99972447777296,10.765496068187831,106.00743126841935,11.760133988205896,40.2799940847,3.795155,48PWT,54.055929,3.483679
2020-01-06_03-35-24,104.99972617172784,8.9570263808174,106.00139103412452,9.951498048371398,38.6034204638,3.838127,48PWR,46.197689,3.640367
2020-01-16_03-35-09,104.99972536932816,9.861014510703738,106.00427689411958,10.855571229031138,38.7320505842,4.235825,48PWS,74.704862,3.245281
2020-01-01_03-34-59,104.08358964781654,10.76577099881297,105.08948704583928,11.760133252461738,40.751445811,4.28967,48PVT,38.911423,2.417782
2020-01-01_03-35-21,105.90956829950066,8.955972086889211,106.55948737166284,9.950253775617009,38.2117414714,4.361422,48PXR,29.329675,4.112536
2020-01-06_03-35-30,103.6042017848778,8.955741302870846,104.17938983366636,9.950485237113282,39.6135399578,4.474428,48PUR,0.051287,3.164991
2020-01-16_03-35-05,105.91193437545276,9.858971367383694,106.77057457850012,10.854211396475144,38.2175468944,5.296144,48PXS,62.825465,5.047291
2020-01-13_03-25-10,106.32064123723325,9.857075849513782,106.9190801917226,10.85171842258799,39.9059903993,6.654881,48PXS,39.621088,5.363657
2020-01-26_03-35-40,104.08966492388936,8.052655568438503,105.0887172101058,9.04683266589854,36.5867339309,6.869864,48PVQ,3.019097,0.376634
2020-01-04_03-45-26,103.17560579945784,8.953902175291551,104.0431241508044,9.95012910171576,38.2850926816,6.95659,48PUR,0.172817,1.251024
2020-01-18_03-25-23,106.18728702399612,9.143114392979587,106.91356853559611,9.948828158228167,38.7267451161,7.017459,48PXR,6.606932,0.442436
2020-01-21_03-35-29,103.60175410561476,8.955732430495507,104.17938983366636,9.950485237113282,38.5373008903,7.14236,48PUR,0.052276,7.071884
2020-01-16_03-35-20,105.90956829950066,8.955956363189326,106.56331760164248,9.950253775617009,37.4447531666,7.673945,48PXR,28.149208,6.104918
2020-01-09_03-45-11,103.17035103578527,9.85756950139428,104.1755906781802,10.854464395757088,38.8858701172,8.742685,48PUS,17.833698,1.333526
2020-01-26_03-35-29,103.60556904374492,8.95574677776997,104.17938983366636,9.950485237113282,37.892032382,8.812157,48PUR,0.027179,0.189975
2020-01-18_03-25-10,106.31681447458084,9.857075849513782,106.9190801917226,10.851737605629635,39.4694536507,8.843161,48PXS,23.106007,0.0
2020-01-26_03-34-50,105.91454112647963,10.762169444109368,106.92510452852471,11.758657843410626,37.6748179672,9.020939,48PXT,58.312595,0.00779
2020-01-16_03-35-30,103.6042017848778,8.955741302870846,104.17938983366636,9.950485237113282,39.043575734,9.068563,48PUR,0.041232,0.09898
2020-01-01_03-35-13,104.08464228812768,9.861265852254354,105.08920676455372,10.855570332213132,39.9581302207,9.266041,48PVS,33.891961,8.612204
2020-01-06_03-35-27,104.087272727106,8.95725437122164,105.0889503905584,9.9514972213457,39.1029727188,9.272789,48PVR,11.193135,8.973885
2020-01-26_03-35-26,104.087272727106,8.95725437122164,105.0889503905584,9.9514972213457,37.3101678662,9.66608,48PVR,6.51907,0.530151
2020-01-23_03-25-09,106.32228228832858,9.857075849513782,106.9190801917226,10.851712909331235,38.8879599074,9.919141,48PXS,28.427792,0.020109
2020-01-01_03-35-17,103.79752755609054,9.860357471058176,104.17725512940856,10.854464395757088,40.4472493595,10.195145,48PUS,26.720744,6.282064
2020-01-16_03-35-24,104.99972617172784,8.9570263808174,106.00139103412452,9.951498048371398,37.9665903196,10.200365,48PWR,37.983131,3.652108
2020-01-26_03-34-57,104.08371228855796,10.765771015142654,105.08948704583928,11.760133232945911,38.7759076719,10.35327,48PVT,26.677564,1.113565
2020-01-26_03-35-04,105.91193437545276,9.858964047195071,106.77549737583232,10.854211396475144,36.9230430035,10.647814,48PXS,59.831965,0.008697
2020-01-14_03-45-11,103.17035112378667,9.857569570335816,104.17555609653274,10.854464395757088,38.5270643649,10.831091,48PUS,12.721923,0.56576
2020-01-01_03-35-39,104.999726884972,8.052450962132822,105.99876650307654,9.046833369621034,37.8920567113,11.141493,48PWQ,2.488857,9.077007
2020-01-06_03-35-13,104.08464228812768,9.861265852254354,105.08920676455372,10.855570332213132,39.8830039463,11.214438,48PVS,34.349775,11.091805
2020-01-26_03-35-37,104.999726884972,8.052450962132822,105.99876650307654,9.046833369621034,36.0063894903,11.341243,48PWQ,2.305888,5.192375
2020-01-01_03-35-28,104.087272727106,8.95725437122164,105.0889503905584,9.9514972213457,39.1692051059,11.819473,48PVR,11.901782,11.400314
2020-01-06_03-35-42,104.08966492388936,8.052655568438503,105.0887172101058,9.04683266589854,38.3269984305,12.825737,48PVQ,5.482935,12.770943
2020-01-06_03-35-21,105.90956829950066,8.955956174412572,106.5635912178151,9.950253775617009,38.1157799612,12.863257,48PXR,26.350179,5.130723
2020-01-29_03-45-24,103.17560623948354,8.953902438142253,104.04805068338094,9.950142930806187,35.8230630285,13.08381,48PUR,0.051643,2.647769
2020-01-26_03-35-19,105.90956829950066,8.955952148318618,106.56468595575824,9.950253775617009,36.1772751674,13.888299,48PXR,22.26215,2.151418
2020-01-01_03-35-25,104.99972617172784,8.9570263808174,106.00139103412452,9.951498048371398,38.6843798711,13.957921,48PWR,42.127308,10.662571
2020-01-01_03-35-06,105.91193437545276,9.85898830636664,106.76700756230622,10.854211396475144,39.014107409,14.207622,48PXS,64.205247,10.060217
2020-01-16_03-35-16,103.80354220431478,9.860379457357237,104.17725512940856,10.854464395757088,39.7939458493,15.112821,48PUS,17.812029,0.0
2020-01-16_03-35-41,104.08966492388936,8.052655568438503,105.0887172101058,9.04683266589854,37.7467932864,15.884901,48PVQ,2.25477,1.035139
2020-01-26_03-35-23,104.99972617172784,8.9570263808174,106.00139103412452,9.951498048371398,36.7382483331,16.272807,48PWR,31.498897,0.098338
2020-01-01_03-35-31,103.5982037272284,8.955719313973459,104.17938983366636,9.950485237113282,39.6653363198,16.446561,48PUR,0.051225,13.332799
2020-01-23_03-25-24,106.12349457740586,8.953454850958392,106.91356853559611,9.948805941867366,38.1596176071,17.382002,48PXR,4.216336,0.126267
2020-01-04_03-45-11,103.17035103578527,9.85756950139428,104.1755445693188,10.854464395757088,39.0844210775,17.480769,48PUS,13.977396,15.332665
2020-01-26_03-35-15,103.80464603168048,9.86038347375408,104.17725512940856,10.854464395757088,38.6133919886,18.371858,48PUS,17.956199,0.216445
2020-01-26_03-34-54,104.99972447777296,10.765496068187831,106.00743126841935,11.760133988205896,38.2199840187,18.78385,48PWT,31.569976,0.153613
2020-01-01_03-35-42,104.08966492388936,8.052655568438503,105.0887172101058,9.04683266589854,38.3840002593,18.967249,48PVQ,1.894204,13.075401
2020-01-26_03-35-08,104.99972536932816,9.861014510703738,106.00427689411958,10.855571229031138,37.4759582618,19.478644,48PWS,56.936198,0.690665
2020-01-24_03-45-09,103.17035059577822,9.85756950139428,104.17558588995158,10.854464395757088,37.3580939861,21.41748,48PUS,18.498881,20.946242
2020-01-24_03-45-24,103.17560615147838,8.953902438142253,104.04677409670089,9.950139346491756,36.6042626838,22.351687,48PUR,0.139058,22.19611
2020-01-26_03-35-11,104.08464228812768,9.861265852254354,105.08920676455372,10.855570332213132,38.0397321163,23.208964,48PVS,21.972458,4.28921
2020-01-29_03-45-09,103.17035112378667,9.85756950139428,104.17560176204331,10.854464395757088,36.5615982865,23.741877,48PUS,12.154461,12.169255
2020-01-16_03-35-38,104.999726884972,8.052450962132822,105.99876650307654,9.046833369621034,37.2057494331,24.231552,48PWQ,1.640645,8.507198
2020-01-13_03-25-25,106.12240345439317,8.953454850958392,106.91356853559611,9.948812518733186,39.15057321,27.988044,48PXR,4.481445,26.707852
2020-01-06_03-35-38,104.999726884972,8.052450962132822,105.99876650307654,9.046833369621034,37.8201534317,28.929409,48PWQ,3.472503,13.35043
2020-01-28_03-25-23,106.12022059854036,8.953454850958392,106.91356853559611,9.948816926819164,37.4579814669,29.642959,48PXR,2.273973,0.0015
2020-01-08_03-25-26,106.11749181619813,8.953454850958392,106.91356853559611,9.948830046936456,39.4238984679,30.93872,48PXR,3.490965,9.483677
2020-01-28_03-25-09,106.31954670158508,9.857075849513782,106.9190801917226,10.851729356521451,38.1701564674,35.532879,48PXS,19.042574,0.000376
2020-01-09_03-45-25,103.17560579945784,8.953902438142253,104.04722891812644,9.950140634033,38.0957812483,36.94378,48PUR,0.011973,3.919458
2020-01-11_03-35-21,105.90956829950066,8.955966196636627,106.5612201290626,9.950253775617009,37.8576296705,47.898633,48PXR,17.603676,38.302222
2020-02-23_03-45-20,103.17448470705348,9.857569125640277,104.03869873819828,10.14641866303799,30.9346260444102,0.000492,48PUS,0.062304,0.0
2020-02-23_03-45-28,103.17560579945784,8.953902175291551,104.03827521489455,9.949854890631538,30.3049375236547,0.002985,48PUR,0.157939,0.0
2020-02-23_03-45-20,103.2615027884429,9.754661669063331,104.0442195409232,9.950132080689974,30.3049375236547,0.003209,48PUR,0.2618,0.0
2020-02-20_03-35-44,104.08966492388936,8.052655568438503,105.0887172101058,9.04683266589854,31.6582213262243,0.033258,48PVQ,3.587082,0.0
2020-02-20_03-35-40,104.999726884972,8.052450962132822,105.99876650307654,9.046833369621034,30.9635037215633,0.056921,48PWQ,2.506803,0.0
2020-02-20_03-34-57,104.99972447777296,10.765496068187831,106.00743126841935,11.760133988205896,32.8644498658014,0.112737,48PWT,31.407934,0.002007
2020-02-20_03-34-53,105.91454112647963,10.762192149524266,106.92510452852471,11.758657843410626,32.2098969949338,0.117261,48PXT,65.672964,0.001536
2020-02-22_03-25-25,106.1218603625372,8.953454850958392,106.91356853559611,9.948810356503262,32.3244119469677,0.134644,48PXR,5.972344,0.106919
2020-02-25_03-34-55,104.99972447777296,10.765496068187831,106.00743126841935,11.760133988205896,31.554908515244,0.135739,48PWT,27.956602,0.000299
2020-02-25_03-34-52,105.91454112647963,10.762184938520477,106.92510452852471,11.758657843410626,30.8758901907824,0.192591,48PXT,63.5593,0.000369
2020-02-22_03-25-11,106.32118792348426,9.857075849513782,106.9190801917226,10.85171842258799,32.9232352464919,0.556869,48PXS,38.769782,8.9e-05
2020-02-25_03-35-10,104.99972536932816,9.861014510703738,106.00427689411958,10.855571229031138,30.9375419959649,0.60605,48PWS,52.931362,0.000133
2020-02-15_03-34-57,104.08369864211176,10.76577099881297,105.08948704583928,11.760133262664182,34.7703927898,0.60606,48PVT,28.04226,0.000236
2020-02-05_03-34-48,105.91454112647963,10.762164319883375,106.92510452852471,11.758657843410626,35.8126505815,0.607186,48PXT,67.285019,0.426181
2020-02-25_03-34-59,104.08367489375408,10.76577099881297,105.08948704583928,11.760133258770017,32.243084321665,0.697617,48PVT,20.247723,0.000535
2020-02-25_03-35-13,104.08464228812768,9.861265852254354,105.08920676455372,10.855570332213132,31.6360946330188,0.737015,48PVS,22.106928,3e-06
2020-02-20_03-35-08,105.91193437545276,9.858977472876518,106.76892800009269,10.854211396475144,31.5547230048518,0.888712,48PXS,63.007039,0.748638
2020-02-20_03-35-22,105.90956829950066,8.955965405963445,106.5619497058644,9.950253775617009,30.9107583476007,0.934469,48PXR,27.496472,0.307303
2020-02-15_03-35-26,104.087272727106,8.95725437122164,105.0889503905584,9.9514972213457,33.4609084092,0.935229,48PVR,8.010259,0.252939
2020-02-25_03-35-06,105.91193437545276,9.85897385080298,106.7700259276854,10.854211396475144,30.2479534378207,1.230109,48PXS,58.331901,9e-06
2020-02-20_03-35-00,104.08369864211176,10.765771015142654,105.08948704583928,11.760133236540826,33.5285780028842,1.570952,48PVT,20.781879,0.000614
2020-02-05_03-34-55,104.08377343174216,10.76577099881297,105.08948704583928,11.760133262664182,36.9962518895,1.733131,48PVT,26.580587,1.459936
2020-02-20_03-35-26,104.99972617172784,8.9570263808174,106.00139103412452,9.951498048371398,31.5857539934131,2.138188,48PWR,36.297268,0.061407
2020-02-23_03-45-13,103.17035103578527,9.859610248890268,104.1755585793174,10.854464395757088,30.9346260444102,2.55868,48PUS,17.898303,0.108177
2020-02-15_03-35-37,104.999726884972,8.052450962132822,105.99876650307654,9.046833369621034,32.1511184198,3.287375,48PWQ,2.639139,0.318383
2020-02-20_03-35-18,103.80026314210772,9.860366620771634,104.17725512940856,10.854464395757088,33.5758747714689,4.04574,48PUS,27.509651,6.3e-05
2020-02-15_03-34-54,104.99972447777296,10.765496068187831,106.00743126841935,11.760133988205896,34.129342851,4.505752,48PWT,32.163975,0.000401
2020-02-05_03-35-07,104.99972536932816,9.861014510703738,106.00427689411958,10.855571229031138,35.688546115,4.94141,48PWS,74.764222,4.571657
2020-02-25_03-35-17,103.80299480408868,9.86037629766678,104.17725512940856,10.854464395757088,32.342427507818,5.457699,48PUS,27.76767,0.0
2020-02-25_03-35-24,104.99972617172784,8.9570263808174,106.00139103412452,9.951498048371398,30.333182467692,5.569824,48PWR,34.023115,5.3e-05
2020-02-27_03-25-13,106.3162655548246,9.857075849513782,106.9190801917226,10.85174309742994,31.6549882282701,6.298057,48PXS,36.591065,5.815538
2020-02-25_03-35-21,105.90956829950066,8.955959589034618,106.56276992076631,9.950253775617009,29.6328005934057,6.87428,48PXR,26.513964,0.0
2020-02-15_03-35-12,104.08464228812768,9.861265852254354,105.08920676455372,10.855570332213132,34.1105009999,7.083148,48PVS,24.076569,1.573764
2020-02-25_03-35-28,104.087272727106,8.95725437122164,105.0889503905584,9.9514972213457,31.0423091812355,7.416435,48PVR,5.262006,0.0
2020-02-05_03-34-52,104.99972447777296,10.765496068187831,106.00743126841935,11.760133988205896,36.3992586018,7.675366,48PWT,37.493083,7.214953
2020-02-02_03-25-08,106.3228292484234,9.857075849513782,106.9190801917226,10.85171014844617,37.3229507225,7.773242,48PXS,33.792078,4.123973
2020-02-20_03-35-11,104.99972536932816,9.861014510703738,106.00427689411958,10.855571229031138,32.2193707508829,7.883791,48PWS,49.853674,0.015312
2020-02-13_03-45-12,103.17035112378667,9.85756950139428,104.17556620501342,10.854464395757088,33.4470045629,8.062955,48PUS,14.390008,0.019828
2020-02-17_03-25-27,106.11858318101862,8.953454850958392,106.91356853559611,9.94882349179066,33.5058853306522,8.070148,48PXR,5.472672,6.173908
2020-02-13_03-45-26,103.17560579945784,8.953902438142253,104.0447660432577,9.950133645853189,32.7659639413,8.586998,48PUR,0.099463,0.0
2020-02-20_03-35-29,104.087272727106,8.95725437122164,105.0889503905584,9.9514972213457,32.2700486339873,9.009688,48PVR,6.40104,0.0
2020-02-15_03-35-41,104.08966492388936,8.052655568438503,105.0887172101058,9.04683266589854,32.8215067022,9.0912,48PVQ,3.855017,7.433147
2020-02-20_03-35-14,104.08464228812768,9.861265852254354,105.08920676455372,10.855570332213132,32.8934731020648,9.108928,48PVS,16.919927,7.6e-05
2020-02-05_03-35-21,104.99972617172784,8.9570263808174,106.00139103412452,9.951498048371398,34.9857138153,9.646359,48PWR,39.714408,8.352912
2020-02-05_03-35-10,104.08464228812768,9.861265852254354,105.08920676455372,10.855570332213132,36.2941860189,10.821583,48PVS,26.301175,10.644796
2020-02-15_03-34-50,105.91454112647963,10.762170488613052,106.92510452852471,11.758657843410626,33.4981966002,12.008999,48PXT,52.710032,7e-06
2020-02-15_03-35-08,104.99972536932816,9.861014510703738,106.00427689411958,10.855571229031138,33.4599204972,12.287613,48PWS,54.703611,0.000103
2020-02-17_03-25-12,106.31790540310617,9.857075849513782,106.9190801917226,10.851734855473683,34.132801782265,12.42069,48PXS,26.937205,0.0
2020-02-25_03-35-42,104.08966492388936,8.052655568438503,105.0887172101058,9.04683266589854,30.4618268221092,12.43811,48PVQ,1.414707,0.000196
2020-02-15_03-35-23,104.99972617172784,8.9570263808174,106.00139103412452,9.951498048371398,32.8005560491,12.52972,48PWR,31.615195,0.001911
2020-02-05_03-35-13,103.80682656382731,9.86038988539284,104.17725512940856,10.854464395757088,36.9091928504,12.583667,48PUS,31.251872,12.4492
2020-02-18_03-45-10,103.17035103578527,9.85756950139428,104.17560176204331,10.854464395757088,32.2286307428728,12.849795,48PUS,11.631342,4.16396
2020-02-05_03-35-03,105.91193437545276,9.858957365886736,106.7738662416853,10.854211396475144,35.0933170589,14.685596,48PXS,59.824896,14.238556
2020-02-20_03-35-32,103.6009319534486,8.955729621617122,104.17938983366636,9.950485237113282,32.9624707668323,14.750542,48PUR,0.031736,0.0
2020-02-27_03-25-28,106.11749181619813,8.953454850958392,106.91356853559611,9.948830046936456,31.087397387115,14.906554,48PXR,5.674088,14.7983
2020-02-12_03-25-09,106.3228306854305,9.857075849513782,106.9190801917226,10.85170738636891,35.2910031974,16.018184,48PXS,36.776057,14.524628
2020-02-05_03-35-24,104.087272727106,8.95725437122164,105.0889503905584,9.9514972213457,35.6002738567,16.082479,48PVR,7.688289,14.643154
2020-02-15_03-35-15,103.80518521421403,9.86038410365909,104.17725530675244,10.854464395757088,34.7697967905,16.117345,48PUS,20.857038,4.760055
2020-02-25_03-35-30,103.60311250899558,8.955737934916469,104.17938983366636,9.950485237113282,31.758981575686,16.472489,48PUR,0.030812,0.0
2020-02-12_03-25-24,106.12404027577536,8.953454850958392,106.91356853559611,9.9488037718805,34.6392594172,17.816552,48PXR,5.0909,9.87863
2020-02-25_03-35-39,104.999726884972,8.052450962132822,105.99876650307654,9.046833369621034,29.7419653277004,18.420327,48PWQ,1.151698,0.0
2020-02-15_03-35-29,103.6058387178976,8.955747511101185,104.17938983366636,9.950485237113282,34.1298691005,18.497132,48PUR,0.052602,13.552327
2020-02-18_03-45-25,103.17560615147838,8.953902438142253,104.04805068338094,9.950142930806187,31.5718405196917,19.139876,48PUR,0.14988,0.231757
2020-02-05_03-35-39,104.08966492388936,8.052655568438503,105.0887172101058,9.04683266589854,34.914239636,21.654911,48PVQ,2.129943,11.615343
2020-02-15_03-35-19,105.90956829950066,8.955951078165116,106.56523202303008,9.950253775617009,32.1499515737,22.594211,48PXR,16.991344,0.0
2020-02-05_03-35-27,103.60693419756664,8.955752962677385,104.17938983366636,9.950485237113282,36.2241914911,24.866872,48PUR,0.051505,20.958695
2020-02-05_03-35-36,104.999726884972,8.052450962132822,105.99876650307654,9.046833369621034,34.2904685872,25.023308,48PWQ,1.472865,16.956393
2020-02-05_03-35-18,105.90956829950066,8.955945627739908,106.5663270391257,9.950253775617009,34.381580161,26.746571,48PXR,24.868888,26.257917
2020-02-15_03-35-05,105.91193437545276,9.858962474236588,106.77441463192318,10.854211396475144,32.8191743379,27.177877,48PXS,37.280282,0.0
2020-02-28_03-45-26,103.17560623948354,8.953902545847505,104.04503969387652,9.950134386445033,29.0121122977462,32.950001,48PUR,0.107553,8.775438
2020-02-10_03-34-52,105.91454112647963,10.762185914327317,106.92510452852471,11.758657843410626,34.6968505435,35.938249,48PXT,40.452114,1.968704
2020-02-03_03-45-24,103.17560579945784,8.953902438142253,104.04695606052944,9.950139812455992,34.9128388988,39.039098,48PUR,0.131127,33.014044
2020-02-07_03-25-10,106.3195467913966,9.857075849513782,106.9190801917226,10.851726686001356,36.3525820562,45.546336,48PXS,28.459051,41.496858
2020-03-31_03-35-33,103.59875311174336,8.955722129402732,104.17938983366636,9.950485237113282,23.8515587267175,0.119036,48PUR,0.068463,0.0
2020-03-26_03-34-53,105.91454112647963,10.762217881716662,106.92510452852471,11.758657843410626,22.8906473997705,1.46414,48PXT,51.874316,0.005231
2020-03-21_03-35-02,104.08363058712727,10.76577099881297,105.08948704583928,11.760133233386304,25.6957989974724,1.52814,48PVT,15.559165,0.133162
2020-03-21_03-35-33,103.59929499325666,8.955723573710188,104.17938983366636,9.950485237113282,25.7473127108028,1.541894,48PUR,0.043287,0.0
2020-03-31_03-35-01,104.08365779139446,10.76577099881297,105.08948704583928,11.760133229626987,23.5198824989623,1.80403,48PVT,11.640069,0.000398
2020-03-26_03-35-00,104.08362376390797,10.76577099881297,105.08948704583928,11.760133225163624,24.5562271583003,2.23444,48PVT,13.557784,0.257687
2020-03-31_03-35-19,103.79807661430888,9.860360086607274,104.17725512940856,10.854464395757088,24.0991260403853,2.567164,48PUS,25.945973,0.0
2020-03-26_03-34-57,104.99972447777296,10.765496068187831,106.00743126841935,11.760133988205896,23.7215140203839,3.024131,48PWT,18.68583,0.000236
2020-03-16_03-34-53,105.91454112647963,10.76220761402256,106.92510452852471,11.758657843410626,25.3679491570564,3.304056,48PXT,51.793194,0.961661
2020-03-21_03-35-16,104.08464228812768,9.861265852254354,105.08920676455372,10.855570332213132,25.2916299535307,4.326857,48PVS,12.825911,0.000713
2020-03-31_03-35-45,104.08966492388936,8.052655568438503,105.0887172101058,9.04683266589854,22.7582711575858,4.499428,48PVQ,2.175736,0.0
2020-03-16_03-34-57,104.99972447777296,10.765496068187831,106.00743126841935,11.760133988205896,26.1495600674285,4.707234,48PWT,18.400529,3.240497
2020-03-19_03-45-27,103.17560623948354,8.953902438142253,104.0418489379524,9.950125260527605,23.908878585908,4.979991,48PUR,0.104026,0.30243
2020-03-21_03-35-31,104.087272727106,8.95725437122164,105.0889503905584,9.9514972213457,24.9121512136276,5.016729,48PVR,4.832028,0.0
2020-03-21_03-35-20,103.79862372930224,9.860362026996189,104.17725512940856,10.854464395757088,26.117373148898,5.452564,48PUS,27.230996,1.2e-05
2020-03-26_03-35-14,104.08464228812768,9.861265852254354,105.08920676455372,10.855570332213132,24.2090151230752,5.503067,48PVS,11.761633,1.609587
2020-03-16_03-35-08,105.91193437545276,9.858991371737815,106.76672469108296,10.854211396475144,24.8907370813814,5.84707,48PXS,45.218283,1.440541
2020-03-26_03-35-44,104.08966492388936,8.052655568438503,105.0887172101058,9.04683266589854,23.5979370563528,6.15338,48PVQ,2.658953,0.009058
2020-03-31_03-35-30,104.087272727106,8.95725437122164,105.0889503905584,9.9514972213457,22.9812744010438,6.169754,48PVR,4.103586,0.000103
2020-03-11_03-35-33,103.59875355322974,8.955722129402732,104.17938983366636,9.950485237113282,28.0384255858885,6.485386,48PUR,0.041653,4.506015
2020-03-11_03-35-20,103.7986198383845,9.860360720752189,104.17725512940856,10.854464395757088,28.5087072558387,6.633642,48PUS,19.772939,0.00107
2020-03-26_03-35-32,103.59819957727376,8.95571863959915,104.17938983366636,9.950485237113282,24.7438609184592,6.843426,48PUR,0.047416,3.398009
2020-03-21_03-35-42,104.999726884972,8.052450962132822,105.99876650307654,9.046833369621034,23.7163016609823,7.023975,48PWQ,1.6746,0.020431
2020-03-19_03-45-13,103.17035059577822,9.85756950139428,104.17552967261292,10.854464395757088,24.334921342587,7.372454,48PUS,11.748917,1.125498
2020-03-26_03-35-29,104.087272727106,8.95725437122164,105.0889503905584,9.9514972213457,23.8893013826625,8.591305,48PVR,4.929486,3.077199
2020-03-31_03-35-16,104.08464228812768,9.861265852254354,105.08920676455372,10.855570332213132,23.2353903072067,8.59747,48PVS,9.052406,0.000282
2020-03-21_03-34-55,105.91454112647963,10.762201452355066,106.92510452852471,11.758657843410626,24.0769006135684,9.534475,48PXT,50.383002,0.000291
2020-03-11_03-35-02,104.08366807053262,10.765771015142654,105.08948704583928,11.760133226880734,28.2295392792926,10.17065,48PVT,5.46764,0.002195
2020-03-26_03-35-40,104.999726884972,8.052450962132822,105.99876650307654,9.046833369621034,22.7370571052323,10.50535,48PWQ,1.826168,1.513837
2020-03-21_03-34-58,104.99972447777296,10.765496068187831,106.00743126841935,11.760133988205896,24.883812406669,10.725113,48PWT,17.088935,0.000494
2020-03-26_03-35-11,104.99972536932816,9.861014510703738,106.00427689411958,10.855571229031138,23.3649016803926,11.458376,48PWS,30.62762,0.000481
2020-03-14_03-45-29,103.17560615147838,8.953902438142253,104.04294033163043,9.950128399201322,25.1091609183936,11.839952,48PUR,0.121699,4.9345
2020-03-23_03-25-27,106.11640045746088,8.953454850958392,106.91356853559611,9.948834437555732,25.1379476010621,11.882321,48PXR,1.767966,0.000571
2020-03-09_03-45-27,103.17560615147838,8.953902438142253,104.04339655797706,9.95012973159263,26.3876703438769,12.627171,48PUR,0.082303,0.012621
2020-03-21_03-35-45,104.08966492388936,8.052655568438503,105.0887172101058,9.04683266589854,24.5580606385113,13.749364,48PVQ,2.157713,0.020007
2020-03-31_03-35-41,104.999726884972,8.052450962132822,105.99876650307654,9.046833369621034,21.8825907045714,14.547788,48PWQ,1.809622,0.073878
2020-03-29_03-45-27,103.17560615147838,8.953902438142253,104.03984051240354,9.950119523960272,21.8081063975253,16.02999,48PUR,0.114171,0.000284
2020-03-09_03-45-12,103.17035103578527,9.85756950139428,104.175547938812,10.854464395757088,26.9112779138804,16.339454,48PUS,9.156276,0.002739
2020-03-26_03-35-18,103.7969861049896,9.8603561306706,104.17725512940856,10.854464395757088,25.0553387444141,16.897738,48PUS,22.324365,9.467446
2020-03-04_03-45-28,103.17560615147838,8.953902438142253,104.04339779820604,9.950129689322026,27.6894129487411,17.675525,48PUR,0.134389,7.305329
2020-03-21_03-35-27,104.99972617172784,8.9570263808174,106.00139103412452,9.951498048371398,24.0798381426463,17.910789,48PWR,17.011119,2.7e-05
2020-03-24_03-45-29,103.17560615147838,8.953902438142253,104.0431241508044,9.950128947097312,22.7908608286509,17.916661,48PUR,0.12659,14.343207
2020-03-21_03-35-13,104.99972536932816,9.861014510703738,106.00427689411958,10.855571229031138,24.4692745377102,18.925346,48PWS,29.650673,0.0
2020-03-11_03-35-45,104.08966492388936,8.052655568438503,105.0887172101058,9.04683266589854,26.7875880567501,20.372122,48PVQ,0.594162,8.509288
2020-03-23_03-25-12,106.31517140194748,9.857075849513782,106.9190801917226,10.851748589397262,25.4809559534289,22.368932,48PXS,13.860072,0.000379
2020-03-16_03-35-40,104.999726884972,8.052450962132822,105.99876650307654,9.046833369621034,24.8192508224882,23.653034,48PWQ,0.885727,5.654265
2020-03-13_03-25-27,106.11749181619813,8.953454850958392,106.91356853559611,9.948830046936456,27.3768942735997,23.804601,48PXR,1.770129,5.816295
2020-03-31_03-35-12,104.99972536932816,9.861014510703738,106.00427689411958,10.855571229031138,22.37274371298,24.043141,48PWS,27.687088,0.000206
2020-03-14_03-45-14,103.17035059577822,9.85756950139428,104.1755417318509,10.854464395757088,25.5872572458639,24.057453,48PUS,5.730199,0.658996
2020-03-26_03-35-26,104.99972617172784,8.9570263808174,106.00139103412452,9.951498048371398,23.0364288348512,25.764679,48PWR,12.94229,1.740559
2020-03-31_03-35-27,104.99972617172784,8.9570263808174,106.00139103412452,9.951498048371398,22.1116148060838,25.841577,48PWR,15.460475,2.493584
2020-03-21_03-35-09,105.91193437545276,9.858985746934286,106.76890936984071,10.854211396475144,23.6514310693401,26.295834,48PXS,29.416153,0.0
2020-03-26_03-35-08,105.91193437545276,9.85899912405202,106.76670057099524,10.854211396475144,22.5240401694677,27.464958,48PXS,20.166746,0.171625
2020-03-16_03-35-11,104.99972536932816,9.861014510703738,106.00427689411958,10.855571229031138,25.6837497155705,28.167365,48PWS,31.435892,20.636952
2020-03-28_03-25-29,106.11640144438232,8.953454850958392,106.91356853559611,9.948834437555732,24.1644270400128,28.390189,48PXR,0.831719,11.986592
2020-03-29_03-45-12,103.17035103578527,9.85756950139428,104.17550803692384,10.854464395757088,22.1094591820075,28.527606,48PUS,7.303957,0.118594
2020-03-21_03-35-24,105.90956829950066,8.955969498441407,106.56030739728334,9.950253775617009,23.2514611964216,29.512103,48PXR,13.946798,6.2e-05
2020-03-03_03-25-27,106.11913200595816,8.953454850958392,106.91356853559611,9.948821330538587,29.8434464310344,29.672477,48PXR,1.992477,9.431809
2020-03-16_03-35-22,105.90956829950066,8.955974677639263,106.5589402400911,9.950253775617009,24.4359090528949,29.920006,48PXR,16.286829,7.118803
2020-03-06_03-35-14,104.08464228812768,9.861265852254354,105.08920676455372,10.855570332213132,29.0304070859736,30.282226,48PVS,10.297325,16.859925
2020-03-06_03-35-31,103.601477640812,8.955732430495507,104.17938983366636,9.950485237113282,29.2731033968186,30.53639,48PUR,0.015003,18.202755
2020-03-16_03-35-44,104.08966492388936,8.052655568438503,105.0887172101058,9.04683266589854,25.6389805853765,30.629022,48PVQ,1.034011,12.044913
2020-03-06_03-35-29,104.087272727106,8.95725437122164,105.0889503905584,9.9514972213457,28.5073979588564,30.651571,48PVR,3.119223,8.795761
2020-03-04_03-45-14,103.17035103578527,9.85756950139428,104.17554696343238,10.854464395757088,28.2530818422296,32.201574,48PUS,5.226629,11.570609
2020-03-11_03-35-16,104.08464228812768,9.861265852254354,105.08920676455372,10.855570332213132,27.7293738601757,34.08474,48PVS,2.578983,0.002299
2020-03-11_03-35-42,104.999726884972,8.052450962132822,105.99876650307654,9.046833369621034,25.991922978181,34.488302,48PWQ,0.292381,12.174386
2020-03-24_03-45-14,103.17035103578527,9.85756950139428,104.17554652007802,10.854464395757088,23.1581929539304,34.611532,48PUS,7.854362,18.393798
2020-03-13_03-25-12,106.3162655548246,9.857075849513782,106.9190801917226,10.85174309742994,27.8252146295573,36.980602,48PXS,12.679024,4.980105
2020-03-18_03-25-27,106.16568327094608,9.0471096682088,106.9135690759481,9.948832524749026,26.2088858319446,37.943607,48PXR,1.222294,20.582935
2020-03-03_03-25-12,106.31845253106562,9.857075849513782,106.9190801917226,10.85173210412559,30.3757182654032,38.83778,48PXS,14.895198,3.746312
2020-03-16_03-35-00,104.08358964781654,10.76577099881297,105.08948704583928,11.760133254512107,26.9373661091061,38.939988,48PVT,5.14063,10.765024
2020-03-06_03-35-25,104.99972617172784,8.9570263808174,106.00139103412452,9.951498048371398,27.7477221270082,39.828395,48PWR,14.460137,6.485672
2020-03-31_03-34-58,104.99972447777296,10.765496068187831,106.00743126841935,11.760133988205896,22.6651641155403,39.987521,48PWT,6.894463,0.673896
2020-03-16_03-35-29,104.087272727106,8.95725437122164,105.0889503905584,9.9514972213457,26.0494513005017,42.06353,48PVR,1.631892,14.396273
2020-03-06_03-35-11,104.99972536932816,9.861014510703738,106.00427689411958,10.855571229031138,28.2817623379242,43.376747,48PWS,8.524229,0.551358
2020-03-26_03-35-22,105.90956829950066,8.955980371417427,106.55702506584284,9.950253775617009,22.186241980422,43.423565,48PXR,5.594935,0.289752
2020-03-28_03-25-14,106.31517346756748,9.857075849513782,106.9190801917226,10.851745844009663,24.4463159834524,44.275223,48PXS,5.44605,0.000217
2020-03-01_03-34-54,105.91454112647963,10.762202499831416,106.92510452852471,11.758657843410626,29.4913008780129,44.595187,48PXT,36.643577,44.036478
2020-03-01_03-35-33,103.59929499325666,8.955724124447935,104.17938983366636,9.950485237113282,30.5126297500818,47.347885,48PUR,0.004921,38.398376
2020-03-11_03-35-31,104.087272727106,8.95725437122164,105.0889503905584,9.9514972213457,27.2485456776426,47.35863,48PVR,0.049034,12.491402
2020-03-08_03-25-14,106.31626447710404,9.857075849513782,106.9190801917226,10.85174309742994,29.0817110966877,48.411088,48PXS,7.462209,1.554072
2020-03-16_03-35-32,103.59929879005531,8.955724124447935,104.17938983366636,9.950485237113282,26.8628081418888,49.307486,48PUR,0.000424,15.305588
2020-04-20_03-35-28,104.087272727106,8.95725437122164,105.0889503905584,9.9514972213457,21.0203455189665,0.163662,48PVR,6.643057,0.0
2020-04-20_03-35-30,103.60256893403842,8.955736495389713,104.17938983366636,9.950485237113282,21.8997073749357,0.180358,48PUR,0.052168,0.0
2020-04-20_03-35-42,104.08966492388936,8.052655568438503,105.0887172101058,9.04683266589854,21.102534863808,1.350244,48PVQ,3.686789,0.243964
2020-04-12_03-25-30,106.11094348591205,8.953454850958392,106.91356853559611,9.948854028868665,22.1281410923701,1.529467,48PXR,2.502656,0.0
2020-04-20_03-34-55,104.99972447777296,10.765496068187831,106.00743126841935,11.760133988205896,20.0803211207099,1.838654,48PWT,30.410737,0.019293
2020-04-05_03-34-53,105.91454112647963,10.762216838142,106.92510452852471,11.758657843410626,20.8891872815492,1.878621,48PXT,54.888093,1.17018
2020-04-20_03-35-10,104.99972536932816,9.861014510703738,106.00427689411958,10.855571229031138,20.0913293700068,2.27855,48PWS,57.475531,3e-06
2020-04-25_03-34-59,105.91454112647963,10.762280415699696,106.92510452852471,11.758657843410626,18.9850868082604,3.424603,48PXT,62.542754,1.981547
2020-04-03_03-45-28,103.17560615147838,8.953902438142253,104.04367171190783,9.950130514438012,20.9622329177744,3.669228,48PUR,0.133931,0.0
2020-04-20_03-34-52,105.91454112647963,10.762180816848238,106.92510452852471,11.758657843410626,19.1938642285554,3.943584,48PXT,57.67042,0.380115
2020-04-30_03-35-11,104.99972536932816,9.861014510703738,106.00427689411958,10.855571229031138,20.0336262260553,4.538217,48PWS,60.844874,1.165355
2020-04-02_03-25-27,106.11530892536877,8.953454850958392,106.91356853559611,9.948838823808613,23.3363719383171,6.398835,48PXR,2.318711,0.005826
2020-04-20_03-35-39,104.999726884972,8.052450962132822,105.99876650307654,9.046833369621034,20.2291449734514,6.633442,48PWQ,2.385241,0.0
2020-04-20_03-35-13,104.08464228812768,9.861265852254354,105.08920676455372,10.85557033221313,20.9751142074427,7.104791,48PVS,14.121643,0.879237
2020-04-30_03-34-53,105.91454112647963,10.762186921229716,106.92510452852471,11.758657843410626,19.0076325317597,8.286456,48PXT,56.801736,6.687361
2020-04-20_03-35-24,104.99972617172784,8.9570263808174,106.00139103412452,9.951498048371398,20.1410148543813,8.456683,48PWR,21.856686,0.0
2020-04-05_03-34-57,104.99972447777296,10.765496068187831,106.00743126841935,11.760133988205896,21.7587376671968,9.112727,48PWT,16.753007,0.3461
2020-04-05_03-35-29,104.087272727106,8.95725437122164,105.0889503905584,9.9514972213457,22.2303240689027,9.166794,48PVR,4.598021,2.732612
2020-04-20_03-35-06,105.91193437545276,9.858968867885263,106.77110388021109,10.854211396475144,19.2080307959815,9.355493,48PXS,46.572644,0.627018
2020-04-05_03-35-32,103.59765593434952,8.95571733467373,104.17938983366636,9.950485237113282,23.1117177070672,9.826967,48PUR,0.03252,0.43782
2020-04-25_03-35-37,103.58673878607924,8.955675081776134,104.17938983366636,9.950485237113282,21.8118708877487,10.517487,48PUR,0.050463,4.396104
2020-04-05_03-35-41,104.999726884972,8.052450962132822,105.99876650307654,9.046833369621034,21.1956744860268,10.835691,48PWQ,1.396213,0.01643
2020-04-30_03-34-56,104.99972447777296,10.765496068187831,106.00743126841935,11.760133988205896,19.8724595235459,11.212335,48PWT,28.498223,3.187226
2020-04-30_03-35-07,105.91193437545276,9.858974922652404,106.7700002772128,10.854211396475144,19.1783945253043,12.395059,48PXS,39.309725,1.439446
2020-04-25_03-35-02,104.99972447777296,10.765496068187831,106.00743126841935,11.760133988205896,19.8636527858145,12.879536,48PWT,27.844009,3.269227
2020-04-23_03-45-25,103.17560615147838,8.953902438142253,104.0473214063419,9.950140906574028,19.4370513939706,13.349681,48PUR,0.142716,11.776476
2020-04-05_03-35-26,104.99972617172784,8.9570263808174,106.00139103412452,9.951498048371398,21.3487433389147,13.737968,48PWR,19.573914,0.289136
2020-04-25_03-35-49,104.08966492388936,8.052655568438503,105.0887172101058,9.04683266589854,21.10075892316,14.957535,48PVQ,1.894808,1.16705
2020-04-05_03-35-15,104.08464228812768,9.861265852254354,105.08920676455372,10.85557033221313,22.413562488867,14.967409,48PVS,7.599835,6.98928
2020-04-20_03-35-17,103.80190452033062,9.86037305869548,104.17725512940856,10.854464395757088,21.8585832006165,15.153298,48PUS,15.821819,0.0
2020-04-25_03-35-35,104.087272727106,8.95725437122164,105.0889503905584,9.9514972213457,20.9448951797894,15.814175,48PVR,4.301253,1.714835
2020-04-20_03-34-59,104.08354861990452,10.76577099881297,105.08948704583928,11.76013325768672,20.967006387929,16.612233,48PVT,17.645603,0.320942
2020-04-25_03-35-13,105.91193437545276,9.859049462687404,106.75463041456256,10.854211396475144,19.0801556492292,16.863047,48PXS,41.14902,3.014558
2020-04-05_03-35-12,104.99972536932816,9.861014510703738,106.00427689411958,10.855571229031138,21.5367034492467,16.971666,48PWS,37.522763,0.310915
2020-04-05_03-35-00,104.08366124731153,10.76577099881297,105.08948704583928,11.760133222499247,22.6297391002439,19.993737,48PVT,6.359087,3.462408
2020-04-18_03-45-17,103.17035103578527,9.85756950139428,104.17542947457228,10.854464395757088,19.4944276643422,20.750433,48PUS,12.215289,4.84469
2020-04-03_03-45-14,103.17035103578527,9.85756950139428,104.1755513083053,10.854464395757088,21.191154015582,20.911823,48PUS,7.044972,0.939977
2020-04-15_03-35-43,104.999726884972,8.052450962132822,105.99876650307654,9.046833369621034,20.3459589870953,21.060713,48PWQ,1.187458,0.019114
2020-04-02_03-25-12,106.31407725495596,9.857075849513782,106.9190801917226,10.85175133359274,23.551666711757,22.24353,48PXS,17.5111,1.238171
2020-04-17_03-25-26,106.11967751273508,8.953454850958392,106.91356853559611,9.948821330538586,21.8059758740415,22.285355,48PXR,1.600345,12.997033
2020-04-05_03-35-08,105.91193437545276,9.85899912405202,106.7667204610674,10.854211396475144,20.6608391376055,22.3893,48PXS,33.79243,0.686293
2020-04-15_03-34-56,105.91454112647963,10.762250756887108,106.92510452852471,11.758657843410626,19.5490093276021,23.411327,48PXT,38.122258,10.272971
2020-04-12_03-25-15,106.3102461254152,9.857075849513782,106.9190801917226,10.851773156092182,22.1987942052533,24.612703,48PXS,14.394738,4.354315
2020-04-15_03-35-11,105.91193437545276,9.859025561845886,106.75850286233327,10.854211396475144,19.4803970958177,25.054704,48PXS,30.364531,3.2e-05
2020-04-18_03-45-31,103.17560579945784,8.953902438142253,104.03309098990388,9.950100016978872,19.5084029020232,25.555984,48PUR,0.144897,14.937112
2020-04-07_03-25-28,106.11749289284572,8.953454850958392,106.91356853559611,9.948830046936456,22.6497341547934,26.112229,48PXR,0.923214,19.879268
2020-04-25_03-35-17,104.99972536932816,9.861014510703738,106.00427689411958,10.855571229031138,19.9521486891863,26.763884,48PWS,39.390269,2.519375
2020-04-05_03-35-44,104.08966492388936,8.052655568438503,105.0887172101058,9.04683266589854,22.0807111608265,27.466731,48PVQ,1.890097,13.514252
2020-04-25_03-35-23,103.78549711884236,9.86031502623482,104.17725512940856,10.854464395757088,21.6994566906497,27.73837,48PUS,10.699488,2.808951
2020-04-25_03-35-31,104.99972617172784,8.9570263808174,106.00139103412452,9.951498048371398,20.0790008508961,28.429575,48PWR,15.462209,0.184246
2020-04-05_03-35-18,103.7969785001064,9.860354894178148,104.17725512940856,10.854464395757088,23.290567887932,31.024893,48PUS,11.079833,10.247552
2020-04-30_03-35-22,105.90956829950066,8.955961475259647,106.562496845142,9.950253775617009,19.3877644931555,31.904453,48PXR,13.043086,3.036233
2020-04-15_03-35-26,105.90956829950066,8.95600150163842,106.55155261756032,9.950253775617009,19.4514337302184,32.115603,48PXR,10.726086,0.000875
2020-04-20_03-35-21,105.90956829950066,8.955956260847593,106.56386429483732,9.950253775617009,19.2625585191063,33.361224,48PXR,10.898406,0.933088
2020-04-30_03-35-14,104.08464228812768,9.861265852254354,105.08920676455372,10.85557033221313,20.8916001706229,33.602131,48PVS,9.877486,15.129814
2020-04-05_03-35-23,105.90956829950066,8.955981262901723,106.55729813447331,9.950253775617009,20.4677906006444,34.054176,48PXR,10.234546,0.848836
2020-04-15_03-35-32,104.087272727106,8.95725437122164,105.0889503905584,9.9514972213457,21.2247355939787,35.004784,48PVR,3.300072,7.447746
2020-04-15_03-35-29,104.99972617172784,8.9570263808174,106.00139103412452,9.951498048371398,20.3379731900217,35.737759,48PWR,11.116597,0.809496
2020-04-15_03-35-47,104.08966492388936,8.052655568438503,105.0887172101058,9.04683266589854,21.2299634383849,36.153106,48PVQ,1.668505,6.707124
2020-04-25_03-35-28,105.90956829950066,8.956021460770124,106.54608147851084,9.950253775617009,19.2151624504525,36.283241,48PXR,10.489938,1.128819
2020-04-25_03-35-06,104.08335677248378,10.76577099881297,105.08948704583928,11.760133216355026,20.7431067610143,40.060878,48PVT,8.214325,4.721827
2020-04-10_03-35-32,103.60038008746572,8.955726870539936,104.17938983366636,9.950485237113282,22.5307939736868,40.56164,48PUR,9.9e-05,31.039047
2020-04-25_03-35-20,104.08464228812768,9.861265852254354,105.08920676455372,10.85557033221313,20.8255501870053,40.648041,48PVS,4.622759,1.279684
2020-04-17_03-25-11,106.31845396804188,9.857075849513782,106.9190801917226,10.85173210412559,21.8017452932766,41.850481,48PXS,9.72181,6.985652
2020-04-08_03-45-28,103.17560615147838,8.953902438142253,104.038198589293,9.950114799578618,20.2898542527699,43.24754,48PUR,0.093834,10.616487
2020-04-23_03-45-11,103.17035103578527,9.85756950139428,104.17559546640896,10.854464395757088,19.3419864586282,43.661597,48PUS,8.269881,22.845818
2020-04-30_03-35-25,104.99972617172784,8.9570263808174,106.00139103412452,9.951498048371398,20.2320342593991,43.830512,48PWR,18.622211,2.986755
2020-04-15_03-35-14,104.99972536932816,9.861014510703738,106.00427689411958,10.855571229031138,20.3682673361423,44.646591,48PWS,25.276577,0.451833
2020-05-07_03-25-29,106.1147632513249,8.953454850958392,106.91356853559611,9.948838823808613,22.0772401332554,4.816258,48PXR,2.874701,0.598934
2020-05-05_03-35-07,104.08338769844752,10.76577099881297,105.08948704583928,11.760133244920734,20.8289269675511,7.230488,48PVT,31.093496,0.001135
2020-05-05_03-35-51,104.08966492388936,8.052655568438503,105.0887172101058,9.04683266589854,21.5807455797399,15.675594,48PVQ,1.719706,6.642984
2020-05-05_03-35-22,104.08464228812768,9.861265852254354,105.08920676455372,10.855570332213132,21.045401472737,19.663306,48PVS,14.126042,1.131094
2020-05-05_03-35-36,104.087272727106,8.95725437122164,105.0889503905584,9.9514972213457,21.2962937074767,20.827121,48PVR,2.369992,11.592045
2020-05-30_03-35-16,104.99972536932816,9.861014510703738,106.00427689411958,10.855571229031138,22.3996700265254,22.182548,48PWS,50.751626,3.091412
2020-05-05_03-35-19,104.99972536932816,9.861014510703738,106.00427689411958,10.855571229031138,20.2064538972948,22.884538,48PWS,44.509545,5.3e-05
2020-05-05_03-35-48,104.999726884972,8.052450962132822,105.99876650307654,9.046833369621034,20.7673285862288,23.565555,48PWQ,1.799304,11.341714
2020-05-03_03-45-28,103.17560615147838,8.953902438142253,104.044492393175,9.950132821826111,19.7401138848327,24.810987,48PUR,0.154479,14.782198
2020-05-05_03-35-25,103.7827554662069,9.86030460201127,104.17725512940856,10.854464395757088,21.8874547874601,25.526435,48PUS,20.398961,4.419548
2020-05-05_03-35-39,103.58346691765242,8.955663337713741,104.17938983366636,9.950485237113282,22.1268942033726,27.18529,48PUR,0.001046,15.58838
2020-05-15_03-35-09,104.08337050750984,10.76577099881297,105.08948704583928,11.76013321336138,21.408009471801,30.190962,48PVT,14.610507,0.390169
2020-05-05_03-35-33,104.99972617172784,8.9570263808174,106.00139103412452,9.951498048371398,20.4696501833023,30.428354,48PWR,16.843446,5.099659
2020-05-05_03-35-04,104.99972447777296,10.765496068187831,106.00743126841935,11.760133988205896,19.9787734623868,34.412491,48PWT,22.364093,2.3e-05
2020-05-15_03-35-23,104.08464228812768,9.861265852254354,105.08920676455372,10.855570332213132,21.729332522357,34.511362,48PVS,12.298384,6.155899
2020-05-07_03-25-14,106.31407581801062,9.857075849513782,106.9190801917226,10.851756735193092,21.8068863837688,35.562422,48PXS,11.356432,1.363157
2020-05-25_03-35-53,104.08966492388936,8.052655568438503,105.0887172101058,9.04683266589854,23.5191231498532,37.009575,48PVQ,1.043175,20.79296
2020-05-15_03-35-02,105.91454112647963,10.762309949014986,106.92510452852471,11.758657843410626,19.7911513571418,37.739139,48PXT,30.834669,1.587402
2020-05-30_03-35-13,105.91193437545276,9.859022339970355,106.75959137885872,10.854211396475144,21.6632642742578,38.649918,48PXS,27.445608,7.197443
2020-05-30_03-35-45,104.999726884972,8.052450962132822,105.99876650307654,9.046833369621034,23.3434731936839,38.799373,48PWQ,1.463366,26.827535
2020-05-30_03-35-31,104.99972617172784,8.9570263808174,106.00139103412452,9.951498048371398,22.8592071621117,39.026853,48PWR,17.17962,12.473885
2020-05-17_03-25-31,106.11148905958376,8.953454850958392,106.91356853559611,9.948852046285255,22.8869178750147,39.361724,48PXR,1.18846,31.155205
2020-05-02_03-25-19,106.30094561568528,9.857075849513782,106.9190801917226,10.85181930632792,21.5659265109723,39.458041,48PXS,8.077236,13.941193
2020-05-30_03-35-49,104.08966492388936,8.052655568438503,105.0887172101058,9.04683266589854,24.0583357567704,41.712026,48PVQ,1.153052,27.519691
2020-05-05_03-35-00,105.91454112647963,10.762298803771676,106.92510452852471,11.758657843410626,19.1320452557703,41.727966,48PXT,23.717633,0.001226
2020-05-05_03-35-30,105.90956803063008,8.956032457225854,106.5426164934442,9.950253775617009,19.648249287917,42.524858,48PXR,8.635479,17.865163
2020-05-05_03-35-15,105.91193437545276,9.8590643597818,106.75131230718068,10.854211396475144,19.3718181345521,43.176962,48PXS,22.351471,0.000124
2020-05-30_03-35-34,104.087272727106,8.95725437122164,105.0889503905584,9.9514972213457,23.5900057459906,43.435286,48PVR,1.84225,25.946054
2020-05-10_03-35-34,103.5960211340822,8.955711724897034,104.17938983366636,9.950485237113282,22.48111409207,43.987674,48PUR,0.0024,30.443272
2020-05-25_03-35-50,104.999726884972,8.052450962132822,105.99876650307654,9.046833369621034,22.7902612788458,44.711378,48PWQ,1.67303,17.497098
2020-05-10_03-35-24,105.90956829950066,8.955979931251894,106.55757228242231,9.950253775617009,20.0690902840531,45.715339,48PXR,8.384759,18.823908
2020-05-15_03-35-38,104.087272727106,8.95725437122164,105.0889503905584,9.9514972213457,22.0812831742137,47.501016,48PVR,2.412487,19.901191
2020-05-15_03-35-20,104.99972536932816,9.861014510703738,106.00427689411958,10.855571229031138,20.93198228015,47.93679,48PWS,27.003545,10.50324
2020-05-03_03-45-13,103.17035103578527,9.85756950139428,104.17555999805153,10.854464395757088,19.4989860052583,48.140151,48PUS,4.545626,19.849391
2020-05-25_03-35-32,105.90956829950066,8.956043614466028,106.53978891177624,9.950253775617009,21.5930892470697,48.690101,48PXR,3.93821,8.738744
2020-06-22_03-45-33,103.17560623948354,8.953902438142253,104.03737900803377,9.950112394015283,24.0212570242313,7.18924,48PUR,0.108933,0.026508
2020-06-01_03-25-37,106.09893775171564,8.953454850958392,106.91356853559611,9.94890383105996,24.3280759813681,17.241047,48PXR,2.283102,11.072328
2020-06-01_03-25-22,106.29766342232254,9.857075849513782,106.9190801917226,10.851832870272323,23.8826392242877,19.817898,48PXS,20.551243,2.460625
2020-06-04_03-35-07,104.99972447777296,10.765496068187831,106.00743126841935,11.760133988205896,22.3974425925144,24.927706,48PWT,34.476373,12.783384
2020-06-01_03-25-08,106.49778249887702,10.761188228150424,106.92510452852471,11.754970156243688,23.4613275901108,25.9676,48PXT,44.960117,0.795922
2020-06-24_03-35-41,103.5878401101151,8.955680618176132,104.17938983366636,9.950485237113282,26.0507041712792,29.355839,48PUR,0.053797,23.044017
2020-06-24_03-35-21,104.99972536932816,9.861014510703738,106.00427689411958,10.855571229031138,24.1280935981397,31.239542,48PWS,43.885049,13.558929
2020-06-24_03-35-06,104.99972447777296,10.765496068187831,106.00743126841935,11.760133988205896,23.66321781508,35.228867,48PWT,36.141986,25.979784
2020-06-24_03-35-17,105.91193437545276,9.8590421094417,106.7549362193012,10.854211396475144,23.4107158126516,36.952455,48PXS,35.522586,12.622942
2020-06-22_03-45-19,103.17035103578527,9.85756950139428,104.17548010560876,10.854464395757088,23.5250586964357,37.314704,48PUS,6.124327,1.323279
2020-06-21_03-25-37,106.10439474689574,8.953454850958392,106.91356853559611,9.948882234722392,25.7653499683594,39.157548,48PXR,2.740498,15.807585
2020-06-24_03-35-38,104.087272727106,8.95725437122164,105.0889503905584,9.9514972213457,25.3282892886098,39.76851,48PVR,3.677271,31.515369
2020-06-24_03-35-09,104.0833292138227,10.76577099881297,105.08948704583928,11.760133241347452,24.4061162417193,43.220931,48PVT,30.196416,33.949754
2020-06-24_03-35-27,103.78713230463588,9.860320302922524,104.17725512940856,10.854464395757088,25.5928427864223,44.610411,48PUS,10.547788,34.766531
2020-06-04_03-35-03,105.91454112647963,10.762308986329566,106.92510452852471,11.758657843410626,21.6559376850739,45.956,48PXT,31.987265,17.027046
2020-06-06_03-25-18,106.3075110597724,9.857075849513782,106.9190801917226,10.851786728288031,24.3313766757364,48.635085,48PXS,11.845341,14.319408
2020-07-14_03-35-05,104.99972447777296,10.765496068187831,106.00743126841935,11.760133988205896,23.6321854314785,8.253964,48PWT,55.517125,4.291162
2020-07-14_03-35-08,104.08358964781652,10.76577099881297,105.08948704583928,11.760133230562124,24.4132351747526,9.062577,48PVT,53.309065,2.345781
2020-07-14_03-35-01,105.91454112647963,10.762229212585869,106.92510452852471,11.758657843410626,22.8586238634038,9.182251,48PXT,69.193941,2.846813
2020-07-02_03-45-33,103.17560615147838,8.953902438142253,104.04129837205768,9.950123689557678,24.2011018945673,17.606965,48PUR,0.133247,5.476644
2020-07-09_03-35-28,105.90956829950066,8.955964230867833,106.56176726647251,9.950253775617009,23.9168884080355,21.051361,48PXR,19.887212,8.137234
2020-07-09_03-35-13,105.91193437545276,9.858978304426763,106.76890891983469,10.854211396475144,23.4564148746424,21.779418,48PXS,47.158113,3.171111
2020-07-14_03-35-16,105.91193437545276,9.85900736686452,106.76234369794442,10.854211396475144,23.2707328385752,25.645469,48PXS,43.611974,0.989841
2020-07-14_03-35-23,104.08464228812768,9.861265852254354,105.08920676455372,10.855570332213132,24.7971227127138,28.330929,48PVS,31.176433,6.805494
2020-07-14_03-35-20,104.99972536932816,9.861014510703738,106.00427689411958,10.855571229031138,24.0298310859553,28.425273,48PWS,44.931298,3.207727
2020-07-16_03-25-32,106.1224031852245,8.953454850958392,106.91356853559611,9.948810356503262,25.7099099917505,29.565085,48PXR,2.016529,12.746522
2020-07-29_03-35-47,104.999726884972,8.052450962132822,105.99876650307654,9.046833369621034,23.7670730639628,31.242644,48PWQ,1.363254,18.577288
2020-07-09_03-35-31,104.99972617172784,8.9570263808174,106.00139103412452,9.951498048371398,24.6470518126633,32.540901,48PWR,25.146645,11.312303
2020-07-09_03-35-17,104.99972536932816,9.861014510703738,106.00427689411958,10.855571229031138,24.2015500407734,33.522167,48PWS,41.006708,17.132491
2020-07-01_03-25-36,106.10985180483226,8.953454850958392,106.9135690759481,9.948860808321408,26.0176671508899,41.086663,48PXR,3.549697,13.111243
2020-07-17_03-45-36,103.17560579945784,8.953902438142253,104.03710528384777,9.950111645803483,23.7207264491461,41.685344,48PUR,0.151232,28.71418
2020-07-29_03-34-59,105.91454112647963,10.762194232586364,106.92510452852471,11.758657843410626,21.977874788132,43.497439,48PXT,37.753376,13.801648
2020-07-09_03-35-46,104.999726884972,8.052450962132822,105.99876650307654,9.046833369621034,25.1157834138032,43.678768,48PWQ,0.342242,36.173156
2020-07-29_03-35-14,105.91193437545276,9.858979958157532,106.77000549730876,10.854211396475144,22.2835081178671,43.738774,48PXS,32.511076,9.641746
2020-07-02_03-45-19,103.17035103578527,9.85756950139428,104.17552532774066,10.854464395757088,23.7250030909819,43.946605,48PUS,9.448877,1.79466
2020-07-26_03-25-33,106.11913209567952,8.953454850958392,106.91356853559611,9.94882349179066,25.0790146904072,44.793507,48PXR,3.968467,33.886597
2020-07-09_03-34-59,105.91454112647963,10.762193180482576,106.92510452852471,11.758657843410626,23.0200325615199,45.527845,48PXT,35.58999,31.180492
2020-07-04_03-35-05,104.99972447777296,10.765496068187831,106.00743126841935,11.760133988205896,23.8245458457819,47.220978,48PWT,21.152714,0.603883
2020-07-09_03-35-49,104.08966492388936,8.052655568438503,105.0887172101058,9.04683266589854,25.8410941824555,47.284009,48PVQ,1.304233,26.682889
2020-07-22_03-45-18,103.17035103578527,9.85756950139428,104.17558491457171,10.854464395757088,23.0173245131572,48.167557,48PUS,10.349084,8.509962
2020-07-29_03-35-06,104.0836850842802,10.76577099881297,105.08948704583928,11.760133229237391,23.6282456593826,48.753501,48PVT,30.536795,10.342231
2020-08-25_03-25-34,106.11203571139502,8.953454850958392,106.91356853559611,9.948851882902318,22.3908761427334,3.295003,48PXR,7.853084,0.0
2020-08-26_03-45-27,103.63139457303764,9.848555263713992,104.02998899787671,9.950091041994895,20.0713454129813,9.260753,48PUR,0.660465,1.157967
2020-08-30_03-25-36,106.10494066114646,8.953454850958392,106.91356853559611,9.94887797008472,22.0582517763293,12.001087,48PXR,3.48997,0.39066
2020-08-26_03-45-21,103.17035059577822,9.860908228752628,104.17539524764712,10.854464613739577,20.0903308340718,13.124468,48PUS,17.309399,0.018297
2020-08-25_03-25-19,106.31134034159662,9.857075849513782,106.9190801917226,10.851767685582764,22.3864410410168,15.347348,48PXS,34.672379,0.0
2020-08-18_03-35-04,104.99972447777296,10.765496068187831,106.00743126841935,11.760133988205896,21.263347857606,19.78382,48PWT,47.147974,11.776102
2020-08-31_03-45-34,103.17560579945784,8.953902438142253,104.038198589293,9.950114799578618,19.7679575171885,20.075009,48PUR,0.142895,11.138513
2020-08-26_03-45-36,103.17560615147838,8.953902438142253,104.02998899787671,9.950091041994895,20.0713454129814,23.727048,48PUR,0.14762,11.645924
2020-08-26_03-45-28,103.17391391218656,9.857569122165163,104.0460434974832,10.246628730131894,20.0903308340719,26.173369,48PUS,0.214867,14.33389
2020-08-21_03-45-34,103.17560615147838,8.953902438142253,104.03984104391672,9.950119523960272,20.4893398468064,26.902066,48PUR,0.140624,11.204566
2020-08-11_03-45-20,103.17035103578527,9.85756950139428,104.17552630312014,10.854464395757088,21.2900022340386,27.301409,48PUS,9.78422,10.454625
2020-08-23_03-35-53,104.08966492388936,8.052655568438503,105.0887172101058,9.04683266589854,21.9262870888303,27.77452,48PVQ,3.463953,19.893965
2020-08-18_03-35-39,103.59546920044096,8.955708309190959,104.17938983366636,9.950485237113282,23.1768769179077,29.168914,48PUR,0.008515,19.197531
2020-08-31_03-45-20,103.17035112378667,9.85756950139428,104.17548781997144,10.854464395757088,19.8698910581088,31.64867,48PUS,10.507786,3.72519
2020-08-30_03-25-21,106.30422813157296,9.857075849513782,106.9190801917226,10.851803080374916,22.127955499407,31.964634,48PXS,27.012926,1.885486
2020-08-11_03-45-34,103.17560579945784,8.953902438142253,104.04129996661383,9.950123689557678,21.4832308443152,32.339611,48PUR,0.143584,21.795118
2020-08-23_03-35-38,104.087272727106,8.95725437122164,105.0889503905584,9.9514972213457,21.8623039673504,33.073828,48PVR,6.252816,17.26322
2020-08-23_03-35-06,104.99972447777296,10.765496068187831,106.00743126841935,11.760133988205896,20.9534241397939,33.113209,48PWT,35.462806,4.875681
2020-08-18_03-35-07,104.08354861990452,10.76577099881297,105.08948704583928,11.76013322966829,22.1451706860227,34.668272,48PVT,43.670958,26.191661
2020-08-23_03-35-09,104.08348021054016,10.76577099881297,105.08948704583928,11.76013321978387,21.8408264209093,34.676771,48PVT,42.921302,13.144095
2020-08-18_03-35-22,104.08464228812768,9.861265852254354,105.08920676455372,10.855570332213132,22.2080337545441,34.965163,48PVS,20.132989,23.608787
2020-08-28_03-35-47,104.999726884972,8.052450962132822,105.99876650307654,9.046833369621034,20.6116111924993,37.995772,48PWQ,0.959104,22.341624
2020-08-16_03-45-37,103.17560615147838,8.953902438142253,104.0303543878512,9.9500921586178,20.9577834510437,43.65104,48PUR,0.167016,32.833549
2020-08-23_03-35-21,104.99972536932816,9.861014510703738,106.00427689411958,10.855571229031138,20.9486025210046,44.385711,48PWS,25.397509,5.355095
2020-08-23_03-35-17,105.91193437545276,9.859042975901676,106.75519135689004,10.854211396475144,20.0637300451848,44.497856,48PXS,33.040047,9.093442
2020-08-23_03-35-35,104.99972617172784,8.9570263808174,106.00139103412452,9.951498048371398,20.9806659162438,45.078668,48PWR,18.072928,15.073664
2020-08-16_03-45-22,103.17035103578527,9.85756950139428,104.17540198662655,10.854464395757088,20.8282537064043,45.724702,48PUS,10.857025,16.429381
2020-08-21_03-45-20,103.17035112378667,9.85756950139428,104.17550661819024,10.854464395757088,20.4308388641225,46.182232,48PUS,10.760861,17.870082
2020-08-18_03-35-25,103.79478999170132,9.860347113986087,104.17725512940856,10.854464395757088,23.0851675645619,47.167363,48PUS,13.782661,23.90375
2020-08-23_03-35-32,105.90956829950066,8.956015818608776,106.54754062100596,9.950253775617009,20.0996813010223,47.836727,48PXR,18.717383,13.432932
2020-08-23_03-35-24,104.08464228812768,9.861265852254354,105.08920676455372,10.855570332213132,21.8338199422441,48.604962,48PVS,17.469458,24.469014
2020-08-23_03-35-41,103.5883777969271,8.955681385186955,104.17938983366636,9.950485215661471,22.7437770644737,49.226798,48PUR,0.004102,24.060382
2020-09-07_03-35-00,105.91454112647963,10.762230208189408,106.92510452852471,11.758657843410626,19.8252666636075,11.560772,48PXT,63.515317,1.769716
2020-09-12_03-35-08,104.08341171259598,10.76577099881297,105.08948704583928,11.760133223062796,21.7286225185713,12.340065,48PVT,62.387317,1.13309
2020-09-07_03-35-14,105.91193437545276,9.859009005132476,106.76216082093748,10.854211396475144,19.5700950837414,14.011137,48PXS,61.196905,0.956075
2020-09-04_03-25-34,106.11148896986587,8.953454850958392,106.91356853559611,9.948854028868665,21.8470496509619,19.004432,48PXR,5.814636,13.794512
2020-09-12_03-35-04,104.99972447777296,10.765496068187831,106.00743126841935,11.760133988205896,20.8853624160595,22.46665,48PWT,41.046631,1.089822
2020-09-07_03-35-06,104.08341171259598,10.76577099881297,105.08948704583928,11.760133243657547,21.5543855321889,25.420122,48PVT,50.981665,0.409118
2020-09-04_03-25-19,106.31024756233342,9.857075849513782,106.9190801917226,10.851773156092182,21.9944110928107,26.374441,48PXS,28.923687,1.20893
2020-09-12_03-35-19,104.99972536932816,9.861014510703738,106.00427689411958,10.855571229031138,20.5555273373613,26.690106,48PWS,34.409535,5.35698
2020-09-12_03-35-22,104.08464228812768,9.861265852254354,105.08920676455372,10.855570332213132,21.4087326898851,27.4963,48PVS,26.513866,12.8801
2020-09-12_03-35-01,105.91454112647963,10.762266110452462,106.92510452852471,11.758657843410626,20.045863811127,29.825313,48PXT,42.570192,1.386006
2020-09-22_03-35-02,105.91454112647963,10.76227530336869,106.92510452852471,11.758657843410626,21.0333556155678,31.735599,48PXT,40.93942,3.549619
2020-09-07_03-35-03,104.99972447777296,10.765496068187831,106.00743126841935,11.760133988205896,20.688836776919,37.574193,48PWT,32.636917,0.402361
2020-09-22_03-35-52,104.08966492388936,8.052655568438503,105.0887172101058,9.04683266589854,21.2593019958638,38.177586,48PVQ,2.119754,10.050079
2020-09-22_03-35-16,105.91193437545276,9.859048654384488,106.75466119300752,10.854211396475144,20.537220546179,40.213346,48PXS,27.910638,1.100378
2020-09-07_03-35-18,104.99972536932816,9.861014510703738,106.00427689411958,10.855571229031138,20.4413704484266,40.215142,48PWS,28.084829,0.642048
2020-09-07_03-35-50,104.08966492388936,8.052655568438503,105.0887172101058,9.04683266589854,20.9374182334093,40.415901,48PVQ,1.332129,15.163052
2020-09-22_03-35-49,104.999726884972,8.052450962132822,105.99876650307654,9.046833369621034,20.4404567733172,40.475111,48PWQ,2.031549,16.170971
2020-09-22_03-35-35,104.99972617172784,8.9570263808174,106.00139103412452,9.951498048371398,20.8673286139669,41.849699,48PWR,12.207951,3.017597
2020-09-05_03-45-21,103.17035103578527,9.85756950139428,104.17540296200518,10.854464395757088,19.7698683389379,42.959897,48PUS,12.404606,13.531493
2020-09-12_03-35-37,104.087272727106,8.95725437122164,105.0889503905584,9.9514972213457,21.1212311747854,43.265607,48PVR,5.772592,21.141805
2020-09-24_03-25-19,106.3091520049326,9.857075849513782,106.9190801917226,10.851778621833285,22.9401105892822,43.481941,48PXS,25.102916,1.061348
2020-09-12_03-35-33,104.99972617172784,8.9570263808174,106.00139103412452,9.951498048371398,20.2590861530305,45.965321,48PWR,16.898049,7.357304
2020-09-30_03-45-34,103.17560615147838,8.953902438142253,104.03573551939532,9.950107654935051,21.325933182205,46.525084,48PUR,0.130267,18.210174
2020-10-30_03-45-19,103.17035103578527,9.85756950139428,104.17545988866034,10.854464395757088,28.9412487035195,14.724181,48PUS,11.328658,3.500082
2020-10-30_03-45-34,103.17560615147838,8.953902438142253,104.0358269370011,9.95010793505726,28.1542997138128,16.078669,48PUR,0.117283,9.737141
2020-10-25_03-45-36,103.17560615147838,8.953902438142253,104.026978575266,9.95008231887246,26.8489290318332,39.347471,48PUR,0.026822,19.134061
2020-10-22_03-35-27,103.78439282923377,9.8603097644989,104.17725512940856,10.854464395757088,28.3768977510183,40.067685,48PUS,13.101223,8.459327
2020-10-20_03-45-34,103.17560615147838,8.953902438142253,104.0347323214078,9.950104771845751,25.5794037194172,41.02195,48PUR,0.150711,27.100453
2020-10-22_03-35-23,104.08464228812768,9.861265852254354,105.08920676455372,10.855570332213132,27.8035712524965,48.079453,48PVS,16.11075,27.413851
2020-11-18_03-25-19,106.3025868669912,9.857075849513782,106.9190801917226,10.851813876349471,34.8484574145389,7.618123,48PXS,41.490954,2.946833
2020-11-06_03-35-46,104.999726884972,8.052450962132822,105.99876650307654,9.046833369621034,29.5437592415942,7.835422,48PWQ,3.138095,0.704599
2020-11-16_03-35-01,104.99972447777296,10.765496068187831,106.00743126841935,11.760133988205896,34.4156701602745,8.142143,48PWT,41.746566,0.014562
2020-11-23_03-25-16,106.30970045644824,9.857075849513782,106.9190801917226,10.851775889558771,35.9408835652232,8.592146,48PXS,36.957821,0.218576
2020-11-18_03-25-07,106.50162276250192,10.761188228150424,106.92223306236994,11.378453631055306,35.6494595731143,9.51949,48PXT,49.604058,0.098932
2020-11-16_03-35-22,103.79479193710496,9.860347745720215,104.17725512940856,10.854464395757088,34.5135463957419,11.202939,48PUS,21.793066,0.0
2020-11-16_03-35-04,104.08357600138228,10.76577099881297,105.08948704583928,11.760133241240863,34.8577143763068,15.128077,48PVT,53.856331,0.0
2020-11-16_03-34-58,105.91454112647963,10.762223059753577,106.92510452852471,11.758657843410626,33.9888827869938,15.152563,48PXT,53.270453,0.133101
2020-11-06_03-35-49,104.08966492388936,8.052655568438503,105.0887172101058,9.04683266589854,30.0432354780187,15.173732,48PVQ,3.323469,0.050879
2020-11-16_03-35-19,104.08464228812768,9.861265852254354,105.08920676455372,10.855570332213132,34.0492063244613,15.350751,48PVS,20.434749,0.0
2020-11-16_03-35-12,105.91193437545276,9.859002314906489,106.76448225407908,10.854211396475144,33.1651967559467,15.417413,48PXS,44.697511,0.003117
2020-11-16_03-35-45,104.999726884972,8.052450962132822,105.99876650307654,9.046833369621034,31.9794440231456,20.821501,48PWQ,2.197322,6.819314
2020-11-21_03-35-14,105.91193437545276,9.859051970724831,106.75729222581283,10.854211396475144,34.3063511260981,21.438248,48PXS,38.07624,0.116782
2020-11-21_03-35-38,103.5861973095681,8.955673767228474,104.17938983366636,9.950485237113282,34.8257606134659,22.32109,48PUR,0.048441,16.29716
2020-11-06_03-35-35,104.087272727106,8.95725437122164,105.0889503905584,9.9514972213457,30.8232579394099,23.679825,48PVR,4.273453,10.206502
2020-11-21_03-35-00,105.91454112647963,10.762285468608525,106.9234381857874,11.758657843410626,35.1340329617518,23.87526,48PXT,38.902253,0.0021
2020-11-21_03-35-35,104.087272727106,8.95725437122164,105.0889503905584,9.9514972213457,34.3632047065325,24.658767,48PVR,5.467278,16.293469
2020-11-16_03-35-16,104.99972536932816,9.861014510703738,106.00427689411958,10.855571229031138,33.5994188366997,25.146079,48PWS,27.546751,0.014824
2020-11-21_03-35-17,104.99972536932816,9.861014510703738,106.00427689411958,10.855571229031138,34.7317300181241,26.306347,48PWS,27.820843,1.301161
2020-11-16_03-35-36,103.59547926607932,8.955709720705537,104.17938983366636,9.950485237113282,33.7181789762801,26.824252,48PUR,0.055168,16.144724
2020-11-16_03-35-27,105.90956829950066,8.955983655529991,106.5564779405794,9.950253775617009,32.3455301876655,27.023363,48PXR,18.448292,0.018027
2020-11-16_03-35-33,104.087272727106,8.95725437122164,105.0889503905584,9.9514972213457,33.2454660507974,28.079535,48PVR,5.280228,8.056546
2020-11-16_03-35-30,104.99972617172784,8.9570263808174,106.00139103412452,9.951498048371398,32.787564282886,28.609746,48PWR,15.673138,0.115332
2020-11-21_03-35-32,104.99972617172784,8.9570263808174,106.00139103412452,9.951498048371398,33.9150724663082,32.063567,48PWR,17.748789,5.643674
2020-11-06_03-35-32,104.99972617172784,8.9570263808174,106.00139103412452,9.951498048371398,30.3336691055025,32.367711,48PWR,12.224993,7.013695
2020-11-09_03-45-32,103.17560615147838,8.953902438142253,104.03819832353952,9.950114799578618,30.7366125976616,32.623458,48PUR,0.141353,31.883508
2020-11-14_03-45-20,103.17035103578527,9.85756950139428,104.17536430154831,10.854464395757088,32.7860530721185,33.562512,48PUS,20.310144,18.756025
2020-11-13_03-25-17,106.3129819463394,9.857075849513782,106.9190801917226,10.851759470877967,33.6917725726338,34.537933,48PXS,22.514689,9.050946
2020-11-21_03-35-20,104.08464228812768,9.861265852254354,105.08920676455372,10.855570332213132,35.1722266965401,35.47894,48PVS,9.511933,7.90514
2020-11-06_03-35-38,103.59383433911046,8.95570204854566,104.17938983366636,9.950485237113282,31.3282351564541,39.052217,48PUR,0.00331,12.59978
2020-11-16_03-35-48,104.08966492388936,8.052655568438503,105.0887172101058,9.04683266589854,32.4458690540429,39.216658,48PVQ,2.056261,8.331389
2020-11-21_03-35-50,104.08966492388936,8.052655568438503,105.0887172101058,9.04683266589854,33.5578779881471,40.318193,48PVQ,1.791019,21.479756
2020-11-18_03-25-34,106.10330319211448,8.953454850958392,106.91356853559611,9.948886577418998,34.0521018987848,42.47478,48PXR,8.005375,6.156101
2020-11-21_03-35-46,104.999726884972,8.052450962132822,105.99876650307654,9.046833369621034,33.1017367126968,42.501718,48PWQ,1.430125,27.52324
2020-11-26_03-35-26,105.90956829950066,8.955991040973078,106.55428918381033,9.950253775617009,34.5329145211322,45.197077,48PXR,12.046214,3.334533
2020-11-23_03-25-31,106.11094348591205,8.953454850958392,106.91356853559611,9.948856256166769,35.1398929962669,45.879245,48PXR,5.491269,5.061022
2020-11-21_03-35-24,103.78494386764422,9.86031246813253,104.17725512940856,10.854464395757088,35.6268844496662,46.912552,48PUS,4.783775,8.581632
2020-11-03_03-25-33,106.11094348591205,8.953454850958392,106.91356853559611,9.948854028868665,30.4621771210642,49.721843,48PXR,0.578692,35.474226
2020-11-01_03-35-31,105.90956829950066,8.956028771543195,106.54416588027566,9.950253775617009,28.5541833066611,49.835569,48PXR,9.999967,10.143993
2020-12-03_03-25-15,106.3102496279034,9.857075849513782,106.9190801917226,10.851770421433514,37.8269526416285,0.577771,48PXS,48.348516,4e-05
2020-12-06_03-35-10,105.91193437545276,9.859008012515364,106.7620693824903,10.854211396475144,37.1154887842791,2.311669,48PXS,62.771189,2.040295
2020-12-06_03-34-55,105.91454112647963,10.762230235258638,106.92510452852471,11.758657843410626,37.9449740239188,2.715036,48PXT,67.665088,2.507433
2020-12-06_03-35-13,104.99972536932816,9.861014510703738,106.00427689411958,10.855571229031138,37.5359133681744,2.926094,48PWS,40.624398,2.613338
2020-12-04_03-45-15,103.17035103578527,9.85756950139428,104.17545510043612,10.854464395757088,36.9057881909536,3.754993,48PUS,21.369183,3.683404
2020-12-06_03-35-28,104.99972617172784,8.9570263808174,106.00139103412452,9.951498048371398,36.7161879007254,6.462387,48PWR,34.052992,6.082561
2020-12-09_03-45-29,103.17560615147838,8.953902438142253,104.03910915219724,9.950117402330903,36.8177884040751,10.160081,48PUR,0.149304,6.880129
2020-12-21_03-35-17,104.08464228812768,9.861265852254354,105.08920676455372,10.855570332213132,39.6124874722205,10.341939,48PVS,29.739478,8.732995
2020-12-06_03-34-59,104.99972447777296,10.765496068187831,106.00743126841935,11.760133988205896,38.3592090240375,10.376042,48PWT,37.195086,8.209246
2020-12-03_03-25-30,106.11203463477744,8.953454850958392,106.91356853559611,9.948854028868665,37.0225335271074,12.746206,48PXR,9.814306,12.616262
2020-12-06_03-35-24,105.90956829950066,8.955987755861653,106.55520117056255,9.950253775617009,36.2892691628354,13.192273,48PXR,32.747781,11.134407
2020-12-04_03-45-30,103.17560579945784,8.953902175291551,104.03520942641184,9.950106359903144,36.0775185638381,13.812678,48PUR,0.176102,13.808489
2020-12-21_03-35-31,104.087272727106,8.95725437122164,105.0889503905584,9.9514972213457,38.8095222499666,14.952721,48PVR,11.572928,14.888799
2020-12-21_03-35-46,104.08966492388936,8.052655568438503,105.0887172101058,9.04683266589854,38.0098092722507,15.167488,48PVQ,6.16483,13.417795
2020-12-16_03-35-25,104.99972617172784,8.9570263808174,106.00139103412452,9.951498048371398,37.9566647839866,15.707363,48PWR,28.932446,11.901838
2020-12-06_03-35-42,104.999726884972,8.052450962132822,105.99876650307654,9.046833369621034,35.8992714811253,16.115895,48PWQ,4.36614,16.091323
2020-12-06_03-35-20,103.79315064539928,9.860341901246311,104.17725512940856,10.854464395757088,38.4171429556754,16.367185,48PUS,26.82977,14.898837
2020-12-09_03-45-14,103.17035112378667,9.85756950139428,104.17549792844729,10.854464395757088,37.6444844027863,16.570358,48PUS,20.143561,14.42942
2020-12-16_03-35-11,104.99972536932816,9.861014510703738,106.00427689411958,10.855571229031138,38.7708861194615,17.451885,48PWS,40.562358,14.351255
2020-12-21_03-35-02,104.08352815025962,10.76577099881297,105.08948704583928,11.76013324835599,40.4194605004126,20.981405,48PVT,40.026119,12.683144
2020-12-21_03-35-34,103.59219526008675,8.955695864658182,104.17938983366636,9.950485237113282,39.281549957992,21.528579,48PUR,0.050294,21.494947
2020-12-21_03-34-59,104.99972447777296,10.765496068187831,106.00743126841935,11.760133988205896,39.9723814012829,24.969005,48PWT,36.315113,10.144757
2020-12-16_03-34-53,105.91454112647963,10.762202493470715,106.92510452852471,11.758657843410626,39.1629410199965,25.311271,48PXT,51.382756,22.803819
2020-12-06_03-35-34,103.59437999697948,8.955704138593441,104.17938983366636,9.950485237113282,37.6112322917797,25.532283,48PUR,0.052419,25.339934
2020-12-26_03-35-30,104.087272727106,8.95725437122164,105.0889503905584,9.9514972213457,39.0660380535745,26.797794,48PVR,4.246854,11.083297
2020-12-16_03-35-07,105.91193437545276,9.85898913635405,106.76700756230622,10.854211396475144,38.3390625357927,28.142305,48PXS,44.052425,14.257075
2020-12-06_03-35-02,104.08362030799184,10.765771015142654,105.08948704583928,11.760133230562124,38.7868996732146,28.721566,48PVT,42.955533,18.749593
2020-12-26_03-35-33,103.59492565711692,8.955706314309193,104.17938983366636,9.950485215661471,39.5487758545738,29.089455,48PUR,0.049349,20.534059
2020-12-21_03-35-20,103.79069409499432,9.860332732165126,104.17725512940856,10.854464395757088,40.0776756232744,29.179542,48PUS,25.94561,21.357362
2020-12-29_03-45-29,103.17560615147838,8.953902438142253,104.0385629377603,9.950115825917258,38.3055167835804,29.366017,48PUR,0.062982,14.693852
2020-12-16_03-35-29,104.087272727106,8.95725437122164,105.0889503905584,9.9514972213457,38.4080428135706,29.904824,48PVR,8.38199,22.667174
2020-12-16_03-35-43,104.08966492388936,8.052655568438503,105.0887172101058,9.04683266589854,37.6036092759852,32.57108,48PVQ,2.92218,17.056254
2020-12-21_03-35-43,104.999726884972,8.052450962132822,105.99876650307654,9.046833369621034,37.5428410150812,33.393592,48PWQ,4.201141,33.351469
2020-12-21_03-35-14,104.99972536932816,9.861014510703738,106.00427689411958,10.855571229031138,39.1590650250165,35.315474,48PWS,32.399023,34.412
2020-12-06_03-35-17,104.08464228812768,9.861265852254354,105.08920676455372,10.855570332213132,37.9700838907902,35.85914,48PVS,21.459132,25.33879
2020-12-28_03-25-31,106.10657778504309,8.953454850958392,106.91356853559611,9.948875753702678,39.4882897514849,40.47463,48PXR,1.808944,27.364388
2020-12-16_03-34-56,104.99972447777296,10.765496068187831,106.00743126841935,11.760133988205896,39.5887004960258,41.101031,48PWT,28.144717,36.318618
2020-12-26_03-35-41,104.999726884972,8.052450962132822,105.99876650307654,9.046833369621034,37.7945612100832,41.11124,48PWQ,1.506156,21.995567
2020-12-06_03-35-31,104.087272727106,8.95725437122164,105.0889503905584,9.9514972213457,37.1571390620871,43.050411,48PVR,10.226778,36.122701
2020-12-26_03-34-58,104.99972447777296,10.765496068187831,106.00743126841935,11.760133988205896,40.2059074268396,43.664623,48PWT,20.341884,16.584471
2020-12-16_03-35-22,105.90956829950066,8.955971460289652,106.55948737166284,9.950253775617009,37.5184924557023,44.980543,48PXR,18.755442,26.515171
2020-12-26_03-35-45,104.08966492388936,8.052655568438503,105.0887172101058,9.04683266589854,38.272649556796,46.573147,48PVQ,1.528067,22.868985
2020-12-14_03-45-28,103.17560615147838,8.953902438142253,104.04038788345684,9.950121097833366,37.4190564511797,47.797219,48PUR,0.050268,30.089998
2021-01-15_03-35-03,104.08335677248378,10.76577099881297,105.08948704583928,11.760133219819286,40.0322356364935,0.321237,48PVT,39.25623,0.100361
2021-01-15_03-35-00,104.99972447777296,10.765496068187831,106.00743126841935,11.760133988205896,39.5148567639992,1.357146,48PWT,48.508275,0.21696
2021-01-07_03-25-17,106.30094561568528,9.857075849513782,106.9190801917226,10.85182202445896,40.1855023340907,1.926529,48PXS,48.509485,1.335908
2021-01-07_03-25-02,106.4999769652014,10.761188228150424,106.9251051589669,11.754950630777408,40.9576310993486,2.654706,48PXT,65.696883,2.201937
2021-01-15_03-34-56,105.91454112647963,10.762265072513486,106.92510452852471,11.758657843410626,39.0086103252827,3.038961,48PXT,63.094699,0.07624
2021-01-17_03-25-17,106.29821013655284,9.857075849513782,106.9190801917226,10.851835577513269,39.4784307781546,5.911879,48PXS,41.216519,3.426317
2021-01-17_03-25-03,106.49723390833452,10.761188228150424,106.92510452852471,11.75496681661158,40.2276451048871,6.200698,48PXT,59.234464,5.989615
2021-01-23_03-45-17,103.17035112378667,9.85756950139428,104.17531828143102,10.854464395757088,37.3755399277905,6.946356,48PUS,13.922366,0.054059
2021-01-15_03-35-18,104.08464228812768,9.861265852254354,105.08920676455372,10.855570332213132,39.2680017673457,8.293552,48PVS,29.705986,6.061801
2021-01-13_03-45-32,103.17560615147838,8.953902438142253,104.02542812581838,9.950077805071178,37.7537233902874,9.306293,48PUR,0.172554,9.289403
2021-01-13_03-45-17,103.17035059577822,9.85756950139428,104.17533814367636,10.854464395757088,38.5340082847046,11.732448,48PUS,19.82297,11.679778
2021-01-15_03-35-32,104.087272727106,8.95725437122164,105.0889503905584,9.9514972213457,38.5092216673799,13.249621,48PVR,7.023002,7.703339
2021-01-12_03-25-16,106.30532267455509,9.857075849513782,106.9190801917226,10.851797636091524,39.9111942989085,14.454969,48PXS,35.346177,5.550585
2021-01-25_03-35-41,104.08966492388936,8.688997661784608,105.0887172101058,9.046832673432862,36.6031756015412,14.557979,48PVQ,5.31586,9.691427
2021-01-15_03-35-21,103.78658718155154,9.86031902462032,104.17725512940856,10.854464395757088,39.8029489737273,14.588266,48PUS,27.127123,9.557758
2021-01-15_03-35-15,104.99972536932816,9.861014510703738,106.00427689411958,10.855571229031138,38.7434316041287,14.889778,48PWS,56.011331,0.13774
2021-01-17_03-25-35,106.09829442719084,8.95345441203216,106.91089948245832,9.597077695858356,38.7347948583714,16.180718,48PXR,0.769712,4.413894
2021-01-10_03-35-04,104.08347338732816,10.76577099881297,105.08948704583928,11.76013323825948,40.4230206276987,16.264125,48PVT,36.544779,15.204696
2021-01-25_03-35-33,104.087272727106,8.95725437122164,105.0889503905584,9.9514972213457,37.327725460375,17.470493,48PVR,6.109266,10.635051
2021-01-07_03-25-32,106.10112350995692,8.953454850958392,106.91356853559611,9.948890915748992,39.4181328593905,17.688947,48PXR,7.899421,17.564675
2021-01-18_03-45-34,103.1773619544165,8.953902175291551,103.91281830665456,9.624618321091551,37.2632013735594,19.819674,48PUR,0.27335,19.81104
2021-01-15_03-35-29,104.99972617172784,8.9570263808174,106.00139103412452,9.951498048371398,37.9771760268209,20.09627,48PWR,26.700932,0.994596
2021-01-15_03-35-11,105.91193437545276,9.859037191879027,106.757399141708,10.854211396475144,38.2301513084668,20.727487,48PXS,44.476289,0.0
2021-01-25_03-35-35,103.59209072137362,8.956268909589115,104.17939001101288,9.950485440491155,37.9082139447153,20.747644,48PUR,0.046955,19.791158
2021-01-25_03-35-48,104.08966492388936,8.052655535332546,105.08867358916284,9.046031623761785,36.6031756015412,21.96253,48PVQ,3.617401,16.257447
2021-01-15_03-35-35,103.58728856404532,8.955678523623996,104.17938983366636,9.950485237113282,39.0517651166971,22.027397,48PUR,0.048112,15.255867
2021-01-23_03-45-31,103.17560623948354,8.953902438142253,104.02287404954502,9.950070356193368,36.6206784301334,24.263436,48PUR,0.12372,6.541651
2021-01-20_03-35-07,105.61400314620572,10.758261851442812,106.00427689411958,10.85495859780236,38.189622599534,24.628336,48PWS,69.6931,14.90462
2021-01-12_03-25-24,106.26579858815028,9.564552464828925,106.91356853559611,9.948873618654376,39.1549692573885,24.973925,48PXR,13.60478,6.765714
2021-01-17_03-25-28,106.20202087732676,9.302036323815065,106.91356853559611,9.948901871845347,38.7347948583714,27.428339,48PXR,6.166927,5.119088
2021-01-25_03-35-26,105.90956829950066,8.956017060907772,106.5469928907027,9.950253775617009,36.1976733418121,28.544293,48PXR,16.752124,8.47241
2021-01-18_03-45-16,103.17035103578527,9.85756950139428,104.17540101124794,10.854464395757088,38.0314875681851,30.387094,48PUS,18.863279,30.17891
2021-01-25_03-35-40,104.999726884972,8.46440821939158,105.99876650307654,9.046833369621034,36.0242387888365,32.662456,48PWQ,1.919689,18.402486
2021-01-20_03-35-06,105.914540857602,10.762576592715854,106.67900378335054,10.958928459064545,38.4242078349498,32.825014,48PXT,48.329601,28.475776
2021-01-20_03-35-06,105.91458154776102,10.57929965654745,106.74679725882024,10.854211396475144,37.6577941113155,33.233838,48PXS,36.388266,32.422563
2021-01-25_03-35-46,104.99972697412753,8.05245072822264,105.99768146233174,8.887409924033248,36.0242387888365,33.815543,48PWQ,1.525866,29.291981
2021-01-12_03-25-32,106.10603150735582,8.95345441203216,106.91239048123349,9.850849785622133,39.1549692573885,34.086206,48PXR,2.904986,8.939961
2021-01-18_03-45-28,103.17560615147838,9.26439734823846,104.030536064532,9.950092635464118,37.2632013735594,34.13896,48PUR,0.039426,33.643019
2021-01-15_03-35-26,105.90956829950066,8.956010448717338,106.54881779472072,9.950253775617009,37.4565678571021,34.716362,48PXR,15.679936,0.655276
2021-01-25_03-35-21,103.7849438676442,9.86031245021626,104.17725512940856,10.854464395757088,38.6306744961315,35.373523,48PUS,11.647052,12.930721
2021-01-15_03-35-47,104.08966492388936,8.052655568438503,105.0887172101058,9.04683266589854,37.755310638077,35.979488,48PVQ,0.924221,10.834868
2021-01-15_03-35-44,104.999726884972,8.052450962132822,105.99876650307654,9.046833369621034,37.2154947877575,40.50688,48PWQ,0.713568,9.901643
2021-01-20_03-35-09,104.0834647918538,10.765770749987151,105.08929364991675,11.326858845644733,39.4840972774763,43.656991,48PVT,27.235588,19.077653
2021-01-02_03-25-14,106.3080578005358,9.857075849513782,106.9190801917226,10.851783999589903,40.3119535380222,44.179964,48PXS,18.044911,0.427784
2021-01-25_03-35-11,105.91193437545276,9.859045466178475,106.75438706700722,10.854211396475144,36.9444678955466,46.952985,48PXS,12.026733,5.575661
2021-02-19_03-35-17,104.08464228812768,9.861265852254354,105.08920676455372,10.855570332213132,32.9447038387799,0.11568,48PVS,33.583325,0.00853
2021-02-19_03-35-00,104.99972447777296,10.765496068187831,106.00743126841935,11.760133988205896,32.9183602231915,0.158563,48PWT,50.430238,0.0
2021-02-19_03-35-21,103.78166119040527,9.860300559330668,104.17725512940856,10.854464395757088,33.6258430953895,0.185837,48PUS,31.439313,0.001824
2021-02-19_03-35-03,104.08344254995868,10.765770749987151,105.08948704583928,11.760133219087788,33.5812135887452,0.474246,48PVT,35.334283,0.001032
2021-02-19_03-35-14,104.99972536932816,9.861014510703738,106.00427689411958,10.855571229031138,32.2718928637152,0.79884,48PWS,80.212563,0.408755
2021-02-16_03-25-01,106.49778411687517,10.761188228150424,106.92510452852471,11.754963475686749,34.8202425707025,0.819877,48PXT,60.65287,4.2e-05
2021-02-19_03-34-56,105.91454112647963,10.762303823846514,106.92510452852471,11.758657843410626,32.26511341929,1.032529,48PXT,70.843977,0.000245
2021-02-19_03-35-11,105.91193437545276,9.859069000076712,106.7489926312458,10.854211396475144,31.6085637165908,1.66071,48PXS,73.127657,5.5e-05
2021-02-27_03-45-15,103.17035103578527,9.85756950139428,104.17541165174237,10.854464395757088,29.6628433772219,3.849188,48PUS,16.323389,0.005693
2021-02-06_03-25-01,106.49558194300684,10.761188228150424,106.92510452852471,11.754977121054926,37.0689524923592,3.851983,48PXT,43.66301,1.559539
2021-02-19_03-35-32,104.087272727106,8.95725437122164,105.0889503905584,9.9514972213457,32.3197570498331,4.428595,48PVR,9.533877,2.127113
2021-02-27_03-45-29,103.17560579945784,8.953902438142253,104.03144693173336,9.950095256081536,29.0622986989576,5.143378,48PUR,0.087418,0.013846
2021-02-01_03-25-01,106.50052601232552,10.761188228150424,106.92510452852471,11.754946914161684,38.0467986421991,6.331282,48PXT,50.80924,4.832888
2021-02-12_03-45-29,103.17560615147838,8.953902438142253,104.02479099743027,9.95007592145812,32.812646375765,7.53476,48PUR,0.082629,7.7e-05
2021-02-16_03-25-15,106.29821049576108,9.857075849513782,106.9190801917226,10.851830161839407,34.181264110199,10.120077,48PXS,27.463159,0.011702
2021-02-17_03-45-29,103.17560615147838,8.953902438142253,104.02871248783885,9.95008738515672,31.6204649195019,12.185068,48PUR,0.034924,4.1e-05
2021-02-12_03-45-15,103.17035112378667,9.85756950139428,104.17533184805366,10.854464395757088,33.4949570380719,12.967441,48PUS,13.340111,0.365478
2021-02-04_03-35-11,105.91193437545276,9.859051193002072,106.75274150814604,10.854211396475144,35.1205769503355,17.738606,48PXS,60.231709,17.238206
2021-02-09_03-35-17,104.08464228812768,9.861265852254354,105.08920676455372,10.855570332213132,35.2812877744022,18.100962,48PVS,26.382372,11.834188
2021-02-09_03-35-25,105.90956829950066,8.956042995823312,106.53978891177624,9.950253775617009,33.345903101293,18.302171,48PXR,22.318056,7.63361
2021-02-16_03-25-30,106.0989406225034,8.953454850958392,106.91356853559611,9.948901705730684,33.5529290868952,19.823023,48PXR,4.053409,3.189699
2021-02-09_03-35-28,104.99972617172784,8.9570263808174,106.00139103412452,9.951498048371398,33.9713044002346,20.037371,48PWR,36.161166,8.77465
2021-02-24_03-35-13,104.99972536932816,9.861014510703738,106.00427689411958,10.855571229031138,30.9890670677813,21.963965,48PWS,44.790107,0.449554
2021-02-09_03-35-14,104.99972536932816,9.861014510703738,106.00427689411958,10.855571229031138,34.6550579458318,21.970193,48PWS,53.510791,5.958849
2021-02-09_03-35-20,103.77947275390147,9.860292667170937,104.17725512940856,10.854464395757088,35.9166203635839,22.60541,48PUS,16.533822,10.084485
2021-02-24_03-34-55,105.91454112647963,10.76226714826,106.92510452852471,11.758657843410626,30.9305051851408,22.876889,48PXT,39.682782,0.143686
2021-02-19_03-35-35,103.5818383859381,8.955657665930259,104.17938983366636,9.950485237113282,33.0109086611882,23.718348,48PUR,0.050519,1.54706
2021-02-09_03-35-10,105.91193437545276,9.859078369937915,106.74915434902285,10.854211396475144,34.0390122578986,23.957218,48PXS,43.465835,2.783141
2021-02-09_03-35-34,103.58020139912334,8.95565142280596,104.17938983366636,9.950485237113282,35.2514587398265,24.411518,48PUR,0.049344,13.29367
2021-02-19_03-35-29,104.99972617172784,8.9570263808174,106.00139103412452,9.951498048371398,31.636771774464,24.571882,48PWR,37.570062,4.422484
2021-02-09_03-35-03,104.08334986066474,10.76577099881297,105.08948704583928,11.76013323780921,35.9648199005451,24.762134,48PVT,19.641031,1.981391
2021-02-24_03-35-31,104.087272727106,8.95725437122164,105.0889503905584,9.9514972213457,31.0907218861666,25.102667,48PVR,4.722446,8.560482
2021-02-22_03-45-30,103.17560615147838,8.953902438142253,104.02588402915222,9.950079120459735,30.3577888067856,25.276204,48PUR,0.102276,3.134442
2021-02-21_03-25-29,106.10548603863216,8.953454850958392,106.91356853559611,9.94887797008472,32.3720925834753,26.489354,48PXR,2.925438,18.243027
2021-02-24_03-35-42,104.999726884972,8.052450962132822,105.99876650307654,9.046833369621034,29.7899490990112,27.108553,48PWQ,1.457825,17.442434
2021-02-09_03-35-46,104.08966492388936,8.052655568438503,105.0887172101058,9.04683266589854,33.9412859696602,27.682854,48PVQ,1.253224,13.186237
2021-02-04_03-35-21,103.7838516077264,9.860309121168592,104.17725512940856,10.854464395757088,36.9316961974745,28.749175,48PUS,19.462608,14.386617
2021-02-14_03-35-42,104.999726884972,8.052450962132822,105.99876650307654,9.046833369621034,32.1924073301553,30.271927,48PWQ,1.257133,20.873968
2021-02-09_03-34-56,105.91454112647963,10.762317093413303,106.92510452852471,11.758657843410626,34.7407006241591,30.353887,48PXT,38.72219,0.582198
2021-02-24_03-35-10,105.91193437545276,9.859038014773622,106.7557593203118,10.854211396475144,30.3009114561618,30.610183,48PXS,34.347782,0.41627
2021-02-21_03-25-14,106.30423136454318,9.857075849513782,106.9190801917226,10.851800358829236,32.9725562559047,30.800586,48PXS,15.560532,12.20281
2021-02-19_03-35-25,105.90956829950066,8.956035152345432,106.541704111,9.950253775617009,30.9631233369033,31.211822,48PXR,24.56588,0.027155
2021-02-14_03-35-10,105.91193437545276,9.859050376530575,106.75355515156122,10.854211396475144,32.8648286261526,31.441881,48PXS,35.604879,1.503587
2021-02-04_03-35-17,104.08464228812768,9.861265852254354,105.08920676455372,10.855570332213132,36.3182365848609,31.758876,48PVS,11.212846,14.965853
2021-02-24_03-35-28,104.99972617172784,8.9570263808174,106.00139103412452,9.951498048371398,30.3830086915744,32.723086,48PWR,18.515453,2.806351
2021-02-02_03-45-16,103.17035059577822,9.85756950139428,104.17529593640832,10.854464395757088,35.6623865314552,33.09536,48PUS,5.527993,9.593581
2021-02-14_03-35-13,104.99972536932816,9.861014510703738,106.00427689411958,10.855571229031138,33.5041511045381,33.994042,48PWS,34.386796,2.767569
2021-02-09_03-35-32,104.087272727106,8.95725437122164,105.0889503905584,9.9514972213457,34.6068571503544,34.112425,48PVR,3.578286,16.811106
2021-02-14_03-35-02,104.08330165516703,10.76577099881297,105.08948704583928,11.760133214487114,34.814642583604,35.960649,48PVT,7.661144,3.361822
2021-02-14_03-34-59,104.99972447777296,10.765496068187831,106.00743126841935,11.760133988205896,34.1749627081289,36.21122,48PWT,12.460586,1.059134
2021-02-01_03-25-16,106.30149269797856,9.857075849513782,106.9190801917226,10.851816878378974,37.3437973098332,36.430374,48PXS,19.178344,17.973106
2021-02-24_03-35-02,104.08334294884604,10.76577099881297,105.08948704583928,11.760133214487114,32.2948855789262,36.962912,48PVT,9.70692,1.15907
2021-02-17_03-45-14,103.17035112378667,9.85756950139428,104.17538265639692,10.854464395757088,32.2787309281454,37.340546,48PUS,4.470852,0.000159
2021-02-22_03-45-16,103.17035103578527,9.85756950139428,104.17534585803132,10.854464395757088,30.9890267858969,37.601952,48PUS,7.013043,7.765713
2021-02-14_03-35-46,104.08966492388936,8.052655568438503,105.0887172101058,9.04683266589854,32.8613776041739,37.632864,48PVQ,1.238108,25.084528
2021-02-14_03-35-28,104.99972617172784,8.9570263808174,106.00139103412452,9.951498048371398,32.8433675721858,37.876633,48PWR,23.052801,9.909089
2021-02-09_03-35-43,104.999726884972,8.052450962132822,105.99876650307654,9.046833369621034,33.2961162834939,39.876994,48PWQ,1.024001,25.30463
2021-02-19_03-35-47,104.08966492388936,8.052655568438503,105.0887172101058,9.04683266589854,31.7063748717988,40.052006,48PVQ,1.584388,6.935693
2021-02-24_03-34-59,104.99972447777296,10.765496068187831,106.00743126841935,11.760133988205896,31.6081018042462,42.38062,48PWT,13.339892,0.212017
2021-02-19_03-35-43,104.999726884972,8.052450962132822,105.99876650307654,9.046833369621034,31.0129760099886,43.509631,48PWQ,0.539355,19.264147
2021-02-24_03-35-24,105.90956829950066,8.956012554219578,106.54863500691162,9.950253775617009,29.6840770000298,45.422182,48PXR,7.588112,4.905413
2021-02-04_03-35-25,105.90956829950066,8.956022097994357,106.54580833433198,9.950253775617009,34.407471866312,46.15445,48PXR,28.407538,22.354202
2021-02-04_03-35-29,104.99972617172784,8.9570263808174,106.00139103412452,9.951498048371398,35.0099741325532,47.734222,48PWR,30.499321,34.053269
2021-02-14_03-35-24,105.90956829950066,8.956020749945552,106.54608147851084,9.950253775617009,32.1941917211529,48.162637,48PXR,8.437841,10.196502
2021-02-14_03-35-31,104.087272727106,8.95725437122164,105.0889503905584,9.9514972213457,33.5023203092846,48.628971,48PVR,4.470101,6.646119
2021-02-04_03-35-03,104.08346656411652,10.76577099881297,105.08948704583928,11.760133220371529,37.0216807982433,48.825524,48PVT,9.843718,42.49683
2021-02-24_03-35-34,103.5878403749849,8.955680618176132,104.17938983366636,9.950485237113282,31.8060200724819,49.527821,48PUR,0.011538,9.394304
2021-03-06_03-34-56,105.91454112647963,10.76226509236903,106.92510452852471,11.758657843410626,28.1569489774729,0.203377,48PXT,66.712636,0.000273
2021-03-03_03-25-30,106.10494066114646,8.953454850958392,106.91356853559611,9.94887797008472,29.889054839998,0.256567,48PXR,6.316034,0.0
2021-03-31_03-35-01,104.08343909404702,10.76577099881297,105.08948704583928,11.760133254715749,23.5627477845382,0.992689,48PVT,22.62594,0.514775
2021-03-31_03-34-58,104.99972447777296,10.765496068187831,106.00743126841935,11.760133988205896,22.7089357964008,1.458904,48PWT,26.193172,1.034808
2021-03-06_03-35-00,104.99972447777296,10.765496068187831,106.00743126841935,11.760133988205896,28.8851288496767,1.511518,48PWT,38.47056,5.6e-05
2021-03-06_03-35-03,104.08350759200457,10.76577099881297,105.08948704583928,11.76013323825948,29.621332326248,1.78816,48PVT,27.9535,0.000113
2021-03-16_03-35-35,103.58892767005518,8.955684810911857,104.17938983366636,9.950485237113282,26.9071387108564,2.153036,48PUR,0.033861,0.0
2021-03-11_03-34-56,105.91454112647963,10.762276272553756,106.92510452852471,11.758657843410626,26.7702229399263,2.578998,48PXT,63.037896,1.556372
2021-03-16_03-35-00,104.99972447777296,10.765496068187831,106.00743126841935,11.760133988205896,26.2015129217113,2.609925,48PWT,23.316978,3e-06
2021-03-11_03-35-11,105.91193437545276,9.859045466178475,106.75393034108248,10.854211396475144,26.2452195052013,3.135485,48PXS,64.119065,0.000183
2021-03-03_03-25-15,106.30422849079184,9.857075849513782,106.9190801917226,10.851803080374916,30.4234270623748,3.556566,48PXS,34.692878,0.0
2021-03-21_03-35-34,103.59029547621664,8.95568891746907,104.17938983366636,9.950485237113282,25.795328717221,3.770967,48PUR,0.0505,2.406359
2021-03-31_03-35-12,104.99972536932816,9.861014510703738,106.00427689411958,10.855571229031138,22.4131616364599,3.869404,48PWS,48.238203,2.417723
2021-03-11_03-35-00,104.99972447777296,10.765496068187831,106.00743126841935,11.760133988205896,27.524424920534,3.88801,48PWT,33.169514,0.829549
2021-03-16_03-34-56,105.91454112647963,10.762258896361178,106.92510452852471,11.758657843410626,25.4212715186809,4.015759,48PXT,44.714573,0.037788
2021-03-26_03-34-56,105.91454112647963,10.762240457488865,106.92510452852471,11.758657843410626,22.9340481501817,4.030197,48PXT,59.650785,2.715801
2021-03-06_03-35-17,104.08464228812768,9.861265852254354,105.08920676455372,10.855570332213132,29.0791317380752,5.116865,48PVS,25.121152,2.7e-05
2021-03-28_03-25-29,106.11148896986587,8.953454850958392,106.91356853559611,9.948854028868665,24.2042528348307,5.14739,48PXR,4.119908,0.000111
2021-03-06_03-35-10,105.91193437545276,9.859038833047483,106.75603371799043,10.854211396475144,27.5924265104488,5.544881,48PXS,63.920522,8.2e-05
2021-03-21_03-35-32,104.087272727106,8.95725437122164,105.0889503905584,9.9514972213457,24.9611748561643,5.618571,48PVR,4.922462,2.600715
2021-03-06_03-35-35,103.58783631364793,8.955680618176132,104.17938983366636,9.950485237113282,29.3181670600721,5.685174,48PUR,0.045141,0.012969
2021-03-08_03-25-02,106.50217181390671,10.761188228150424,106.92510452852471,11.754940299445536,29.6464851540098,6.094007,48PXT,52.999514,1.453677
2021-03-21_03-35-46,104.08966492388936,8.052655568438503,105.0887172101058,9.04683266589854,24.6041885226027,6.153022,48PVQ,3.204117,4.934074
2021-03-06_03-35-21,103.78713433835144,9.86032098398257,104.17725512940856,10.854464395757088,29.8327824361599,7.651821,48PUS,25.277558,0.0
2021-03-06_03-35-43,104.999726884972,8.052450962132822,105.99876650307654,9.046833369621034,27.276623176465,7.709311,48PWQ,2.345075,5.061901
2021-03-31_03-35-15,104.08464228812768,9.861265852254354,105.08920676455372,10.855570332213132,23.2749809057272,7.864547,48PVS,19.602169,7.646094
2021-03-11_03-35-15,104.99972536932816,9.861014510703738,106.00427689411958,10.855571229031138,27.0109166579382,7.870501,48PWS,59.610915,2.626325
2021-03-06_03-35-32,104.087272727106,8.95725437122164,105.0889503905584,9.9514972213457,28.5538593002798,9.036052,48PVR,6.239511,0.0
2021-03-04_03-45-31,103.17560615147838,8.953902438142253,104.02706848131344,9.950082598130138,27.7421160765199,9.406775,48PUR,0.061469,0.875271
2021-03-06_03-35-14,104.99972536932816,9.861014510703738,106.00427689411958,10.855571229031138,28.3319401296357,10.532365,48PWS,60.661572,0.0
2021-03-31_03-35-19,103.7942448376504,9.860345797419162,104.17725512940856,10.854464395757088,24.1379428735395,10.584384,48PUS,29.197389,8.90462
2021-03-16_03-35-32,104.087272727106,8.95725437122164,105.0889503905584,9.9514972213457,26.0949774330335,10.633143,48PVR,1.997598,0.000202
2021-03-16_03-35-47,104.08966492388936,8.052655568438503,105.0887172101058,9.04683266589854,25.6817581019262,11.384485,48PVQ,0.835422,0.146343
2021-03-16_03-35-03,104.08345282908112,10.76577099881297,105.08948704583928,11.760133224332012,26.9880075068094,11.847057,48PVT,13.2596,2.1e-05
2021-03-21_03-35-20,103.789322810921,9.8603282391086,104.17725512940856,10.854464395757088,26.1681383739984,12.4726,48PUS,15.635306,0.000132
2021-03-21_03-35-14,104.99972536932816,9.861014510703738,106.00427689411958,10.855571229031138,24.5221979740895,12.660267,48PWS,38.696879,1.184074
2021-03-14_03-45-30,103.17560615147838,8.953902438142253,104.0303543878512,9.9500921586178,25.1633147317981,12.975767,48PUR,0.077842,7.6e-05
2021-03-04_03-45-16,103.17035112378667,9.85756950139428,104.17536332616994,10.854464395757088,28.3078883109373,14.776293,48PUS,9.711714,4e-06
2021-03-31_03-35-09,105.91193437545276,9.859011476742364,106.76227367907263,10.854211396475144,21.5534350135315,14.951809,48PXS,45.684043,0.87454
2021-03-28_03-25-14,106.31024944828864,9.857075849513782,106.9190801917226,10.851770421433514,24.4892975852853,15.422449,48PXS,21.680395,0.023146
2021-03-06_03-35-25,105.90956829950066,8.956011812065725,106.54854383784162,9.950253775617009,27.0447257651442,15.677241,48PXR,25.065014,0.000215
2021-03-31_03-34-54,105.91454112647963,10.762233229776076,106.92510452852471,11.758657843410626,21.8577833888798,16.001604,48PXT,44.736472,3.743029
2021-03-21_03-35-28,104.99972617172784,8.9570263808174,106.00139103412452,9.951498048371398,24.1299334986719,16.687844,48PWR,24.622762,3.230903
2021-03-06_03-35-46,104.08966492388936,8.052655568438503,105.0887172101058,9.04683266589854,28.0458970643475,17.036297,48PVQ,3.322411,13.917641
2021-03-06_03-35-29,104.99972617172784,8.9570263808174,106.00139103412452,9.951498048371398,27.7956401472032,17.080966,48PWR,29.621559,0.160696
2021-03-21_03-35-43,104.999726884972,8.052450962132822,105.99876650307654,9.046833369621034,23.7634302141244,17.193692,48PWQ,2.098381,12.903634
2021-03-16_03-35-43,104.999726884972,8.052450962132822,105.99876650307654,9.046833369621034,24.8632575639243,18.036347,48PWQ,0.788285,6.72739
2021-03-01_03-35-00,104.99972447777296,10.765496068187831,106.00743126841935,11.760133988205896,30.2506037882245,19.834157,48PWT,29.768956,0.901357
2021-03-01_03-35-44,104.999726884972,8.052450962132822,105.99876650307654,9.046833369621034,28.5304864849054,19.944981,48PWQ,1.013072,3.920166
2021-03-21_03-35-17,104.08464228812768,9.861265852254354,105.08920676455372,10.855570332213132,25.3434465345363,20.106184,48PVS,10.372089,1.298927
2021-03-13_03-25-15,106.30586940942646,9.857075849513782,106.9190801917226,10.851794912161768,27.8731455014362,21.058559,48PXS,18.694322,9.718373
2021-03-08_03-25-16,106.30313395371024,9.857075849513782,106.9190801917226,10.85180851989022,29.1339687833712,21.282571,48PXS,26.121619,20.08228
2021-03-16_03-35-14,104.99972536932816,9.861014510703738,106.00427689411958,10.855571229031138,25.733196624207,22.242846,48PWS,29.970199,1e-05
2021-03-11_03-35-26,105.90956829950066,8.956018380126002,106.54699352007027,9.950253775617009,25.7395935762356,22.70048,48PXR,25.74493,3.627733
2021-03-01_03-34-57,105.91454112647963,10.76229366981466,106.92510452852471,11.758657843410626,29.548061320464,23.352812,48PXT,49.407974,0.737578
2021-03-16_03-35-11,105.91193437545276,9.859032176939184,106.7571311320947,10.854211396475144,24.9415469928613,23.804222,48PXS,27.400741,0.0
2021-03-14_03-45-16,103.17035103578527,9.85756950139428,104.17540047922324,10.854464395757088,25.6439235380751,23.862349,48PUS,7.859281,0.011656
2021-03-21_03-34-59,104.99972447777296,10.765496068187831,106.00743126841935,11.760133988205896,24.939408528481,24.271154,48PWT,11.593674,0.860405
2021-03-18_03-25-30,106.10657778504309,8.953454850958392,106.91356853559611,9.948873618654376,26.2590885981254,24.356808,48PXR,2.564607,4.520143
2021-03-21_03-35-10,105.91193437545276,9.859033823581075,106.75737646257444,10.854211396475144,23.7055209913081,25.271571,48PXS,26.628965,1.362711
2021-03-21_03-34-56,105.91454112647963,10.762259960274266,106.92510452852471,11.758657843410626,24.1337161501539,26.9727,48PXT,25.554994,0.620743
2021-03-01_03-35-11,105.91193437545276,9.85906271574876,106.75082111990108,10.854211396475144,28.9488538021327,27.776319,48PXS,44.569159,0.510492
2021-03-29_03-45-15,103.17035103578527,9.85756950139428,104.17546902175512,10.854464395757088,22.1443428495465,28.423882,48PUS,8.207169,7.683873
2021-03-01_03-35-35,103.58347115542804,8.955663911022066,104.17938983366636,9.950485237113282,30.5614489383711,28.927981,48PUR,0.050853,16.555728
2021-03-11_03-35-29,104.99972617172784,8.9570263808174,106.00139103412452,9.951498048371398,26.5167555689322,29.282549,48PWR,29.473191,2.764609
2021-03-01_03-35-47,104.08966492388936,8.052655568438503,105.0887172101058,9.04683266589854,29.2742664371073,30.060959,48PVQ,1.771683,14.934516
2021-03-01_03-35-21,103.78276147873584,9.860305184771292,104.17725512940856,10.854464395757088,31.1134728957221,30.208948,48PUS,11.469528,5.874303
2021-03-23_03-25-15,106.3075110597724,9.857075849513782,106.9190801917226,10.851786728288031,25.5224031388557,30.244999,48PXS,19.599752,27.066571
2021-03-31_03-35-27,104.99972617172784,8.9570263808174,106.00139103412452,9.951498048371398,22.1484776882528,30.723421,48PWR,28.302372,20.475489
2021-03-01_03-35-18,104.08464228812768,9.861265852254354,105.08920676455372,10.855570332213132,30.3843231258849,30.891586,48PVS,15.00849,5.298616
2021-03-13_03-25-30,106.10657859248371,8.953454850958392,106.91356853559611,9.94887140008916,27.422355679685,31.148441,48PXR,4.841676,27.806485
2021-03-09_03-45-30,103.17560615147838,8.953902438142253,104.03254311599451,9.950098432357816,26.4367870777109,31.740672,48PUR,0.120611,24.410301
2021-03-21_03-35-25,105.90956829950066,8.956007964832308,106.54963813898743,9.950253775617009,23.3026950767892,32.007887,48PXR,11.909438,4.48422
2021-03-01_03-35-15,104.99972536932816,9.861014510703738,106.00427689411958,10.855571229031138,29.6623812596428,32.569599,48PWS,43.406478,0.460506
2021-03-29_03-45-29,103.17560615147838,8.953902438142253,104.0363897943938,9.950109513145344,21.8393846539475,33.06724,48PUR,0.086481,10.438194
2021-03-16_03-35-17,104.08464228812768,9.861265852254354,105.08920676455372,10.855570332213132,26.5305960238727,33.103357,48PVS,6.689271,4.3e-05
2021-03-01_03-35-04,104.08339797756592,10.765771015142654,105.08948704583928,11.760133218225423,30.9618232219481,33.297138,48PVT,15.759514,0.20017
2021-03-01_03-35-29,104.99972617172784,8.9570263808174,106.00139103412452,9.951498048371398,29.0889180022904,34.350162,48PWR,23.871684,2.45619
2021-03-16_03-35-29,104.99972617172784,8.9570263808174,106.00139103412452,9.951498048371398,25.2868796207866,35.303651,48PWR,15.515275,0.291688
2021-03-01_03-35-33,104.087272727106,8.95725437122164,105.0889503905584,9.9514972213457,29.821730658226,35.340796,48PVR,4.240162,12.490589
2021-03-01_03-35-26,105.90956803063008,8.956030522007394,106.54316259414875,9.950253775617009,28.3642263890119,35.541371,48PXR,17.818567,1.156027
2021-03-09_03-45-16,103.17035112378667,9.85756950139428,104.17542468634907,10.854464395757088,26.9627307843281,38.71105,48PUS,8.039956,15.984499
2021-03-24_03-45-29,103.17560579945784,8.953902175291551,104.03436718570616,9.950103980458008,22.838526759272,39.962772,48PUR,0.16933,9.745283
2021-03-16_03-35-25,105.90956829950066,8.95600671947837,106.54991101834226,9.950253775617009,24.4840045117188,40.646741,48PXR,7.682616,0.123333
2021-03-21_03-35-03,104.08343909404702,10.76577099881297,105.08948704583928,11.760133221363992,25.7502399040054,45.198867,48PVT,3.574174,0.413813
2021-03-16_03-35-21,103.7882325492348,9.860324906795476,104.17725512940856,10.854464395757088,27.332563304925,45.315541,48PUS,5.651513,9.6e-05
2021-03-11_03-35-44,104.999726884972,8.052450962132822,105.99876650307654,9.046833369621034,26.0424051139114,45.32967,48PWQ,0.399411,16.544573
2021-03-11_03-35-47,104.08966492388936,8.052655568438503,105.0887172101058,9.04683266589854,26.8367978377394,46.566582,48PVQ,1.044768,13.402836
2021-03-11_03-35-35,103.58728653338532,8.955677181243649,104.17938983366636,9.950485237113282,28.0888905930814,47.693941,48PUR,0.048562,29.39238
2021-03-18_03-25-15,106.30532267455509,9.857075849513782,106.9190801917226,10.851797636091524,26.6603014164525,49.753156,48PXS,7.877343,0.5492
2021-04-07_03-25-12,106.31626447710404,9.857075849513782,106.9190801917226,10.85174309742994,22.8264440912467,2.261855,48PXS,29.830354,1.410883
2021-04-13_03-45-25,103.17560579945784,8.953902438142253,104.0455869967226,9.950135949975191,19.8372420445489,11.296259,48PUR,0.077768,4.035009
2021-04-07_03-25-27,106.11749190591874,8.953454850958392,106.91356853559611,9.948830046936456,22.6783983107938,13.279055,48PXR,4.234963,12.751769
2021-04-10_03-35-31,103.60148179087022,8.955732430495507,104.17938983366636,9.950485237113282,22.5574499904247,15.068638,48PUR,0.049519,15.051341
2021-04-10_03-35-28,104.087272727106,8.95725437122164,105.0889503905584,9.9514972213457,21.6706898416585,15.529036,48PVR,5.642772,12.91292
2021-04-10_03-35-39,104.999726884972,8.052450962132822,105.99876650307654,9.046833369621034,20.7060252064178,16.212624,48PWQ,1.128901,4.945614
2021-04-10_03-35-25,104.99972617172784,8.9570263808174,106.00139103412452,9.951498048371398,20.7833263828557,17.693282,48PWR,21.52252,3.9458
2021-04-25_03-35-42,104.08966492388936,8.052655568438503,105.0887172101058,9.04683266589854,21.1215953140407,17.770684,48PVQ,2.801477,7.579633
2021-04-25_03-35-39,104.999726884972,8.052450962132822,105.99876650307654,9.046833369621034,20.2636409167227,19.561856,48PWQ,1.224744,10.648333
2021-04-20_03-34-59,104.08367826105828,10.765771015142654,105.08948704583928,11.760133231872322,20.9798714085604,20.694458,48PVT,24.451892,1.953352
2021-04-30_03-34-54,105.91454112647963,10.762218877412892,106.92510452852471,11.758657843410626,18.9922394794019,21.770232,48PXT,41.616011,0.324571
2021-04-12_03-25-13,106.31462428281128,9.857075849513782,106.9190801917226,10.85175133359274,22.2307823973282,23.323493,48PXS,19.651297,2.807487
2021-04-12_03-25-27,106.1158549598136,8.953454850958392,106.91356853559611,9.948836592256685,22.1565303887026,25.133818,48PXR,1.986621,9.18723
2021-04-15_03-35-40,104.999726884972,8.052450962132822,105.99876650307654,9.046833369621034,20.371716685233,26.186724,48PWQ,0.498021,15.181379
2021-04-30_03-35-30,104.087272727106,8.95725437122164,105.0889503905584,9.9514972213457,21.0595744584696,26.609151,48PVR,2.806872,12.620319
2021-04-30_03-35-41,104.999726884972,8.052450962132822,105.99876650307654,9.046833369621034,20.4424247407067,27.024937,48PWQ,1.174226,13.580005
2021-04-10_03-35-43,104.08966492388936,8.052655568438503,105.0887172101058,9.04683266589854,21.5940150514619,27.135341,48PVQ,1.388074,8.806855
2021-04-13_03-45-11,103.17035103578527,9.85756950139428,104.17557294400096,10.854464395757088,19.9102340444191,27.554138,48PUS,11.201871,4.207259
2021-04-20_03-35-42,104.08966492388936,8.052655568438503,105.0887172101058,9.04683266589854,21.1045133777,28.028039,48PVQ,2.433721,21.355383
2021-04-10_03-35-17,103.8008102659646,9.860369189040352,104.17725512940856,10.854464395757088,22.6676746671496,28.422102,48PUS,7.735606,8.540751
2021-04-30_03-35-12,104.99972536932816,9.861014510703738,106.00427689411958,10.855571229031138,20.015688654568,28.617355,48PWS,31.965682,1.001029
2021-04-30_03-35-27,104.99972617172784,8.9570263808174,106.00139103412452,9.951498048371398,20.2107913728025,30.787247,48PWR,14.852919,2.354727
2021-04-15_03-35-43,104.08966492388936,8.052655568438503,105.0887172101058,9.04683266589854,21.2560686247812,30.969695,48PVQ,1.204492,21.013302
2021-04-30_03-35-16,104.08464228812768,9.861265852254354,105.08920676455372,10.855570332213132,20.8745120508648,31.877512,48PVS,7.313848,5.857598
2021-04-25_03-35-24,104.99972617172784,8.9570263808174,106.00139103412452,9.951498048371398,20.1027126671191,32.28376,48PWR,15.259314,3.359061
2021-04-30_03-35-09,105.91193437545276,9.858999843836392,106.76453787373208,10.854211396475144,19.159534508654,32.713069,48PXS,29.758677,0.196423
2021-04-30_03-35-24,105.90956829950066,8.955982514208761,106.55702551541223,9.950253775617009,19.3655000642429,32.920845,48PXR,13.807487,4.87474
2021-04-20_03-34-56,104.99972447777296,10.765496068187831,106.00743126841935,11.760133988205896,20.092970667839,33.10104,48PWT,18.735705,4.239854
2021-04-25_03-35-06,105.91193437545276,9.85897573635887,106.77107831961672,10.854211396475144,19.1069056549981,34.394841,48PXS,34.810716,0.862709
2021-04-02_03-25-29,106.11149184083808,8.953454850958392,106.91356853559611,9.948851882902318,23.3592521292175,34.485837,48PXR,1.211314,24.759039
2021-04-30_03-35-45,104.08966492388936,8.052655568438503,105.0887172101058,9.04683266589854,21.2799886430246,35.475115,48PVQ,1.253845,12.215849
2021-04-25_03-34-58,104.08364423356682,10.765771015142654,105.08948704583928,11.760133229237391,20.7748558484236,36.823483,48PVT,19.24413,1.342414
2021-04-05_03-35-19,103.79479193710496,9.860347846018158,104.17725512940856,10.854464395757088,23.3173138731926,37.237432,48PUS,17.978984,7.834928
2021-04-20_03-35-39,104.999726884972,8.052450962132822,105.99876650307654,9.046833369621034,20.2304745702395,37.304341,48PWQ,1.03849,29.58878
2021-04-25_03-35-21,105.90956829950066,8.955960885892615,106.5623144951992,9.950253775617009,19.2379971383018,39.27517,48PXR,12.817292,5.776877
2021-04-10_03-35-21,105.90956829950066,8.955967454216871,106.5606729031381,9.950253775617009,19.8961255370496,39.504609,48PXR,14.910069,9.110688
2021-04-25_03-34-51,105.91454112647963,10.762187009184384,106.92510452852471,11.758657843410626,19.015826941188,39.702465,48PXT,33.23428,0.814421
2021-04-25_03-35-10,104.99972536932816,9.861014510703738,106.00427689411958,10.855571229031138,19.9796075448523,40.632604,48PWS,30.061674,1.025551
2021-04-25_03-35-27,104.087272727106,8.95725437122164,105.0889503905584,9.9514972213457,20.9694039474695,42.325239,48PVR,4.155809,17.570798
2021-04-30_03-35-19,103.79697646624234,9.860354894178148,104.17725512940856,10.854464395757088,21.734964578811,42.658055,48PUS,8.412853,15.60685
2021-04-10_03-35-13,104.08464228812768,9.861265852254354,105.08920676455372,10.855570332213132,21.7828279810226,43.149428,48PVS,1.661853,8.355417
2021-04-20_03-35-25,104.99972617172784,8.9570263808174,106.00139103412452,9.951498048371398,20.1460871230892,43.257101,48PWR,12.981851,11.704449
2021-04-30_03-34-58,104.99972447777296,10.765496068187831,106.00743126841935,11.760133988205896,19.8578504908649,44.242145,48PWT,12.93513,0.267733
2021-04-05_03-35-33,103.5954733503093,8.955709085640523,104.17938983366636,9.950485237113282,23.1348922542791,44.252299,48PUR,0.009403,10.961266
2021-04-20_03-34-52,105.91454112647963,10.762184917912878,106.92510452852471,11.758657843410626,19.206285641826,45.621128,48PXT,28.212541,9.42387
2021-04-20_03-35-10,104.99972536932816,9.861014510703738,106.00427689411958,10.855571229031138,20.1002276294688,46.223111,48PWS,25.22569,2.592709
2021-04-10_03-35-10,104.99972536932816,9.861014510703738,106.00427689411958,10.855571229031138,20.8975267539105,47.011596,48PWS,19.294664,16.80668
2021-04-05_03-35-30,104.087272727106,8.95725437122164,105.0889503905584,9.9514972213457,22.2539500921527,48.737694,48PVR,0.872519,11.492981
2021-05-20_03-35-12,105.91193437545276,9.859023137225709,106.75959038888676,10.854211396475144,20.6228787918204,5.541514,48PXS,62.469399,1.040828
2021-05-10_03-35-43,104.999726884972,8.052450962132822,105.99876650307654,9.046833369621034,21.1897545839314,5.656222,48PWQ,2.04705,0.000687
2021-05-02_03-25-27,106.11175776482116,8.953454850958392,106.91356853559611,9.948852124702784,21.7891230313439,6.515089,48PXR,3.509445,0.69441
2021-05-05_03-34-54,105.91454112647963,10.762237457564629,106.92510452852471,11.758657843410626,19.1416543158078,7.340642,48PXT,63.030308,4.564777
2021-05-10_03-35-47,104.08966492388936,8.052655568438503,105.0887172101058,9.04683266589854,21.9808102403373,7.880067,48PVQ,2.548402,0.038245
2021-05-30_03-35-36,103.59329662993456,8.95570137822974,104.17938983366636,9.950485237113282,24.3040299259967,8.994419,48PUR,0.032145,4.299378
2021-05-30_03-35-34,104.087272727106,8.95725437122164,105.0889503905584,9.9514972213457,23.5632903893777,10.240587,48PVR,5.709696,4.224203
2021-05-20_03-35-30,104.99972617172784,8.9570263808174,106.00139103412452,9.951498048371398,21.7969389023683,11.685735,48PWR,24.527599,3.198636
2021-05-02_03-25-12,106.31079359200002,9.857075849513782,106.9190801917226,10.851770421433514,21.579587418994,12.198543,48PXS,28.054518,0.0
2021-05-05_03-34-58,104.99972447777296,10.765496068187831,106.00743126841935,11.760133988205896,19.9894040983613,12.655191,48PWT,33.514082,6.30199
2021-05-20_03-35-15,104.99972536932816,9.861014510703738,106.00427689411958,10.855571229031138,21.3932165076849,13.021332,48PWS,59.475178,3.248399
2021-05-05_03-35-08,105.91193437545276,9.859014810384574,106.7612455381726,10.854211396475144,19.3780241680286,14.257087,48PXS,50.827008,0.762568
2021-05-30_03-35-19,104.08464228812768,9.861265852254354,105.08920676455372,10.855570332213132,23.1205447700063,14.674919,48PVS,21.586323,0.582367
2021-05-30_03-35-04,104.08339797756592,10.76577099881297,105.08948704583928,11.76013322739928,22.7033679466034,14.704539,48PVT,43.199354,2.741321
2021-05-30_03-35-16,104.99972536932816,9.861014510703738,106.00427689411958,10.855571229031138,22.3732975887966,15.308122,48PWS,58.269137,0.078155
2021-05-30_03-35-45,104.999726884972,8.052450962132822,105.99876650307654,9.046833369621034,23.3153050670104,16.842167,48PWQ,2.185935,9.473203
2021-05-30_03-35-01,104.99972447777296,10.765496068187831,106.00743126841935,11.760133988205896,21.940450260262,16.850857,48PWT,47.145486,1.694428
2021-05-30_03-35-48,104.08966492388936,8.052655568438503,105.0887172101058,9.04683266589854,24.0307621427554,18.427371,48PVQ,2.708644,11.328108
2021-05-30_03-35-22,103.7926091234413,9.860340543950931,104.17725512940856,10.854464395757088,23.8764021706386,19.445524,48PUS,17.909153,3.7e-05
2021-05-30_03-35-30,104.99972617172784,8.9570263808174,106.00139103412452,9.951498048371398,22.8319038176056,20.356628,48PWR,20.528214,4.316874
2021-05-20_03-35-26,105.90956829950066,8.955999449041144,106.5519181084259,9.950253775617009,21.042958811027,21.009159,48PXR,21.350724,14.147046
2021-05-20_03-35-01,104.99972447777296,10.765496068187831,106.00743126841935,11.760133988205896,21.0187224646017,22.085572,48PWT,45.785517,13.939182
2021-05-10_03-35-32,104.087272727106,8.95725437122164,105.0889503905584,9.9514972213457,21.646313649714,22.218907,48PVR,3.311127,9.488452
2021-05-05_03-35-12,104.99972536932816,9.861014510703738,106.00427689411958,10.855571229031138,20.213789900551,22.474154,48PWS,46.634254,4.255364
2021-05-12_03-25-29,106.10548639749268,8.953454850958392,106.91356853559611,9.94887797008472,22.42669808478,23.477568,48PXR,3.409138,15.908273
2021-05-30_03-34-58,105.91454112647963,10.762242582877157,106.92510452852471,11.758657843410626,21.1869248416309,25.960815,48PXT,48.180085,1.023613
2021-05-10_03-35-35,103.59437999697948,8.955704138593441,104.17938983366636,9.950485237113282,22.4572170604862,26.037346,48PUR,0.043907,12.925485
2021-05-17_03-25-31,106.11039782404504,8.953454850958392,106.91356853559611,9.948856256166769,22.8633636180766,26.239942,48PXR,2.354664,17.932791
2021-05-30_03-35-12,105.91193437545276,9.859018148618368,106.7623061685464,10.854211396475144,21.6362600067774,26.809695,48PXS,41.176832,7.008419
2021-05-20_03-34-57,105.91454112647963,10.762246672275532,106.92510452852471,11.758657843410626,20.2324418698335,26.96748,48PXT,51.54314,19.523047
2021-05-10_03-35-29,104.99972617172784,8.9570263808174,106.00139103412452,9.951498048371398,20.8407698075061,27.662961,48PWR,14.941138,0.482971
2021-05-30_03-35-27,105.90956829950066,8.955996092616182,106.55292125594606,9.950253775617009,22.111486760366,28.282916,48PXR,16.710345,7.239419
2021-05-10_03-35-25,105.90956829950066,8.9559921185912,106.55374206555976,9.950253775617009,20.0419983321573,29.073436,48PXR,11.756616,0.001748
2021-05-03_03-45-29,103.17560623948354,8.953902438142253,104.0391107467284,9.950117398561012,19.7146891512401,30.41457,48PUR,0.169297,28.32436
2021-05-20_03-35-04,104.08352132704532,10.76577099881297,105.08948704583928,11.7601332509882,21.8126004696648,31.463373,48PVT,32.229543,13.28252
2021-05-10_03-35-14,104.99972536932816,9.861014510703738,106.00427689411958,10.855571229031138,20.5241474713845,32.110902,48PWS,36.423126,0.282474
2021-05-20_03-35-18,104.08464228812768,9.861265852254354,105.08920676455372,10.855570332213132,22.1720819895318,32.555305,48PVS,17.035353,17.509958
2021-05-05_03-35-23,105.90956829950066,8.955992992024143,106.55374206555976,9.950253775617009,19.6510628835962,33.144011,48PXR,14.437078,2.247993
2021-05-12_03-25-15,106.30477522271634,9.857075849513782,106.9190801917226,10.851800358829236,22.108361809093,34.575044,48PXS,15.609105,4.113725
2021-05-05_03-35-30,104.087272727106,8.95725437122164,105.0889503905584,9.9514972213457,21.3015510746459,36.54883,48PVR,2.775419,28.321561
2021-05-10_03-35-11,105.91193437545276,9.859014858284054,106.76124625815756,10.854211396475144,19.710656756946,36.580599,48PXS,31.916317,0.14651
2021-05-10_03-34-56,105.91454112647963,10.762236358614214,106.92510452852471,11.758657843410626,19.4136900415268,37.418326,48PXT,28.544533,0.042314
2021-05-05_03-35-01,104.0833842425372,10.76577099881297,105.08948704583928,11.760133249102571,20.8404939388264,37.756036,48PVT,16.236967,19.27163
2021-05-15_03-35-43,104.999726884972,8.052450962132822,105.99876650307654,9.046833369621034,21.6919103780778,40.639128,48PWQ,1.199336,19.699274
2021-05-20_03-35-33,104.087272727106,8.95725437122164,105.0889503905584,9.9514972213457,22.5603360133453,42.073379,48PVR,6.556753,18.812446
2021-05-05_03-35-15,104.08464228812768,9.861265852254354,105.08920676455372,10.855570332213132,21.0537769106002,45.788461,48PVS,11.650618,21.534155
2021-05-10_03-35-00,104.99972447777296,10.765496068187831,106.00743126841935,11.760133988205896,20.2410584784893,48.644377,48PWT,14.827964,0.78508
2021-05-10_03-35-17,104.08464228812768,9.861265852254354,105.08920676455372,10.855570332213132,21.343457047205,48.91999,48PVS,8.354671,9.258201
2021-05-17_03-25-16,106.30969919914816,9.857075849513782,106.9190801917226,10.85177606717318,22.5023000742809,49.066283,48PXS,11.59575,7.741176
2021-06-27_03-45-32,103.17560615147838,8.953902438142253,104.03299771388656,9.950099706599644,24.1591471540795,2.865089,48PUR,0.172809,2.272504
2021-06-04_03-35-05,104.08341171259598,10.76577099881297,105.08948704583928,11.760133214487114,23.1426972903942,3.439345,48PVT,53.852916,1.772324
2021-06-29_03-35-49,104.08966492388936,8.052655568438503,105.0887172101058,9.04683266589854,25.9312034006589,5.181562,48PVQ,3.653037,0.246124
2021-06-04_03-35-01,104.99972447777296,10.765496068187831,106.00743126841935,11.760133988205896,22.3906904719645,5.854424,48PWT,61.777818,0.757178
2021-06-19_03-35-04,104.08361694068904,10.76577099881297,105.08948704583928,11.760133231872322,24.1997017318516,8.568623,48PVT,50.462627,7.055417
2021-06-29_03-35-46,104.999726884972,8.052450962132822,105.99876650307654,9.046833369621034,25.2271828450479,9.011294,48PWQ,2.144041,1.882456
2021-06-14_03-35-48,104.08966492388936,8.052655568438503,105.0887172101058,9.04683266589854,25.3350015373915,9.590068,48PVQ,3.196223,1.63732
2021-06-27_03-45-17,103.17035103578527,9.85756950139428,104.17542849919349,10.854464395757088,23.67027204323,9.829927,48PUS,14.15673,0.003011
2021-06-04_03-35-36,103.5834753049168,8.955663911022066,104.17938983366636,9.950485237113282,24.7681687446416,11.416307,48PUR,0.051199,10.100383
2021-06-14_03-35-45,104.999726884972,8.052450962132822,105.99876650307654,9.046833369621034,24.6406648220061,11.489391,48PWQ,1.958948,3.202036
2021-06-04_03-35-16,104.99972536932816,9.861014510703738,106.00427689411958,10.855571229031138,22.8417789725494,12.168932,48PWS,61.827523,2.237007
2021-06-04_03-35-19,104.08464228812768,9.861265852254354,105.08920676455372,10.855570332213132,23.5780969122719,12.685897,48PVS,26.456568,7.531563
2021-06-29_03-35-05,104.08356917816565,10.76577099881297,105.08948704583928,11.76013322739928,24.5411242960942,12.943834,48PVT,44.89783,8.975348
2021-06-04_03-35-34,104.087272727106,8.95725437122164,105.0889503905584,9.9514972213457,24.0378995526133,13.26484,48PVR,6.235198,6.952475
2021-06-24_03-35-44,104.999726884972,8.052450962132822,105.99876650307654,9.046833369621034,25.1324182206594,13.708182,48PWQ,1.838066,6.24626
2021-06-04_03-34-58,105.91454112647963,10.762282439184949,106.92510452852471,11.758657843410626,21.6485769293187,14.215216,48PXT,61.528385,1.278184
2021-06-14_03-35-02,104.99972447777296,10.765496068187831,106.00743126841935,11.760133988205896,23.1660671198488,14.392502,48PWT,54.520494,1.373599
2021-06-29_03-35-17,104.99972536932816,9.861014510703738,106.00427689411958,10.855571229031138,24.2483565365277,15.255553,48PWS,55.607754,3.24164
2021-06-04_03-35-45,104.999726884972,8.052450962132822,105.99876650307654,9.046833369621034,23.8165554343129,17.779669,48PWQ,1.814251,10.975292
2021-06-29_03-35-31,104.99972617172784,8.9570263808174,106.00139103412452,9.951498048371398,24.7267539048299,17.820374,48PWR,31.956634,2.297049
2021-06-11_03-25-17,106.3009470525377,9.857075849513782,106.9190801917226,10.851816591934696,24.7060319640222,18.053161,48PXS,33.889529,6.64473
2021-06-29_03-35-34,104.087272727106,8.95725437122164,105.0889503905584,9.9514972213457,25.4456007995327,18.282361,48PVR,9.014943,11.542523
2021-06-04_03-35-12,105.91193437545276,9.859055326217332,106.752467204522,10.854211396475144,22.1161214619665,19.781084,48PXS,50.581372,1.699466
2021-06-04_03-35-30,104.99972617172784,8.9570263808174,106.00139103412452,9.951498048371398,23.3173791859073,20.585209,48PWR,23.236363,2.312352
2021-06-29_03-35-02,104.99972447777296,10.765496068187831,106.00743126841935,11.760133988205896,23.792673482127,20.679813,48PWT,51.852828,13.628766
2021-06-19_03-35-22,103.79862779708004,9.860362026996189,104.17725512940856,10.854464395757088,25.3880486364203,21.171658,48PUS,30.108881,15.54047
2021-06-11_03-25-03,106.501074161976,10.761188228150424,106.92510452852471,11.754946914161684,24.2607152296576,21.196998,48PXT,49.815539,4.115045
2021-06-04_03-35-22,103.78330057378471,9.860305828808086,104.17725512940856,10.854464395757088,24.323474536595,21.522455,48PUS,25.629562,12.532882
2021-06-29_03-34-59,105.91454112647963,10.762226146012692,106.92510452852471,11.758657843410626,23.0536774781907,22.520768,48PXT,52.946532,4.926928
2021-06-04_03-35-27,105.90956829950066,8.956024710461774,106.5448041413803,9.950253775617009,22.6082170949378,22.924231,48PXR,22.746459,12.032176
2021-06-29_03-35-28,105.90956829950066,8.955986241681995,106.55574838246709,9.950253775617009,24.018624549273,24.31576,48PXR,26.955989,8.790542
2021-06-14_03-35-31,104.99972617172784,8.9570263808174,106.00139103412452,9.951498048371398,24.1267372574675,24.686895,48PWR,22.484413,1.196327
2021-06-29_03-35-13,105.91193437545276,9.85900487131398,106.76340856349668,10.854211396475144,23.5247809120918,24.821889,48PXS,48.010582,2.356657
2021-06-14_03-35-27,105.90956829950066,8.956020749945552,106.54608147851084,9.950253775617009,23.4285153871702,24.828681,48PXR,20.10991,1.801044
2021-06-04_03-35-48,104.08966492388936,8.052655568438503,105.0887172101058,9.04683266589854,24.5212716826441,25.510958,48PVQ,2.912555,17.565599
2021-06-02_03-45-17,103.17035103578527,9.85756950139428,104.17547434200476,10.854464395757088,22.1065442308883,25.886673,48PUS,14.475271,14.418523
2021-06-24_03-34-57,105.91454112647963,10.762256864518424,106.92510452852471,11.758657843410626,22.9378032455419,27.585668,48PXT,49.106467,3.264632
2021-06-29_03-35-23,103.79533709336708,9.860349057903507,104.17725512940856,10.854464395757088,25.7243439771102,27.718681,48PUS,20.271276,9.694455
2021-06-14_03-35-12,105.91193437545276,9.859048712997694,106.75338164124582,10.854211396475144,22.9206565052916,27.91442,48PXS,44.401297,3.627062
2021-06-14_03-34-58,105.91454112647963,10.762278338404135,106.92510452852471,11.758657843410626,22.4356399202618,28.693126,48PXT,46.729186,2.603693
2021-06-14_03-35-05,104.08344600587044,10.76577099881297,105.08948704583928,11.76013323825948,23.9067238697436,28.856466,48PVT,33.692881,0.911577
2021-06-24_03-35-30,104.99972617172784,8.9570263808174,106.00139103412452,9.951498048371398,24.6231720633239,28.901168,48PWR,27.606964,1.210919
2021-06-24_03-35-27,105.90956829950066,8.956005396334351,106.55018533662228,9.950253775617009,23.9215058324321,29.025117,48PXR,20.644531,9.450506
2021-06-19_03-35-01,104.99972447777296,10.765496068187831,106.00743126841935,11.760133988205896,23.4595439551701,29.356353,48PWT,47.682282,24.717201
2021-06-24_03-35-01,104.99972447777296,10.765496068187831,106.00743126841935,11.760133988205896,23.6707803204101,29.788826,48PWT,37.443703,3.949934
2021-06-17_03-45-32,103.17560615147838,8.953902438142253,104.03053473583776,9.950092658930703,23.7792548754033,32.559548,48PUR,0.028875,13.424608
2021-06-24_03-35-04,104.08348021054016,10.76577099881297,105.08948704583928,11.760133243657547,24.4136049711325,32.604988,48PVT,26.386908,1.556597
2021-06-14_03-35-16,104.99972536932816,9.861014510703738,106.00427689411958,10.855571229031138,23.6349576510638,33.142838,48PWS,46.613204,4.575657
2021-06-02_03-45-32,103.17560615147838,8.953902438142253,104.03710537243154,9.950111645803483,22.5831682900746,33.603889,48PUR,0.163429,17.665808
2021-06-29_03-35-37,103.596015659765,8.955711654218598,104.17938983366636,9.950485237113282,26.1736651479845,33.763298,48PUR,0.04516,29.090089
2021-06-14_03-35-34,104.087272727106,8.95725437122164,105.0889503905584,9.9514972213457,24.8364971035201,34.89446,48PVR,5.274853,9.912638
2021-06-19_03-35-36,103.59984067381995,8.95572555019442,104.17938983366636,9.950485237113282,25.8501001527026,35.208799,48PUR,0.032919,26.482829
2021-06-19_03-35-33,104.087272727106,8.95725437122164,105.0889503905584,9.9514972213457,25.1305945674603,36.295516,48PVR,4.405287,19.110447
2021-06-19_03-35-19,104.08464228812768,9.861265852254354,105.08920676455372,10.855570332213132,24.6538899633982,37.093826,48PVS,23.316784,29.846331
2021-06-19_03-34-57,105.91454112647963,10.76220553099165,106.92510452852471,11.758657843410626,22.7295035686807,37.737598,48PXT,46.626097,12.082306
2021-06-17_03-45-17,103.17035103578527,9.85756950139428,104.1753990604907,10.854464395757088,23.2800302809304,38.26822,48PUS,14.415595,3.652733
2021-06-29_03-35-20,104.08464228812768,9.861265852254354,105.08920676455372,10.855570332213132,24.9820426429019,39.723751,48PVS,22.19307,25.140491
2021-06-24_03-35-12,105.91193437545276,9.859031372991154,106.75740544146774,10.854211396475144,23.4184152389138,39.74501,48PXS,37.164795,11.137792
2021-06-16_03-25-16,106.31626411786384,9.857075849513782,106.9190801917226,10.851743401183288,25.0429670774734,41.649778,48PXS,23.533241,4.108221
2021-06-09_03-35-45,104.999726884972,8.052450962132822,105.99876650307654,9.046833369621034,24.2649257772883,45.889556,48PWQ,0.000315,21.595775
2021-06-24_03-35-19,104.08464228812768,9.861265852254354,105.08920676455372,10.855570332213132,24.8635262934637,47.207955,48PVS,17.722762,18.268894
2021-06-19_03-35-44,104.999726884972,8.052450962132822,105.99876650307654,9.046833369621034,24.9347367517215,49.1228,48PWQ,1.357915,36.570281
2021-07-04_03-35-05,104.08348021054016,10.765771015142654,105.08948704583928,11.760133219819286,24.5902312441713,3.091484,48PVT,53.294617,2.055888
2021-07-02_03-45-33,103.17560615147838,8.953902438142253,104.03792468633054,9.950113972787742,24.1984363516573,4.895968,48PUR,0.109158,0.238611
2021-07-04_03-35-02,104.99972447777296,10.765496068187831,106.00743126841935,11.760133988205896,23.8333960126489,6.523778,48PWT,58.720458,2.352154
2021-07-02_03-45-18,103.17035112378667,9.85756950139428,104.17548063763375,10.854464395757088,23.7215358102731,8.169733,48PUS,14.529049,0.135102
2021-07-04_03-35-20,104.08464228812768,9.861265852254354,105.08920676455372,10.85557033221313,25.0172915400653,11.874224,48PVS,34.03531,7.56601
2021-07-04_03-35-28,105.90956829950066,8.956015115420657,106.54799664442042,9.950253775617009,24.0221503518777,14.596507,48PXR,35.76377,4.291704
2021-07-01_03-25-17,106.30477540232629,9.857075849513782,106.9190801917226,10.851800358829236,25.5717609475455,15.520456,48PXS,36.48321,5.472447
2021-07-17_03-45-33,103.17560615147838,8.953902438142253,104.02971511103787,9.95009029020285,23.7464045946806,16.548511,48PUR,0.160794,13.164096
2021-07-01_03-25-32,106.10603177650196,8.953454850958392,106.91356853559611,9.948875753702678,26.0252688594385,17.058362,48PXR,7.171973,12.101495
2021-07-04_03-35-16,104.99972536932816,9.861014510703738,106.00427689411958,10.855571229031138,24.274953340295,17.146532,48PWS,52.466649,1.14349
2021-07-17_03-45-18,103.17035112378667,9.85756950139428,104.17539178948677,10.854464395757088,23.3336799924553,17.404761,48PUS,12.63738,1.640994
2021-07-11_03-25-33,106.10330337154272,8.953454850958392,106.91356853559611,9.948884447829617,25.9118753876878,18.660174,48PXR,4.733692,13.944179
2021-07-04_03-35-13,105.91193437545276,9.859042088024328,106.757361613143,10.854211396475144,23.542204832037,21.430676,48PXS,51.782984,2.072281
2021-07-29_03-35-04,104.99972447777296,10.765496068187831,106.00743126841935,11.760133988205896,22.8118496223941,29.420152,48PWT,35.357416,0.985193
2021-07-26_03-25-34,106.10929941724606,8.953454850958392,106.91356853559611,9.94886062058682,25.0905738335524,30.406833,48PXR,4.841653,15.930985
2021-07-27_03-45-33,103.17560615147838,8.953902438142253,104.03053473583776,9.950092658930703,23.0075610685511,33.090596,48PUR,0.142121,22.695921
2021-07-04_03-35-37,103.58728856404532,8.95567786209715,104.17938983366636,9.950485237113282,26.2039049403218,35.333554,48PUR,0.039666,26.1565
2021-07-31_03-25-33,106.10494039200184,8.953454850958392,106.91356853559611,9.948880368793692,24.6881878306135,36.370992,48PXR,1.396759,18.542215
2021-07-04_03-35-49,104.08966492388936,8.052655568438503,105.0887172101058,9.04683266589854,25.9400100661691,38.946215,48PVQ,1.110623,20.607716
2021-07-26_03-25-19,106.30860526122414,9.857075849513782,106.9190801917226,10.85178126969972,24.7582245235767,40.701071,48PXS,23.104376,2.745592
2021-07-29_03-35-00,105.91454112647963,10.762246585179522,106.92510452852471,11.758657843410626,21.9898297858594,40.767239,48PXT,36.956224,0.489714
2021-07-04_03-35-23,103.78604418279352,9.86031706051952,104.17725512940856,10.854464395757088,25.7677553385687,41.289403,48PUS,25.683492,24.444076
2021-07-04_03-35-45,104.999726884972,8.052450962132822,105.99876650307654,9.046833369621034,25.2269151972737,42.074631,48PWQ,0.580625,21.446876
2021-07-11_03-25-04,106.50162456031036,10.761188228150424,106.92510452852471,11.754940299445536,25.0968042038574,43.644356,48PXT,38.259935,10.385696
2021-07-04_03-34-58,105.91454112647963,10.762271204875168,106.92510452852471,11.758657843410626,23.0854839292865,45.498325,48PXT,26.98794,6.574243
2021-08-18_03-35-17,104.99972536932816,9.861014510703738,106.00427689411958,10.855571229031138,21.3565404764577,9.784793,48PWS,52.019972,1.996994
2021-08-18_03-35-20,104.08464228812768,9.861265852254354,105.08920676455372,10.855570332213132,22.2330087193284,13.230439,48PVS,36.736834,8.651376
2021-08-18_03-35-03,104.99972447777296,10.765496068187831,106.00743126841935,11.760133988205896,21.2854579607454,22.072255,48PWT,39.161906,8.660838
2021-08-10_03-25-32,106.10766890954127,8.953454850958392,106.91356853559611,9.948869262857286,23.7643090468494,24.308746,48PXR,4.065002,10.78629
2021-08-21_03-45-19,103.17035103578527,9.85756950139428,104.17546281479744,10.854464395757088,20.4534986059473,25.020705,48PUS,17.156389,0.006714
2021-08-18_03-35-24,103.79315064539928,9.860341901246311,104.17725512940856,10.854464395757088,23.109682359449,29.750535,48PUS,18.730758,7.823271
2021-08-18_03-35-14,105.91193437545276,9.859017301151898,106.76014891377324,10.854211396475144,20.4811339450742,29.763219,48PXS,48.308045,14.661159
2021-08-11_03-45-29,103.17560615147838,9.434644934832532,104.03710377792328,9.950111645803483,21.5137301821487,30.17881,48PUR,0.066749,15.900406
2021-08-18_03-35-06,104.08352132704532,10.76577099881297,105.08948704583928,11.760133245509548,22.1669226330728,30.582085,48PVT,44.308203,20.824923
2021-08-21_03-45-33,103.17560579945784,8.953902438142253,104.03582746849898,9.95010793505726,20.5156389264077,31.385061,48PUR,0.171611,2.346002
2021-08-28_03-35-17,104.99972536932816,9.861014510703738,106.00427689411958,10.855571229031138,20.6797473229323,34.733035,48PWS,36.968619,12.37411
2021-08-18_03-35-35,104.087272727106,8.95725437122164,105.0889503905584,9.9514972213457,22.3335636964168,35.823537,48PVR,5.827884,19.872847
2021-08-10_03-25-17,106.3064165049929,9.857075849513782,106.9190801917226,10.8517894557941,23.5672516542355,36.348006,48PXS,20.455015,3.7218
2021-08-13_03-35-04,104.08350759200457,10.76577099881297,105.08948704583928,11.760133219796716,22.5292307753659,40.108071,48PVT,24.947901,3.615541
2021-08-13_03-35-44,104.999726884972,8.052450962132822,105.99876650307654,9.046833369621034,22.1712619456812,42.235954,48PWQ,0.746139,20.159481
2021-08-13_03-35-18,104.08464228812768,9.861265852254354,105.08920676455372,10.855570332213132,22.6590068396571,42.245948,48PVS,20.962286,2.854387
2021-08-11_03-45-19,103.17035112378667,9.857569570335816,104.17547815485048,10.854464395757088,21.3176194423691,44.812173,48PUS,5.403101,6.669232
2021-08-18_03-35-32,104.99972617172784,8.9570263808174,106.00139103412452,9.951498048371398,21.4633574776096,44.953351,48PWR,29.541633,18.53995
2021-08-18_03-35-38,103.5938384889271,8.955702826083451,104.17938983366636,9.950485237113282,23.204426573979,45.162806,48PUR,0.047191,17.876628
2021-08-13_03-35-01,104.99972447777296,10.765496068187831,106.00743126841935,11.760133988205896,21.6579629615935,47.730655,48PWT,20.454319,2.00432
2021-09-29_03-25-30,106.10439465718107,8.953454850958392,106.91356853559611,9.948882234722392,23.0476435429974,11.395272,48PXR,4.766313,1.423845
2021-09-22_03-35-42,104.999726884972,8.052450962132822,105.99876650307654,9.046833369621034,20.4473628901715,17.523571,48PWQ,1.970995,4.20626
2021-09-17_03-35-23,103.7915112306006,9.860336638382591,104.17725512940856,10.854464395757088,22.5005872552109,19.865481,48PUS,17.555992,5.299977
2021-09-02_03-35-00,104.08348021054016,10.76577099881297,105.08948704583928,11.760133230370062,21.5545676531881,22.753792,48PVT,44.592765,8.077325
2021-09-17_03-35-06,104.08341171259598,10.76577099881297,105.08948704583928,11.760133249824438,22.0619436884917,23.548162,48PVT,48.70083,0.154533
2021-09-27_03-35-37,104.087272727106,8.95725437122164,105.0889503905584,9.9514972213457,22.1880317906407,23.682347,48PVR,4.245258,10.420523
2021-09-27_03-35-01,105.91454112647963,10.76227317715148,106.92510452852471,11.758657843410626,21.7509872389592,25.80465,48PXT,52.707136,5.639691
2021-09-27_03-35-51,104.08966492388936,8.052655568438503,105.0887172101058,9.04683266589854,21.7058971961966,25.807685,48PVQ,1.745485,11.182156
2021-09-29_03-25-15,106.30313431292718,9.857075849513782,106.9190801917226,10.85180851989022,23.5621896607364,28.14855,48PXS,21.812403,2.609769
2021-09-17_03-34-59,105.91454112647963,10.762246643831228,106.92510452852471,11.758657843410626,20.4366756623663,28.960587,48PXT,45.162651,0.100436
2021-09-27_03-35-39,103.5878300450628,8.955679197463445,104.17938983366636,9.950485237113282,22.9661101337733,29.205155,48PUR,0.080126,27.515915
2021-09-27_03-35-25,103.7871303593428,9.860319666184264,104.17725512940856,10.854464395757088,23.458685909127,29.8747,48PUS,14.965521,11.738053
2021-09-17_03-35-20,104.08464228812768,9.861265852254354,105.08920676455372,10.855570332213132,21.6692105154504,29.974173,48PVS,16.745897,7.942206
2021-09-27_03-35-04,104.99972447777296,10.765496068187831,106.00743126841935,11.760133988205896,22.4822271701414,30.812454,48PWT,34.396979,12.769368
2021-09-27_03-35-48,104.999726884972,8.052450962132822,105.99876650307654,9.046833369621034,20.9209427863805,31.855913,48PWQ,1.827389,14.438392
2021-09-22_03-34-54,105.91454112647963,10.762237370439422,106.92510452852471,11.758657843410626,21.0257514609144,32.376055,48PXT,41.147804,2.702147
2021-09-17_03-35-02,104.99972447777296,10.765496068187831,106.00743126841935,11.760133988205896,21.2464022375825,34.303104,48PWT,30.384332,1.400862
2021-09-27_03-35-22,104.08464228812768,9.861265852254354,105.08920676455372,10.855570332213132,22.6943689487414,34.434147,48PVS,13.345648,4.799195
2021-09-17_03-35-46,104.999726884972,8.052450962132822,105.99876650307654,9.046833369621034,20.1246755234575,34.933239,48PWQ,1.941178,23.506913
2021-09-22_03-35-45,104.08966492388936,8.052655568438503,105.0887172101058,9.04683266589854,21.2679866816183,36.392361,48PVQ,2.971536,20.221171
2021-09-22_03-35-24,105.90956829950066,8.955993619069828,106.55346792253005,9.950253775617009,20.0687177693136,38.871913,48PXR,16.000453,2.885505
2021-09-17_03-35-17,104.99972536932816,9.861014510703738,106.00427689411958,10.855571229031138,20.8415873556343,39.700985,48PWS,24.790412,16.263141
2021-09-29_03-25-01,106.5027199678304,10.761188228150424,106.92510452852471,11.754936948177942,24.0982591915376,40.568041,48PXT,32.277447,0.044493
2021-09-27_03-35-08,104.0833292138227,10.76577099881297,105.08948704583928,11.76013321630854,23.2238897746944,41.173193,48PVT,32.821047,3.687187
2021-09-22_03-34-58,104.99972447777296,10.765496068187831,106.00743126841935,11.760133988205896,21.7984884498478,44.428553,48PWT,23.146045,15.463591
2021-09-02_03-34-57,104.99972447777296,10.765496068187831,106.00743126841935,11.760133988205896,20.6738811110342,46.280418,48PWT,22.240996,1.926584
2021-09-07_03-35-30,104.99972617172784,8.9570263808174,106.00139103412452,9.951498048371398,20.243013813293,46.453691,48PWR,12.745552,6.318115
2021-09-07_03-35-26,105.90956829950066,8.95599041753695,106.55456278841808,9.950253775617009,19.3647007382188,46.668383,48PXR,15.764028,8.010815
2021-10-25_03-45-32,103.17560615147838,8.953902438142253,104.0228737838208,9.950070356193368,26.7932195091383,20.31865,48PUR,0.161094,13.138703
2021-10-24_03-25-07,106.4999769652014,10.761188228150424,106.92510452852471,11.754953607647172,29.3948104082857,21.67424,48PXT,47.855401,3.908464
2021-10-29_03-25-03,106.49449241522504,10.761188228150424,106.92510452852471,11.754983339348296,30.6674195755143,26.184972,48PXT,44.877499,5.963449
2021-10-10_03-45-22,103.17035103578527,9.85756950139428,104.17535357238668,10.854464395757088,23.8477847426769,27.394494,48PUS,7.23489,5.18815
2021-10-25_03-45-18,103.17035103578527,9.85756950139428,104.17531242916284,10.854464395757088,27.5609213549854,31.12649,48PUS,10.960393,15.336946
2021-10-22_03-35-20,104.08464228812768,9.861265852254354,105.08920676455372,10.855570332213132,27.7521070012426,33.306249,48PVS,15.143961,11.542626
2021-10-10_03-45-36,103.17560579945784,8.953902438142253,104.02643125684564,9.950080722093396,23.1709364714728,34.989998,48PUR,0.157101,14.212933
2021-10-19_03-25-18,106.29602301907607,9.857075849513782,106.9190801917226,10.851840993347768,27.4685443091855,36.079965,48PXS,23.688017,5.436307
2021-10-30_03-45-21,103.17035103578527,9.85756950139428,104.17536572028048,10.854464395757088,28.8716887366463,36.330523,48PUS,10.002275,21.449275
2021-10-22_03-35-17,104.99972536932816,9.861014510703738,106.00427689411958,10.855571229031138,27.1919524235945,37.734209,48PWS,21.113871,4.1907
2021-10-15_03-45-32,103.17560623948354,8.953902438142253,104.02369558275394,9.950072718101511,24.3119379405846,43.591869,48PUR,0.073882,21.848218
2021-10-29_03-25-17,106.29547469433012,9.857075849513782,106.9190801917226,10.851846689500464,29.9121324914608,44.13275,48PXS,23.251788,16.0492
2021-10-24_03-25-21,106.30039988191302,9.857075849513782,106.9190801917226,10.85182202445896,28.6601894260899,45.883924,48PXS,17.061691,20.056032
2021-10-22_03-35-05,104.08339629391716,10.765771015142654,105.08948704583928,11.76013321455929,28.4904305230311,47.797327,48PVT,25.747037,2.007255
2021-10-22_03-35-13,105.91193437545276,9.859076740307296,106.74752826728302,10.854211396475144,26.6482379198077,49.993186,48PXS,17.391478,7.98679
2021-11-21_03-34-54,105.91454112647963,10.76224768640952,106.92510452852471,11.758657843410626,35.0881964600074,4.080182,48PXT,67.506486,1.662344
2021-11-19_03-45-31,103.17560615147838,8.953902438142253,104.04129996661383,9.950123689557678,33.0876589202136,6.73311,48PUR,0.157302,0.23398
2021-11-03_03-25-06,106.50272014761218,10.761188228150424,106.92510452852471,11.754933872735238,31.9354803081018,9.768014,48PXT,65.471965,3.911759
2021-11-01_03-35-19,104.08464228812768,9.861265852254354,105.08920676455372,10.855570332213132,30.2792645534768,13.464409,48PVS,20.98971,4e-05
2021-11-01_03-35-23,103.7783805383669,9.860289330101494,104.17725512940856,10.854464395757088,30.797679960503,13.497803,48PUS,19.810933,0.0
2021-11-26_03-35-18,104.08464228812768,9.861265852254354,105.08920676455372,10.855570332213132,36.1638691481739,13.688937,48PVS,24.659097,8.364478
2021-11-01_03-35-37,103.57910384720404,8.955646558189589,104.17938983366636,9.950485237113282,30.0375306597377,16.032262,48PUR,0.045002,15.019795
2021-11-19_03-45-16,103.17035103578527,9.85756950139428,104.1755234656526,10.854464395757088,33.9113233246473,16.943583,48PUS,13.96466,7.719674
2021-11-01_03-35-45,104.999726884972,8.052450962132822,105.99876650307654,9.046833369621034,28.2204268546013,17.502629,48PWQ,2.804234,10.188559
2021-11-01_03-35-34,104.087272727106,8.95725437122164,105.0889503905584,9.9514972213457,29.5086529470407,18.465496,48PVR,7.88655,12.399756
2021-11-21_03-35-15,104.08464228812768,9.861265852254354,105.08920676455372,10.855570332213132,35.1280791100056,18.645085,48PVS,22.856724,10.153593
2021-11-06_03-35-04,104.99972447777296,10.765496068187831,106.00743126841935,11.760133988205896,31.8651679811569,19.042533,48PWT,45.30679,16.136846
2021-11-01_03-35-48,104.08966492388936,8.052655568438503,105.0887172101058,9.04683266589854,28.7446138952739,19.065578,48PVQ,4.049214,14.808677
2021-11-01_03-34-58,105.91454112647963,10.76231511360456,106.92510452852471,11.758657843410626,30.0865966841797,19.242924,48PXT,52.69708,1.049229
2021-11-01_03-35-16,104.99972536932816,9.861014510703738,106.00427689411958,10.855571229031138,29.7761656354083,19.663367,48PWS,34.769455,3.081335
2021-11-23_03-25-31,106.11367289470968,8.953454850958392,106.91356853559611,9.948843127751472,35.0869542692123,20.076621,48PXR,8.21825,18.750465
2021-11-26_03-35-15,104.99972536932816,9.861014510703738,106.00427689411958,10.855571229031138,35.7286148747622,20.604113,48PWS,31.012368,5.03395
2021-11-26_03-35-22,103.79424085843188,9.86034516532759,104.17725512940856,10.854464395757088,36.6128782958081,20.880658,48PUS,19.59044,12.131844
2021-11-21_03-35-08,105.91193437545276,9.859024801280672,106.75905148479684,10.854211396475144,34.2608396831654,20.984096,48PXS,43.511969,6.230396
2021-11-04_03-45-32,103.17560615147838,8.953902438142253,104.02424085318565,9.95007428654707,29.3976218035629,22.166389,48PUR,0.168462,12.402948
2021-11-21_03-35-19,103.79041308142652,9.86033141505297,104.17725512940856,10.854464395757088,35.5834260503631,23.001217,48PUS,25.4619,15.306927
2021-11-26_03-35-36,103.59437999697948,8.955704138593441,104.17938983366636,9.950485237113282,35.8083874984599,23.01283,48PUR,0.052829,9.556186
2021-11-23_03-25-17,106.31298122787062,9.857075354566634,106.91830648053818,10.793779567689452,35.8877910490385,23.495517,48PXS,36.162603,11.171219
2021-11-21_03-35-12,104.99972536932816,9.861014510703738,106.00427689411958,10.855571229031138,34.6868971917574,24.817258,48PWS,31.510764,14.766601
2021-11-01_03-35-31,104.99972617172784,8.9570263808174,106.00139103412452,9.951498048371398,28.9952570115621,24.821915,48PWR,21.468212,3.234431
2021-11-08_03-25-31,106.0994834712818,8.953454850958392,106.91356853559611,9.94889958378372,31.6432734963762,25.892755,48PXR,6.039797,5.767487
2021-11-04_03-45-17,103.17035103578527,9.85756950139428,104.17532936527292,10.854464395757088,30.197801715527,26.040051,48PUS,10.467875,8.005202
2021-11-01_03-35-27,105.90956829950066,8.956042921165572,106.53951532613806,9.950253775617009,28.4986607578148,27.723837,48PXR,22.722937,6.500547
2021-11-01_03-35-02,104.99972447777296,10.765496068187831,106.00743126841935,11.760133988205896,30.5635400290737,28.691537,48PWT,30.040106,2.443167
2021-11-01_03-35-12,105.91193437545276,9.859079161310683,106.74914408979478,10.854211396475144,29.2896425412654,28.937626,48PXS,35.687464,0.955261
2021-11-08_03-25-16,106.29875721146666,9.857075849513782,106.9190801917226,10.851830161839407,32.4217750938476,29.105603,48PXS,25.840557,0.919786
2021-11-21_03-35-30,104.087272727106,8.95725437122164,105.0889503905584,9.9514972213457,34.3194215763851,29.832137,48PVR,8.340494,25.711855
2021-11-26_03-34-57,105.91454112647963,10.7622343219225,106.92510452852471,11.758657843410626,36.137745659734,31.320095,48PXT,46.269876,17.104571
2021-11-26_03-35-29,104.99972617172784,8.9570263808174,106.00139103412452,9.951498048371398,34.9093109532398,31.334481,48PWR,23.264138,2.696525
2021-11-26_03-35-00,104.99972447777296,10.765496068187831,106.00743126841935,11.760133988205896,36.5516910492682,31.953307,48PWT,30.084771,14.447451
2021-11-13_03-25-33,106.11094321675915,8.953454850958392,106.91356853559611,9.948856256166769,32.8453945833411,32.838802,48PXR,5.943862,12.003817
2021-11-23_03-25-09,106.4811925586664,10.551118798725684,106.91908073208752,10.851762564373422,35.8877910490385,34.94519,48PXS,22.259355,0.912234
2021-11-06_03-35-00,105.91454112647963,10.762269181450655,106.92510452852471,11.758657843410626,31.4092646655941,35.247633,48PXT,42.578173,23.44013
2021-11-08_03-25-07,106.49778411687517,10.761188228150424,106.92027323045735,11.092410452223469,33.2060948201995,36.110633,48PXT,19.458751,0.058514
2021-11-21_03-35-33,103.59056458925518,8.955691010417,104.17938983366636,9.950485237113282,34.7826923226794,36.546054,48PUR,0.046649,36.027822
2021-11-06_03-35-22,104.08464228812768,9.861265852254354,105.08920676455372,10.855570332213132,31.546154368802,38.33328,48PVS,18.717745,20.595963
2021-11-01_03-35-05,104.08319133198545,10.76577099881297,105.08948704583928,11.760133213169528,31.0568190819251,38.383601,48PVT,34.448141,1.539307
2021-11-06_03-35-07,104.08350422470444,10.765771015142654,105.08948704583928,11.760133224332012,32.3371521223708,41.289108,48PVT,34.534776,1.363809
2021-11-06_03-35-18,104.99972536932816,9.861014510703738,106.00427689411958,10.855571229031138,31.0651425442652,41.918905,48PWS,24.932611,24.010418
2021-11-26_03-35-33,104.087272727106,8.95725437122164,105.0889503905584,9.9514972213457,35.3518368718859,47.672844,48PVR,9.417527,10.718358
2021-12-06_03-34-56,105.91454112647963,10.762240505790148,106.92510452852471,11.758657843410626,37.9078576934204,1.047846,48PXT,68.583107,0.18684
2021-12-06_03-35-10,105.91193437545276,9.85901979081356,106.76014891377324,10.854211396475144,37.0782768719962,1.26011,48PXS,65.034896,0.767977
2021-12-06_03-35-17,104.08464228812768,9.861265852254354,105.08920676455372,10.855570332213132,37.9324859104327,1.515931,48PVS,32.340518,1.061005
2021-12-06_03-35-00,104.99972447777296,10.765496068187831,106.00743126841935,11.760133988205896,38.3218799411168,1.795274,48PWT,43.708733,0.511293
2021-12-06_03-35-21,103.7926091234413,9.860340471705149,104.17725512940856,10.854464395757088,38.3793844463711,1.827323,48PUS,33.170256,1.449605
2021-12-06_03-35-03,104.08352132704532,10.76577099881297,105.08948704583928,11.760133225565722,38.7493830288399,2.300254,48PVT,60.657328,0.839041
2021-12-31_03-34-53,105.91454112647963,10.762254833493326,106.92510452852471,11.758657843410626,39.8186471257249,2.674284,48PXT,67.949325,2.390843
2021-12-31_03-35-07,105.91193437545276,9.859030549134868,106.75777127782086,10.854211396475144,39.0116137985411,3.196577,48PXS,69.321543,3.01624
2021-12-21_03-35-16,103.789322810921,9.86032882163606,104.17725512940856,10.854464395757088,40.066676686101,3.612022,48PUS,27.067834,2.151452
2021-12-31_03-35-11,104.99972536932816,9.861014510703738,106.00427689411958,10.855571229031138,39.476090609906,4.244586,48PWS,68.101263,3.720447
2021-12-21_03-34-58,104.08348712236564,10.765771015142654,105.08948704583928,11.760133222499247,40.408941217509,4.30852,48PVT,43.582308,3.147648
2021-12-21_03-34-55,104.99972447777296,10.765496068187831,106.00743126841935,11.760133988205896,39.9621954612001,6.146347,48PWT,38.463911,3.572965
2021-12-06_03-35-32,104.087272727106,8.95725437122164,105.0889503905584,9.9514972213457,37.1194339914679,7.107094,48PVR,14.271678,7.058281
2021-12-31_03-35-25,104.99972617172784,8.9570263808174,106.00139103412452,9.951498048371398,38.679446715372,8.241814,48PWR,40.161943,7.614822
2021-12-21_03-35-39,104.999726884972,8.052450962132822,105.99876650307654,9.046833369621034,37.5321540875638,8.968431,48PWQ,3.775445,8.621687
2021-12-31_03-34-56,104.99972447777296,10.765496068187831,106.00743126841935,11.760133988205896,40.2768102597659,9.109499,48PWT,49.612719,7.357065
2021-12-31_03-35-00,104.08354179668925,10.76577099881297,105.08948704583928,11.760133220687836,40.7467614112289,9.149568,48PVT,47.847608,7.029299
2021-12-31_03-35-17,103.78768140895048,9.860322366088386,104.17725512940856,10.854464395757088,40.4402078058843,9.495096,48PUS,32.500827,9.413072
2021-12-21_03-35-27,104.087272727106,8.95725437122164,105.0889503905584,9.9514972213457,38.7986630902221,12.506737,48PVR,11.436667,12.39678
2021-12-21_03-35-13,104.08464228812768,9.861265852254354,105.08920676455372,10.855570332213132,39.6018140985557,13.001081,48PVS,26.872995,12.636457
2021-12-31_03-35-22,105.90956829950066,8.95600529466029,106.55027659630532,9.950253775617009,38.2083747755731,13.032111,48PXR,32.598335,10.742009
2021-12-26_03-35-31,104.99972617172784,8.9570263808174,106.00139103412452,9.951498048371398,38.5743578714172,13.266705,48PWR,31.675845,4.654077
2021-12-26_03-35-28,105.90956829950066,8.956016870738498,106.54799664442042,9.950253775617009,38.1167772804593,13.271452,48PXR,21.017626,1.939801
2021-12-08_03-25-11,106.3075107005477,9.857075849513782,106.9190801917226,10.8517894557941,38.5715390659054,13.702949,48PXS,34.550223,3.750585
2021-12-06_03-35-35,103.5932865644636,8.955700738704483,104.17938983366636,9.950485237113282,37.5733797964197,15.056114,48PUR,0.052244,15.055716
2021-12-06_03-35-29,104.99972617172784,8.9570263808174,106.00139103412452,9.951498048371398,36.6786566008194,16.251995,48PWR,36.964011,7.304671
2021-12-21_03-35-10,104.99972536932816,9.861014510703738,106.00427689411958,10.855571229031138,39.1487247300252,16.861955,48PWS,46.699244,10.509098
2021-12-06_03-35-14,104.99972536932816,9.861014510703738,106.00427689411958,10.855571229031138,37.4984975149054,17.233918,48PWS,39.855364,9.592759
2021-12-21_03-35-30,103.59001267856272,8.955687589523901,104.17938983366636,9.950485237113282,39.2703669555578,17.919766,48PUR,0.052185,17.452975
2021-12-28_03-25-27,106.10548639749268,8.953454850958392,106.91356853559611,9.948875753702678,39.4882236567996,17.962636,48PXR,2.744557,7.038236
2021-12-26_03-35-45,104.999726884972,8.052450962132822,105.99876650307654,9.046833369621034,37.7733944663532,18.131757,48PWQ,3.110239,16.606988
2021-12-26_03-35-13,105.91193437545276,9.859042150486006,106.7549363092968,10.854211396475144,38.9273195183117,19.352197,48PXS,44.468805,1.995168
2021-12-06_03-35-25,105.90956829950066,8.955994785372567,106.55246531191098,9.950253775617009,36.2519388668885,19.482475,48PXR,33.065373,8.575943
2021-12-26_03-35-49,104.08966492388936,8.052655568438503,105.0887172101058,9.04683266589854,38.2504980087016,20.078912,48PVQ,3.575728,16.063312
2021-12-08_03-25-26,106.10848837836912,8.953454850958392,106.91356853559611,9.948864902693431,37.7680610112068,21.843751,48PXR,3.152693,10.161338
2021-12-31_03-35-14,104.08464228812768,9.861265852254354,105.08920676455372,10.855570332213132,39.9525722406949,23.049961,48PVS,24.925183,22.386101
2021-12-21_03-35-42,104.08966492388936,8.052655568438503,105.0887172101058,9.04683266589854,37.9987868654122,23.847297,48PVQ,2.960279,20.49969
2021-12-28_03-25-12,106.3047755819362,9.857075849513782,106.9190801917226,10.851800535698134,40.2735986050907,24.565764,48PXS,26.392022,5.081047
2021-12-11_03-35-30,103.59001267856272,8.95568757837212,104.17939001101288,9.950485237113282,38.2847454981433,24.735441,48PUR,0.004482,18.629955
2021-12-26_03-35-16,104.99972536932816,9.861014510703738,106.00427689411958,10.855571229031138,39.3784412794859,25.332252,48PWS,39.439303,1.855356
2021-12-11_03-34-58,104.08345282908112,10.765771015142654,105.08948704583928,11.760133221034172,39.453172327589,25.406141,48PVT,43.35286,5.212266
2021-12-26_03-35-23,103.78712841404968,9.860319666184264,104.17725512940856,10.854464395757088,40.3167726302588,26.658539,48PUS,22.23057,11.504445
2021-12-21_03-35-21,105.90956829950066,8.955998847379396,106.55155333685292,9.950253775617009,37.8920993413978,27.453421,48PXR,20.185524,13.389798
2021-12-01_03-34-52,105.91454112647963,10.762239464566882,106.92510452852471,11.758657843410626,37.0919935609415,28.113779,48PXT,54.160821,18.346322
2021-12-23_03-25-17,106.30532231533422,9.857075849513782,106.9190801917226,10.851794912161768,40.0598888203881,29.737534,48PXS,29.432508,8.769163
2021-12-31_03-35-29,104.087272727106,8.95725437122164,105.0889503905584,9.9514972213457,39.1627394232942,29.983326,48PVR,9.773644,29.853934
2021-12-21_03-35-06,105.91193437545276,9.859024697411014,106.76010391493904,10.854211396475144,38.7082437866992,32.738335,48PXS,32.266268,0.917073
2021-12-26_03-35-20,104.08464228812768,9.861265852254354,105.08920676455372,10.855570332213132,39.8418725172175,32.842244,48PVS,19.500211,17.36404
2021-12-06_03-35-43,104.999726884972,8.052450962132822,105.99876650307654,9.046833369621034,35.8616587747236,33.814492,48PWQ,4.256519,25.415289
2021-12-16_03-35-04,104.08355553173335,10.76577099881297,105.08948704583928,11.760133249824438,39.9943918659395,35.245105,48PVT,32.068288,0.361812
2021-12-09_03-45-15,103.17035112378667,9.857569570335816,104.17545696252331,10.854464395757088,37.6112745410578,35.949513,48PUS,9.401923,13.578419
2021-12-26_03-34-58,105.91454112647963,10.762273299211232,106.92510452852471,11.758657843410626,39.7414596683284,36.396449,48PXT,26.022732,0.006251
2021-12-26_03-35-34,104.087272727106,8.95725437122164,105.0889503905584,9.9514972213457,39.0444769630012,37.774208,48PVR,9.808909,31.907326
2021-12-21_03-34-51,105.91454112647963,10.762246643831228,106.92510452852471,11.758657843410626,39.5278087943354,39.203865,48PXT,22.723271,0.985467
2021-12-06_03-35-46,104.08966492388936,8.052655568438503,105.0887172101058,9.04683266589854,36.3095489278748,39.716296,48PVQ,6.149352,29.163149
2021-12-11_03-35-42,104.08966492388936,8.052655568438503,105.0887172101058,9.04683266589854,37.0193315562668,40.04926,48PVQ,2.493416,30.38547
2021-12-31_03-35-43,104.08966492388936,8.052655568438503,105.0887172101058,9.04683266589854,38.3766018916051,42.225394,48PVQ,3.323711,41.378346
2021-12-29_03-45-18,103.17035103578527,9.85756950139428,104.1754053561164,10.854464395757088,39.1000948175832,43.150584,48PUS,8.491711,26.405689
2021-12-16_03-35-36,103.5916537610494,8.955693773984969,104.17938983366636,9.950485237113282,38.8375775950879,44.173966,48PUR,0.005659,14.231712
2021-12-26_03-35-37,103.58783631364793,8.955680618176132,104.17938983366636,9.950485237113282,39.5262662488282,48.655005,48PUR,0.035542,37.864751
2022-01-07_03-25-27,106.1065775158962,8.953454850958392,106.91356853559611,9.948875753702678,39.4378897912535,0.076709,48PXR,7.68594,0.0
2022-01-22_03-25-17,106.31298122787062,9.857075354566634,106.91841959657302,10.81111663564988,38.9308239638869,0.852038,48PXS,44.107956,0.0
2022-01-22_03-25-09,106.48566359181557,10.569559241550532,106.9190801917226,10.851756735193092,38.930823963887,1.925065,48PXS,37.646747,0.0
2022-01-20_03-35-39,104.999726884972,8.052450962132822,105.99876650307654,9.046833369621034,36.7273043944283,2.036161,48PWQ,3.446644,1.945262
2022-01-22_03-25-31,106.1147632513249,8.953454850958392,106.91356853559611,9.948843127751472,38.2006384499206,2.790826,48PXR,7.481003,0.0
2022-01-20_03-34-52,105.91454112647963,10.762221988718384,106.92510452852471,11.758657843410626,38.4657572094141,3.602712,48PXT,64.513737,0.051074
2022-01-20_03-35-25,104.99972617172784,8.9570263808174,106.00139103412452,9.951498048371398,37.4760770213613,4.138255,48PWR,40.286773,3.486993
2022-01-30_03-35-41,104.08966492388936,8.052655568438503,105.0887172101058,9.04683266589854,35.8813633012994,4.181913,48PVQ,2.89032,0.133035
2022-01-30_03-35-38,104.999726884972,8.052450962132822,105.99876650307654,9.046833369621034,35.2821402792764,4.633597,48PWQ,1.418952,0.854399
2022-01-05_03-35-05,104.08349394557824,10.76577099881297,105.08948704583928,11.760133248704356,40.6652269084934,5.244624,48PVT,45.392755,0.181327
2022-01-30_03-35-30,103.60257273093173,8.955736495389713,104.17938983366636,9.950485237113282,37.189339406278,7.103097,48PUR,0.030555,0.0
2022-01-07_03-25-12,106.30532231533422,9.857075849513782,106.9190801917226,10.851797636091524,40.2056017898626,7.393543,48PXS,39.16977,0.0
2022-01-15_03-35-30,104.99972617172784,8.9570263808174,106.00139103412452,9.951498048371398,37.9946293115065,7.980087,48PWR,40.539533,5.277452
2022-01-20_03-34-59,104.08359647103416,10.76577099881297,105.08948704583928,11.760133252589604,39.5241991701602,8.467955,48PVT,36.291274,0.001874
2022-01-12_03-25-32,106.11039782404504,8.953454850958392,106.91356853559611,9.94886062058682,39.1662694718729,8.711356,48PXR,7.508375,8.262376
2022-01-15_03-35-27,105.90956829950066,8.955992327752835,106.55355963317966,9.950253775617009,37.4750699406313,10.55565,48PXR,33.557698,9.308336
2022-01-03_03-45-12,103.17035103578527,9.85756950139428,104.17543630222411,10.854464395757088,39.0908706639087,10.585223,48PUS,20.213915,10.048835
2022-01-13_03-45-27,103.17560615147838,8.953902438142253,104.03573782255133,9.950107654935051,37.7841306472062,10.597956,48PUR,0.164088,9.143934
2022-01-15_03-35-02,104.08366638688062,10.90801478061076,105.08948704583928,11.760133228666731,40.0500644202772,11.032164,48PVT,32.227346,6.520045
2022-01-15_03-35-09,104.08366629826736,10.765770749987151,105.08927598738543,11.268572196616011,40.0500644202772,11.312818,48PVT,48.791543,4.802286
2022-01-20_03-35-21,105.90956829950066,8.955985802193199,106.55574838246709,9.950253775617009,36.9373459645679,12.438827,48PXR,28.006902,3.678174
2022-01-05_03-35-23,103.78932077717242,9.86032726887868,104.17725530675244,10.854464613739577,40.3807135328504,13.150721,48PUS,27.778706,7.121158
2022-01-10_03-35-29,104.087272727106,8.95725437122164,105.0889503905584,9.9514972213457,38.9019879436811,13.184545,48PVR,10.759055,11.990371
2022-01-15_03-35-45,104.999726884972,8.052450962132822,105.99876650307654,9.046833369621034,37.2322269218608,14.71883,48PWQ,2.37896,8.741026
2022-01-13_03-45-12,103.17035112378667,9.857569570335816,104.17546183941842,10.854464395757088,38.5648221833558,15.482453,48PUS,18.028213,11.13221
2022-01-20_03-35-10,104.99972536932816,9.861014510703738,106.00427689411958,10.855571229031138,38.2299671452037,15.728385,48PWS,57.885933,2.061871
2022-01-08_03-45-18,103.17035103578527,9.85756950139428,104.17543098197592,10.854464395757088,38.8958312349764,15.924956,48PUS,18.586643,12.499521
2022-01-20_03-34-56,104.99972447777296,10.765496068187831,106.00743126841935,11.760133988205896,38.9895001578049,16.61587,48PWT,36.870253,0.003825
2022-01-05_03-35-20,104.08464228812768,9.861265852254354,105.08920676455372,10.855570332213132,39.8793055680803,16.797812,48PVS,26.018545,5.675632
2022-01-15_03-35-22,103.79369968580302,9.8603438480403,104.17725530675244,10.854464395757088,39.8191083819714,17.67801,48PUS,28.36709,6.019693
2022-01-10_03-35-22,105.90956829950066,8.956002123220165,106.55155261756036,9.950253775617009,37.8858695871927,18.112462,48PXR,24.494681,5.491297
2022-01-05_03-35-28,105.90956829950066,8.956007964832308,106.54936382141148,9.950253775617009,38.1149789574138,18.273425,48PXR,26.465371,6.777729
2022-01-05_03-34-58,105.91454112647963,10.76226088362424,106.92510452852471,11.758657843410626,39.7091670451205,18.741608,48PXT,46.33078,0.244838
2022-01-20_03-35-31,103.59383848892712,8.955703465314567,104.17938983366636,9.950485237113282,38.5862067142956,19.099146,48PUR,0.014052,14.395353
2022-01-15_03-35-19,104.08464228812768,9.861265852254354,105.08920676455372,10.855570332213132,39.2851533041888,19.717837,48PVS,26.87563,7.405815
2022-01-10_03-35-25,104.99972617172784,8.9570263808174,106.00139103412452,9.951498048371398,38.3880871484842,19.808136,48PWR,26.775751,3.769761
2022-01-18_03-45-17,103.17035112378667,9.85756950139428,104.17549455895524,10.854464395757088,38.0550756292481,19.882596,48PUS,15.968126,9.666452
2022-01-10_03-34-53,105.91454112647963,10.762250728439868,106.92510452852471,11.758657843410626,39.4605706061136,20.353652,48PXT,44.785333,0.021353
2022-01-20_03-35-28,104.087272727106,8.95725437122164,105.0889503905584,9.9514972213457,38.0260193600945,20.48962,48PVR,9.993288,10.041168
2022-01-20_03-35-07,105.91193437545276,9.85900571656181,106.76448234407847,10.854211396475144,37.6988757903195,20.977559,48PXS,42.284688,0.001121
2022-01-05_03-35-37,103.59001267856272,8.95568757837212,104.17938983366636,9.950485237113282,39.6065610089569,21.105265,48PUR,0.0455,18.159597
2022-01-05_03-35-02,104.99972447777296,10.765496068187831,106.00743126841935,11.760133988205896,40.1814168061886,21.254015,48PWT,33.16786,0.319621
2022-01-20_03-35-43,104.08966492388936,8.052655568438503,105.0887172101058,9.04683266589854,37.2853067977225,21.99999,48PVQ,4.893132,20.346515
2022-01-18_03-45-31,103.17560615147838,8.953902438142253,104.03819912079987,9.950114799578618,37.2860416674156,22.404992,48PUR,0.159026,17.033345
2022-01-23_03-45-26,103.17560615147838,8.953902438142253,104.04020592818652,9.950120548121982,36.6662734262294,22.879525,48PUR,0.14743,18.45403
2022-01-15_03-35-13,105.91193410657878,9.859014508216047,106.72467961000982,10.85421163819486,38.2493358631903,24.404953,48PXS,54.419005,8.588436
2022-01-30_03-35-27,104.087272727106,8.95725437122164,105.0889503905584,9.9514972213457,36.5891910069887,24.790244,48PVR,2.140889,1.625357
2022-01-15_03-35-16,104.99972536932816,9.861014510703738,106.00427689411958,10.855571229031138,38.7615918076492,25.126617,48PWS,56.293583,11.125439
2022-01-05_03-35-46,104.999726884972,8.052450962132822,105.99876650307654,9.046833369621034,37.8159454339073,25.494956,48PWQ,1.986135,16.041404
2022-01-17_03-25-26,106.11094321675915,8.953454850958392,106.91356853559611,9.948858395471795,38.7688389256738,27.441252,48PXR,0.487712,0.000423
2022-01-15_03-34-58,105.91454112647963,10.76223538909908,106.92510452852471,11.758657843410626,39.0284599729231,27.836489,48PXT,50.93568,11.270367
2022-01-10_03-35-11,104.99972536932816,9.861014510703738,106.00427689411958,10.855571229031138,39.1661916600058,27.899331,48PWS,41.079542,1.869476
2022-01-30_03-35-16,103.80190452033064,9.86037305869548,104.17725512940856,10.854464395757088,37.8954809830891,28.098449,48PUS,10.454638,0.91023
2022-01-10_03-35-43,104.08966492388936,8.052655568438503,105.0887172101058,9.04683266589854,38.1354600113037,28.165683,48PVQ,2.479766,23.476946
2022-01-25_03-35-47,104.08966492388936,8.052655568438503,105.0887172101058,9.04683266589854,36.6329446261428,28.286469,48PVQ,1.468439,23.870286
2022-01-15_03-35-48,104.08966492388936,8.052655568438503,105.0887172101058,9.04683266589854,37.7710070528054,28.307773,48PVQ,3.976526,13.088033
2022-01-23_03-45-11,103.17035103578527,9.85756950139428,104.17551238179556,10.854464395757088,37.4216699886013,28.658203,48PUS,7.95223,12.220582
2022-01-15_03-35-33,104.087272727106,8.95725437122164,105.0889503905584,9.9514972213457,38.5256463990823,31.260205,48PVR,9.716534,16.078268
2022-01-10_03-35-00,104.08349394557824,10.76577099881297,105.08948704583928,11.76013321630854,40.4488085477574,31.624891,48PVT,21.435383,10.754112
2022-01-10_03-35-40,104.999726884972,8.052450962132822,105.99876650307654,9.046833369621034,37.6140623229228,32.910652,48PWQ,2.620705,30.242243
2022-01-28_03-45-16,103.17035103578527,9.85756950139428,104.17548152434212,10.854464395757088,36.6220277753499,33.202216,48PUS,9.186541,10.035983
2022-01-10_03-34-56,104.99972447777296,10.765496068187831,106.00743126841935,11.760133988205896,39.94902453961,34.052106,48PWT,21.631268,0.087554
2022-01-25_03-35-44,104.999726884972,8.052450962132822,105.99876650307654,9.046833369621034,36.055169910299,34.373888,48PWQ,1.297431,23.313019
2022-01-12_03-25-17,106.30860633890411,9.857075849513782,106.9190801917226,10.851775889558771,39.9231670531649,37.152359,48PXS,29.359072,21.734294
2022-01-15_03-35-36,103.59438202774922,8.955704915768537,104.17938983366636,9.950485237113282,39.0671833453439,37.194225,48PUR,0.047975,27.21523
2022-01-15_03-35-08,104.99972519101712,10.765495827391504,106.00436225827607,11.107920308377969,39.5336871137956,37.320945,48PWT,42.597619,13.414189
2022-01-30_03-35-12,104.08464228812768,9.861265852254354,105.08920676455372,10.855570332213132,37.3038373460103,37.763807,48PVS,11.862721,4.566548
2022-01-30_03-35-24,104.99972617172784,8.9570263808174,106.00139103412452,9.951498048371398,35.9987423831046,38.042718,48PWR,16.151679,0.179243
2022-01-10_03-35-32,103.58946906954915,8.955685487072259,104.17938983366636,9.950485237113282,39.4266581763144,38.271201,48PUR,4.2e-05,18.057674
2022-01-10_03-35-07,105.91193437545276,9.859025561845886,106.75831989848216,10.854211396475144,38.6709957610928,38.610247,48PXS,29.536003,1.456148
2022-01-27_03-25-10,106.32009374414432,9.857075849513782,106.9190801917226,10.851723931076783,38.2380963968828,39.143068,48PXS,7.423782,7.422052
2022-01-30_03-34-58,104.08365779139446,10.765771015142654,105.08948704583928,11.760133231477296,38.0257408954525,39.726669,48PVT,12.183261,6.365106
2022-01-25_03-35-22,103.79533709336708,9.860349057903507,104.17725512940856,10.854464395757088,38.6611568792945,41.670224,48PUS,14.247546,23.562726
2022-01-10_03-35-14,104.08464228812768,9.861265852254354,105.08920676455372,10.855570332213132,39.6728978492101,42.040223,48PVS,17.864276,8.304963
2022-01-30_03-35-09,104.99972536932816,9.861014510703738,106.00427689411958,10.855571229031138,36.7218648979869,42.515442,48PWS,21.159536,5.6e-05
2022-01-15_03-35-01,104.99972447777296,10.765496068187831,106.00743126841935,11.760133988205896,39.5336871137956,42.523996,48PWT,31.172082,15.240131
2022-01-05_03-35-17,104.99972536932816,9.861014510703738,106.00427689411958,10.855571229031138,39.3887889146434,42.831317,48PWS,26.409653,0.257202
2022-01-30_03-35-20,105.90956803063008,8.955979743461375,106.55757273199288,9.950254000246078,35.4190234591103,43.215829,48PXR,8.558363,0.014167
2022-01-08_03-45-32,103.17560615147838,8.953902438142253,104.03299771388656,9.950099782247158,38.1044639901189,44.723034,48PUR,0.122128,12.184405
2022-01-30_03-34-51,105.91454112647963,10.762214789254308,106.92510452852471,11.758657843410626,36.8887986035185,47.633019,48PXT,6.447709,0.550401
2022-01-05_03-35-34,104.087272727106,8.95725437122164,105.0889503905584,9.9514972213457,39.0980063941736,48.003052,48PVR,1.791205,10.651869
2022-01-15_03-35-06,105.91440561218054,10.521519676253442,106.7612455381726,10.854211396475144,38.2493358631903,48.583288,48PXS,28.243682,8.958042
2022-01-05_03-35-49,104.08966492388936,8.052655568438503,105.0887172101058,9.04683266589854,38.3207189036612,48.82206,48PVQ,1.978278,7.019018
2022-01-15_03-35-08,105.35435205269737,10.699122176500431,106.00427689411958,10.855367070450828,38.7615918076492,49.233499,48PWS,36.25007,24.874446
2022-01-25_03-35-36,103.59547546939108,8.955709653274615,104.17938983366636,9.950485237113282,37.9377916703018,49.304298,48PUR,0.012086,13.216373
2022-01-20_03-35-13,104.08464228812768,9.861265852254354,105.08920676455372,10.855570332213132,38.7721462132719,49.759069,48PVS,21.145803,2.113785
2022-01-27_03-25-25,106.12076718501444,8.953454850958392,106.91356853559611,9.948814766772552,37.5240736674361,49.946451,48PXR,0.109123,34.696269
2022-02-26_03-25-12,106.31243456366886,9.857075849513782,106.9190801917226,10.851762210305,31.7775790940775,2.555258,48PXS,37.427473,0.676206
2022-02-19_03-35-29,103.59875311174336,8.955722129402732,104.17938983366636,9.950485237113282,33.0814259504372,4.969139,48PUR,0.041888,0.421806
2022-02-14_03-34-57,105.91454112647963,10.762235312325387,106.92510452852471,11.758657843410626,33.5975908614109,5.471648,48PXT,68.718135,0.014971
2022-02-27_03-45-19,103.17035059577822,9.85756950139428,104.17539959251542,10.854464395757088,29.7107771484524,8.09081,48PUS,16.734007,4.865777
2022-02-19_03-35-16,103.79807661430888,9.860360086607274,104.17725512940856,10.854464395757088,33.6975400393789,9.889492,48PUS,28.295749,4.880026
2022-02-14_03-35-01,104.99972447777296,10.765496068187831,106.00743126841935,11.760133988205896,34.2260257303489,10.375171,48PWT,53.004766,0.295746
2022-02-14_03-35-11,105.91193437545276,9.859012388145851,106.76234369794442,10.854211396475144,32.9159263310541,12.844685,48PXS,60.276079,0.883236
2022-02-19_03-35-12,104.08464228812768,9.861265852254354,105.08920676455372,10.855570332213132,33.0174245989521,17.14972,48PVS,28.432935,7.718731
2022-02-19_03-35-41,104.08966492388936,8.052655568438503,105.0887172101058,9.04683266589854,31.7766558771549,17.231956,48PVQ,2.006702,13.068785
2022-02-27_03-45-34,103.17560615147838,8.953902438142253,104.02999280678549,9.950091041994895,29.1082740726061,17.951298,48PUR,0.046473,17.305319
2022-02-26_03-25-27,106.1258576363618,8.95345441203216,106.9135690759481,9.948845524117932,31.2066530088601,20.29404,48PXR,6.462655000000001,15.829762999999998
2022-02-04_03-34-57,105.91454112647963,10.762241485947348,106.92510452852471,11.758657843410626,35.8899852015911,22.064386,48PXT,56.399703,21.224502
2022-02-17_03-45-32,103.17560579945784,8.953902438142253,104.03491480103465,9.950105325187796,31.6667796216315,23.030372,48PUR,0.005457,0.3999249999999999
2022-02-01_03-25-31,106.11258039092968,8.953454850958392,106.9135690759481,9.94884777610734,36.6880854827712,23.624521,48PXR,5.808095,18.136393
2022-02-14_03-35-33,104.087272727106,8.95725437122164,105.0889503905584,9.9514972213457,33.54937930159,24.087077,48PVR,0.447198,2.80445
2022-02-04_03-35-11,105.91193437545276,9.859016501440577,106.76014891377324,10.854211396475144,35.168371847352,25.061867,48PXS,52.943575,20.018829
2022-02-19_03-35-20,105.90956829950066,8.955995463076475,106.55374242520972,9.950253775617009,31.0368112029674,25.392824,48PXR,16.749406,0.548834
2022-02-14_03-35-18,104.08464228812768,9.861265852254354,105.08920676455372,10.855570332213132,34.2018059047866,25.399122,48PVS,17.079973,0.02131
2022-02-14_03-35-36,103.59438820835308,8.955705483918521,104.17938983366636,9.950485237113282,34.2156741523117,27.760199,48PUR,0.021295,17.487374
2022-02-04_03-35-00,104.99972447777296,10.765496068187831,106.00743126841935,11.760133988205896,36.4738769842338,27.850693,48PWT,39.942524,10.831716
2022-02-17_03-45-17,103.17035103578527,9.85756950139428,104.17544880480824,10.854464395757088,32.3265516407931,28.701994,48PUS,11.266467,4.465463
2022-02-19_03-34-58,104.08367826105828,10.76577099881297,105.08948704583928,11.760133258770017,33.6550760273796,29.898295,48PVT,37.262344,25.759223
2022-02-22_03-45-26,103.17560615147838,8.953902438142253,104.03418559261516,9.95010318672268,30.4307800642056,30.077648,48PUR,0.015191,1.119563
2022-02-19_03-35-23,104.99972617172784,8.9570263808174,106.00139103412452,9.951498048371398,31.7093934017943,30.353823,48PWR,24.004766,9.505954
2022-02-02_03-45-25,103.17560615147838,8.953902438142253,104.03874568815212,9.950116376717862,35.0001950567262,31.849471,48PUR,0.060063,22.304192
2022-02-16_03-25-10,106.31571708559842,9.857075849513782,106.9190801917226,10.851745844009663,34.2517097527168,31.970531,48PXS,21.378784,0.000454
2022-02-24_03-35-06,104.08351450383134,10.76577099881297,105.08948704583928,11.760133248704356,32.341204364699,31.995124,48PVT,31.071514,24.066401000000003
2022-02-01_03-25-16,106.31188745189648,9.857075849513782,106.9190801917226,10.851767685582764,37.3845749488482,32.289031,48PXS,29.569289,24.237043
2022-02-19_03-35-27,104.087272727106,8.95725437122164,105.0889503905584,9.9514972213457,32.391321293202,32.433522,48PVR,3.165537,18.255927
2022-02-24_03-35-24,103.78822459115275,9.860323586785276,104.17725512940856,10.854464395757088,32.4342509201737,33.564323,48PUS,28.265348,33.013284
2022-02-14_03-35-15,104.99972536932816,9.861014510703738,106.00427689411958,10.855571229031138,33.5539203215533,33.838069,48PWS,44.976589,0.221725
2022-02-14_03-35-22,103.79370375343234,9.860344456190637,104.17725512940856,10.854464395757088,34.8584661300694,35.110164,48PUS,9.92657,8.797655
2022-02-14_03-35-26,105.90956829950066,8.955992992024143,106.55428918381033,9.950253775617009,32.2439455038032,36.274922,48PXR,20.517337,6.106491
2022-02-04_03-35-44,104.999726884972,8.052450962132822,105.99876650307654,9.046833369621034,34.3578461740106,36.309931,48PWQ,0.809506,14.181496
2022-02-19_03-35-38,104.999726884972,8.052450962132822,105.99876650307654,9.046833369621034,31.0843469395137,38.420317,48PWQ,0.208457,30.968979
2022-02-19_03-35-09,104.99972536932816,9.861014510703738,106.00427689411958,10.855571229031138,32.3456529144969,40.844977,48PWS,33.417851,3.633505
2022-02-21_03-25-33,106.10712352596236,8.953454850958392,106.91356853559611,9.948869262857286,32.4131264288462,42.421454,48PXR,5.599235,26.849136
2022-02-02_03-45-11,103.17035103578527,9.85756950139428,104.17549748509306,10.854464395757088,35.7236161341456,42.670843,48PUS,6.606668,25.253424
2022-02-21_03-25-18,106.30641686421568,9.857075849513782,106.9190801917226,10.851792182108122,33.0153745499361,42.896852,48PXS,17.235258,6.247312
2022-02-04_03-35-15,104.99972536932816,9.861014510703738,106.00427689411958,10.855571229031138,35.7608487350235,43.030554,48PWS,38.145167,26.937786
2022-02-16_03-25-25,106.11694604634864,8.953454850958392,106.91356853559611,9.948832281762815,33.6222531874918,43.265086,48PXR,0.574402,2.680936
2022-02-22_03-45-11,103.17035103578527,9.85756950139428,104.17544738607523,10.854464395757088,31.0633284973919,46.577138,48PUS,3.857327,10.641562999999998
2022-02-24_03-35-03,104.99972447777296,10.765496068187831,106.00743126841935,11.760133988205896,31.6559153434883,46.929443,48PWT,24.639069,22.02986
2022-02-04_03-35-29,104.99972617172784,8.9570263808174,106.00139103412452,9.951498048371398,35.0556232434055,48.143959,48PWR,14.723389,29.126164
2022-02-14_03-35-44,104.999726884972,8.052450962132822,105.99876650307654,9.046833369621034,32.2393708708317,48.535427,48PWQ,3e-06,4.070471000000001
2022-03-29_03-45-33,103.17560615147838,8.953902438142253,104.03327284731355,9.95010057517813,21.8663089695369,2.878676,48PUR,0.170108,2.113282
2022-03-01_03-35-41,104.999726884972,8.052450962132822,105.99876650307654,9.046833369621034,28.6005090392849,5.094736,48PWQ,2.373613,3.77032
2022-03-26_03-35-38,103.59056838580136,8.955691010417,104.17938983366636,9.950485237113282,24.8050269601409,5.648322,48PUR,0.038333,1.282341
2022-03-11_03-35-13,104.99972536932816,9.861014510703738,106.00427689411958,10.855571229031138,27.0792821150348,6.090122,48PWS,56.461877,6.3e-05
2022-03-11_03-35-09,105.91193437545276,9.85905444728622,106.7522842456328,10.854211396475144,26.3148098836353,6.189399,48PXS,58.228225,0.001193
2022-03-11_03-34-55,105.91454112647963,10.76228550254759,106.92510452852471,11.758657843410626,26.8417381723753,7.13796,48PXT,60.836339,0.000234
2022-03-26_03-35-47,104.999726884972,8.052450962132822,105.99876650307654,9.046833369621034,22.7951020432819,7.538963,48PWQ,1.959449,0.0
2022-03-28_03-25-28,106.11421748908344,8.953454850958392,106.91356853559611,9.948845360507706,24.2488902669305,8.969448,48PXR,4.222043,7.771835
2022-03-11_03-35-31,104.087272727106,8.95725437122164,105.0889503905584,9.9514972213457,27.3653314021191,9.489086,48PVR,3.111068,0.0
2022-03-11_03-35-24,105.90956829950066,8.956024900405541,106.54498719562945,9.950253775617009,25.8070909586211,9.730823,48PXR,27.901095,0.0
2022-03-26_03-35-50,104.08966492388936,8.052655568438503,105.0887172101058,9.04683266589854,23.654181834051,9.734929,48PVQ,1.46174,1.035919
2022-03-01_03-35-44,104.08966492388936,8.052655568438503,105.0887172101058,9.04683266589854,29.3431066294363,10.683203,48PVQ,4.068723,4.469206
2022-03-14_03-45-29,103.17560615147838,8.953902438142253,104.02834568491738,9.950086309000977,25.2270488082007,10.82266,48PUR,0.115958,3.587329
2022-03-01_03-35-32,103.59437999697948,8.955704138593441,104.17938983366636,9.950485237113282,30.6308416706001,11.564373,48PUR,0.02928,7e-06
2022-03-01_03-34-57,104.99972447777296,10.765496068187831,106.00743126841935,11.760133988205896,30.325393809192,11.699563,48PWT,42.277879,6.259461
2022-03-11_03-34-58,104.99972447777296,10.765496068187831,106.00743126841935,11.760133988205896,27.5947141770482,12.311814,48PWT,25.930676,0.0
2022-03-26_03-35-35,104.087272727106,8.95725437122164,105.0889503905584,9.9514972213457,23.9523424394111,12.702614,48PVR,4.620379,0.805142
2022-03-11_03-35-16,104.08464228812768,9.861265852254354,105.08920676455372,10.855570332213132,27.850589311247,12.737048,48PVS,18.327248,0.000136
2022-03-11_03-35-27,104.99972617172784,8.9570263808174,106.00139103412452,9.951498048371398,26.5830184337212,13.34542,48PWR,30.606377,0.0
2022-03-03_03-25-35,106.10385179474524,8.953454850958392,106.91356853559611,9.948884447829617,29.9318284150628,15.009873,48PXR,5.352034,7.887201
2022-03-11_03-35-42,104.999726884972,8.052450962132822,105.99876650307654,9.046833369621034,26.1064821877123,15.266629,48PWQ,0.204306,0.066874
2022-03-23_03-25-34,106.10712352596236,8.953454850958392,106.91356853559611,9.94887140008916,25.2064720540993,16.455932,48PXR,4.336361,12.176555
2022-03-01_03-35-12,104.99972536932816,9.861014510703738,106.00427689411958,10.855571229031138,29.7356615798891,16.594172,48PWS,59.462112,6.810432
2022-03-03_03-25-05,106.5027199678304,10.761188228150424,106.92510452852471,11.754937339453663,31.0201624641967,16.848926,48PXT,58.768129,6.236946
2022-03-09_03-45-20,103.17035112378667,9.857569570335816,104.17536616363432,10.854464395757088,27.0101380235048,17.155786,48PUS,12.241499,0.359328
2022-03-01_03-35-18,103.79315259077926,9.860342506060997,104.17725512940856,10.854464395757088,31.1844769635309,17.984459,48PUS,24.011238,10.474309
2022-03-01_03-35-00,104.08356740590165,10.76577099881297,105.08948704583928,11.76013322739928,31.0354664219958,18.219224,48PVT,30.476779,6.483091
2022-03-11_03-35-45,104.08966492388936,8.052655568438503,105.0887172101058,9.04683266589854,26.8997012294812,19.724254,48PVQ,0.153735,0.611083
2022-03-26_03-35-21,104.08464228812768,9.861265852254354,105.08920676455372,10.855570332213132,24.2785968855583,19.764653,48PVS,18.073691,0.0
2022-03-26_03-35-32,104.99972617172784,8.9570263808174,106.00139103412452,9.951498048371398,23.1014685686667,19.857873,48PWR,21.833301,0.000328
2022-03-01_03-35-29,104.087272727106,8.95725437122164,105.0889503905584,9.9514972213457,29.8922769064578,22.681776,48PVR,6.545898,14.963304
2022-03-11_03-35-19,103.79041308142652,9.86033141505297,104.17725512940856,10.854464395757088,28.6275188600201,22.710751,48PUS,13.16804,0.0
2022-03-29_03-45-19,103.17035103578527,9.85756950139428,104.17543142532992,10.854464395757088,22.1748515222089,23.047484,48PUS,14.232273,13.389319
2022-03-26_03-35-24,103.78986794507142,9.860330096384802,104.17725512940856,10.854464395757088,25.1228911949537,23.141415,48PUS,16.223595,0.0
2022-03-26_03-35-18,104.99972536932816,9.861014510703738,106.00427689411958,10.855571229031138,23.4366407195515,23.501538,48PWS,38.673946,7e-05
2022-03-13_03-25-06,106.50217181390671,10.761188228150424,106.92510452852471,11.754940299445536,28.3874661426105,28.227001,48PXT,46.21346,14.044895999999998
2022-03-26_03-35-03,104.99972447777296,10.765496068187831,106.00743126841935,11.760133988205896,23.7997045651645,28.758952,48PWT,25.202432,0.000109
2022-03-06_03-35-01,105.91454112647963,10.762288519583798,106.92510452852471,11.758657843410626,28.2078098879402,29.196337,48PXT,49.357864,13.628271
2022-03-11_03-35-33,103.59056873896844,8.955691010417,104.17938983366636,9.950485237113282,28.1528294781267,29.301056,48PUR,0.050917,0.0
2022-03-01_03-34-53,105.91454112647963,10.762267094982128,106.92510452852471,11.758657843410626,29.6240168887285,29.549834,48PXT,44.42583,4.628495
2022-03-09_03-45-35,103.17560623948354,8.953902545847505,104.02725387396684,9.950083156554696,26.4817805265261,30.056882,48PUR,0.03122,15.402643
2022-03-11_03-35-02,104.08335677248378,10.76577099881297,105.08948704583928,11.76013322391822,28.3549503058883,30.335796,48PVT,14.947475,0.0
2022-03-28_03-25-13,106.312981587105,9.857075849513782,106.9190801917226,10.851759470877967,24.5370764113188,31.312221,48PXS,19.846252,20.734014
2022-03-01_03-35-26,104.99972617172784,8.9570263808174,106.00139103412452,9.951498048371398,29.1606462250037,31.551269,48PWR,27.814293,17.302491
2022-03-26_03-35-06,104.08348712236564,10.76577099881297,105.08948704583928,11.76013321630854,24.6321057845465,32.255358,48PVT,27.534783,2.8e-05
2022-03-04_03-45-13,103.17035103578527,9.85756950139428,104.17538939537576,10.854464395757088,28.3815305567234,38.485631,48PUS,12.312741,28.13729
2022-03-26_03-35-14,105.91193437545276,9.859033912600468,106.75738645219252,10.854211396475144,22.5980763772874,38.726678,48PXS,30.011168,0.0
2022-03-16_03-35-51,104.08966492388936,8.052655568438503,105.0887172101058,9.04683266589854,25.7158628797431,38.952693,48PVQ,0.01641,4.840024
2022-03-19_03-45-34,103.17560615147838,8.953902438142253,104.02944228768436,9.950089451204091,23.9910540823056,40.530118,48PUR,0.022641,23.866051
2022-03-23_03-25-19,106.30586976864828,9.857075849513782,106.9190801917226,10.851794912161768,25.5556011213096,40.580165,48PXS,17.083386,11.42679
2022-03-01_03-35-23,105.90956829950066,8.956012965898516,106.54827024095542,9.950253775617009,28.4371614878303,41.570067,48PXR,13.11952,14.136843
2022-03-16_03-35-48,104.999726884972,8.052450962132822,105.99876650307654,9.046833369621034,24.8986174753344,41.63439,48PWQ,0.0,4.255348
2022-03-01_03-35-15,104.08464228812768,9.861265852254354,105.08920676455372,10.855570332213132,30.4564530217259,42.078158,48PVS,26.828474,38.920683
2022-03-18_03-25-29,106.10930632544564,8.953454850958392,106.91356853559611,9.94886062058682,26.3145670279315,42.470387,48PXR,2.200556,8.299027
2022-03-06_03-35-39,103.58510809479972,8.955670208069982,104.17938983366636,9.950485237113282,29.3604112699822,44.466639,48PUR,0.001284,14.6918
2022-03-26_03-34-59,105.91454112647963,10.76225789128487,106.92510452852471,11.758657843410626,22.971290797866,45.129848,48PXT,28.628576,0.558589
2022-03-08_03-25-14,106.3080578005358,9.857075849513782,106.9190801917226,10.851783999589903,29.2027867903,46.417958,48PXS,20.527156,40.156654
2022-03-14_03-45-14,103.17035112378667,9.85756950139428,104.17537485336923,10.854464395757088,25.709924093273,47.595099,48PUS,6.356676,15.773149
2022-03-26_03-35-29,105.90956829950066,8.956007340187508,106.54936463060736,9.950253775617009,22.2534139519243,47.973466,48PXR,14.584737,6e-06
2022-04-23_03-45-25,103.17560615147838,8.953902438142253,104.03820018381376,9.950114799578618,19.4340040133735,6.529504,48PUR,0.133671,0.573592
2022-04-10_03-35-41,104.999726884972,8.052450962132822,105.99876650307654,9.046833369621034,20.7220335459138,6.981858,48PWQ,0.833199,0.0
2022-04-10_03-35-44,104.08966492388936,8.052655568438503,105.0887172101058,9.04683266589854,21.6100088362623,11.467324,48PVQ,1.03074,0.0
2022-04-12_03-25-33,106.11094321675915,8.953454850958392,106.91356853559611,9.948854028868665,22.1547311581649,11.893746,48PXR,1.5164969999999998,0.692017
2022-04-17_03-25-27,106.11367495824398,8.953454850958392,106.91356853559611,9.948845360507706,21.8271343316846,17.246571,48PXR,2.545002,0.428231
2022-04-13_03-45-13,103.17035112378667,9.85756950139428,104.17543195735476,10.854464395757088,19.9255551555235,17.257775,48PUS,9.097368,0.564736
2022-04-13_03-45-27,103.17560615147838,8.953902438142253,104.03327125284912,9.95010054208047,19.8485358970592,17.459622,48PUR,0.046195,4.650874
2022-04-10_03-35-29,104.087272727106,8.95725437122164,105.0889503905584,9.9514972213457,21.690426522257,26.038259,48PVR,3.939738,0.292331
2022-04-20_03-34-52,105.91454112647963,10.762244621065644,106.92510452852471,11.758657843410626,19.2172740892128,27.520201,48PXT,43.950075,8.546074
2022-04-23_03-45-11,103.17035112378667,9.85756950139428,104.17548781997144,10.854464395757088,19.3466217861319,28.158721,48PUS,12.529907,10.363181
2022-04-05_03-35-05,104.08359133146762,10.765771015142654,105.08948704583928,11.760133226116162,22.6871079900253,33.204326,48PVT,32.419461,18.668619
2022-04-27_03-25-09,106.32064087798533,9.857075849513782,106.9190801917226,10.851721179896709,21.5111169243005,34.275007,48PXS,15.887909999999998,6.71994
2022-04-25_03-35-41,103.58893146655394,8.955684810911857,104.17938983366636,9.950485237113282,21.7941764826347,35.648534,48PUR,0.050809,27.769133
2022-04-10_03-35-00,104.08354179668925,10.76577099881297,105.08948704583928,11.76013322798418,21.9568506134832,36.147374,48PVT,2.823925,0.008404
2022-04-10_03-35-32,103.59492353804404,8.955706314309193,104.17938983366636,9.950485237113282,22.5770171632546,38.472837,48PUR,0.002191,2.698311
2022-04-20_03-34-56,104.99972447777296,10.765496068187831,106.00743126841935,11.760133988205896,20.1041409603731,39.602497,48PWT,19.916002,12.511449
2022-04-20_03-34-59,104.08349394557824,10.76577099881297,105.08948704583928,11.760133245509548,20.9912013564751,40.012887,48PVT,21.217711,12.545221
2022-04-28_03-45-36,103.17560615147838,8.953902438142253,104.03199533281852,9.950096842880171,19.4557301884157,40.04401,48PUR,0.043202,12.160929
2022-04-10_03-35-26,104.99972617172784,8.9570263808174,106.00139103412452,9.951498048371398,20.803239332855,40.177828,48PWR,8.123715,2.460138
2022-04-10_03-35-23,105.90956829950066,8.956007340187508,106.54991119816404,9.950253775617009,19.916219796662,40.641972,48PXR,4.517405,0.00089
2022-04-22_03-25-21,106.30532375221765,9.857075849513782,106.9190801917226,10.851797636091524,21.5435757023511,40.709376,48PXS,17.106265,10.850847
2022-04-25_03-35-38,104.087272727106,8.95725437122164,105.0889503905584,9.9514972213457,20.9258112320981,42.221826,48PVR,2.778995,27.298865
2022-04-25_03-35-05,104.99972447777296,10.765496068187831,106.00743126841935,11.760133988205896,19.8575327321526,42.300263,48PWT,17.132418,1.362988
2022-04-12_03-25-18,106.3102461254152,9.857075849513782,106.9190801917226,10.851773156092182,22.232618009755,42.389077,48PXS,6.94567,0.027787
2022-04-18_03-45-35,103.17560615147838,8.953902438142253,104.03163091292625,9.950095811601852,19.5109967982415,42.835024,48PUR,0.009448,27.712816
2022-04-25_03-35-23,104.08464228812768,9.861265852254354,105.08920676455372,10.855570332213132,20.813388240364,43.587625,48PVS,9.122504,17.992449
2022-04-05_03-35-02,104.99972447777296,10.765496068187831,106.00743126841935,11.760133988205896,21.8175307455022,43.731219,48PWT,19.601491,17.672195
2022-04-25_03-35-31,105.90956829950066,8.956012981052176,106.54827069050638,9.950253775617009,19.192941874257,45.200154,48PXR,8.702084,1.821186
2022-04-17_03-25-12,106.31243492290226,9.857075849513782,106.9190801917226,10.851762210305,21.8301231159229,45.236927,48PXS,12.734731,4.843265
2022-04-05_03-35-19,104.08464228812768,9.861265852254354,105.08920676455372,10.855570332213132,22.463847924731,45.518225,48PVS,16.853774,32.450393
2022-04-25_03-35-09,104.0833292138227,10.76577099881297,105.08948704583928,11.760133219819286,20.73793736304,45.570254,48PVT,21.751855,20.044284
2022-04-22_03-25-36,106.1065775158962,8.953454850958392,106.91356853559611,9.948873618654376,21.6145302355861,45.947886,48PXR,0.192987,12.190913999999998
2022-04-20_03-35-10,104.99972536932816,9.861014510703738,106.00427689411958,10.855571229031138,20.107513277072,47.803929,48PWS,22.418161,11.103928
2022-04-25_03-35-20,104.99972536932816,9.861014510703738,106.00427689411958,10.855571229031138,19.9387467612671,49.902233,48PWS,21.742834,7.317905
2022-05-25_03-35-11,104.08348712236564,10.76577099881297,105.08948704583928,11.760133222499247,22.2094624001916,15.47503,48PVT,45.57184,4.615916
2022-05-15_03-35-48,104.999726884972,8.052450962132822,105.99876650307654,9.046833369621034,21.6503191774205,19.742146,48PWQ,0.710475,9.343573
2022-05-25_03-35-08,104.99972447777296,10.765496068187831,106.00743126841935,11.760133988205896,21.4318708137857,19.878362,48PWT,42.168695,12.904735
2022-05-13_03-45-29,103.17560615147838,8.953902438142253,104.02889292227934,9.95008782589736,20.4916032985771,21.199259,48PUR,0.06012,15.083271
2022-05-25_03-35-51,104.999726884972,8.052450962132822,105.99876650307654,9.046833369621034,22.7327162622059,28.760624,48PWQ,0.625333,14.549175
2022-05-25_03-35-37,104.99972617172784,8.9570263808174,106.00139103412452,9.951498048371398,22.2723536385949,30.566379,48PWR,19.723186,16.358583
2022-05-15_03-35-26,103.79862178384336,9.860361436795138,104.17725512940856,10.854464395757088,22.4991961657416,32.814589,48PUS,16.4188,15.090692
2022-05-20_03-35-21,103.7854929630394,9.860314416839708,104.17725512940856,10.854464395757088,22.9388192992816,34.214175,48PUS,21.150559,6.047601
2022-05-20_03-35-11,105.91193437545276,9.85906845837175,106.74971743738178,10.854211396475144,20.6010905481901,34.622329,48PXS,35.770249,3.430381
2022-05-25_03-35-25,104.08464228812768,9.861265852254354,105.08920676455372,10.855570332213132,22.6004749266829,36.326084,48PVS,18.920329,26.055014
2022-05-15_03-35-40,103.59929923154355,8.955724124447935,104.17938983366636,9.950485237113282,22.8330928428176,41.02973,48PUR,0.02059,27.02145
2022-05-15_03-35-34,104.99972617172784,8.9570263808174,106.00139103412452,9.951498048371398,21.2573690092347,42.283219,48PWR,13.849255,12.277226
2022-05-25_03-35-43,103.5911081145164,8.955692360920432,104.17938983366636,9.950485237113282,23.7736973877254,42.96988,48PUR,0.031418,32.287014
2022-05-25_03-35-33,105.90956829950066,8.956004693899605,106.55045893596636,9.950253775617009,21.5363510060616,44.315749,48PXR,6.033139,22.574408
2022-05-25_03-35-29,103.79095821998618,9.86033337125616,104.17725512940856,10.854464395757088,23.370485153066,45.216584,48PUS,9.302016,10.459327
2022-05-25_03-35-55,104.08966492388936,8.052655568438503,105.0887172101058,9.04683266589854,23.4630561716531,45.408314,48PVQ,0.585618,12.145574
2022-05-15_03-35-08,104.08358964781654,10.76577099881297,105.08948704583928,11.760133229237391,21.3770529501078,45.732629,48PVT,36.031258,34.852031
2022-05-20_03-34-57,105.91454112647963,10.762303856357171,106.92510452852471,11.758657843410626,20.2124854567629,45.789504,48PXT,31.902316,11.41692
2022-05-25_03-35-40,104.087272727106,8.95725437122164,105.0889503905584,9.9514972213457,23.0186728383308,45.803949,48PVR,4.535493,30.856347
2022-05-15_03-35-23,104.08464228812768,9.861265852254354,105.08920676455372,10.855570332213132,21.6940878605726,47.591507,48PVS,18.855867,35.366547
2022-05-20_03-35-26,105.90956829950066,8.956035890281802,106.541704111,9.950253775617009,21.0193844186005,48.842528,48PXR,7.592373,14.928675
2022-06-19_03-35-08,104.08333612564071,10.76577099881297,105.08948704583928,11.760133215744377,24.1767945453186,9.464814,48PVT,51.916265,3.831391
2022-06-14_03-35-46,103.58237772557264,8.95565902674163,104.17938983366636,9.950485237113282,25.5131714290824,10.342785,48PUR,0.012835,7.012394
2022-06-09_03-35-06,104.08346656411652,10.765771015142654,105.08948704583928,11.760133215783428,23.5357388486163,10.409353,48PVT,52.86473,9.573466
2022-06-06_03-25-32,106.10658038679628,8.953454850958392,106.91356853559611,9.94887140008916,24.758161788732,11.527213,48PXR,4.655851,5.642782
2022-06-09_03-35-23,103.78549101776994,9.860314416839708,104.17725512940856,10.854464395757088,24.7211610537261,12.267625,48PUS,28.386274,7.945223000000001
2022-06-09_03-35-02,104.99972447777296,10.765496068187831,106.00743126841935,11.760133988205896,22.7908655724771,12.612426,48PWT,55.414832,11.287265
2022-06-09_03-35-13,105.91193437545276,9.859073484101812,106.7480775826238,10.854211396475144,22.5349340866907,13.623187,48PXS,65.057456,13.161767
2022-06-14_03-35-43,104.087272727106,8.95725437122164,105.0889503905584,9.9514972213457,24.7936823844298,15.139008,48PVR,4.954532,1.898026
2022-06-14_03-35-14,104.08343909404702,10.76577099881297,105.08948704583928,11.760133210901774,23.8632244042646,15.54123,48PVT,48.734578000000006,7.993905
2022-06-14_03-35-32,103.7822043483313,9.860301888806228,104.17725512940856,10.854464395757088,25.0513624565316,16.621819,48PUS,24.458447,1.292522
2022-06-14_03-35-54,104.999726884972,8.052450962132822,105.99876650307654,9.046833369621034,24.5985361124038,18.527719,48PWQ,0.965587,9.636235
2022-06-29_03-35-09,104.0833292138227,10.76577099881297,105.08948704583928,11.760133208211927,24.5323515981147,19.864754,48PVT,45.230147,14.31783
2022-06-09_03-34-59,105.91454112647963,10.762309007452844,106.92510452852471,11.758657843410626,22.0561473456784,20.275839,48PXT,62.860215,13.962816
2022-06-11_03-25-26,106.30313395371024,9.857075849513782,106.9190801917226,10.851811242790395,24.6659336177135,20.690477,48PXS,41.213205,18.579707
2022-06-09_03-35-17,104.99972536932816,9.861014510703738,106.00427689411958,10.855571229031138,23.2533338235274,20.728275,48PWS,57.599449,18.653637
2022-06-14_03-35-36,105.90956829950066,8.956034941326585,106.541704111,9.950253775617009,23.3862871102526,24.10503,48PXR,17.556782,4.324588
2022-06-29_03-35-16,105.91193437545276,9.859105420505127,106.74094450828063,10.854211396475144,23.5175042098351,25.166944,48PXS,54.68817399999999,12.298103
2022-06-11_03-25-11,106.50217136445345,10.761188228150424,106.92510452852471,11.754936948177942,24.2205434785628,26.333293,48PXT,49.057803,22.464626
2022-06-01_03-25-39,106.10821465350767,8.953454850958392,106.91356853559611,9.948867287386111,24.2789338651464,26.764959,48PXR,0.536558,6.968748
2022-06-19_03-35-05,104.99972447777296,10.765496068187831,106.00743126841935,11.760133988205896,23.4368178337091,27.017447,48PWT,42.737988,3.523044
2022-06-19_03-35-26,103.77947072030165,9.860292025428908,104.17725512940856,10.854464395757088,25.3652090028442,28.714696,48PUS,19.394474,2.334543
2022-06-19_03-35-22,104.08464228812768,9.861265852254354,105.08920676455372,10.855570332213132,24.6312372307777,30.447358,48PVS,21.914336,7.427049
2022-06-19_03-35-40,103.58019301206848,8.955650083458215,104.17938983366636,9.950485237113282,25.8275574680825,32.347631,48PUR,0.022745,13.482033
2022-06-29_03-35-06,104.99972447777296,10.765496068187831,106.00743126841935,11.760133988205896,23.7843006892906,32.677615,48PWT,41.483364,27.166113
2022-06-14_03-35-58,104.08966492388936,8.052655568438503,105.0887172101058,9.04683266589854,25.2925770037693,33.121878,48PVQ,0.855949,23.274425
2022-06-09_03-35-20,104.08464228812768,9.861265852254354,105.08920676455372,10.855570332213132,23.9826055097642,33.128995,48PVS,27.415398,30.73681
2022-06-29_03-35-27,103.77946877511916,9.860292025428908,104.17725512940856,10.854464395757088,25.7157863632268,34.129685,48PUS,20.232099,15.535878
2022-06-19_03-35-48,104.999726884972,8.052450962132822,105.99876650307654,9.046833369621034,24.9129284153692,34.440941,48PWQ,0.22835,18.846126
2022-06-06_03-25-17,106.30586976864828,9.857075849513782,106.9190801917226,10.851794912161768,24.2999144678976,35.170501,48PXS,23.985739,7.43269
2022-06-21_03-25-28,106.29547469433012,9.857075849513782,106.9190801917226,10.8518464044137,25.2560354212324,35.294083,48PXS,24.004553,10.423286
2022-06-24_03-35-13,104.99972447777296,10.765496068187831,106.00743126841935,11.760133988205896,23.6260536128135,35.958594,48PWT,38.772187,5.031264
2022-06-24_03-35-16,104.08331547880071,10.76577099881297,105.08948704583928,11.760133225649506,24.3682930218047,36.457315,48PVT,30.655771,4.308592
2022-06-07_03-45-24,103.17035103578527,9.85756950139428,104.17543284406275,10.854464395757088,22.5222035519401,36.677691,48PUS,17.481598,27.368599
2022-06-14_03-35-29,104.08464228812768,9.861265852254354,105.08920676455372,10.855570332213132,24.3169936401983,37.447634,48PVS,17.643522,7.813372
2022-06-26_03-25-21,106.29602212106516,9.857075849513782,106.9190801917226,10.851841168974186,25.464694983569,38.742298,48PXS,23.943435,17.281571
2022-06-14_03-35-40,104.99972617172784,8.9570263808174,106.00139103412452,9.951498048371398,24.0841958476492,39.117649,48PWR,19.602792,14.353552
2022-06-24_03-35-09,105.91454112647963,10.762333405126276,106.92510452852471,11.758657843410626,22.893724389163,39.421913,48PXT,42.080104,16.538732
2022-06-19_03-35-01,105.91454112647963,10.762343523214568,106.92510452852471,11.758657843410626,22.7069753260444,41.612941,48PXT,35.001332,4.570642
2022-06-04_03-35-05,105.91454112647963,10.76225789128487,106.92510452852471,11.758657843410626,21.6114283661388,41.674924,48PXT,39.777634,4.208168
2022-06-14_03-35-11,104.99972447777296,10.765496068187831,106.00743126841935,11.760133988205896,23.1227679099395,41.847712,48PWT,30.881992,9.358768
2022-06-19_03-35-16,105.91193437545276,9.859102176627175,106.74474769418458,10.854211396475144,23.1926053938795,42.927417,48PXS,29.424617,3.38205
2022-06-19_03-35-52,104.08966492388936,8.052655568438503,105.0887172101058,9.04683266589854,25.607140271286,43.252331,48PVQ,0.69948,17.58647
2022-06-21_03-25-43,106.0962117783984,8.953454850958392,106.91356853559611,9.948912472892625,25.726712605851,43.282345,48PXR,5.581346,4.15167
2022-06-19_03-35-34,104.99972617172784,8.9570263808174,106.00139103412452,9.951498048371398,24.3988074858453,45.538595,48PWR,17.743711,5.298987
2022-06-29_03-35-02,105.91454112647963,10.762348565567365,106.92510452852471,11.758657843410626,23.0457277301146,46.293399,48PXT,38.994905,19.270146
2022-06-02_03-45-30,103.17560615147838,8.953902438142253,104.03053482441734,9.950092678054638,22.5707009675697,46.317807,48PUR,0.027467,8.775106
2022-06-12_03-45-19,103.17035112378667,9.85756950139428,104.17529061616534,10.854464395757088,22.9374396021275,46.492192,48PUS,12.876083,26.507252
2022-06-19_03-35-37,104.087272727106,8.95725437122164,105.0889503905584,9.9514972213457,25.1082554190883,47.073895,48PVR,3.976072,25.491872
2022-06-26_03-25-07,106.49558850481982,10.761188228150424,106.92510452852471,11.7549767530768,25.0219038239598,47.12362,48PXT,29.375985,7.098273
2022-06-14_03-35-25,104.99972536932816,9.861014510703738,106.00427689411958,10.855571229031138,23.5920030334291,48.657045,48PWS,26.615283,9.663694
2022-06-19_03-35-19,104.99972536932816,9.861014510703738,106.00427689411958,10.855571229031138,23.9065198959421,48.912948,48PWS,27.187231,7.876633
2022-06-21_03-25-14,106.49449448263486,10.761188228150424,106.92510452852471,11.754983339348296,24.8070421370664,49.854538,48PXT,29.735842,7.840735
2022-06-19_03-35-30,105.90956829950066,8.956061629403491,106.53459021549794,9.950253775617009,23.7007649557278,49.869806,48PXR,15.06653,4.25986
2022-07-29_03-35-40,103.58783428297946,8.955679960263605,104.17938983366636,9.950485237113282,25.0625832464138,5.367748,48PUR,0.02476,0.0
2022-07-29_03-35-09,104.08341171259598,10.765771015142654,105.08948704583928,11.760133214487114,23.6561813008496,11.519708,48PVT,50.849319,9.3e-05
2022-07-29_03-35-38,104.087272727106,8.95725437122164,105.0889503905584,9.9514972213457,24.2559246588137,17.202786,48PVR,5.430052,0.789284
2022-07-29_03-35-23,104.08464228812768,9.861265852254354,105.08920676455372,10.855570332213132,23.9418846313833,18.535602,48PVS,26.639634,0.004874
2022-07-29_03-35-26,103.78659133738827,9.86031902462032,104.17725512940856,10.854464395757088,24.7602206465753,18.639714,48PUS,19.763091,0.0
2022-07-19_03-35-40,103.5867450546122,8.955676424813138,104.17938983366636,9.950485237113282,25.7537453031496,19.614206,48PUR,0.050474,14.940132
2022-07-19_03-35-38,104.087272727106,8.95725437122164,105.0889503905584,9.9514972213457,24.9798035287532,21.778521,48PVR,5.776185,15.154675
2022-07-29_03-35-05,104.99972447777296,10.765496068187831,106.00743126841935,11.760133988205896,22.8302921003552,28.761867,48PWT,29.993632,0.046991
2022-07-29_03-35-52,104.08966492388936,8.052655568438503,105.0887172101058,9.04683266589854,24.5976793013362,31.172997,48PVQ,0.855276,9.300151
2022-07-29_03-35-49,104.999726884972,8.052450962132822,105.99876650307654,9.046833369621034,23.8088198877582,33.092079,48PWQ,0.521126,16.311498
2022-07-22_03-45-21,103.17035112378667,9.85756950139428,104.17532218294326,10.854464395757088,23.0414809260709,33.346674,48PUS,17.372876000000005,19.027197
2022-07-24_03-35-32,103.78931883184772,9.860327503074863,104.17725512940856,10.854464395757088,25.0801919628037,36.192667,48PUS,14.526241,1.486561
2022-07-19_03-35-23,104.08464228812768,9.861265852254354,105.08920676455372,10.855570332213132,24.5960122871024,36.324546,48PVS,20.103902,3.286545
2022-07-19_03-35-08,104.08349394557824,10.765771015142654,105.08948704583928,11.760133218175817,24.2378724382586,37.213817,48PVT,32.3939,1.098828
2022-07-22_03-45-36,103.17560615147838,8.953902438142253,104.02342595989208,9.950071960049124,23.4246361239697,37.418419,48PUR,0.108438,33.878136
2022-07-29_03-35-02,105.91454112647963,10.762298728054333,106.92510452852471,11.758657843410626,22.0091057335077,37.617412,48PXT,35.008553000000006,0.009549
2022-07-29_03-35-20,104.99972536932816,9.861014510703738,106.00427689411958,10.855571229031138,23.1277611035637,38.387001,48PWS,28.476027,3.980276
2022-07-04_03-35-39,105.90956829950066,8.956056477643063,106.53550265733412,9.950253775617009,23.9940666976639,39.746535,48PXR,15.804192000000002,2.487238
2022-07-29_03-35-34,104.99972617172784,8.9570263808174,106.00139103412452,9.951498048371398,23.4541755435685,39.83072,48PWR,19.402902,12.620346
2022-07-16_03-25-35,106.10494066114646,8.953454850958392,106.91356853559611,9.948880102949488,25.726080994232,43.384829,48PXR,3.656166,14.218378
2022-07-19_03-35-26,103.78603613641904,9.86031574127192,104.17725512940856,10.854464395757088,25.3829133504693,43.919703,48PUS,8.742443,6.971025
2022-07-24_03-35-29,104.08464228812768,9.861265852254354,105.08920676455372,10.855570332213132,24.2780539990324,45.372912,48PVS,12.987664,7.430768
2022-07-14_03-35-13,104.99972447777296,10.765496068187831,106.00743126841935,11.760133988205896,23.626383621442,45.424095,48PWT,26.275647,15.322898
2022-07-19_03-35-05,104.99972447777296,10.765496068187831,106.00743126841935,11.760133988205896,23.4437543151917,46.06545,48PWT,23.680432,0.029661
2022-07-16_03-25-21,106.30368427486572,9.857075849513782,106.9190801917226,10.851803080374916,25.3297049327928,47.424605,48PXS,17.068709,8.071607
2022-07-24_03-35-07,105.91454112647963,10.762263001205268,106.92510452852471,11.758657843410626,22.3396717288812,47.48604,48PXT,39.899126,27.610862
2022-07-29_03-35-16,105.91193437545276,9.859066879157076,106.75026585819664,10.854211396475144,22.319077798434,47.834229,48PXS,31.410658,12.216663
2022-07-19_03-35-20,104.99972536932816,9.861014510703738,106.00427689411958,10.855571229031138,23.8151872884783,48.436955,48PWS,27.628195,9.551501
2022-07-19_03-35-34,104.99972617172784,8.9570263808174,106.00139103412452,9.951498048371398,24.2126037354392,48.951781,48PWR,24.045943,11.745591
2022-08-13_03-36-00,104.08966492388936,8.052655568438503,105.0887172101058,9.04683266589854,23.0003711362604,4.215607,48PVQ,3.772593,0.735376
2022-08-13_03-35-45,104.087272727106,8.95725437122164,105.0889503905584,9.9514972213457,22.8017142659188,11.324134,48PVR,5.567275,2.416055
2022-08-13_03-35-48,103.58346691765242,8.955662553284316,104.17938983366636,9.950485237113282,23.658246966973,14.251083,48PUR,0.028609,9.634907
2022-08-13_03-35-30,104.08464228812768,9.861265852254354,105.08920676455372,10.855570332213132,22.6357235859745,18.826425,48PVS,27.078718,9.468124
2022-08-13_03-35-56,104.999726884972,8.052450962132822,105.99876650307654,9.046833369621034,22.1550919653008,18.873779,48PWQ,1.149585,6.8316
2022-08-13_03-35-34,103.78220832719448,9.86030253242058,104.17725512940856,10.854464395757088,23.5001595244547,19.489193,48PUS,22.028187,6.645774
2022-08-13_03-35-13,104.99972447777296,10.765496068187831,106.00743126841935,11.760133988205896,21.6321593702461,20.027678,48PWT,38.684034,11.748498
2022-08-13_03-35-09,105.91454112647963,10.762302875286434,106.92510452852471,11.758657843410626,20.7629940621603,21.037745,48PXT,54.470187,11.806265
2022-08-30_03-25-14,106.4944925949998,10.761188228150424,106.92510452852471,11.754983339348296,22.2184365377561,23.415735,48PXT,50.19123,0.468432
2022-08-18_03-35-20,104.08464228812768,9.861265852254354,105.08920676455372,10.855570332213132,22.2553691023724,25.476342,48PVS,26.30206,9.50323
2022-08-18_03-35-03,104.99972447777296,10.765496068187831,106.00743126841935,11.760133988205896,21.3050574416774,25.739849,48PWT,36.17408,0.017581
2022-08-13_03-35-27,104.99972536932816,9.861014510703738,106.00427689411958,10.855571229031138,21.7724173272448,29.591775,48PWS,34.368491,11.393701
2022-08-30_03-25-43,106.09620917678342,8.953454850958392,106.91356853559611,9.948912472892625,22.0591359662593,30.557439,48PXR,3.636025000000001,10.64813
2022-08-18_03-35-17,104.99972536932816,9.861014510703738,106.00427689411958,10.855571229031138,21.3794214444178,31.596991,48PWS,33.090049,7.424401
2022-08-13_03-35-16,104.0834768432407,10.765771015142654,105.08948704583928,11.7601332154102,22.5028452461322,33.424053,48PVT,44.660714,16.994427
2022-08-13_03-35-42,104.99972617172784,8.9570263808174,106.00139103412452,9.951498048371398,21.9468896187925,34.947109,48PWR,17.962313,7.303294
2022-08-13_03-35-24,105.91193437545276,9.859067693225422,106.7491749574737,10.854211396475144,20.9111966664259,35.02717,48PXS,39.351487,13.485956
2022-08-18_03-35-06,104.08360329425211,10.76577099881297,105.08948704583928,11.760133254715749,22.1860940702447,35.655716,48PVT,38.11259,11.653474
2022-08-30_03-25-28,106.29547469433012,9.857075849513782,106.9190801917226,10.8518464044137,22.1216327115239,37.873191,48PXS,23.59871,12.888914
2022-08-18_03-35-46,104.999726884972,8.052450962132822,105.99876650307654,9.046833369621034,21.6348942240056,40.453589,48PWQ,0.606554,17.187271
2022-08-18_03-34-59,105.91454112647963,10.76223126276636,106.92510452852471,11.758657843410626,20.4247126704343,41.032198,48PXT,33.407611,1.299654
2022-08-13_03-35-38,105.90956829950066,8.956034576952025,106.54225065890226,9.950253775617009,21.0947914240911,42.513505,48PXR,19.795483,10.538358
2022-08-28_03-35-04,104.08370546533467,10.76577099881297,105.08948704583928,11.760133232945911,21.6662622754238,43.691203,48PVT,31.552911,7.651959
2022-08-18_03-35-50,104.08966492388936,8.052655568438503,105.0887172101058,9.04683266589854,22.4968526989442,44.021457,48PVQ,1.130945,11.034062
2022-08-18_03-35-24,103.7991669555802,9.86036266078779,104.17725512940856,10.854464395757088,23.1315559472205,44.18852,48PUS,16.177632,20.510465
2022-08-28_03-35-01,104.99972447777296,10.765496068187831,106.00743126841935,11.760133988205896,20.7787782060768,47.286546,48PWT,22.782652,7.760065
2022-09-02_03-35-59,104.08966492388936,8.052655568438503,105.0887172101058,9.04683266589854,21.1505522478245,21.520635,48PVQ,1.538396,8.027737
2022-09-02_03-35-45,104.087272727106,8.95725437122164,105.0889503905584,9.9514972213457,21.2315260834627,25.360286,48PVR,3.457145,12.120411
2022-09-02_03-35-30,104.08464228812768,9.861265852254354,105.08920676455372,10.855570332213132,21.3487157845335,27.472493,48PVS,18.312949,11.030677
2022-09-14_03-25-33,106.1103975548929,8.953454850958392,106.91356853559611,9.948858395471795,21.8250899183123,33.779201,48PXR,2.758658,14.272997
2022-09-17_03-35-17,104.99972536932816,9.861014510703738,106.00427689411958,10.855571229031138,20.8243801598227,36.760706,48PWS,28.634205,2.952233
2022-09-02_03-35-34,103.7778274048272,9.860286093005737,104.17725512940856,10.854464395757088,22.2331463447497,37.973332,48PUS,7.020517999999999,16.906931
2022-09-02_03-35-09,105.91454112647963,10.762328341789914,106.92510452852471,11.758657843410626,19.7400099965248,41.372707,48PXT,36.469278,6.99915
2022-09-02_03-35-27,104.99972536932816,9.861014510703738,106.00427689411958,10.855571229031138,20.4638700580521,41.501862,48PWS,24.488711,8.820253
2022-09-12_03-35-32,103.78002182698692,9.860295326746778,104.17725512940856,10.854464395757088,22.2280038978445,41.890007,48PUS,11.193809,15.748386
2022-09-14_03-25-18,106.30915236416024,9.857075849513782,106.9190801917226,10.851778621833285,22.1232961530073,43.013805,48PXS,21.355109,12.979211
2022-09-17_03-35-20,104.08464228812768,9.861265852254354,105.08920676455372,10.855570332213132,21.6534400540611,43.910438,48PVS,10.796046,8.747844
2022-09-02_03-35-56,104.999726884972,8.052450962132822,105.99876650307654,9.046833369621034,20.2625695330676,44.618332,48PWQ,0.909025,22.149237
2022-09-17_03-35-23,103.79042068593954,9.860332732165126,104.17725512940856,10.854464395757088,22.4861516145265,45.766219,48PUS,11.324902,21.553655
2022-09-02_03-35-23,105.91193437545276,9.859088210899689,106.74460253802998,10.854211396475144,19.5793945926638,48.732772,48PXS,25.834855000000005,5.580831
2022-09-17_03-35-02,104.99972447777296,10.765496068187831,106.00743126841935,11.760133988205896,21.2254678357476,49.200088,48PWT,24.926175,6.988185
2022-10-07_03-35-19,103.79753356927844,9.86035814514049,104.17725512940856,10.854464395757088,25.0374477515628,25.088894,48PUS,14.930925,2.9404
2022-10-05_03-45-23,103.17035103578527,9.85756950139428,104.17539232151142,10.854464395757088,22.7356475953156,31.040803,48PUS,11.325514,5.160647
2022-10-07_03-35-45,104.08966492388936,8.052655568438503,105.0887172101058,9.04683266589854,23.1343431736231,33.743605,48PVQ,3.684964,27.41093
2022-10-07_03-35-41,104.999726884972,8.052450962132822,105.99876650307654,9.046833369621034,22.4286166134539,34.145465,48PWQ,1.49389,23.191655
2022-10-17_03-35-21,103.79096803515318,9.86033468764384,104.17725512940856,10.854464395757088,27.1075096702842,36.365324,48PUS,10.547516,19.173075
2022-10-17_03-34-56,105.91454112647963,10.762278407887424,106.92510452852471,11.758657843410626,26.0531071683961,42.285919,48PXT,32.743898,8.286801
2022-10-07_03-34-54,105.91454112647963,10.762238467901454,106.92510452852471,11.758657843410626,23.6731246908568,42.722151,48PXT,35.837153,16.78752
2022-10-22_03-35-46,104.999726884972,8.052450962132822,105.99876650307654,9.046833369621034,25.6607274384657,45.523405,48PWQ,0.368668,23.258238
2022-11-29_03-45-30,103.17560615147838,8.953902438142253,104.0250646088612,9.950076765084026,35.1219335589389,15.38891,48PUR,0.122829,3.621891
2022-11-28_03-25-31,106.11039782404504,8.953454850958392,106.91356853559611,9.948858395471795,36.0414943221624,18.7839,48PXR,3.984033,1.046273
2022-11-26_03-35-21,103.78659133738827,9.86031902462032,104.17725512940856,10.854464395757088,36.5687589988088,30.401635,48PUS,12.288602,3.342685
2022-11-28_03-25-16,106.30915236416024,9.857075849513782,106.9190801917226,10.851778621833285,36.8449894602572,31.847203,48PXS,20.262891,0.076218
2022-11-16_03-34-56,105.91454112647963,10.762302845694556,106.92510452852471,11.758657843410626,33.8743123026062,41.060668,48PXT,32.989389,7.551088
2022-11-16_03-35-11,105.91193437545276,9.859068507173625,106.74971158780704,10.854211396475144,33.0511267321315,42.555687,48PXS,26.290873,7.708688
2022-11-29_03-45-15,103.17035103578527,9.85756950139428,104.17534151316468,10.854464395757088,35.950265979294,45.940244,48PUS,3.957878,0.115541
2022-11-26_03-35-47,104.08966492388936,8.052655568438503,105.0887172101058,9.04683266589854,34.4991950943881,46.259961,48PVQ,0.481823,19.324063
2022-11-19_03-45-16,103.17035103578527,9.85756950139428,104.17532989729736,10.854464395757088,33.8562092236273,46.823147,48PUS,12.664151,31.069288
2022-11-06_03-35-34,103.59656468194198,8.955713151225615,104.17938983366636,9.950485237113282,31.2215082628166,47.744507,48PUR,0.002915,6.232344
2022-11-06_03-35-02,104.08352132704532,10.76577099881297,105.08948704583928,11.76013322305257,32.2885086840407,49.400324,48PVT,27.693942,12.630843
2022-12-14_03-45-16,103.17035059577822,9.85756950139428,104.17542663710668,10.854464395757088,38.183863879472,3.206927,48PUS,21.445616,3.182792
2022-12-11_03-34-57,105.91454112647963,10.762263040917334,106.92510452852471,11.758657843410626,38.559898419522,6.932378,48PXT,64.517987,2.879805
2022-12-14_03-45-31,103.17560615147838,8.953902438142253,104.03309098990388,9.950100016978872,37.3595771524694,10.405674,48PUR,0.143508,10.151688
2022-12-21_03-35-20,103.79752561064744,9.86035683744736,104.17725512940856,10.854464395757088,40.0417850271001,11.104114,48PUS,27.783793,7.618356
2022-12-04_03-45-17,103.17035103578527,9.85756950139428,104.17541989812608,10.854464395757088,36.8250460925465,16.675873,48PUS,14.380832,11.472137
2022-12-21_03-35-34,103.59819754644496,8.955719980579348,104.17938983366636,9.950485237113282,39.24507548504,21.479882,48PUR,0.046365,21.315441
2022-12-06_03-34-54,105.91454112647963,10.762272231093684,106.92510452852471,11.758657843410626,37.8750688601634,21.863966,48PXT,50.704771,14.358016999999998
2022-12-16_03-35-13,104.99972536932816,9.861014510703738,106.00427689411958,10.855571229031138,38.7168417894901,22.979556,48PWS,43.29468,17.712569
2022-12-06_03-35-03,105.91407677530812,10.419156067113114,106.75466200296664,10.854211396475144,37.0454776314457,22.987334,48PXS,38.883996,10.546342
2022-12-11_03-35-48,104.08966492388936,8.052655568438503,105.0887172101058,9.04683266589854,36.9738104799929,28.159115,48PVQ,1.768919,9.029728
2022-12-21_03-35-02,104.08356235494934,10.76577099881297,105.08948704583928,11.760133233406949,40.385173038642,30.804616,48PVT,35.300142,26.574190999999995
2022-12-11_03-35-33,104.087272727106,8.95725437122164,105.0889503905584,9.9514972213457,37.7821111761214,31.850934,48PVR,2.189279,10.462719
2022-12-06_03-34-57,104.99972447777296,10.765496068187831,106.00743126841935,11.760133988205896,38.2890833794775,32.412046,48PWT,27.039725,10.225253
2022-12-06_03-35-07,104.8273508785381,10.797857913835209,105.08920676455372,10.85557105431779,37.899696517308,34.058964,48PVS,14.936449,4.352042
2022-12-16_03-35-16,104.08464228812768,9.861265852254354,105.08920676455372,10.855570332213132,39.1605608435746,36.339548,48PVS,21.886829,28.730869
2022-12-06_03-35-10,105.91193410657878,9.859041117914511,106.69450064677272,10.790730163507884,37.0454776314458,36.884448,48PXS,34.484309,17.204943
2022-12-11_03-35-22,103.7887797127158,9.86032686292401,104.17725512940856,10.854464395757088,39.0434263769786,37.619659,48PUS,10.810242,11.614767
2022-12-06_03-35-30,104.087272727106,8.95725437122164,105.0889503905584,9.9514972213457,37.0866819323485,38.783413,48PVR,4.509079,17.986621
2022-12-06_03-35-19,103.79205831896486,9.86033859170564,104.17725512940856,10.854464395757088,38.3466234226992,38.898823,48PUS,8.566523,6.18702
2022-12-18_03-25-15,106.31079323276948,9.857075849513782,106.9190801917226,10.851767685582764,39.6877663413702,39.296219,48PXS,27.486458,29.112452
2022-12-23_03-25-15,106.3080578005358,9.857075849513782,106.9190801917226,10.851783999589903,40.0509257353252,39.713535,48PXS,30.153254,35.699087
2022-12-06_03-35-15,104.08464228812768,9.861265852254354,105.08920676455372,10.855570332213132,37.8996965173082,39.918855,48PVS,12.285145,5.985611
2022-12-28_03-25-15,106.309699109341,9.857075849513782,106.9190801917226,10.851773156092182,40.2621412719123,39.956209,48PXS,29.357344,35.264626
2022-12-11_03-35-36,103.59001470926492,8.95568757837212,104.17938983366636,9.950485237113282,38.2389208386185,40.023246,48PUR,0.02505,11.087908
2022-12-19_03-45-30,103.17560623948354,8.953902545847505,104.02889416237936,9.95008785932446,37.8279004112579,40.631858,48PUR,0.122661,39.047101
2022-12-06_03-35-23,105.90956829950066,8.956014921097603,106.54772304823663,9.950253775617009,36.2191561940398,40.641466,48PXR,16.879947,23.618516
2022-12-11_03-35-44,104.999726884972,8.052450962132822,105.99876650307654,9.046833369621034,36.5227944374695,40.901583,48PWQ,1.278582,7.380819
2022-12-11_03-35-01,104.99972447777296,10.765496068187831,106.00743126841935,11.760133988205896,38.9777831060239,41.622159,48PWT,22.133364,9.444899
2022-12-01_03-35-01,104.99972447777296,10.765496068187831,106.00743126841935,11.760133988205896,37.4548964073118,41.762599,48PWT,22.117531,26.340473
2022-12-06_03-35-05,104.99972528017264,10.765495827391504,106.00399497746947,10.995153388911415,38.2890833794776,42.939737,48PWT,16.202356,12.500781
2022-12-06_03-35-05,104.99972536932816,10.591717298948996,106.00427689411958,10.855571229031138,37.4656948931291,43.481302,48PWS,23.047929,19.360812
2022-12-21_03-34-59,104.99972447777296,10.765496068187831,106.00743126841935,11.760133988205896,39.9391591093556,44.28803,48PWT,27.40337,33.777291
2022-12-06_03-35-33,103.59275141803604,8.95569929016768,104.17938983366636,9.950485237113282,37.5406603357488,44.340873,48PUR,0.002071,26.677975
2022-12-08_03-25-17,106.30641668460429,9.857075849513782,106.9190801917226,10.851792539396126,38.5239127904621,44.556484,48PXS,26.274037,37.320372
2022-12-16_03-34-59,104.99972447777296,10.765496068187831,106.00743126841935,11.760133988205896,39.5351870973014,44.712722,48PWT,24.569716,28.818756
2022-12-11_03-35-12,105.91193437545276,9.859035554730454,106.75739590183164,10.854211396475144,37.7321719957767,45.028964,48PXS,28.477879999999995,5.229714
2022-12-29_03-45-15,103.17035112378667,9.857569570335816,104.17541555325715,10.854464332735972,39.1036050310885,45.040298,48PUS,5.630865,30.436599
2022-12-06_03-35-26,104.99972617172784,8.9570263808174,106.00139103412452,9.951498048371398,36.6458830785579,45.21603,48PWR,13.547428,10.074855
2022-12-21_03-35-16,104.08464228812768,9.861265852254354,105.08920676455372,10.855570332213132,39.5776308706504,45.543304,48PVS,16.976705,38.289165
2022-12-04_03-45-31,103.17560579945784,8.953902175291551,104.03163419039794,9.950096052334672,35.9966221217149,46.428144,48PUR,0.028101,11.558011
2022-12-11_03-35-18,104.08464228812768,9.861265852254354,105.08920676455372,10.855570332213132,38.593525819532,46.907747,48PVS,8.86866,10.843448
2022-12-11_03-35-15,104.99972536932816,9.861014510703738,106.00427689411958,10.855571229031138,38.1561595355048,47.070113,48PWS,20.984194,3.046543
2022-12-29_03-45-30,103.17560615147838,8.953902438142253,104.03108658795318,9.950094224077407,38.2950681088667,48.723266,48PUR,0.000964,31.195858
2022-12-16_03-35-20,103.78987395791782,9.860330775608675,104.17725512940856,10.854464395757088,39.6164303748957,49.171105,48PUS,15.011509999999998,38.466975
2022-12-26_03-35-11,105.91193437545276,9.85904604951778,106.75447904227237,10.854211396475144,38.925432977823,49.598432,48PXS,35.533801,32.72897
2023-01-15_03-35-40,104.999726884972,8.052450962132822,105.99876650307654,9.046833369621034,37.2624702226737,9.254053,48PWQ,1.83226,2.585801
2023-01-28_03-45-14,103.17035103578527,9.85756950139428,104.1755278105248,10.854464395757088,36.6696520050669,12.43844,48PUS,19.06829,10.504032
2023-01-15_03-35-14,104.08464228812768,9.861265852254354,105.08920676455372,10.855570332213132,39.3156479645592,17.072853,48PVS,27.198353,11.012173
2023-01-28_03-45-29,103.17560615147838,8.953902438142253,104.0414824548296,9.9501242423135,35.9283981519389,17.182299,48PUR,0.109229,7.990662999999999
2023-01-15_03-35-26,104.99972617172784,8.9570263808174,106.00139103412452,9.951498048371398,38.0253629765821,17.936589,48PWR,33.562499,7.272916
2023-01-15_03-35-18,103.80846598778024,9.860395700343124,104.17725512940856,10.854464395757088,39.8489122719444,18.002638,48PUS,18.259507,6.998517
2023-01-15_03-35-29,104.087272727106,8.95725437122164,105.0889503905584,9.9514972213457,38.555677088298,24.08058,48PVR,6.421352,14.262982
2023-01-15_03-35-32,103.60911264508432,8.955759818911561,104.17938983366636,9.950485237113282,39.0965122598962,27.61986,48PUR,0.050672,22.175187
2023-01-15_03-35-11,104.99972536932816,9.861014510703738,106.00427689411958,10.855571229031138,38.7927820904352,28.02408,48PWS,56.208599,20.835435
2023-01-17_03-25-12,106.31298508964038,9.857075849513782,106.9190801917226,10.851759470877967,39.534212068233,28.331387,48PXS,22.060393,13.127413
2023-01-17_03-25-27,106.11367208723972,8.953454850958392,106.91356853559611,9.948843127751472,38.7893440085076,30.070567,48PXR,3.98444,26.894671
2023-01-22_03-25-29,106.12131179912105,8.953454850958392,106.91356853559611,9.948814766772552,38.2360570299999,30.767301,48PXR,2.642289,28.05796
2023-01-15_03-35-22,105.90956829950066,8.955954393815805,106.56450315436324,9.950253775617009,37.5065074537217,31.758171,48PXR,18.627585,24.32698
2023-01-15_03-34-53,105.91454112647963,10.762175667156011,106.92510452852471,11.758657843410626,39.0607678528938,35.690135,48PXT,39.56758099999999,23.702521999999995
2023-01-15_03-35-00,104.0837530506778,10.76577099881297,105.08948704583928,11.760133236801062,40.0810249425733,39.321184,48PVT,22.458152,22.140054
2023-01-03_03-45-15,103.17035103578527,9.85756950139428,104.17542078483405,10.854464395757088,39.0888894048207,39.966455,48PUS,16.815594,30.348358
2023-01-23_03-45-13,103.17035103578527,9.85756950139428,104.17550227331868,10.854464395757088,37.4527256230689,42.148474,48PUS,8.065307,6.570535
2023-01-15_03-35-44,104.08966492388936,8.052655568438503,105.0887172101058,9.04683266589854,37.800524738783,42.699286,48PVQ,1.508538,25.650659
2023-01-15_03-34-57,104.99972447777296,10.765496068187831,106.00743126841935,11.760133988205896,39.5653220367413,43.342566,48PWT,31.999737,38.572586
2023-02-04_03-35-20,104.84317379728432,9.901922707863438,105.0889503905584,9.95149789667192,35.7195610384014,1.220264,48PVR,6.373315,0.000531
2023-02-24_03-34-57,105.91454112647963,10.762269123886233,106.92510452852471,11.758657843410626,31.0522021003373,5.85125,48PXT,62.091529,0.000962
2023-02-17_03-45-14,103.17035103578527,9.85756950139428,104.1754830317463,10.854464395757088,32.3939266904483,6.484776,48PUS,19.312796,2.381195
2023-02-24_03-35-48,104.08966492388936,8.052655568438503,105.0887172101058,9.04683266589854,30.6150416949348,7.259648,48PVQ,1.592506,0.495682
2023-02-24_03-35-04,104.08359301511872,10.76577099881297,105.08948704583928,11.760133243657547,32.4113739165042,8.836369,48PVT,27.160814,4.606094
2023-02-04_03-35-09,105.91193437545276,9.858984094885852,106.76764773639889,10.854211396475144,35.2233074863238,12.413418,48PXS,66.546804,11.860251
2023-02-21_03-25-30,106.11258353107306,8.953454850958392,106.91356853559611,9.948847505270942,32.4784712133404,13.138458,48PXR,4.943584,9.430561
2023-02-09_03-34-56,105.91454112647963,10.76227224233861,106.92510452852471,11.758657843410626,34.8485824033225,14.022191,48PXT,55.936158,0.000115
2023-02-26_03-25-29,106.10876066814784,8.953454850958392,106.91356853559611,9.948864902693431,31.2603543387959,14.935264,48PXR,4.60415,9.836718
2023-02-06_03-25-30,106.10548603863216,8.953454850958392,106.91356853559611,9.948875753702678,35.8028186322897,15.37559,48PXR,7.524231,15.19714
2023-02-21_03-25-16,106.31189068498864,9.857075849513782,106.9190801917226,10.851762210305,33.0820504554151,15.597785,48PXS,31.690007,14.195381
2023-02-04_03-35-12,104.99972536932816,9.861014510703738,106.00427689411958,10.855571229031138,35.8147995259432,16.090831,48PWS,68.200701,14.367358
2023-02-04_03-35-16,103.86443142940072,10.082333539431126,104.1767011082139,10.854464395757088,37.0281543388784,16.140796,48PUS,33.950543,14.394221000000002
2023-02-04_03-35-21,104.08636814261546,9.86126565666678,105.08898562634812,10.270539973574852,36.416761495352,17.571609,48PVS,2.530101,17.297846
2023-02-04_03-35-19,104.99972608257232,9.861014212141717,106.00113431807276,10.099105281932392,35.8147995259431,18.303937,48PWS,61.725771,16.011932
2023-02-11_03-25-15,106.31298491002316,9.857075849513782,106.9190801917226,10.851756735193092,35.4293758303108,18.40169,48PXS,28.55463,9.991242
2023-02-09_03-35-33,103.63612653449894,9.07503140206099,104.17912434614844,9.950485237113282,35.3479826787147,19.454454,48PUR,9e-06,0.0
2023-02-04_03-35-22,103.80463807263018,9.860382092335737,104.17725512940856,10.302915454639862,37.0281543388783,21.355774,48PUS,10.554148,20.252748
2023-02-04_03-35-18,105.91151520142223,9.55873740174163,106.56030811660544,9.950253775617009,34.5083882324597,21.917006,48PXR,54.425025,19.387567
2023-02-17_03-45-29,103.17560615147838,8.953902438142253,104.03710714410738,9.950111645803483,31.7329951802165,22.042811,48PUR,0.030815,16.732
2023-02-24_03-35-30,104.99972617172784,8.9570263808174,106.00139103412452,9.951498048371398,30.4957372360328,22.377603,48PWR,32.003924,11.976454
2023-02-04_03-35-14,104.08464228812768,9.89812405963673,105.08920676455372,10.855570367008871,36.416761495352,24.352074,48PVS,33.40956,20.501456
2023-02-24_03-35-15,104.99972536932816,9.861014510703738,106.00427689411958,10.855571229031138,31.1050478369416,26.963526,48PWS,45.258859,9.314667
2023-02-09_03-35-10,105.91193437545276,9.859042088024328,106.75737187275008,10.854211396475144,34.1448254365476,27.266058,48PXS,44.509771,0.0
2023-02-06_03-25-15,106.3047755819362,9.857075849513782,106.9190801917226,10.851800358829236,36.4804771378804,29.276204,48PXS,32.23455,28.509089
2023-02-24_03-35-18,104.08464228812768,9.861265852254354,105.08920676455372,10.855570332213132,31.7995931611368,30.015242,48PVS,22.235136,5.36825
2023-02-24_03-35-01,104.99972447777296,10.765496068187831,106.00743126841935,11.760133988205896,31.7271661788649,30.361858,48PWT,22.679344,5.663163
2023-02-26_03-25-14,106.30751393357022,9.857075849513782,106.9190801917226,10.851783999589903,31.83294366548,33.56885,48PXS,26.415598,23.904887
2023-02-09_03-35-46,104.08966492388936,8.052655568438503,105.0887172101058,9.04683266589854,34.0377625039025,36.491731,48PVQ,0.028869,0.504461
2023-02-24_03-35-44,104.999726884972,8.052450962132822,105.99876650307654,9.046833369621034,29.8992524430022,36.57673,48PWQ,0.595482,24.766995
2023-02-19_03-35-30,104.087272727106,8.95725437122164,105.0889503905584,9.9514972213457,32.4384145318664,38.115564,48PVR,3.119777,17.70734
2023-02-09_03-35-43,104.999726884972,8.052450962132822,105.99821012863502,9.046833369621034,33.3950028841846,38.859457,48PWQ,4e-06,0.013914
2023-02-09_03-34-59,104.99972447777296,10.765496068187831,106.00743126841935,11.760133988205896,35.4532265179992,38.97368,48PWT,26.185235,3.3e-05
2023-02-11_03-25-29,106.11421847599392,8.953454850958392,106.91356853559611,9.948843127751472,34.7737333331762,39.275253,48PXR,3.385259,15.077756000000004
2023-02-04_03-35-25,105.90956803063008,8.955969939810062,106.51061505225474,9.88785409497976,34.5083882324597,41.06141,48PXR,14.063711,30.431588999999995
2023-02-04_03-35-20,104.99972617172784,9.685031722737037,106.00139103412452,9.951498048371398,35.1087316093749,42.237025,48PWR,49.157462,40.160081
2023-02-09_03-35-37,104.999726884972,8.661113181926249,105.99876650307654,9.046833369621034,33.3950028841848,44.085228,48PWQ,0.000115,0.026878
2023-02-14_03-35-46,104.08966492388936,8.052655568438503,105.0887172101058,9.04683266589854,32.9633234945743,45.688918,48PVQ,2.311067,31.115332
2023-02-24_03-35-12,105.91193437545276,9.859040473735128,106.75733560414125,10.854211396475144,30.419570328049,46.211523,48PXS,16.686502,0.0
2023-02-19_03-35-44,104.08966492388936,8.052655568438503,105.0887172101058,9.04683266589854,31.8221201078272,46.895406,48PVQ,0.927824,24.4974
2023-02-24_03-35-33,104.087272727106,8.95725437122164,105.0889503905584,9.9514972213457,31.2008142101563,47.091091,48PVR,5.086387,8.176894
2023-02-24_03-35-26,105.90956829950066,8.956013626001798,106.54808781325634,9.950253775617009,29.7995125591764,47.901869,48PXR,12.70939,21.424052
2023-02-14_03-35-42,104.999726884972,8.052450962132822,105.99876650307654,9.046833369621034,32.2968867270458,48.553008,48PWQ,1.825077,27.445728
2023-02-09_03-35-38,104.0890872305573,8.957254144482167,105.08872175952996,9.272526083835697,34.7057109802832,48.654395,48PVR,0.100418,0.0001079999999999
2023-03-13_03-25-35,106.10057464585404,8.953454850958392,106.91356853559611,9.948897378317612,27.5138564606593,0.103623,48PXR,7.470427,8.5e-05
2023-03-08_03-25-12,106.31298491002316,9.857075849513782,106.9190801917226,10.851756735193092,29.2688596221127,0.13426,48PXS,35.486802,8.1e-05
2023-03-11_03-35-28,104.087272727106,8.95725437122164,105.0889503905584,9.9514972213457,27.4301890757197,0.263257,48PVR,6.724437,0.0
2023-03-08_03-25-26,106.11421775824086,8.953454850958392,106.91356853559611,9.948843127751472,28.769868527387,0.548402,48PXR,7.603624000000001,0.00014
2023-03-11_03-35-31,103.59711238197217,8.955715888317377,104.17938983366636,9.950485237113282,28.2165344928678,0.739387,48PUR,0.037089,0.0
2023-03-06_03-35-07,104.08349740149129,10.76577099881297,105.08948704583928,11.76013321719965,29.7350215117703,1.179621,48PVT,35.694313,1.150821
2023-03-14_03-45-13,103.17035103578527,9.85756950139428,104.17545314967818,10.854464395757088,25.7734728571206,1.738158,48PUS,18.732433,0.000282
2023-03-26_03-35-00,105.91454112647963,10.762284476774362,106.92510452852471,11.758657843410626,23.0262920273556,2.093464,48PXT,60.437918,0.141695
2023-03-13_03-25-06,106.49888013368796,10.761188228150424,106.92510452852471,11.754960217410735,28.444938847187,3.344395,48PXT,53.519654,0.00081
2023-03-11_03-35-43,104.08966492388936,8.052655568438503,105.0887172101058,9.04683266589854,26.9622460894458,3.445831,48PVQ,2.744453,0.000196
2023-03-13_03-25-20,106.29930464706686,9.857075849513782,106.9190801917226,10.851827447285068,27.9696305654051,4.814139,48PXS,29.746369,0.0
2023-03-26_03-35-50,104.08966492388936,8.052655568438503,105.0887172101058,9.04683266589854,23.6979806363161,4.983072,48PVQ,3.455111,0.530552
2023-03-06_03-35-03,104.99972447777296,10.765496068187831,106.00743126841935,11.760133988205896,29.0015005873374,5.327942,48PWT,38.729486,4.874725
2023-03-11_03-34-52,105.91454112647963,10.762218907747876,106.92510452852471,11.758657843410626,26.9132161836312,5.420543,48PXT,50.239056,0.000502
2023-03-23_03-25-33,106.11039863150144,8.953454850958392,106.91356853559611,9.948856256166769,25.258470960585,7.053684,48PXR,3.0697630000000005,0.043683
2023-03-21_03-34-55,105.91454112647963,10.762276314886766,106.92510452852471,11.758657843410626,24.2507428347203,7.224382,48PXT,58.080882,4.649986
2023-03-26_03-35-03,104.99972447777296,10.765496068187831,106.00743126841935,11.760133988205896,23.8535813458969,8.968072,48PWT,25.203264,2.7e-05
2023-03-09_03-45-20,103.17035112378667,9.857569570335816,104.17528919743393,10.854464395757088,27.071992869035,8.9766,48PUS,14.307562,0.0
2023-03-11_03-34-59,104.0836101174704,10.76577099881297,105.08948704583928,11.760133250362584,28.423990430366,10.05666,48PVT,17.756173,0.000436
2023-03-09_03-45-35,103.17560615147838,8.953902438142253,104.02068618189152,9.950063929883322,26.541500016035,11.129206,48PUR,0.042412,0.0
2023-03-26_03-35-18,104.99972536932816,9.861014510703738,106.00427689411958,10.855571229031138,23.4876027466756,11.370483,48PWS,43.958932,3.052551
2023-03-29_03-45-34,103.17560615147838,8.953902438142253,104.0256103275352,9.95007836458484,21.9077422049049,11.448727,48PUR,0.13267,6.289271
2023-03-16_03-35-01,105.91454112647963,10.762321160584522,106.92510452852471,11.758657843410626,25.5266748576686,12.585154,48PXT,53.886396,11.378965
2023-03-11_03-35-39,104.999726884972,8.052450962132822,105.99876650307654,9.046833369621034,26.1702194326119,13.051201,48PWQ,1.377242,0.0
2023-03-16_03-35-15,105.91193437545276,9.859082972510912,106.74588275919136,10.854211396475144,25.0417520326053,13.541213,48PXS,56.839061,11.381765
2023-03-11_03-35-25,104.99972617172784,8.9570263808174,106.00139103412452,9.951498048371398,26.6490738552395,14.585243,48PWR,22.864862,3.3e-05
2023-03-26_03-35-14,105.91193437545276,9.859055291500171,106.75245505525514,10.854211396475144,22.6501259759958,14.755969,48PXS,48.321599,0.004311
2023-03-16_03-35-51,104.08966492388936,8.052655568438503,105.0887172101058,9.04683266589854,25.7655971717209,15.176997,48PVQ,1.804344,0.982774
2023-03-16_03-35-19,104.99972536932816,9.861014510703738,106.00427689411958,10.855571229031138,25.8306364355646,16.210756,48PWS,47.320861,3.126267
2023-03-19_03-45-34,103.17560623948354,8.953902438142253,104.02451898090116,9.950075164494466,24.0454158929417,16.395418,48PUR,0.135834,1.766244
2023-03-01_03-35-01,104.08351450383134,10.76577099881297,105.08948704583928,11.760133243657547,31.096425282569,16.599041,48PVT,36.52232000000001,15.687661
2023-03-11_03-35-14,104.08464228812768,9.861265852254354,105.08920676455372,10.855570332213132,27.9175725886898,16.715406,48PVS,16.391774,0.0
2023-03-16_03-35-48,104.999726884972,8.052450962132822,105.99876650307654,9.046833369621034,24.9495791329427,16.739967,48PWQ,1.167,6e-05
2023-03-26_03-35-38,103.59056043954207,8.955689589706934,104.17938983366636,9.950485237113282,24.851087403297,16.989723,48PUR,0.048035,16.266395
2023-03-26_03-35-06,104.08341171259598,10.76577099881297,105.08948704583928,11.760133225286252,24.6849133697888,17.350049,48PVT,20.541239,4.361473
2023-03-14_03-45-28,103.17560615147838,8.953902438142253,104.03491612977068,9.950105325187796,25.2881631244933,17.442244,48PUR,0.076773,0.0
2023-03-11_03-35-21,105.90956829950066,8.955981609013211,106.5564779405794,9.950253775617009,25.8743900740006,19.0946,48PXR,25.53471,0.0
2023-03-26_03-35-32,104.99972617172784,8.9570263808174,106.00139103412452,9.951498048371398,23.1493781594184,20.407623,48PWR,19.690107,12.618594
2023-03-21_03-35-17,104.08464228812768,9.861265852254354,105.08920676455372,10.855570332213132,25.4502220264191,21.308976,48PVS,11.728179,5.953749
2023-03-11_03-34-56,104.99972447777296,10.765496068187831,106.00743126841935,11.760133988205896,27.6649543075951,21.534185,48PWT,21.840455,0.000192
2023-03-26_03-35-24,103.7898659113146,9.860329461433668,104.17725512940856,10.854464395757088,25.1718625771032,21.56067,48PUS,19.687694,12.599908
2023-03-16_03-35-37,104.087272727106,8.95725437122164,105.0889503905584,9.9514972213457,26.184414511389,22.349498,48PVR,3.677473,6.259528
2023-03-26_03-35-21,104.08464228812768,9.861265852254354,105.08920676455372,10.855570332213132,24.3285342043362,23.692174,48PVS,13.5772,13.294581
2023-03-19_03-45-20,103.17035112378667,9.85756950139428,104.1753352175418,10.854464395757088,24.4800867013974,23.820715,48PUS,9.570987,0.088132
2023-03-29_03-45-20,103.17035103578527,9.85756950139428,104.17534443929932,10.854464395757088,22.2196591093562,25.442511,48PUS,12.080672000000002,12.463794
2023-03-06_03-35-50,104.08966492388936,8.052655568438503,105.0887172101058,9.04683266589854,28.1471101258737,25.868544,48PVQ,1.544932,13.786404
2023-03-11_03-35-17,103.79697646624234,9.860354894178148,104.17725512940856,10.854464395757088,28.6933475727077,26.744109,48PUS,13.046166,0.0
2023-03-18_03-25-29,106.10658038679628,8.953454850958392,106.91356853559611,9.94887140008916,26.3664466577957,27.295479,48PXR,0.373753,0.02104
2023-03-26_03-35-47,104.999726884972,8.052450962132822,105.99876650307654,9.046833369621034,22.8397776486829,28.23348,48PWQ,2.401717,13.204572
2023-03-18_03-25-14,106.30586976864828,9.857075849513782,106.9190801917226,10.851794912161768,26.7728476688742,28.84852,48PXS,18.949667,0.000219
2023-03-21_03-34-59,104.99972447777296,10.765496068187831,106.00743126841935,11.760133988205896,25.0539285931249,30.079299,48PWT,15.874983,18.858145
2023-03-21_03-35-20,103.7865852362663,9.860318444131826,104.17725512940856,10.854464395757088,26.272719407517,30.40767,48PUS,14.578322,11.173905
2023-03-11_03-35-10,104.99972536932816,9.861014510703738,106.00427689411958,10.855571229031138,27.1474700497566,30.614889,48PWS,32.560104,0.0
2023-03-16_03-35-34,104.99972617172784,8.9570263808174,106.00139103412452,9.951498048371398,25.3788938357554,31.026882,48PWR,18.425858,0.525572
2023-03-06_03-35-00,105.91454112647963,10.762304896831434,106.92510452852471,11.758657843410626,28.2760895254938,31.430152,48PXT,50.427932,22.642788
2023-03-01_03-35-30,104.087272727106,8.95725437122164,105.0889503905584,9.9514972213457,29.9498098627997,34.413376,48PVR,2.201439,15.447724999999998
2023-03-26_03-35-35,104.087272727106,8.95725437122164,105.0889503905584,9.9514972213457,23.9993025136025,34.863469,48PVR,5.329442,30.261341
2023-03-16_03-35-30,105.90956829950066,8.956046852680132,106.53842098710368,9.950253775617009,24.5787311039993,35.785621,48PXR,22.814666,6.14126
2023-03-26_03-35-29,105.90956829950066,8.95602547731307,106.5448047707414,9.950253775617009,22.3023282202457,37.481001,48PXR,18.489192,5.643693
2023-03-16_03-35-05,104.99972447777296,10.765496068187831,106.00743126841935,11.760133988205896,26.3040994627151,37.627077,48PWT,19.787446,27.402881
2023-03-16_03-35-08,104.08335677248378,10.76577099881297,105.08948704583928,11.760133243692978,27.0879015169706,38.037434,48PVT,13.255253,15.25774
2023-03-11_03-35-07,105.91193437545276,9.85900150605353,106.76380689939948,10.854211396475144,26.3842532743147,38.192624,48PXS,24.238646,0.0
2023-03-21_03-35-13,104.99972536932816,9.861014510703738,106.00427689411958,10.855571229031138,24.631287744027,38.236272,48PWS,29.762569,17.799792
2023-03-28_03-25-29,106.10766890954127,8.953454850958392,106.91356853559611,9.94887140008916,24.2890906291129,38.578808,48PXR,1.659022,6.122831
2023-03-01_03-35-19,103.79096414445628,9.86033468764384,104.17725512940856,10.854464395757088,31.2425773389536,39.025193,48PUS,26.358324,2.888338
2023-03-01_03-35-33,103.59165588006948,8.9556951933813,104.17938983366636,9.950485237113282,30.6871679601871,39.068034,48PUR,0.006526,20.767286
2023-03-16_03-35-22,104.08464228812768,9.861265852254354,105.08920676455372,10.855570332213132,26.6253975605158,40.004358,48PVS,12.686066,19.469601
2023-03-21_03-35-02,104.08350759200457,10.76577099881297,105.08948704583928,11.760133243657547,25.8623700871317,40.644759,48PVT,11.978532,26.7674
2023-03-21_03-35-34,103.58729068299486,8.955677880863421,104.17938983366636,9.950485237113282,25.8944112421468,41.245389,48PUR,0.035916,23.797931
2023-03-16_03-35-40,103.58456035659486,8.95566746111961,104.17938983366636,9.950485237113282,26.9941278957454,41.467479,48PUR,0.0030289999999999,15.125988
2023-03-01_03-35-15,104.08464228812768,9.861265852254354,105.08920676455372,10.855570332213132,30.5157667269666,42.659929,48PVS,14.347945,13.672602
2023-03-01_03-35-09,105.91193437545276,9.859028085846852,106.75903285537017,10.854211396475144,29.0851563836991,43.566114,48PXS,30.843088000000005,8.545695
2023-03-31_03-35-34,103.58837991589428,8.955682076141956,104.17938983366636,9.950485237113282,23.9610955304132,46.836114,48PUR,0.001181,43.180555
2023-03-01_03-35-23,105.90956829950066,8.956002123220165,106.5508237056674,9.950253775617009,28.4972390001164,49.395636,48PXR,16.348924,13.655433
2023-04-15_03-35-05,104.08361694068904,10.76577099881297,105.08948704583928,11.76013322739928,21.3824774364862,6.580509,48PVT,1.542852,3.762478
2023-04-05_03-35-18,104.99972536932816,9.861014510703738,106.00427689411958,10.855571229031138,21.6147541010764,7.364113,48PWS,44.021317,2.405467
2023-04-08_03-45-19,103.17035103578527,9.85756950139428,104.17536181876704,10.854464395757088,20.5111186141863,13.943328,48PUS,15.06505,0.006682
2023-04-13_03-45-16,103.17035103578527,9.85756950139428,104.17529691178622,10.854464395757088,19.9289126351587,13.979888,48PUS,8.477575,6.767551
2023-04-15_03-35-36,103.59492565711692,8.95570622438083,104.17938983366636,9.950485237113282,22.1472171486663,14.647679,48PUR,0.003739,0.000805
2023-04-08_03-45-33,103.17560615147838,8.953902438142253,104.0270706071714,9.950082598130138,20.3483383945445,14.787389,48PUR,0.159629,1.214423
2023-04-20_03-35-42,104.999726884972,8.052450962132822,105.99876650307654,9.046833369621034,20.218243158752,14.955398,48PWQ,0.668219,6.434777
2023-04-20_03-35-02,104.08343058718788,10.76577099881297,105.08948704583928,11.76013321756836,20.9909401312955,15.356843,48PVT,19.674723,6.790693
2023-04-03_03-45-16,103.17035103578527,9.85756950139428,104.17535800592448,10.854464395757088,21.2983379833257,15.823078,48PUS,13.913165,0.000684
2023-04-23_03-45-30,103.17560615147838,8.953902438142253,104.02597375733988,9.950079445910443,19.4159335132082,16.75746,48PUR,0.050984,10.635648
2023-04-20_03-34-59,104.99972447777296,10.765496068187831,106.00743126841935,11.760133988205896,20.1036894838607,17.648529,48PWT,13.862146,0.031762
2023-04-20_03-35-34,103.58456035659486,8.955667442160271,104.17938983366636,9.950485237113282,21.903021794717,18.666565,48PUR,0.018538,13.579072
2023-04-20_03-35-46,104.08966492388936,8.052655568438503,105.0887172101058,9.04683266589854,21.0935476302945,19.160727,48PVQ,1.581202,6.479803
2023-04-10_03-35-36,103.57910172838682,8.955645853131703,104.17938983366636,9.950485237113282,22.5820023957852,19.228615,48PUR,0.0,18.521303
2023-04-05_03-35-07,104.08349740149129,10.76577099881297,105.08948704583928,11.76013323825948,22.7166138188146,20.131123,48PVT,19.664516,13.111679
2023-04-25_03-35-13,105.91193437545276,9.85907095279568,106.74862554942726,10.854211396475144,19.0793855555739,21.116136,48PXS,44.007322,8.97039
2023-04-27_03-25-02,106.4983315402912,10.761188228150424,106.92510452852471,11.754963475686749,21.3805685752146,21.185036,48PXT,45.423555,11.093592
2023-04-05_03-35-33,104.99972617172784,8.9570263808174,106.00139103412452,9.951498048371398,21.4155055757607,21.280235,48PWR,18.295705,7.484289
2023-04-15_03-35-45,104.999726884972,8.052450962132822,105.99876650307654,9.046833369621034,20.3693603200952,21.382809,48PWQ,0.06785,0.000176
2023-04-25_03-35-02,104.99972447777296,10.765496068187831,106.00743126841935,11.760133988205896,19.8758972166547,21.393742,48PWT,18.786049,13.139376
2023-04-25_03-34-59,105.91454112647963,10.76230586849642,106.92510452852471,11.758657843410626,18.9958045505019,24.377465,48PXT,48.913205,23.135227
2023-04-25_03-35-20,104.08464228812768,9.861265852254354,105.08920676455372,10.855570332213132,20.8286222932981,25.027147,48PVS,9.079369,7.747015
2023-04-15_03-35-19,104.08464228812768,9.861265852254354,105.08920676455372,10.855570332213132,21.3033081166436,25.357768,48PVS,0.008417,1.3e-05
2023-04-20_03-35-17,104.08464228812768,9.861265852254354,105.08920676455372,10.855570332213132,20.9880800374438,26.012427,48PVS,7.402859,0.93146
2023-04-15_03-35-22,103.79424289225469,9.86034516532759,104.17725512940856,10.854464395757088,22.1906894524536,26.660252,48PUS,0.596929,0.0153009999999999
2023-04-13_03-45-31,103.17560615147838,8.953902438142253,104.02123516063318,9.950065538093869,19.8477690960296,26.662078,48PUR,0.137393,7.815006
2023-04-25_03-35-06,104.08335677248378,10.76577099881297,105.08948704583928,11.760133241240863,20.7567445838725,26.825961,48PVT,18.037608,13.14939
2023-04-20_03-35-31,104.087272727106,8.95725437122164,105.0889503905584,9.9514972213457,21.0222890592971,27.416101,48PVR,2.368847,3.737665
2023-04-15_03-35-48,104.08966492388936,8.052655568438503,105.0887172101058,9.04683266589854,21.2543659759566,27.421618,48PVQ,0.000839,0.000418
2023-04-25_03-35-23,103.78549711884236,9.860315099001454,104.17725512940856,10.854464395757088,21.7042269582514,27.822012,48PUS,13.857147,9.013323
2023-04-20_03-34-55,105.91454112647963,10.76229568211707,106.92510452852471,11.758657843410626,19.2166241637653,29.312783,48PXT,24.636543,0.000728
2023-04-20_03-35-20,103.783845683569,9.86030779536249,104.17725512940856,10.854464395757088,21.8724856932135,29.448113,48PUS,11.771043,1.012798
2023-04-15_03-35-30,104.99972617172784,8.9570263808174,106.00139103412452,9.951498048371398,20.3732652632175,29.493332,48PWR,2.097093,9e-05
2023-04-23_03-45-16,103.17035112378667,9.85756950139428,104.17535020289807,10.854464395757088,19.3322479449725,29.812637,48PUS,9.902055,7.940046000000001
2023-04-25_03-35-35,104.087272727106,8.95725437122164,105.0889503905584,9.9514972213457,20.9375533046124,30.589759,48PVR,3.445984,18.370381
2023-04-15_03-35-16,104.99972536932816,9.861014510703738,106.00427689411958,10.855571229031138,20.4152705918523,31.80584,48PWS,0.243977,2.7e-05
2023-04-10_03-35-47,104.08966492388936,8.052655568438503,105.0887172101058,9.04683266589854,21.6112467251312,32.257107,48PVQ,0.0,0.012326
2023-04-07_03-25-31,106.09784918793426,8.953454850958392,106.91356853559611,9.948906033251218,22.7179267109465,32.296762,48PXR,3.272261,28.791177
2023-04-05_03-35-04,104.99972447777296,10.765496068187831,106.00743126841935,11.760133988205896,21.8478057630303,32.865092,48PWT,14.593694,12.365758
2023-04-15_03-35-34,104.087272727106,8.95725437122164,105.0889503905584,9.9514972213457,21.2605388793625,33.33433,48PVR,5e-05,0.0
2023-04-15_03-35-27,105.90956829950066,8.956007964832308,106.54936463060736,9.950253775617009,19.4861606777095,33.338052,48PXR,0.280743,5.1e-05
2023-04-25_03-35-46,104.999726884972,8.052450962132822,105.99876650307654,9.046833369621034,20.223417772343,35.66542,48PWQ,1.006078,17.017131
2023-04-03_03-45-30,103.17560615147838,8.953902438142253,104.0267052258072,9.95008156032019,21.058271003897,35.701868,48PUR,0.000104,0.019206
2023-04-25_03-35-17,104.99972536932816,9.861014510703738,106.00427689411958,10.855571229031138,19.9533792700914,36.599731,48PWS,32.386294,14.774722
2023-04-10_03-35-44,104.999726884972,8.052450962132822,105.99876650307654,9.046833369621034,20.7232747054428,36.63854,48PWQ,3e-06,7.272607
2023-04-05_03-35-21,104.08464228812768,9.861265852254354,105.08920676455372,10.855570332213132,22.4897941246676,36.944771,48PVS,9.703206,9.138662
2023-04-02_03-25-19,106.30422813157296,9.857075849513782,106.9190801917226,10.851803080374916,23.6359809543176,36.991563,48PXS,16.440988,1.660014
2023-04-20_03-35-10,105.91193437545276,9.859061879757602,106.75133930541364,10.854211396475144,19.2188702667988,37.82286,48PXS,25.174013,0.01071
2023-04-25_03-35-31,104.99972617172784,8.9570263808174,106.00139103412452,9.951498048371398,20.069405409534,38.046211,48PWR,14.487328,3.422268
2023-04-25_03-35-28,105.90956829950066,8.956036943748849,106.54115729477952,9.950253775617009,19.2031099813284,38.90163,48PXR,12.750004,4.497678
2023-04-22_03-25-33,106.10494066114646,8.953454850958392,106.91356853559611,9.948880102949488,21.6287157616693,40.216309,48PXR,1.742688,32.152566
2023-04-25_03-35-37,103.58619942850002,8.955673767228474,104.17938983366636,9.950485237113282,21.8066023276711,40.317056,48PUR,0.043517,35.767296
2023-04-15_03-35-01,104.99972447777296,10.765496068187831,106.00743126841935,11.760133988205896,20.4951922306156,42.095199,48PWT,0.010285,4.101204
2023-04-20_03-35-25,105.90956829950066,8.956029931338152,106.54334564698682,9.950253775617009,19.2614147347569,42.435789,48PXR,7.896821999999999,1.240235
2023-04-20_03-35-28,104.99972617172784,8.9570263808174,106.00139103412452,9.951498048371398,20.1414763480912,43.791443,48PWR,7.710555,2.807814
2023-04-05_03-35-14,105.91193437545276,9.859066775741985,106.7513262562673,10.854211396475144,20.7408512734782,45.887178,48PXS,31.132081,14.200036
2023-04-10_03-35-33,104.087272727106,8.95725437122164,105.0889503905584,9.9514972213457,21.6955487692431,46.684471,48PVR,0.0,17.322139
2023-04-02_03-25-34,106.10494066114646,8.953454850958392,106.91356853559611,9.94887797008472,23.4102736459998,46.745795,48PXR,1.9015180000000005,27.682745
2023-04-20_03-35-13,104.99972536932816,9.861014510703738,106.00427689411958,10.855571229031138,20.1032781364945,46.999738,48PWS,13.17632,0.139097
2023-04-18_03-45-32,103.17560615147838,8.953902438142253,104.02834710216904,9.950086266356012,19.5272444012707,47.057196,48PUR,0.040901,32.272232
2023-04-05_03-35-47,104.999726884972,8.052450962132822,105.99876650307654,9.046833369621034,21.2507578695855,47.411665,48PWQ,0.808557,21.194638
2023-04-22_03-25-18,106.30368140112212,9.857075849513782,106.9190801917226,10.85180580072858,21.5613262334809,48.866597,48PXS,8.45731,9.144957
2023-04-28_03-45-18,103.17035112378667,9.85756950139428,104.17535171030087,10.854464395757088,19.3020468402436,49.117243,48PUS,1.93414,20.527460999999995
2023-05-02_03-25-18,106.30313431292718,9.857075849513782,106.9190801917226,10.85180851989022,21.5436469782329,3.720498,48PXS,33.914849,2.556557
2023-05-15_03-35-39,103.58455611878404,8.955666771070575,104.17938983366636,9.950485215661471,22.8102146531787,6.787361,48PUR,0.039971,0.071991
2023-05-15_03-35-51,104.08966492388936,8.052655568438503,105.0887172101058,9.04683266589854,22.3936928297036,9.724493,48PVQ,2.172823,0.048099
2023-05-15_03-35-08,104.0834254476274,10.765771015142654,105.08948704583928,11.76013321630854,21.3575021522059,11.171653,48PVT,42.184845,0.838935
2023-05-02_03-25-04,106.5027199678304,10.761188228150424,106.92510452852471,11.754933679557547,21.3738105895132,11.968119,48PXT,53.002006,8.53897
2023-05-15_03-35-48,104.999726884972,8.052450962132822,105.99876650307654,9.046833369621034,21.6234371820721,12.642308,48PWQ,1.090726,0.02352
2023-05-05_03-35-06,104.08347338732816,10.76577099881297,105.08948704583928,11.760133214487114,20.8036758527698,12.792276,48PVT,30.018553,7.040629
2023-05-15_03-35-04,104.99972447777296,10.765496068187831,106.00743126841935,11.760133988205896,20.5430835886163,15.00148,48PWT,41.15389,0.000103
2023-05-15_03-35-37,104.087272727106,8.95725437122164,105.0889503905584,9.9514972213457,22.0180780038469,17.334001,48PVR,2.64092,0.167946
2023-05-05_03-35-50,104.08966492388936,8.052655568438503,105.0887172101058,9.04683266589854,21.5297723770308,18.292156,48PVQ,1.02295,7.79157
2023-05-02_03-25-33,106.1038491930284,8.953454850958392,106.91356853559611,9.948882234722392,21.7474575188206,20.519696,48PXR,3.315563,7.751855
2023-05-15_03-35-33,104.99972617172784,8.9570263808174,106.00139103412452,9.951498048371398,21.2325421596478,21.273284,48PWR,23.174821,0.00499
2023-05-15_03-35-01,105.91454112647963,10.762316096768686,106.92510452852471,11.758657843410626,19.7348600071142,23.18905,48PXT,47.106338,0.000336
2023-05-15_03-35-19,104.99972536932816,9.861014510703738,106.00427689411958,10.855571229031138,20.8720274780197,23.351777,48PWS,47.350168,5e-05
2023-05-15_03-35-22,104.08464228812768,9.861265852254354,105.08920676455372,10.855570332213132,21.6723321405973,24.904881,48PVS,16.887768,0.812333
2023-05-15_03-35-15,105.91193437545276,9.859080811233564,106.74807695267424,10.854211396475144,20.0788882334604,25.144973,48PXS,40.861627,0.000351
2023-05-22_03-25-21,106.29821013655284,9.857075849513782,106.9190801917226,10.851830161839407,22.8887376369595,25.620985,48PXS,25.033793,4.004984
2023-05-05_03-35-47,104.999726884972,8.052450962132822,105.99876650307654,9.046833369621034,20.7129674999048,26.614809,48PWQ,0.251924,9.021838
2023-05-15_03-35-25,103.7838516077264,9.860308521056137,104.17725512940856,10.854464395757088,22.4783562858681,27.053058,48PUS,17.913108,0.720525
2023-05-05_03-35-03,104.99972447777296,10.765496068187831,106.00743126841935,11.760133988205896,19.950930991938,27.687907,48PWT,23.084797,2.300789
2023-05-17_03-25-32,106.10221496283894,8.953454850958392,106.91356853559611,9.948888788343098,22.8131870468855,27.746633,48PXR,1.728715,13.514829
2023-05-05_03-35-38,103.5861973095681,8.955673767228474,104.17938983366636,9.950485237113282,22.0871790605471,28.753403,48PUR,0.0097309999999999,17.28306
2023-05-15_03-35-30,105.90956829950066,8.956044125281418,106.53896815591716,9.950253775617009,20.4551130249327,31.377232,48PXR,15.769514,0.660241
2023-05-05_03-35-21,104.08464228812768,9.861265852254354,105.08920676455372,10.855570332213132,21.0113216510656,31.513417,48PVS,13.42333,12.790611
2023-05-13_03-45-31,103.17560615147838,8.953902438142253,104.03218144067104,9.950097401805182,20.4586446047099,31.567544,48PUR,0.055425,23.715793
2023-05-05_03-35-35,104.087272727106,8.95725437122164,105.0889503905584,9.9514972213457,21.2536349754033,34.152877,48PVR,2.806457,15.354793
2023-05-05_03-35-24,103.78548898407918,9.860313775368889,104.17725512940856,10.854464395757088,21.8560424429472,34.727433,48PUS,14.727059999999998,12.443507
2023-05-22_03-25-07,106.49778411687517,10.761188228150424,106.92510452852471,11.754963475686749,22.5227020186729,35.946625,48PXT,38.025993,7.236714999999999
2023-05-10_03-35-14,104.99972536932816,9.861014510703738,106.00427689411958,10.855571229031138,20.4880251075058,36.491078,48PWS,37.086782,6.158082
2023-05-10_03-35-03,104.08350076879124,10.76577099881297,105.08948704583928,11.76013321630854,21.0442580668397,37.841475,48PVT,23.889017,5.065766
2023-05-05_03-35-18,104.99972536932816,9.861014510703738,106.00427689411958,10.855571229031138,20.1694982881656,40.324262,48PWS,27.819484,2.651013
2023-05-08_03-45-33,103.17560615147838,8.953902438142253,104.0250646088612,9.950076765084026,20.0113702868214,41.461292,48PUR,0.121829,32.918954
2023-05-10_03-35-18,104.08464228812768,9.861265852254354,105.08920676455372,10.855570332213132,21.3093415796867,41.701037,48PVS,13.926138,17.00861
2023-05-08_03-45-19,103.17035103578527,9.85756950139428,104.17534098114018,10.854464395757088,19.717060991857,41.776437,48PUS,3.800647000000001,19.943266
2023-05-05_03-35-32,104.99972617172784,8.9570263808174,106.00139103412452,9.951498048371398,20.4238227350212,44.900125,48PWR,7.507437,6.628807
2023-05-30_03-35-30,105.90956829950066,8.956048507508479,106.5378731903571,9.950253775617009,22.0576233724624,45.361876,48PXR,19.65391,20.828106
2023-05-30_03-35-07,104.08332239061806,10.76577099881297,105.08948704583928,11.76013323558489,22.6556034771943,45.522606,48PVT,24.774428,10.759681
2023-05-17_03-25-17,106.30149611051228,9.857075849513782,106.9190801917226,10.851813876349471,22.4557942002907,46.288881,48PXS,10.912569,5.608753
2023-05-10_03-35-11,105.91193437545276,9.859036373364814,106.75738051241956,10.854211396475144,19.6723777543614,46.956617,48PXS,22.93907,5.327761
2023-05-10_03-35-00,104.99972447777296,10.765496068187831,106.00743126841935,11.760133988205896,20.2101658408279,47.205254,48PWT,23.335493,12.765439
2023-05-05_03-34-59,105.91454112647963,10.762304933958143,106.92510452852471,11.758657843410626,19.1013924798077,47.899574,48PXT,23.174797,2.99644
2023-05-30_03-35-15,105.91193437545276,9.859086588650632,106.74587654974997,10.854211396475144,21.5841999125335,48.275056,48PXS,27.734381,5.384724
2023-05-22_03-25-36,106.09893775171564,8.953454850958392,106.91356853559611,9.948901705730684,23.2819611687577,49.46093,48PXR,1.441359,10.87177
2023-06-04_03-35-05,104.99972447777296,10.765496068187831,106.00743126841935,11.760133988205896,22.342880911565,8.48752,48PWT,51.700205,0.115623
2023-06-19_03-35-01,105.91454112647963,10.762298785018158,106.92510452852471,11.758657843410626,22.6963460660872,9.425704,48PXT,69.142938,3.199655
2023-06-19_03-35-19,104.99972536932816,9.861014510703738,106.00427689411958,10.855571229031138,23.8959210398895,11.261535,48PWS,61.669022,1.893995
2023-06-11_03-25-21,106.30259009993532,9.857075849513782,106.9190801917226,10.85180851989022,24.6597522552398,12.571666,48PXS,36.875391,3.287985
2023-06-29_03-35-48,104.999726884972,8.052450962132822,105.99876650307654,9.046833369621034,25.2217734728163,14.877462,48PWQ,1.865545,7.200583
2023-06-22_03-45-34,103.17560615147838,8.953902438142253,104.0283500252506,9.950086266356012,23.9941704037775,19.885878,48PUR,0.037383,12.037846
2023-06-04_03-35-08,104.08341171259598,10.76577099881297,105.08948704583928,11.760133214003403,23.0956920447655,21.602319,48PVT,35.449821,1.022142
2023-06-29_03-35-40,103.5861973095681,8.955673666113954,104.17938983366636,9.950485237113282,26.1657582558597,22.079472,48PUR,0.003032,16.773017
2023-06-29_03-35-51,104.08966492388936,8.052655568438503,105.0887172101058,9.04683266589854,25.9250405334606,22.163248,48PVQ,2.527769,9.725817
2023-06-19_03-35-05,104.99972447777296,10.765496068187831,106.00743126841935,11.760133988205896,23.4261449224173,24.575163,48PWT,47.351921,16.062184
2023-06-29_03-35-37,104.087272727106,8.95725437122164,105.0889503905584,9.9514972213457,25.4383865395872,26.126391,48PVR,4.594245,10.839333
2023-06-22_03-45-20,103.17035103578527,9.85756950139428,104.17537582874766,10.854464395757088,23.4972013289971,26.284134,48PUS,14.471722,5.166085
2023-06-24_03-35-40,103.59274091114077,8.955697965390124,104.17938983366636,9.950485237113282,26.0360398763127,27.737162,48PUR,0.043036,19.647096
2023-06-24_03-35-37,104.087272727106,8.95725437122164,105.0889503905584,9.9514972213457,25.3141909530807,29.780027,48PVR,3.115322,8.942893
2023-06-04_03-35-22,104.08464228812768,9.861265852254354,105.08920676455372,10.855570332213132,23.5297707760186,31.325182,48PVS,19.753017,5.761733
2023-06-29_03-35-23,105.9483006592511,9.799258886069676,106.54498719562945,9.95015329750934,24.0129229051068,33.411145,48PXR,35.577837,0.002435
2023-06-04_03-35-19,104.99972536932816,9.861014510703738,106.00427689411958,10.855571229031138,22.7926593765332,33.855814,48PWS,42.445093,0.848196
2023-06-14_03-35-09,104.08341171259598,10.765771015142654,105.08948704583928,11.760133219819286,23.8638488257925,34.086406,48PVT,27.49877,4.832763
2023-06-29_03-35-08,104.08330165516703,10.76577099881297,105.08948704583928,11.76013321756836,24.5317066064574,34.282967,48PVT,32.017589,1.614287
2023-06-29_03-35-30,105.90956829950066,8.956023301617405,106.54498755526464,9.950253775617009,24.012922905107,34.63859,48PXR,12.169043,0.853728
2023-06-24_03-35-51,104.08966492388936,8.052655568438503,105.0887172101058,9.04683266589854,25.8091605259688,34.801117,48PVQ,1.487616,16.325761
2023-06-24_03-35-26,103.7920523944467,9.86033732045295,104.17725512940856,10.854464395757088,25.5773440135192,35.184601,48PUS,16.184349,20.955029
2023-06-29_03-35-34,104.99972617172784,8.9570263808174,106.00139103412452,9.951498048371398,24.72027392127,37.128764,48PWR,20.08495,1.348635
2023-06-04_03-35-40,103.5878300450628,8.955679197463445,104.17938983366636,9.950485237113282,24.7193815089062,37.220347,48PUR,0.005759,25.735492
2023-06-04_03-35-01,105.91454112647963,10.762296746095112,106.92510452852471,11.758657843410626,21.5999351157662,37.877408,48PXT,38.08181,0.269952
2023-06-11_03-25-36,106.10385179474524,8.953454850958392,106.91356853559611,9.948884447829617,25.1270821004159,37.953049,48PXR,6.325948,19.485086
2023-06-19_03-35-08,104.08330165516703,10.76577099881297,105.08948704583928,11.76013324310092,24.166090428392,38.022512,48PVT,29.829979000000005,25.055766
2023-06-29_03-35-23,105.91193410657878,9.859053391920764,106.5500143259717,10.139080148154653,23.5179526701364,38.519636,48PXS,32.047606,0.000941
2023-06-04_03-35-16,105.91193437545276,9.859066060469956,106.75131248716887,10.854211396475144,22.0661843250971,39.060956,48PXS,33.26011,0.983362
2023-06-14_03-35-52,104.08966492388936,8.052655568438503,105.0887172101058,9.04683266589854,25.2918819383584,39.116561,48PVQ,1.809742,14.336611
2023-06-19_03-35-34,104.99972617172784,8.9570263808174,106.00139103412452,9.951498048371398,24.3882829037721,41.297042,48PWR,21.439998,4.281396
2023-06-14_03-35-06,104.99972447777296,10.765496068187831,106.00743126841935,11.760133988205896,23.1231101008101,41.674882,48PWT,34.297475,13.232006
2023-06-19_03-35-15,105.91193437545276,9.859065246161263,106.74972364693052,10.854211396475144,23.1820425666301,42.238846,48PXS,40.135887,7.846917
2023-06-24_03-35-22,104.08464228812768,9.861265852254354,105.08920676455372,10.855570332213132,24.8410208153637,43.942472,48PVS,11.754248,9.820183
2023-06-29_03-35-28,103.78548898407918,9.860313775368889,104.17725512940856,10.545561583439682,25.7153759812104,44.619614,48PUS,6.076371,4.979871
2023-06-19_03-35-22,104.08464228812768,9.861265852254354,105.08920676455372,10.855570332213132,24.6206099306491,44.865087,48PVS,21.294631,8.214744
2023-06-29_03-35-15,105.91220360809928,9.859053391920764,106.75350871413993,10.854211396475144,23.5179526701362,46.441367,48PXS,27.35045,0.209766
2023-06-29_03-35-24,104.99972581510576,9.861014212141717,106.00190276358516,10.345476159884818,24.2407719141901,47.423202,48PWS,25.932443,0.005611
2023-07-14_03-35-08,104.08352815025964,10.76577099881297,105.08948704583928,11.760133222499247,24.4405906876984,25.757578,48PVT,46.373516,16.270189
2023-07-04_03-35-23,104.08464228812768,9.861265852254354,105.08920676455372,10.855570332213132,25.0108522140562,34.099951,48PVS,21.644825,20.491827
2023-07-04_03-35-27,103.78768512270712,9.86032287332149,104.17725512940856,10.854464395757088,25.7603508197517,36.009809,48PUS,12.751526,15.821622
2023-07-14_03-35-05,104.99972447777296,10.765496068187831,106.00743126841935,11.760133988205896,23.6615296160572,38.046381,48PWT,37.583181,22.109953
2023-07-06_03-25-21,106.30039889407963,9.857075849513782,106.9190801917226,10.85182202445896,25.572202870831,38.295189,48PXS,26.846078,25.121385
2023-07-12_03-45-36,103.17560615147838,8.953902438142253,104.02670735165964,9.95008156032019,24.0035518622338,47.547629,48PUR,0.017771,27.99173
2023-07-12_03-45-22,103.17035103578527,9.85756950139428,104.17535889263202,10.854464395757088,23.5622581607221,48.273471,48PUS,12.153413,34.95461
2023-07-09_03-35-02,105.91454112647963,10.76229366463539,106.92510452852471,11.758657843410626,23.0271066302877,49.929225,48PXT,29.389989,10.044666
2023-08-25_03-25-37,106.09784712456712,8.953454850958392,106.91356853559611,9.948908151922788,22.4372228193873,6.448565,48PXR,6.556829,0.773714
2023-08-23_03-35-40,103.59111023352769,8.955693131723109,104.17938983366636,9.950485237113282,22.8099144972894,9.885275,48PUR,0.029235,9.301702
2023-08-10_03-25-36,106.10712325681472,8.953454850958392,106.91356853559611,9.94887140008916,23.7943904119214,13.313709,48PXR,4.073549,0.0
2023-08-13_03-35-09,104.0833257579138,10.76577099881297,105.08948704583928,11.760133243657547,22.5459259405947,14.290665,48PVT,53.099352,1.129176
2023-08-23_03-35-52,104.08966492388936,8.052655568438503,105.0887172101058,9.046832669292984,22.0037725029927,15.262318,48PVQ,3.724208,1.155517
2023-08-05_03-25-36,106.10548603863216,8.953454850958392,106.91356853559611,9.948875753702678,24.272885923601,16.457997,48PXR,4.32857,0.0
2023-08-28_03-35-06,104.99972447777296,10.765496068187831,106.00743126841935,11.760133988205896,20.7642188683832,17.08052,48PWT,46.047959,0.053062
2023-08-08_03-35-48,104.999726884972,8.052450962132822,105.99876650307654,9.046833369621034,22.7773526021261,18.448313,48PWQ,1.831095,1.16487
2023-08-23_03-35-37,104.087272727106,8.95725437122164,105.0889503905584,9.9514972213457,21.9296576811245,19.387434,48PVR,8.981304,14.58369
2023-08-06_03-45-21,103.17035103578527,9.85756950139428,104.17539427226856,10.854464395757088,21.822902675633,20.317645,48PUS,12.421969,7.491794
2023-08-26_03-45-35,103.17560615147838,8.953902438142253,104.02816525118548,9.95008578805887,20.1325233987149,21.806809,48PUR,0.1107579999999999,11.971645000000002
2023-08-13_03-35-24,104.08464228812768,9.861265852254354,105.08920676455372,10.855570332213132,22.6816206188466,22.168112,48PVS,29.678842,4.685641
2023-08-08_03-35-52,104.08966492388936,8.052655568438503,105.0887172101058,9.04683266589854,23.6034379609221,22.277501,48PVQ,4.749925,10.313562
2023-08-23_03-35-48,104.999726884972,8.052450962132822,105.99876650307654,9.046833369621034,21.1287908262992,22.491555,48PWQ,2.136002,6.66597
2023-08-13_03-35-06,104.99972447777296,10.765496068187831,106.00743126841935,11.760133988205896,21.6758407526294,22.572064,48PWT,40.958703,2.7e-05
2023-08-18_03-35-10,104.0833842425372,10.765771015142654,105.08948704583928,11.76013321630854,22.1875735058889,24.92512,48PVT,50.475472,15.337427
2023-08-13_03-35-27,103.78767946364944,9.860322265235023,104.17725512940856,10.854464395757088,23.54543067171,25.827748,48PUS,14.031364,3.103759
2023-08-28_03-35-50,104.999726884972,8.052450962132822,105.99876650307654,9.046833369621034,20.6629127262595,26.886317,48PWQ,1.716076,19.568317
2023-08-18_03-35-21,104.99972536932816,9.861014510703738,106.00427689411958,10.855571229031138,21.3846565931306,28.436974,48PWS,37.460631,4.179236
2023-08-28_03-35-09,104.0834031171254,10.765771015142654,105.08948704583928,11.760133215541924,21.6518539688484,29.070407,48PVT,46.093765,1.781647
2023-08-28_03-35-53,104.08966492388936,8.052655568438503,105.0887172101058,9.046832669292984,21.5473178132066,29.148453,48PVQ,2.303446,10.565221
2023-08-18_03-35-24,104.08464228812768,9.861265852254354,105.08920676455372,10.855570332213132,22.2600714200087,32.239413,48PVS,27.403155,9.927399
2023-08-23_03-35-34,104.99972617172784,8.9570263808174,106.00139103412452,9.951498048371398,21.0493285515555,33.876583,48PWR,17.761976,6.007286
2023-08-23_03-35-05,104.99972447777296,10.765496068187831,106.00743126841935,11.760133988205896,21.0005468638626,35.289013,48PWT,34.631994,11.165434
2023-08-08_03-35-16,105.91193437545276,9.859034735975936,106.75630802601124,10.854211396475144,21.4330831948657,35.63149,48PXS,44.857934,4.993075
2023-08-25_03-25-22,106.29711590135258,9.857075849513782,106.9190801917226,10.851838288490953,22.4224782971907,35.666886,48PXS,24.223672,8.184256
2023-08-11_03-45-26,103.7829805825482,9.885571715903344,104.03108525925364,9.950094224077407,21.5583138065239,35.723299,48PUR,2.425036,35.568044
2023-08-08_03-35-23,104.08464228812768,9.861265852254354,105.08920676455372,10.855570332213132,23.124506456015,36.439452,48PVS,23.563993,21.252444
2023-08-08_03-35-34,104.99972617172784,8.9570263808174,106.00139103412452,9.951498048371398,22.5113929688707,36.500645,48PWR,22.522669,6.189604
2023-08-08_03-35-05,104.99972447777296,10.765496068187831,106.00743126841935,11.760133988205896,22.075301454713,37.881196,48PWT,33.786461,26.247537
2023-08-05_03-25-21,106.30477522271634,9.857075849513782,106.9190801917226,10.851803080374916,24.0201935751089,38.697067,48PXS,21.58864,0.000258
2023-08-08_03-35-08,104.08346656411652,10.765771015142654,105.08948704583928,11.760133219819286,22.9319048122876,40.597552,48PVT,37.194425,15.24552
2023-08-08_03-35-31,105.90956829950066,8.95600928710386,106.54936463060736,9.950253775617009,21.6782191047946,41.109213,48PXR,18.298514,0.03996
2023-08-08_03-35-19,104.99972536932816,9.861014510703738,106.00427689411958,10.855571229031138,22.27717341109,42.943433,48PWS,34.654462,16.453785
2023-08-28_03-35-03,105.91454112647963,10.76231816560629,106.92510452852471,11.758657843410626,19.8767230221099,43.514746,48PXT,33.54232,0.04211
2023-08-13_03-35-21,104.99972536932816,9.861014510703738,106.00427689411958,10.855571229031138,21.8189811442257,44.120687,48PWS,25.647438,2.594816
2023-08-23_03-35-01,105.91454112647963,10.762281012229922,106.9251051589669,11.758658190957298,20.1138551404691,46.964899,48PXT,30.327711,7.614315
2023-08-23_03-35-19,104.99972536932816,9.861014510703738,106.00427689411958,10.855571229031138,21.0065274759567,47.180629,48PWS,25.466371,4.978839000000001
2023-08-25_03-25-08,106.4961370910824,10.761188228150424,106.92510452852471,11.754973692071532,22.4417199546714,48.21839,48PXT,31.755266,5.892799
2023-08-28_03-35-38,104.087272727106,8.95725437122164,105.0889503905584,9.9514972213457,21.5461401170556,48.280481,48PVR,4.56042,7.747612
2023-08-13_03-35-02,105.91454112647963,10.762296694979565,106.92510452852471,11.758657843410626,20.8073145881532,48.877463,48PXT,26.441786,0.240216
2023-09-17_03-35-47,104.999726884972,8.052450962132822,105.99876650307654,9.046833369621034,20.0997205198826,16.256499,48PWQ,1.519212,2.100285
2023-09-17_03-35-33,104.99972617172784,8.9570263808174,106.00139103412452,9.951498048371398,20.4343688021728,44.104123,48PWR,12.64457,1.541339
2023-09-29_03-25-33,106.1093091963858,8.953454850958392,106.91356853559611,9.94886062058682,22.975477746484,46.176547,48PXR,0.659825,29.284447
2023-09-19_03-25-34,106.1038491930284,8.953454850958392,106.91356853559611,9.948882234722392,22.0260024592294,47.311184,48PXR,2.116087,25.943771
2023-09-17_03-35-51,104.08966492388936,8.052655568438503,105.0887172101058,9.04683266589854,20.9517265395592,49.08486,48PVQ,2.624633,10.338204
2023-10-27_03-35-44,104.999726884972,8.052450962132822,105.99876650307654,9.046833369621034,26.8408079493016,9.100657,48PWQ,2.385682,0.110793
2023-10-27_03-35-00,104.99972447777296,10.765496068187831,106.00743126841935,11.760133988205896,29.125089278295,9.12286,48PWT,54.436243,0.829775
2023-10-27_03-35-18,104.08464228812768,9.861265852254354,105.08920676455372,10.855570332213132,28.8883482290197,9.470367,48PVS,24.370596,0.142704
2023-10-27_03-35-47,104.08966492388936,8.052655568438503,105.0887172101058,9.04683266589854,27.3963417557769,9.829161,48PVQ,3.047525,0.496647
2023-10-27_03-35-33,104.087272727106,8.95725437122164,105.0889503905584,9.9514972213457,28.138319073326,10.637702,48PVR,6.66936,0.422095
2023-10-27_03-35-35,103.59001682825853,8.95568835844899,104.17938983366636,9.950485237113282,28.6973351995297,11.099369,48PUR,0.032903,3.17908
2023-10-27_03-34-57,105.91454112647963,10.76226200125557,106.92510452852471,11.758657843410626,28.6199734670116,12.55013,48PXT,62.902534,0.021953
2023-10-17_03-35-35,103.596564681942,8.955713169335395,104.17938983366636,9.950485237113282,26.3717427008759,16.898413,48PUR,0.037714,11.07471
2023-10-30_03-45-16,103.17035112378667,9.857569570335816,104.1754338194416,10.854464395757088,28.7573657353179,20.040746,48PUS,13.828923,12.785321
2023-10-27_03-35-26,105.90956829950066,8.95600928710386,106.54936463060736,9.950253775617009,27.0677223413729,20.200318,48PXR,18.733746,0.282089
2023-10-12_03-35-35,104.087272727106,8.95725437122164,105.0889503905584,9.9514972213457,24.6484661242663,20.716037,48PVR,6.556365,10.979914
2023-10-27_03-35-22,103.7893167980992,9.860327503074863,104.17725512940856,10.854464395757088,29.4359658609053,21.271805,48PUS,18.154211,0.410509
2023-10-19_03-25-33,106.109306056295,8.953454850958392,106.91356853559611,9.948862762186074,26.6604366035042,23.85173,48PXR,5.019158,14.962094
2023-10-24_03-25-16,106.30641686421568,9.857075849513782,106.9190801917226,10.8517894557941,28.5584940494918,24.636702,48PXS,29.195681,6.273699
2023-10-07_03-35-33,104.087272727106,8.95725437122164,105.0889503905584,9.9514972213457,23.6738707605779,25.250638,48PVR,5.078248,16.793551
2023-10-07_03-35-36,103.59111438325816,8.955693102387746,104.17938983366636,9.950485237113282,24.3777823617923,25.739294,48PUR,0.035824,16.360797
2023-10-20_03-45-16,103.17035103578527,9.85756950139428,104.1754527063241,10.854464395757088,26.1514842285065,25.788224,48PUS,17.46313,18.792669
2023-10-05_03-45-31,103.17560623948354,8.953902438142253,104.03984423299576,9.950119523960272,22.0790019468954,26.296356,48PUR,0.128235,13.922481
2023-10-22_03-35-20,104.08464228812768,9.861265852254354,105.08920676455372,10.855570332213132,27.6355766779035,26.374102,48PVS,15.122332,0.000577
2023-10-12_03-35-37,103.5938322200552,8.95570214180413,104.17938983366636,9.950485215661471,25.312485625039,26.390722,48PUR,0.021727,7.904391
2023-10-12_03-35-49,104.08966492388936,8.052655568438503,105.0887172101058,9.04683266589854,24.0038935568525,27.181864,48PVQ,2.365221,14.384122
2023-10-22_03-35-23,103.7920523944467,9.86033732045295,104.17725512940856,10.854464395757088,28.2138563483784,27.628565,48PUS,14.862381,0.0
2023-10-25_03-45-17,103.17035112378667,9.85756950139428,104.17543186868392,10.854464395757088,27.4392219340844,27.642536,48PUS,8.729199,10.590468
2023-10-25_03-45-26,103.17560615147838,9.532004455465083,104.03327337880174,9.95010057517813,26.6736169999988,28.81386,48PUR,0.072537,24.601983
2023-10-25_03-45-33,103.17581754000236,8.953902175291551,103.97647483059028,9.908283503822284,26.6736169999989,29.139069,48PUR,0.149011,17.152047
2023-10-22_03-35-28,105.90956829950066,8.956015554023443,106.54717585692286,9.950253775617009,25.7746380367592,30.146188,48PXR,20.158334,1.50638
2023-10-12_03-35-46,104.999726884972,8.052450962132822,105.99876650307654,9.046833369621034,23.338270750688,30.489123,48PWQ,1.632221,7.274757
2023-10-04_03-25-32,106.10548702549856,8.953454850958392,106.91356853559611,9.94887797008472,23.7000463133156,30.580604,48PXR,1.823869,11.829793
2023-10-22_03-35-31,104.99972617172784,8.9570263808174,106.00139103412452,9.951498048371398,26.3338395546623,30.979475,48PWR,17.852058,0.397135
2023-10-22_03-35-46,104.999726884972,8.052450962132822,105.99876650307654,9.046833369621034,25.604670400537,32.314917,48PWQ,3.186137,12.768912
2023-10-30_03-45-30,103.17560615147838,8.953902438142253,104.03309098990388,9.950100016978872,27.9729098909776,32.814318,48PUR,0.001781,8.94573
2023-10-27_03-35-15,104.99972536932816,9.861014510703738,106.00427689411958,10.855571229031138,28.3559729046671,33.609772,48PWS,22.635111,2.571611
2023-10-22_03-35-34,104.087272727106,8.95725437122164,105.0889503905584,9.9514972213457,26.9094992969649,34.441444,48PVR,5.593721,20.895296
2023-10-22_03-35-05,104.08343909404702,10.76577099881297,105.08948704583928,11.760133251660484,28.3714932340172,34.600818,48PVT,43.251175,0.397821
2023-10-12_03-35-31,104.99972617172784,8.9570263808174,106.00139103412452,9.951498048371398,23.997438871804,34.628269,48PWR,15.877973,6.421946
2023-10-27_03-35-29,104.99972617172784,8.9570263808174,106.00139103412452,9.951498048371398,27.5946373615956,35.450217,48PWR,15.707274,1.633452
2023-10-27_03-35-04,104.08348535010263,10.76577099881297,105.08948704583928,11.76013323979905,29.6466443015882,36.322582,48PVT,39.308947,11.720824
2023-10-05_03-45-16,103.17035103578527,9.85756950139428,104.17551238179556,10.854464395757088,22.704617644445,36.34308,48PUS,5.237148,0.216004
2023-10-07_03-35-19,104.08464228812768,9.861265852254354,105.08920676455372,10.855570332213132,24.2881070456156,36.724478,48PVS,16.327606,13.182577
2023-10-12_03-35-20,104.08464228812768,9.861265852254354,105.08920676455372,10.855570332213132,25.3075324637381,36.950919,48PVS,12.67539,5.751185
2023-10-27_03-35-11,105.91193437545276,9.85903463221324,106.75737385267428,10.854211396475144,27.8402139212381,36.967915,48PXS,29.108542,4.729572
2023-10-24_03-25-31,106.10766917868963,8.953454850958392,106.91356853559611,9.948869262857286,27.8358123261662,37.718591,48PXR,4.623402,17.480233
2023-10-07_03-35-04,104.08341171259598,10.76577099881297,105.08948704583928,11.760133243657547,24.9192665743551,38.166654,48PVT,43.8169,11.051033
2023-10-22_03-34-58,105.91454112647963,10.762273274394248,106.92510452852471,11.758657843410626,27.2846711279665,38.207382,48PXT,36.280945,3.013976
2023-10-12_03-35-17,104.99972536932816,9.861014510703738,106.00427689411958,10.855571229031138,24.670638113207,39.165211,48PWS,23.411435,3.465858
2023-10-22_03-35-02,104.99972447777296,10.765496068187831,106.00743126841935,11.760133988205896,27.8199274731429,39.257616,48PWT,29.016665,1.599663
2023-10-22_03-35-13,105.91193437545276,9.859043481584502,106.75464616376632,10.854211396475144,26.5252754268455,39.543632,48PXS,30.468222,0.760376
2023-10-17_03-35-47,104.08966492388936,8.052655568438503,105.0887172101058,9.04683266589854,25.0617080108352,40.257168,48PVQ,1.418572,14.348781
2023-10-22_03-35-49,104.08966492388936,8.052655568438503,105.0887172101058,9.04683266589854,26.1931734404398,40.763828,48PVQ,2.94864,26.971585
2023-10-22_03-35-17,104.99972536932816,9.861014510703738,106.00427689411958,10.855571229031138,27.0722233215297,41.452178,48PWS,19.100438,0.000342
2023-10-17_03-35-43,104.999726884972,8.052450962132822,105.99876650307654,9.046833369621034,24.4359517718131,42.545331,48PWQ,2.234737,10.329939
2023-10-14_03-25-29,106.11858416795108,8.953454850958392,106.91356853559611,9.9488257298915,25.575616946024,44.426906,48PXR,1.579484,25.824854
2023-10-17_03-35-32,104.087272727106,8.95725437122164,105.0889503905584,9.9514972213457,25.7456498362079,45.00905,48PVR,3.413751,11.428064
2023-10-12_03-35-24,103.79260346417692,9.860339949711722,104.17725512940856,10.854464395757088,25.9576989233762,45.772967,48PUS,14.169273,2.689675
2023-10-07_03-35-48,104.08966492388936,8.052655568438503,105.0887172101058,9.04683266589854,23.0772222511107,45.816419,48PVQ,2.185534,23.706898
2023-10-12_03-35-28,105.90956829950066,8.956012394065738,106.54827069050638,9.950253775617009,23.3611032682382,46.674794,48PXR,13.299604,9.515648
2023-10-12_03-35-13,105.91193437545276,9.859038833047483,106.75739230196906,10.854211396475144,24.0486698147095,48.18615,48PXS,26.528743,12.685256
2023-10-07_03-35-16,104.99972536932816,9.861014510703738,106.00427689411958,10.855571229031138,23.6103186526025,49.585336,48PWS,21.174484,12.409335
2023-11-21_03-34-57,104.99972447777296,10.765496068187831,106.00743126841935,11.760133988205896,35.4048090449317,8.277272,48PWT,40.779132,5.724165
2023-11-01_03-34-59,105.91454112647963,10.762306890307254,106.92510452852471,11.758657843410626,29.9553845487994,9.545992,48PXT,64.846593,0.001416
2023-11-21_03-35-00,104.08365779139446,10.76577099881297,105.08948704583928,11.760133231477296,35.8394741113334,10.059945,48PVT,64.630628,9.78644
2023-11-01_03-35-03,104.99972447777296,10.765496068187831,106.00743126841935,11.760133988205896,30.434459821593,11.111194,48PWT,50.910127,2.394912
2023-11-21_03-35-15,104.08464228812768,9.861265852254354,105.08920676455372,10.855570332213132,35.0268528854327,16.274993,48PVS,26.015988,14.519069
2023-11-18_03-25-29,106.1142206292531,8.953454850958392,106.91356853559611,9.948843127751472,33.9003488996942,20.809233,48PXR,9.242474,14.441283
2023-11-21_03-34-53,105.91454112647963,10.7622199750569,106.92510452852471,11.758657843410626,34.9850006739748,20.944983,48PXT,52.120501,3.390713
2023-11-06_03-35-21,103.78658718155154,9.860318343193024,104.17725512940856,10.854464395757088,31.9308282471437,22.810359,48PUS,19.517815,5.319736
2023-11-21_03-35-18,103.80135341261064,9.860370493297234,104.17725512940856,10.854464395757088,35.4830635969198,23.493508,48PUS,30.372915,22.619268
2023-11-06_03-35-03,104.0833292138227,10.76577099881297,105.08948704583928,11.760133241240863,32.2220822153351,28.278926,48PVT,50.975031,13.686123
2023-11-06_03-35-35,103.58729068299486,8.955678523623996,104.17938983366636,9.950485237113282,31.1569677284245,30.158362,48PUR,0.025099,13.594709
2023-11-06_03-34-58,105.91454112647963,10.762276322768365,106.89572554451094,11.717967054534569,31.2899104583323,30.332327,48PXT,47.981566,24.440186
2023-11-06_03-35-00,104.99972447777296,10.765496068187831,106.00721086045564,11.760133988205896,31.7479465209189,33.380494,48PWT,36.110395,20.808823
2023-11-01_03-35-24,103.78549667673568,9.860315099001454,104.17725512940856,10.854464395757088,30.674404566555,33.993626,48PUS,18.12723,21.128377
2023-11-01_03-35-21,104.08464228812768,9.861265852254354,105.08920676455372,10.855570332213132,30.1537426336359,34.745893,48PVS,11.414262,12.665176
2023-11-01_03-35-17,104.99972536932816,9.861014510703738,106.00427689411958,10.855571229031138,29.6484070704418,36.589673,48PWS,27.230251,10.163188
2023-11-03_03-25-30,106.10985180483226,8.953454850958392,106.91356853559611,9.94886062058682,30.2915669454536,38.664714,48PXR,4.422713,11.132642
2023-11-11_03-34-58,105.91454112647963,10.762305878749205,106.92510452852471,11.758657843410626,32.5790820207104,39.323699,48PXT,35.19353,6.798512
2023-11-01_03-35-14,105.91193437545276,9.859070977883416,106.74844340363596,10.854211396475144,29.1596672551214,39.968881,48PXS,33.02744,0.031069
2023-11-11_03-35-02,104.99972447777296,10.765496068187831,106.00743126841935,11.760133988205896,33.0200298303468,41.638851,48PWT,26.075825,7.210477
2023-11-06_03-35-29,104.99972617172784,8.9570263808174,106.00139103412452,9.951498048371398,30.15602470102,41.780317,48PWR,14.709842,11.674172
2023-11-11_03-35-20,104.08464228812768,9.861265852254354,105.08920676455372,10.855570332213132,32.6765905047368,42.322743,48PVS,17.807068,25.889373
2023-11-16_03-34-59,104.99972447777296,10.765496068187831,106.00743126841935,11.760133988205896,34.2501305020993,42.493874,48PWT,26.600343,29.028645
2023-11-01_03-35-46,104.999726884972,8.052450962132822,105.99876650307654,9.046833369621034,28.0956223928557,42.568776,48PWQ,1.038115,6.206731
2023-11-21_03-35-29,104.087272727106,8.95725437122164,105.0889503905584,9.9514972213457,34.2186627060224,43.177822,48PVR,1.705077,16.901928
2023-11-11_03-35-05,104.0833292138227,10.76577099881297,105.08948704583928,11.76013323780921,33.476723058103,43.963674,48PVT,36.630797,9.836968
2023-11-18_03-25-14,106.3129819463394,9.857075849513782,106.9190801917226,10.851756735193092,34.6956197253474,44.186619,48PXS,24.850863,21.539003
2023-11-08_03-25-33,106.10112063913704,8.953454850958392,106.91356853559611,9.948893046538014,31.5184911642782,45.328659,48PXR,3.274634,16.574678
2023-11-19_03-45-28,103.17560623948354,8.953902545847505,104.03163419039794,9.950095811601852,32.9856085576147,45.911023,48PUR,0.026259,31.937709
2023-11-04_03-45-19,103.17035103578527,9.85756950139428,104.17529788716412,10.854464395757088,30.066856021067,46.264699,48PUS,7.470245,14.20325
2023-11-06_03-35-32,104.087272727106,8.95725437122164,105.0889503905584,9.9514972213457,30.6487926741305,46.395022,48PVR,3.983169,23.4796
2023-11-08_03-25-18,106.30039862467056,9.857075849513782,106.9190801917226,10.85182202445896,32.295973331141,46.440548,48PXS,15.044901,5.751076
2023-11-06_03-35-18,104.08464228812768,9.861265852254354,105.08920676455372,10.855570332213132,31.4323960172096,47.26164,48PVS,13.040955,20.361438
2023-11-11_03-35-16,104.99972536932816,9.861014510703738,106.00427689411958,10.855571229031138,32.2114971976029,47.970444,48PWS,22.194101,7.669284
2023-11-13_03-25-30,106.1038491930284,8.953454850958392,106.91356853559611,9.948884447829617,32.7360895335738,49.348924,48PXR,4.876525,30.359623
2023-11-19_03-45-14,103.17035103578527,9.85756950139428,104.17541839072258,10.854464395757088,33.8087486792462,49.790111,48PUS,16.372637,24.33162
2023-11-04_03-45-34,103.17560623948354,8.953902438142253,104.02123436346984,9.950065538093869,29.2677550067699,49.883959,48PUR,0.08098,18.301056
2023-12-21_03-34-58,105.91454112647963,10.76230793902454,106.92510452852471,11.758657843410626,39.4882632141922,0.000267,48PXT,68.210006,5.1e-05
2023-12-26_03-35-30,104.087272727106,8.95725437122164,105.0889503905584,9.9514972213457,39.0387229693373,0.000723,48PVR,14.608103,7e-06
2023-12-21_03-35-12,105.91193437545276,9.859073484101812,106.7480775826238,10.854211396475144,38.6680276183186,0.000757,48PXS,71.157819,0.00036
2023-12-26_03-35-09,104.99972536932816,10.139182844527763,106.00427689411958,10.855571229031138,39.3738911467849,0.001252,48PWS,67.246091,0.0
2023-12-21_03-35-16,104.99972536932816,9.861014510703738,106.00427689411958,10.855571229031138,39.1071765319506,0.001294,48PWS,68.36313,0.000511
2023-12-26_03-34-54,105.91454112647963,10.762265052318806,106.92510452852471,11.758657843410626,39.7381027873709,0.001384,48PXT,68.385601,7e-06
2023-12-21_03-35-01,104.99972447777296,10.765496068187831,106.00743126841935,11.760133988205896,39.9213263817718,0.001593,48PWT,55.863804,0.0
2023-12-26_03-35-32,103.58947710403336,8.955686755713188,104.17938983366636,9.950485237113282,39.5197535174035,0.001606,48PUR,0.050196,7e-06
2023-12-26_03-34-57,104.99972447777296,10.765496068187831,106.00743126841935,11.760133988205896,40.1822752066431,0.003998,48PWT,56.247365,0.000156
2023-12-26_03-35-15,104.99972563679474,9.861014212141717,106.00253886305389,10.546802875126412,39.373891146785,0.005588,48PWS,74.107987,0.0
2023-12-26_03-35-17,104.08505062147054,9.86126565666678,105.0891122076402,10.719111513249931,39.8365543032749,0.007837,48PVS,28.956601,6e-05
2023-12-26_03-35-10,104.08464228812768,10.35288113137429,105.08920676455372,10.855570367008871,39.8365543032749,0.010064,48PVS,59.233683,0.0
2023-12-26_03-35-19,103.78822857019372,9.860324834229164,104.17725530675244,10.736788112144534,40.3107039064163,0.291215,48PUS,26.889324,0.0
2023-12-21_03-35-19,104.08464228812768,9.861265852254354,105.08920676455372,10.855570332213132,39.558977508185,0.446976,48PVS,34.33468,0.330775
2023-12-21_03-35-22,103.78549101776994,9.860314416839708,104.17725512940856,10.854464395757088,40.0225957479953,1.504996,48PUS,31.951946,0.163434
2023-12-26_03-35-01,104.08348021054016,10.765771015142654,105.08948704583928,11.760133223870564,40.6385339350358,1.572085,48PVT,49.80095,1.551694
2023-12-28_03-25-03,106.4999769652014,10.761188228150424,106.92510452852471,11.754953607647172,41.0407393360016,1.880702,48PXT,63.791549,0.740599
2023-12-16_03-35-25,104.99972617172784,8.9570263808174,106.00139103412452,9.951498048371398,37.8869211564373,2.394614,48PWR,46.188888,0.154608
2023-12-21_03-35-30,104.99972617172784,8.9570263808174,106.00139103412452,9.951498048371398,38.2967080022377,2.487683,48PWR,48.982653,2.468469
2023-12-21_03-35-04,104.08335677248378,10.76577099881297,105.08948704583928,11.760133243657547,40.3667902741168,2.998857,48PVT,50.132453,0.0
2023-12-16_03-35-40,104.999726884972,8.052450962132822,105.99876650307654,9.046833369621034,37.0749442001826,3.066294,48PWQ,3.999267,0.600662
2023-12-26_03-35-07,105.91277416031188,9.98945746121844,106.7557593203118,10.854211396475144,38.9235545785422,4.449994,48PXS,64.972794,3.179693
2023-12-31_03-35-05,104.08343227083702,10.76577099881297,105.08948704583928,11.76013321630854,40.7348586362652,4.517426,48PVT,43.895411,0.629306
2023-12-16_03-35-43,104.08966492388936,8.052655568438503,105.0887172101058,9.04683266589854,37.5321109565475,4.813056,48PVQ,5.417427,1.410082
2023-12-16_03-35-29,104.087272727106,8.95725437122164,105.0889503905584,9.9514972213457,38.3371677898468,5.072992,48PVR,14.926191,1.52739
2023-12-16_03-35-18,103.79150928524426,9.860335960260445,104.17725530675244,10.797529609080808,39.60115170812,5.628852,48PUS,24.164069,0.053792
2023-12-31_03-34-58,105.91454112647963,10.76232219129638,106.92510452852471,11.758657843410626,39.8099702253764,6.694673,48PXT,60.991496,0.262631
2023-12-16_03-35-14,104.99972563679474,9.861014212141717,106.00274617419124,10.611939376857045,38.7017232214363,7.331572,48PWS,56.424451,0.000144
2023-12-19_03-45-12,103.17035103578527,9.85756950139428,104.175437277603,10.854464395757088,38.6383997655818,8.067383,48PUS,18.792777,6.658135
2023-12-16_03-35-07,104.99972536932816,10.204835675622697,106.00427689411958,10.855571229031138,38.7017232214365,8.873314,48PWS,49.371585,0.55385
2023-12-16_03-35-12,105.91193410657878,9.85902101665525,106.6146471969134,10.40461302139582,38.2710904323495,9.344654,48PXS,69.103026,8.375776
2023-12-21_03-35-27,105.90956829950066,8.956038438273733,106.5406096708014,9.950253775617009,37.8511937526804,11.238587,48PXR,37.183675,10.898661
2023-12-11_03-35-12,104.99972536932816,9.861014510703738,106.00427689411958,10.855571229031138,38.134893042247,11.251651,48PWS,45.918611,8.786371
2023-12-26_03-35-14,105.91193410657878,9.859034527454815,106.59746873219632,10.33940913219148,38.9235545785423,11.457758,48PXS,66.478014,6.851803
2023-12-16_03-35-31,103.59274303017838,8.955697954354191,104.17939001101288,9.950485237113282,38.7998093530722,12.464164,48PUR,0.044117,9.667864
2023-12-31_03-35-02,104.99972447777296,10.765496068187831,106.00743126841935,11.760133988205896,40.2665028949502,13.125411,48PWT,42.93924,0.69018
2023-12-16_03-35-22,105.90956829950066,8.956000715339693,106.55210089904946,9.950253775617009,37.449935310213,13.129938,48PXR,32.808349,6.958374
2023-12-16_03-35-05,105.91295108024612,10.050859070959238,106.75905103481068,10.854211396475144,38.2710904323497,14.011821,48PXS,53.553098,3.016673
2023-12-19_03-45-27,103.17560579945784,8.953902438142253,104.03436878018312,9.950103744196175,37.8180724048302,14.652766,48PUR,0.153916,11.976927
2023-12-16_03-35-00,104.08352132704532,10.76577099881297,105.08948704583928,11.760133222499247,39.957443533921,14.767699,48PVT,41.925052,6.691366
2023-12-09_03-45-11,103.17035103578527,9.85756950139428,104.17552009616,10.854464395757088,37.5529914762869,14.812434,48PUS,19.12961,9.703498
2023-12-11_03-34-54,105.91454112647963,10.762206574952232,106.92510452852471,11.758657843410626,38.5385498454181,17.460717,48PXT,50.044239,7.002513
2023-12-04_03-45-13,103.17035103578527,9.85756950139428,104.17550041123091,10.854464395757088,36.7913514580712,18.040393,48PUS,17.227814,15.561502
2023-12-29_03-45-13,103.17035103578527,9.85756950139428,104.17540438073776,10.854464395757088,39.1048942124211,19.128883,48PUS,17.002039,7.119871
2023-12-31_03-35-19,104.08464228812768,9.861265852254354,105.08920676455372,10.855570332213132,39.9397491674076,19.468977,48PVS,23.675252,8.942522
2023-12-16_03-34-56,104.99972447777296,10.765496068187831,106.00743126841935,11.760133988205896,39.520142221229,19.516122,48PWT,34.799856,5.463635
2023-12-21_03-35-45,104.999726884972,8.052450962132822,105.99876650307654,9.046833369621034,37.4891955653496,19.668889,48PWQ,4.360812,13.752702
2023-12-16_03-34-53,105.91454112647963,10.76224870900118,106.92510452852471,11.758657843410626,39.0955713508334,19.916995,48PXT,46.371424,4.296521
2023-12-11_03-34-57,104.99972447777296,10.765496068187831,106.00743126841935,11.760133988205896,38.9564801433383,20.337491,48PWT,33.514416,11.381748
2023-12-11_03-35-29,104.087272727106,8.95725437122164,105.0889503905584,9.9514972213457,37.7609399580576,21.123487,48PVR,9.107889,20.445141
2023-12-26_03-35-44,104.08966492388936,8.052655568438503,105.0887172101058,9.04683266589854,38.2442928345313,21.182843,48PVQ,2.035511,2.63532
2023-12-16_03-35-09,104.08464228812768,10.41745782797574,105.08920676455372,10.855570367008871,39.1453557816369,21.542841,48PVS,44.026247,6.77068
2023-12-29_03-45-28,103.17560615147838,8.953902438142253,104.03108685369308,9.950094224077407,38.296115363488,21.633282,48PUR,0.171908,5.081674
2023-12-11_03-35-08,105.91193437545276,9.858991612083642,106.76779974764057,10.854211396475144,37.7108617875879,21.905799,48PXS,49.34366,13.100934
2023-12-21_03-35-36,103.58565371637006,8.955671666169284,104.17938983366636,9.950485237113282,39.2255823278298,22.806074,48PUR,0.050544,13.959095
2023-12-16_03-35-15,104.08485788585806,9.861265822414971,105.08912987015388,10.783713916495616,39.1453557816367,23.030972,48PVS,19.556852,3.774836
2023-12-01_03-34-54,105.91454112647963,10.762220967738369,106.92510452852471,11.758657843410626,37.0042555270806,23.544252,48PXT,55.076551,20.870495
2023-12-31_03-35-23,103.78330057378471,9.860305828808086,104.17725512940856,10.854464395757088,40.4258144287881,24.467218,48PUS,18.906944,8.912334
2023-12-21_03-35-48,104.08966492388936,8.052655568438503,105.0887172101058,9.04683266589854,37.9545304596451,24.990062,48PVQ,5.102578,10.072873
2023-12-11_03-35-23,105.90956829950066,8.955973786066917,106.55903141360332,9.950253775617009,36.8864177407534,26.156756,48PXR,28.422055,12.053949
2023-12-01_03-34-58,104.99972447777296,10.765496068187831,106.00743126841935,11.760133988205896,37.4169108878145,26.586539,48PWT,31.055477,19.980933
2023-12-26_03-35-26,104.99972617172784,8.9570263808174,106.00139103412452,9.951498048371398,38.5693811625333,26.904449,48PWR,41.004387,5.942426
2023-12-04_03-45-28,103.17560615147838,8.953902438142253,104.03911083531348,9.950117398561012,35.9630253279422,27.399421,48PUR,0.129056,24.791782
2023-12-01_03-35-12,104.99972536932816,9.861014510703738,106.00427689411958,10.855571229031138,36.593037022925,29.048285,48PWS,25.438976,12.3739
2023-12-11_03-35-15,104.08464228812768,9.861265852254354,105.08920676455372,10.855570332213132,38.5723103811547,29.397023,48PVS,19.285633,18.038212
2023-12-28_03-25-17,106.3003985348675,9.857075849513782,106.9190801917226,10.85182202445896,40.2502969469297,31.243852,48PXS,26.287416,2.83806
2023-12-21_03-35-33,104.087272727106,8.95725437122164,105.0889503905584,9.9514972213457,38.7551255027595,31.310233,48PVR,15.203632,7.684924
2023-12-11_03-35-44,104.08966492388936,8.052655568438503,105.0887172101058,9.04683266589854,36.9526813523547,31.726956,48PVQ,3.911347,26.882142
2023-12-11_03-35-18,103.80300470856416,9.86037752662954,104.17725512940856,10.854464395757088,39.0222699981028,32.495761,48PUS,12.43788,8.416835
2023-12-31_03-35-48,104.08966492388936,8.052655568438503,105.0887172101058,9.04683266589854,38.3618489590842,34.062919,48PVQ,3.008076,30.245483
2023-12-31_03-35-45,104.999726884972,8.052450962132822,105.99876650307654,9.046833369621034,37.8730919890028,34.390628,48PWQ,1.572414,16.902515
2023-12-31_03-35-34,104.087272727106,8.95725437122164,105.0889503905584,9.9514972213457,39.1489707039375,35.211229,48PVR,9.862193,31.862146
2023-12-26_03-35-23,105.90956829950066,8.956011233038463,106.54936463060736,9.950253775617009,38.1125955963694,36.475855,48PXR,23.636493,7.047466
2023-12-18_03-25-16,106.3064165049929,9.857075849513782,106.9190801917226,10.851792182108122,39.6686890716703,37.4771,48PXS,25.832888,12.006152
2023-12-01_03-35-23,105.90956829950066,8.955984298600912,106.55593072680468,9.950253775617009,35.347048394416,38.054365,48PXR,15.173741,10.197453
2023-12-06_03-34-57,104.08369190750248,10.765771015142654,105.08946394179412,11.76000777534056,38.6861521969446,38.642678,48PVT,39.690626,25.977498
2023-12-11_03-35-00,104.0836646146154,10.76577099881297,105.08948704583928,11.760133245509548,39.3875181719961,40.204808,48PVT,23.975594,9.871558
2023-12-01_03-35-44,104.08966492388936,8.052655568438503,105.0887172101058,9.04683266589854,35.4031846501744,40.403634,48PVQ,1.715379,31.036898
2023-12-31_03-35-16,104.99972536932816,9.861014510703738,106.00427689411958,10.855571229031138,39.4648769683313,40.888304,48PWS,35.880429,3.035338
2023-12-01_03-35-08,105.91193437545276,9.859004871660142,106.76659311063618,10.854211396475144,36.173983576128,43.33415,48PXS,30.074921,5.477172
2023-12-11_03-35-32,103.60366023632824,8.955739987097319,104.17938983366636,9.950485237113282,38.217820887263,47.247761,48PUR,0.047718,46.974081
2023-12-11_03-35-26,104.99972617172784,8.9570263808174,106.00139103412452,9.951498048371398,37.3168468006474,47.682762,48PWR,26.269221,38.180229
2023-12-31_03-35-27,105.90956829950066,8.956047389101357,106.53842044766746,9.950253775617009,38.1978931033896,47.850618,48PXR,13.800995,5.294434
2024-01-30_03-35-24,105.90956829950066,8.955979305961382,106.55757228242231,9.950253775617009,35.4954752400122,0.001629,48PXR,34.504828,0.0
2024-01-27_03-25-15,106.31626411786384,9.857075849513782,106.9190801917226,10.85174309742994,38.3012806868886,0.019997,48PXS,44.275442,0.001668
2024-01-27_03-25-29,106.11694631550976,8.953454850958392,106.91356853559611,9.948830046936456,37.5854762969218,0.181986,48PXR,7.754873,1.5e-05
2024-01-25_03-34-51,105.91454112647963,10.76218291628027,106.92510452852471,11.758657843410626,37.8245901944532,0.208123,48PXT,68.922317,0.000131
2024-01-30_03-35-01,104.08367826105828,10.76577099881297,105.08948704583928,11.760133254715749,38.1012981130711,0.477158,48PVT,35.734922,0.01704
2024-01-25_03-34-54,104.99972447777296,10.765496068187831,106.00743126841935,11.760133988205896,38.3657782085873,0.560416,48PWT,61.356413,0.307663
2024-01-25_03-34-58,104.0837326696164,10.765771015142654,105.08948704583928,11.760133235380092,38.9177634101969,0.64275,48PVT,39.613274,0.120776
2024-01-25_03-35-05,105.91193437545276,9.85897385197521,106.77111027036015,10.854211396475144,37.0699383210555,0.737472,48PXS,72.898692,0.000421
2024-01-30_03-35-45,104.08966492388936,8.052655568438503,105.0887172101058,9.04683266589854,35.9513994555516,2.152548,48PVQ,4.175729,2.151353
2024-01-25_03-35-38,104.999726884972,8.052450962132822,105.99876650307654,9.046833369621034,36.1429136035778,2.153709,48PWQ,2.791938,0.037429
2024-01-25_03-35-23,104.99972617172784,8.9570263808174,106.00139103412452,9.951498048371398,36.8779906917679,6.11846,48PWR,44.568166,0.001918
2024-01-23_03-45-16,103.17035103578527,9.85756950139428,104.1754333760876,10.854464395757088,37.4812636213553,6.217757,48PUS,16.31324,0.726748
2024-01-08_03-45-12,103.17035103578527,9.85756950139428,104.17546086403938,10.854464395757088,38.9332349506737,6.914394,48PUS,18.806675,5.479531
2024-01-30_03-35-16,104.08464228812768,9.861265852254354,105.08920676455372,10.85557033221313,37.3776300038953,6.940561,48PVS,33.720303,6.815578
2024-01-30_03-35-42,104.999726884972,8.052450962132822,105.99876650307654,9.046833369621034,35.3544458887379,7.354786,48PWQ,2.811832,7.349265
2024-01-25_03-35-09,104.99972536932816,9.861014510703738,106.00427689411958,10.855571229031138,37.6188011457994,7.91009,48PWS,70.964712,1.622297
2024-01-22_03-25-09,106.32336992306386,9.857075849513782,106.9190801917226,10.851701946786124,39.0134721218002,9.103569,48PXS,38.722986,4.707097
2024-01-28_03-45-11,103.17035103578527,9.85756950139428,104.17554705210324,10.854464395757088,36.7183588889175,10.907382,48PUS,17.092957,10.265726
2024-01-15_03-34-57,104.08364423356682,10.76577099881297,105.08948704583928,11.76013322923739,40.114460370001,11.828941,48PVT,40.39773,11.759139
2024-01-25_03-35-20,105.90956829950066,8.955959508435427,106.56249729472287,9.950253775617009,36.3211509210233,14.228347,48PXR,30.003583,0.143279
2024-01-30_03-35-13,104.99972536932816,9.861014510703738,106.00427689411958,10.855571229031138,36.7978573794392,15.198825,48PWS,69.023901,15.10576
2024-01-22_03-25-24,106.12513176679543,8.953454850958392,106.91356853559611,9.948801605283697,38.2822144467871,15.21879,48PXR,6.563067,15.201889
2024-01-30_03-35-33,103.60311250899558,8.955737917270127,104.17938983366636,9.950485237113282,37.2590979573737,15.261321,48PUR,0.050387,15.261264
2024-01-30_03-34-54,105.91454112647963,10.76221377592888,106.92510452852471,11.758657843410626,36.9687053521618,16.28114,48PXT,57.613999,15.920956
2024-01-30_03-35-30,104.087272727106,8.95725437122164,105.0889503905584,9.9514972213457,36.6611447618729,16.433562,48PVR,9.643459,16.430303
2024-01-30_03-34-58,104.99972447777296,10.765496068187831,106.00743126841935,11.760133988205896,37.5296872123629,16.464205,48PWT,48.460492,16.307954
2024-01-28_03-45-26,103.17560623948354,8.953902438142253,104.04348868930369,9.95012996313386,35.9765213771581,18.218657,48PUR,0.117927,18.212943
2024-01-10_03-35-24,105.90956829950066,8.95601293149596,106.54827024095542,9.950253775617009,37.9111497463743,18.227701,48PXR,29.897898,18.004598
2024-01-30_03-35-09,105.91193437545276,9.858996564801926,106.76508714105027,10.854211396475144,36.2287908168115,18.676335,48PXS,62.564713,18.414766
2024-01-30_03-35-27,104.99972617172784,8.9570263808174,106.00139103412452,9.951498048371398,36.0729280928578,19.299328,48PWR,35.508859,19.194727
2024-01-18_03-45-22,103.17560623948354,8.953902438142253,104.05078958142612,9.950150707627268,37.3640767016532,19.94072,48PUR,0.045647,13.256635
2024-01-08_03-45-27,103.17560615147838,8.953902438142253,104.03491772425392,9.950105325187794,38.1411298669068,20.023271,48PUR,0.169089,19.300629
2024-01-25_03-35-41,104.08966492388936,8.052655568438503,105.0887172101058,9.04683266589854,36.7191131986971,20.758414,48PVQ,1.488087,4.6e-05
2024-01-15_03-35-11,104.08464228812768,9.861265852254354,105.08920676455372,10.85557033221313,39.348743625196,20.883203,48PVS,31.852782,20.832568
2024-01-25_03-35-27,104.087272727106,8.95725437122164,105.0889503905584,9.9514972213457,37.4458299349151,21.822669,48PVR,5.306767,4.6e-05
2024-01-23_03-45-30,103.17560579945784,8.953902438142253,104.03327444177803,9.95010057517813,36.7243547628697,22.579767,48PUR,0.02632,0.755675
2024-01-18_03-45-08,103.17035112378667,9.857569570335816,104.17563962452633,10.854464395757088,38.1338951049358,26.783204,48PUS,13.149281,24.440843
2024-01-02_03-25-28,106.10603204564808,8.953454850958392,106.91356853559611,9.948875753702678,39.5412559292296,27.275723,48PXR,1.389384,5.86884
2024-01-30_03-35-19,103.80244961689294,9.86037436517658,104.17725512940856,10.854464395757088,37.9671072396901,28.000149,48PUS,20.606185,26.637372
2024-01-15_03-35-08,104.99972536932816,9.861014510703738,106.00427689411958,10.855571229031138,38.826384512213,29.29258,48PWS,57.013893,21.615316
2024-01-15_03-35-15,103.80135367790588,9.860371724313518,104.17725530675244,10.854464395757088,39.8815003006462,30.673063,48PUS,31.034997,30.559638
2024-01-12_03-25-10,106.31407617724696,9.857075849513782,106.9190801917226,10.85175133359274,39.9730449260899,32.626516,48PXS,28.880027,23.705678
2024-01-25_03-35-12,104.08464228812768,9.861265852254354,105.08920676455372,10.85557033221313,38.1785650282682,32.830688,48PVS,29.151705,0.02202
2024-01-10_03-34-59,104.99972447777296,10.765496068187831,106.00743126841935,11.760133988205896,39.9747053301862,34.259987,48PWT,33.324033,18.579702
2024-01-10_03-35-28,104.99972617172784,8.9570263808174,106.00139103412452,9.951498048371398,38.4115723310444,34.587646,48PWR,25.673288,11.872708
2024-01-07_03-25-15,106.3064165049929,9.857075849513782,106.9190801917226,10.851792182108122,40.2153912797325,36.067533,48PXS,21.605043,19.717255
2024-01-10_03-34-55,105.91454112647963,10.762267070825942,106.92510452852471,11.758657843410626,39.4879959147081,36.580294,48PXT,26.465052,12.370344
2024-01-10_03-35-10,105.91193437545276,9.8590396512012,106.7557593203118,10.854211396475144,38.6973698469186,44.0799,48PXS,33.652368,10.76715
2024-01-15_03-35-40,104.08966492388936,8.052655568438503,105.0887172101058,9.04683266589854,37.8328582476125,44.121858,48PVQ,1.592304,36.143556
2024-01-15_03-34-53,104.99972447777296,10.765496068187831,106.00743126841935,11.760133988205896,39.5992597568106,44.966829,48PWT,36.918634,30.614513
2024-01-20_03-35-29,104.99972617172784,8.9570263808174,106.00139103412452,9.951498048371398,37.52580446849,46.159294,48PWR,22.541684,18.943454
2024-01-25_03-35-16,103.8030006406545,9.860376927704523,104.17725512940856,10.854464395757088,38.748264006808,46.685621,48PUS,19.378297,0.0
2024-01-15_03-35-29,103.6020274805174,8.955734502921608,104.17938983366636,9.950485237113282,39.1287033731854,46.910927,48PUR,0.050525,36.487734
2024-01-20_03-35-32,104.087272727106,8.95725437122164,105.0889503905584,9.9514972213457,38.0737196764273,47.026306,48PVR,7.134917,28.640139
2024-01-13_03-45-15,103.17035103578527,9.85756950139428,104.1754333760876,10.854464395757088,38.6005755452898,48.098353,48PUS,4.84326,19.132903
2024-01-25_03-35-29,103.60311453990036,8.955738565861337,104.17938983366636,9.950485237113282,38.0236735937079,48.44633,48PUR,0.0,0.0
2024-01-15_03-34-50,105.91454112647963,10.762196322895054,106.92510452852471,11.758657843410626,39.0952080853789,49.263248,48PXT,35.341024,28.624639
2024-01-15_03-35-26,104.087272727106,8.95725437122164,105.0889503905584,9.9514972213457,38.5883953724919,49.621212,48PVR,1.981357,44.255278
2024-02-11_03-25-13,106.3151731981388,9.857075849513782,106.9190801917226,10.851748589397262,35.4906627552306,0.027962,48PXS,44.40515,0.0
2024-02-29_03-34-59,104.99972447777296,10.765496068187831,106.00743126841935,11.760133988205896,30.4507167017608,0.247079,48PWT,43.068278,0.244186
2024-02-11_03-25-28,106.11585783084986,8.953454850958392,106.91356853559611,9.948834437555732,34.8340796407609,0.366563,48PXR,7.778782,0.000198
2024-02-14_03-35-30,104.087272727106,8.95725437122164,105.0889503905584,9.9514972213457,33.6678704438155,0.423937,48PVR,9.607181,0.0
2024-02-14_03-34-58,104.99972447777296,10.765496068187831,106.00743126841935,11.760133988205896,34.3508669079848,0.583777,48PWT,50.724173,0.0
2024-02-29_03-35-02,104.08354861990452,10.76577099881297,105.08948704583928,11.760133252589604,31.1583132731059,0.69097,48PVT,27.035844,0.553377
2024-02-29_03-35-16,104.08464228812768,9.861265852254354,105.08920676455372,10.855570332213132,30.5760020315039,0.89657,48PVS,27.286714,0.877087
2024-02-29_03-34-55,105.91454112647963,10.76224461113543,106.92510452852471,11.758657843410626,29.7518764848546,0.97008,48PXT,66.159791,0.245593
2024-02-01_03-25-12,106.31626429748394,9.857075849513782,106.9190801917226,10.85174309742994,37.4830721811368,1.127206,48PXS,41.362646,0.709789
2024-02-14_03-35-33,103.59547546939108,8.955709720705537,104.17938983366636,9.950485237113282,34.3320587898381,1.498049,48PUR,0.049207,0.0
2024-02-29_03-35-20,103.79698239097682,9.860356202595838,104.17725512940856,10.854464395757088,31.3015897453299,1.651172,48PUS,29.431358,1.388479
2024-02-14_03-35-45,104.08966492388936,8.052655568438503,105.0887172101058,9.04683266589854,33.0231390785962,2.458671,48PVQ,3.137146,0.000163
2024-02-24_03-35-34,103.59383433911046,8.95570214180413,104.17938983366636,9.950485237113282,31.9799053669456,2.69798,48PUR,0.024656,0.000293
2024-02-14_03-34-54,105.91454112647963,10.762235299251818,106.92510452852471,11.758657843410626,33.7244976360119,2.815157,48PXT,67.3253,1.939135
2024-02-04_03-35-31,103.59984067381995,8.95572620406809,104.17938983366636,9.950485237113282,36.3897607362693,2.864992,48PUR,0.051407,0.087123
2024-02-14_03-35-16,104.08464228812768,9.861265852254354,105.08920676455372,10.855570332213132,34.3224977798311,3.00784,48PVS,29.77412,0.000335
2024-02-14_03-35-13,104.99972536932816,9.861014510703738,106.00427689411958,10.855571229031138,33.6767052946509,3.709288,48PWS,77.5464,0.000581
2024-02-17_03-45-14,103.17035112378667,9.85756950139428,104.17547052915916,10.854464395757088,32.4572161162457,3.737321,48PUS,16.405648,2.1e-05
2024-02-12_03-45-17,103.17035103578527,9.85756950139428,104.17537928690766,10.854464395757088,33.6572551528864,4.102059,48PUS,18.733583,4.099519
2024-02-19_03-34-58,105.91454112647963,10.76228960826579,106.92510452852471,11.758657843410626,32.447269378428,4.128123,48PXT,62.506342,0.690446
2024-02-14_03-35-01,104.08355207581891,10.765771015142654,105.08948704583928,11.76013322798418,34.9872077068414,4.537103,48PVT,27.389944,0.000197
2024-02-24_03-35-46,104.08966492388936,8.052655568438503,105.0887172101058,9.04683266589854,30.681046962412,5.160739,48PVQ,2.462165,0.0
2024-02-26_03-25-30,106.11203463477744,8.953454850958392,106.91356853559611,9.948851882902318,31.3147712296667,5.191797,48PXR,6.455484,3.117668
2024-02-04_03-34-53,105.91454112647963,10.762208643029286,106.92510452852471,11.758657843410626,36.0000971647215,5.491885,48PXT,59.90811,0.0
2024-02-14_03-35-27,104.99972617172784,8.9570263808174,106.00139103412452,9.951498048371398,33.0123875818971,5.862559,48PWR,40.83932,0.000123
2024-02-12_03-45-32,103.17560615147838,8.953902438142253,104.02834710216904,9.950086266356012,32.9714909489078,5.901996,48PUR,0.159401,5.115525
2024-02-22_03-45-31,103.17560615147838,8.953902438142253,104.02925928374714,9.950088977399242,30.5372805905574,6.2728,48PUR,0.085065,0.0
2024-02-14_03-35-24,105.90956829950066,8.955991467485775,106.55428918381033,9.950253775617009,32.3667426842364,6.396464,48PXR,29.370832,0.0
2024-02-04_03-35-29,104.087272727106,8.95725437122164,105.0889503905584,9.9514972213457,35.7704573736905,6.89927,48PVR,6.863972,0.197932
2024-02-26_03-25-15,106.3107946696916,9.857075849513782,106.9190801917226,10.851767685582764,31.8890303871219,7.003204,48PXS,34.301317,0.778899
2024-02-14_03-35-09,105.91193437545276,9.85901156602685,106.76124625815756,10.854211396475144,33.0408315691008,7.20691,48PXS,68.674797,2.736639
2024-02-19_03-35-36,103.5900147975563,8.95568757837212,104.17938983366636,9.950485237113282,33.1740744647431,7.391019,48PUR,0.042439,0.0
2024-02-14_03-35-42,104.999726884972,8.052450962132822,105.99876650307654,9.046833369621034,32.3576879219556,7.843013,48PWQ,2.115866,6.047797
2024-02-29_03-35-10,105.91193437545276,9.859018969776038,106.760126144362,10.854211396475144,29.1479462194805,8.442374,48PXS,64.30741,3.291102
2024-02-29_03-35-13,104.99972536932816,9.861014510703738,106.00427689411958,10.855571229031138,29.8577189727951,9.236841,48PWS,64.917505,8.620791
2024-02-04_03-34-56,104.99972447777296,10.765496068187831,106.00743126841935,11.760133988205896,36.582114956481,9.463008,48PWT,49.740815,0.000219
2024-02-04_03-35-14,104.08464228812768,9.861265852254354,105.08920676455372,10.855570332213132,36.4685165878135,10.838006,48PVS,26.912227,0.000179
2024-02-29_03-35-31,104.087272727106,8.95725437122164,105.0889503905584,9.9514972213457,30.0083591449714,12.073895,48PVR,5.861576,5.954655
2024-02-17_03-45-29,103.17560579945784,8.953902438142253,104.03655677408544,9.950110069167271,31.7951996199142,12.534043,48PUR,0.068746,0.0
2024-02-14_03-35-19,103.794250850692,9.860346401579434,104.17725512940856,10.854464395757088,34.9770951215868,12.791358,48PUS,21.935372,0.0
2024-02-27_03-45-30,103.17560615147838,8.953902438142253,104.03108525925364,9.950094224077407,29.2467058167986,12.884396,48PUR,0.048979,0.018228
2024-02-09_03-35-44,104.999726884972,8.052450962132822,105.99876650307654,9.046833369621034,33.4447334185962,13.020346,48PWQ,0.110401,0.000106
2024-02-01_03-25-27,106.11694604634864,8.953454850958392,106.91356853559611,9.948830046936456,36.7849734839418,13.547054,48PXR,6.130904,9.945695
2024-02-02_03-45-28,103.17560623948354,8.953902545847505,104.04422060398292,9.950132080689974,35.0844414547914,14.22341,48PUR,0.031806,1.80714
2024-02-19_03-35-48,104.08966492388936,8.052655568438503,105.0887172101058,9.04683266589854,31.8687560709904,14.722486,48PVQ,1.843683,0.154817
2024-02-09_03-35-04,104.08343909404702,10.76577099881297,105.08948704583928,11.760133249824438,36.1198142682973,16.255559,48PVT,13.303976,0.094661
2024-02-24_03-35-42,104.999726884972,8.052450962132822,105.99876650307654,9.046833369621034,29.966334693039,16.701743,48PWQ,1.659686,0.000365
2024-02-29_03-35-28,104.99972617172784,8.9570263808174,106.00139103412452,9.951498048371398,29.2792507135125,17.155743,48PWR,33.336467,3.611843
2024-02-04_03-35-17,103.7991669555802,9.86036266078779,104.17725530675244,10.854464395757088,37.0789877339387,17.300005,48PUS,13.408718,0.0
2024-02-19_03-35-45,104.999726884972,8.052450962132822,105.99876650307654,9.046833369621034,31.179119393933,17.499603,48PWQ,1.2698,1.451229
2024-02-04_03-35-43,104.08966492388936,8.052655568438503,105.0887172101058,9.04683266589854,35.0800431921082,18.199962,48PVQ,3.733183,16.135882
2024-02-19_03-35-34,104.087272727106,8.95725437122164,105.0889503905584,9.9514972213457,32.4865434445093,18.646926,48PVR,4.915531,0.575575
2024-02-04_03-35-40,104.999726884972,8.052450962132822,105.99876650307654,9.046833369621034,34.4610330515498,19.149818,48PWQ,2.483436,17.063291
2024-02-29_03-35-46,104.08966492388936,8.052655568438503,105.0887172101058,9.04683266589854,29.4555124932631,20.00632,48PVQ,1.263496,8.891769
2024-02-09_03-35-47,104.08966492388936,8.052655568438503,105.0887172101058,9.04683266589854,34.0863625257527,21.388148,48PVQ,1.256993,3.641956
2024-02-29_03-35-24,105.90956829950066,8.955997411919576,106.55264765344327,9.950253775617009,28.5583645242177,21.453388,48PXR,25.403517,4.037378
2024-02-27_03-45-16,103.17035103578527,9.85756950139428,104.1754073068737,10.854464395757088,29.8520906233415,21.795459,48PUS,9.575447,0.812367
2024-02-24_03-35-31,104.087272727106,8.95725437122164,105.0889503905584,9.9514972213457,31.2682105207369,21.981029,48PVR,3.99356,0.000136
2024-02-09_03-35-22,103.79369774041514,9.86034394842369,104.17725512940856,10.854464395757088,36.0650932038332,22.279483,48PUS,22.818466,6.674475
2024-02-19_03-35-12,105.91193437545276,9.859056899080205,106.75246090490208,10.854211396475144,31.7868875908784,22.564037,48PXS,44.140521,0.000271
2024-02-16_03-25-32,106.10712325681472,8.953454850958392,106.91356853559611,9.948873618654376,33.7108213024217,22.739211,48PXR,2.23953,0.074892
2024-02-09_03-35-36,103.59438202774922,8.955704915768537,104.17938983366636,9.950485237113282,35.396592390732,22.773097,48PUR,0.027239,0.41646
2024-02-21_03-25-29,106.11367181808308,8.953454850958392,106.91356853559611,9.948845360507706,32.5438202536732,23.663475,48PXR,2.626311,0.0
2024-02-19_03-35-01,104.99972447777296,10.765496068187831,106.00743126841935,11.760133988205896,33.0968693568631,23.789248,48PWT,26.751626,0.469235
2024-02-04_03-35-00,104.08363058712727,10.76577099881297,105.08948704583928,11.760133254715749,37.1745720718227,24.367538,48PVT,23.939419,0.000135
2024-02-09_03-34-57,105.91454112647963,10.762263001205268,106.92510452852471,11.758657843410626,34.9024196506698,24.512772,48PXT,23.503968,0.003897
2024-02-02_03-45-13,103.17035103578527,9.85756950139428,104.17556141678568,10.854464395757088,35.8097249115402,26.132005,48PUS,7.433622,0.021059
2024-02-04_03-35-11,104.99972536932816,9.861014510703738,106.00427689411958,10.855571229031138,35.8674844123408,26.23187,48PWS,45.954928,0.0
2024-02-04_03-35-07,105.91193437545276,9.858990786960604,106.76783061790532,10.854211396475144,35.276929826236,27.297738,48PXS,40.357366,0.0
2024-02-04_03-35-25,104.99972617172784,8.9570263808174,106.00139103412452,9.951498048371398,35.1605896904431,28.142068,48PWR,22.913013,0.830356
2024-02-22_03-45-17,103.17035112378667,9.85756950139428,104.17539037075431,10.854464395757088,31.172854467019,28.155628,48PUS,8.469925,0.000718
2024-02-04_03-35-22,105.90956829950066,8.955975385088863,106.5592137607444,9.950253775617009,34.5612186781807,30.242205,48PXR,14.597818,0.000161
2024-02-19_03-35-27,105.90956803063008,8.95602541581545,106.54444037097691,9.950254000246078,31.137385247968,30.341408,48PXR,17.514232,0.0
2024-02-24_03-35-20,103.79314861159293,9.860341264777212,104.17725512940856,10.854464395757088,32.5697549538205,31.470615,48PUS,10.943074,0.000597
2024-02-19_03-35-19,104.08464228812768,9.861265852254354,105.08920676455372,10.855570332213132,33.1156379805713,31.869662,48PVS,8.934436,0.798464
2024-02-19_03-35-22,103.7887797127158,9.86032686292401,104.17725512940856,10.854464395757088,33.79319682463,33.665144,48PUS,6.889185,0.14076
2024-02-24_03-34-55,105.91454112647963,10.762243542914549,106.92510452852471,11.758657843410626,31.124248493923,33.757803,48PXT,35.485128,0.000268
2024-02-07_03-45-27,103.17560579945784,8.953902175291551,104.04312751713368,9.95012910171576,34.0865303512499,34.788287,48PUR,0.014229,19.579931
2024-02-09_03-35-01,104.99972447777296,10.765496068187831,106.00743126841935,11.760133988205896,35.5060000120033,35.04869,48PWT,5.309166,0.000916
2024-02-06_03-25-30,106.11640341822526,8.953454850958392,106.91356853559611,9.948832281762815,35.8517744187095,36.040995,48PXR,2.373929,4.705791
2024-02-19_03-35-30,104.99972617172784,8.9570263808174,106.00139103412452,9.951498048371398,31.8072576144538,36.239231,48PWR,16.240248,0.000733
2024-02-24_03-35-10,105.91193437545276,9.85901979081356,106.76014891377324,10.854211396475144,30.4904184280991,37.139782,48PXS,32.951987,0.000145
2024-02-09_03-35-33,104.087272727106,8.95725437122164,105.0889503905584,9.9514972213457,34.7554024893375,37.461892,48PVR,1.305115,0.009718
2024-02-24_03-35-24,105.90956829950066,8.955996895227452,106.55264765344327,9.950253775617009,29.8690696805143,38.453391,48PXR,13.984941,0.000509
2024-02-16_03-25-17,106.30586940942646,9.857075849513782,106.9190801917226,10.851794912161768,34.3431359496618,38.77556,48PXS,18.795414,0.002518
2024-02-24_03-35-28,104.99972617172784,8.9570263808174,106.00139103412452,9.951498048371398,30.5642007547631,40.928179,48PWR,15.972598,0.00137
2024-02-09_03-35-18,104.08464228812768,9.861265852254354,105.08920676455372,10.855570332213132,35.4331281550304,41.542801,48PVS,4.604179,5.229309
2024-02-29_03-35-34,103.59819957727376,8.955718729386636,104.17938983366636,9.950485237113282,30.7444775282938,42.227921,48PUR,0.052091,36.709622
2024-02-24_03-35-16,104.08464228812768,9.861265852254354,105.08920676455372,10.855570332213132,31.8683468103603,42.73122,48PVS,8.903816,0.000425
2024-02-09_03-35-26,105.90956829950066,8.956009027741327,106.54881779472072,9.950253775617009,33.5014366020592,43.678829,48PXR,8.396728,0.004221
2024-02-24_03-35-13,104.99972536932816,9.861014510703738,106.00427689411958,10.855571229031138,31.174841075237,44.982511,48PWS,31.017411,3e-05
2024-02-09_03-35-30,104.99972617172784,8.9570263808174,106.00139103412452,9.951498048371398,34.1233173425602,46.189249,48PWR,7.561,0.010584
2024-02-29_03-35-42,104.999726884972,8.052450962132822,105.99876650307654,9.046833369621034,28.7154578954389,48.542759,48PWQ,0.198334,31.693742
2024-02-19_03-35-16,104.99972536932816,9.861014510703738,106.00427689411958,10.855571229031138,32.4464855116008,49.228886,48PWS,17.903185,5.6e-05
2024-02-06_03-25-15,106.31571744483765,9.857075849513782,106.9190801917226,10.85174309742994,36.530400925777,49.792552,48PXS,14.295283,3.675873
2024-03-20_03-34-57,105.91454112647963,10.762275297090715,106.92510452852471,11.758657843410626,24.3083754373505,0.009129,48PXT,59.422505,0.000237
2024-03-22_03-25-03,106.49833288862648,10.761188228150424,106.92510452852471,11.754960217410735,26.0479756224195,0.014026,48PXT,55.937946,0.002852
2024-03-20_03-35-15,104.99972536932816,9.861014510703738,106.00427689411958,10.855571229031138,24.6851688675678,0.427995,48PWS,46.940097,0.0
2024-03-20_03-35-11,105.91193437545276,9.859044551528632,106.75411330132556,10.854211396475144,23.8721289502099,0.70319,48PXS,62.033808,0.000654
2024-03-20_03-35-00,104.99972447777296,10.765496068187831,106.00743126841935,11.760133988205896,25.1103496666263,1.378151,48PWT,25.622377,0.000103
2024-03-20_03-35-03,104.08356235494934,10.76577099881297,105.08948704583928,11.76013321630854,25.917636623374,2.10903,48PVT,14.77225,0.001093
2024-03-20_03-35-18,104.08464228812768,9.861265852254354,105.08920676455372,10.855570332213132,25.5029625449289,2.348035,48PVS,15.593797,0.000458
2024-03-22_03-25-17,106.29930464706686,9.857075849513782,106.9190801917226,10.851827447285068,25.6689147576579,5.487832,48PXS,31.077188,0.0
2024-03-25_03-35-37,103.58346691765242,8.955662553284316,104.17938983366636,9.950485237113282,24.904452527279,6.150289,48PUR,0.040611,0.0
2024-03-02_03-25-02,106.50107461142692,10.761188228150424,106.92510452852471,11.754946914161684,31.1579913972006,7.800921,48PXT,53.728074,7.2458
2024-03-02_03-25-16,106.30149305719264,9.857075849513782,106.9190801917226,10.851813876349471,30.6029503121329,9.289292,48PXS,31.008217,8.481531
2024-03-30_03-35-21,103.79150928524426,9.860336060814738,104.17725512940856,10.854464395757088,24.2550910786311,9.630023,48PUS,23.516808,2.791906
2024-03-20_03-35-47,104.08966492388936,8.052655568438503,105.0887172101058,9.04683266589854,24.7467218316359,10.692947,48PVQ,1.949456,0.271658
2024-03-20_03-35-32,104.087272727106,8.95725437122164,105.0889503905584,9.9514972213457,25.1124130708224,10.750303,48PVR,4.051562,0.0
2024-03-20_03-35-21,103.79151123060058,9.860336638382591,104.17725512940856,10.854464395757088,26.3243735059824,10.975538,48PUS,16.710831,0.0
2024-03-30_03-35-44,104.999726884972,8.052450962132822,105.99876650307654,9.046833369621034,22.0168413844754,11.121622,48PWQ,1.852147,1.831935
2024-03-30_03-35-47,104.08966492388936,8.052655568438503,105.0887172101058,9.04683266589854,22.8899813446835,11.270716,48PVQ,2.325078,1.955013
2024-03-25_03-35-23,103.78275741143683,9.860305184771292,104.17725512940856,10.854464395757088,25.2280785788332,11.640637,48PUS,20.630291,0.0
2024-03-25_03-35-48,104.08966492388936,8.052655568438503,105.0887172101058,9.04683266589854,23.7491667299429,11.72235,48PVQ,2.237126,0.000319
2024-03-05_03-35-33,104.087272727106,8.95725437122164,105.0889503905584,9.9514972213457,28.7293394194616,15.049708,48PVR,3.262922,0.122644
2024-03-20_03-35-26,105.90956829950066,8.956015544472319,106.54717585692286,9.950253775617009,23.4607320925042,15.054201,48PXR,28.685185,0.0
2024-03-20_03-35-29,104.99972617172784,8.9570263808174,106.00139103412452,9.951498048371398,24.2844782051918,15.182361,48PWR,22.388612,0.000136
2024-03-05_03-35-48,104.08966492388936,8.052655568438503,105.0887172101058,9.04683266589854,28.2151356804698,15.236928,48PVQ,0.410148,0.646584
2024-03-30_03-35-35,103.59220532547404,8.955697283397644,104.17938983366636,9.950485237113282,23.9944537164655,15.392029,48PUR,0.049643,13.59213
2024-03-20_03-35-44,104.999726884972,8.052450962132822,105.99876650307654,9.046833369621034,23.9091116144235,16.172491,48PWQ,1.245238,0.000574
2024-03-12_03-25-16,106.29930464706686,9.857075849513782,106.9190801917226,10.851827447285068,28.0476347269579,16.254224,48PXS,29.717472,14.614221
2024-03-25_03-35-34,104.087272727106,8.95725437122164,105.0889503905584,9.9514972213457,24.0535241169999,16.541697,48PVR,3.515456,0.000149
2024-03-20_03-35-35,103.5921994098516,8.955696643284163,104.17938983366636,9.950485237113282,25.9434328586221,17.053416,48PUR,0.051063,0.002236
2024-03-05_03-35-44,104.999726884972,8.052450962132822,105.99876650307654,9.046833369621034,27.4496627386355,18.006258,48PWQ,0.705542,3.043639
2024-03-18_03-45-17,103.17035103578527,9.85756950139428,104.17534346392112,10.854464395757088,24.5530329715109,18.928146,48PUS,12.923051,4.592972
2024-03-25_03-35-45,104.999726884972,8.052450962132822,105.99876650307654,9.046833369621034,22.891787999891,19.257484,48PWQ,1.244717,3e-05
2024-03-12_03-25-02,106.4988796842417,10.761188228150424,106.92510452852471,11.754960217410735,28.5246912369457,19.465645,48PXT,50.351846,16.285889
2024-03-30_03-35-32,104.087272727106,8.95725437122164,105.0889503905584,9.9514972213457,23.1269533276107,21.335158,48PVR,3.932174,12.502347
2024-03-18_03-45-31,103.17560615147838,8.953902438142253,104.02542759436017,9.950077805071178,24.1160134501065,21.557532,48PUR,0.105156,1.872894
2024-03-15_03-35-00,104.99972447777296,10.765496068187831,106.00743126841935,11.760133988205896,26.3854126138673,21.697304,48PWT,25.199854,20.118849
2024-03-25_03-35-19,104.08464228812768,9.861265852254354,105.08920676455372,10.855570332213132,24.3856587779041,23.99492,48PVS,8.57536,0.000358
2024-03-05_03-35-36,103.5834690365402,8.955663337713741,104.17938983366636,9.950485237113282,29.4899862768152,25.022963,48PUR,0.007433,12.768066
2024-03-12_03-25-31,106.10057491499263,8.953454850958392,106.91356853559611,9.948897378317612,27.5899459862246,25.710538,48PXR,7.305954,25.088149
2024-03-07_03-25-25,106.1294974327184,8.953454850958392,106.91356853559611,9.948781796083422,28.8347546119213,26.659492,48PXR,0.349173,15.343645
2024-03-30_03-35-18,104.08464228812768,9.861265852254354,105.08920676455372,10.855570332213132,23.3945230204684,28.303874,48PVS,10.297557,13.281406
2024-03-30_03-34-56,105.91454112647963,10.76227528584946,106.92510452852471,11.758657843410626,21.9928275855834,29.05997,48PXT,42.055646,12.228041
2024-03-08_03-45-17,103.17035059577822,9.85756950139428,104.1753328234318,10.854464395757088,27.1494236827635,29.085368,48PUS,7.148414,23.382165
2024-03-05_03-35-04,104.08335677248378,10.76577099881297,105.08948704583928,11.76013321285411,29.8082931893873,30.282992,48PVT,8.158046,0.220241
2024-03-22_03-25-32,106.10002901294897,8.953454850958392,106.91356853559611,9.948897378317612,25.3143237410977,30.687219,48PXR,2.671751,0.000284
2024-03-15_03-34-57,105.91454112647963,10.762291693889573,106.92510452852471,11.758657843410626,25.6089934562707,30.705208,48PXT,43.758279,27.594173
2024-03-02_03-25-31,106.10275755158273,8.953454850958392,106.91356853559611,9.948888788343098,30.0630517824577,32.320803,48PXR,6.041171,21.230841
2024-03-25_03-35-05,104.0834597409052,10.76577099881297,105.08948704583928,11.76013321756836,24.7447884690423,32.755813,48PVT,7.696435,9.558846
2024-03-05_03-35-22,103.78275741143683,9.86030450077341,104.17725512940856,10.854464395757088,30.0104801245661,33.921412,48PUS,11.165128,8.685228
2024-03-30_03-35-29,104.99972617172784,8.9570263808174,106.00139103412452,9.951498048371398,22.2602723514899,34.205347,48PWR,12.484096,0.004708
2024-03-03_03-45-28,103.17560579945784,8.953902438142253,104.04039071820488,9.950121097833366,27.9405509180621,36.354339,48PUR,0.005245,5.580302
2024-03-30_03-35-15,104.99972536932816,9.861014510703738,106.00427689411958,10.855571229031138,22.5352608004735,37.549096,48PWS,28.585067,3.732659
2024-03-17_03-25-15,106.31243492290226,9.857075849513782,106.9190801917226,10.851762210305,26.8298817357349,38.059503,48PXS,13.817985,1.099156
2024-03-08_03-45-31,103.17560623948354,8.953902438142253,104.02451729796108,9.950075164494466,26.6171728814313,38.124856,48PUR,0.046652,25.736225
2024-03-05_03-35-19,104.08464228812768,9.861265852254354,105.08920676455372,10.855570332213132,29.2604981159358,41.144702,48PVS,7.399982,6.372009
2024-03-25_03-34-58,105.91454112647963,10.76229979014215,106.92510452852471,11.758657843410626,23.088283170327,42.977479,48PXT,17.021304,0.034828
2024-03-30_03-35-11,105.91193437545276,9.859044648865844,106.754649673589,10.854211396475144,21.6782717066202,43.155959,48PXS,25.507972,0.231216
2024-03-25_03-35-16,104.99972536932816,9.861014510703738,106.00427689411958,10.855571229031138,23.5456887858441,43.235955,48PWS,22.467138,3.3e-05
2024-03-25_03-35-30,104.99972617172784,8.9570263808174,106.00139103412452,9.951498048371398,23.2045143571516,46.055081,48PWR,10.743936,0.000143
2024-03-05_03-35-27,105.90956829950066,8.95603300737535,106.5420693152496,9.950253775617009,27.2279307817081,47.032613,48PXR,6.642345,0.0
2024-03-05_03-35-30,104.99972617172784,8.9570263808174,106.00139103412452,9.951498048371398,27.9749146912837,47.303784,48PWR,10.271781,0.0
2024-03-30_03-35-26,105.90956829950066,8.95601687934505,106.54699352007027,9.950253775617009,21.3953301991011,47.7988,48PXR,8.384258,0.023289
2024-03-25_03-35-02,104.99972447777296,10.765496068187831,106.00743126841935,11.760133988205896,23.9144842086005,49.128819,48PWT,5.176917,0.595993
2024-04-16_03-25-32,106.10166636480724,8.953454850958392,106.91356853559611,9.948893046538014,21.8303248443569,0.325185,48PXR,4.685858,0.000474
2024-04-16_03-25-17,106.30039988191302,9.857075849513782,106.9190801917226,10.85181930632792,21.8405488688295,0.887361,48PXS,31.087857,0.000164
2024-04-16_03-25-03,106.49997741465002,10.761188228150424,106.92510452852471,11.754953607647172,21.8857867298464,1.068337,48PXT,52.886397,0.013431
2024-04-19_03-35-36,103.5834690365402,8.955663337713741,104.17938983366636,9.950485237113282,21.9018296864726,2.564721,48PUR,0.048336,2.332834
2024-04-04_03-35-15,104.08464228812768,9.861265852254354,105.08920676455372,10.855570332213132,22.5493737910342,2.99795,48PVS,12.761384,0.001058
2024-04-06_03-25-29,106.11530892536877,8.953454850958392,106.91356853559611,9.948838823808613,22.7542962249266,5.030563,48PXR,3.976799,0.0
2024-04-04_03-35-01,104.08357600138228,10.76577099881297,105.08948704583928,11.760133255367071,22.7793588231241,5.484173,48PVT,15.044412,3e-06
2024-04-02_03-45-30,103.17560615147838,8.953902438142253,104.03382391303155,9.950102158347388,21.0966856082322,5.520855,48PUR,0.085987,0.0
2024-04-24_03-35-06,104.08324662648488,10.76577099881297,105.08948704583928,11.76013323558489,20.7577518270635,5.844701,48PVT,16.073047,4.408261
2024-04-04_03-35-33,103.60202324214248,8.955734502921608,104.17938983366636,9.950485237113282,23.231486613331,10.640956,48PUR,0.050217,10.638858
2024-04-04_03-35-30,104.087272727106,8.95725437122164,105.0889503905584,9.9514972213457,22.3518499923996,10.706371,48PVR,6.633475,10.151791
2024-04-09_03-35-47,104.08966492388936,8.052655568438503,105.0887172101058,9.04683266589854,21.6368416160939,10.906108,48PVQ,1.244853,0.177757
2024-04-01_03-25-30,106.11203777491208,8.953454850958392,106.91356853559611,9.94884973584405,23.4652213900746,11.8078,48PXR,2.594199,2.739697
2024-04-29_03-35-47,104.08966492388936,8.052655568438503,105.0887172101058,9.04683266589854,21.2354569340963,12.079117,48PVQ,2.548429,7.041934
2024-04-19_03-35-19,104.08464228812768,9.861265852254354,105.08920676455372,10.855570332213132,20.990090353748,12.587553,48PVS,11.277249,4.116257
2024-04-02_03-45-15,103.17035103578527,9.85756950139428,104.17544153380176,10.854464395757088,21.3404239284494,12.698023,48PUS,13.931708,0.245271
2024-04-24_03-35-18,104.99972536932816,9.861014510703738,106.00427689411958,10.855571229031138,19.9502385444035,13.927171,48PWS,49.172774,7.404504
2024-04-19_03-35-05,104.0833842425372,10.76577099881297,105.08948704583928,11.76013321756836,20.99662215955,14.469504,48PVT,13.628553,0.41477
2024-04-24_03-34-59,105.91454112647963,10.762321187817692,106.92510452852471,11.758657843410626,18.9958642777253,16.005883,48PXT,43.273425,2.062621
2024-04-29_03-35-29,104.99972617172784,8.9570263808174,106.00139103412452,9.951498048371398,20.1728398875363,16.113424,48PWR,22.821566,9.338354
2024-04-29_03-35-44,104.999726884972,8.052450962132822,105.99876650307654,9.046833369621034,20.3948088505309,16.210252,48PWQ,1.970723,10.381897
2024-04-29_03-35-32,104.087272727106,8.95725437122164,105.0889503905584,9.9514972213457,21.0244123852283,16.462544,48PVR,4.541727,11.647583
2024-04-27_03-45-19,103.17035103578527,9.85756950139428,104.1753265278093,10.854464395757088,19.2916968650292,17.350951,48PUS,12.557101,4.057385
2024-04-09_03-35-11,105.91193437545276,9.859046287870934,106.75464742370264,10.854211396475144,20.0798418478173,19.191802,48PXS,39.94031,2.865652
2024-04-04_03-35-19,103.80135739203897,9.860371124406882,104.17725512940856,10.854464395757088,23.4241600575945,19.531877,48PUS,20.174888,12.023938
2024-04-24_03-35-03,104.99972447777296,10.765496068187831,106.00743126841935,11.760133988205896,19.8764477329614,19.630042,48PWT,20.610552,18.005149
2024-04-24_03-35-21,104.08464228812768,9.861265852254354,105.08920676455372,10.855570332213132,20.826088527439,19.707921,48PVS,10.510496,10.084492
2024-04-04_03-35-27,104.99972617172784,8.9570263808174,106.00139103412452,9.951498048371398,21.4721631599369,20.472233,48PWR,17.585264,2.149144
2024-04-24_03-35-47,104.999726884972,8.052450962132822,105.99876650307654,9.046833369621034,20.2129938665993,20.955575,48PWQ,1.347484,10.502812
2024-04-09_03-35-00,104.99972447777296,10.765496068187831,106.00743126841935,11.760133988205896,21.125620008943,21.025158,48PWT,6.801832,11.060418
2024-04-04_03-35-45,104.08966492388936,8.052655568438503,105.0887172101058,9.04683266589854,22.1875404605653,21.116678,48PVQ,3.154644,17.442812
2024-04-09_03-35-32,104.087272727106,8.95725437122164,105.0889503905584,9.9514972213457,21.7248754437433,21.215583,48PVR,3.756885,10.148423
2024-04-14_03-35-38,103.58237772557264,8.95565902674163,104.17938983366636,9.950485237113282,22.161448882205,21.488838,48PUR,0.046452,16.401775
2024-04-09_03-35-43,104.999726884972,8.052450962132822,105.99876650307654,9.046833369621034,20.7489162970399,21.499956,48PWQ,1.25261,1.405068
2024-04-24_03-35-32,104.99972617172784,8.9570263808174,106.00139103412452,9.951498048371398,20.0625673858103,21.773833,48PWR,21.234721,3.970893
2024-04-14_03-35-24,103.78112015671364,9.860299273921695,104.17725512940856,10.854464395757088,22.208466592207,21.870488,48PUS,18.740183,11.929463
2024-04-11_03-25-17,106.30422849079184,9.857075849513782,106.9190801917226,10.851803080374916,22.2854603388739,21.922302,48PXS,21.077389,0.000324
2024-04-04_03-35-12,104.99972536932816,9.861014510703738,106.00427689411958,10.855571229031138,21.6748960752611,22.461034,48PWS,31.680539,0.000299
2024-04-09_03-35-35,103.5921973791156,8.955695864658182,104.17938983366636,9.950485237113282,22.6111373585617,22.502904,48PUR,0.002179,4.364791
2024-04-09_03-34-56,105.91454112647963,10.76227633999406,106.92510452852471,11.758657843410626,20.2458262585068,22.51606,48PXT,38.222408,20.738287
2024-04-04_03-35-41,104.999726884972,8.052450962132822,105.99876650307654,9.046833369621034,21.3038433763164,22.809742,48PWQ,1.65883,5.443963
2024-04-29_03-35-21,103.78877166617794,9.86032554729964,104.17725512940856,10.854464395757088,21.7115839076452,22.923291,48PUS,14.984363,16.667968
2024-04-19_03-35-01,104.99972447777296,10.765496068187831,106.00743126841935,11.760133988205896,20.1092427268451,23.230647,48PWT,18.709321,6.602463
2024-04-04_03-34-58,104.99972447777296,10.765496068187831,106.00743126841935,11.760133988205896,21.9112036580507,23.800309,48PWT,15.340361,0.039781
2024-04-21_03-25-34,106.09457205014836,8.953454850958392,106.91356853559611,9.948918902708057,21.627684043883,23.990406,48PXR,3.256741,19.011612
2024-04-27_03-45-33,103.17560615147838,8.953902438142253,104.0234246312656,9.950071960049124,19.4492360147056,24.058181,48PUR,0.108453,12.293386
2024-04-29_03-35-18,104.08464228812768,9.861265852254354,105.08920676455372,10.855570332213132,20.8488844280589,24.254124,48PVS,9.052618,17.620559
2024-04-29_03-35-11,105.91193437545276,9.859057000702474,106.75244947559209,10.854211396475144,19.1288445083573,24.290992,48PXS,38.816345,5.247461
2024-04-29_03-35-03,104.08353497347426,10.765771015142654,105.08948704583928,11.760133222499247,20.7095721028781,24.598485,48PVT,12.817107,23.234217
2024-04-29_03-35-15,104.99972536932816,9.861014510703738,106.00427689411958,10.855571229031138,19.9876320218834,24.623853,48PWS,50.632757,17.831139
2024-04-19_03-35-22,103.7827554662069,9.86030460201127,104.17725512940856,10.854464395757088,21.8747627274244,25.940493,48PUS,15.490621,16.591172
2024-04-26_03-25-15,106.30915236416024,9.857075849513782,106.9190801917226,10.851778621833285,21.4864340101486,26.095352,48PXS,18.053797,6.232631
2024-04-29_03-35-26,105.90956829950066,8.956026834443513,106.54444001134262,9.950253775617009,19.3245250576531,26.420814,48PXR,12.63036,3.450828
2024-04-24_03-35-29,105.90956829950066,8.956046774058246,106.53842098710368,9.950253775617009,19.1954712627459,27.439454,48PXR,13.931696,3.192515
2024-04-19_03-35-16,104.99972536932816,9.861014510703738,106.00427689411958,10.855571229031138,20.1049995114915,27.946669,48PWS,32.694486,3.299286
2024-04-09_03-35-14,104.99972536932816,9.861014510703738,106.00427689411958,10.855571229031138,20.9637798700598,27.981949,48PWS,32.233539,11.089781
2024-04-21_03-25-22,106.29383305160042,9.857075354566634,106.91673898260034,10.557596423932926,21.5637695178653,29.934162,48PXS,17.511593,10.39677
2024-04-26_03-25-29,106.10985207398365,8.953454850958392,106.91356853559611,9.948858395471795,21.6212162282098,30.01115,48PXR,2.611103,19.607203
2024-04-09_03-35-18,104.08464228812768,9.861265852254354,105.08920676455372,10.855570332213132,21.8481237659185,30.022776,48PVS,5.409561,6.216346
2024-04-19_03-35-34,104.087272727106,8.95725437122164,105.0889503905584,9.9514972213457,21.0207012796874,31.344029,48PVR,2.863488,27.113199
2024-04-29_03-34-56,105.91454112647963,10.76228957719204,106.92510452852471,11.758657843410626,18.9721053877627,31.844345,48PXT,31.74386,11.973827
2024-04-07_03-45-15,103.17035103578527,9.85756950139428,104.17550182996446,10.854464395757088,20.5600401129435,32.773477,48PUS,13.18412,12.968685
2024-04-09_03-35-29,104.99972617172784,8.9570263808174,106.00139103412452,9.951498048371398,20.8380433961603,33.376896,48PWR,12.108686,1.51103
2024-04-24_03-35-50,104.08966492388936,8.052655568438503,105.0887172101058,9.04683266589854,21.0735307205682,33.662757,48PVQ,1.599809,15.54897
2024-04-09_03-35-26,105.90956829950066,8.956017060907772,106.54662866701422,9.950253775617009,19.9514091746356,35.177776,48PXR,12.550138,0.000273
2024-04-14_03-34-59,105.91454112647963,10.762304855687525,106.92510452852471,11.758657843410626,19.6297590241224,35.298461,48PXT,34.005803,6.60102
2024-04-19_03-34-58,105.91454112647963,10.762324248540802,106.92510452852471,11.758657843410626,19.2220278235432,38.141423,48PXT,27.666175,0.434137
2024-04-14_03-35-20,104.08464228812768,9.861265852254354,105.08920676455372,10.855570332213132,21.3210892301838,38.717151,48PVS,4.94218,13.530794
2024-04-24_03-35-24,103.77892359463884,9.860290050251676,104.17725512940856,10.854464395757088,21.7022513916401,38.902074,48PUS,19.760947,22.284731
2024-04-24_03-35-14,105.91193437545276,9.85908252193056,106.74697967323912,10.854211396475144,19.0755824876428,39.049557,48PXS,26.023212,4.204545
2024-04-09_03-35-03,104.08353497347426,10.76577099881297,105.08948704583928,11.760133241240863,22.0061299023894,39.503241,48PVT,0.135122,1.048987
2024-04-04_03-35-23,105.90956829950066,8.9559659154572,106.5612201290626,9.950253775617009,20.5932540073754,40.558141,48PXR,11.587323,1.660366
2024-04-14_03-35-35,104.087272727106,8.95725437122164,105.0889503905584,9.9514972213457,21.2746193633793,40.685108,48PVR,2.427835,22.482423
2024-04-07_03-45-29,103.17560615147838,8.953902438142253,104.03929323208206,9.950117952768458,20.3935759486716,41.060829,48PUR,0.120112,11.486667
2024-04-22_03-45-31,103.17560615147838,8.953902438142253,104.02342303691384,9.950071960049124,19.4123467930538,42.239699,48PUR,0.020521,33.544987
2024-04-06_03-25-14,106.31407617724696,9.857075849513782,106.9190801917226,10.85175399338204,22.9129648284298,42.261356,48PXS,11.969816,0.0
2024-04-29_03-35-00,104.99972447777296,10.765496068187831,106.00743126841935,11.760133988205896,19.8399609407976,42.531022,48PWT,16.200888,22.667918
2024-04-12_03-45-31,103.17560615147838,8.953902438142253,104.02542821439478,9.950077805071178,19.8689213175602,44.575432,48PUR,0.14285,42.40177
2024-04-24_03-35-35,104.087272727106,8.95725437122164,105.0889503905584,9.9514972213457,20.9314603563354,44.83951,48PVR,2.515569,26.69645
2024-04-14_03-35-03,104.99972447777296,10.765496068187831,106.00743126841935,11.760133988205896,20.5167192357973,45.785147,48PWT,8.620661,9.651889
2024-04-19_03-35-12,105.91193437545276,9.859085772848616,106.74588275919136,10.854211396475144,19.2202792370554,47.96263,48PXS,25.227615,8.101119
2024-05-06_03-25-32,106.10439752804908,8.953454850958392,106.91356853559611,9.948880102949488,21.9978051445837,14.572987,48PXR,2.306379,0.978802
2024-05-01_03-25-34,106.09893775171564,8.953454850958392,106.91356853559611,9.94890383105996,21.7312092536262,15.859094,48PXR,2.486604,8.918198
2024-05-24_03-35-03,104.0836646146154,10.765771015142654,105.08948704583928,11.760133232945911,22.1923262596109,19.169234,48PVT,31.079516,8.336913
2024-05-24_03-35-00,104.99972447777296,10.765496068187831,106.00743126841935,11.760133988205896,21.412975996091,24.75643,48PWT,33.712298,11.735664
2024-05-24_03-35-14,104.99972536932816,9.861014510703738,106.00427689411958,10.855571229031138,21.8161572054595,26.585603,48PWS,51.326901,16.536103
2024-05-04_03-35-38,103.5818382976522,8.955657665930259,104.17938983366636,9.950485237113282,22.0698565800927,28.66154,48PUR,0.005714,16.875058
2024-05-01_03-25-19,106.29766342232254,9.857075849513782,106.9190801917226,10.851832870272323,21.5304290257971,31.622806,48PXS,15.725659,3.980161
2024-05-24_03-35-32,104.087272727106,8.95725437122164,105.0889503905584,9.9514972213457,22.9951323464973,31.842798,48PVR,2.092382,21.427391
2024-05-12_03-45-28,103.17560615147838,9.281768891722958,104.02871248783885,9.95008738515672,20.4349397865361,35.052976,48PUR,0.007683,22.997224
2024-05-19_03-35-02,104.08360329425211,10.76577099881297,105.08948704583928,11.76013325693158,21.7562088983938,35.367233,48PVT,16.696846,17.348857
2024-05-19_03-35-17,104.08464228812768,9.861265852254354,105.08920676455372,10.855570332213132,22.1102711985675,36.096323,48PVS,11.406286,12.32484
2024-05-14_03-35-25,103.78276139031632,9.860305111804337,104.17725512940856,10.854464395757088,22.463211036112,36.826232,48PUS,16.190363,20.120983
2024-05-06_03-25-17,106.30368140112212,9.857075849513782,106.9190801917226,10.85180580072858,21.7378184762343,38.027266,48PXS,11.948932,4.326709
2024-05-27_03-45-17,103.17035103578527,9.85756950139428,104.17547336662564,10.854464395757088,21.5431378035425,38.907033,48PUS,9.983139,21.483462
2024-05-11_03-25-34,106.0989406225034,8.953454850958392,106.91356853559611,9.948901705730684,22.3503705232107,41.830957,48PXR,1.987367,17.759517
2024-05-19_03-35-31,104.087272727106,8.95725437122164,105.0889503905584,9.9514972213457,22.493378732032,42.974815,48PVR,1.527069,22.386004
2024-05-24_03-35-35,103.60202324214248,8.955734502921608,104.17938983366636,9.950485237113282,23.7519247360937,44.796771,48PUR,0.026805,42.928523
2024-05-11_03-25-19,106.29821049576108,9.857075849513782,106.9190801917226,10.851832870272323,22.0386005934854,45.094389,48PXS,14.246738,15.935773
2024-05-29_03-35-35,103.59765390352912,8.955716559675139,104.17938983366636,9.950485237113282,24.2383058165749,46.551827,48PUR,0.009479,31.084099
2024-05-24_03-34-56,105.91454112647963,10.762194232586364,106.92510452852471,11.758657843410626,20.6421150092208,46.792427,48PXT,30.440328,13.387619
2024-05-19_03-35-34,103.59929905494825,8.955724124447935,104.17938983366636,9.950485237113282,23.2672743511169,47.819194,48PUR,0.002106,14.780673
2024-06-13_03-35-15,104.0836218144168,10.765770749987151,105.08924886915923,11.184096237888632,23.8439593338253,1.286098,48PVT,51.61947,0.518859
2024-06-03_03-35-05,104.99972447777296,10.765496068187831,106.00743126841935,11.760133988205896,22.3170879680464,4.915889,48PWT,56.18704,1.036805
2024-06-13_03-35-03,105.91454112647963,10.762339436624911,106.92510452852471,11.758657843410626,22.3725576510173,7.439775,48PXT,67.416751,0.361822
2024-06-13_03-35-08,104.08339912953612,10.81359707518921,105.08948704583928,11.76013320936894,23.8439593338253,7.582287,48PVT,39.785495,6.554227
2024-06-13_03-35-06,104.99972447777296,10.765496068187831,106.00743126841935,11.760133988205896,23.1031328531504,8.528247,48PWT,59.417999,6.436914
2024-06-13_03-35-14,104.99972528017264,10.765495827391504,106.00405909015724,11.015231513277923,23.1031328531505,8.693206,48PWT,77.5195,3.026748
2024-06-13_03-35-16,104.91518523249118,10.817935793985544,105.08920676455372,10.855571130704428,24.2971564277914,11.807546,48PVS,73.228037,11.323974
2024-06-13_03-35-24,104.08464228812768,9.861265852254354,105.08920676455372,10.855570332213132,24.2971564277915,11.976082,48PVS,23.495351,6.302192
2024-06-18_03-35-21,104.08464228812768,9.861265852254354,105.08920676455372,10.855570332213132,24.6109013594456,12.130952,48PVS,23.517649,8.621451
2024-06-13_03-35-28,103.77563894224753,9.86027817289653,104.17725512940856,10.854464395757088,25.0318784864782,13.905579,48PUS,26.17656,0.069299
2024-06-13_03-35-50,104.999726884972,8.052450962132822,105.99876650307654,9.046833369621034,24.5773143730436,14.40924,48PWQ,1.208768,1.862943
2024-06-13_03-35-42,103.57583208114394,8.955634533273605,104.17938983366636,9.950485237113282,25.4931448434271,16.831131,48PUR,0.040903,14.286704
2024-06-13_03-35-14,104.99972536932816,10.611768649102904,106.00427689411958,10.855571229031138,23.5718011028848,18.349861,48PWS,64.359748,0.067308
2024-06-13_03-35-19,105.91193410657878,9.85909893279531,106.6871890972276,10.80972039203974,22.8573879970224,19.471683,48PXS,52.443576,4.94318
2024-06-18_03-35-29,105.90956829950066,8.956024900405541,106.5448047707414,9.950253775617009,23.6806614261328,22.894435,48PXR,17.927156,0.589377
2024-06-13_03-35-32,105.90956829950066,8.956058938599144,106.53495594696076,9.950253775617009,23.3651925717365,22.970819,48PXR,20.322539,5.163273
2024-06-03_03-35-19,104.99972536932816,9.861014510703738,106.00427689411958,10.855571229031138,22.7662109508342,23.553605,48PWS,57.560247,18.373758
2024-06-13_03-35-36,104.99972617172784,8.9570263808174,106.00139103412452,9.951498048371398,24.0634665089923,24.208716,48PWR,25.158253,2.900515
2024-06-03_03-35-08,104.08328792014773,10.76577099881297,105.08948704583928,11.760133242358446,23.0703417302963,25.642091,48PVT,29.372898,10.582574
2024-06-18_03-35-03,104.99972447777296,10.765496068187831,106.00743126841935,11.760133988205896,23.4164579103487,26.153785,48PWT,46.197477,22.434112
2024-06-13_03-35-12,105.91413431499744,10.43953909094822,106.74259060970768,10.854211396475144,22.8573879970224,26.220128,48PXS,35.100317,3.146371
2024-06-18_03-35-24,103.78931883184772,9.860327503074863,104.17725512940856,10.854464395757088,25.3448287504925,28.252003,48PUS,17.589398,10.778593
2024-06-18_03-35-18,104.99972536932816,9.861014510703738,106.00427689411958,10.855571229031138,23.8862399880222,28.666493,48PWS,45.035431,13.009337
2024-06-25_03-25-34,106.10603204564808,8.953454850958392,106.91356853559611,9.948873618654376,25.9181256589903,28.862968,48PXR,7.083964,11.935592
2024-06-13_03-35-21,104.99972536932816,9.861014510703738,106.00406258721354,10.855571229031138,23.5718011028848,30.881885,48PWS,48.669901,9.161723
2024-06-18_03-35-47,104.999726884972,8.052450962132822,105.99876650307654,9.046833369621034,24.8928570499029,31.158361,48PWQ,1.822668,6.296157
2024-06-18_03-35-32,104.99972617172784,8.9570263808174,106.00139103412452,9.951498048371398,24.3786184678608,32.213077,48PWR,21.394086,6.305274
2024-06-28_03-35-25,103.78658125727384,9.8603177024367,104.17725512940856,10.854464395757088,25.7063139239355,32.793933,48PUS,13.916789,17.167409
2024-06-18_03-34-59,105.91454112647963,10.762286513045504,106.92510452852471,11.758657843410626,22.686665528252,32.932809,48PXT,42.199418,4.762762
2024-06-13_03-35-39,104.087272727106,8.95725437122164,105.0889503905584,9.9514972213457,24.7733092173458,33.022249,48PVR,3.800837,16.828571
2024-06-13_03-35-53,104.08966492388936,8.052655568438503,105.0887172101058,9.04683266589854,25.2717039175279,33.912429,48PVQ,1.906039,8.272246
2024-06-30_03-25-34,106.10876039899794,8.953454850958392,106.91356853559611,9.948864902693431,26.0148326391135,33.979574,48PXR,3.500598,19.305347
2024-06-08_03-35-47,104.999726884972,8.052450962132822,105.99876650307654,9.046833369621034,24.1996518515509,34.174272,48PWQ,1.175772,17.916898
2024-06-18_03-35-14,105.91193437545276,9.859056180572798,106.75354678202524,10.854211396475144,23.1723941741092,36.918119,48PXS,34.313315,4.913769
2024-06-08_03-35-50,104.08966492388936,8.052655568438503,105.0887172101058,9.04683266589854,24.898057955314,38.290665,48PVQ,2.050809,27.17199
2024-06-03_03-35-22,104.08464228812768,9.861265852254354,105.08920676455372,10.855570332213132,23.5037434937372,38.347772,48PVS,18.961118,18.732207
2024-06-18_03-35-06,104.08343918266011,10.76577099881297,105.08948704583928,11.760133248704356,24.1563969263218,38.926357,48PVT,27.906203,29.954112
2024-06-18_03-35-38,103.59001894725216,8.95568891746907,104.17938983366636,9.950485237113282,25.8072421696865,39.167219,48PUR,0.052921,9.996557
2024-06-28_03-35-22,104.08464228812768,9.861265852254354,105.08920676455372,10.855570332213132,24.9650696680442,42.532146,48PVS,10.285991,14.126204
2024-06-18_03-35-35,104.087272727106,8.95725437122164,105.0889503905584,9.9514972213457,25.0879964884242,43.184641,48PVR,2.799138,12.35467
2024-06-28_03-35-07,104.08350759200457,10.76577099881297,105.08948704583928,11.760133221363992,24.5224367794617,46.277913,48PVT,25.751776,18.397826
2024-06-08_03-35-07,104.08344600587046,10.76577099881297,105.08948704583928,11.76013324885495,23.4897199502062,47.505397,48PVT,19.644693,24.187893
2024-06-03_03-35-01,105.91454112647963,10.762308986329566,106.92510452852471,11.758657843410626,21.5736880041853,47.802302,48PXT,35.203904,25.571176
2024-06-18_03-35-50,104.08966492388936,8.052655568438503,105.0887172101058,9.04683266589854,25.5869838978653,48.257121,48PVQ,1.259963,15.872867
2024-06-08_03-35-36,104.087272727106,8.95725437122164,105.0889503905584,9.9514972213457,24.4055078885267,48.508006,48PVR,2.194542,19.128489
2024-07-18_03-35-47,104.999726884972,8.052450962132822,105.99876650307654,9.046833369621034,24.6717288417369,11.988398,48PWQ,2.518757,5.546126
2024-07-05_03-25-34,106.10712325681472,8.953454850958392,106.91356853559611,9.948873618654376,26.0184146069994,17.7784,48PXR,4.228392,0.25684
2024-07-18_03-35-51,104.08966492388936,8.052655568438503,105.0887172101058,9.04683266589854,25.4234756307395,19.79681,48PVQ,3.833073,16.290802
2024-07-08_03-35-50,104.08966492388936,8.052655568438503,105.0887172101058,9.04683266589854,25.8675699618591,21.548867,48PVQ,2.225606,10.212056
2024-07-30_03-25-31,106.18074947646396,9.146911174751608,106.91356853559611,9.948858395471795,24.7493618186275,30.974662,48PXR,6.256487,4.959402
2024-07-23_03-35-43,104.08966492388936,8.667289124444745,105.0887172101058,9.046832673432862,25.0749846096096,38.90129,48PVQ,1.653907,19.908111
2024-07-23_03-35-37,103.59817873920564,8.955818298324266,104.17938983366636,9.950485237113282,25.4823282510537,39.815649,48PUR,4.2e-05,10.608907
2024-07-06_03-45-20,103.17035103578527,9.85756950139428,104.1754179473686,10.854464395757088,23.6937604356094,45.379481,48PUS,11.711107,22.495796
2024-08-10_03-45-35,103.17560615147838,8.953902438142253,104.0250646088612,9.950076765084026,21.5864026766163,1.358053,48PUR,0.154643,0.04958
2024-08-10_03-45-20,103.17035112378667,9.85756950139428,104.1753376116519,10.854464395757088,21.3817365569148,13.130544,48PUS,13.20865,0.122364
2024-08-19_03-25-30,106.1191300320877,8.953454850958392,106.91356853559611,9.94882349179066,22.8964950462671,15.209831,48PXR,4.648977,2.097381
2024-08-15_03-45-18,103.17035103578527,9.85756950139428,104.17548498250468,10.854464395757088,20.9355016818436,20.182918,48PUS,10.441439,2.931772
2024-08-02_03-35-06,104.08349394557824,10.76577099881297,105.08948704583928,11.76013322798418,23.3377281754536,26.880205,48PVT,50.998092,17.157252
2024-08-09_03-25-32,106.11694900712128,8.953454850958392,106.91356853559611,9.948830046936456,23.836548107889,28.200346,48PXR,4.01258,0.366134
2024-08-07_03-35-07,104.08357936868413,10.76577099881297,105.08948704583928,11.760133226116162,22.9559952467891,29.879448,48PVT,44.723994,7.755411
2024-08-15_03-45-32,103.17560623948354,8.953902438142253,104.03765184691538,9.950113225120168,21.0777423462698,30.240032,48PUR,0.008704,12.756354
2024-08-07_03-35-04,104.99972447777296,10.765496068187831,106.00743126841935,11.760133988205896,22.100107494176,34.139645,48PWT,33.417198,0.773766
2024-08-19_03-25-16,106.31790684007854,9.857075849513782,106.9190801917226,10.851734855473683,22.8101986165744,35.940224,48PXS,23.15354,10.065243
2024-08-12_03-35-46,104.999726884972,8.052450962132822,105.99876650307654,9.046833369621034,22.2506570180022,36.289969,48PWQ,0.290865,5.10203
2024-08-22_03-35-01,104.08365779139446,10.76577099881297,105.08948704583928,11.760133241996302,21.9242573153674,37.479547,48PVT,39.136145,8.823609
2024-08-30_03-45-26,103.17560615147838,9.725279523490515,104.02451437495996,9.950075188077504,19.8206308174562,37.745807,48PUR,0.046022,10.150947
2024-08-12_03-35-37,103.59493360364054,8.95570763655247,104.17938983366636,9.950485237113282,23.7456696070493,40.169293,48PUR,2.8e-05,7.601538
2024-08-30_03-45-33,103.17560579945784,8.953902438142253,104.01190990200485,9.949413477822382,19.8206308174561,41.566649,48PUR,0.052458,19.471464
2024-08-14_03-25-20,106.30258830385525,9.857075849513782,106.9190801917226,10.85180851989022,23.1940116447425,43.244553,48PXS,21.057372,7.141516
2024-08-04_03-25-18,106.31407617724696,9.857075849513782,106.9190801917226,10.85175133359274,24.0520446823696,46.394828,48PXS,15.26466,2.95792
2024-08-12_03-35-28,105.90956829950066,8.95599041753695,106.55428918381033,9.950253775617009,21.1866226088564,47.325546,48PXR,12.759258,1.465318
2024-08-12_03-35-34,104.087272727106,8.95725437122164,105.0889503905584,9.9514972213457,22.8905129439813,47.329578,48PVR,4.910826,29.462662
2024-08-27_03-35-28,105.90956829950066,8.956015117918245,106.54717585692286,9.950253775617009,19.8024290492868,48.373193,48PXR,18.107773,1.052346
2024-08-07_03-35-14,105.91193437545276,9.859047921895357,106.75466200296664,10.854211396475144,21.4613039640552,48.994035,48PXS,29.429927,0.092909
2024-08-02_03-35-03,104.99972447777296,10.765496068187831,106.00743126841935,11.760133988205896,22.4972152162052,49.812925,48PWT,23.957445,10.995992
2024-09-28_03-25-33,106.09839176454028,8.953454850958392,106.91356853559611,9.94890383105996,22.9431874773106,14.993931,48PXR,4.247386,4.679779
2024-09-29_03-45-17,103.17035112378667,9.85756950139428,104.17531677402856,10.854464395757088,21.7468837176952,22.308648,48PUS,14.915894,6.198908
2024-09-13_03-25-31,106.10439465718107,8.953454850958392,106.91356853559611,9.948882234722392,21.8178864295119,28.279337,48PXR,1.997847,4.927469
2024-09-08_03-25-31,106.1076718701735,8.953454850958392,106.91356853559611,9.948867124533525,21.7831319349621,29.407492,48PXR,0.063387,7.05404
2024-09-29_03-45-31,103.17560615147838,8.953902438142253,104.02287626391372,9.950070356193368,21.1802449209848,34.763792,48PUR,0.047998,3.177448
2024-09-26_03-35-00,104.99972447777296,10.765496068187831,106.00743126841935,11.760133988205896,22.3847633281764,37.893,48PWT,31.3575,8.370208
2024-09-28_03-25-18,106.29766306311528,9.857075849513782,106.9190801917226,10.851835577513269,23.4490360386313,45.230451,48PXS,18.851879,13.127328
2024-09-23_03-25-28,106.1147632513249,8.953454850958392,106.91356853559611,9.948840976326014,22.4086325729936,46.1889,48PXR,0.069935,13.047387
2024-09-28_03-25-04,106.49723390833452,10.761188228150424,106.92510452852471,11.754970156243688,23.976847311082,49.862257,48PXT,26.531392,0.0
2024-10-09_03-45-19,103.17202492198074,9.857569125640277,104.1181750284305,10.57109756439594,23.7059901278944,11.738345,48PUS,4.197167,3.058532
2024-10-24_03-45-16,103.17035103578527,9.85756950139428,104.17539134613286,10.854464395757088,27.3746583319765,11.825632,48PUS,15.134107,3.486073
2024-10-13_03-25-30,106.11094294760626,8.95345441203216,106.91282357153744,9.922294175680618,25.523838159253,13.609612,48PXR,3.563884,0.132461
2024-10-13_03-25-15,106.30970252201269,9.857075849513782,106.9190801917226,10.851775889558771,26.181116719908,15.498358,48PXS,33.299571,1.194057
2024-10-31_03-35-18,104.08464228812768,9.861265852254354,105.08920676455372,10.855570332213132,30.0968546262538,16.483548,48PVS,26.223958,10.324372
2024-10-31_03-35-26,105.90956829950066,8.956030430387717,106.543163223505,9.950253775617009,28.3112352716281,17.859563,48PXR,22.500454,3.419193
2024-10-31_03-35-04,104.0833292138227,10.76577099881297,105.08948704583928,11.76013323780921,30.8721328708803,18.184145,48PVT,59.928256,8.03706
2024-10-13_03-25-23,106.28630381035688,9.640486145516595,106.91356853559611,9.94885419217583,25.5238381592531,20.767453,48PXR,14.18428,0.0
2024-10-09_03-45-12,103.17035103578527,10.156237488438403,104.17541839072258,10.854464395757088,23.7059901278946,22.824076,48PUS,19.522914,6.148796
2024-10-24_03-45-31,103.17560579945784,8.953902438142253,104.02925981522,9.950088977399242,26.6100888223168,22.915372,48PUR,0.082101,15.241945
2024-10-31_03-35-36,103.5840167701847,8.955666001654325,104.17938983366636,9.950485237113282,29.8612478071597,24.587622,48PUR,0.0,16.906455
2024-10-01_03-35-25,104.08627474247172,9.86126565666678,105.08899410077971,10.302992194461115,23.346427247328,25.125378,48PVS,1.586785,7.831903
2024-10-31_03-35-22,103.78330251902251,9.860306468048314,104.17725512940856,10.854464395757088,30.6188720392615,26.352796,48PUS,25.298163,12.955071
2024-10-21_03-35-47,104.08966492388936,8.052655568438503,105.0887172101058,9.04683266589854,26.1372737670051,27.000043,48PVQ,3.79528,3.98207
2024-10-21_03-35-18,104.08464228812768,9.861265852254354,105.08920676455372,10.855570332213132,27.5768341114171,27.736366,48PVS,19.466615,13.013384
2024-10-31_03-35-44,104.999726884972,8.052450962132822,105.99876650307654,9.046833369621034,28.0391646133853,28.871933,48PWQ,1.472397,16.150513
2024-10-01_03-35-03,104.99972447777296,10.765496068187831,106.00743126841935,11.760133988205896,23.2185514448468,31.924406,48PWT,36.300969,13.251974
2024-10-31_03-35-33,104.087272727106,8.95725437122164,105.0889503905584,9.9514972213457,29.3286537427575,32.272241,48PVR,4.522583,17.055099
2024-10-01_03-35-46,104.999726884972,8.052450962132822,105.99876650307654,9.046833369621034,21.4993187220251,32.574466,48PWQ,0.734331,21.781762
2024-10-31_03-35-01,104.99972447777296,10.765496068187831,106.00743126841935,11.760133988205896,30.3753858970642,34.275085,48PWT,30.697772,1.488963
2024-10-21_03-35-33,104.087272727106,8.95725437122164,105.0889503905584,9.9514972213457,26.852111285571,35.014167,48PVR,5.417378,5.64587
2024-10-01_03-35-35,104.087272727106,8.95725437122164,105.0889503905584,9.9514972213457,22.7878914193898,35.407007,48PVR,3.737207,15.327232
2024-10-01_03-35-06,104.08334986066474,10.765771015142654,105.08948704583928,11.76013321455153,23.9252306868803,35.41691,48PVT,44.21289,10.565288
2024-10-01_03-35-19,104.08464228812768,9.93068643479008,105.08920676455372,10.855570384677316,23.3464272473279,35.605842,48PVS,24.531569,13.790046
2024-10-31_03-35-15,104.99972536932816,9.861014510703738,106.00427689411958,10.855571229031138,29.5901560105859,37.513435,48PWS,23.850253,7.384
2024-10-01_03-34-59,105.91454112647963,10.762310003735628,106.92510452852471,11.758657843410626,22.5240153051757,37.798354,48PXT,35.254624,3.422219
2024-10-16_03-35-11,105.91193437545276,9.859061081551149,106.7513574842257,10.854211396475144,25.1966459564658,37.819296,48PXS,39.498064,17.95537
2024-10-21_03-35-29,104.99972617172784,8.9570263808174,106.00139103412452,9.951498048371398,26.2747061024413,37.860018,48PWR,19.256137,9.455542
2024-10-01_03-35-27,103.78111007700868,9.860297948152336,104.17725512940856,10.338129549353448,24.0777237962889,38.544807,48PUS,2.919287,5.13608
2024-10-01_03-35-49,104.08966492388936,8.052655568438503,105.0887172101058,9.04683266589854,22.2504738179894,39.867386,48PVQ,2.244482,26.880449
2024-10-26_03-35-19,104.08464228812768,9.861265852254354,105.08920676455372,10.855570332213132,28.8217887642058,40.276042,48PVS,15.017541,36.925808
2024-10-21_03-35-21,103.78767742992568,9.860321625193215,104.17725512940856,10.854464395757088,28.1567898887748,40.733096,48PUS,11.481024,4.841128
2024-10-21_03-35-00,104.99972447777296,10.765496068187831,106.00743126841935,11.760133988205896,27.7582397771751,40.930453,48PWT,33.151308,16.307767
2024-10-31_03-35-30,104.99972617172784,8.9570263808174,106.00139103412452,9.951498048371398,28.8115390880528,41.07728,48PWR,16.312185,15.417285
2024-10-21_03-35-44,104.999726884972,8.052450962132822,105.99876650307654,9.046833369621034,25.5469658983684,41.214114,48PWQ,2.422806,4.583648
2024-10-21_03-35-15,104.99972536932816,9.861014510703738,106.00427689411958,10.855571229031138,27.0117766601327,41.707698,48PWS,23.699248,9.728093
2024-10-19_03-45-32,103.17560615147838,8.953902438142253,104.02287732681071,9.950070356193368,25.3446329191894,42.145276,48PUR,0.082982,11.437422
2024-10-21_03-35-26,105.90956829950066,8.956015117918245,106.54717585692286,9.950253775617009,25.7137358732827,42.41893,48PXR,16.767812,1.145211
2024-10-31_03-34-57,105.91454112647963,10.7622926887132,106.92510452852471,11.758657843410626,29.8950010854352,44.428852,48PXT,30.65497,1.399386
2024-10-11_03-34-55,105.91454112647963,10.76221370942072,106.92510452852471,11.758657843410626,24.704794789325,46.277991,48PXT,41.498965,16.227701
2024-10-04_03-45-32,103.17560615147838,8.953902438142253,104.02780146135244,9.950084668532345,22.0312751759382,49.002668,48PUR,0.000744,11.36025
2024-10-01_03-35-21,103.8484254136924,10.113630683077211,104.17662139247363,10.854464395757088,24.0777237962889,49.616301,48PUS,18.574841,2.726837
2024-11-13_03-45-30,103.17560615147838,8.953902438142253,104.03363718291564,9.950101604279244,31.7438440474247,5.791174,48PUR,0.125163,2.246792
2024-11-22_03-25-02,106.49998056079023,10.761188228150424,106.92510452852471,11.754950261550803,36.5391460260478,11.525901,48PXT,56.963503,7.23864
2024-11-13_03-45-15,103.17035112378667,9.857569570335816,104.17543240070874,10.854464395757088,32.5612399300328,19.750194,48PUS,9.42656,6.934236
2024-11-22_03-25-16,106.30039889407963,9.857075849513782,106.9190801917226,10.85181930632792,35.7344655547607,20.421898,48PXS,43.173549,15.648477
2024-11-17_03-25-16,106.30641668460429,9.857075849513782,106.9190801917226,10.851794912161768,34.6349298546124,22.417277,48PXS,32.711846,7.161985
2024-11-28_03-45-32,103.17560615147838,8.953902438142253,104.01959239381873,9.950060710196226,35.0237205322799,27.063024,48PUR,0.13037,15.106802
2024-11-05_03-35-17,103.80135739203897,9.860371124406882,104.17725512940856,10.854464395757088,31.8807533472888,27.398771,48PUS,11.623276,1.432151
2024-11-15_03-35-18,103.79752561064744,9.86035683744736,104.17725530675244,10.854464395757088,34.2994641691023,27.403668,48PUS,16.208531,9.241404
2024-11-15_03-35-29,104.087272727106,8.95725437122164,105.0889503905584,9.9514972213457,33.0302465471648,27.505887,48PVR,4.19547,13.465881
2024-11-10_03-34-58,104.99972447777296,10.765496068187831,106.00743126841935,11.760133988205896,32.9678693947066,28.836474,48PWT,37.220019,6.207916
2024-11-15_03-35-32,103.59819957727376,8.955718729386636,104.17938983366636,9.950485237113282,33.5056439628678,29.357731,48PUR,0.012093,23.494548
2024-11-05_03-34-56,104.99972447777296,10.765496068187831,106.00743126841935,11.760133988205896,31.6945983024868,30.711704,48PWT,36.548468,2.98574
2024-11-20_03-35-21,103.7887798011393,9.86032686292401,104.17725512940856,10.854464395757088,35.4204862241524,31.581628,48PUS,15.85239,7.723574
2024-11-15_03-35-44,104.08966492388936,8.052655568438503,105.0887172101058,9.04683266589854,32.2322035692604,33.844796,48PVQ,2.255938,23.64679
2024-11-30_03-35-03,104.08343918266011,10.76577099881297,105.08948704583928,11.760133245509548,37.7957883505414,34.33066,48PVT,37.500456,25.446609
2024-11-10_03-35-09,105.91193437545276,9.859018916174437,106.76122744855114,10.854211396475144,31.709797237225,34.532255,48PXS,36.250401,6.158911
2024-11-15_03-35-14,104.08464228812768,9.861265852254354,105.08920676455372,10.855570332213132,33.8325453396336,34.767565,48PVS,12.502368,4.175825
2024-11-10_03-35-24,105.90956829950066,8.955994946139498,106.55264765344327,9.950253775617009,30.898266152323,35.980055,48PXR,19.216514,9.427089
2024-11-20_03-35-18,104.08464228812768,9.861265852254354,105.08920676455372,10.855570332213132,34.9641691583981,37.787408,48PVS,16.366896,6.670983
2024-11-10_03-35-13,104.99972536932816,9.861014510703738,106.00427689411958,10.855571229031138,32.1599200103699,38.86407,48PWS,27.332735,5.330132
2024-11-30_03-35-00,104.99972447777296,10.765496068187831,106.00743126841935,11.760133988205896,37.3693203396416,40.636644,48PWT,25.357282,2.823199
2024-11-20_03-35-03,104.08349394557824,10.76577099881297,105.08948704583928,11.760133219819286,35.7767678619201,41.576117,48PVT,38.406089,23.564944
2024-11-03_03-45-15,103.17035103578527,9.85756950139428,104.17541360249976,10.854464395757088,30.0131362219765,41.973454,48PUS,7.319289,4.858857
2024-11-05_03-35-29,104.087272727106,8.95725437122164,105.0889503905584,9.9514972213457,30.5982711945944,42.892754,48PVR,2.440529,6.560559
2024-11-17_03-25-31,106.10657778504309,8.953454850958392,106.91356853559611,9.948869262857286,33.8398593343271,43.296236,48PXR,6.785213,33.659878
2024-11-18_03-45-15,103.17035112378667,9.85756950139428,104.17538841999723,10.854464395757088,33.7486995393127,43.546823,48PUS,6.424658,40.188298
2024-11-28_03-45-18,103.17035112378667,9.85756950139428,104.17528236978912,10.854464395757088,35.852108518128,44.226152,48PUS,8.470409,21.796936
2024-11-18_03-45-29,103.17560615147838,8.953902438142253,104.02944228768436,9.950089451204091,32.9257076898902,44.376609,48PUR,0.065139,34.246457
2024-11-05_03-35-22,105.90956829950066,8.955983655066754,106.5564779405794,9.950253775617009,29.6267136969661,44.66773,48PXR,16.167003,10.917202
2024-11-10_03-35-16,104.08464228812768,9.861265852254354,105.08920676455372,10.855570332213132,32.6260892953027,44.677672,48PVS,19.16711,9.678534
2024-11-05_03-34-53,105.91454112647963,10.762221987868362,106.92510452852471,11.758657843410626,31.2353130170807,44.765145,48PXT,33.236542,7.904348
2024-11-05_03-35-14,104.08464228812768,9.861265852254354,105.08920676455372,10.855570332213132,31.3810453283221,45.657182,48PVS,10.431266,6.988458
2024-11-22_03-25-31,106.10112350995692,8.953454850958392,106.91356853559611,9.948893046538014,34.9341603004359,46.35312,48PXR,7.753519,45.753413
2024-11-20_03-35-32,104.087272727106,8.95725437122164,105.0889503905584,9.9514972213457,34.1560389495161,47.825179,48PVR,4.31901,24.691567
2024-11-10_03-35-02,104.08359310373191,10.765771015142654,105.08948704583928,11.760133222499247,33.4256128432142,48.570663,48PVT,27.948081,6.144737
2024-11-20_03-35-14,104.99972536932816,9.861014510703738,106.00427689411958,10.855571229031138,34.5220871959688,48.784971,48PWS,17.546561,11.4183
2024-11-07_03-25-12,106.31681474401172,9.857075849513782,106.9190801917226,10.851734855473683,32.2525316702184,49.799031,48PXS,21.742475,16.187739
2024-12-18_03-45-17,103.17035112378667,9.857569570335816,104.17539471562246,10.854464332735972,38.6077155390508,13.993904,48PUS,19.639191,13.91554
2024-12-23_03-45-17,103.17035112378667,9.85756950139428,104.1754034053591,10.854464395757088,38.9303152864846,17.005703,48PUS,15.615493,15.247139
2024-12-20_03-34-56,105.91454112647963,10.762243547449042,106.92510452852471,11.758657843410626,39.4727746571329,24.386743,48PXT,51.99241,15.41349
2024-12-20_03-35-00,104.99972447777296,10.765496068187831,106.00743126841935,11.760133988205896,39.9053870053787,24.536625,48PWT,42.317832,19.913782
2024-12-23_03-45-31,103.17560615147838,8.953902438142253,104.03108685369308,9.950094224077407,38.1146885398862,25.168207,48PUR,0.069047,9.952267
2024-12-20_03-35-14,104.08464228812768,10.1936090200978,105.08920676455372,10.855570384677316,39.5423524244332,25.879276,48PVS,39.953932,25.415945
2024-12-20_03-35-03,104.08358964781654,10.76577099881297,105.08948704583928,11.760133225984184,40.350414735583,33.896214,48PVT,30.089822,25.480741
2024-12-20_03-35-13,104.99972536932816,9.979128505793398,106.00427689411958,10.855571229031138,39.0909905064912,36.324844,48PWS,41.184807,24.065293
2024-12-20_03-35-21,104.08552116331812,9.86126565666678,105.08906707011396,10.56122601309413,39.5423524244331,42.251495,48PVS,15.436457,41.519555
2024-12-20_03-35-16,103.9149427784392,10.372091468786955,104.17595440668364,10.854464395757088,40.0055510619536,44.163629,48PUS,26.520208,36.473113
2024-12-20_03-35-23,103.79205274814927,9.860338519419791,104.17725512940856,10.584681043991104,40.0055510619536,49.704212,48PUS,5.809386,32.583207
