province,date,precipitation
Soc Trang,2019-01-01,8.083463394358027
Soc Trang,2019-01-02,7.31312430875851
Soc Trang,2019-01-03,2.1285733465557914
Soc Trang,2019-01-04,0.3991260002439038
Soc Trang,2019-01-05,0
Soc Trang,2019-01-06,0
Soc Trang,2019-01-07,0
Soc Trang,2019-01-08,0
Soc Trang,2019-01-09,0
Soc Trang,2019-01-10,0
Soc Trang,2019-01-11,0
Soc Trang,2019-01-12,0
Soc Trang,2019-01-13,0
Soc Trang,2019-01-14,0
Soc Trang,2019-01-15,0.06803541904681983
Soc Trang,2019-01-16,0
Soc Trang,2019-01-17,0.06944819543472289
Soc Trang,2019-01-18,0
Soc Trang,2019-01-19,0
Soc Trang,2019-01-20,0
Soc Trang,2019-01-21,0
Soc Trang,2019-01-22,0
Soc Trang,2019-01-23,2.608901449335103
Soc Trang,2019-01-24,0
Soc Trang,2019-01-25,0
Soc Trang,2019-01-26,0
Soc Trang,2019-01-27,0
Soc Trang,2019-01-28,0
Soc Trang,2019-01-29,0
Soc Trang,2019-01-30,0
Soc Trang,2019-01-31,0
Soc Trang,2019-02-01,0
Soc Trang,2019-02-02,0
Soc Trang,2019-02-03,0
Soc Trang,2019-02-04,0
Soc Trang,2019-02-05,0
Soc Trang,2019-02-06,0
Soc Trang,2019-02-07,0
Soc Trang,2019-02-08,0
Soc Trang,2019-02-09,0
Soc Trang,2019-02-10,0.2755895593380521
Soc Trang,2019-02-11,0.014853766427131987
Soc Trang,2019-02-12,0
Soc Trang,2019-02-13,0
Soc Trang,2019-02-14,0
Soc Trang,2019-02-15,0
Soc Trang,2019-02-16,0
Soc Trang,2019-02-17,0
Soc Trang,2019-02-18,0
Soc Trang,2019-02-19,0
Soc Trang,2019-02-20,0.5929163462930948
Soc Trang,2019-02-21,0
Soc Trang,2019-02-22,1.132344960659758
Soc Trang,2019-02-23,0
Soc Trang,2019-02-24,0
Soc Trang,2019-02-25,0
Soc Trang,2019-02-26,0.04996765073508748
Soc Trang,2019-02-27,0
Soc Trang,2019-02-28,0
Soc Trang,2019-03-01,2.103325639419536
Soc Trang,2019-03-02,0
Soc Trang,2019-03-03,0
Soc Trang,2019-03-04,0
Soc Trang,2019-03-05,0
Soc Trang,2019-03-06,0
Soc Trang,2019-03-07,0
Soc Trang,2019-03-08,0
Soc Trang,2019-03-09,1.7685695222934672
Soc Trang,2019-03-10,0
Soc Trang,2019-03-11,0
Soc Trang,2019-03-12,0
Soc Trang,2019-03-13,0
Soc Trang,2019-03-14,0
Soc Trang,2019-03-15,0.034148033196721946
Soc Trang,2019-03-16,0
Soc Trang,2019-03-17,0
Soc Trang,2019-03-18,0
Soc Trang,2019-03-19,0
Soc Trang,2019-03-20,0
Soc Trang,2019-03-21,0.022037666640820505
Soc Trang,2019-03-22,0
Soc Trang,2019-03-23,0.4511166028637211
Soc Trang,2019-03-24,0.07895962831242131
Soc Trang,2019-03-25,0
Soc Trang,2019-03-26,0.1970780181018647
Soc Trang,2019-03-27,0
Soc Trang,2019-03-28,0
Soc Trang,2019-03-29,0
Soc Trang,2019-03-30,0.2098024253580938
Soc Trang,2019-03-31,0
Soc Trang,2019-04-01,0.5572986868170828
Soc Trang,2019-04-02,0
Soc Trang,2019-04-03,0
Soc Trang,2019-04-04,0.9912671489585657
Soc Trang,2019-04-05,0
Soc Trang,2019-04-06,0
Soc Trang,2019-04-07,0
Soc Trang,2019-04-08,0
Soc Trang,2019-04-09,0
Soc Trang,2019-04-10,0
Soc Trang,2019-04-11,0
Soc Trang,2019-04-12,0.027019125685020313
Soc Trang,2019-04-13,0
Soc Trang,2019-04-14,0
Soc Trang,2019-04-15,0
Soc Trang,2019-04-16,0
Soc Trang,2019-04-17,0
Soc Trang,2019-04-18,0
Soc Trang,2019-04-19,0
Soc Trang,2019-04-20,0.0213331769243791
Soc Trang,2019-04-21,0.0009888522185763444
Soc Trang,2019-04-22,0
Soc Trang,2019-04-23,2.4458288212604513
Soc Trang,2019-04-24,0.0227297370000716
Soc Trang,2019-04-25,0.10729469775522128
Soc Trang,2019-04-26,0
Soc Trang,2019-04-27,6.090001535893124
Soc Trang,2019-04-28,16.47663554067057
Soc Trang,2019-04-29,0
Soc Trang,2019-04-30,2.391058752282351
Soc Trang,2019-05-01,0.0533960541808828
Soc Trang,2019-05-02,23.606645982437726
Soc Trang,2019-05-03,2.7582281442129095
Soc Trang,2019-05-04,1.6747290756230915
Soc Trang,2019-05-05,4.000812478647622
Soc Trang,2019-05-06,4.566112785412365
Soc Trang,2019-05-07,5.866465439436675
Soc Trang,2019-05-08,3.2904733667872232
Soc Trang,2019-05-09,10.632615452068968
Soc Trang,2019-05-10,11.004027628847263
Soc Trang,2019-05-11,8.638899066502761
Soc Trang,2019-05-12,11.644897467669352
Soc Trang,2019-05-13,1.9170235102283681
Soc Trang,2019-05-14,1.9584364141665327
Soc Trang,2019-05-15,0.29093065147052344
Soc Trang,2019-05-16,0.44599033202920685
Soc Trang,2019-05-17,1.8339200289804487
Soc Trang,2019-05-18,17.266451354756057
Soc Trang,2019-05-19,1.0714881143504986
Soc Trang,2019-05-20,3.382297968527155
Soc Trang,2019-05-21,8.126275863887308
Soc Trang,2019-05-22,15.738553599899872
Soc Trang,2019-05-23,0.4202039985764448
Soc Trang,2019-05-24,0.7659348188293558
Soc Trang,2019-05-25,12.58931555092567
Soc Trang,2019-05-26,11.08876503311298
Soc Trang,2019-05-27,8.50114933738069
Soc Trang,2019-05-28,5.516066356234648
Soc Trang,2019-05-29,7.45939392073854
Soc Trang,2019-05-30,3.3558485065606116
Soc Trang,2019-05-31,0.18008084403224184
Soc Trang,2019-06-01,0
Soc Trang,2019-06-02,3.1530231784079468
Soc Trang,2019-06-03,17.28706352370801
Soc Trang,2019-06-04,9.85659719353235
Soc Trang,2019-06-05,12.593494393283237
Soc Trang,2019-06-06,15.530719507446376
Soc Trang,2019-06-07,5.120038613539091
Soc Trang,2019-06-08,10.547523396224895
Soc Trang,2019-06-09,18.095753386876098
Soc Trang,2019-06-10,17.646304888199776
Soc Trang,2019-06-11,7.59447003110446
Soc Trang,2019-06-12,12.289993051781106
Soc Trang,2019-06-13,10.471856772556094
Soc Trang,2019-06-14,7.601555089397578
Soc Trang,2019-06-15,7.375510996903875
Soc Trang,2019-06-16,26.76888527389649
Soc Trang,2019-06-17,2.3798814199783753
Soc Trang,2019-06-18,0
Soc Trang,2019-06-19,0.8268084874175068
Soc Trang,2019-06-20,25.019723896292668
Soc Trang,2019-06-21,21.477042604229766
Soc Trang,2019-06-22,18.133974846884705
Soc Trang,2019-06-23,1.9832037644759108
Soc Trang,2019-06-24,9.131694269283011
Soc Trang,2019-06-25,11.57510611087512
Soc Trang,2019-06-26,1.8634957688966702
Soc Trang,2019-06-27,0.22553245938128919
Soc Trang,2019-06-28,9.374595866836518
Soc Trang,2019-06-29,0.20325937183395895
Soc Trang,2019-06-30,7.256615894015818
Soc Trang,2019-07-01,7.871537617354007
Soc Trang,2019-07-02,33.2451262587877
Soc Trang,2019-07-03,12.972439659497526
Soc Trang,2019-07-04,13.856841355324514
Soc Trang,2019-07-05,10.614840213956967
Soc Trang,2019-07-06,1.8484888191241053
Soc Trang,2019-07-07,4.5922034623518515
Soc Trang,2019-07-08,1.3961961306299744
Soc Trang,2019-07-09,2.0160019293565394
Soc Trang,2019-07-10,0
Soc Trang,2019-07-11,4.416017302299758
Soc Trang,2019-07-12,0.07441517980133286
Soc Trang,2019-07-13,5.254999721356318
Soc Trang,2019-07-14,0.6569603143640826
Soc Trang,2019-07-15,6.663900128418307
Soc Trang,2019-07-16,13.215294916818422
Soc Trang,2019-07-17,7.965968642404415
Soc Trang,2019-07-18,6.537099512796112
Soc Trang,2019-07-19,1.3673451220454147
Soc Trang,2019-07-20,0.9828816830032729
Soc Trang,2019-07-21,0
Soc Trang,2019-07-22,11.226455572647074
Soc Trang,2019-07-23,8.871117406905498
Soc Trang,2019-07-24,19.158991503217223
Soc Trang,2019-07-25,5.514609645005258
Soc Trang,2019-07-26,0.1861333964818597
Soc Trang,2019-07-27,10.864325461151955
Soc Trang,2019-07-28,11.706651094872152
Soc Trang,2019-07-29,8.428378421838191
Soc Trang,2019-07-30,4.442032451893916
Soc Trang,2019-07-31,14.385538416593938
Soc Trang,2019-08-01,13.860863699765614
Soc Trang,2019-08-02,32.14227144636418
Soc Trang,2019-08-03,8.360752553165863
Soc Trang,2019-08-04,15.58579117661757
Soc Trang,2019-08-05,16.786288465576057
Soc Trang,2019-08-06,26.783695918977784
Soc Trang,2019-08-07,15.107930226772094
Soc Trang,2019-08-08,22.92140795031519
Soc Trang,2019-08-09,2.1474843306418463
Soc Trang,2019-08-10,0
Soc Trang,2019-08-11,0
Soc Trang,2019-08-12,0
Soc Trang,2019-08-13,0.3702645629666949
Soc Trang,2019-08-14,3.3858003873947773
Soc Trang,2019-08-15,1.9596674783603065
Soc Trang,2019-08-16,0.37123425381490516
Soc Trang,2019-08-17,0.12401063941775237
Soc Trang,2019-08-18,0
Soc Trang,2019-08-19,0
Soc Trang,2019-08-20,17.789710768458512
Soc Trang,2019-08-21,3.201077096640054
Soc Trang,2019-08-22,9.57786745459332
Soc Trang,2019-08-23,4.777941654980055
Soc Trang,2019-08-24,1.3266391502087667
Soc Trang,2019-08-25,28.701160271037143
Soc Trang,2019-08-26,5.152579182149397
Soc Trang,2019-08-27,0
Soc Trang,2019-08-28,27.35519767947114
Soc Trang,2019-08-29,36.522742988969306
Soc Trang,2019-08-30,6.136019579612066
Soc Trang,2019-08-31,3.1881672480459327
Soc Trang,2019-09-01,4.738266327289941
Soc Trang,2019-09-02,18.103753958105415
Soc Trang,2019-09-03,1.0378833667372926
Soc Trang,2019-09-04,18.354372814369686
Soc Trang,2019-09-05,1.0178300123480666
Soc Trang,2019-09-06,0
Soc Trang,2019-09-07,8.831117221173303
Soc Trang,2019-09-08,11.4979660690209
Soc Trang,2019-09-09,0.6001158691836423
Soc Trang,2019-09-10,0.5451200633829906
Soc Trang,2019-09-11,0.06974302360049196
Soc Trang,2019-09-12,0.3615190046883063
Soc Trang,2019-09-13,37.92864241324933
Soc Trang,2019-09-14,6.490148813391256
Soc Trang,2019-09-15,3.6195364668128196
Soc Trang,2019-09-16,22.174161934357084
Soc Trang,2019-09-17,24.35366392508995
Soc Trang,2019-09-18,11.791615781707998
Soc Trang,2019-09-19,0
Soc Trang,2019-09-20,3.2650865923576227
Soc Trang,2019-09-21,8.244549669597314
Soc Trang,2019-09-22,6.1257769401632665
Soc Trang,2019-09-23,0
Soc Trang,2019-09-24,0
Soc Trang,2019-09-25,0.27270628850493506
Soc Trang,2019-09-26,0.20618039746775008
Soc Trang,2019-09-27,2.305825985497491
Soc Trang,2019-09-28,0
Soc Trang,2019-09-29,0.00794015587531709
Soc Trang,2019-09-30,13.55070612528705
Soc Trang,2019-10-01,1.4659433281726328
Soc Trang,2019-10-02,5.681099056024703
Soc Trang,2019-10-03,15.29349555154198
Soc Trang,2019-10-04,10.765283588245195
Soc Trang,2019-10-05,18.68473314901666
Soc Trang,2019-10-06,19.031204062082267
Soc Trang,2019-10-07,4.45904165356111
Soc Trang,2019-10-08,4.666955546123252
Soc Trang,2019-10-09,9.151561586294838
Soc Trang,2019-10-10,2.269960404983075
Soc Trang,2019-10-11,2.0108655448175603
Soc Trang,2019-10-12,0.05208711978921015
Soc Trang,2019-10-13,3.1243626152240003
Soc Trang,2019-10-14,0.15897764552768703
Soc Trang,2019-10-15,0.492740327864842
Soc Trang,2019-10-16,4.116446269677933
Soc Trang,2019-10-17,0.9817077648155959
Soc Trang,2019-10-18,15.689891460777867
Soc Trang,2019-10-19,22.167601339044065
Soc Trang,2019-10-20,0.03448440917276522
Soc Trang,2019-10-21,0.5976772408286373
Soc Trang,2019-10-22,1.7911174712625533
Soc Trang,2019-10-23,0.10654544436127258
Soc Trang,2019-10-24,0
Soc Trang,2019-10-25,0
Soc Trang,2019-10-26,0
Soc Trang,2019-10-27,3.8816854725993326
Soc Trang,2019-10-28,11.011291174253738
Soc Trang,2019-10-29,0.5901416505376209
Soc Trang,2019-10-30,4.838645447797477
Soc Trang,2019-10-31,2.2298832089324807
Soc Trang,2019-11-01,10.131330123885709
Soc Trang,2019-11-02,6.3050362506526
Soc Trang,2019-11-03,20.12765484485803
Soc Trang,2019-11-04,3.679180893526301
Soc Trang,2019-11-05,4.110799872667706
Soc Trang,2019-11-06,28.74290360011966
Soc Trang,2019-11-07,2.7864157278115655
Soc Trang,2019-11-08,11.03191961986455
Soc Trang,2019-11-09,9.430674707874982
Soc Trang,2019-11-10,24.590374131443376
Soc Trang,2019-11-11,0.2730579371857146
Soc Trang,2019-11-12,0.5357657662490516
Soc Trang,2019-11-13,3.525164221817854
Soc Trang,2019-11-14,3.8526132373001434
Soc Trang,2019-11-15,0.07393771913315747
Soc Trang,2019-11-16,0
Soc Trang,2019-11-17,0
Soc Trang,2019-11-18,0
Soc Trang,2019-11-19,4.58238559164254
Soc Trang,2019-11-20,0
Soc Trang,2019-11-21,0
Soc Trang,2019-11-22,0
Soc Trang,2019-11-23,0.019185247053164243
Soc Trang,2019-11-24,0.36599585165652404
Soc Trang,2019-11-25,8.452489172613522
Soc Trang,2019-11-26,3.494212167174337
Soc Trang,2019-11-27,0.01738146061099727
Soc Trang,2019-11-28,0
Soc Trang,2019-11-29,0
Soc Trang,2019-11-30,0
Soc Trang,2019-12-01,0
Soc Trang,2019-12-02,3.874834924767997
Soc Trang,2019-12-03,0
Soc Trang,2019-12-04,0.044678226258193
Soc Trang,2019-12-05,0
Soc Trang,2019-12-06,0.10153091091933958
Soc Trang,2019-12-07,0.18230509256923783
Soc Trang,2019-12-08,0
Soc Trang,2019-12-09,0
Soc Trang,2019-12-10,0
Soc Trang,2019-12-11,0
Soc Trang,2019-12-12,1.2161120896484605
Soc Trang,2019-12-13,0
Soc Trang,2019-12-14,1.4421835407816839
Soc Trang,2019-12-15,0
Soc Trang,2019-12-16,0.12945415643733213
Soc Trang,2019-12-17,0
Soc Trang,2019-12-18,2.563097480290454
Soc Trang,2019-12-19,0
Soc Trang,2019-12-20,0
Soc Trang,2019-12-21,0
Soc Trang,2019-12-22,0
Soc Trang,2019-12-23,0
Soc Trang,2019-12-24,0.2517551741264416
Soc Trang,2019-12-25,0
Soc Trang,2019-12-26,0.6739992575032779
Soc Trang,2019-12-27,0.335092143892527
Soc Trang,2019-12-28,0
Soc Trang,2019-12-29,0
Soc Trang,2019-12-30,0.4274539748191445
Soc Trang,2019-12-31,2.250399247407844
Soc Trang,2020-01-01,0
Soc Trang,2020-01-02,0
Soc Trang,2020-01-03,0
Soc Trang,2020-01-04,0
Soc Trang,2020-01-05,0.22465742115314566
Soc Trang,2020-01-06,0
Soc Trang,2020-01-07,0
Soc Trang,2020-01-08,0
Soc Trang,2020-01-09,0
Soc Trang,2020-01-10,0
Soc Trang,2020-01-11,0.23727988534349287
Soc Trang,2020-01-12,0.06862078158841697
Soc Trang,2020-01-13,0
Soc Trang,2020-01-14,0
Soc Trang,2020-01-15,0
Soc Trang,2020-01-16,0
Soc Trang,2020-01-17,0.12913378657260333
Soc Trang,2020-01-18,0
Soc Trang,2020-01-19,0
Soc Trang,2020-01-20,0
Soc Trang,2020-01-21,0
Soc Trang,2020-01-22,0
Soc Trang,2020-01-23,0
Soc Trang,2020-01-24,0
Soc Trang,2020-01-25,0
Soc Trang,2020-01-26,0
Soc Trang,2020-01-27,0
Soc Trang,2020-01-28,0
Soc Trang,2020-01-29,0
Soc Trang,2020-01-30,0.28838406081332063
Soc Trang,2020-01-31,0
Soc Trang,2020-02-01,1.053237180587139
Soc Trang,2020-02-02,0
Soc Trang,2020-02-03,0.09795963025075034
Soc Trang,2020-02-04,0.03717489234780851
Soc Trang,2020-02-05,0
Soc Trang,2020-02-06,0
Soc Trang,2020-02-07,0
Soc Trang,2020-02-08,0.17410815599779872
Soc Trang,2020-02-09,0
Soc Trang,2020-02-10,0.017574111622898476
Soc Trang,2020-02-11,0
Soc Trang,2020-02-12,0
Soc Trang,2020-02-13,0
Soc Trang,2020-02-14,0
Soc Trang,2020-02-15,0
Soc Trang,2020-02-16,0
Soc Trang,2020-02-17,0.796145654712934
Soc Trang,2020-02-18,0
Soc Trang,2020-02-19,0
Soc Trang,2020-02-20,0
Soc Trang,2020-02-21,0
Soc Trang,2020-02-22,0
Soc Trang,2020-02-23,0
Soc Trang,2020-02-24,0
Soc Trang,2020-02-25,0
Soc Trang,2020-02-26,0
Soc Trang,2020-02-27,0.12940625608775894
Soc Trang,2020-02-28,0
Soc Trang,2020-02-29,0.14279385925262322
Soc Trang,2020-03-01,0
Soc Trang,2020-03-02,0.1915800709409903
Soc Trang,2020-03-03,0
Soc Trang,2020-03-04,0
Soc Trang,2020-03-05,4.156938283853053
Soc Trang,2020-03-06,0
Soc Trang,2020-03-07,0
Soc Trang,2020-03-08,0
Soc Trang,2020-03-09,0.14143367236170093
Soc Trang,2020-03-10,0.6929438385105927
Soc Trang,2020-03-11,3.0252944277739884
Soc Trang,2020-03-12,0
Soc Trang,2020-03-13,0
Soc Trang,2020-03-14,0
Soc Trang,2020-03-15,0
Soc Trang,2020-03-16,0
Soc Trang,2020-03-17,0.07483142555721177
Soc Trang,2020-03-18,0
Soc Trang,2020-03-19,0
Soc Trang,2020-03-20,0
Soc Trang,2020-03-21,0
Soc Trang,2020-03-22,0
Soc Trang,2020-03-23,0
Soc Trang,2020-03-24,0
Soc Trang,2020-03-25,0
Soc Trang,2020-03-26,0
Soc Trang,2020-03-27,0
Soc Trang,2020-03-28,0
Soc Trang,2020-03-29,0
Soc Trang,2020-03-30,0.4122580490963433
Soc Trang,2020-03-31,0
Soc Trang,2020-04-01,0
Soc Trang,2020-04-02,0
Soc Trang,2020-04-03,0
Soc Trang,2020-04-04,0
Soc Trang,2020-04-05,0
Soc Trang,2020-04-06,0
Soc Trang,2020-04-07,0
Soc Trang,2020-04-08,0
Soc Trang,2020-04-09,0
Soc Trang,2020-04-10,0
Soc Trang,2020-04-11,0
Soc Trang,2020-04-12,12.110952678559276
Soc Trang,2020-04-13,17.51770965813022
Soc Trang,2020-04-14,0.13377294793300804
Soc Trang,2020-04-15,0
Soc Trang,2020-04-16,0
Soc Trang,2020-04-17,0
Soc Trang,2020-04-18,0
Soc Trang,2020-04-19,0
Soc Trang,2020-04-20,0
Soc Trang,2020-04-21,0
Soc Trang,2020-04-22,0
Soc Trang,2020-04-23,0.025369002335061987
Soc Trang,2020-04-24,0.5734563672536325
Soc Trang,2020-04-25,0
Soc Trang,2020-04-26,1.4397581248682578
Soc Trang,2020-04-27,0.8493164075665282
Soc Trang,2020-04-28,0.4804813270762614
Soc Trang,2020-04-29,0
Soc Trang,2020-04-30,0.01579162786758813
Soc Trang,2020-05-01,0
Soc Trang,2020-05-02,0
Soc Trang,2020-05-03,0
Soc Trang,2020-05-04,0
Soc Trang,2020-05-05,0.4072864826673428
Soc Trang,2020-05-06,0.7142844059598205
Soc Trang,2020-05-07,0
Soc Trang,2020-05-08,0
Soc Trang,2020-05-09,0
Soc Trang,2020-05-10,0.06617153473725423
Soc Trang,2020-05-11,0.30811203488677874
Soc Trang,2020-05-12,2.4808600223570356
Soc Trang,2020-05-13,0
Soc Trang,2020-05-14,0.6557186430211381
Soc Trang,2020-05-15,0
Soc Trang,2020-05-16,6.45282159588241
Soc Trang,2020-05-17,4.225806701042437
Soc Trang,2020-05-18,1.186572982926665
Soc Trang,2020-05-19,11.673640283305991
Soc Trang,2020-05-20,8.960843548929068
Soc Trang,2020-05-21,2.3537560410026814
Soc Trang,2020-05-22,2.9165149119074223
Soc Trang,2020-05-23,10.866310031504112
Soc Trang,2020-05-24,7.198630121518064
Soc Trang,2020-05-25,1.1665201684657505
Soc Trang,2020-05-26,0.005432290047339485
Soc Trang,2020-05-27,2.0601670589076146
Soc Trang,2020-05-28,13.003492618957651
Soc Trang,2020-05-29,8.73663365719461
Soc Trang,2020-05-30,7.104186283540633
Soc Trang,2020-05-31,8.413718435146233
Soc Trang,2020-06-01,18.025752078392404
Soc Trang,2020-06-02,9.593991766974213
Soc Trang,2020-06-03,4.108066964150863
Soc Trang,2020-06-04,9.765178402623484
Soc Trang,2020-06-05,12.034439859675077
Soc Trang,2020-06-06,1.9889888274015202
Soc Trang,2020-06-07,1.50625259687343
Soc Trang,2020-06-08,6.688851571113606
Soc Trang,2020-06-09,11.281559935942752
Soc Trang,2020-06-10,13.867698125347324
Soc Trang,2020-06-11,4.609072884657181
Soc Trang,2020-06-12,13.62349000620871
Soc Trang,2020-06-13,28.94401290512907
Soc Trang,2020-06-14,25.99023045459185
Soc Trang,2020-06-15,10.39619566582687
Soc Trang,2020-06-16,10.36579547819092
Soc Trang,2020-06-17,4.613132384517817
Soc Trang,2020-06-18,9.202267457659229
Soc Trang,2020-06-19,13.192404100057537
Soc Trang,2020-06-20,21.246636171491403
Soc Trang,2020-06-21,5.892293287307645
Soc Trang,2020-06-22,1.1075644038043757
Soc Trang,2020-06-23,0.09616859278995638
Soc Trang,2020-06-24,5.175880010645607
Soc Trang,2020-06-25,7.664631419016092
Soc Trang,2020-06-26,8.62480979215046
Soc Trang,2020-06-27,11.752771920192336
Soc Trang,2020-06-28,22.641046049792397
Soc Trang,2020-06-29,12.829415533049472
Soc Trang,2020-06-30,13.099272527565336
Soc Trang,2020-07-01,3.577522460688547
Soc Trang,2020-07-02,24.193254373053723
Soc Trang,2020-07-03,4.568764447333086
Soc Trang,2020-07-04,0
Soc Trang,2020-07-05,10.451824268126314
Soc Trang,2020-07-06,10.699703467685492
Soc Trang,2020-07-07,0
Soc Trang,2020-07-08,5.9386691373656415
Soc Trang,2020-07-09,0.2734468874279247
Soc Trang,2020-07-10,8.77274212927718
Soc Trang,2020-07-11,6.915501210321304
Soc Trang,2020-07-12,7.193328997749746
Soc Trang,2020-07-13,7.466196111009611
Soc Trang,2020-07-14,11.215991775044433
Soc Trang,2020-07-15,12.710736827626318
Soc Trang,2020-07-16,1.3354989828659751
Soc Trang,2020-07-17,1.046968387019648
Soc Trang,2020-07-18,0.7839041920488868
Soc Trang,2020-07-19,0.9315971733723873
Soc Trang,2020-07-20,1.5001469117831057
Soc Trang,2020-07-21,3.5640475186506584
Soc Trang,2020-07-22,0.36404083595013814
Soc Trang,2020-07-23,6.2903607566552235
Soc Trang,2020-07-24,12.18325403626795
Soc Trang,2020-07-25,0.6584115077308721
Soc Trang,2020-07-26,0
Soc Trang,2020-07-27,1.2309081672532545
Soc Trang,2020-07-28,1.5511993283115608
Soc Trang,2020-07-29,16.88945160443995
Soc Trang,2020-07-30,20.32283028083872
Soc Trang,2020-07-31,24.920446014698552
Soc Trang,2020-08-01,24.324889638395188
Soc Trang,2020-08-02,29.71604879808667
Soc Trang,2020-08-03,15.710964799628254
Soc Trang,2020-08-04,0.25869553580636395
Soc Trang,2020-08-05,30.455358655487288
Soc Trang,2020-08-06,32.49183585878758
Soc Trang,2020-08-07,0
Soc Trang,2020-08-08,0.3308873675286912
Soc Trang,2020-08-09,6.485242166403682
Soc Trang,2020-08-10,0.1965757996293256
Soc Trang,2020-08-11,8.065073191838525
Soc Trang,2020-08-12,10.578321644228147
Soc Trang,2020-08-13,9.823920089325318
Soc Trang,2020-08-14,5.461628617150492
Soc Trang,2020-08-15,3.6725803105095647
Soc Trang,2020-08-16,9.85529163921019
Soc Trang,2020-08-17,8.303529152653926
Soc Trang,2020-08-18,13.67609793047359
Soc Trang,2020-08-19,11.01867496160188
Soc Trang,2020-08-20,7.361923797732843
Soc Trang,2020-08-21,3.4179393628177
Soc Trang,2020-08-22,2.1964518959907977
Soc Trang,2020-08-23,0.5897243260129711
Soc Trang,2020-08-24,0.28910998994954196
Soc Trang,2020-08-25,0.3133794897307879
Soc Trang,2020-08-26,1.314663036645357
Soc Trang,2020-08-27,0
Soc Trang,2020-08-28,2.174631737133132
Soc Trang,2020-08-29,9.105225585201968
Soc Trang,2020-08-30,0.9119697470197772
Soc Trang,2020-08-31,0.07862475193607978
Soc Trang,2020-09-01,4.400775596788322
Soc Trang,2020-09-02,12.391334285778834
Soc Trang,2020-09-03,0.7976694862411028
Soc Trang,2020-09-04,0
Soc Trang,2020-09-05,2.3365500184968737
Soc Trang,2020-09-06,6.378537690312618
Soc Trang,2020-09-07,0
Soc Trang,2020-09-08,3.0572426565494197
Soc Trang,2020-09-09,15.944033710408448
Soc Trang,2020-09-10,9.936544571377006
Soc Trang,2020-09-11,8.980621026795811
Soc Trang,2020-09-12,11.52391597975769
Soc Trang,2020-09-13,26.402832028362944
Soc Trang,2020-09-14,22.55474383543567
Soc Trang,2020-09-15,10.998226385132675
Soc Trang,2020-09-16,12.388749946959122
Soc Trang,2020-09-17,30.22018215426842
Soc Trang,2020-09-18,40.70556638176551
Soc Trang,2020-09-19,5.744666959858124
Soc Trang,2020-09-20,1.7836585247779317
Soc Trang,2020-09-21,0.1029112091259885
Soc Trang,2020-09-22,11.698178110532423
Soc Trang,2020-09-23,3.9543356859636103
Soc Trang,2020-09-24,7.1233144151933345
Soc Trang,2020-09-25,23.02099458001341
Soc Trang,2020-09-26,17.833740848181044
Soc Trang,2020-09-27,54.2007180511129
Soc Trang,2020-09-28,19.540702444422873
Soc Trang,2020-09-29,17.03366425645749
Soc Trang,2020-09-30,0
Soc Trang,2020-10-01,14.26580147551124
Soc Trang,2020-10-02,10.53778165609725
Soc Trang,2020-10-03,0.6494573676392524
Soc Trang,2020-10-04,14.955123971017558
Soc Trang,2020-10-05,25.533380607804425
Soc Trang,2020-10-06,16.586549625842558
Soc Trang,2020-10-07,3.5804109216090336
Soc Trang,2020-10-08,16.31399980643204
Soc Trang,2020-10-09,25.83161495553189
Soc Trang,2020-10-10,24.885819789506503
Soc Trang,2020-10-11,28.30055802586179
Soc Trang,2020-10-12,19.157389442031118
Soc Trang,2020-10-13,18.764136041564726
Soc Trang,2020-10-14,36.953698431591214
Soc Trang,2020-10-15,25.574115422147187
Soc Trang,2020-10-16,27.535023934448215
Soc Trang,2020-10-17,17.90858420863754
Soc Trang,2020-10-18,29.995060126828797
Soc Trang,2020-10-19,0.8742131746612689
Soc Trang,2020-10-20,5.282813871532128
Soc Trang,2020-10-21,38.048514261938074
Soc Trang,2020-10-22,9.104369064978314
Soc Trang,2020-10-23,2.4631295643051554
Soc Trang,2020-10-24,1.1135728158932483
Soc Trang,2020-10-25,9.607139117560754
Soc Trang,2020-10-26,2.66848649961704
Soc Trang,2020-10-27,1.5351545665149207
Soc Trang,2020-10-28,5.778510760281052
Soc Trang,2020-10-29,5.1595202804187785
Soc Trang,2020-10-30,8.59287613695878
Soc Trang,2020-10-31,8.018255512380017
Soc Trang,2020-11-01,24.534803001304756
Soc Trang,2020-11-02,0.6479856022552012
Soc Trang,2020-11-03,0.0923103304037554
Soc Trang,2020-11-04,11.695647494412764
Soc Trang,2020-11-05,0
Soc Trang,2020-11-06,5.235873102815603
Soc Trang,2020-11-07,1.0415143054196643
Soc Trang,2020-11-08,8.13613412197973
Soc Trang,2020-11-09,1.6376952852672322
Soc Trang,2020-11-10,0.06213395970452198
Soc Trang,2020-11-11,0
Soc Trang,2020-11-12,0
Soc Trang,2020-11-13,0.140335679283282
Soc Trang,2020-11-14,0
Soc Trang,2020-11-15,0
Soc Trang,2020-11-16,0
Soc Trang,2020-11-17,0
Soc Trang,2020-11-18,0
Soc Trang,2020-11-19,2.1827067048972864
Soc Trang,2020-11-20,0
Soc Trang,2020-11-21,0.3574967008187509
Soc Trang,2020-11-22,0.8756102854654356
Soc Trang,2020-11-23,22.864908588829934
Soc Trang,2020-11-24,0
Soc Trang,2020-11-25,2.604559066208595
Soc Trang,2020-11-26,0.12645424123678425
Soc Trang,2020-11-27,0.12970321048102085
Soc Trang,2020-11-28,7.6398187786845595
Soc Trang,2020-11-29,13.868765003295177
Soc Trang,2020-11-30,6.715901258695929
Soc Trang,2020-12-01,0.9756994903410326
Soc Trang,2020-12-02,0
Soc Trang,2020-12-03,0
Soc Trang,2020-12-04,0
Soc Trang,2020-12-05,1.0626645030870965
Soc Trang,2020-12-06,0
Soc Trang,2020-12-07,0.9085059692531108
Soc Trang,2020-12-08,0.282028426736491
Soc Trang,2020-12-09,0
Soc Trang,2020-12-10,0.048451637620732145
Soc Trang,2020-12-11,4.086056881472265
Soc Trang,2020-12-12,0.04119950345531779
Soc Trang,2020-12-13,0.06009535650133482
Soc Trang,2020-12-14,0.5243704254978258
Soc Trang,2020-12-15,0.24839805198186293
Soc Trang,2020-12-16,0
Soc Trang,2020-12-17,0
Soc Trang,2020-12-18,4.009846551958101
Soc Trang,2020-12-19,6.026587497530797
Soc Trang,2020-12-20,0.3450148749172448
Soc Trang,2020-12-21,0.9029521429789263
Soc Trang,2020-12-22,10.245862334059252
Soc Trang,2020-12-23,13.021894377352384
Soc Trang,2020-12-24,0
Soc Trang,2020-12-25,0
Soc Trang,2020-12-26,0
Soc Trang,2020-12-27,0.20472845770173576
Soc Trang,2020-12-28,0.24992441108078675
Soc Trang,2020-12-29,0
Soc Trang,2020-12-30,2.7857610035943385
Soc Trang,2020-12-31,0
Soc Trang,2021-01-01,0.2302364414990375
Soc Trang,2021-01-02,0
Soc Trang,2021-01-03,1.5541410039132888
Soc Trang,2021-01-04,0.020014100575284684
Soc Trang,2021-01-05,0.6654373318323012
Soc Trang,2021-01-06,0.07681339345197916
Soc Trang,2021-01-07,0
Soc Trang,2021-01-08,2.973038923124804
Soc Trang,2021-01-09,0
Soc Trang,2021-01-10,0.01942530444075469
Soc Trang,2021-01-11,0.0032818025237100813
Soc Trang,2021-01-12,0
Soc Trang,2021-01-13,0
Soc Trang,2021-01-14,0.07074425081966045
Soc Trang,2021-01-15,0
Soc Trang,2021-01-16,0.013707854153426083
Soc Trang,2021-01-17,0.002241948850566977
Soc Trang,2021-01-18,0
Soc Trang,2021-01-19,0.24654412556997227
Soc Trang,2021-01-20,0.43138191902388334
Soc Trang,2021-01-21,0.6287035722182059
Soc Trang,2021-01-22,0
Soc Trang,2021-01-23,0
Soc Trang,2021-01-24,0
Soc Trang,2021-01-25,0
Soc Trang,2021-01-26,0
Soc Trang,2021-01-27,0.01453539265002306
Soc Trang,2021-01-28,0
Soc Trang,2021-01-29,0
Soc Trang,2021-01-30,0.00961394989636944
Soc Trang,2021-01-31,0
Soc Trang,2021-02-01,0
Soc Trang,2021-02-02,0
Soc Trang,2021-02-03,0
Soc Trang,2021-02-04,0
Soc Trang,2021-02-05,0
Soc Trang,2021-02-06,0
Soc Trang,2021-02-07,0
Soc Trang,2021-02-08,0
Soc Trang,2021-02-09,0
Soc Trang,2021-02-10,0
Soc Trang,2021-02-11,1.4526396013009935
Soc Trang,2021-02-12,0
Soc Trang,2021-02-13,0
Soc Trang,2021-02-14,0
Soc Trang,2021-02-15,0
Soc Trang,2021-02-16,0
Soc Trang,2021-02-17,0
Soc Trang,2021-02-18,0
Soc Trang,2021-02-19,0.8782772006925786
Soc Trang,2021-02-20,0
Soc Trang,2021-02-21,0
Soc Trang,2021-02-22,0
Soc Trang,2021-02-23,0
Soc Trang,2021-02-24,0.040818911926525814
Soc Trang,2021-02-25,4.717721733251883
Soc Trang,2021-02-26,0
Soc Trang,2021-02-27,0
Soc Trang,2021-02-28,1.4285311951462103
Soc Trang,2021-03-01,0.13763523362232127
Soc Trang,2021-03-02,0
Soc Trang,2021-03-03,0
Soc Trang,2021-03-04,0
Soc Trang,2021-03-05,0
Soc Trang,2021-03-06,0
Soc Trang,2021-03-07,0
Soc Trang,2021-03-08,0
Soc Trang,2021-03-09,0.25042070640551306
Soc Trang,2021-03-10,0.07650727450191791
Soc Trang,2021-03-11,0
Soc Trang,2021-03-12,0
Soc Trang,2021-03-13,0
Soc Trang,2021-03-14,0
Soc Trang,2021-03-15,0
Soc Trang,2021-03-16,0
Soc Trang,2021-03-17,0
Soc Trang,2021-03-18,0
Soc Trang,2021-03-19,0
Soc Trang,2021-03-20,0
Soc Trang,2021-03-21,0
Soc Trang,2021-03-22,0
Soc Trang,2021-03-23,0.3560317978562191
Soc Trang,2021-03-24,0
Soc Trang,2021-03-25,0.013316881898160573
Soc Trang,2021-03-26,7.007587073227783
Soc Trang,2021-03-27,2.1359331689572434
Soc Trang,2021-03-28,0
Soc Trang,2021-03-29,0
Soc Trang,2021-03-30,0.24877892219542125
Soc Trang,2021-03-31,0
Soc Trang,2021-04-01,0
Soc Trang,2021-04-02,2.283094310070657
Soc Trang,2021-04-03,0.8099492141154879
Soc Trang,2021-04-04,10.08538171952433
Soc Trang,2021-04-05,0
Soc Trang,2021-04-06,0
Soc Trang,2021-04-07,0
Soc Trang,2021-04-08,0
Soc Trang,2021-04-09,0
Soc Trang,2021-04-10,0
Soc Trang,2021-04-11,0
Soc Trang,2021-04-12,0
Soc Trang,2021-04-13,0
Soc Trang,2021-04-14,0.6487021797672309
Soc Trang,2021-04-15,10.79045841964124
Soc Trang,2021-04-16,16.697164077062563
Soc Trang,2021-04-17,4.945695720118957
Soc Trang,2021-04-18,4.11757864974018
Soc Trang,2021-04-19,17.161779787513098
Soc Trang,2021-04-20,0
Soc Trang,2021-04-21,23.611199565793513
Soc Trang,2021-04-22,51.48333430741324
Soc Trang,2021-04-23,6.548990432559706
Soc Trang,2021-04-24,1.9730256051701298
Soc Trang,2021-04-25,7.293548175909263
Soc Trang,2021-04-26,3.254564650200184
Soc Trang,2021-04-27,2.9032094654815115
Soc Trang,2021-04-28,2.568778084807799
Soc Trang,2021-04-29,0
Soc Trang,2021-04-30,0.0194250921185097
Soc Trang,2021-05-01,2.4960355533254073
Soc Trang,2021-05-02,0
Soc Trang,2021-05-03,0
Soc Trang,2021-05-04,0
Soc Trang,2021-05-05,3.658687165523704
Soc Trang,2021-05-06,4.656718620218789
Soc Trang,2021-05-07,17.395019396557448
Soc Trang,2021-05-08,5.369497308015142
Soc Trang,2021-05-09,0
Soc Trang,2021-05-10,0
Soc Trang,2021-05-11,0.2710203517543053
Soc Trang,2021-05-12,2.8882819871418883
Soc Trang,2021-05-13,0.279847474386079
Soc Trang,2021-05-14,2.9449076650514248
Soc Trang,2021-05-15,10.235517841338448
Soc Trang,2021-05-16,0
Soc Trang,2021-05-17,9.360025030635125
Soc Trang,2021-05-18,12.862489582364242
Soc Trang,2021-05-19,9.663170085378317
Soc Trang,2021-05-20,13.720546323359065
Soc Trang,2021-05-21,23.130809093094914
Soc Trang,2021-05-22,5.574921800654821
Soc Trang,2021-05-23,3.164197489526432
Soc Trang,2021-05-24,19.678817017736172
Soc Trang,2021-05-25,31.736271298958105
Soc Trang,2021-05-26,4.899217959783362
Soc Trang,2021-05-27,18.240092390899566
Soc Trang,2021-05-28,2.129766669478524
Soc Trang,2021-05-29,5.721033922762744
Soc Trang,2021-05-30,0
Soc Trang,2021-05-31,0.11025853550405659
Soc Trang,2021-06-01,9.714776409972202
Soc Trang,2021-06-02,3.5254821689899076
Soc Trang,2021-06-03,4.495625494654496
Soc Trang,2021-06-04,0.20635879744179778
Soc Trang,2021-06-05,6.163930968341071
Soc Trang,2021-06-06,12.294637666617772
Soc Trang,2021-06-07,2.53697405930496
Soc Trang,2021-06-08,5.279344178720161
Soc Trang,2021-06-09,11.613291242024522
Soc Trang,2021-06-10,3.659965550017425
Soc Trang,2021-06-11,31.645352443119435
Soc Trang,2021-06-12,4.713588307274022
Soc Trang,2021-06-13,3.698213414762228
Soc Trang,2021-06-14,17.601609659825108
Soc Trang,2021-06-15,7.851555601226484
Soc Trang,2021-06-16,0.587999692734652
Soc Trang,2021-06-17,7.886177336384726
Soc Trang,2021-06-18,0
Soc Trang,2021-06-19,4.471363713600143
Soc Trang,2021-06-20,6.1243303362187955
Soc Trang,2021-06-21,1.2982012090509758
Soc Trang,2021-06-22,5.129422520400273
Soc Trang,2021-06-23,0.8812796870925246
Soc Trang,2021-06-24,0
Soc Trang,2021-06-25,1.7283619706591982
Soc Trang,2021-06-26,0
Soc Trang,2021-06-27,0
Soc Trang,2021-06-28,1.2609631059791182
Soc Trang,2021-06-29,2.9570079441223798
Soc Trang,2021-06-30,7.828009350929851
Soc Trang,2021-07-01,0.03184863731526188
Soc Trang,2021-07-02,0
Soc Trang,2021-07-03,7.985886870506528
Soc Trang,2021-07-04,4.385784540873452
Soc Trang,2021-07-05,13.325341651483667
Soc Trang,2021-07-06,15.559963685041982
Soc Trang,2021-07-07,6.0668928562265805
Soc Trang,2021-07-08,11.246862028630185
Soc Trang,2021-07-09,5.355136439735997
Soc Trang,2021-07-10,2.5782138402563186
Soc Trang,2021-07-11,4.790345112006157
Soc Trang,2021-07-12,12.663751509106742
Soc Trang,2021-07-13,23.374604741429227
Soc Trang,2021-07-14,30.863251226331556
Soc Trang,2021-07-15,25.131474014349298
Soc Trang,2021-07-16,0.18877600030098998
Soc Trang,2021-07-17,2.189161883720788
Soc Trang,2021-07-18,12.82985522456668
Soc Trang,2021-07-19,0.20667440695764577
Soc Trang,2021-07-20,7.614582401962034
Soc Trang,2021-07-21,0.6591250107369838
Soc Trang,2021-07-22,3.7145335865900746
Soc Trang,2021-07-23,12.962068132841456
Soc Trang,2021-07-24,2.4357590295177904
Soc Trang,2021-07-25,4.487925534844641
Soc Trang,2021-07-26,0.15863188348396934
Soc Trang,2021-07-27,9.015096364562902
Soc Trang,2021-07-28,10.597139511576435
Soc Trang,2021-07-29,11.315965423832717
Soc Trang,2021-07-30,7.169007426626284
Soc Trang,2021-07-31,2.6703969084662007
Soc Trang,2021-08-01,12.348277786457196
Soc Trang,2021-08-02,0
Soc Trang,2021-08-03,0.575265718587669
Soc Trang,2021-08-04,8.45860761204511
Soc Trang,2021-08-05,19.230966048349757
Soc Trang,2021-08-06,8.374199391688347
Soc Trang,2021-08-07,0
Soc Trang,2021-08-08,0
Soc Trang,2021-08-09,0
Soc Trang,2021-08-10,1.0160881528034333
Soc Trang,2021-08-11,20.40643162929173
Soc Trang,2021-08-12,1.0065668201102307
Soc Trang,2021-08-13,6.470334620027996
Soc Trang,2021-08-14,7.782726143946739
Soc Trang,2021-08-15,17.954006131511367
Soc Trang,2021-08-16,1.5042850745253797
Soc Trang,2021-08-17,3.5399831733027933
Soc Trang,2021-08-18,1.4017156847504466
Soc Trang,2021-08-19,7.676299197401607
Soc Trang,2021-08-20,2.440698008248032
Soc Trang,2021-08-21,0
Soc Trang,2021-08-22,6.742743819363842
Soc Trang,2021-08-23,24.44324831757994
Soc Trang,2021-08-24,23.668828296378226
Soc Trang,2021-08-25,22.05907991356224
Soc Trang,2021-08-26,6.73317195493753
Soc Trang,2021-08-27,19.73158439370121
Soc Trang,2021-08-28,16.290669896795983
Soc Trang,2021-08-29,15.736863081881491
Soc Trang,2021-08-30,8.074838805810783
Soc Trang,2021-08-31,2.579210383016086
Soc Trang,2021-09-01,8.444531062946142
Soc Trang,2021-09-02,6.494767044422937
Soc Trang,2021-09-03,24.527583981848387
Soc Trang,2021-09-04,1.3407414180058055
Soc Trang,2021-09-05,8.037912381613511
Soc Trang,2021-09-06,0.7004137355234581
Soc Trang,2021-09-07,18.607360022819066
Soc Trang,2021-09-08,13.092130905245085
Soc Trang,2021-09-09,6.545016143390977
Soc Trang,2021-09-10,15.569955880312836
Soc Trang,2021-09-11,8.49780515632856
Soc Trang,2021-09-12,1.8378961736417352
Soc Trang,2021-09-13,19.7623653384799
Soc Trang,2021-09-14,41.11513079432105
Soc Trang,2021-09-15,0
Soc Trang,2021-09-16,0
Soc Trang,2021-09-17,7.562947839396155
Soc Trang,2021-09-18,8.482781221565828
Soc Trang,2021-09-19,17.406339824369713
Soc Trang,2021-09-20,4.49640941990472
Soc Trang,2021-09-21,3.558587581958539
Soc Trang,2021-09-22,9.071042546378152
Soc Trang,2021-09-23,2.793147709571338
Soc Trang,2021-09-24,21.46146660280802
Soc Trang,2021-09-25,16.69013815547421
Soc Trang,2021-09-26,17.69019973513313
Soc Trang,2021-09-27,8.856823394162108
Soc Trang,2021-09-28,2.3971111882987004
Soc Trang,2021-09-29,1.6737971061696106
Soc Trang,2021-09-30,6.65716492732065
Soc Trang,2021-10-01,7.184360178981151
Soc Trang,2021-10-02,17.38354140168582
Soc Trang,2021-10-03,1.3308502377179559
Soc Trang,2021-10-04,24.490517081943416
Soc Trang,2021-10-05,31.96809818423057
Soc Trang,2021-10-06,10.722409861783335
Soc Trang,2021-10-07,1.729633611538166
Soc Trang,2021-10-08,25.290069624674913
Soc Trang,2021-10-09,7.380354102335078
Soc Trang,2021-10-10,1.3151250618428671
Soc Trang,2021-10-11,35.46972035653809
Soc Trang,2021-10-12,0.24067707789640336
Soc Trang,2021-10-13,5.245117891387931
Soc Trang,2021-10-14,0.1771415280832181
Soc Trang,2021-10-15,19.488809005049742
Soc Trang,2021-10-16,4.775079241480185
Soc Trang,2021-10-17,0.4643065437918292
Soc Trang,2021-10-18,2.0378265363578643
Soc Trang,2021-10-19,0.3394931893677097
Soc Trang,2021-10-20,27.998959597729545
Soc Trang,2021-10-21,1.491518334403557
Soc Trang,2021-10-22,4.249256844514184
Soc Trang,2021-10-23,9.906796416567584
Soc Trang,2021-10-24,3.878761904838026
Soc Trang,2021-10-25,11.726658874474962
Soc Trang,2021-10-26,8.616307522730494
Soc Trang,2021-10-27,0.6731920231344287
Soc Trang,2021-10-28,0
Soc Trang,2021-10-29,11.858742829230263
Soc Trang,2021-10-30,0
Soc Trang,2021-10-31,1.7573783405031018
Soc Trang,2021-11-01,0
Soc Trang,2021-11-02,1.2576593896483086
Soc Trang,2021-11-03,26.927587491666337
Soc Trang,2021-11-04,0
Soc Trang,2021-11-05,0.06226432601751935
Soc Trang,2021-11-06,0
Soc Trang,2021-11-07,0
Soc Trang,2021-11-08,0
Soc Trang,2021-11-09,4.03776591741741
Soc Trang,2021-11-10,20.432043068399388
Soc Trang,2021-11-11,36.2772309577055
Soc Trang,2021-11-12,0.789384565330075
Soc Trang,2021-11-13,6.362436000241899
Soc Trang,2021-11-14,7.545815962743528
Soc Trang,2021-11-15,32.24857401677115
Soc Trang,2021-11-16,12.349881753340211
Soc Trang,2021-11-17,8.896179462538239
Soc Trang,2021-11-18,1.1524073931309886
Soc Trang,2021-11-19,0
Soc Trang,2021-11-20,4.033868858067073
Soc Trang,2021-11-21,0
Soc Trang,2021-11-22,0
Soc Trang,2021-11-23,0
Soc Trang,2021-11-24,3.21960332953431
Soc Trang,2021-11-25,1.7876569907740343
Soc Trang,2021-11-26,2.4392149378924852
Soc Trang,2021-11-27,5.267209427469289
Soc Trang,2021-11-28,11.969551922382916
Soc Trang,2021-11-29,19.41714419808926
Soc Trang,2021-11-30,13.999955626620032
Soc Trang,2021-12-01,4.352204673863638
Soc Trang,2021-12-02,3.293220844841769
Soc Trang,2021-12-03,0.07786252209642905
Soc Trang,2021-12-04,0.11536873337025622
Soc Trang,2021-12-05,0
Soc Trang,2021-12-06,0.25545234122056726
Soc Trang,2021-12-07,0
Soc Trang,2021-12-08,0
Soc Trang,2021-12-09,1.4427517884239964
Soc Trang,2021-12-10,0
Soc Trang,2021-12-11,0
Soc Trang,2021-12-12,0
Soc Trang,2021-12-13,0
Soc Trang,2021-12-14,0
Soc Trang,2021-12-15,0.016502906704709604
Soc Trang,2021-12-16,2.305819587518195
Soc Trang,2021-12-17,2.276872952041175
Soc Trang,2021-12-18,0.3643213340273807
Soc Trang,2021-12-19,2.642061253674421
Soc Trang,2021-12-20,0
Soc Trang,2021-12-21,0
Soc Trang,2021-12-22,0
Soc Trang,2021-12-23,0.09084290874332629
Soc Trang,2021-12-24,0
Soc Trang,2021-12-25,0
Soc Trang,2021-12-26,0.013065616042246023
Soc Trang,2021-12-27,0
Soc Trang,2021-12-28,0
Soc Trang,2021-12-29,0.535574471533434
Soc Trang,2021-12-30,1.0285539054173827
Soc Trang,2021-12-31,0
Soc Trang,2022-01-01,0
Soc Trang,2022-01-02,0.15858893053158413
Soc Trang,2022-01-03,0
Soc Trang,2022-01-04,0
Soc Trang,2022-01-05,0
Soc Trang,2022-01-06,0
Soc Trang,2022-01-07,0
Soc Trang,2022-01-08,0
Soc Trang,2022-01-09,0
Soc Trang,2022-01-10,0
Soc Trang,2022-01-11,0
Soc Trang,2022-01-12,0
Soc Trang,2022-01-13,0
Soc Trang,2022-01-14,0.053018471956211406
Soc Trang,2022-01-15,0
Soc Trang,2022-01-16,0
Soc Trang,2022-01-17,0
Soc Trang,2022-01-18,0
Soc Trang,2022-01-19,0
Soc Trang,2022-01-20,0
Soc Trang,2022-01-21,0
Soc Trang,2022-01-22,0
Soc Trang,2022-01-23,0
Soc Trang,2022-01-24,0
Soc Trang,2022-01-25,0.05897307511139937
Soc Trang,2022-01-26,0
Soc Trang,2022-01-27,0
Soc Trang,2022-01-28,1.3029671333413149
Soc Trang,2022-01-29,0
Soc Trang,2022-01-30,0.12929328501054488
Soc Trang,2022-01-31,0
Soc Trang,2022-02-01,0.5708001536957118
Soc Trang,2022-02-02,0
Soc Trang,2022-02-03,0
Soc Trang,2022-02-04,0
Soc Trang,2022-02-05,0
Soc Trang,2022-02-06,0.009394460280463313
Soc Trang,2022-02-07,0
Soc Trang,2022-02-08,0.05320688773486836
Soc Trang,2022-02-09,0
Soc Trang,2022-02-10,1.6296616015045906
Soc Trang,2022-02-11,0.04896282275272566
Soc Trang,2022-02-12,0
Soc Trang,2022-02-13,0
Soc Trang,2022-02-14,0
Soc Trang,2022-02-15,0
Soc Trang,2022-02-16,0.18695484198672796
Soc Trang,2022-02-17,0
Soc Trang,2022-02-18,0
Soc Trang,2022-02-19,0
Soc Trang,2022-02-20,0.2442050208317815
Soc Trang,2022-02-21,0.03423956030842144
Soc Trang,2022-02-22,0.3397035781070074
Soc Trang,2022-02-23,0.7671960042027799
Soc Trang,2022-02-24,3.191961182925173
Soc Trang,2022-02-25,0.011080268924655617
Soc Trang,2022-02-26,0.21461091908134652
Soc Trang,2022-02-27,0
Soc Trang,2022-02-28,0
Soc Trang,2022-03-01,0
Soc Trang,2022-03-02,0.001614286235125981
Soc Trang,2022-03-03,0
Soc Trang,2022-03-04,0
Soc Trang,2022-03-05,0
Soc Trang,2022-03-06,0
Soc Trang,2022-03-07,0
Soc Trang,2022-03-08,0
Soc Trang,2022-03-09,0
Soc Trang,2022-03-10,0
Soc Trang,2022-03-11,0
Soc Trang,2022-03-12,2.5824459799233934
Soc Trang,2022-03-13,0
Soc Trang,2022-03-14,0
Soc Trang,2022-03-15,0
Soc Trang,2022-03-16,0
Soc Trang,2022-03-17,0
Soc Trang,2022-03-18,0.04535424929319747
Soc Trang,2022-03-19,0.7099819157810214
Soc Trang,2022-03-20,0.052183285229779476
Soc Trang,2022-03-21,0.04703435890470692
Soc Trang,2022-03-22,0.050171947825556694
Soc Trang,2022-03-23,0
Soc Trang,2022-03-24,0
Soc Trang,2022-03-25,0
Soc Trang,2022-03-26,0
Soc Trang,2022-03-27,0
Soc Trang,2022-03-28,8.319671122778098
Soc Trang,2022-03-29,0.8393116998902895
Soc Trang,2022-03-30,26.85011743520659
Soc Trang,2022-03-31,8.86338105666427
Soc Trang,2022-04-01,12.999528932475638
Soc Trang,2022-04-02,0
Soc Trang,2022-04-03,0.29174477044824126
Soc Trang,2022-04-04,0
Soc Trang,2022-04-05,0
Soc Trang,2022-04-06,4.857364805792527
Soc Trang,2022-04-07,8.699170745417769
Soc Trang,2022-04-08,3.376427041253812
Soc Trang,2022-04-09,0
Soc Trang,2022-04-10,0.03022504806407514
Soc Trang,2022-04-11,0.06708752708537216
Soc Trang,2022-04-12,0
Soc Trang,2022-04-13,0
Soc Trang,2022-04-14,2.302591065231466
Soc Trang,2022-04-15,9.070557689364161
Soc Trang,2022-04-16,2.6086404338568396
Soc Trang,2022-04-17,0
Soc Trang,2022-04-18,0
Soc Trang,2022-04-19,0
Soc Trang,2022-04-20,0.16758531368451268
Soc Trang,2022-04-21,0
Soc Trang,2022-04-22,0
Soc Trang,2022-04-23,0
Soc Trang,2022-04-24,0
Soc Trang,2022-04-25,0
Soc Trang,2022-04-26,0.3010701141861547
Soc Trang,2022-04-27,3.1054028754754257
Soc Trang,2022-04-28,11.01969882215895
Soc Trang,2022-04-29,20.882224055325363
Soc Trang,2022-04-30,0
Soc Trang,2022-05-01,8.887613361731407
Soc Trang,2022-05-02,7.229479339650632
Soc Trang,2022-05-03,15.209461565989859
Soc Trang,2022-05-04,13.604083990158227
Soc Trang,2022-05-05,4.316943219656465
Soc Trang,2022-05-06,0.10313866076275377
Soc Trang,2022-05-07,0.7589890453239021
Soc Trang,2022-05-08,15.671683590938331
Soc Trang,2022-05-09,4.41662866719327
Soc Trang,2022-05-10,5.350540257662007
Soc Trang,2022-05-11,4.586964030117846
Soc Trang,2022-05-12,5.647843911191557
Soc Trang,2022-05-13,5.3572482957394145
Soc Trang,2022-05-14,3.918849957609036
Soc Trang,2022-05-15,0.38768472582398505
Soc Trang,2022-05-16,9.485396055401553
Soc Trang,2022-05-17,15.194250501062049
Soc Trang,2022-05-18,10.681905620386962
Soc Trang,2022-05-19,7.068338881127733
Soc Trang,2022-05-20,8.33659549202791
Soc Trang,2022-05-21,12.975118080714799
Soc Trang,2022-05-22,23.991737180256674
Soc Trang,2022-05-23,7.362145551613893
Soc Trang,2022-05-24,0
Soc Trang,2022-05-25,0
Soc Trang,2022-05-26,5.205922743372904
Soc Trang,2022-05-27,19.11872870207124
Soc Trang,2022-05-28,15.530644577915476
Soc Trang,2022-05-29,6.303401487492818
Soc Trang,2022-05-30,17.859427090788245
Soc Trang,2022-05-31,4.136261543440876
Soc Trang,2022-06-01,0.8523709175264262
Soc Trang,2022-06-02,9.581786680226415
Soc Trang,2022-06-03,10.929078463209713
Soc Trang,2022-06-04,2.6771141575657946
Soc Trang,2022-06-05,0.8458063888134789
Soc Trang,2022-06-06,5.638867914562155
Soc Trang,2022-06-07,13.654766608653121
Soc Trang,2022-06-08,4.453007775815437
Soc Trang,2022-06-09,11.104350359495232
Soc Trang,2022-06-10,1.4200166951668252
Soc Trang,2022-06-11,8.797774491240995
Soc Trang,2022-06-12,7.981476093265754
Soc Trang,2022-06-13,3.958229740083637
Soc Trang,2022-06-14,0
Soc Trang,2022-06-15,0.31031463456707686
Soc Trang,2022-06-16,2.734244342895314
Soc Trang,2022-06-17,2.0439978570002806
Soc Trang,2022-06-18,2.2113408407551756
Soc Trang,2022-06-19,3.277204816722549
Soc Trang,2022-06-20,4.19141287766035
Soc Trang,2022-06-21,5.724270864360828
Soc Trang,2022-06-22,6.922389321078202
Soc Trang,2022-06-23,5.636587668417387
Soc Trang,2022-06-24,5.95308271608954
Soc Trang,2022-06-25,2.868348422619283
Soc Trang,2022-06-26,3.4163265124031885
Soc Trang,2022-06-27,0.09056144168201061
Soc Trang,2022-06-28,12.272411332388884
Soc Trang,2022-06-29,12.70183846063176
Soc Trang,2022-06-30,10.353440454232862
Soc Trang,2022-07-01,19.922658010974587
Soc Trang,2022-07-02,32.1242566945674
Soc Trang,2022-07-03,23.67441119127239
Soc Trang,2022-07-04,4.109533405265092
Soc Trang,2022-07-05,0.10136657379666952
Soc Trang,2022-07-06,7.300009386915748
Soc Trang,2022-07-07,10.230389048696892
Soc Trang,2022-07-08,27.419930253059693
Soc Trang,2022-07-09,28.48319202502933
Soc Trang,2022-07-10,12.274440165718644
Soc Trang,2022-07-11,0
Soc Trang,2022-07-12,48.184025131810095
Soc Trang,2022-07-13,39.79237450771617
Soc Trang,2022-07-14,8.04554583846312
Soc Trang,2022-07-15,5.46727356890163
Soc Trang,2022-07-16,0.6739242062160867
Soc Trang,2022-07-17,10.023741383529511
Soc Trang,2022-07-18,6.282712458800803
Soc Trang,2022-07-19,19.721441061302276
Soc Trang,2022-07-20,21.269623615525617
Soc Trang,2022-07-21,17.831461049725213
Soc Trang,2022-07-22,0
Soc Trang,2022-07-23,7.860534181054637
Soc Trang,2022-07-24,0
Soc Trang,2022-07-25,3.81335108070731
Soc Trang,2022-07-26,10.394457277474642
Soc Trang,2022-07-27,5.032925538802416
Soc Trang,2022-07-28,2.548381029133359
Soc Trang,2022-07-29,0.4400330340479877
Soc Trang,2022-07-30,4.394849781746594
Soc Trang,2022-07-31,27.388872237937534
Soc Trang,2022-08-01,22.943838554176235
Soc Trang,2022-08-02,2.1898151798173893
Soc Trang,2022-08-03,9.690422404594552
Soc Trang,2022-08-04,7.438985033557724
Soc Trang,2022-08-05,0.31942711483303077
Soc Trang,2022-08-06,17.0434043881307
Soc Trang,2022-08-07,22.582979639132958
Soc Trang,2022-08-08,17.426339674268018
Soc Trang,2022-08-09,2.5229444955304023
Soc Trang,2022-08-10,9.427732976995731
Soc Trang,2022-08-11,11.350284026347417
Soc Trang,2022-08-12,1.2746132931540233
Soc Trang,2022-08-13,0.3250503189149985
Soc Trang,2022-08-14,2.696846511482381
Soc Trang,2022-08-15,21.15182984204926
Soc Trang,2022-08-16,0.5893734397811565
Soc Trang,2022-08-17,2.4934202889773736
Soc Trang,2022-08-18,7.981461213063518
Soc Trang,2022-08-19,12.923000134251383
Soc Trang,2022-08-20,7.04450100002754
Soc Trang,2022-08-21,1.628694741261077
Soc Trang,2022-08-22,3.946307996907667
Soc Trang,2022-08-23,4.1774263183472495
Soc Trang,2022-08-24,18.304441030154425
Soc Trang,2022-08-25,22.72586511364984
Soc Trang,2022-08-26,14.21516047204451
Soc Trang,2022-08-27,5.025943741779247
Soc Trang,2022-08-28,2.9138593713611356
Soc Trang,2022-08-29,0.5690688603955777
Soc Trang,2022-08-30,0.20455220444915723
Soc Trang,2022-08-31,5.454282812469253
Soc Trang,2022-09-01,3.943440026257559
Soc Trang,2022-09-02,3.8676863667600854
Soc Trang,2022-09-03,7.143880544888887
Soc Trang,2022-09-04,22.379690426792447
Soc Trang,2022-09-05,16.756454265665216
Soc Trang,2022-09-06,35.248750564889235
Soc Trang,2022-09-07,1.3788290099450289
Soc Trang,2022-09-08,0
Soc Trang,2022-09-09,5.864420631028044
Soc Trang,2022-09-10,9.9610855107869
Soc Trang,2022-09-11,6.695326398955086
Soc Trang,2022-09-12,6.394822730974763
Soc Trang,2022-09-13,6.7075544842506645
Soc Trang,2022-09-14,4.110360337114309
Soc Trang,2022-09-15,12.654342350099487
Soc Trang,2022-09-16,19.11620674236291
Soc Trang,2022-09-17,15.797000114136447
Soc Trang,2022-09-18,5.763560017877625
Soc Trang,2022-09-19,0
Soc Trang,2022-09-20,0
Soc Trang,2022-09-21,8.962092427829306
Soc Trang,2022-09-22,12.776670870461977
Soc Trang,2022-09-23,0.7633299739575814
Soc Trang,2022-09-24,6.129543309162595
Soc Trang,2022-09-25,20.06233168625475
Soc Trang,2022-09-26,12.696642795472135
Soc Trang,2022-09-27,8.1425374059882
Soc Trang,2022-09-28,24.06495135920202
Soc Trang,2022-09-29,13.703567386790871
Soc Trang,2022-09-30,14.732622571198885
Soc Trang,2022-10-01,7.152329848282775
Soc Trang,2022-10-02,13.409329862292575
Soc Trang,2022-10-03,1.7930264704759196
Soc Trang,2022-10-04,16.73174152071959
Soc Trang,2022-10-05,19.76990595750552
Soc Trang,2022-10-06,9.461470865208108
Soc Trang,2022-10-07,6.16804481949012
Soc Trang,2022-10-08,23.590604071859477
Soc Trang,2022-10-09,6.698111166955152
Soc Trang,2022-10-10,5.841168975229069
Soc Trang,2022-10-11,7.165253377643656
Soc Trang,2022-10-12,26.1443614365093
Soc Trang,2022-10-13,8.467503948428753
Soc Trang,2022-10-14,3.0147482147939684
Soc Trang,2022-10-15,0
Soc Trang,2022-10-16,0
Soc Trang,2022-10-17,0
Soc Trang,2022-10-18,5.796891690577506
Soc Trang,2022-10-19,17.00241032493137
Soc Trang,2022-10-20,22.47762591236301
Soc Trang,2022-10-21,11.975573476343445
Soc Trang,2022-10-22,1.137155812645969
Soc Trang,2022-10-23,11.080947067196671
Soc Trang,2022-10-24,18.576572302202976
Soc Trang,2022-10-25,8.196206150881075
Soc Trang,2022-10-26,5.124044068348092
Soc Trang,2022-10-27,20.747132841238937
Soc Trang,2022-10-28,4.69650342420447
Soc Trang,2022-10-29,3.1420875261054366
Soc Trang,2022-10-30,6.263962799326993
Soc Trang,2022-10-31,0
Soc Trang,2022-11-01,3.8025830967112464
Soc Trang,2022-11-02,0
Soc Trang,2022-11-03,18.397827133238778
Soc Trang,2022-11-04,41.15562869081566
Soc Trang,2022-11-05,2.3543047559214823
Soc Trang,2022-11-06,3.558370880991239
Soc Trang,2022-11-07,2.2416034758545544
Soc Trang,2022-11-08,5.798905532102045
Soc Trang,2022-11-09,0
Soc Trang,2022-11-10,0.2572552759447357
Soc Trang,2022-11-11,6.169213784319104
Soc Trang,2022-11-12,0
Soc Trang,2022-11-13,3.0370517394980894
Soc Trang,2022-11-14,0.1266642350246085
Soc Trang,2022-11-15,0
Soc Trang,2022-11-16,0
Soc Trang,2022-11-17,0.1800583146216255
Soc Trang,2022-11-18,15.562715825361638
Soc Trang,2022-11-19,28.885976798849324
Soc Trang,2022-11-20,52.587769439460956
Soc Trang,2022-11-21,39.00708658717291
Soc Trang,2022-11-22,26.632999996662335
Soc Trang,2022-11-23,4.013983547503619
Soc Trang,2022-11-24,1.2989227927910225
Soc Trang,2022-11-25,1.649417733454889
Soc Trang,2022-11-26,1.362222558261005
Soc Trang,2022-11-27,1.366603369179001
Soc Trang,2022-11-28,0.13860569032445988
Soc Trang,2022-11-29,0
Soc Trang,2022-11-30,17.379076689705553
Soc Trang,2022-12-01,8.715439215447342
Soc Trang,2022-12-02,4.630007815026512
Soc Trang,2022-12-03,26.73059547475618
Soc Trang,2022-12-04,0.261065885623273
Soc Trang,2022-12-05,0
Soc Trang,2022-12-06,0.2053188577067931
Soc Trang,2022-12-07,0.12447143018283865
Soc Trang,2022-12-08,0.8193603856131759
Soc Trang,2022-12-09,0.021654606379042433
Soc Trang,2022-12-10,0.20110075288798288
Soc Trang,2022-12-11,0
Soc Trang,2022-12-12,0.6164812619072486
Soc Trang,2022-12-13,0
Soc Trang,2022-12-14,0
Soc Trang,2022-12-15,0
Soc Trang,2022-12-16,1.0457977038459156
Soc Trang,2022-12-17,2.821134530402122
Soc Trang,2022-12-18,0
Soc Trang,2022-12-19,0.1076871861316081
Soc Trang,2022-12-20,0
Soc Trang,2022-12-21,1.4853056636755784
Soc Trang,2022-12-22,0.11719866105561735
Soc Trang,2022-12-23,0.08874476205458039
Soc Trang,2022-12-24,0.02210726511452746
Soc Trang,2022-12-25,0
Soc Trang,2022-12-26,0.0797323234413558
Soc Trang,2022-12-27,0.01916056280468676
Soc Trang,2022-12-28,0.010613535529292837
Soc Trang,2022-12-29,0.13612107849026708
Soc Trang,2022-12-30,0.2713899683544951
Soc Trang,2022-12-31,0.8701930834419506
Soc Trang,2023-01-01,0
Soc Trang,2023-01-02,0
Soc Trang,2023-01-03,0.20681011454359632
Soc Trang,2023-01-04,4.806857493024784
Soc Trang,2023-01-05,1.7419673567647016
Soc Trang,2023-01-06,0.019478832612862415
Soc Trang,2023-01-07,8.08164816435151
Soc Trang,2023-01-08,0.2535481101636414
Soc Trang,2023-01-09,0.24002313327267413
Soc Trang,2023-01-10,0.7105918714551408
Soc Trang,2023-01-11,0
Soc Trang,2023-01-12,0
Soc Trang,2023-01-13,0
Soc Trang,2023-01-14,0
Soc Trang,2023-01-15,0
Soc Trang,2023-01-16,0
Soc Trang,2023-01-17,0
Soc Trang,2023-01-18,0.1422644061332824
Soc Trang,2023-01-19,0.010524543431555148
Soc Trang,2023-01-20,0.7109204554780578
Soc Trang,2023-01-21,0.0768961452753169
Soc Trang,2023-01-22,0.03995773844247842
Soc Trang,2023-01-23,0
Soc Trang,2023-01-24,0.6334865159031579
Soc Trang,2023-01-25,0.5367533968686848
Soc Trang,2023-01-26,0.5821983080641205
Soc Trang,2023-01-27,0.02642087225878746
Soc Trang,2023-01-28,0.4038987074470453
Soc Trang,2023-01-29,0.18729318805468778
Soc Trang,2023-01-30,2.4348823215961874
Soc Trang,2023-01-31,0
Soc Trang,2023-02-01,0.029515250234253547
Soc Trang,2023-02-02,0
Soc Trang,2023-02-03,0.506754229362598
Soc Trang,2023-02-04,0
Soc Trang,2023-02-05,0
Soc Trang,2023-02-06,0
Soc Trang,2023-02-07,0.840091347173893
Soc Trang,2023-02-08,0.026453550233755996
Soc Trang,2023-02-09,0
Soc Trang,2023-02-10,0
Soc Trang,2023-02-11,0
Soc Trang,2023-02-12,0.3115082414906565
Soc Trang,2023-02-13,3.6836832410112037
Soc Trang,2023-02-14,3.793871512410664
Soc Trang,2023-02-15,0
Soc Trang,2023-02-16,0
Soc Trang,2023-02-17,0
Soc Trang,2023-02-18,0
Soc Trang,2023-02-19,0.9716379039881775
Soc Trang,2023-02-20,0.06353185998135231
Soc Trang,2023-02-21,0
Soc Trang,2023-02-22,0
Soc Trang,2023-02-23,0
Soc Trang,2023-02-24,0
Soc Trang,2023-02-25,0
Soc Trang,2023-02-26,0.009829859492900507
Soc Trang,2023-02-27,1.370877775576434
Soc Trang,2023-02-28,0.12947189546945853
Soc Trang,2023-03-01,0
Soc Trang,2023-03-02,0.1733508364191126
Soc Trang,2023-03-03,2.811875737809243
Soc Trang,2023-03-04,0.5127828541978063
Soc Trang,2023-03-05,2.9978315275477585
Soc Trang,2023-03-06,1.5925656361616538
Soc Trang,2023-03-07,0
Soc Trang,2023-03-08,0.03706126584505365
Soc Trang,2023-03-09,0
Soc Trang,2023-03-10,0
Soc Trang,2023-03-11,0
Soc Trang,2023-03-12,0.0027227179894605837
Soc Trang,2023-03-13,0
Soc Trang,2023-03-14,0
Soc Trang,2023-03-15,0
Soc Trang,2023-03-16,0
Soc Trang,2023-03-17,0
Soc Trang,2023-03-18,0
Soc Trang,2023-03-19,0
Soc Trang,2023-03-20,0
Soc Trang,2023-03-21,0
Soc Trang,2023-03-22,0
Soc Trang,2023-03-23,0
Soc Trang,2023-03-24,0
Soc Trang,2023-03-25,0
Soc Trang,2023-03-26,0
Soc Trang,2023-03-27,0
Soc Trang,2023-03-28,0.013944920629771285
Soc Trang,2023-03-29,0
Soc Trang,2023-03-30,0
Soc Trang,2023-03-31,0
Soc Trang,2023-04-01,0
Soc Trang,2023-04-02,0.07934928692670393
Soc Trang,2023-04-03,1.1911945855124089
Soc Trang,2023-04-04,0
Soc Trang,2023-04-05,0
Soc Trang,2023-04-06,0
Soc Trang,2023-04-07,0
Soc Trang,2023-04-08,0
Soc Trang,2023-04-09,0
Soc Trang,2023-04-10,0
Soc Trang,2023-04-11,0
Soc Trang,2023-04-12,0
Soc Trang,2023-04-13,0.23553141731734797
Soc Trang,2023-04-14,0
Soc Trang,2023-04-15,15.252893643474437
Soc Trang,2023-04-16,15.255544299406715
Soc Trang,2023-04-17,0.05456707952546805
Soc Trang,2023-04-18,0
Soc Trang,2023-04-19,0.13831186943450616
Soc Trang,2023-04-20,2.467865375768197
Soc Trang,2023-04-21,0.027817956156368936
Soc Trang,2023-04-22,0.11517859889789588
Soc Trang,2023-04-23,0
Soc Trang,2023-04-24,0
Soc Trang,2023-04-25,2.061910169362092
Soc Trang,2023-04-26,0.04029119057074314
Soc Trang,2023-04-27,0
Soc Trang,2023-04-28,0
Soc Trang,2023-04-29,0.22898697836432252
Soc Trang,2023-04-30,12.5794502869886
Soc Trang,2023-05-01,0
Soc Trang,2023-05-02,0
Soc Trang,2023-05-03,0
Soc Trang,2023-05-04,0
Soc Trang,2023-05-05,6.267132763258271
Soc Trang,2023-05-06,3.0189694761570625
Soc Trang,2023-05-07,0.3859649338225043
Soc Trang,2023-05-08,6.203936724000145
Soc Trang,2023-05-09,7.01376699464399
Soc Trang,2023-05-10,2.215780853926736
Soc Trang,2023-05-11,14.455488723711131
Soc Trang,2023-05-12,5.700536310072444
Soc Trang,2023-05-13,1.1393191151092348
Soc Trang,2023-05-14,2.200521956932533
Soc Trang,2023-05-15,0.46340114086104706
Soc Trang,2023-05-16,1.9957176044669207
Soc Trang,2023-05-17,4.014165075401173
Soc Trang,2023-05-18,7.266236924796164
Soc Trang,2023-05-19,0.03386266796318375
Soc Trang,2023-05-20,14.142025783216472
Soc Trang,2023-05-21,13.188377473367803
Soc Trang,2023-05-22,7.063770445052323
Soc Trang,2023-05-23,6.97042772972855
Soc Trang,2023-05-24,5.686448351450081
Soc Trang,2023-05-25,3.4104276282647
Soc Trang,2023-05-26,14.600983930854154
Soc Trang,2023-05-27,18.620412548741644
Soc Trang,2023-05-28,10.679708328250959
Soc Trang,2023-05-29,2.563967995588928
Soc Trang,2023-05-30,0.6482441908489972
Soc Trang,2023-05-31,18.657407098428024
Soc Trang,2023-06-01,3.9631697470590623
Soc Trang,2023-06-02,6.634157154531911
Soc Trang,2023-06-03,5.385870225362772
Soc Trang,2023-06-04,13.098875930827438
Soc Trang,2023-06-05,12.458473940969117
Soc Trang,2023-06-06,5.412658179618988
Soc Trang,2023-06-07,14.7924808426523
Soc Trang,2023-06-08,15.802944346954423
Soc Trang,2023-06-09,0.5108865031251086
Soc Trang,2023-06-10,18.52580879194992
Soc Trang,2023-06-11,0
Soc Trang,2023-06-12,5.41590025329601
Soc Trang,2023-06-13,2.757387351807918
Soc Trang,2023-06-14,0.04541773906289584
Soc Trang,2023-06-15,8.148669919632031
Soc Trang,2023-06-16,7.693005783951948
Soc Trang,2023-06-17,9.367756402318328
Soc Trang,2023-06-18,11.839358761541405
Soc Trang,2023-06-19,0
Soc Trang,2023-06-20,23.24689680356991
Soc Trang,2023-06-21,7.430941290229974
Soc Trang,2023-06-22,6.47879779343695
Soc Trang,2023-06-23,3.1398305806263074
Soc Trang,2023-06-24,2.10685945602362
Soc Trang,2023-06-25,5.362612034969562
Soc Trang,2023-06-26,6.254485115382005
Soc Trang,2023-06-27,7.44721082870845
Soc Trang,2023-06-28,6.513627804359025
Soc Trang,2023-06-29,0.24408181875973634
Soc Trang,2023-06-30,6.720293282005114
Soc Trang,2023-07-01,28.847164599715168
Soc Trang,2023-07-02,4.9689023611590954
Soc Trang,2023-07-03,20.033603861410093
Soc Trang,2023-07-04,5.809651790762029
Soc Trang,2023-07-05,13.846713053275858
Soc Trang,2023-07-06,1.5157660544803466
Soc Trang,2023-07-07,0.1461311414757159
Soc Trang,2023-07-08,7.103368162012297
Soc Trang,2023-07-09,2.386279327083663
Soc Trang,2023-07-10,5.218263776961505
Soc Trang,2023-07-11,3.915104480258049
Soc Trang,2023-07-12,11.013141809620514
Soc Trang,2023-07-13,19.793853044940178
Soc Trang,2023-07-14,2.9048303025853
Soc Trang,2023-07-15,4.078665550189404
Soc Trang,2023-07-16,36.43444286825465
Soc Trang,2023-07-17,37.242304433451864
Soc Trang,2023-07-18,28.288639694707328
Soc Trang,2023-07-19,26.94729152136342
Soc Trang,2023-07-20,0
Soc Trang,2023-07-21,3.437368783239034
Soc Trang,2023-07-22,8.292848711651722
Soc Trang,2023-07-23,1.8499623983656008
Soc Trang,2023-07-24,22.552437008277362
Soc Trang,2023-07-25,20.638305798199834
Soc Trang,2023-07-26,5.381849331843837
Soc Trang,2023-07-27,36.50656960391816
Soc Trang,2023-07-28,37.422710878493575
Soc Trang,2023-07-29,36.23831512728552
Soc Trang,2023-07-30,32.95456064639202
Soc Trang,2023-07-31,9.306729143376662
Soc Trang,2023-08-01,0.21620594720912076
Soc Trang,2023-08-02,6.222584815694907
Soc Trang,2023-08-03,0.2427652076284912
Soc Trang,2023-08-04,2.2363085907496765
Soc Trang,2023-08-05,2.5891619306952305
Soc Trang,2023-08-06,0
Soc Trang,2023-08-07,0
Soc Trang,2023-08-08,0
Soc Trang,2023-08-09,0
Soc Trang,2023-08-10,5.446221480042275
Soc Trang,2023-08-11,0.062455995511611705
Soc Trang,2023-08-12,8.185249479045867
Soc Trang,2023-08-13,14.058053740426843
Soc Trang,2023-08-14,21.77848689642317
Soc Trang,2023-08-15,0.7498143847305005
Soc Trang,2023-08-16,0.2820736203613121
Soc Trang,2023-08-17,2.876922436890894
Soc Trang,2023-08-18,13.313302475407978
Soc Trang,2023-08-19,45.070678299586696
Soc Trang,2023-08-20,10.757614990312543
Soc Trang,2023-08-21,0.9156518366823043
Soc Trang,2023-08-22,18.49564378814133
Soc Trang,2023-08-23,0.1525143595425278
Soc Trang,2023-08-24,0
Soc Trang,2023-08-25,1.2483989931050936
Soc Trang,2023-08-26,13.364843868019763
Soc Trang,2023-08-27,5.757128192859752
Soc Trang,2023-08-28,12.154171297004298
Soc Trang,2023-08-29,7.422977838547051
Soc Trang,2023-08-30,5.593385186546264
Soc Trang,2023-08-31,11.07855597588641
Soc Trang,2023-09-01,6.78200435794579
Soc Trang,2023-09-02,17.592977207170733
Soc Trang,2023-09-03,17.06203043833527
Soc Trang,2023-09-04,13.183407704891383
Soc Trang,2023-09-05,3.075106380523941
Soc Trang,2023-09-06,6.288348972974366
Soc Trang,2023-09-07,12.619040527020065
Soc Trang,2023-09-08,10.967605744806205
Soc Trang,2023-09-09,13.850482211787828
Soc Trang,2023-09-10,6.200066359723108
Soc Trang,2023-09-11,0
Soc Trang,2023-09-12,6.818838039390863
Soc Trang,2023-09-13,5.278421700080573
Soc Trang,2023-09-14,26.5296244319801
Soc Trang,2023-09-15,0.8797815509507881
Soc Trang,2023-09-16,0.79382595520688
Soc Trang,2023-09-17,4.318094045352329
Soc Trang,2023-09-18,1.2360600554055452
Soc Trang,2023-09-19,20.263017906467784
Soc Trang,2023-09-20,0.3153410000358866
Soc Trang,2023-09-21,6.9018203898914745
Soc Trang,2023-09-22,10.620738234086618
Soc Trang,2023-09-23,12.009724789173228
Soc Trang,2023-09-24,20.017904639584145
Soc Trang,2023-09-25,16.535981532281912
Soc Trang,2023-09-26,14.281177534937418
Soc Trang,2023-09-27,10.576746795496284
Soc Trang,2023-09-28,0
Soc Trang,2023-09-29,14.566725568998438
Soc Trang,2023-09-30,6.9140760249556354
Soc Trang,2023-10-01,42.205160290008024
Soc Trang,2023-10-02,28.342849494539664
Soc Trang,2023-10-03,0.4784648391360307
Soc Trang,2023-10-04,4.419052913884744
Soc Trang,2023-10-05,7.164122756315747
Soc Trang,2023-10-06,0.26772726441301353
Soc Trang,2023-10-07,5.390261252337136
Soc Trang,2023-10-08,12.142854912383612
Soc Trang,2023-10-09,3.1893128858717743
Soc Trang,2023-10-10,6.975238471728805
Soc Trang,2023-10-11,2.00182305721338
Soc Trang,2023-10-12,1.1815575280053212
Soc Trang,2023-10-13,2.729810468703742
Soc Trang,2023-10-14,19.91592430994856
Soc Trang,2023-10-15,11.377409669040851
Soc Trang,2023-10-16,15.029001505319249
Soc Trang,2023-10-17,1.8375859621164237
Soc Trang,2023-10-18,0
Soc Trang,2023-10-19,9.260440797295557
Soc Trang,2023-10-20,0.15430593590537348
Soc Trang,2023-10-21,8.912922779478448
Soc Trang,2023-10-22,0.26482127978248327
Soc Trang,2023-10-23,4.374448174251045
Soc Trang,2023-10-24,0
Soc Trang,2023-10-25,1.1476305262301392
Soc Trang,2023-10-26,3.2120417440396336
Soc Trang,2023-10-27,7.770977684246297
Soc Trang,2023-10-28,15.714750227373244
Soc Trang,2023-10-29,22.347671223497372
Soc Trang,2023-10-30,1.9311627318572195
Soc Trang,2023-10-31,3.501093048512773
Soc Trang,2023-11-01,4.335009348172486
Soc Trang,2023-11-02,4.9650813616730245
Soc Trang,2023-11-03,5.2794118378099535
Soc Trang,2023-11-04,0
Soc Trang,2023-11-05,0
Soc Trang,2023-11-06,0.21205023956665264
Soc Trang,2023-11-07,3.636905104801543
Soc Trang,2023-11-08,0.5870468746264585
Soc Trang,2023-11-09,19.81483118493974
Soc Trang,2023-11-10,14.974957473981629
Soc Trang,2023-11-11,0
Soc Trang,2023-11-12,0.07913332326369034
Soc Trang,2023-11-13,21.257006081087376
Soc Trang,2023-11-14,2.1827387776718763
Soc Trang,2023-11-15,2.9462600247632467
Soc Trang,2023-11-16,28.044996955241096
Soc Trang,2023-11-17,1.0725184626911575
Soc Trang,2023-11-18,1.026880979551844
Soc Trang,2023-11-19,2.3679746798505157
Soc Trang,2023-11-20,2.8876489712957834
Soc Trang,2023-11-21,0.015449061052009586
Soc Trang,2023-11-22,1.2108367736746117
Soc Trang,2023-11-23,12.06904949036773
Soc Trang,2023-11-24,6.271507351037725
Soc Trang,2023-11-25,13.103816480417848
Soc Trang,2023-11-26,13.222655799479524
Soc Trang,2023-11-27,0
Soc Trang,2023-11-28,1.4892345860443454
Soc Trang,2023-11-29,4.295806253893992
Soc Trang,2023-11-30,0.22837403339425516
Soc Trang,2023-12-01,0
Soc Trang,2023-12-02,16.659112092411387
Soc Trang,2023-12-03,0.40437970129097345
Soc Trang,2023-12-04,1.4030472849664164
Soc Trang,2023-12-05,5.456650889203679
Soc Trang,2023-12-06,0.017309054983032108
Soc Trang,2023-12-07,5.473365476732864
Soc Trang,2023-12-08,0
Soc Trang,2023-12-09,0.2990096638905972
Soc Trang,2023-12-10,0.047632304713092696
Soc Trang,2023-12-11,0
Soc Trang,2023-12-12,0
Soc Trang,2023-12-13,0.28088654787234935
Soc Trang,2023-12-14,0.10006974459929789
Soc Trang,2023-12-15,0
Soc Trang,2023-12-16,0
Soc Trang,2023-12-17,0
Soc Trang,2023-12-18,0
Soc Trang,2023-12-19,0
Soc Trang,2023-12-20,0.8695472133529543
Soc Trang,2023-12-21,0
Soc Trang,2023-12-22,0.12586397241087283
Soc Trang,2023-12-23,0.20127100711194462
Soc Trang,2023-12-24,0.07148305268533892
Soc Trang,2023-12-25,0
Soc Trang,2023-12-26,0
Soc Trang,2023-12-27,0
Soc Trang,2023-12-28,0
Soc Trang,2023-12-29,0
Soc Trang,2023-12-30,0
Soc Trang,2023-12-31,0
Soc Trang,2024-01-01,0.3315825757293559
Soc Trang,2024-01-02,0
Soc Trang,2024-01-03,0.33862943644989163
Soc Trang,2024-01-04,0
Soc Trang,2024-01-05,0.24547526340459078
Soc Trang,2024-01-06,0.522637192116299
Soc Trang,2024-01-07,0
Soc Trang,2024-01-08,3.5215674725221238
Soc Trang,2024-01-09,0.07353306151160943
Soc Trang,2024-01-10,0
Soc Trang,2024-01-11,0.34070387355813664
Soc Trang,2024-01-12,0.053735302950205094
Soc Trang,2024-01-13,0.612074467023274
Soc Trang,2024-01-14,0.02116853120878453
Soc Trang,2024-01-15,0.37516187500702447
Soc Trang,2024-01-16,0.03297450538702323
Soc Trang,2024-01-17,0.05825567217723187
Soc Trang,2024-01-18,0
Soc Trang,2024-01-19,0
Soc Trang,2024-01-20,0.35222668832059223
Soc Trang,2024-01-21,0.042108815353574774
Soc Trang,2024-01-22,0
Soc Trang,2024-01-23,0
Soc Trang,2024-01-24,0
Soc Trang,2024-01-25,0
Soc Trang,2024-01-26,0
Soc Trang,2024-01-27,0.060891939741897376
Soc Trang,2024-01-28,0
Soc Trang,2024-01-29,0.012490911416307334
Soc Trang,2024-01-30,0
Soc Trang,2024-01-31,0.0647154603375332
Soc Trang,2024-02-01,0
Soc Trang,2024-02-02,0
Soc Trang,2024-02-03,0
Soc Trang,2024-02-04,0
Soc Trang,2024-02-05,0.14155228443887505
Soc Trang,2024-02-06,0
Soc Trang,2024-02-07,0
Soc Trang,2024-02-08,0
Soc Trang,2024-02-09,0
Soc Trang,2024-02-10,0
Soc Trang,2024-02-11,0
Soc Trang,2024-02-12,0
Soc Trang,2024-02-13,0
Soc Trang,2024-02-14,0
Soc Trang,2024-02-15,0
Soc Trang,2024-02-16,0
Soc Trang,2024-02-17,0
Soc Trang,2024-02-18,0.28452196820495557
Soc Trang,2024-02-19,0
Soc Trang,2024-02-20,0
Soc Trang,2024-02-21,0
Soc Trang,2024-02-22,0
Soc Trang,2024-02-23,0
Soc Trang,2024-02-24,0.13120320863202417
Soc Trang,2024-02-25,0
Soc Trang,2024-02-26,0
Soc Trang,2024-02-27,0
Soc Trang,2024-02-28,0
Soc Trang,2024-02-29,0
Soc Trang,2024-03-01,0
Soc Trang,2024-03-02,0.3103503583092042
Soc Trang,2024-03-03,0.3757961861654329
Soc Trang,2024-03-04,0
Soc Trang,2024-03-05,0.26819833045914393
Soc Trang,2024-03-06,0.06883954462588941
Soc Trang,2024-03-07,0
Soc Trang,2024-03-08,0
Soc Trang,2024-03-09,1.2851192343114957
Soc Trang,2024-03-10,1.6815930039250975
Soc Trang,2024-03-11,0
Soc Trang,2024-03-12,0
Soc Trang,2024-03-13,0
Soc Trang,2024-03-14,0
Soc Trang,2024-03-15,0
Soc Trang,2024-03-16,0
Soc Trang,2024-03-17,0
Soc Trang,2024-03-18,0
Soc Trang,2024-03-19,0
Soc Trang,2024-03-20,0.08437293864742815
Soc Trang,2024-03-21,0
Soc Trang,2024-03-22,0
Soc Trang,2024-03-23,0
Soc Trang,2024-03-24,0
Soc Trang,2024-03-25,0
Soc Trang,2024-03-26,0
Soc Trang,2024-03-27,0
Soc Trang,2024-03-28,0.015644882474420595
Soc Trang,2024-03-29,0.1669913977844346
Soc Trang,2024-03-30,0
Soc Trang,2024-03-31,0.7100584859126812
Soc Trang,2024-04-01,1.3606238622302302
Soc Trang,2024-04-02,0
Soc Trang,2024-04-03,0
Soc Trang,2024-04-04,0
Soc Trang,2024-04-05,0
Soc Trang,2024-04-06,0
Soc Trang,2024-04-07,0
Soc Trang,2024-04-08,1.3878795861254027
Soc Trang,2024-04-09,0.006247537574828028
Soc Trang,2024-04-10,0
Soc Trang,2024-04-11,2.507636542272226
Soc Trang,2024-04-12,0.0002256414278855672
Soc Trang,2024-04-13,0.1568367063101429
Soc Trang,2024-04-14,0.0007029476403855834
Soc Trang,2024-04-15,0
Soc Trang,2024-04-16,0
Soc Trang,2024-04-17,0
Soc Trang,2024-04-18,0
Soc Trang,2024-04-19,0
Soc Trang,2024-04-20,0
Soc Trang,2024-04-21,0
Soc Trang,2024-04-22,0
Soc Trang,2024-04-23,0
Soc Trang,2024-04-24,0
Soc Trang,2024-04-25,0
Soc Trang,2024-04-26,1.7667066532095477
Soc Trang,2024-04-27,0
Soc Trang,2024-04-28,0.13835269514962087
Soc Trang,2024-04-29,0
Soc Trang,2024-04-30,0.8155753484127332
Soc Trang,2024-05-01,0
Soc Trang,2024-05-02,0
Soc Trang,2024-05-03,1.5146694340194808
Soc Trang,2024-05-04,9.003672350471076
Soc Trang,2024-05-05,8.274834520479379
Soc Trang,2024-05-06,0
Soc Trang,2024-05-07,0.5312502574343242
Soc Trang,2024-05-08,8.51030009699387
Soc Trang,2024-05-09,1.7111818272846644
Soc Trang,2024-05-10,20.659890946613494
Soc Trang,2024-05-11,2.8363261868333685
Soc Trang,2024-05-12,0.020629934432613854
Soc Trang,2024-05-13,2.290881109159942
Soc Trang,2024-05-14,0.28983911117005834
Soc Trang,2024-05-15,18.11209870886593
Soc Trang,2024-05-16,17.37233137863718
Soc Trang,2024-05-17,15.572177224298882
Soc Trang,2024-05-18,1.8290121027415893
Soc Trang,2024-05-19,5.1123953440653365
Soc Trang,2024-05-20,12.840053041260147
Soc Trang,2024-05-21,12.169544454391811
Soc Trang,2024-05-22,7.518434060218832
Soc Trang,2024-05-23,9.566806518012031
Soc Trang,2024-05-24,1.0790481144594786
Soc Trang,2024-05-25,0.03476641932792461
Soc Trang,2024-05-26,0.014763201907716935
Soc Trang,2024-05-27,6.974346236757331
Soc Trang,2024-05-28,18.901117045311523
Soc Trang,2024-05-29,18.332900876527532
Soc Trang,2024-05-30,17.943934573362128
Soc Trang,2024-05-31,8.90311424980801
Soc Trang,2024-06-01,5.518302117222962
Soc Trang,2024-06-02,0.34532298967905883
Soc Trang,2024-06-03,8.164655224258285
Soc Trang,2024-06-04,2.2738183012884225
Soc Trang,2024-06-05,13.564791106730798
Soc Trang,2024-06-06,9.167041409200957
Soc Trang,2024-06-07,17.540127714764168
Soc Trang,2024-06-08,19.730012369647245
Soc Trang,2024-06-09,0
Soc Trang,2024-06-10,0.9543281444995501
Soc Trang,2024-06-11,4.309090985202216
Soc Trang,2024-06-12,5.215296058124012
Soc Trang,2024-06-13,3.9501386138080763
Soc Trang,2024-06-14,6.425552384854892
Soc Trang,2024-06-15,14.114118380867756
Soc Trang,2024-06-16,1.7418951038265764
Soc Trang,2024-06-17,0.9951300724300701
Soc Trang,2024-06-18,8.214492560668313
Soc Trang,2024-06-19,25.97477483060936
Soc Trang,2024-06-20,35.938761527847696
Soc Trang,2024-06-21,29.48881111882331
Soc Trang,2024-06-22,14.011495415070787
Soc Trang,2024-06-23,2.789464755879158
Soc Trang,2024-06-24,17.933352253965452
Soc Trang,2024-06-25,3.4711439128998323
Soc Trang,2024-06-26,10.657583696306283
Soc Trang,2024-06-27,4.2907457897380965
Soc Trang,2024-06-28,4.283249287407633
Soc Trang,2024-06-29,0
Soc Trang,2024-06-30,1.2875244410717979
Soc Trang,2024-07-01,6.034128477099113
Soc Trang,2024-07-02,49.60037619744052
Soc Trang,2024-07-03,19.99881300106172
Soc Trang,2024-07-04,5.592360583146737
Soc Trang,2024-07-05,0.6535089368792986
Soc Trang,2024-07-06,1.8357386900381072
Soc Trang,2024-07-07,15.154440126034864
Soc Trang,2024-07-08,11.514947473117982
Soc Trang,2024-07-09,5.9909628366517635
Soc Trang,2024-07-10,16.96207393869544
Soc Trang,2024-07-11,10.712100099211156
Soc Trang,2024-07-12,0.5811493188002239
Soc Trang,2024-07-13,11.471134322593342
Soc Trang,2024-07-14,1.986297409491565
Soc Trang,2024-07-15,26.816876180223183
Soc Trang,2024-07-16,3.2963386759558406
Soc Trang,2024-07-17,30.766596833048247
Soc Trang,2024-07-18,51.1143357029906
Soc Trang,2024-07-19,7.812376881906065
Soc Trang,2024-07-20,13.592175453722586
Soc Trang,2024-07-21,20.115328111713517
Soc Trang,2024-07-22,32.514591481318234
Soc Trang,2024-07-23,0.7173683757435535
Soc Trang,2024-07-24,8.659374664415129
Soc Trang,2024-07-25,34.34223632453839
Soc Trang,2024-07-26,21.31709788265762
Soc Trang,2024-07-27,14.497425802415938
Soc Trang,2024-07-28,2.3827022560374136
Soc Trang,2024-07-29,0.13148937326944174
Soc Trang,2024-07-30,7.913904590879294
Soc Trang,2024-07-31,22.46499963348581
Soc Trang,2024-08-01,5.736530170553381
Soc Trang,2024-08-02,36.74653616516182
Soc Trang,2024-08-03,11.867072055078447
Soc Trang,2024-08-04,5.447483080413517
Soc Trang,2024-08-05,3.259716475433956
Soc Trang,2024-08-06,5.087818542584181
Soc Trang,2024-08-07,2.6165852157910137
Soc Trang,2024-08-08,0
Soc Trang,2024-08-09,0
Soc Trang,2024-08-10,3.73999291714963
Soc Trang,2024-08-11,2.9018545301217187
Soc Trang,2024-08-12,6.554473363208764
Soc Trang,2024-08-13,1.5292275431770075
Soc Trang,2024-08-14,2.147144222187345
Soc Trang,2024-08-15,4.489200128709199
Soc Trang,2024-08-16,0.14942010718896015
Soc Trang,2024-08-17,0.594201768659814
Soc Trang,2024-08-18,0
Soc Trang,2024-08-19,0.005060087755186258
Soc Trang,2024-08-20,0.07635099418561521
Soc Trang,2024-08-21,5.89239491064182
Soc Trang,2024-08-22,3.561561338357559
Soc Trang,2024-08-23,8.672007775510737
Soc Trang,2024-08-24,6.653087416273713
Soc Trang,2024-08-25,9.379937029193023
Soc Trang,2024-08-26,12.625690599117176
Soc Trang,2024-08-27,15.021812482104206
Soc Trang,2024-08-28,32.13747749988196
Soc Trang,2024-08-29,17.069929016575436
Soc Trang,2024-08-30,11.69166999927269
Soc Trang,2024-08-31,12.10293198961551
Soc Trang,2024-09-01,26.347328839788144
Soc Trang,2024-09-02,1.3018281386104984
Soc Trang,2024-09-03,8.065417946443336
Soc Trang,2024-09-04,19.68957791717351
Soc Trang,2024-09-05,22.030995301416926
Soc Trang,2024-09-06,17.271211206618045
Soc Trang,2024-09-07,5.895952000720419
Soc Trang,2024-09-08,7.088863443952157
Soc Trang,2024-09-09,0.5156373959616994
Soc Trang,2024-09-10,37.120950596972556
Soc Trang,2024-09-11,10.29635283324746
Soc Trang,2024-09-12,19.958052429073298
Soc Trang,2024-09-13,12.570203978308715
Soc Trang,2024-09-14,27.080054050900156
Soc Trang,2024-09-15,13.673848443018263
Soc Trang,2024-09-16,16.023734822722695
Soc Trang,2024-09-17,5.585229936270384
Soc Trang,2024-09-18,8.51729445297282
Soc Trang,2024-09-19,2.6080015884495356
Soc Trang,2024-09-20,25.42558513193196
Soc Trang,2024-09-21,21.332872648111987
Soc Trang,2024-09-22,9.741123883668832
Soc Trang,2024-09-23,8.236384726558946
Soc Trang,2024-09-24,10.031249170746959
Soc Trang,2024-09-25,1.5820162121683439
Soc Trang,2024-09-26,14.41398584715679
Soc Trang,2024-09-27,0
Soc Trang,2024-09-28,0.31169082144471694
Soc Trang,2024-09-29,3.8087692586924673
Soc Trang,2024-09-30,5.380247753886673
Soc Trang,2024-10-01,5.912168973412609
Soc Trang,2024-10-02,2.874169279596696
Soc Trang,2024-10-03,10.434407904184608
Soc Trang,2024-10-04,9.710480669904054
Soc Trang,2024-10-05,14.676273384228603
Soc Trang,2024-10-06,19.41990157720505
Soc Trang,2024-10-07,10.046258622125801
Soc Trang,2024-10-08,29.904312198414836
Soc Trang,2024-10-09,12.383345089837631
Soc Trang,2024-10-10,21.53101407231694
Soc Trang,2024-10-11,4.26789385274312
Soc Trang,2024-10-12,10.979612472442241
Soc Trang,2024-10-13,6.095257153657898
Soc Trang,2024-10-14,19.866805967229997
Soc Trang,2024-10-15,26.167789747684868
Soc Trang,2024-10-16,41.647740613139334
Soc Trang,2024-10-17,7.137851516616256
Soc Trang,2024-10-18,5.952130797703691
Soc Trang,2024-10-19,10.762724507345672
Soc Trang,2024-10-20,13.553859313694568
Soc Trang,2024-10-21,24.825450253901646
Soc Trang,2024-10-22,31.326999598625985
Soc Trang,2024-10-23,7.703134966693325
Soc Trang,2024-10-24,4.540462816650588
Soc Trang,2024-10-25,0
Soc Trang,2024-10-26,16.018901244193668
Soc Trang,2024-10-27,28.451244680763654
Soc Trang,2024-10-28,7.840156866215076
Soc Trang,2024-10-29,7.28609340954432
Soc Trang,2024-10-30,1.9630474447822337
Soc Trang,2024-10-31,0
Soc Trang,2024-11-01,23.962124125799406
Soc Trang,2024-11-02,34.25220791846748
Soc Trang,2024-11-03,9.923278402711697
Soc Trang,2024-11-04,24.785518532256805
Soc Trang,2024-11-05,1.4620544372299202
Soc Trang,2024-11-06,0.31000883447254346
Soc Trang,2024-11-07,0
Soc Trang,2024-11-08,1.6816682031742176
Soc Trang,2024-11-09,0
Soc Trang,2024-11-10,0
Soc Trang,2024-11-11,1.2201946775245744
Soc Trang,2024-11-12,0
Soc Trang,2024-11-13,0
Soc Trang,2024-11-14,0
Soc Trang,2024-11-15,0
Soc Trang,2024-11-16,0
Soc Trang,2024-11-17,0
Soc Trang,2024-11-18,0
Soc Trang,2024-11-19,0.015743291370387182
Soc Trang,2024-11-20,0.7102159748409407
Soc Trang,2024-11-21,0.01062454434443861
Soc Trang,2024-11-22,0
Soc Trang,2024-11-23,0.23064148868137282
Soc Trang,2024-11-24,1.1440734098626217
Soc Trang,2024-11-25,17.700273490614173
Soc Trang,2024-11-26,4.679471823571897
Soc Trang,2024-11-27,5.414819132936789
Soc Trang,2024-11-28,8.732896822770428
Soc Trang,2024-11-29,23.409516686949587
Soc Trang,2024-11-30,7.805279767193342
Soc Trang,2024-12-01,1.3177463505177458
Soc Trang,2024-12-02,4.675604977665745
Soc Trang,2024-12-03,11.269571545127247
Soc Trang,2024-12-04,10.827629368026354
Soc Trang,2024-12-05,0.01021063921163834
Soc Trang,2024-12-06,0
Soc Trang,2024-12-07,0
Soc Trang,2024-12-08,1.5903314525571548
Soc Trang,2024-12-09,3.1801619577714586
Soc Trang,2024-12-10,7.143586974402984
Soc Trang,2024-12-11,7.355059534698204
Soc Trang,2024-12-12,3.5044873147403046
Soc Trang,2024-12-13,12.691040118873111
Soc Trang,2024-12-14,8.323048159359509
Soc Trang,2024-12-15,0
Soc Trang,2024-12-16,0.04205296930267695
Soc Trang,2024-12-17,0
Soc Trang,2024-12-18,0
Soc Trang,2024-12-19,0
Soc Trang,2024-12-20,0.2877300407095756
Soc Trang,2024-12-21,1.6029430265725613
Soc Trang,2024-12-22,0
Soc Trang,2024-12-23,0
Soc Trang,2024-12-24,0
Soc Trang,2024-12-25,0
Soc Trang,2024-12-26,2.8262033720833184
Soc Trang,2024-12-27,0
Soc Trang,2024-12-28,0
Soc Trang,2024-12-29,0
Soc Trang,2024-12-30,0
Soc Trang,2024-12-31,1.0402612128801572
Tra Vinh,2019-01-01,6.023660147977075
Tra Vinh,2019-01-02,8.14244336824611
Tra Vinh,2019-01-03,0.6760937735904724
Tra Vinh,2019-01-04,0.731657862122984
Tra Vinh,2019-01-05,0
Tra Vinh,2019-01-06,0
Tra Vinh,2019-01-07,0
Tra Vinh,2019-01-08,0
Tra Vinh,2019-01-09,0
Tra Vinh,2019-01-10,0
Tra Vinh,2019-01-11,0
Tra Vinh,2019-01-12,0
Tra Vinh,2019-01-13,0
Tra Vinh,2019-01-14,0
Tra Vinh,2019-01-15,0
Tra Vinh,2019-01-16,0
Tra Vinh,2019-01-17,0
Tra Vinh,2019-01-18,0
Tra Vinh,2019-01-19,0
Tra Vinh,2019-01-20,0
Tra Vinh,2019-01-21,0
Tra Vinh,2019-01-22,0
Tra Vinh,2019-01-23,0.9178245950962347
Tra Vinh,2019-01-24,0
Tra Vinh,2019-01-25,0
Tra Vinh,2019-01-26,0.05877759260093123
Tra Vinh,2019-01-27,0
Tra Vinh,2019-01-28,0
Tra Vinh,2019-01-29,0
Tra Vinh,2019-01-30,0
Tra Vinh,2019-01-31,0
Tra Vinh,2019-02-01,0.02726119682282
Tra Vinh,2019-02-02,0
Tra Vinh,2019-02-03,0
Tra Vinh,2019-02-04,0
Tra Vinh,2019-02-05,0
Tra Vinh,2019-02-06,0
Tra Vinh,2019-02-07,0
Tra Vinh,2019-02-08,0
Tra Vinh,2019-02-09,0
Tra Vinh,2019-02-10,0.16645499478247666
Tra Vinh,2019-02-11,0
Tra Vinh,2019-02-12,0
Tra Vinh,2019-02-13,0
Tra Vinh,2019-02-14,0
Tra Vinh,2019-02-15,0
Tra Vinh,2019-02-16,0
Tra Vinh,2019-02-17,0
Tra Vinh,2019-02-18,0
Tra Vinh,2019-02-19,0
Tra Vinh,2019-02-20,0.13844562798091156
Tra Vinh,2019-02-21,0
Tra Vinh,2019-02-22,0.03453203313510112
Tra Vinh,2019-02-23,0
Tra Vinh,2019-02-24,0
Tra Vinh,2019-02-25,0
Tra Vinh,2019-02-26,0
Tra Vinh,2019-02-27,0
Tra Vinh,2019-02-28,0
Tra Vinh,2019-03-01,0.30782570463990844
Tra Vinh,2019-03-02,0
Tra Vinh,2019-03-03,0
Tra Vinh,2019-03-04,0
Tra Vinh,2019-03-05,0
Tra Vinh,2019-03-06,0.05281025431228332
Tra Vinh,2019-03-07,0
Tra Vinh,2019-03-08,0
Tra Vinh,2019-03-09,0.13699747878138746
Tra Vinh,2019-03-10,0
Tra Vinh,2019-03-11,0
Tra Vinh,2019-03-12,0
Tra Vinh,2019-03-13,0
Tra Vinh,2019-03-14,0
Tra Vinh,2019-03-15,0.11228303038117741
Tra Vinh,2019-03-16,0
Tra Vinh,2019-03-17,0
Tra Vinh,2019-03-18,0
Tra Vinh,2019-03-19,0
Tra Vinh,2019-03-20,0
Tra Vinh,2019-03-21,0
Tra Vinh,2019-03-22,0
Tra Vinh,2019-03-23,0
Tra Vinh,2019-03-24,0
Tra Vinh,2019-03-25,0
Tra Vinh,2019-03-26,0
Tra Vinh,2019-03-27,0
Tra Vinh,2019-03-28,0
Tra Vinh,2019-03-29,0
Tra Vinh,2019-03-30,0
Tra Vinh,2019-03-31,0
Tra Vinh,2019-04-01,0
Tra Vinh,2019-04-02,0
Tra Vinh,2019-04-03,0
Tra Vinh,2019-04-04,0.022026089566251808
Tra Vinh,2019-04-05,0
Tra Vinh,2019-04-06,0
Tra Vinh,2019-04-07,0
Tra Vinh,2019-04-08,0
Tra Vinh,2019-04-09,0
Tra Vinh,2019-04-10,0
Tra Vinh,2019-04-11,0
Tra Vinh,2019-04-12,0.0006324727045525357
Tra Vinh,2019-04-13,0
Tra Vinh,2019-04-14,0
Tra Vinh,2019-04-15,0
Tra Vinh,2019-04-16,1.9291285862775056
Tra Vinh,2019-04-17,0
Tra Vinh,2019-04-18,0
Tra Vinh,2019-04-19,0
Tra Vinh,2019-04-20,0.7395122538973616
Tra Vinh,2019-04-21,5.20626692413194e-05
Tra Vinh,2019-04-22,1.8402755492970583e-05
Tra Vinh,2019-04-23,1.3784170880370896
Tra Vinh,2019-04-24,0.07828763939872861
Tra Vinh,2019-04-25,0.03900108235940825
Tra Vinh,2019-04-26,0
Tra Vinh,2019-04-27,1.7989927676471456
Tra Vinh,2019-04-28,10.925212959173251
Tra Vinh,2019-04-29,0.09049202063684282
Tra Vinh,2019-04-30,0
Tra Vinh,2019-05-01,0
Tra Vinh,2019-05-02,17.140232024976523
Tra Vinh,2019-05-03,1.7918146311451835
Tra Vinh,2019-05-04,2.330894956593638
Tra Vinh,2019-05-05,0.8454583026373184
Tra Vinh,2019-05-06,3.85576284429202
Tra Vinh,2019-05-07,3.504985092989864
Tra Vinh,2019-05-08,2.6329276089038682
Tra Vinh,2019-05-09,7.702185181067175
Tra Vinh,2019-05-10,10.579786817314314
Tra Vinh,2019-05-11,8.48947926829243
Tra Vinh,2019-05-12,6.3573883158825835
Tra Vinh,2019-05-13,2.501203411264013
Tra Vinh,2019-05-14,1.0151416152710584
Tra Vinh,2019-05-15,0.1776195592465962
Tra Vinh,2019-05-16,0
Tra Vinh,2019-05-17,1.3964469903082608
Tra Vinh,2019-05-18,6.365592275773721
Tra Vinh,2019-05-19,6.372701235565341
Tra Vinh,2019-05-20,3.2053289546586514
Tra Vinh,2019-05-21,5.427407157977707
Tra Vinh,2019-05-22,14.246026477427154
Tra Vinh,2019-05-23,1.763475506432508
Tra Vinh,2019-05-24,0.03947296039822041
Tra Vinh,2019-05-25,10.940236124968717
Tra Vinh,2019-05-26,11.94865578931887
Tra Vinh,2019-05-27,1.9372684309395718
Tra Vinh,2019-05-28,3.6681802895143734
Tra Vinh,2019-05-29,5.990246951518882
Tra Vinh,2019-05-30,2.1762840566480994
Tra Vinh,2019-05-31,0.1633003077303953
Tra Vinh,2019-06-01,0
Tra Vinh,2019-06-02,1.7217926480269785
Tra Vinh,2019-06-03,13.551209044452401
Tra Vinh,2019-06-04,9.02837286021784
Tra Vinh,2019-06-05,10.274210572446618
Tra Vinh,2019-06-06,13.953124023613325
Tra Vinh,2019-06-07,2.1405315756165746
Tra Vinh,2019-06-08,9.210783748172464
Tra Vinh,2019-06-09,7.647713352619775
Tra Vinh,2019-06-10,18.387786215139037
Tra Vinh,2019-06-11,4.772243911014656
Tra Vinh,2019-06-12,10.130248183956992
Tra Vinh,2019-06-13,5.665711790491458
Tra Vinh,2019-06-14,2.558629682915463
Tra Vinh,2019-06-15,4.923059431303051
Tra Vinh,2019-06-16,27.32103415629955
Tra Vinh,2019-06-17,1.0686055242821602
Tra Vinh,2019-06-18,0.013130446427986114
Tra Vinh,2019-06-19,0
Tra Vinh,2019-06-20,13.160647296856583
Tra Vinh,2019-06-21,20.192836559632305
Tra Vinh,2019-06-22,7.468835908591452
Tra Vinh,2019-06-23,1.2050278966031724
Tra Vinh,2019-06-24,7.05601837750437
Tra Vinh,2019-06-25,3.093988048147498
Tra Vinh,2019-06-26,0.6005015259260434
Tra Vinh,2019-06-27,0
Tra Vinh,2019-06-28,20.251822949108224
Tra Vinh,2019-06-29,1.0629111018693809
Tra Vinh,2019-06-30,10.49093399898851
Tra Vinh,2019-07-01,9.362133496660276
Tra Vinh,2019-07-02,34.53956821569523
Tra Vinh,2019-07-03,4.2282543052093
Tra Vinh,2019-07-04,6.6894637376238215
Tra Vinh,2019-07-05,0.4226871444890697
Tra Vinh,2019-07-06,0.36254845827445825
Tra Vinh,2019-07-07,5.069450987777852
Tra Vinh,2019-07-08,3.5485462785705004
Tra Vinh,2019-07-09,1.925758791740519
Tra Vinh,2019-07-10,0
Tra Vinh,2019-07-11,1.8361957522667591
Tra Vinh,2019-07-12,0.32565766400672724
Tra Vinh,2019-07-13,5.240668637091548
Tra Vinh,2019-07-14,3.4905780180001713
Tra Vinh,2019-07-15,6.341448667815186
Tra Vinh,2019-07-16,5.7496891771603265
Tra Vinh,2019-07-17,6.629330285628758
Tra Vinh,2019-07-18,8.210825860694023
Tra Vinh,2019-07-19,0
Tra Vinh,2019-07-20,2.1819615164984794
Tra Vinh,2019-07-21,0.013959605448752032
Tra Vinh,2019-07-22,9.168657985368872
Tra Vinh,2019-07-23,6.8301752821000905
Tra Vinh,2019-07-24,15.79727302360926
Tra Vinh,2019-07-25,1.5475241139197282
Tra Vinh,2019-07-26,0.12223301487171241
Tra Vinh,2019-07-27,8.025625469971255
Tra Vinh,2019-07-28,10.020589563343814
Tra Vinh,2019-07-29,6.6756577087260105
Tra Vinh,2019-07-30,5.124786624872564
Tra Vinh,2019-07-31,15.503773778304906
Tra Vinh,2019-08-01,9.06668200320783
Tra Vinh,2019-08-02,17.986631422322567
Tra Vinh,2019-08-03,11.32939678284782
Tra Vinh,2019-08-04,8.570417481751571
Tra Vinh,2019-08-05,11.263884482943174
Tra Vinh,2019-08-06,32.38237881815412
Tra Vinh,2019-08-07,4.985945186106101
Tra Vinh,2019-08-08,30.96423234094692
Tra Vinh,2019-08-09,0.5414616493602196
Tra Vinh,2019-08-10,0
Tra Vinh,2019-08-11,0.14944580727934895
Tra Vinh,2019-08-12,0
Tra Vinh,2019-08-13,7.204632540044364
Tra Vinh,2019-08-14,0.02073326762443896
Tra Vinh,2019-08-15,0
Tra Vinh,2019-08-16,0.819798268017166
Tra Vinh,2019-08-17,0.15064395641248937
Tra Vinh,2019-08-18,0
Tra Vinh,2019-08-19,0
Tra Vinh,2019-08-20,15.781193581813211
Tra Vinh,2019-08-21,4.583380198181032
Tra Vinh,2019-08-22,8.52554123145159
Tra Vinh,2019-08-23,2.7750297951172285
Tra Vinh,2019-08-24,6.853746759131032
Tra Vinh,2019-08-25,19.38005681812243
Tra Vinh,2019-08-26,2.2746304982703873
Tra Vinh,2019-08-27,0
Tra Vinh,2019-08-28,27.321286820133924
Tra Vinh,2019-08-29,29.950183250322205
Tra Vinh,2019-08-30,5.333899801401719
Tra Vinh,2019-08-31,1.777875489896641
Tra Vinh,2019-09-01,2.690689733227399
Tra Vinh,2019-09-02,15.889190622083097
Tra Vinh,2019-09-03,0
Tra Vinh,2019-09-04,11.389051213903835
Tra Vinh,2019-09-05,0.010483607769583318
Tra Vinh,2019-09-06,0
Tra Vinh,2019-09-07,13.39071805698965
Tra Vinh,2019-09-08,3.2495701776032813
Tra Vinh,2019-09-09,0.4085065398192597
Tra Vinh,2019-09-10,0.12567810372489116
Tra Vinh,2019-09-11,0
Tra Vinh,2019-09-12,3.4997211325284816
Tra Vinh,2019-09-13,34.69586740927305
Tra Vinh,2019-09-14,8.430698251181918
Tra Vinh,2019-09-15,0.1692933508814431
Tra Vinh,2019-09-16,21.180458175701748
Tra Vinh,2019-09-17,18.23451419171867
Tra Vinh,2019-09-18,12.585931369559834
Tra Vinh,2019-09-19,0.5006936620153155
Tra Vinh,2019-09-20,2.2109446127597785
Tra Vinh,2019-09-21,6.895194870499596
Tra Vinh,2019-09-22,3.1039564263133563
Tra Vinh,2019-09-23,0
Tra Vinh,2019-09-24,0
Tra Vinh,2019-09-25,0
Tra Vinh,2019-09-26,0.8556439120769092
Tra Vinh,2019-09-27,0.004037650809525342
Tra Vinh,2019-09-28,0
Tra Vinh,2019-09-29,0.004037650809525342
Tra Vinh,2019-09-30,11.822903683088935
Tra Vinh,2019-10-01,1.0386106892693894
Tra Vinh,2019-10-02,4.378909070756426
Tra Vinh,2019-10-03,13.172761792909872
Tra Vinh,2019-10-04,15.342562283473848
Tra Vinh,2019-10-05,6.277307134969674
Tra Vinh,2019-10-06,13.613549514756317
Tra Vinh,2019-10-07,5.906908155425461
Tra Vinh,2019-10-08,4.205898693428704
Tra Vinh,2019-10-09,5.649226736202796
Tra Vinh,2019-10-10,2.180954088507421
Tra Vinh,2019-10-11,0.24212786153134713
Tra Vinh,2019-10-12,0.18991104692439856
Tra Vinh,2019-10-13,1.9263562338054943
Tra Vinh,2019-10-14,0
Tra Vinh,2019-10-15,0
Tra Vinh,2019-10-16,4.327327718097815
Tra Vinh,2019-10-17,3.490854761529951
Tra Vinh,2019-10-18,7.506813836012085
Tra Vinh,2019-10-19,24.78175334614811
Tra Vinh,2019-10-20,0.8718264823655542
Tra Vinh,2019-10-21,1.3753498028196065
Tra Vinh,2019-10-22,0
Tra Vinh,2019-10-23,0
Tra Vinh,2019-10-24,0
Tra Vinh,2019-10-25,0
Tra Vinh,2019-10-26,0
Tra Vinh,2019-10-27,0.24528999776743973
Tra Vinh,2019-10-28,1.6057816252497212
Tra Vinh,2019-10-29,0
Tra Vinh,2019-10-30,7.838574193676698
Tra Vinh,2019-10-31,3.377009610875316
Tra Vinh,2019-11-01,1.021101397450243
Tra Vinh,2019-11-02,3.0603248826944056
Tra Vinh,2019-11-03,16.643670515665864
Tra Vinh,2019-11-04,5.182969733142478
Tra Vinh,2019-11-05,11.473510979525505
Tra Vinh,2019-11-06,21.972405609481854
Tra Vinh,2019-11-07,0.4597617696243737
Tra Vinh,2019-11-08,12.118761161198586
Tra Vinh,2019-11-09,13.928337120002649
Tra Vinh,2019-11-10,34.67207132809707
Tra Vinh,2019-11-11,0.29700288265224833
Tra Vinh,2019-11-12,0.680217385058864
Tra Vinh,2019-11-13,3.935375024538602
Tra Vinh,2019-11-14,3.2035092309497024
Tra Vinh,2019-11-15,0.04107334201295984
Tra Vinh,2019-11-16,0
Tra Vinh,2019-11-17,0
Tra Vinh,2019-11-18,0
Tra Vinh,2019-11-19,0.6238758139514874
Tra Vinh,2019-11-20,0
Tra Vinh,2019-11-21,0
Tra Vinh,2019-11-22,0
Tra Vinh,2019-11-23,0
Tra Vinh,2019-11-24,0.029790910835324827
Tra Vinh,2019-11-25,6.409139013991756
Tra Vinh,2019-11-26,2.158472794548189
Tra Vinh,2019-11-27,0.40240919980428674
Tra Vinh,2019-11-28,0
Tra Vinh,2019-11-29,0
Tra Vinh,2019-11-30,0
Tra Vinh,2019-12-01,0
Tra Vinh,2019-12-02,0.779273549603543
Tra Vinh,2019-12-03,0.11949239962525461
Tra Vinh,2019-12-04,0
Tra Vinh,2019-12-05,0
Tra Vinh,2019-12-06,0
Tra Vinh,2019-12-07,0
Tra Vinh,2019-12-08,0
Tra Vinh,2019-12-09,0
Tra Vinh,2019-12-10,0
Tra Vinh,2019-12-11,0
Tra Vinh,2019-12-12,0.9655455517038964
Tra Vinh,2019-12-13,0
Tra Vinh,2019-12-14,3.2466453770928974
Tra Vinh,2019-12-15,0.01839615743303372
Tra Vinh,2019-12-16,1.4555159657964218
Tra Vinh,2019-12-17,0
Tra Vinh,2019-12-18,3.441795295204732
Tra Vinh,2019-12-19,0
Tra Vinh,2019-12-20,0
Tra Vinh,2019-12-21,0
Tra Vinh,2019-12-22,0
Tra Vinh,2019-12-23,0
Tra Vinh,2019-12-24,0
Tra Vinh,2019-12-25,0
Tra Vinh,2019-12-26,0.03372282604284728
Tra Vinh,2019-12-27,0
Tra Vinh,2019-12-28,0
Tra Vinh,2019-12-29,0.029704855031512094
Tra Vinh,2019-12-30,0.166899425077789
Tra Vinh,2019-12-31,0.9079343291537585
Tra Vinh,2020-01-01,0
Tra Vinh,2020-01-02,0
Tra Vinh,2020-01-03,0.12336124974437221
Tra Vinh,2020-01-04,0
Tra Vinh,2020-01-05,0
Tra Vinh,2020-01-06,0
Tra Vinh,2020-01-07,0
Tra Vinh,2020-01-08,0
Tra Vinh,2020-01-09,0
Tra Vinh,2020-01-10,0
Tra Vinh,2020-01-11,0.2959561384660026
Tra Vinh,2020-01-12,0
Tra Vinh,2020-01-13,0
Tra Vinh,2020-01-14,0
Tra Vinh,2020-01-15,0
Tra Vinh,2020-01-16,0
Tra Vinh,2020-01-17,0.34050245063415396
Tra Vinh,2020-01-18,0
Tra Vinh,2020-01-19,0
Tra Vinh,2020-01-20,0
Tra Vinh,2020-01-21,0
Tra Vinh,2020-01-22,0
Tra Vinh,2020-01-23,0
Tra Vinh,2020-01-24,0
Tra Vinh,2020-01-25,0
Tra Vinh,2020-01-26,0
Tra Vinh,2020-01-27,0
Tra Vinh,2020-01-28,0
Tra Vinh,2020-01-29,0
Tra Vinh,2020-01-30,0
Tra Vinh,2020-01-31,0.17300054732195957
Tra Vinh,2020-02-01,0.1619724840695417
Tra Vinh,2020-02-02,0
Tra Vinh,2020-02-03,0.0005226089992298108
Tra Vinh,2020-02-04,0
Tra Vinh,2020-02-05,0
Tra Vinh,2020-02-06,0
Tra Vinh,2020-02-07,0
Tra Vinh,2020-02-08,0
Tra Vinh,2020-02-09,0
Tra Vinh,2020-02-10,0
Tra Vinh,2020-02-11,0
Tra Vinh,2020-02-12,0
Tra Vinh,2020-02-13,0
Tra Vinh,2020-02-14,0
Tra Vinh,2020-02-15,0
Tra Vinh,2020-02-16,0.19737419723057634
Tra Vinh,2020-02-17,0.0004632767804039631
Tra Vinh,2020-02-18,0
Tra Vinh,2020-02-19,0
Tra Vinh,2020-02-20,0
Tra Vinh,2020-02-21,0
Tra Vinh,2020-02-22,0
Tra Vinh,2020-02-23,0.02725812472174957
Tra Vinh,2020-02-24,0
Tra Vinh,2020-02-25,0
Tra Vinh,2020-02-26,0
Tra Vinh,2020-02-27,0
Tra Vinh,2020-02-28,0
Tra Vinh,2020-02-29,0
Tra Vinh,2020-03-01,0
Tra Vinh,2020-03-02,0
Tra Vinh,2020-03-03,0
Tra Vinh,2020-03-04,0
Tra Vinh,2020-03-05,2.1654441818653543
Tra Vinh,2020-03-06,0
Tra Vinh,2020-03-07,0
Tra Vinh,2020-03-08,0
Tra Vinh,2020-03-09,0
Tra Vinh,2020-03-10,0
Tra Vinh,2020-03-11,2.237154936859785
Tra Vinh,2020-03-12,0
Tra Vinh,2020-03-13,0
Tra Vinh,2020-03-14,0
Tra Vinh,2020-03-15,0
Tra Vinh,2020-03-16,0
Tra Vinh,2020-03-17,0
Tra Vinh,2020-03-18,0
Tra Vinh,2020-03-19,0
Tra Vinh,2020-03-20,0
Tra Vinh,2020-03-21,0
Tra Vinh,2020-03-22,0
Tra Vinh,2020-03-23,0
Tra Vinh,2020-03-24,0
Tra Vinh,2020-03-25,0
Tra Vinh,2020-03-26,0
Tra Vinh,2020-03-27,0
Tra Vinh,2020-03-28,0
Tra Vinh,2020-03-29,0
Tra Vinh,2020-03-30,0.27542832818462715
Tra Vinh,2020-03-31,0
Tra Vinh,2020-04-01,0
Tra Vinh,2020-04-02,0
Tra Vinh,2020-04-03,0
Tra Vinh,2020-04-04,0
Tra Vinh,2020-04-05,0
Tra Vinh,2020-04-06,0
Tra Vinh,2020-04-07,0
Tra Vinh,2020-04-08,0
Tra Vinh,2020-04-09,0
Tra Vinh,2020-04-10,0
Tra Vinh,2020-04-11,0
Tra Vinh,2020-04-12,0.29342205199865834
Tra Vinh,2020-04-13,16.58725390408576
Tra Vinh,2020-04-14,0
Tra Vinh,2020-04-15,0
Tra Vinh,2020-04-16,0
Tra Vinh,2020-04-17,0
Tra Vinh,2020-04-18,0
Tra Vinh,2020-04-19,0
Tra Vinh,2020-04-20,0
Tra Vinh,2020-04-21,0
Tra Vinh,2020-04-22,0
Tra Vinh,2020-04-23,0
Tra Vinh,2020-04-24,0
Tra Vinh,2020-04-25,0.11785367281085835
Tra Vinh,2020-04-26,1.4053499667598013
Tra Vinh,2020-04-27,0.1969227200902505
Tra Vinh,2020-04-28,0.07211622938817028
Tra Vinh,2020-04-29,0.5048083012249198
Tra Vinh,2020-04-30,0
Tra Vinh,2020-05-01,0
Tra Vinh,2020-05-02,0
Tra Vinh,2020-05-03,0
Tra Vinh,2020-05-04,0
Tra Vinh,2020-05-05,0
Tra Vinh,2020-05-06,0.25006435909127706
Tra Vinh,2020-05-07,0
Tra Vinh,2020-05-08,0
Tra Vinh,2020-05-09,0
Tra Vinh,2020-05-10,0.09908650224996218
Tra Vinh,2020-05-11,0
Tra Vinh,2020-05-12,0
Tra Vinh,2020-05-13,0
Tra Vinh,2020-05-14,0
Tra Vinh,2020-05-15,0
Tra Vinh,2020-05-16,7.141640806179768
Tra Vinh,2020-05-17,2.8527535060052687
Tra Vinh,2020-05-18,0.016598283357654488
Tra Vinh,2020-05-19,7.909456711396897
Tra Vinh,2020-05-20,5.157908818692002
Tra Vinh,2020-05-21,1.9133911926700087
Tra Vinh,2020-05-22,2.125180666015885
Tra Vinh,2020-05-23,9.868625851335617
Tra Vinh,2020-05-24,4.635717734365722
Tra Vinh,2020-05-25,1.0005657702623236
Tra Vinh,2020-05-26,0
Tra Vinh,2020-05-27,1.6117186585063092
Tra Vinh,2020-05-28,7.43141514293267
Tra Vinh,2020-05-29,7.274105625803375
Tra Vinh,2020-05-30,6.892058383894511
Tra Vinh,2020-05-31,3.8327574063228176
Tra Vinh,2020-06-01,18.549950477056314
Tra Vinh,2020-06-02,8.578453721196015
Tra Vinh,2020-06-03,4.272276118084244
Tra Vinh,2020-06-04,9.831294865430431
Tra Vinh,2020-06-05,9.258914330993651
Tra Vinh,2020-06-06,4.44538517341423
Tra Vinh,2020-06-07,2.048013284376835
Tra Vinh,2020-06-08,4.189683034437546
Tra Vinh,2020-06-09,8.871322961389378
Tra Vinh,2020-06-10,12.141325777996418
Tra Vinh,2020-06-11,6.077542569528425
Tra Vinh,2020-06-12,10.506459764197112
Tra Vinh,2020-06-13,33.22438879340903
Tra Vinh,2020-06-14,28.18900179133082
Tra Vinh,2020-06-15,9.994369555420802
Tra Vinh,2020-06-16,6.604374978916247
Tra Vinh,2020-06-17,5.4982714401221955
Tra Vinh,2020-06-18,17.157432148349326
Tra Vinh,2020-06-19,14.26293200693804
Tra Vinh,2020-06-20,16.250972958738142
Tra Vinh,2020-06-21,6.407130778926608
Tra Vinh,2020-06-22,0.22625223091163651
Tra Vinh,2020-06-23,0.015124735107213098
Tra Vinh,2020-06-24,2.723090266741013
Tra Vinh,2020-06-25,6.246446426992886
Tra Vinh,2020-06-26,5.019334884348009
Tra Vinh,2020-06-27,9.439492257095631
Tra Vinh,2020-06-28,24.488087438407547
Tra Vinh,2020-06-29,14.146008928209074
Tra Vinh,2020-06-30,12.44349271439274
Tra Vinh,2020-07-01,9.017467126410823
Tra Vinh,2020-07-02,21.68220099482104
Tra Vinh,2020-07-03,5.910507177132222
Tra Vinh,2020-07-04,0
Tra Vinh,2020-07-05,7.885914847874042
Tra Vinh,2020-07-06,8.254412647463507
Tra Vinh,2020-07-07,0
Tra Vinh,2020-07-08,6.8267464511044205
Tra Vinh,2020-07-09,0.2224053597988502
Tra Vinh,2020-07-10,4.3713165555465965
Tra Vinh,2020-07-11,4.3175847440759245
Tra Vinh,2020-07-12,6.466718896772384
Tra Vinh,2020-07-13,4.6842255924570475
Tra Vinh,2020-07-14,9.69512025659994
Tra Vinh,2020-07-15,7.174210405429246
Tra Vinh,2020-07-16,1.4257665691667583
Tra Vinh,2020-07-17,1.2831258176753786
Tra Vinh,2020-07-18,0.9974799418701831
Tra Vinh,2020-07-19,0.9215668064899064
Tra Vinh,2020-07-20,1.8559773869752598
Tra Vinh,2020-07-21,5.134242281875836
Tra Vinh,2020-07-22,0
Tra Vinh,2020-07-23,8.115947201310293
Tra Vinh,2020-07-24,9.756926980276729
Tra Vinh,2020-07-25,0.556748777836923
Tra Vinh,2020-07-26,0
Tra Vinh,2020-07-27,1.1237400476700505
Tra Vinh,2020-07-28,3.1024959075954484
Tra Vinh,2020-07-29,13.867337537765989
Tra Vinh,2020-07-30,15.314154221580562
Tra Vinh,2020-07-31,23.1966699689438
Tra Vinh,2020-08-01,12.425058147102737
Tra Vinh,2020-08-02,24.35530261730808
Tra Vinh,2020-08-03,4.9766992319235746
Tra Vinh,2020-08-04,0
Tra Vinh,2020-08-05,26.271946043076827
Tra Vinh,2020-08-06,35.06521960521571
Tra Vinh,2020-08-07,0.14441134635252648
Tra Vinh,2020-08-08,0.5089308216528176
Tra Vinh,2020-08-09,10.241422548586838
Tra Vinh,2020-08-10,0.013867290565982645
Tra Vinh,2020-08-11,7.781709123090001
Tra Vinh,2020-08-12,14.888844065163015
Tra Vinh,2020-08-13,11.562550860346738
Tra Vinh,2020-08-14,6.175775363789024
Tra Vinh,2020-08-15,1.7251434520878342
Tra Vinh,2020-08-16,7.600281152242836
Tra Vinh,2020-08-17,5.688245209400646
Tra Vinh,2020-08-18,14.108340084868782
Tra Vinh,2020-08-19,14.007228463291812
Tra Vinh,2020-08-20,5.640866681400764
Tra Vinh,2020-08-21,2.8069355393018767
Tra Vinh,2020-08-22,0.7678443510368865
Tra Vinh,2020-08-23,0.4697774868144404
Tra Vinh,2020-08-24,2.032164310020566
Tra Vinh,2020-08-25,2.06584912386637
Tra Vinh,2020-08-26,0.4638780046369716
Tra Vinh,2020-08-27,4.063236913763398
Tra Vinh,2020-08-28,2.017271589739457
Tra Vinh,2020-08-29,8.289768381895152
Tra Vinh,2020-08-30,0.9714254444840628
Tra Vinh,2020-08-31,1.043656932384066
Tra Vinh,2020-09-01,3.1138554392501967
Tra Vinh,2020-09-02,17.393963952420894
Tra Vinh,2020-09-03,0
Tra Vinh,2020-09-04,0
Tra Vinh,2020-09-05,0
Tra Vinh,2020-09-06,3.2649283500457384
Tra Vinh,2020-09-07,0.05122355662881359
Tra Vinh,2020-09-08,0.4367850754675711
Tra Vinh,2020-09-09,15.280137122808934
Tra Vinh,2020-09-10,3.740275170408764
Tra Vinh,2020-09-11,2.878243784955858
Tra Vinh,2020-09-12,5.821064941390101
Tra Vinh,2020-09-13,14.394611451918184
Tra Vinh,2020-09-14,15.763645936591779
Tra Vinh,2020-09-15,6.1951419474916705
Tra Vinh,2020-09-16,9.773913905337993
Tra Vinh,2020-09-17,23.060482277714414
Tra Vinh,2020-09-18,34.06070736613827
Tra Vinh,2020-09-19,6.305083435061283
Tra Vinh,2020-09-20,0.44098743166642634
Tra Vinh,2020-09-21,0.1997181468281518
Tra Vinh,2020-09-22,6.574751010160475
Tra Vinh,2020-09-23,2.435637809210034
Tra Vinh,2020-09-24,5.062432455867707
Tra Vinh,2020-09-25,20.884787109258216
Tra Vinh,2020-09-26,18.450338542614297
Tra Vinh,2020-09-27,29.750780364152842
Tra Vinh,2020-09-28,6.579263355826971
Tra Vinh,2020-09-29,16.32142366876923
Tra Vinh,2020-09-30,0
Tra Vinh,2020-10-01,15.655390931965854
Tra Vinh,2020-10-02,6.231891458556856
Tra Vinh,2020-10-03,2.1982388381206093
Tra Vinh,2020-10-04,24.765277305627166
Tra Vinh,2020-10-05,17.93740787607228
Tra Vinh,2020-10-06,15.87518389459061
Tra Vinh,2020-10-07,6.020884481662151
Tra Vinh,2020-10-08,21.384658477052326
Tra Vinh,2020-10-09,21.114735816877594
Tra Vinh,2020-10-10,24.430240860918307
Tra Vinh,2020-10-11,19.88551613928539
Tra Vinh,2020-10-12,19.11588873348624
Tra Vinh,2020-10-13,21.302179394001545
Tra Vinh,2020-10-14,30.040833642100676
Tra Vinh,2020-10-15,11.492487798944913
Tra Vinh,2020-10-16,34.44696854183117
Tra Vinh,2020-10-17,18.950178155210747
Tra Vinh,2020-10-18,31.506110042593544
Tra Vinh,2020-10-19,4.604472681826477
Tra Vinh,2020-10-20,3.8064724550056352
Tra Vinh,2020-10-21,27.56827880668705
Tra Vinh,2020-10-22,1.4951700903277771
Tra Vinh,2020-10-23,5.3682680324303576
Tra Vinh,2020-10-24,0.5776587652715635
Tra Vinh,2020-10-25,11.956519389817174
Tra Vinh,2020-10-26,2.9708409467446035
Tra Vinh,2020-10-27,0.7185398254467726
Tra Vinh,2020-10-28,8.583752173428985
Tra Vinh,2020-10-29,6.585936934393002
Tra Vinh,2020-10-30,10.044953111483332
Tra Vinh,2020-10-31,7.4319565448676155
Tra Vinh,2020-11-01,18.513715627235445
Tra Vinh,2020-11-02,0.9539321742140167
Tra Vinh,2020-11-03,1.3641148744250067
Tra Vinh,2020-11-04,0.20228435346075913
Tra Vinh,2020-11-05,1.8842052041271184
Tra Vinh,2020-11-06,12.768987567379511
Tra Vinh,2020-11-07,0.005824316296186817
Tra Vinh,2020-11-08,1.9327366791648988
Tra Vinh,2020-11-09,2.200776198245897
Tra Vinh,2020-11-10,0.9792202467263526
Tra Vinh,2020-11-11,0
Tra Vinh,2020-11-12,0.051482192915852334
Tra Vinh,2020-11-13,0.36858618950586913
Tra Vinh,2020-11-14,0
Tra Vinh,2020-11-15,0
Tra Vinh,2020-11-16,0
Tra Vinh,2020-11-17,0
Tra Vinh,2020-11-18,0
Tra Vinh,2020-11-19,0.5115449245473105
Tra Vinh,2020-11-20,0.192313013819725
Tra Vinh,2020-11-21,0.6375898018196461
Tra Vinh,2020-11-22,0
Tra Vinh,2020-11-23,2.1604425723642
Tra Vinh,2020-11-24,0
Tra Vinh,2020-11-25,11.192593048347533
Tra Vinh,2020-11-26,0
Tra Vinh,2020-11-27,0.20759215545752155
Tra Vinh,2020-11-28,13.653336166540369
Tra Vinh,2020-11-29,4.199953707564849
Tra Vinh,2020-11-30,8.227639411562873
Tra Vinh,2020-12-01,0.7848156861857672
Tra Vinh,2020-12-02,0
Tra Vinh,2020-12-03,0
Tra Vinh,2020-12-04,0
Tra Vinh,2020-12-05,0.19548374552063727
Tra Vinh,2020-12-06,0.05426125698605825
Tra Vinh,2020-12-07,1.1899643965372573
Tra Vinh,2020-12-08,0.005480437125225076
Tra Vinh,2020-12-09,0
Tra Vinh,2020-12-10,0.015579332994644061
Tra Vinh,2020-12-11,4.20750309563364
Tra Vinh,2020-12-12,0
Tra Vinh,2020-12-13,0.03635206962826518
Tra Vinh,2020-12-14,0
Tra Vinh,2020-12-15,0.13315583006814133
Tra Vinh,2020-12-16,0
Tra Vinh,2020-12-17,0
Tra Vinh,2020-12-18,3.9043971131719317
Tra Vinh,2020-12-19,8.690241783046917
Tra Vinh,2020-12-20,0.27443250655944434
Tra Vinh,2020-12-21,2.3814738997643228
Tra Vinh,2020-12-22,14.105243076804316
Tra Vinh,2020-12-23,11.074128065758408
Tra Vinh,2020-12-24,0
Tra Vinh,2020-12-25,0
Tra Vinh,2020-12-26,0
Tra Vinh,2020-12-27,0.8221919557641302
Tra Vinh,2020-12-28,0.2536956832737968
Tra Vinh,2020-12-29,0.05234176567299295
Tra Vinh,2020-12-30,4.288091173778746
Tra Vinh,2020-12-31,0
Tra Vinh,2021-01-01,0.486689218192686
Tra Vinh,2021-01-02,0
Tra Vinh,2021-01-03,0.37960022053332
Tra Vinh,2021-01-04,0.06967206070193556
Tra Vinh,2021-01-05,1.0931315388952907
Tra Vinh,2021-01-06,0.030235009446640752
Tra Vinh,2021-01-07,0.17747801693663828
Tra Vinh,2021-01-08,0.6528277985837003
Tra Vinh,2021-01-09,0
Tra Vinh,2021-01-10,0.04175437330098687
Tra Vinh,2021-01-11,0.0018140244977340057
Tra Vinh,2021-01-12,0
Tra Vinh,2021-01-13,0
Tra Vinh,2021-01-14,0.002166296294739822
Tra Vinh,2021-01-15,0
Tra Vinh,2021-01-16,0.2746661639308366
Tra Vinh,2021-01-17,0
Tra Vinh,2021-01-18,0
Tra Vinh,2021-01-19,0.06387796842309781
Tra Vinh,2021-01-20,0.23564887847557056
Tra Vinh,2021-01-21,0.26839508641494
Tra Vinh,2021-01-22,0
Tra Vinh,2021-01-23,0
Tra Vinh,2021-01-24,0
Tra Vinh,2021-01-25,0
Tra Vinh,2021-01-26,0
Tra Vinh,2021-01-27,0.03913038216208889
Tra Vinh,2021-01-28,0
Tra Vinh,2021-01-29,0
Tra Vinh,2021-01-30,0.1254995968864986
Tra Vinh,2021-01-31,0
Tra Vinh,2021-02-01,0
Tra Vinh,2021-02-02,0
Tra Vinh,2021-02-03,0
Tra Vinh,2021-02-04,0
Tra Vinh,2021-02-05,0
Tra Vinh,2021-02-06,0
Tra Vinh,2021-02-07,0
Tra Vinh,2021-02-08,0
Tra Vinh,2021-02-09,0
Tra Vinh,2021-02-10,0
Tra Vinh,2021-02-11,0.2470905964489123
Tra Vinh,2021-02-12,0
Tra Vinh,2021-02-13,0
Tra Vinh,2021-02-14,0
Tra Vinh,2021-02-15,0
Tra Vinh,2021-02-16,0
Tra Vinh,2021-02-17,0
Tra Vinh,2021-02-18,0
Tra Vinh,2021-02-19,0.6054257032849633
Tra Vinh,2021-02-20,0
Tra Vinh,2021-02-21,0
Tra Vinh,2021-02-22,0
Tra Vinh,2021-02-23,0
Tra Vinh,2021-02-24,0.24824064152453196
Tra Vinh,2021-02-25,0.6569658009663838
Tra Vinh,2021-02-26,0
Tra Vinh,2021-02-27,0
Tra Vinh,2021-02-28,0
Tra Vinh,2021-03-01,0.018439807916515318
Tra Vinh,2021-03-02,0
Tra Vinh,2021-03-03,0
Tra Vinh,2021-03-04,0
Tra Vinh,2021-03-05,0
Tra Vinh,2021-03-06,0
Tra Vinh,2021-03-07,0
Tra Vinh,2021-03-08,0
Tra Vinh,2021-03-09,0.24678732464715966
Tra Vinh,2021-03-10,0
Tra Vinh,2021-03-11,0
Tra Vinh,2021-03-12,0
Tra Vinh,2021-03-13,0
Tra Vinh,2021-03-14,0
Tra Vinh,2021-03-15,0
Tra Vinh,2021-03-16,0
Tra Vinh,2021-03-17,0
Tra Vinh,2021-03-18,0
Tra Vinh,2021-03-19,0
Tra Vinh,2021-03-20,0
Tra Vinh,2021-03-21,0
Tra Vinh,2021-03-22,0
Tra Vinh,2021-03-23,0.27903830804783236
Tra Vinh,2021-03-24,0
Tra Vinh,2021-03-25,0
Tra Vinh,2021-03-26,0.2521518210743316
Tra Vinh,2021-03-27,1.0854800739246737
Tra Vinh,2021-03-28,0
Tra Vinh,2021-03-29,0
Tra Vinh,2021-03-30,0
Tra Vinh,2021-03-31,0
Tra Vinh,2021-04-01,0
Tra Vinh,2021-04-02,3.7859120363248837
Tra Vinh,2021-04-03,0
Tra Vinh,2021-04-04,0.5072183043340627
Tra Vinh,2021-04-05,0
Tra Vinh,2021-04-06,0
Tra Vinh,2021-04-07,0
Tra Vinh,2021-04-08,0
Tra Vinh,2021-04-09,0
Tra Vinh,2021-04-10,0
Tra Vinh,2021-04-11,0
Tra Vinh,2021-04-12,0
Tra Vinh,2021-04-13,0
Tra Vinh,2021-04-14,3.256341767694392
Tra Vinh,2021-04-15,7.824792089412531
Tra Vinh,2021-04-16,9.524315903354795
Tra Vinh,2021-04-17,1.088385566679131
Tra Vinh,2021-04-18,3.180038908097975
Tra Vinh,2021-04-19,9.183702078164488
Tra Vinh,2021-04-20,0.2777227301546216
Tra Vinh,2021-04-21,24.14949118110366
Tra Vinh,2021-04-22,29.56013403008976
Tra Vinh,2021-04-23,6.631963715831376
Tra Vinh,2021-04-24,2.4183377591650643
Tra Vinh,2021-04-25,8.015447699536375
Tra Vinh,2021-04-26,0.028009221148894585
Tra Vinh,2021-04-27,0.862035858156091
Tra Vinh,2021-04-28,0
Tra Vinh,2021-04-29,0
Tra Vinh,2021-04-30,0
Tra Vinh,2021-05-01,0
Tra Vinh,2021-05-02,0
Tra Vinh,2021-05-03,0.14389923700659174
Tra Vinh,2021-05-04,0
Tra Vinh,2021-05-05,4.29684896239342
Tra Vinh,2021-05-06,8.381762231427908
Tra Vinh,2021-05-07,17.00033206472401
Tra Vinh,2021-05-08,5.9308816720853414
Tra Vinh,2021-05-09,0
Tra Vinh,2021-05-10,0
Tra Vinh,2021-05-11,0
Tra Vinh,2021-05-12,1.0544156570383192
Tra Vinh,2021-05-13,0.004647687987341765
Tra Vinh,2021-05-14,1.7712200281608605
Tra Vinh,2021-05-15,9.826572860818409
Tra Vinh,2021-05-16,0
Tra Vinh,2021-05-17,21.173076519338984
Tra Vinh,2021-05-18,6.189122290188824
Tra Vinh,2021-05-19,3.921454264462371
Tra Vinh,2021-05-20,0
Tra Vinh,2021-05-21,26.38083626189475
Tra Vinh,2021-05-22,7.544576714706358
Tra Vinh,2021-05-23,13.342270937968214
Tra Vinh,2021-05-24,13.857192615209241
Tra Vinh,2021-05-25,27.03032645458275
Tra Vinh,2021-05-26,5.680536494594323
Tra Vinh,2021-05-27,9.30928554548368
Tra Vinh,2021-05-28,0
Tra Vinh,2021-05-29,3.6585374487268014
Tra Vinh,2021-05-30,0.2376674148023933
Tra Vinh,2021-05-31,4.136904503599036
Tra Vinh,2021-06-01,7.863678838812388
Tra Vinh,2021-06-02,4.324127879400873
Tra Vinh,2021-06-03,0.46190491543481615
Tra Vinh,2021-06-04,0.6927266750087773
Tra Vinh,2021-06-05,4.006362435490285
Tra Vinh,2021-06-06,8.317744480232221
Tra Vinh,2021-06-07,4.21630880407376
Tra Vinh,2021-06-08,4.770171076084827
Tra Vinh,2021-06-09,9.71105013127936
Tra Vinh,2021-06-10,3.8295741426306584
Tra Vinh,2021-06-11,23.41893183687558
Tra Vinh,2021-06-12,0.7210520898987945
Tra Vinh,2021-06-13,0.744593488103776
Tra Vinh,2021-06-14,10.949788173529065
Tra Vinh,2021-06-15,15.539260036969395
Tra Vinh,2021-06-16,3.055402684343233
Tra Vinh,2021-06-17,5.5035391408387495
Tra Vinh,2021-06-18,0.05599602530384667
Tra Vinh,2021-06-19,2.3909783951233483
Tra Vinh,2021-06-20,0.5005928764531646
Tra Vinh,2021-06-21,0.4659706565871775
Tra Vinh,2021-06-22,4.5953458443205015
Tra Vinh,2021-06-23,1.3999083097498497
Tra Vinh,2021-06-24,0
Tra Vinh,2021-06-25,0.9759602147186841
Tra Vinh,2021-06-26,0
Tra Vinh,2021-06-27,0
Tra Vinh,2021-06-28,1.511703117394908
Tra Vinh,2021-06-29,1.5574518028479143
Tra Vinh,2021-06-30,7.610398928885053
Tra Vinh,2021-07-01,0
Tra Vinh,2021-07-02,0
Tra Vinh,2021-07-03,7.524642002150323
Tra Vinh,2021-07-04,3.3952222616321426
Tra Vinh,2021-07-05,11.302881080369898
Tra Vinh,2021-07-06,14.89012895053281
Tra Vinh,2021-07-07,6.980775980760199
Tra Vinh,2021-07-08,2.611453147266427
Tra Vinh,2021-07-09,0.35031689565080193
Tra Vinh,2021-07-10,0
Tra Vinh,2021-07-11,1.1570327602453019
Tra Vinh,2021-07-12,4.192758911019291
Tra Vinh,2021-07-13,5.524498753350311
Tra Vinh,2021-07-14,25.499712824107874
Tra Vinh,2021-07-15,22.871174584744786
Tra Vinh,2021-07-16,1.132591216843903
Tra Vinh,2021-07-17,3.1093070258314586
Tra Vinh,2021-07-18,14.941206611933737
Tra Vinh,2021-07-19,0.03425374856989302
Tra Vinh,2021-07-20,7.561066004074759
Tra Vinh,2021-07-21,0.24049942422488088
Tra Vinh,2021-07-22,0.6263151649574916
Tra Vinh,2021-07-23,13.043921852633757
Tra Vinh,2021-07-24,0.6596729262824831
Tra Vinh,2021-07-25,3.697223465850828
Tra Vinh,2021-07-26,3.987992837701431
Tra Vinh,2021-07-27,6.3804585249664125
Tra Vinh,2021-07-28,2.144599066344166
Tra Vinh,2021-07-29,3.7103248966317177
Tra Vinh,2021-07-30,6.493765921822687
Tra Vinh,2021-07-31,3.738144653545234
Tra Vinh,2021-08-01,2.585924926855349
Tra Vinh,2021-08-02,0
Tra Vinh,2021-08-03,2.068311881994577
Tra Vinh,2021-08-04,1.9974441781132894
Tra Vinh,2021-08-05,21.817245907838146
Tra Vinh,2021-08-06,6.342585825728454
Tra Vinh,2021-08-07,0
Tra Vinh,2021-08-08,0
Tra Vinh,2021-08-09,0
Tra Vinh,2021-08-10,1.5155126723098167
Tra Vinh,2021-08-11,17.517117505483753
Tra Vinh,2021-08-12,0.7417879743169917
Tra Vinh,2021-08-13,4.873887564476604
Tra Vinh,2021-08-14,11.23490032508309
Tra Vinh,2021-08-15,10.295650191871411
Tra Vinh,2021-08-16,0.5175832770044871
Tra Vinh,2021-08-17,4.0294405990570885
Tra Vinh,2021-08-18,0.3449677157161458
Tra Vinh,2021-08-19,5.883741033633833
Tra Vinh,2021-08-20,4.279734048544493
Tra Vinh,2021-08-21,0
Tra Vinh,2021-08-22,2.234878054231135
Tra Vinh,2021-08-23,25.68123996973404
Tra Vinh,2021-08-24,17.638131107696005
Tra Vinh,2021-08-25,18.886628501900898
Tra Vinh,2021-08-26,9.188259512007654
Tra Vinh,2021-08-27,27.499794217650035
Tra Vinh,2021-08-28,10.429498330699046
Tra Vinh,2021-08-29,9.723372004715948
Tra Vinh,2021-08-30,3.3645531863703035
Tra Vinh,2021-08-31,1.6238857593539635
Tra Vinh,2021-09-01,4.330421108903487
Tra Vinh,2021-09-02,5.951897363041288
Tra Vinh,2021-09-03,28.4458928239107
Tra Vinh,2021-09-04,1.117213736074652
Tra Vinh,2021-09-05,7.9952970290971015
Tra Vinh,2021-09-06,0.10838240832574593
Tra Vinh,2021-09-07,19.57198040469479
Tra Vinh,2021-09-08,6.838261428359675
Tra Vinh,2021-09-09,8.889165637328803
Tra Vinh,2021-09-10,14.359060242846004
Tra Vinh,2021-09-11,5.684128488763612
Tra Vinh,2021-09-12,6.565737958257779
Tra Vinh,2021-09-13,15.11673678453914
Tra Vinh,2021-09-14,28.905620150062923
Tra Vinh,2021-09-15,0.08544083670793444
Tra Vinh,2021-09-16,0.4207387779928057
Tra Vinh,2021-09-17,3.912706465461792
Tra Vinh,2021-09-18,12.466372292878097
Tra Vinh,2021-09-19,12.921502500145543
Tra Vinh,2021-09-20,2.1322577796839477
Tra Vinh,2021-09-21,0.7091489324248385
Tra Vinh,2021-09-22,13.097087438562822
Tra Vinh,2021-09-23,5.709496551912136
Tra Vinh,2021-09-24,17.41640027127593
Tra Vinh,2021-09-25,19.021107746552907
Tra Vinh,2021-09-26,6.149845254264245
Tra Vinh,2021-09-27,12.799197882266048
Tra Vinh,2021-09-28,0.24886288719542596
Tra Vinh,2021-09-29,1.8231643764752903
Tra Vinh,2021-09-30,11.310194381795743
Tra Vinh,2021-10-01,11.0221100202764
Tra Vinh,2021-10-02,13.321234044120189
Tra Vinh,2021-10-03,3.6949085028778685
Tra Vinh,2021-10-04,27.71875009541636
Tra Vinh,2021-10-05,29.864230714171327
Tra Vinh,2021-10-06,9.321875200366204
Tra Vinh,2021-10-07,1.556009732292557
Tra Vinh,2021-10-08,9.945561506900296
Tra Vinh,2021-10-09,9.842035692207459
Tra Vinh,2021-10-10,6.943915214378729
Tra Vinh,2021-10-11,32.86083758621515
Tra Vinh,2021-10-12,0
Tra Vinh,2021-10-13,6.619094916729103
Tra Vinh,2021-10-14,0.02735228707326749
Tra Vinh,2021-10-15,28.478063930705893
Tra Vinh,2021-10-16,6.698664824861082
Tra Vinh,2021-10-17,0.09315823701297764
Tra Vinh,2021-10-18,1.4162281443262497
Tra Vinh,2021-10-19,0
Tra Vinh,2021-10-20,27.883657226037307
Tra Vinh,2021-10-21,0.43292339057703794
Tra Vinh,2021-10-22,5.428471730849018
Tra Vinh,2021-10-23,10.463882624358826
Tra Vinh,2021-10-24,2.8791488587234446
Tra Vinh,2021-10-25,4.735857582518395
Tra Vinh,2021-10-26,14.39618896606214
Tra Vinh,2021-10-27,1.280080597931164
Tra Vinh,2021-10-28,0
Tra Vinh,2021-10-29,17.34285227172248
Tra Vinh,2021-10-30,0
Tra Vinh,2021-10-31,0.2933271593042004
Tra Vinh,2021-11-01,0
Tra Vinh,2021-11-02,0.3943484052136471
Tra Vinh,2021-11-03,20.43577782989914
Tra Vinh,2021-11-04,0
Tra Vinh,2021-11-05,0
Tra Vinh,2021-11-06,0.18214926141458676
Tra Vinh,2021-11-07,0
Tra Vinh,2021-11-08,0
Tra Vinh,2021-11-09,17.803089391192305
Tra Vinh,2021-11-10,8.334477241128576
Tra Vinh,2021-11-11,28.29179512082318
Tra Vinh,2021-11-12,1.2161234667795795
Tra Vinh,2021-11-13,0
Tra Vinh,2021-11-14,12.790818080548158
Tra Vinh,2021-11-15,22.319759140998165
Tra Vinh,2021-11-16,10.06077969985598
Tra Vinh,2021-11-17,7.995367256488394
Tra Vinh,2021-11-18,1.67313764601747
Tra Vinh,2021-11-19,0
Tra Vinh,2021-11-20,2.543360011749274
Tra Vinh,2021-11-21,0.522668859205104
Tra Vinh,2021-11-22,0
Tra Vinh,2021-11-23,0
Tra Vinh,2021-11-24,3.50129395386939
Tra Vinh,2021-11-25,4.1662215228486055
Tra Vinh,2021-11-26,1.9369928331503155
Tra Vinh,2021-11-27,5.595162861272169
Tra Vinh,2021-11-28,8.053110191001226
Tra Vinh,2021-11-29,14.21828708928814
Tra Vinh,2021-11-30,12.743875855071861
Tra Vinh,2021-12-01,6.657281809930046
Tra Vinh,2021-12-02,1.3134402879409468
Tra Vinh,2021-12-03,0.029669329664208485
Tra Vinh,2021-12-04,1.0536962215291223
Tra Vinh,2021-12-05,0.010650066309389503
Tra Vinh,2021-12-06,0.0158972686399695
Tra Vinh,2021-12-07,0
Tra Vinh,2021-12-08,0
Tra Vinh,2021-12-09,0.03245063588132771
Tra Vinh,2021-12-10,0
Tra Vinh,2021-12-11,0
Tra Vinh,2021-12-12,0
Tra Vinh,2021-12-13,0.4705183988343717
Tra Vinh,2021-12-14,0.197975446479798
Tra Vinh,2021-12-15,0.01429795870235359
Tra Vinh,2021-12-16,0.1079962874184679
Tra Vinh,2021-12-17,1.2108514968077095
Tra Vinh,2021-12-18,0
Tra Vinh,2021-12-19,0.8101330499720812
Tra Vinh,2021-12-20,0
Tra Vinh,2021-12-21,0
Tra Vinh,2021-12-22,0
Tra Vinh,2021-12-23,0
Tra Vinh,2021-12-24,0
Tra Vinh,2021-12-25,0
Tra Vinh,2021-12-26,0.15785747871493525
Tra Vinh,2021-12-27,0
Tra Vinh,2021-12-28,0
Tra Vinh,2021-12-29,0.047148154233283654
Tra Vinh,2021-12-30,6.64499979223454
Tra Vinh,2021-12-31,0
Tra Vinh,2022-01-01,0
Tra Vinh,2022-01-02,0.729549038457589
Tra Vinh,2022-01-03,0.19709868515294207
Tra Vinh,2022-01-04,0
Tra Vinh,2022-01-05,0
Tra Vinh,2022-01-06,0
Tra Vinh,2022-01-07,0
Tra Vinh,2022-01-08,0
Tra Vinh,2022-01-09,0
Tra Vinh,2022-01-10,0
Tra Vinh,2022-01-11,0
Tra Vinh,2022-01-12,0
Tra Vinh,2022-01-13,0
Tra Vinh,2022-01-14,0.010868996244139888
Tra Vinh,2022-01-15,0
Tra Vinh,2022-01-16,0
Tra Vinh,2022-01-17,0
Tra Vinh,2022-01-18,0
Tra Vinh,2022-01-19,0
Tra Vinh,2022-01-20,0
Tra Vinh,2022-01-21,0
Tra Vinh,2022-01-22,0
Tra Vinh,2022-01-23,0
Tra Vinh,2022-01-24,0
Tra Vinh,2022-01-25,0
Tra Vinh,2022-01-26,0
Tra Vinh,2022-01-27,0
Tra Vinh,2022-01-28,0.3380038379419965
Tra Vinh,2022-01-29,0
Tra Vinh,2022-01-30,0
Tra Vinh,2022-01-31,0
Tra Vinh,2022-02-01,0.06183471378147326
Tra Vinh,2022-02-02,0
Tra Vinh,2022-02-03,0
Tra Vinh,2022-02-04,0
Tra Vinh,2022-02-05,0
Tra Vinh,2022-02-06,0
Tra Vinh,2022-02-07,0
Tra Vinh,2022-02-08,0
Tra Vinh,2022-02-09,0
Tra Vinh,2022-02-10,0.04780337335269472
Tra Vinh,2022-02-11,0.2005003917639288
Tra Vinh,2022-02-12,0
Tra Vinh,2022-02-13,0
Tra Vinh,2022-02-14,0
Tra Vinh,2022-02-15,0
Tra Vinh,2022-02-16,0.0005155492281534537
Tra Vinh,2022-02-17,0
Tra Vinh,2022-02-18,0
Tra Vinh,2022-02-19,0
Tra Vinh,2022-02-20,0.6433588504709706
Tra Vinh,2022-02-21,0.02432349891525589
Tra Vinh,2022-02-22,0.09918909372479277
Tra Vinh,2022-02-23,0
Tra Vinh,2022-02-24,1.5520428743335106
Tra Vinh,2022-02-25,1.6814426381312333
Tra Vinh,2022-02-26,0.015312685362188064
Tra Vinh,2022-02-27,0
Tra Vinh,2022-02-28,0
Tra Vinh,2022-03-01,0
Tra Vinh,2022-03-02,0.025712964790936144
Tra Vinh,2022-03-03,0
Tra Vinh,2022-03-04,0
Tra Vinh,2022-03-05,0.08257914753638719
Tra Vinh,2022-03-06,0
Tra Vinh,2022-03-07,0.3372297292237243
Tra Vinh,2022-03-08,0
Tra Vinh,2022-03-09,0
Tra Vinh,2022-03-10,0
Tra Vinh,2022-03-11,0
Tra Vinh,2022-03-12,1.1664853894534182
Tra Vinh,2022-03-13,0
Tra Vinh,2022-03-14,0
Tra Vinh,2022-03-15,0
Tra Vinh,2022-03-16,0
Tra Vinh,2022-03-17,0
Tra Vinh,2022-03-18,0.03463893089005737
Tra Vinh,2022-03-19,0.09732891704580691
Tra Vinh,2022-03-20,0.7132512125700624
Tra Vinh,2022-03-21,0
Tra Vinh,2022-03-22,0
Tra Vinh,2022-03-23,0
Tra Vinh,2022-03-24,0.13159589554935472
Tra Vinh,2022-03-25,0
Tra Vinh,2022-03-26,0
Tra Vinh,2022-03-27,0
Tra Vinh,2022-03-28,4.177342279570642
Tra Vinh,2022-03-29,0
Tra Vinh,2022-03-30,22.537365908783396
Tra Vinh,2022-03-31,2.850694488822568
Tra Vinh,2022-04-01,5.2499007689804
Tra Vinh,2022-04-02,0
Tra Vinh,2022-04-03,0.33095744859260917
Tra Vinh,2022-04-04,0
Tra Vinh,2022-04-05,0
Tra Vinh,2022-04-06,0.747210818257967
Tra Vinh,2022-04-07,1.0081304010161174
Tra Vinh,2022-04-08,0
Tra Vinh,2022-04-09,0
Tra Vinh,2022-04-10,0
Tra Vinh,2022-04-11,0
Tra Vinh,2022-04-12,0
Tra Vinh,2022-04-13,0
Tra Vinh,2022-04-14,2.634404621950801
Tra Vinh,2022-04-15,4.854030721112562
Tra Vinh,2022-04-16,4.906270386929264
Tra Vinh,2022-04-17,0
Tra Vinh,2022-04-18,0
Tra Vinh,2022-04-19,0
Tra Vinh,2022-04-20,0
Tra Vinh,2022-04-21,0
Tra Vinh,2022-04-22,0
Tra Vinh,2022-04-23,0
Tra Vinh,2022-04-24,0
Tra Vinh,2022-04-25,0
Tra Vinh,2022-04-26,0
Tra Vinh,2022-04-27,0.5851564881576111
Tra Vinh,2022-04-28,5.7445554947963196
Tra Vinh,2022-04-29,23.119019907561032
Tra Vinh,2022-04-30,0.25223968229641236
Tra Vinh,2022-05-01,9.28809570891033
Tra Vinh,2022-05-02,11.218089296264445
Tra Vinh,2022-05-03,17.63525978265429
Tra Vinh,2022-05-04,14.266818423015918
Tra Vinh,2022-05-05,3.9869422008181004
Tra Vinh,2022-05-06,0
Tra Vinh,2022-05-07,2.9498247995383924
Tra Vinh,2022-05-08,10.479701054122728
Tra Vinh,2022-05-09,1.822768375580792
Tra Vinh,2022-05-10,4.204560673520241
Tra Vinh,2022-05-11,2.193451847849859
Tra Vinh,2022-05-12,3.215598434928504
Tra Vinh,2022-05-13,4.448784366823453
Tra Vinh,2022-05-14,1.9032584459267459
Tra Vinh,2022-05-15,0.7375960078874734
Tra Vinh,2022-05-16,7.3744921155295575
Tra Vinh,2022-05-17,17.121188361848215
Tra Vinh,2022-05-18,11.721030274191042
Tra Vinh,2022-05-19,8.435404205976724
Tra Vinh,2022-05-20,11.326772422714683
Tra Vinh,2022-05-21,13.853054151976227
Tra Vinh,2022-05-22,16.865245082958626
Tra Vinh,2022-05-23,0.23577852212039138
Tra Vinh,2022-05-24,0
Tra Vinh,2022-05-25,0.23975295461465784
Tra Vinh,2022-05-26,9.123043234131774
Tra Vinh,2022-05-27,20.149937457950248
Tra Vinh,2022-05-28,10.285179729703877
Tra Vinh,2022-05-29,8.191193725953898
Tra Vinh,2022-05-30,17.345914174598242
Tra Vinh,2022-05-31,4.318622916116253
Tra Vinh,2022-06-01,0.44187184032138765
Tra Vinh,2022-06-02,11.620825606430621
Tra Vinh,2022-06-03,10.931695396540936
Tra Vinh,2022-06-04,1.4446344068157622
Tra Vinh,2022-06-05,0
Tra Vinh,2022-06-06,5.811297849098475
Tra Vinh,2022-06-07,14.893108043361572
Tra Vinh,2022-06-08,1.5101052397068526
Tra Vinh,2022-06-09,9.078295824873113
Tra Vinh,2022-06-10,1.2775226951522134
Tra Vinh,2022-06-11,7.75550273823824
Tra Vinh,2022-06-12,4.0611261752338015
Tra Vinh,2022-06-13,2.295440334304899
Tra Vinh,2022-06-14,0
Tra Vinh,2022-06-15,0
Tra Vinh,2022-06-16,1.8830740965159904
Tra Vinh,2022-06-17,1.062193421045503
Tra Vinh,2022-06-18,1.6420555807215562
Tra Vinh,2022-06-19,2.1507859747262406
Tra Vinh,2022-06-20,2.660097491064295
Tra Vinh,2022-06-21,4.421618771131004
Tra Vinh,2022-06-22,7.891954133668392
Tra Vinh,2022-06-23,6.886319235489675
Tra Vinh,2022-06-24,2.4837255087065166
Tra Vinh,2022-06-25,0.5874036294651047
Tra Vinh,2022-06-26,3.631116679066651
Tra Vinh,2022-06-27,2.4933604245942655
Tra Vinh,2022-06-28,10.139141851008109
Tra Vinh,2022-06-29,10.015094367830246
Tra Vinh,2022-06-30,13.605514828620942
Tra Vinh,2022-07-01,11.553816006206864
Tra Vinh,2022-07-02,21.61806096301968
Tra Vinh,2022-07-03,19.367994572212297
Tra Vinh,2022-07-04,6.67358488228783
Tra Vinh,2022-07-05,0.06951087873288253
Tra Vinh,2022-07-06,1.4512547378725977
Tra Vinh,2022-07-07,10.73972672428945
Tra Vinh,2022-07-08,27.736295250250322
Tra Vinh,2022-07-09,17.205892975908966
Tra Vinh,2022-07-10,5.071939276939419
Tra Vinh,2022-07-11,0
Tra Vinh,2022-07-12,27.569195946546955
Tra Vinh,2022-07-13,23.308821427245128
Tra Vinh,2022-07-14,1.0763188176875198
Tra Vinh,2022-07-15,0.12522551539169735
Tra Vinh,2022-07-16,1.1317016215370883
Tra Vinh,2022-07-17,6.632358004501663
Tra Vinh,2022-07-18,5.724038550950368
Tra Vinh,2022-07-19,17.996641826747886
Tra Vinh,2022-07-20,17.63564209577587
Tra Vinh,2022-07-21,17.41352434641115
Tra Vinh,2022-07-22,0.6461512683211421
Tra Vinh,2022-07-23,5.0257933071195025
Tra Vinh,2022-07-24,0.15361687536420668
Tra Vinh,2022-07-25,0.21299116067525886
Tra Vinh,2022-07-26,9.782885536079997
Tra Vinh,2022-07-27,1.4980818483999532
Tra Vinh,2022-07-28,1.2295160809704149
Tra Vinh,2022-07-29,0.0012061396521014882
Tra Vinh,2022-07-30,7.195735597969302
Tra Vinh,2022-07-31,24.840194801316212
Tra Vinh,2022-08-01,26.277080409890132
Tra Vinh,2022-08-02,1.7063096797790445
Tra Vinh,2022-08-03,5.573450133864524
Tra Vinh,2022-08-04,5.161952303559713
Tra Vinh,2022-08-05,2.473994753657191
Tra Vinh,2022-08-06,9.944218602754608
Tra Vinh,2022-08-07,22.988180371865628
Tra Vinh,2022-08-08,14.19319019877077
Tra Vinh,2022-08-09,0.0014865481182716226
Tra Vinh,2022-08-10,4.6640388967849375
Tra Vinh,2022-08-11,8.185173384833783
Tra Vinh,2022-08-12,1.1630207109149548
Tra Vinh,2022-08-13,0.09254636331482871
Tra Vinh,2022-08-14,3.113104339846386
Tra Vinh,2022-08-15,20.1889396962374
Tra Vinh,2022-08-16,2.1051758324282375
Tra Vinh,2022-08-17,3.1785533040002494
Tra Vinh,2022-08-18,5.4818543103977975
Tra Vinh,2022-08-19,13.468299772263553
Tra Vinh,2022-08-20,8.120459626735084
Tra Vinh,2022-08-21,0.23187388960104507
Tra Vinh,2022-08-22,3.8880827610199518
Tra Vinh,2022-08-23,3.6108156720838003
Tra Vinh,2022-08-24,17.579934311541038
Tra Vinh,2022-08-25,19.31498814306035
Tra Vinh,2022-08-26,11.878085513308207
Tra Vinh,2022-08-27,3.661911207630183
Tra Vinh,2022-08-28,2.218233269321545
Tra Vinh,2022-08-29,2.735022941083404
Tra Vinh,2022-08-30,0.3293205968983381
Tra Vinh,2022-08-31,5.488769468046852
Tra Vinh,2022-09-01,2.198701614617526
Tra Vinh,2022-09-02,1.628609457320997
Tra Vinh,2022-09-03,6.092533572955236
Tra Vinh,2022-09-04,11.9478466421065
Tra Vinh,2022-09-05,14.870907665766957
Tra Vinh,2022-09-06,32.19884885762193
Tra Vinh,2022-09-07,2.16669805918022
Tra Vinh,2022-09-08,0
Tra Vinh,2022-09-09,3.1186418592450713
Tra Vinh,2022-09-10,4.581558259059083
Tra Vinh,2022-09-11,5.384178711111289
Tra Vinh,2022-09-12,3.1194838289727667
Tra Vinh,2022-09-13,6.314853069913555
Tra Vinh,2022-09-14,4.544962091202896
Tra Vinh,2022-09-15,10.545831101520134
Tra Vinh,2022-09-16,9.272051530127364
Tra Vinh,2022-09-17,17.557533970485895
Tra Vinh,2022-09-18,6.799063493293312
Tra Vinh,2022-09-19,0
Tra Vinh,2022-09-20,0.20802228916031856
Tra Vinh,2022-09-21,9.10333296437946
Tra Vinh,2022-09-22,7.239797178804312
Tra Vinh,2022-09-23,1.467987604002188
Tra Vinh,2022-09-24,2.3490358023474673
Tra Vinh,2022-09-25,17.857738339882616
Tra Vinh,2022-09-26,12.192136596405998
Tra Vinh,2022-09-27,5.436368808015219
Tra Vinh,2022-09-28,19.16705932220842
Tra Vinh,2022-09-29,12.748399915298839
Tra Vinh,2022-09-30,13.315083114228651
Tra Vinh,2022-10-01,10.895595957830416
Tra Vinh,2022-10-02,16.68157612402785
Tra Vinh,2022-10-03,1.0418497436532241
Tra Vinh,2022-10-04,15.64546231316647
Tra Vinh,2022-10-05,9.626034907934214
Tra Vinh,2022-10-06,7.930682839634927
Tra Vinh,2022-10-07,6.768451303462808
Tra Vinh,2022-10-08,30.128389321740347
Tra Vinh,2022-10-09,11.89350381200489
Tra Vinh,2022-10-10,8.973125957129692
Tra Vinh,2022-10-11,11.807030822061686
Tra Vinh,2022-10-12,28.060907351577175
Tra Vinh,2022-10-13,7.07291292139092
Tra Vinh,2022-10-14,3.9362469279238015
Tra Vinh,2022-10-15,0
Tra Vinh,2022-10-16,0
Tra Vinh,2022-10-17,7.01130967448466
Tra Vinh,2022-10-18,11.771276944699363
Tra Vinh,2022-10-19,21.078450030336143
Tra Vinh,2022-10-20,26.016602974458298
Tra Vinh,2022-10-21,0.30139033505299645
Tra Vinh,2022-10-22,2.4115331242670455
Tra Vinh,2022-10-23,6.6228647198211394
Tra Vinh,2022-10-24,14.158388837741258
Tra Vinh,2022-10-25,13.102193823182034
Tra Vinh,2022-10-26,5.590533203256625
Tra Vinh,2022-10-27,31.817762404073694
Tra Vinh,2022-10-28,13.707421451241245
Tra Vinh,2022-10-29,0.9148373064351362
Tra Vinh,2022-10-30,8.258391061806975
Tra Vinh,2022-10-31,0
Tra Vinh,2022-11-01,0.8085904834371194
Tra Vinh,2022-11-02,1.0900724009405713
Tra Vinh,2022-11-03,14.706397512559706
Tra Vinh,2022-11-04,27.512217390857334
Tra Vinh,2022-11-05,0
Tra Vinh,2022-11-06,0
Tra Vinh,2022-11-07,0.6770184987097371
Tra Vinh,2022-11-08,1.5719023174723334
Tra Vinh,2022-11-09,0
Tra Vinh,2022-11-10,0.009074017229662484
Tra Vinh,2022-11-11,5.666944081057069
Tra Vinh,2022-11-12,0.01020195640334313
Tra Vinh,2022-11-13,0.13143094667149582
Tra Vinh,2022-11-14,0
Tra Vinh,2022-11-15,0
Tra Vinh,2022-11-16,0
Tra Vinh,2022-11-17,0.1509041636952869
Tra Vinh,2022-11-18,9.786415485351416
Tra Vinh,2022-11-19,29.03347635513822
Tra Vinh,2022-11-20,41.82359049123271
Tra Vinh,2022-11-21,42.124718235969056
Tra Vinh,2022-11-22,25.855478842767752
Tra Vinh,2022-11-23,1.6857977496756023
Tra Vinh,2022-11-24,0
Tra Vinh,2022-11-25,2.870062285250876
Tra Vinh,2022-11-26,0.6448926487314774
Tra Vinh,2022-11-27,0
Tra Vinh,2022-11-28,0
Tra Vinh,2022-11-29,0
Tra Vinh,2022-11-30,21.734269262685395
Tra Vinh,2022-12-01,6.715471438888973
Tra Vinh,2022-12-02,4.2662188701391495
Tra Vinh,2022-12-03,25.336363776761363
Tra Vinh,2022-12-04,0.6639403934272432
Tra Vinh,2022-12-05,0
Tra Vinh,2022-12-06,0.03277754649068833
Tra Vinh,2022-12-07,0.9076510094487198
Tra Vinh,2022-12-08,1.7913386776128428
Tra Vinh,2022-12-09,0.011663627069955076
Tra Vinh,2022-12-10,0
Tra Vinh,2022-12-11,0
Tra Vinh,2022-12-12,0
Tra Vinh,2022-12-13,0
Tra Vinh,2022-12-14,0
Tra Vinh,2022-12-15,0
Tra Vinh,2022-12-16,2.638039895616394
Tra Vinh,2022-12-17,3.1817749930800208
Tra Vinh,2022-12-18,0
Tra Vinh,2022-12-19,0.19979933925178167
Tra Vinh,2022-12-20,0.056556608114402385
Tra Vinh,2022-12-21,0.8693934471021662
Tra Vinh,2022-12-22,0.036010704306388315
Tra Vinh,2022-12-23,0
Tra Vinh,2022-12-24,0.8825765775934903
Tra Vinh,2022-12-25,0.063034456077347
Tra Vinh,2022-12-26,0.8032481393356169
Tra Vinh,2022-12-27,0.007952116836293733
Tra Vinh,2022-12-28,0.001462664301627433
Tra Vinh,2022-12-29,0.08129329099417833
Tra Vinh,2022-12-30,0.15388563638245606
Tra Vinh,2022-12-31,2.1010385119794712
Tra Vinh,2023-01-01,0
Tra Vinh,2023-01-02,0.04168625671129175
Tra Vinh,2023-01-03,0.03550346736237597
Tra Vinh,2023-01-04,1.3578760571585404
Tra Vinh,2023-01-05,2.6893278031175263
Tra Vinh,2023-01-06,0.05545589350239117
Tra Vinh,2023-01-07,6.776789498671682
Tra Vinh,2023-01-08,1.5966292857787372
Tra Vinh,2023-01-09,0.45759809642586713
Tra Vinh,2023-01-10,1.7137463025370279
Tra Vinh,2023-01-11,0
Tra Vinh,2023-01-12,0
Tra Vinh,2023-01-13,0
Tra Vinh,2023-01-14,0
Tra Vinh,2023-01-15,0
Tra Vinh,2023-01-16,0
Tra Vinh,2023-01-17,0
Tra Vinh,2023-01-18,0.03903883335497392
Tra Vinh,2023-01-19,0.010369197139428866
Tra Vinh,2023-01-20,0.05972528562767801
Tra Vinh,2023-01-21,0
Tra Vinh,2023-01-22,0
Tra Vinh,2023-01-23,0
Tra Vinh,2023-01-24,0.16364486638870077
Tra Vinh,2023-01-25,0.022730202349267578
Tra Vinh,2023-01-26,0.04591773346522658
Tra Vinh,2023-01-27,0.027141229365653656
Tra Vinh,2023-01-28,0.1860448802452281
Tra Vinh,2023-01-29,0
Tra Vinh,2023-01-30,1.7830848591779667
Tra Vinh,2023-01-31,0
Tra Vinh,2023-02-01,0.023225209499722524
Tra Vinh,2023-02-02,0
Tra Vinh,2023-02-03,0.37212902530250497
Tra Vinh,2023-02-04,0
Tra Vinh,2023-02-05,0
Tra Vinh,2023-02-06,0
Tra Vinh,2023-02-07,0.04789530752825292
Tra Vinh,2023-02-08,0.6475663308365763
Tra Vinh,2023-02-09,0
Tra Vinh,2023-02-10,0
Tra Vinh,2023-02-11,0
Tra Vinh,2023-02-12,0
Tra Vinh,2023-02-13,1.094630846630432
Tra Vinh,2023-02-14,2.6932326195223504
Tra Vinh,2023-02-15,0.5322762678194315
Tra Vinh,2023-02-16,0
Tra Vinh,2023-02-17,0
Tra Vinh,2023-02-18,0
Tra Vinh,2023-02-19,0.09120591782761042
Tra Vinh,2023-02-20,0
Tra Vinh,2023-02-21,0
Tra Vinh,2023-02-22,0
Tra Vinh,2023-02-23,0
Tra Vinh,2023-02-24,0
Tra Vinh,2023-02-25,0
Tra Vinh,2023-02-26,0
Tra Vinh,2023-02-27,1.3875938637329608
Tra Vinh,2023-02-28,0
Tra Vinh,2023-03-01,0.08796695094955094
Tra Vinh,2023-03-02,0.277156120959726
Tra Vinh,2023-03-03,0.9791469776020796
Tra Vinh,2023-03-04,0.993017016393783
Tra Vinh,2023-03-05,0.7314038035353574
Tra Vinh,2023-03-06,1.2616442220041195
Tra Vinh,2023-03-07,0
Tra Vinh,2023-03-08,0.10752475997189362
Tra Vinh,2023-03-09,0
Tra Vinh,2023-03-10,0
Tra Vinh,2023-03-11,0
Tra Vinh,2023-03-12,0.011737436815594247
Tra Vinh,2023-03-13,0
Tra Vinh,2023-03-14,0
Tra Vinh,2023-03-15,0
Tra Vinh,2023-03-16,0
Tra Vinh,2023-03-17,0
Tra Vinh,2023-03-18,0
Tra Vinh,2023-03-19,0
Tra Vinh,2023-03-20,0
Tra Vinh,2023-03-21,0
Tra Vinh,2023-03-22,0
Tra Vinh,2023-03-23,0
Tra Vinh,2023-03-24,0
Tra Vinh,2023-03-25,0
Tra Vinh,2023-03-26,0
Tra Vinh,2023-03-27,0
Tra Vinh,2023-03-28,0.011728762464073145
Tra Vinh,2023-03-29,0
Tra Vinh,2023-03-30,0
Tra Vinh,2023-03-31,0.016748598939703326
Tra Vinh,2023-04-01,0
Tra Vinh,2023-04-02,0.004981200634281268
Tra Vinh,2023-04-03,0.9148395526953511
Tra Vinh,2023-04-04,0
Tra Vinh,2023-04-05,0
Tra Vinh,2023-04-06,0
Tra Vinh,2023-04-07,0
Tra Vinh,2023-04-08,0
Tra Vinh,2023-04-09,0
Tra Vinh,2023-04-10,0
Tra Vinh,2023-04-11,0
Tra Vinh,2023-04-12,0
Tra Vinh,2023-04-13,0
Tra Vinh,2023-04-14,0
Tra Vinh,2023-04-15,12.755124626168637
Tra Vinh,2023-04-16,10.466703005849917
Tra Vinh,2023-04-17,0
Tra Vinh,2023-04-18,0
Tra Vinh,2023-04-19,0.007055227687588425
Tra Vinh,2023-04-20,0.15079440300089894
Tra Vinh,2023-04-21,0
Tra Vinh,2023-04-22,0
Tra Vinh,2023-04-23,0
Tra Vinh,2023-04-24,0
Tra Vinh,2023-04-25,0.06678352016291088
Tra Vinh,2023-04-26,0
Tra Vinh,2023-04-27,0
Tra Vinh,2023-04-28,0
Tra Vinh,2023-04-29,0.04623011694986921
Tra Vinh,2023-04-30,1.0598618381753706
Tra Vinh,2023-05-01,0
Tra Vinh,2023-05-02,0
Tra Vinh,2023-05-03,0
Tra Vinh,2023-05-04,0
Tra Vinh,2023-05-05,0.03888748895822273
Tra Vinh,2023-05-06,0.1911083096537974
Tra Vinh,2023-05-07,0.0023486766322608765
Tra Vinh,2023-05-08,2.8585665363296604
Tra Vinh,2023-05-09,7.047904368810458
Tra Vinh,2023-05-10,2.2006645999506063
Tra Vinh,2023-05-11,5.4733332552134275
Tra Vinh,2023-05-12,3.4716489012779195
Tra Vinh,2023-05-13,0
Tra Vinh,2023-05-14,1.1345159540181282
Tra Vinh,2023-05-15,0.40537677130088323
Tra Vinh,2023-05-16,2.698881604609498
Tra Vinh,2023-05-17,1.5115317213488417
Tra Vinh,2023-05-18,3.7266817969992077
Tra Vinh,2023-05-19,0.8104278203033066
Tra Vinh,2023-05-20,14.024038220728198
Tra Vinh,2023-05-21,12.41212707261499
Tra Vinh,2023-05-22,5.096939373774795
Tra Vinh,2023-05-23,5.126467374230686
Tra Vinh,2023-05-24,7.346576160368847
Tra Vinh,2023-05-25,4.6964383813302
Tra Vinh,2023-05-26,12.441182906615012
Tra Vinh,2023-05-27,22.185334128478825
Tra Vinh,2023-05-28,8.328450441890565
Tra Vinh,2023-05-29,3.128059562830225
Tra Vinh,2023-05-30,3.312776003492292
Tra Vinh,2023-05-31,15.317368159625223
Tra Vinh,2023-06-01,5.434036209967801
Tra Vinh,2023-06-02,5.367776407071295
Tra Vinh,2023-06-03,4.934483263428158
Tra Vinh,2023-06-04,12.578568890479273
Tra Vinh,2023-06-05,9.731959852261767
Tra Vinh,2023-06-06,5.216228442496267
Tra Vinh,2023-06-07,13.804004196266812
Tra Vinh,2023-06-08,13.103963933685039
Tra Vinh,2023-06-09,0.3753912874179067
Tra Vinh,2023-06-10,12.314086712627955
Tra Vinh,2023-06-11,0.5859380364418029
Tra Vinh,2023-06-12,3.424332292360874
Tra Vinh,2023-06-13,1.3055145084011832
Tra Vinh,2023-06-14,0.549903205455583
Tra Vinh,2023-06-15,9.96374325886208
Tra Vinh,2023-06-16,5.903487177838702
Tra Vinh,2023-06-17,12.268165088645897
Tra Vinh,2023-06-18,8.362797236674988
Tra Vinh,2023-06-19,0
Tra Vinh,2023-06-20,23.71185295802416
Tra Vinh,2023-06-21,3.7000906330531578
Tra Vinh,2023-06-22,7.687546691813796
Tra Vinh,2023-06-23,5.7451962275710535
Tra Vinh,2023-06-24,2.7725394790001716
Tra Vinh,2023-06-25,4.183496703077264
Tra Vinh,2023-06-26,4.056540931578025
Tra Vinh,2023-06-27,9.127052985920507
Tra Vinh,2023-06-28,6.290642078786867
Tra Vinh,2023-06-29,0.5693839472930858
Tra Vinh,2023-06-30,6.447120333148084
Tra Vinh,2023-07-01,25.987124770405718
Tra Vinh,2023-07-02,6.365569837912547
Tra Vinh,2023-07-03,12.954390213471997
Tra Vinh,2023-07-04,6.328746700523365
Tra Vinh,2023-07-05,7.365622614802954
Tra Vinh,2023-07-06,0.22834366287801006
Tra Vinh,2023-07-07,0
Tra Vinh,2023-07-08,3.7576532898264006
Tra Vinh,2023-07-09,3.0714244280836813
Tra Vinh,2023-07-10,1.4793983242216935
Tra Vinh,2023-07-11,5.348291255315796
Tra Vinh,2023-07-12,9.847873937192688
Tra Vinh,2023-07-13,17.028204797780955
Tra Vinh,2023-07-14,5.573541539682166
Tra Vinh,2023-07-15,5.779905554839276
Tra Vinh,2023-07-16,19.223511326673883
Tra Vinh,2023-07-17,22.82844314665718
Tra Vinh,2023-07-18,18.586899420043554
Tra Vinh,2023-07-19,17.96827396238199
Tra Vinh,2023-07-20,0
Tra Vinh,2023-07-21,8.36989335738962
Tra Vinh,2023-07-22,14.890066151539846
Tra Vinh,2023-07-23,8.032328916203573
Tra Vinh,2023-07-24,17.541800791124036
Tra Vinh,2023-07-25,15.8425734624998
Tra Vinh,2023-07-26,8.693838253415954
Tra Vinh,2023-07-27,31.098114292010383
Tra Vinh,2023-07-28,21.797704483966488
Tra Vinh,2023-07-29,14.3774893309533
Tra Vinh,2023-07-30,31.451043014549203
Tra Vinh,2023-07-31,11.846784311358658
Tra Vinh,2023-08-01,1.5663850946020255
Tra Vinh,2023-08-02,11.844281870033964
Tra Vinh,2023-08-03,0.4456795265435234
Tra Vinh,2023-08-04,1.347762514856996
Tra Vinh,2023-08-05,0.3681996389802997
Tra Vinh,2023-08-06,0
Tra Vinh,2023-08-07,0
Tra Vinh,2023-08-08,0
Tra Vinh,2023-08-09,0
Tra Vinh,2023-08-10,13.92347010523106
Tra Vinh,2023-08-11,0.07746939441373617
Tra Vinh,2023-08-12,4.360923825624111
Tra Vinh,2023-08-13,9.844965374263834
Tra Vinh,2023-08-14,16.578992436497725
Tra Vinh,2023-08-15,1.4222925767666947
Tra Vinh,2023-08-16,3.761155925531845
Tra Vinh,2023-08-17,4.11646846669218
Tra Vinh,2023-08-18,9.79472570837675
Tra Vinh,2023-08-19,37.001621515460954
Tra Vinh,2023-08-20,3.966629434736931
Tra Vinh,2023-08-21,1.34325193394468
Tra Vinh,2023-08-22,12.386428600868772
Tra Vinh,2023-08-23,0
Tra Vinh,2023-08-24,0.9195646514072159
Tra Vinh,2023-08-25,2.607804295057228
Tra Vinh,2023-08-26,11.890495488679116
Tra Vinh,2023-08-27,5.184142747434241
Tra Vinh,2023-08-28,16.208488548599142
Tra Vinh,2023-08-29,6.299662509208379
Tra Vinh,2023-08-30,7.753901841070826
Tra Vinh,2023-08-31,12.788812719166982
Tra Vinh,2023-09-01,3.900700811649033
Tra Vinh,2023-09-02,13.162690603592381
Tra Vinh,2023-09-03,14.397107229796308
Tra Vinh,2023-09-04,12.536930056276415
Tra Vinh,2023-09-05,2.3201126481847756
Tra Vinh,2023-09-06,8.851171072403627
Tra Vinh,2023-09-07,7.217179690759896
Tra Vinh,2023-09-08,5.876190032105945
Tra Vinh,2023-09-09,9.210560353480792
Tra Vinh,2023-09-10,4.985304596374355
Tra Vinh,2023-09-11,0
Tra Vinh,2023-09-12,2.696650647945805
Tra Vinh,2023-09-13,7.179322518832625
Tra Vinh,2023-09-14,22.07317791748438
Tra Vinh,2023-09-15,1.5233879003725397
Tra Vinh,2023-09-16,1.9602997922807626
Tra Vinh,2023-09-17,2.0077290647923283
Tra Vinh,2023-09-18,4.926013301004807
Tra Vinh,2023-09-19,13.102781872505078
Tra Vinh,2023-09-20,1.0442518342228368
Tra Vinh,2023-09-21,4.462696235424965
Tra Vinh,2023-09-22,6.430608877600287
Tra Vinh,2023-09-23,10.384627980739007
Tra Vinh,2023-09-24,19.489016854173812
Tra Vinh,2023-09-25,14.260458855725195
Tra Vinh,2023-09-26,8.795618120861883
Tra Vinh,2023-09-27,8.831254760587399
Tra Vinh,2023-09-28,0.3695185438310751
Tra Vinh,2023-09-29,17.6298773428997
Tra Vinh,2023-09-30,9.065945346885119
Tra Vinh,2023-10-01,53.341806028772844
Tra Vinh,2023-10-02,23.108106168045918
Tra Vinh,2023-10-03,0.46291957901383285
Tra Vinh,2023-10-04,4.802277098685548
Tra Vinh,2023-10-05,5.278791482823309
Tra Vinh,2023-10-06,1.0178435081311814
Tra Vinh,2023-10-07,5.749141053703269
Tra Vinh,2023-10-08,10.129761766496427
Tra Vinh,2023-10-09,5.754716095413449
Tra Vinh,2023-10-10,7.199196805765593
Tra Vinh,2023-10-11,0.23016989573629895
Tra Vinh,2023-10-12,1.2671196512509675
Tra Vinh,2023-10-13,4.366483617118428
Tra Vinh,2023-10-14,24.70695062268385
Tra Vinh,2023-10-15,11.600009236821807
Tra Vinh,2023-10-16,17.01690068711006
Tra Vinh,2023-10-17,4.3854617293072256
Tra Vinh,2023-10-18,0
Tra Vinh,2023-10-19,2.477726949878038
Tra Vinh,2023-10-20,0.4065613505655584
Tra Vinh,2023-10-21,22.379968906847534
Tra Vinh,2023-10-22,0
Tra Vinh,2023-10-23,2.658672781342906
Tra Vinh,2023-10-24,0
Tra Vinh,2023-10-25,0.10896864658301561
Tra Vinh,2023-10-26,3.9594488517838866
Tra Vinh,2023-10-27,7.987126934644562
Tra Vinh,2023-10-28,0.007276408913320244
Tra Vinh,2023-10-29,30.515747331810417
Tra Vinh,2023-10-30,1.2411876134593527
Tra Vinh,2023-10-31,0.8665421116101306
Tra Vinh,2023-11-01,1.1557169056803174
Tra Vinh,2023-11-02,1.20588087036566
Tra Vinh,2023-11-03,2.7411642780421386
Tra Vinh,2023-11-04,0
Tra Vinh,2023-11-05,0
Tra Vinh,2023-11-06,0.25376261887192336
Tra Vinh,2023-11-07,5.255800765417407
Tra Vinh,2023-11-08,3.9848109251906028
Tra Vinh,2023-11-09,12.09976942530652
Tra Vinh,2023-11-10,14.069456365794759
Tra Vinh,2023-11-11,0
Tra Vinh,2023-11-12,0
Tra Vinh,2023-11-13,0
Tra Vinh,2023-11-14,0.20844080926455733
Tra Vinh,2023-11-15,5.577195699263457
Tra Vinh,2023-11-16,16.796335050870926
Tra Vinh,2023-11-17,3.879661728912936
Tra Vinh,2023-11-18,7.037004722536822
Tra Vinh,2023-11-19,3.03966312592348
Tra Vinh,2023-11-20,0
Tra Vinh,2023-11-21,1.1397934142230655
Tra Vinh,2023-11-22,1.6125325552516458
Tra Vinh,2023-11-23,17.964074980117772
Tra Vinh,2023-11-24,1.7447679921951535
Tra Vinh,2023-11-25,6.896996277386211
Tra Vinh,2023-11-26,13.626843275749852
Tra Vinh,2023-11-27,1.421430321234769
Tra Vinh,2023-11-28,7.610015930406898
Tra Vinh,2023-11-29,2.7765865808106573
Tra Vinh,2023-11-30,1.3559201578615219
Tra Vinh,2023-12-01,0
Tra Vinh,2023-12-02,20.579976746255923
Tra Vinh,2023-12-03,0.7013069232733041
Tra Vinh,2023-12-04,0
Tra Vinh,2023-12-05,4.292387716409709
Tra Vinh,2023-12-06,0.3906061352981305
Tra Vinh,2023-12-07,1.760846591523841
Tra Vinh,2023-12-08,0
Tra Vinh,2023-12-09,0
Tra Vinh,2023-12-10,0.44183136288561486
Tra Vinh,2023-12-11,0
Tra Vinh,2023-12-12,0.005202376090177454
Tra Vinh,2023-12-13,0.9269252135771163
Tra Vinh,2023-12-14,0.010358328674111544
Tra Vinh,2023-12-15,0
Tra Vinh,2023-12-16,0
Tra Vinh,2023-12-17,0
Tra Vinh,2023-12-18,0
Tra Vinh,2023-12-19,0
Tra Vinh,2023-12-20,0.03293613747733259
Tra Vinh,2023-12-21,0
Tra Vinh,2023-12-22,1.1364240818030202
Tra Vinh,2023-12-23,0.7749923373086238
Tra Vinh,2023-12-24,0.2832834367948209
Tra Vinh,2023-12-25,0
Tra Vinh,2023-12-26,0
Tra Vinh,2023-12-27,0
Tra Vinh,2023-12-28,0
Tra Vinh,2023-12-29,0.024335493526846923
Tra Vinh,2023-12-30,0
Tra Vinh,2023-12-31,0
Tra Vinh,2024-01-01,2.15718906633626
Tra Vinh,2024-01-02,0
Tra Vinh,2024-01-03,0.08034465487072238
Tra Vinh,2024-01-04,0
Tra Vinh,2024-01-05,0.4438754431565684
Tra Vinh,2024-01-06,0
Tra Vinh,2024-01-07,0
Tra Vinh,2024-01-08,2.1190739692847744
Tra Vinh,2024-01-09,0.007902571222038782
Tra Vinh,2024-01-10,0
Tra Vinh,2024-01-11,0.030110754893287663
Tra Vinh,2024-01-12,0
Tra Vinh,2024-01-13,1.234947074973697
Tra Vinh,2024-01-14,0.26908262685382184
Tra Vinh,2024-01-15,0.00418810100663069
Tra Vinh,2024-01-16,0.041030282408574995
Tra Vinh,2024-01-17,0
Tra Vinh,2024-01-18,0
Tra Vinh,2024-01-19,0
Tra Vinh,2024-01-20,0.08942398692688126
Tra Vinh,2024-01-21,0.03731239862435492
Tra Vinh,2024-01-22,0
Tra Vinh,2024-01-23,0
Tra Vinh,2024-01-24,0
Tra Vinh,2024-01-25,0
Tra Vinh,2024-01-26,0
Tra Vinh,2024-01-27,0
Tra Vinh,2024-01-28,0
Tra Vinh,2024-01-29,0.033864569731282226
Tra Vinh,2024-01-30,0
Tra Vinh,2024-01-31,0
Tra Vinh,2024-02-01,0
Tra Vinh,2024-02-02,0
Tra Vinh,2024-02-03,0
Tra Vinh,2024-02-04,0
Tra Vinh,2024-02-05,0
Tra Vinh,2024-02-06,0
Tra Vinh,2024-02-07,0
Tra Vinh,2024-02-08,0
Tra Vinh,2024-02-09,0
Tra Vinh,2024-02-10,0
Tra Vinh,2024-02-11,0
Tra Vinh,2024-02-12,0
Tra Vinh,2024-02-13,0
Tra Vinh,2024-02-14,0
Tra Vinh,2024-02-15,0
Tra Vinh,2024-02-16,0
Tra Vinh,2024-02-17,0
Tra Vinh,2024-02-18,0.014708444341056382
Tra Vinh,2024-02-19,0
Tra Vinh,2024-02-20,0
Tra Vinh,2024-02-21,0
Tra Vinh,2024-02-22,0
Tra Vinh,2024-02-23,0
Tra Vinh,2024-02-24,0.015181022473679905
Tra Vinh,2024-02-25,0
Tra Vinh,2024-02-26,0
Tra Vinh,2024-02-27,0
Tra Vinh,2024-02-28,0
Tra Vinh,2024-02-29,0
Tra Vinh,2024-03-01,0
Tra Vinh,2024-03-02,0.09066112047182058
Tra Vinh,2024-03-03,0
Tra Vinh,2024-03-04,0
Tra Vinh,2024-03-05,0.03590571763108933
Tra Vinh,2024-03-06,0
Tra Vinh,2024-03-07,0.001274169317082052
Tra Vinh,2024-03-08,0
Tra Vinh,2024-03-09,0
Tra Vinh,2024-03-10,0.028009719587257214
Tra Vinh,2024-03-11,0
Tra Vinh,2024-03-12,0
Tra Vinh,2024-03-13,0
Tra Vinh,2024-03-14,0
Tra Vinh,2024-03-15,0
Tra Vinh,2024-03-16,0
Tra Vinh,2024-03-17,0
Tra Vinh,2024-03-18,0
Tra Vinh,2024-03-19,0
Tra Vinh,2024-03-20,0.0263605632801555
Tra Vinh,2024-03-21,0
Tra Vinh,2024-03-22,0
Tra Vinh,2024-03-23,0
Tra Vinh,2024-03-24,0
Tra Vinh,2024-03-25,0
Tra Vinh,2024-03-26,0
Tra Vinh,2024-03-27,0
Tra Vinh,2024-03-28,0.06500735216840466
Tra Vinh,2024-03-29,0.14253685776955327
Tra Vinh,2024-03-30,0
Tra Vinh,2024-03-31,0.3745282570765694
Tra Vinh,2024-04-01,0.29983387226648195
Tra Vinh,2024-04-02,0
Tra Vinh,2024-04-03,0
Tra Vinh,2024-04-04,0
Tra Vinh,2024-04-05,0
Tra Vinh,2024-04-06,0
Tra Vinh,2024-04-07,0
Tra Vinh,2024-04-08,0.3475036138812966
Tra Vinh,2024-04-09,0
Tra Vinh,2024-04-10,0
Tra Vinh,2024-04-11,2.2058092353689336
Tra Vinh,2024-04-12,4.925950270561979e-06
Tra Vinh,2024-04-13,0.009432826363194174
Tra Vinh,2024-04-14,1.1246607240132713e-05
Tra Vinh,2024-04-15,0
Tra Vinh,2024-04-16,0
Tra Vinh,2024-04-17,0
Tra Vinh,2024-04-18,0
Tra Vinh,2024-04-19,0
Tra Vinh,2024-04-20,0
Tra Vinh,2024-04-21,0
Tra Vinh,2024-04-22,0
Tra Vinh,2024-04-23,0
Tra Vinh,2024-04-24,0
Tra Vinh,2024-04-25,0
Tra Vinh,2024-04-26,0.5034856586776799
Tra Vinh,2024-04-27,0
Tra Vinh,2024-04-28,0
Tra Vinh,2024-04-29,0
Tra Vinh,2024-04-30,0.3737810735256422
Tra Vinh,2024-05-01,0
Tra Vinh,2024-05-02,0
Tra Vinh,2024-05-03,0
Tra Vinh,2024-05-04,5.178189905419274
Tra Vinh,2024-05-05,6.653839067809699
Tra Vinh,2024-05-06,0
Tra Vinh,2024-05-07,0.005347852281205405
Tra Vinh,2024-05-08,11.159849631719064
Tra Vinh,2024-05-09,1.827356693417226
Tra Vinh,2024-05-10,9.457566785592183
Tra Vinh,2024-05-11,1.8840019546228735
Tra Vinh,2024-05-12,0
Tra Vinh,2024-05-13,0.7699250666345309
Tra Vinh,2024-05-14,0
Tra Vinh,2024-05-15,20.23601674099793
Tra Vinh,2024-05-16,17.03715934218434
Tra Vinh,2024-05-17,14.997064902718419
Tra Vinh,2024-05-18,0.7580023612632737
Tra Vinh,2024-05-19,3.8375317138526226
Tra Vinh,2024-05-20,17.66039012777962
Tra Vinh,2024-05-21,8.867763697387458
Tra Vinh,2024-05-22,2.9934482189331453
Tra Vinh,2024-05-23,8.285422393862602
Tra Vinh,2024-05-24,0.2911277635598643
Tra Vinh,2024-05-25,0.5102621492859194
Tra Vinh,2024-05-26,0.061976190548748845
Tra Vinh,2024-05-27,6.607700390093588
Tra Vinh,2024-05-28,14.618386837892574
Tra Vinh,2024-05-29,19.510101701003446
Tra Vinh,2024-05-30,14.453004615417358
Tra Vinh,2024-05-31,3.9848048644166156
Tra Vinh,2024-06-01,6.291603874157121
Tra Vinh,2024-06-02,1.1256226227694093
Tra Vinh,2024-06-03,5.135435646082246
Tra Vinh,2024-06-04,6.206447770529494
Tra Vinh,2024-06-05,11.326610836520729
Tra Vinh,2024-06-06,6.572882884136321
Tra Vinh,2024-06-07,15.715175947695279
Tra Vinh,2024-06-08,19.631786541794433
Tra Vinh,2024-06-09,0
Tra Vinh,2024-06-10,2.853246160851843
Tra Vinh,2024-06-11,3.813793038407492
Tra Vinh,2024-06-12,4.1358134999771865
Tra Vinh,2024-06-13,3.8546899347116104
Tra Vinh,2024-06-14,8.914926520653092
Tra Vinh,2024-06-15,11.170950239125085
Tra Vinh,2024-06-16,2.447381988516909
Tra Vinh,2024-06-17,0.9872877847970967
Tra Vinh,2024-06-18,11.252339468871664
Tra Vinh,2024-06-19,17.840593365862848
Tra Vinh,2024-06-20,39.71746467536833
Tra Vinh,2024-06-21,29.004469704501588
Tra Vinh,2024-06-22,7.875047006667402
Tra Vinh,2024-06-23,2.7723514171916435
Tra Vinh,2024-06-24,13.335278706080043
Tra Vinh,2024-06-25,3.9691907687127648
Tra Vinh,2024-06-26,10.715949458567854
Tra Vinh,2024-06-27,1.616886933644612
Tra Vinh,2024-06-28,1.8129109614054846
Tra Vinh,2024-06-29,0.368044547837311
Tra Vinh,2024-06-30,0.9966041993458737
Tra Vinh,2024-07-01,8.207912732642674
Tra Vinh,2024-07-02,31.211857774430147
Tra Vinh,2024-07-03,16.01674374802939
Tra Vinh,2024-07-04,11.120844957521479
Tra Vinh,2024-07-05,0.05912652029142188
Tra Vinh,2024-07-06,0.31613415066800765
Tra Vinh,2024-07-07,9.542534322989013
Tra Vinh,2024-07-08,7.8558776780685164
Tra Vinh,2024-07-09,9.88638719694623
Tra Vinh,2024-07-10,11.721827809660173
Tra Vinh,2024-07-11,8.530120323290268
Tra Vinh,2024-07-12,0
Tra Vinh,2024-07-13,1.3943336059726237
Tra Vinh,2024-07-14,2.0864937976830955
Tra Vinh,2024-07-15,21.025541773408378
Tra Vinh,2024-07-16,2.426903140591784
Tra Vinh,2024-07-17,16.528117556072036
Tra Vinh,2024-07-18,57.039293946823484
Tra Vinh,2024-07-19,6.6642372631427245
Tra Vinh,2024-07-20,7.931861796419049
Tra Vinh,2024-07-21,21.479612133982894
Tra Vinh,2024-07-22,24.42213808534001
Tra Vinh,2024-07-23,5.209970973935395
Tra Vinh,2024-07-24,3.677266475072534
Tra Vinh,2024-07-25,29.708989129752315
Tra Vinh,2024-07-26,16.438219732355005
Tra Vinh,2024-07-27,10.900250595493032
Tra Vinh,2024-07-28,0.7948938824895182
Tra Vinh,2024-07-29,0.14262863277512286
Tra Vinh,2024-07-30,9.318238872472131
Tra Vinh,2024-07-31,17.114684955470675
Tra Vinh,2024-08-01,6.907647429153572
Tra Vinh,2024-08-02,25.032377246997278
Tra Vinh,2024-08-03,9.064935972390058
Tra Vinh,2024-08-04,5.259595873683297
Tra Vinh,2024-08-05,0.7657648651787863
Tra Vinh,2024-08-06,6.395885351785985
Tra Vinh,2024-08-07,5.315779957115619
Tra Vinh,2024-08-08,0
Tra Vinh,2024-08-09,0.27314475485049944
Tra Vinh,2024-08-10,0.2317619024636869
Tra Vinh,2024-08-11,0
Tra Vinh,2024-08-12,3.0196879623240847
Tra Vinh,2024-08-13,1.5371701300847584
Tra Vinh,2024-08-14,3.613820692219447
Tra Vinh,2024-08-15,4.011169746225056
Tra Vinh,2024-08-16,0.009606768988290769
Tra Vinh,2024-08-17,0
Tra Vinh,2024-08-18,0
Tra Vinh,2024-08-19,0
Tra Vinh,2024-08-20,0.01966440010951567
Tra Vinh,2024-08-21,3.7700714172207017
Tra Vinh,2024-08-22,2.2008370592010227
Tra Vinh,2024-08-23,7.944556891642942
Tra Vinh,2024-08-24,6.050556971391939
Tra Vinh,2024-08-25,7.781164780098576
Tra Vinh,2024-08-26,11.583606653627784
Tra Vinh,2024-08-27,14.247222819776027
Tra Vinh,2024-08-28,31.27919629122918
Tra Vinh,2024-08-29,15.82251607554171
Tra Vinh,2024-08-30,14.351682395104858
Tra Vinh,2024-08-31,17.94484853295968
Tra Vinh,2024-09-01,23.24323792210476
Tra Vinh,2024-09-02,1.7178551253649397
Tra Vinh,2024-09-03,7.373718079510193
Tra Vinh,2024-09-04,13.775382401903652
Tra Vinh,2024-09-05,17.928028819009295
Tra Vinh,2024-09-06,11.730470170256254
Tra Vinh,2024-09-07,1.070923299020389
Tra Vinh,2024-09-08,9.404142459947183
Tra Vinh,2024-09-09,0.0921732959368911
Tra Vinh,2024-09-10,31.172864193995416
Tra Vinh,2024-09-11,6.771964435202659
Tra Vinh,2024-09-12,17.192686784424414
Tra Vinh,2024-09-13,12.789535306367334
Tra Vinh,2024-09-14,26.414232192374673
Tra Vinh,2024-09-15,9.925732120563174
Tra Vinh,2024-09-16,18.08112139552602
Tra Vinh,2024-09-17,5.951803289643104
Tra Vinh,2024-09-18,6.745356639797144
Tra Vinh,2024-09-19,0.6153804852816921
Tra Vinh,2024-09-20,22.904506079045976
Tra Vinh,2024-09-21,19.040967451357847
Tra Vinh,2024-09-22,8.65366200718163
Tra Vinh,2024-09-23,8.0405244805863
Tra Vinh,2024-09-24,8.671315557552601
Tra Vinh,2024-09-25,5.892852360353686
Tra Vinh,2024-09-26,13.540431998215189
Tra Vinh,2024-09-27,0.12299798279924229
Tra Vinh,2024-09-28,0
Tra Vinh,2024-09-29,0.32464723103226234
Tra Vinh,2024-09-30,7.911582670355322
Tra Vinh,2024-10-01,5.103239060712302
Tra Vinh,2024-10-02,3.1129998799998964
Tra Vinh,2024-10-03,8.190273399901056
Tra Vinh,2024-10-04,7.6408381385845665
Tra Vinh,2024-10-05,16.038241946189572
Tra Vinh,2024-10-06,21.935174630975567
Tra Vinh,2024-10-07,8.473786154444937
Tra Vinh,2024-10-08,16.271275373917675
Tra Vinh,2024-10-09,10.981567130407674
Tra Vinh,2024-10-10,13.595848748617463
Tra Vinh,2024-10-11,16.428579777168245
Tra Vinh,2024-10-12,11.974945405803014
Tra Vinh,2024-10-13,11.324168837537355
Tra Vinh,2024-10-14,15.564288972809273
Tra Vinh,2024-10-15,21.15161108061332
Tra Vinh,2024-10-16,40.089271325626314
Tra Vinh,2024-10-17,6.717305087627296
Tra Vinh,2024-10-18,5.523671569264768
Tra Vinh,2024-10-19,4.709100458547358
Tra Vinh,2024-10-20,6.538639087768339
Tra Vinh,2024-10-21,26.340898159326233
Tra Vinh,2024-10-22,39.87258675690897
Tra Vinh,2024-10-23,8.620950791088353
Tra Vinh,2024-10-24,2.032596028032559
Tra Vinh,2024-10-25,0
Tra Vinh,2024-10-26,10.861459312814922
Tra Vinh,2024-10-27,37.67880426807772
Tra Vinh,2024-10-28,5.4272740886662785
Tra Vinh,2024-10-29,6.300672988127456
Tra Vinh,2024-10-30,0.6455758934206934
Tra Vinh,2024-10-31,0
Tra Vinh,2024-11-01,27.912640885367274
Tra Vinh,2024-11-02,20.61823205777023
Tra Vinh,2024-11-03,1.4132917453758689
Tra Vinh,2024-11-04,18.02108456013201
Tra Vinh,2024-11-05,0.42446214045258235
Tra Vinh,2024-11-06,1.1539108744641335
Tra Vinh,2024-11-07,0
Tra Vinh,2024-11-08,3.806706542925527
Tra Vinh,2024-11-09,0
Tra Vinh,2024-11-10,0
Tra Vinh,2024-11-11,0
Tra Vinh,2024-11-12,0
Tra Vinh,2024-11-13,0
Tra Vinh,2024-11-14,0
Tra Vinh,2024-11-15,0
Tra Vinh,2024-11-16,0
Tra Vinh,2024-11-17,0
Tra Vinh,2024-11-18,0
Tra Vinh,2024-11-19,1.6747684719747244
Tra Vinh,2024-11-20,1.7223347970638923
Tra Vinh,2024-11-21,0
Tra Vinh,2024-11-22,0
Tra Vinh,2024-11-23,0.0018781301851698282
Tra Vinh,2024-11-24,0.4147908750794699
Tra Vinh,2024-11-25,15.841768794412872
Tra Vinh,2024-11-26,4.596157878183678
Tra Vinh,2024-11-27,6.933081199271831
Tra Vinh,2024-11-28,5.612351798330266
Tra Vinh,2024-11-29,22.724771000695913
Tra Vinh,2024-11-30,8.242154262301165
Tra Vinh,2024-12-01,0.02665147743450182
Tra Vinh,2024-12-02,4.91146151435789
Tra Vinh,2024-12-03,12.676789932196332
Tra Vinh,2024-12-04,8.028284975213028
Tra Vinh,2024-12-05,1.4234667522123945
Tra Vinh,2024-12-06,0
Tra Vinh,2024-12-07,0
Tra Vinh,2024-12-08,3.49488022817961
Tra Vinh,2024-12-09,3.1163862681203316
Tra Vinh,2024-12-10,5.256449416027488
Tra Vinh,2024-12-11,7.861007200085406
Tra Vinh,2024-12-12,4.8474167451270125
Tra Vinh,2024-12-13,12.640301694661218
Tra Vinh,2024-12-14,8.370610596563996
Tra Vinh,2024-12-15,0
Tra Vinh,2024-12-16,0
Tra Vinh,2024-12-17,0
Tra Vinh,2024-12-18,0
Tra Vinh,2024-12-19,0
Tra Vinh,2024-12-20,0.3386120738709137
Tra Vinh,2024-12-21,2.6978604278901663
Tra Vinh,2024-12-22,0.19692792399012776
Tra Vinh,2024-12-23,0
Tra Vinh,2024-12-24,0
Tra Vinh,2024-12-25,0
Tra Vinh,2024-12-26,0.27252567736984656
Tra Vinh,2024-12-27,0
Tra Vinh,2024-12-28,0.663960527176936
Tra Vinh,2024-12-29,0
Tra Vinh,2024-12-30,0
Tra Vinh,2024-12-31,1.9111930990761437
Vinh Long,2019-01-01,6.049616048290187
Vinh Long,2019-01-02,8.285184443858425
Vinh Long,2019-01-03,0.12774873277987311
Vinh Long,2019-01-04,1.9276745987849362
Vinh Long,2019-01-05,0
Vinh Long,2019-01-06,0
Vinh Long,2019-01-07,0
Vinh Long,2019-01-08,0
Vinh Long,2019-01-09,0
Vinh Long,2019-01-10,0
Vinh Long,2019-01-11,0
Vinh Long,2019-01-12,0
Vinh Long,2019-01-13,0
Vinh Long,2019-01-14,0
Vinh Long,2019-01-15,0
Vinh Long,2019-01-16,0
Vinh Long,2019-01-17,0
Vinh Long,2019-01-18,0
Vinh Long,2019-01-19,0
Vinh Long,2019-01-20,0
Vinh Long,2019-01-21,0
Vinh Long,2019-01-22,0
Vinh Long,2019-01-23,1.7229955927449525
Vinh Long,2019-01-24,0
Vinh Long,2019-01-25,0
Vinh Long,2019-01-26,0
Vinh Long,2019-01-27,0
Vinh Long,2019-01-28,0
Vinh Long,2019-01-29,0
Vinh Long,2019-01-30,0
Vinh Long,2019-01-31,0
Vinh Long,2019-02-01,0
Vinh Long,2019-02-02,0
Vinh Long,2019-02-03,0
Vinh Long,2019-02-04,0
Vinh Long,2019-02-05,0
Vinh Long,2019-02-06,0
Vinh Long,2019-02-07,0
Vinh Long,2019-02-08,0
Vinh Long,2019-02-09,0
Vinh Long,2019-02-10,0
Vinh Long,2019-02-11,0
Vinh Long,2019-02-12,0
Vinh Long,2019-02-13,0
Vinh Long,2019-02-14,0
Vinh Long,2019-02-15,0
Vinh Long,2019-02-16,0
Vinh Long,2019-02-17,0
Vinh Long,2019-02-18,0
Vinh Long,2019-02-19,0
Vinh Long,2019-02-20,0
Vinh Long,2019-02-21,0
Vinh Long,2019-02-22,0
Vinh Long,2019-02-23,0
Vinh Long,2019-02-24,0
Vinh Long,2019-02-25,0
Vinh Long,2019-02-26,0
Vinh Long,2019-02-27,0
Vinh Long,2019-02-28,0
Vinh Long,2019-03-01,0.09105291289571275
Vinh Long,2019-03-02,0
Vinh Long,2019-03-03,0
Vinh Long,2019-03-04,0
Vinh Long,2019-03-05,0
Vinh Long,2019-03-06,0.016758638664572566
Vinh Long,2019-03-07,0
Vinh Long,2019-03-08,0
Vinh Long,2019-03-09,0.18598892773547573
Vinh Long,2019-03-10,0
Vinh Long,2019-03-11,0
Vinh Long,2019-03-12,0
Vinh Long,2019-03-13,0
Vinh Long,2019-03-14,0
Vinh Long,2019-03-15,0.09044119337028456
Vinh Long,2019-03-16,0
Vinh Long,2019-03-17,0
Vinh Long,2019-03-18,0
Vinh Long,2019-03-19,0
Vinh Long,2019-03-20,0
Vinh Long,2019-03-21,0.0017947850401742803
Vinh Long,2019-03-22,0
Vinh Long,2019-03-23,0
Vinh Long,2019-03-24,0
Vinh Long,2019-03-25,0
Vinh Long,2019-03-26,0
Vinh Long,2019-03-27,0
Vinh Long,2019-03-28,0
Vinh Long,2019-03-29,0.18395833487005503
Vinh Long,2019-03-30,0
Vinh Long,2019-03-31,0
Vinh Long,2019-04-01,0
Vinh Long,2019-04-02,0
Vinh Long,2019-04-03,0.48537163360942565
Vinh Long,2019-04-04,2.0960715072484897
Vinh Long,2019-04-05,0
Vinh Long,2019-04-06,0
Vinh Long,2019-04-07,0
Vinh Long,2019-04-08,0
Vinh Long,2019-04-09,0
Vinh Long,2019-04-10,0
Vinh Long,2019-04-11,0
Vinh Long,2019-04-12,0
Vinh Long,2019-04-13,0
Vinh Long,2019-04-14,0
Vinh Long,2019-04-15,0
Vinh Long,2019-04-16,0.9501605792846815
Vinh Long,2019-04-17,0
Vinh Long,2019-04-18,0.8692067465441183
Vinh Long,2019-04-19,0
Vinh Long,2019-04-20,0.9466149769746821
Vinh Long,2019-04-21,0.00026318876953991955
Vinh Long,2019-04-22,7.235428868854379e-06
Vinh Long,2019-04-23,0.8166758169593172
Vinh Long,2019-04-24,0.029561267725503472
Vinh Long,2019-04-25,0.10150402510194352
Vinh Long,2019-04-26,0
Vinh Long,2019-04-27,5.5214710795011905
Vinh Long,2019-04-28,10.19294718166714
Vinh Long,2019-04-29,0
Vinh Long,2019-04-30,0
Vinh Long,2019-05-01,0
Vinh Long,2019-05-02,10.153160787189039
Vinh Long,2019-05-03,7.600961076384801
Vinh Long,2019-05-04,2.0387659367415956
Vinh Long,2019-05-05,0.13034937725424303
Vinh Long,2019-05-06,4.733000201556915
Vinh Long,2019-05-07,2.4538429808613644
Vinh Long,2019-05-08,3.4425977277773714
Vinh Long,2019-05-09,5.220062913989938
Vinh Long,2019-05-10,7.0220412054118215
Vinh Long,2019-05-11,7.913185346811219
Vinh Long,2019-05-12,5.931794251645947
Vinh Long,2019-05-13,1.6763423760362468
Vinh Long,2019-05-14,3.5554603768066197
Vinh Long,2019-05-15,5.152180220413496
Vinh Long,2019-05-16,2.275331658215563
Vinh Long,2019-05-17,5.17806837668712
Vinh Long,2019-05-18,5.202625888218247
Vinh Long,2019-05-19,5.005236945485476
Vinh Long,2019-05-20,3.3953550642004444
Vinh Long,2019-05-21,8.31650572499094
Vinh Long,2019-05-22,12.122847337136696
Vinh Long,2019-05-23,0
Vinh Long,2019-05-24,2.552382704389745
Vinh Long,2019-05-25,12.422103177516835
Vinh Long,2019-05-26,10.133226414174462
Vinh Long,2019-05-27,6.286223627865667
Vinh Long,2019-05-28,11.152149151808898
Vinh Long,2019-05-29,9.819246449392013
Vinh Long,2019-05-30,4.203818541488801
Vinh Long,2019-05-31,0.002768347592034411
Vinh Long,2019-06-01,0
Vinh Long,2019-06-02,9.474332575913696
Vinh Long,2019-06-03,10.330297555967809
Vinh Long,2019-06-04,10.843598506132144
Vinh Long,2019-06-05,10.037843136477594
Vinh Long,2019-06-06,4.820525432421032
Vinh Long,2019-06-07,6.687870204755825
Vinh Long,2019-06-08,6.614038053223485
Vinh Long,2019-06-09,13.184823957417832
Vinh Long,2019-06-10,17.00190899853612
Vinh Long,2019-06-11,5.410114012876769
Vinh Long,2019-06-12,10.221279181981036
Vinh Long,2019-06-13,5.68713040110363
Vinh Long,2019-06-14,2.966427406346931
Vinh Long,2019-06-15,9.784476283778043
Vinh Long,2019-06-16,25.641713762277337
Vinh Long,2019-06-17,8.307633227074703
Vinh Long,2019-06-18,0
Vinh Long,2019-06-19,0
Vinh Long,2019-06-20,5.353749215640331
Vinh Long,2019-06-21,21.198256958065826
Vinh Long,2019-06-22,13.282886154345713
Vinh Long,2019-06-23,0
Vinh Long,2019-06-24,9.915334720175306
Vinh Long,2019-06-25,7.171173539520642
Vinh Long,2019-06-26,0
Vinh Long,2019-06-27,0
Vinh Long,2019-06-28,16.641624482984117
Vinh Long,2019-06-29,0
Vinh Long,2019-06-30,17.687652426088402
Vinh Long,2019-07-01,12.98755106465128
Vinh Long,2019-07-02,33.439842242099125
Vinh Long,2019-07-03,7.281054756307897
Vinh Long,2019-07-04,12.959146908094528
Vinh Long,2019-07-05,0.00886483828865944
Vinh Long,2019-07-06,0
Vinh Long,2019-07-07,4.849368582197931
Vinh Long,2019-07-08,5.164063718205977
Vinh Long,2019-07-09,0
Vinh Long,2019-07-10,0
Vinh Long,2019-07-11,0
Vinh Long,2019-07-12,0.932616666556753
Vinh Long,2019-07-13,3.9083849504932746
Vinh Long,2019-07-14,6.868477271552118
Vinh Long,2019-07-15,13.41235585213906
Vinh Long,2019-07-16,10.416711482987328
Vinh Long,2019-07-17,12.782736339355756
Vinh Long,2019-07-18,8.943116551085575
Vinh Long,2019-07-19,0
Vinh Long,2019-07-20,4.706895244230918
Vinh Long,2019-07-21,0.24132499806287977
Vinh Long,2019-07-22,11.75973095282008
Vinh Long,2019-07-23,5.528245192100253
Vinh Long,2019-07-24,18.571582964441355
Vinh Long,2019-07-25,0.11502594661365073
Vinh Long,2019-07-26,1.059640254014938
Vinh Long,2019-07-27,13.288198934093376
Vinh Long,2019-07-28,10.418382175456822
Vinh Long,2019-07-29,8.768316567955384
Vinh Long,2019-07-30,1.57503107344069
Vinh Long,2019-07-31,11.561116167509303
Vinh Long,2019-08-01,6.91216082789872
Vinh Long,2019-08-02,2.7850606515806975
Vinh Long,2019-08-03,8.668085675990445
Vinh Long,2019-08-04,3.8735605485328137
Vinh Long,2019-08-05,11.11508058857435
Vinh Long,2019-08-06,25.599389460363383
Vinh Long,2019-08-07,1.930595413440284
Vinh Long,2019-08-08,20.788485256289515
Vinh Long,2019-08-09,0
Vinh Long,2019-08-10,0.001007765280596647
Vinh Long,2019-08-11,5.5146776625180305
Vinh Long,2019-08-12,0
Vinh Long,2019-08-13,17.10527346094334
Vinh Long,2019-08-14,0
Vinh Long,2019-08-15,0
Vinh Long,2019-08-16,3.3505611744480728
Vinh Long,2019-08-17,0.28950787890986673
Vinh Long,2019-08-18,0
Vinh Long,2019-08-19,0
Vinh Long,2019-08-20,16.968411260324167
Vinh Long,2019-08-21,2.5165626178423603
Vinh Long,2019-08-22,3.375369016348425
Vinh Long,2019-08-23,0.8754741754516279
Vinh Long,2019-08-24,11.223292827576238
Vinh Long,2019-08-25,29.945178418928347
Vinh Long,2019-08-26,7.099975168547679
Vinh Long,2019-08-27,0
Vinh Long,2019-08-28,25.161185325353127
Vinh Long,2019-08-29,19.604803600217796
Vinh Long,2019-08-30,7.806198878340405
Vinh Long,2019-08-31,0.4512410777828959
Vinh Long,2019-09-01,8.317369338149803
Vinh Long,2019-09-02,11.205927450692545
Vinh Long,2019-09-03,0.5274154508894408
Vinh Long,2019-09-04,8.53766816064193
Vinh Long,2019-09-05,0
Vinh Long,2019-09-06,0
Vinh Long,2019-09-07,8.099309858491376
Vinh Long,2019-09-08,6.5209551655169005
Vinh Long,2019-09-09,0.12606330773062452
Vinh Long,2019-09-10,0
Vinh Long,2019-09-11,0
Vinh Long,2019-09-12,0
Vinh Long,2019-09-13,33.32350549977136
Vinh Long,2019-09-14,7.455851307463013
Vinh Long,2019-09-15,1.0619328056161421
Vinh Long,2019-09-16,5.987109248177017
Vinh Long,2019-09-17,13.536373187447813
Vinh Long,2019-09-18,16.649876440321965
Vinh Long,2019-09-19,0
Vinh Long,2019-09-20,7.762241144972529
Vinh Long,2019-09-21,4.631075740729472
Vinh Long,2019-09-22,6.3427388134712235
Vinh Long,2019-09-23,0
Vinh Long,2019-09-24,0
Vinh Long,2019-09-25,0.3924481149473067
Vinh Long,2019-09-26,11.593972207089536
Vinh Long,2019-09-27,3.7721319307525265
Vinh Long,2019-09-28,0
Vinh Long,2019-09-29,1.9619762818687776
Vinh Long,2019-09-30,7.381257695949181
Vinh Long,2019-10-01,6.223528639881009
Vinh Long,2019-10-02,8.375167930696994
Vinh Long,2019-10-03,21.909027610065444
Vinh Long,2019-10-04,8.385559323595984
Vinh Long,2019-10-05,16.242473215287962
Vinh Long,2019-10-06,13.606829344574582
Vinh Long,2019-10-07,1.3373876408414807
Vinh Long,2019-10-08,1.9061612504592593
Vinh Long,2019-10-09,8.161204347362377
Vinh Long,2019-10-10,0.26297304635373314
Vinh Long,2019-10-11,3.102267643817183
Vinh Long,2019-10-12,7.349210532028891
Vinh Long,2019-10-13,0.0009297938057416586
Vinh Long,2019-10-14,0
Vinh Long,2019-10-15,0
Vinh Long,2019-10-16,8.064317270995414
Vinh Long,2019-10-17,10.97703799791517
Vinh Long,2019-10-18,8.909770208596436
Vinh Long,2019-10-19,10.271063859039955
Vinh Long,2019-10-20,4.440621526528651
Vinh Long,2019-10-21,7.441289284877386
Vinh Long,2019-10-22,3.3828658068825797
Vinh Long,2019-10-23,0.5611324817582682
Vinh Long,2019-10-24,0
Vinh Long,2019-10-25,2.894681715764517
Vinh Long,2019-10-26,0
Vinh Long,2019-10-27,0.26094481159098504
Vinh Long,2019-10-28,16.999264277779037
Vinh Long,2019-10-29,0
Vinh Long,2019-10-30,3.8744064663108815
Vinh Long,2019-10-31,7.649588033663681
Vinh Long,2019-11-01,4.6123118188433025
Vinh Long,2019-11-02,5.1561428044060165
Vinh Long,2019-11-03,22.249897919154222
Vinh Long,2019-11-04,0.09046009939130682
Vinh Long,2019-11-05,7.521130668797864
Vinh Long,2019-11-06,18.177841173759035
Vinh Long,2019-11-07,2.1957312408098253
Vinh Long,2019-11-08,21.526625196253875
Vinh Long,2019-11-09,9.155952938480622
Vinh Long,2019-11-10,42.632764755158895
Vinh Long,2019-11-11,0.17333094526652987
Vinh Long,2019-11-12,0.4546230843547483
Vinh Long,2019-11-13,2.761110727161084
Vinh Long,2019-11-14,3.1076548621929283
Vinh Long,2019-11-15,0.02561497457604726
Vinh Long,2019-11-16,0
Vinh Long,2019-11-17,0
Vinh Long,2019-11-18,2.0976345588832226
Vinh Long,2019-11-19,0
Vinh Long,2019-11-20,0.13422136605197918
Vinh Long,2019-11-21,0
Vinh Long,2019-11-22,0
Vinh Long,2019-11-23,0
Vinh Long,2019-11-24,0
Vinh Long,2019-11-25,0.30531577041015207
Vinh Long,2019-11-26,0
Vinh Long,2019-11-27,0
Vinh Long,2019-11-28,0
Vinh Long,2019-11-29,0
Vinh Long,2019-11-30,0
Vinh Long,2019-12-01,0
Vinh Long,2019-12-02,0.12463814314547024
Vinh Long,2019-12-03,0
Vinh Long,2019-12-04,0
Vinh Long,2019-12-05,0
Vinh Long,2019-12-06,0
Vinh Long,2019-12-07,0
Vinh Long,2019-12-08,0
Vinh Long,2019-12-09,0
Vinh Long,2019-12-10,0
Vinh Long,2019-12-11,0
Vinh Long,2019-12-12,0.2023362937218672
Vinh Long,2019-12-13,0.0680368550087139
Vinh Long,2019-12-14,0.6520689357775786
Vinh Long,2019-12-15,0.32485147143962384
Vinh Long,2019-12-16,3.8229621236342592
Vinh Long,2019-12-17,0
Vinh Long,2019-12-18,2.4165298160752178
Vinh Long,2019-12-19,0
Vinh Long,2019-12-20,0
Vinh Long,2019-12-21,0
Vinh Long,2019-12-22,0
Vinh Long,2019-12-23,0
Vinh Long,2019-12-24,0
Vinh Long,2019-12-25,0
Vinh Long,2019-12-26,0
Vinh Long,2019-12-27,0
Vinh Long,2019-12-28,0
Vinh Long,2019-12-29,0
Vinh Long,2019-12-30,0
Vinh Long,2019-12-31,0.7827604141789075
Vinh Long,2020-01-01,0.18291749883210434
Vinh Long,2020-01-02,0
Vinh Long,2020-01-03,0
Vinh Long,2020-01-04,0
Vinh Long,2020-01-05,0
Vinh Long,2020-01-06,0
Vinh Long,2020-01-07,0
Vinh Long,2020-01-08,0
Vinh Long,2020-01-09,0
Vinh Long,2020-01-10,0
Vinh Long,2020-01-11,1.106955309271947
Vinh Long,2020-01-12,0.6459155858304613
Vinh Long,2020-01-13,0
Vinh Long,2020-01-14,0
Vinh Long,2020-01-15,0
Vinh Long,2020-01-16,0
Vinh Long,2020-01-17,0.053549138643011404
Vinh Long,2020-01-18,0
Vinh Long,2020-01-19,0
Vinh Long,2020-01-20,0.04957777721671823
Vinh Long,2020-01-21,0
Vinh Long,2020-01-22,0
Vinh Long,2020-01-23,0
Vinh Long,2020-01-24,0
Vinh Long,2020-01-25,0
Vinh Long,2020-01-26,0
Vinh Long,2020-01-27,0
Vinh Long,2020-01-28,0
Vinh Long,2020-01-29,0
Vinh Long,2020-01-30,0.1698429625777724
Vinh Long,2020-01-31,0
Vinh Long,2020-02-01,0
Vinh Long,2020-02-02,0
Vinh Long,2020-02-03,0
Vinh Long,2020-02-04,0.0006325086996575404
Vinh Long,2020-02-05,0
Vinh Long,2020-02-06,0
Vinh Long,2020-02-07,0
Vinh Long,2020-02-08,0
Vinh Long,2020-02-09,0
Vinh Long,2020-02-10,0
Vinh Long,2020-02-11,0
Vinh Long,2020-02-12,0
Vinh Long,2020-02-13,0
Vinh Long,2020-02-14,0
Vinh Long,2020-02-15,0
Vinh Long,2020-02-16,0
Vinh Long,2020-02-17,0.07996938892895214
Vinh Long,2020-02-18,0
Vinh Long,2020-02-19,0
Vinh Long,2020-02-20,0
Vinh Long,2020-02-21,0
Vinh Long,2020-02-22,0
Vinh Long,2020-02-23,0
Vinh Long,2020-02-24,0
Vinh Long,2020-02-25,0
Vinh Long,2020-02-26,0
Vinh Long,2020-02-27,0
Vinh Long,2020-02-28,0
Vinh Long,2020-02-29,0
Vinh Long,2020-03-01,0
Vinh Long,2020-03-02,0
Vinh Long,2020-03-03,0
Vinh Long,2020-03-04,0
Vinh Long,2020-03-05,1.3921111099861134
Vinh Long,2020-03-06,0
Vinh Long,2020-03-07,0
Vinh Long,2020-03-08,0
Vinh Long,2020-03-09,0
Vinh Long,2020-03-10,0
Vinh Long,2020-03-11,1.695999731201914
Vinh Long,2020-03-12,0
Vinh Long,2020-03-13,0
Vinh Long,2020-03-14,0
Vinh Long,2020-03-15,0
Vinh Long,2020-03-16,0
Vinh Long,2020-03-17,0
Vinh Long,2020-03-18,0
Vinh Long,2020-03-19,0
Vinh Long,2020-03-20,0
Vinh Long,2020-03-21,0
Vinh Long,2020-03-22,0
Vinh Long,2020-03-23,0
Vinh Long,2020-03-24,0
Vinh Long,2020-03-25,0
Vinh Long,2020-03-26,0
Vinh Long,2020-03-27,0
Vinh Long,2020-03-28,0
Vinh Long,2020-03-29,0
Vinh Long,2020-03-30,0.387999563042177
Vinh Long,2020-03-31,0
Vinh Long,2020-04-01,0
Vinh Long,2020-04-02,0
Vinh Long,2020-04-03,0
Vinh Long,2020-04-04,0
Vinh Long,2020-04-05,0
Vinh Long,2020-04-06,0
Vinh Long,2020-04-07,0
Vinh Long,2020-04-08,0.32252802816006026
Vinh Long,2020-04-09,0
Vinh Long,2020-04-10,0
Vinh Long,2020-04-11,0
Vinh Long,2020-04-12,2.5863650162285623
Vinh Long,2020-04-13,17.095157557491447
Vinh Long,2020-04-14,0
Vinh Long,2020-04-15,0
Vinh Long,2020-04-16,0.3951169490379741
Vinh Long,2020-04-17,0.03459259880028044
Vinh Long,2020-04-18,0
Vinh Long,2020-04-19,0
Vinh Long,2020-04-20,0
Vinh Long,2020-04-21,0
Vinh Long,2020-04-22,0
Vinh Long,2020-04-23,0
Vinh Long,2020-04-24,0.10883395787690384
Vinh Long,2020-04-25,0.2608550364376089
Vinh Long,2020-04-26,3.357346755948607
Vinh Long,2020-04-27,0.932217498632836
Vinh Long,2020-04-28,2.448681965423497
Vinh Long,2020-04-29,0.2569275746936398
Vinh Long,2020-04-30,0
Vinh Long,2020-05-01,0
Vinh Long,2020-05-02,0
Vinh Long,2020-05-03,0
Vinh Long,2020-05-04,0
Vinh Long,2020-05-05,0
Vinh Long,2020-05-06,2.003183072657835
Vinh Long,2020-05-07,0
Vinh Long,2020-05-08,0
Vinh Long,2020-05-09,0
Vinh Long,2020-05-10,0.036028546747346915
Vinh Long,2020-05-11,0
Vinh Long,2020-05-12,0
Vinh Long,2020-05-13,0
Vinh Long,2020-05-14,0
Vinh Long,2020-05-15,0.02193503275249597
Vinh Long,2020-05-16,2.44356662474701
Vinh Long,2020-05-17,0.9993656703211397
Vinh Long,2020-05-18,0.08534223429294062
Vinh Long,2020-05-19,7.741311191149177
Vinh Long,2020-05-20,7.555790966264532
Vinh Long,2020-05-21,3.4207382539236417
Vinh Long,2020-05-22,4.177067255560322
Vinh Long,2020-05-23,13.856222467505184
Vinh Long,2020-05-24,8.348995018412873
Vinh Long,2020-05-25,2.3297741538513184
Vinh Long,2020-05-26,0
Vinh Long,2020-05-27,5.794774009022741
Vinh Long,2020-05-28,6.943627459987617
Vinh Long,2020-05-29,10.313190709320583
Vinh Long,2020-05-30,4.102532241367524
Vinh Long,2020-05-31,5.8052426583356125
Vinh Long,2020-06-01,17.510673591924903
Vinh Long,2020-06-02,6.538445705023336
Vinh Long,2020-06-03,3.1053407795692602
Vinh Long,2020-06-04,6.972788413655327
Vinh Long,2020-06-05,9.384900050890181
Vinh Long,2020-06-06,2.816093797822746
Vinh Long,2020-06-07,2.9134308990108413
Vinh Long,2020-06-08,3.6033886203937264
Vinh Long,2020-06-09,6.4998591995365125
Vinh Long,2020-06-10,12.682358358708465
Vinh Long,2020-06-11,3.9153753376732205
Vinh Long,2020-06-12,7.063715808248046
Vinh Long,2020-06-13,27.969300002207994
Vinh Long,2020-06-14,23.596034819207578
Vinh Long,2020-06-15,10.132667660158875
Vinh Long,2020-06-16,10.156740893996421
Vinh Long,2020-06-17,9.24465659568998
Vinh Long,2020-06-18,17.839741498362983
Vinh Long,2020-06-19,7.9205642902508036
Vinh Long,2020-06-20,22.198901822283236
Vinh Long,2020-06-21,7.173256102108066
Vinh Long,2020-06-22,1.2298166914937245
Vinh Long,2020-06-23,0.17065575916263437
Vinh Long,2020-06-24,3.287671159721132
Vinh Long,2020-06-25,5.699282883743823
Vinh Long,2020-06-26,2.428576915905645
Vinh Long,2020-06-27,8.986117598757875
Vinh Long,2020-06-28,20.42295572604009
Vinh Long,2020-06-29,11.778985823850258
Vinh Long,2020-06-30,11.50448171963895
Vinh Long,2020-07-01,6.058526115530142
Vinh Long,2020-07-02,19.06658604625363
Vinh Long,2020-07-03,5.949589954363995
Vinh Long,2020-07-04,0
Vinh Long,2020-07-05,10.695810821707466
Vinh Long,2020-07-06,7.859975980067351
Vinh Long,2020-07-07,0
Vinh Long,2020-07-08,5.461841586038547
Vinh Long,2020-07-09,0
Vinh Long,2020-07-10,5.85218604284869
Vinh Long,2020-07-11,3.954391883698123
Vinh Long,2020-07-12,10.882415771064888
Vinh Long,2020-07-13,10.820757498704594
Vinh Long,2020-07-14,12.973502865295488
Vinh Long,2020-07-15,4.329529164288981
Vinh Long,2020-07-16,3.2847316487434455
Vinh Long,2020-07-17,3.160905107670399
Vinh Long,2020-07-18,2.5596022938938914
Vinh Long,2020-07-19,2.4907113414501696
Vinh Long,2020-07-20,3.6570670441555233
Vinh Long,2020-07-21,2.9428553459137037
Vinh Long,2020-07-22,0.9278346373085943
Vinh Long,2020-07-23,10.308236837267234
Vinh Long,2020-07-24,12.98805849046073
Vinh Long,2020-07-25,1.6716195150762254
Vinh Long,2020-07-26,0.9621888092448997
Vinh Long,2020-07-27,0.06635054649682864
Vinh Long,2020-07-28,4.2560958811966225
Vinh Long,2020-07-29,11.45906790108541
Vinh Long,2020-07-30,15.852294961726292
Vinh Long,2020-07-31,16.781764071835966
Vinh Long,2020-08-01,9.154971109797522
Vinh Long,2020-08-02,23.780875808617065
Vinh Long,2020-08-03,2.757611715735181
Vinh Long,2020-08-04,0
Vinh Long,2020-08-05,22.803357469087214
Vinh Long,2020-08-06,24.503476431610395
Vinh Long,2020-08-07,1.037848674248732
Vinh Long,2020-08-08,2.3284124927903087
Vinh Long,2020-08-09,9.75859235213063
Vinh Long,2020-08-10,2.3938857859008285
Vinh Long,2020-08-11,5.026036702284669
Vinh Long,2020-08-12,5.3004599739082865
Vinh Long,2020-08-13,6.8892540510716245
Vinh Long,2020-08-14,9.545994235325564
Vinh Long,2020-08-15,0.0006888194106340379
Vinh Long,2020-08-16,7.564919490842374
Vinh Long,2020-08-17,5.157468294309314
Vinh Long,2020-08-18,7.460463468911916
Vinh Long,2020-08-19,6.307514397900532
Vinh Long,2020-08-20,3.4842753690197275
Vinh Long,2020-08-21,0.2853644434285401
Vinh Long,2020-08-22,1.368896312624931
Vinh Long,2020-08-23,0.11006413789135257
Vinh Long,2020-08-24,6.527987954274066
Vinh Long,2020-08-25,6.181328287402695
Vinh Long,2020-08-26,2.9540449334581225
Vinh Long,2020-08-27,1.0748244775244977
Vinh Long,2020-08-28,12.059965298885043
Vinh Long,2020-08-29,3.0398922708445917
Vinh Long,2020-08-30,5.48718212141349
Vinh Long,2020-08-31,8.82926684847965
Vinh Long,2020-09-01,12.302224213714139
Vinh Long,2020-09-02,18.026807544667978
Vinh Long,2020-09-03,0
Vinh Long,2020-09-04,0.5533917879090472
Vinh Long,2020-09-05,0
Vinh Long,2020-09-06,9.859437436932849
Vinh Long,2020-09-07,0.03318000486991626
Vinh Long,2020-09-08,0.9757898674248541
Vinh Long,2020-09-09,16.12837003975399
Vinh Long,2020-09-10,7.883269132824118
Vinh Long,2020-09-11,3.3776196512697148
Vinh Long,2020-09-12,10.046597722308695
Vinh Long,2020-09-13,17.27699575254002
Vinh Long,2020-09-14,12.506858086127558
Vinh Long,2020-09-15,2.59896558859517
Vinh Long,2020-09-16,13.232196612560047
Vinh Long,2020-09-17,19.822399890526192
Vinh Long,2020-09-18,24.001712542465917
Vinh Long,2020-09-19,8.60322517660735
Vinh Long,2020-09-20,1.5365245868467694
Vinh Long,2020-09-21,0.306400854593248
Vinh Long,2020-09-22,13.457618515740482
Vinh Long,2020-09-23,10.886189382010647
Vinh Long,2020-09-24,9.146439076368871
Vinh Long,2020-09-25,18.732526954820116
Vinh Long,2020-09-26,14.424841525912118
Vinh Long,2020-09-27,20.493891577183092
Vinh Long,2020-09-28,2.0503892811066513
Vinh Long,2020-09-29,15.030217740079394
Vinh Long,2020-09-30,0
Vinh Long,2020-10-01,6.978244375700144
Vinh Long,2020-10-02,13.39208943579864
Vinh Long,2020-10-03,2.896330575390469
Vinh Long,2020-10-04,21.880274411285733
Vinh Long,2020-10-05,15.56601359446594
Vinh Long,2020-10-06,8.030653754355725
Vinh Long,2020-10-07,2.352174124286839
Vinh Long,2020-10-08,17.26506771747081
Vinh Long,2020-10-09,19.547435007128897
Vinh Long,2020-10-10,16.900180262567655
Vinh Long,2020-10-11,31.537764450256386
Vinh Long,2020-10-12,13.495671977765507
Vinh Long,2020-10-13,13.671638595109556
Vinh Long,2020-10-14,26.384360604419825
Vinh Long,2020-10-15,15.070694941139203
Vinh Long,2020-10-16,19.952793826136414
Vinh Long,2020-10-17,9.664086667499875
Vinh Long,2020-10-18,23.782262029068942
Vinh Long,2020-10-19,3.6838316950079513
Vinh Long,2020-10-20,8.443476868047329
Vinh Long,2020-10-21,23.590421219874052
Vinh Long,2020-10-22,0.0950395349013801
Vinh Long,2020-10-23,1.7241357072777703
Vinh Long,2020-10-24,0.17908587023677638
Vinh Long,2020-10-25,10.247733730548921
Vinh Long,2020-10-26,4.410052918572814
Vinh Long,2020-10-27,0.9317277802344738
Vinh Long,2020-10-28,7.729109563194689
Vinh Long,2020-10-29,4.199004385689179
Vinh Long,2020-10-30,13.98822008941706
Vinh Long,2020-10-31,11.130937832241097
Vinh Long,2020-11-01,19.608484964657176
Vinh Long,2020-11-02,11.697479632716693
Vinh Long,2020-11-03,4.181192475376799
Vinh Long,2020-11-04,2.5118580627968767
Vinh Long,2020-11-05,2.611296670766756
Vinh Long,2020-11-06,21.496625163648936
Vinh Long,2020-11-07,0.13713619998760734
Vinh Long,2020-11-08,0.8110544595554185
Vinh Long,2020-11-09,3.7954761075572008
Vinh Long,2020-11-10,0.6927542524660174
Vinh Long,2020-11-11,0
Vinh Long,2020-11-12,0
Vinh Long,2020-11-13,0
Vinh Long,2020-11-14,0
Vinh Long,2020-11-15,0
Vinh Long,2020-11-16,0.7574510758016313
Vinh Long,2020-11-17,0
Vinh Long,2020-11-18,0.5995302221891012
Vinh Long,2020-11-19,6.708817741177827
Vinh Long,2020-11-20,3.745111601727533
Vinh Long,2020-11-21,0.6348658106622795
Vinh Long,2020-11-22,0
Vinh Long,2020-11-23,11.924988933105153
Vinh Long,2020-11-24,0
Vinh Long,2020-11-25,9.2590584443924
Vinh Long,2020-11-26,0
Vinh Long,2020-11-27,2.4046611572249805
Vinh Long,2020-11-28,10.696084892059131
Vinh Long,2020-11-29,11.442402995110637
Vinh Long,2020-11-30,1.3526552968758112
Vinh Long,2020-12-01,0.3383899120824847
Vinh Long,2020-12-02,0
Vinh Long,2020-12-03,0
Vinh Long,2020-12-04,0
Vinh Long,2020-12-05,0.0015168361992216957
Vinh Long,2020-12-06,0
Vinh Long,2020-12-07,1.1795026411007317
Vinh Long,2020-12-08,0.25557120954314716
Vinh Long,2020-12-09,0
Vinh Long,2020-12-10,0.0019313549896543226
Vinh Long,2020-12-11,0.250015463266628
Vinh Long,2020-12-12,1.1751631686806427
Vinh Long,2020-12-13,1.9685445522354135
Vinh Long,2020-12-14,0
Vinh Long,2020-12-15,2.8263738196939183
Vinh Long,2020-12-16,2.1929384312977875
Vinh Long,2020-12-17,0
Vinh Long,2020-12-18,6.188269796766378
Vinh Long,2020-12-19,11.307902365634535
Vinh Long,2020-12-20,1.5162132640452455
Vinh Long,2020-12-21,1.6967594536072619
Vinh Long,2020-12-22,11.133784024517965
Vinh Long,2020-12-23,17.74565155284106
Vinh Long,2020-12-24,0
Vinh Long,2020-12-25,0
Vinh Long,2020-12-26,0
Vinh Long,2020-12-27,0.5318167788517658
Vinh Long,2020-12-28,0
Vinh Long,2020-12-29,0
Vinh Long,2020-12-30,5.881345696375571
Vinh Long,2020-12-31,0
Vinh Long,2021-01-01,0.13145624018200863
Vinh Long,2021-01-02,0
Vinh Long,2021-01-03,0.017766626213488904
Vinh Long,2021-01-04,0.11651020351480387
Vinh Long,2021-01-05,2.998120459050139
Vinh Long,2021-01-06,0
Vinh Long,2021-01-07,0.21834797470866546
Vinh Long,2021-01-08,1.0301808078781631
Vinh Long,2021-01-09,0
Vinh Long,2021-01-10,0
Vinh Long,2021-01-11,0
Vinh Long,2021-01-12,0
Vinh Long,2021-01-13,0
Vinh Long,2021-01-14,0
Vinh Long,2021-01-15,0
Vinh Long,2021-01-16,0.37992722678457175
Vinh Long,2021-01-17,0
Vinh Long,2021-01-18,0.0386642534049354
Vinh Long,2021-01-19,0.07046492709966105
Vinh Long,2021-01-20,0.17453902076653113
Vinh Long,2021-01-21,0.22307265941201104
Vinh Long,2021-01-22,0
Vinh Long,2021-01-23,0
Vinh Long,2021-01-24,0
Vinh Long,2021-01-25,0
Vinh Long,2021-01-26,0
Vinh Long,2021-01-27,0
Vinh Long,2021-01-28,0
Vinh Long,2021-01-29,0
Vinh Long,2021-01-30,0
Vinh Long,2021-01-31,0
Vinh Long,2021-02-01,0.25392738644975177
Vinh Long,2021-02-02,0
Vinh Long,2021-02-03,0
Vinh Long,2021-02-04,0
Vinh Long,2021-02-05,0
Vinh Long,2021-02-06,0
Vinh Long,2021-02-07,0
Vinh Long,2021-02-08,0
Vinh Long,2021-02-09,0
Vinh Long,2021-02-10,0
Vinh Long,2021-02-11,0.15485695061019067
Vinh Long,2021-02-12,0
Vinh Long,2021-02-13,0
Vinh Long,2021-02-14,0
Vinh Long,2021-02-15,0
Vinh Long,2021-02-16,0
Vinh Long,2021-02-17,0
Vinh Long,2021-02-18,0
Vinh Long,2021-02-19,2.174134046779411
Vinh Long,2021-02-20,0.16847228749217558
Vinh Long,2021-02-21,0
Vinh Long,2021-02-22,0
Vinh Long,2021-02-23,0
Vinh Long,2021-02-24,0
Vinh Long,2021-02-25,2.6837789826586698
Vinh Long,2021-02-26,0
Vinh Long,2021-02-27,0
Vinh Long,2021-02-28,0
Vinh Long,2021-03-01,0
Vinh Long,2021-03-02,0
Vinh Long,2021-03-03,0
Vinh Long,2021-03-04,0
Vinh Long,2021-03-05,0
Vinh Long,2021-03-06,0
Vinh Long,2021-03-07,0
Vinh Long,2021-03-08,0
Vinh Long,2021-03-09,0.1262654465123069
Vinh Long,2021-03-10,0
Vinh Long,2021-03-11,0
Vinh Long,2021-03-12,0
Vinh Long,2021-03-13,0
Vinh Long,2021-03-14,0
Vinh Long,2021-03-15,0
Vinh Long,2021-03-16,0
Vinh Long,2021-03-17,0
Vinh Long,2021-03-18,0
Vinh Long,2021-03-19,0
Vinh Long,2021-03-20,0
Vinh Long,2021-03-21,0
Vinh Long,2021-03-22,0
Vinh Long,2021-03-23,0
Vinh Long,2021-03-24,0
Vinh Long,2021-03-25,0
Vinh Long,2021-03-26,0.9956268525623986
Vinh Long,2021-03-27,0.17291115024543158
Vinh Long,2021-03-28,0
Vinh Long,2021-03-29,0
Vinh Long,2021-03-30,0
Vinh Long,2021-03-31,0
Vinh Long,2021-04-01,0
Vinh Long,2021-04-02,4.973829751100405
Vinh Long,2021-04-03,0
Vinh Long,2021-04-04,2.4538958219407987
Vinh Long,2021-04-05,0
Vinh Long,2021-04-06,0
Vinh Long,2021-04-07,0
Vinh Long,2021-04-08,0
Vinh Long,2021-04-09,0
Vinh Long,2021-04-10,0
Vinh Long,2021-04-11,0
Vinh Long,2021-04-12,0
Vinh Long,2021-04-13,0
Vinh Long,2021-04-14,7.871351019377623
Vinh Long,2021-04-15,9.985804581141762
Vinh Long,2021-04-16,15.147381413113282
Vinh Long,2021-04-17,9.084890053741772
Vinh Long,2021-04-18,7.9634566166240015
Vinh Long,2021-04-19,6.8386563199900126
Vinh Long,2021-04-20,0
Vinh Long,2021-04-21,18.150960814373065
Vinh Long,2021-04-22,37.41750643345315
Vinh Long,2021-04-23,11.228879330969344
Vinh Long,2021-04-24,9.592320920445147
Vinh Long,2021-04-25,6.442671905349542
Vinh Long,2021-04-26,3.0628868625049277
Vinh Long,2021-04-27,3.8327455947308353
Vinh Long,2021-04-28,0.22789867252085216
Vinh Long,2021-04-29,0
Vinh Long,2021-04-30,0
Vinh Long,2021-05-01,0.6615945544392077
Vinh Long,2021-05-02,0
Vinh Long,2021-05-03,0.9788697304416426
Vinh Long,2021-05-04,0
Vinh Long,2021-05-05,2.393551135379285
Vinh Long,2021-05-06,3.3528387325409597
Vinh Long,2021-05-07,13.891789419111392
Vinh Long,2021-05-08,6.226224336220239
Vinh Long,2021-05-09,0
Vinh Long,2021-05-10,0
Vinh Long,2021-05-11,0
Vinh Long,2021-05-12,4.732343073839276
Vinh Long,2021-05-13,3.974393612702947
Vinh Long,2021-05-14,2.683581156213484
Vinh Long,2021-05-15,6.15009767315234
Vinh Long,2021-05-16,0
Vinh Long,2021-05-17,30.570837829046194
Vinh Long,2021-05-18,6.130667778180294
Vinh Long,2021-05-19,5.872527057506997
Vinh Long,2021-05-20,3.1919424549424953
Vinh Long,2021-05-21,20.445440117192508
Vinh Long,2021-05-22,6.264584066641006
Vinh Long,2021-05-23,18.41980902888269
Vinh Long,2021-05-24,30.296841207784496
Vinh Long,2021-05-25,19.96580513491169
Vinh Long,2021-05-26,4.535057413708375
Vinh Long,2021-05-27,12.428199074743858
Vinh Long,2021-05-28,0
Vinh Long,2021-05-29,11.11882980966202
Vinh Long,2021-05-30,0
Vinh Long,2021-05-31,0.03837284200437498
Vinh Long,2021-06-01,6.18482235644471
Vinh Long,2021-06-02,4.47557237336455
Vinh Long,2021-06-03,5.611718665898797
Vinh Long,2021-06-04,1.3950845834461902
Vinh Long,2021-06-05,6.168137507701138
Vinh Long,2021-06-06,21.03691870365908
Vinh Long,2021-06-07,10.69918460086076
Vinh Long,2021-06-08,7.928910206861498
Vinh Long,2021-06-09,2.7154914225647464
Vinh Long,2021-06-10,3.935157179697623
Vinh Long,2021-06-11,20.892091792897546
Vinh Long,2021-06-12,0.5184430439028441
Vinh Long,2021-06-13,1.541749996591846
Vinh Long,2021-06-14,10.407693352279196
Vinh Long,2021-06-15,15.142351442895318
Vinh Long,2021-06-16,0.23830946107238507
Vinh Long,2021-06-17,7.968781628395363
Vinh Long,2021-06-18,0
Vinh Long,2021-06-19,0
Vinh Long,2021-06-20,2.562939112893867
Vinh Long,2021-06-21,2.973590834904544
Vinh Long,2021-06-22,8.058537421430852
Vinh Long,2021-06-23,3.8837223713371314
Vinh Long,2021-06-24,0.0554598686427526
Vinh Long,2021-06-25,1.5943747623730529
Vinh Long,2021-06-26,0.11838546947751555
Vinh Long,2021-06-27,0
Vinh Long,2021-06-28,1.6945690049198656
Vinh Long,2021-06-29,0.2231907765140512
Vinh Long,2021-06-30,11.410712084579036
Vinh Long,2021-07-01,2.2278887258787106
Vinh Long,2021-07-02,0.23263300394044084
Vinh Long,2021-07-03,7.077044622703637
Vinh Long,2021-07-04,8.842368387765466
Vinh Long,2021-07-05,9.143091407840362
Vinh Long,2021-07-06,23.221150705498847
Vinh Long,2021-07-07,18.412220918279786
Vinh Long,2021-07-08,9.830901380008953
Vinh Long,2021-07-09,4.759018201002213
Vinh Long,2021-07-10,1.0818604930675373
Vinh Long,2021-07-11,2.6090059416429234
Vinh Long,2021-07-12,3.633212188837201
Vinh Long,2021-07-13,15.981343738934164
Vinh Long,2021-07-14,25.80318430115175
Vinh Long,2021-07-15,22.833704474284843
Vinh Long,2021-07-16,3.406287949738737
Vinh Long,2021-07-17,1.0582268354625157
Vinh Long,2021-07-18,13.792684978885658
Vinh Long,2021-07-19,0.28689865336670445
Vinh Long,2021-07-20,6.306243528339362
Vinh Long,2021-07-21,1.0126636751006415
Vinh Long,2021-07-22,12.993937404488026
Vinh Long,2021-07-23,9.088800541072452
Vinh Long,2021-07-24,3.983920678161146
Vinh Long,2021-07-25,0
Vinh Long,2021-07-26,0
Vinh Long,2021-07-27,0.01488272429441438
Vinh Long,2021-07-28,0.6769103207180095
Vinh Long,2021-07-29,10.880675450916849
Vinh Long,2021-07-30,1.9489730354138652
Vinh Long,2021-07-31,0.1946926918014204
Vinh Long,2021-08-01,1.3243331419578133
Vinh Long,2021-08-02,0
Vinh Long,2021-08-03,1.7207711214274335
Vinh Long,2021-08-04,0.3776760808454022
Vinh Long,2021-08-05,19.553191069758412
Vinh Long,2021-08-06,0.0012641412702145494
Vinh Long,2021-08-07,0
Vinh Long,2021-08-08,0
Vinh Long,2021-08-09,0.10068308796222837
Vinh Long,2021-08-10,11.592035629378653
Vinh Long,2021-08-11,5.855086180902206
Vinh Long,2021-08-12,5.157065480456843
Vinh Long,2021-08-13,11.366230735141192
Vinh Long,2021-08-14,10.965398829501973
Vinh Long,2021-08-15,10.884296101122716
Vinh Long,2021-08-16,2.4872491906841936
Vinh Long,2021-08-17,10.780306358560328
Vinh Long,2021-08-18,3.3812954503716552
Vinh Long,2021-08-19,6.085531221392527
Vinh Long,2021-08-20,2.5252262247377306
Vinh Long,2021-08-21,0.21633958969341538
Vinh Long,2021-08-22,7.39191556093725
Vinh Long,2021-08-23,19.9594499398764
Vinh Long,2021-08-24,14.925310282427358
Vinh Long,2021-08-25,14.292102455838148
Vinh Long,2021-08-26,8.185431298200426
Vinh Long,2021-08-27,16.57062066519726
Vinh Long,2021-08-28,11.734631963871045
Vinh Long,2021-08-29,5.708404278266786
Vinh Long,2021-08-30,10.325412777630667
Vinh Long,2021-08-31,7.721578180572714
Vinh Long,2021-09-01,4.627898549709964
Vinh Long,2021-09-02,20.414378859671093
Vinh Long,2021-09-03,17.259375714650478
Vinh Long,2021-09-04,7.410323968466403
Vinh Long,2021-09-05,13.969274839864118
Vinh Long,2021-09-06,0.9086887066996816
Vinh Long,2021-09-07,16.466352607491654
Vinh Long,2021-09-08,2.293788891979029
Vinh Long,2021-09-09,8.88105905084465
Vinh Long,2021-09-10,11.839826469462135
Vinh Long,2021-09-11,9.645519521258295
Vinh Long,2021-09-12,4.849464986122658
Vinh Long,2021-09-13,13.27330152323547
Vinh Long,2021-09-14,23.75438565903458
Vinh Long,2021-09-15,3.742035763803343
Vinh Long,2021-09-16,3.2682711132749978
Vinh Long,2021-09-17,8.803693790718643
Vinh Long,2021-09-18,14.013834468350874
Vinh Long,2021-09-19,6.10973728711362
Vinh Long,2021-09-20,1.8959415462038933
Vinh Long,2021-09-21,0.13597194804188834
Vinh Long,2021-09-22,11.533952940614496
Vinh Long,2021-09-23,5.023750791091842
Vinh Long,2021-09-24,19.386678305136073
Vinh Long,2021-09-25,14.041435499204468
Vinh Long,2021-09-26,13.023800720682514
Vinh Long,2021-09-27,7.342019846859749
Vinh Long,2021-09-28,3.7839937711070646
Vinh Long,2021-09-29,6.13080920279588
Vinh Long,2021-09-30,13.726114081305688
Vinh Long,2021-10-01,11.944325146400045
Vinh Long,2021-10-02,4.8362392839271395
Vinh Long,2021-10-03,1.4062857457077411
Vinh Long,2021-10-04,26.56171696770651
Vinh Long,2021-10-05,18.001258367986946
Vinh Long,2021-10-06,16.5840790775743
Vinh Long,2021-10-07,7.064021057229825
Vinh Long,2021-10-08,3.051743202747615
Vinh Long,2021-10-09,10.566439549018348
Vinh Long,2021-10-10,9.432307245115007
Vinh Long,2021-10-11,24.656556759046016
Vinh Long,2021-10-12,0
Vinh Long,2021-10-13,15.796847845571072
Vinh Long,2021-10-14,5.426225593585353
Vinh Long,2021-10-15,19.32982880805206
Vinh Long,2021-10-16,5.880440347440672
Vinh Long,2021-10-17,0.03945778777165764
Vinh Long,2021-10-18,1.8738123045145036
Vinh Long,2021-10-19,0
Vinh Long,2021-10-20,20.02167648674031
Vinh Long,2021-10-21,7.272112566186985
Vinh Long,2021-10-22,11.769966109607692
Vinh Long,2021-10-23,10.848074523980435
Vinh Long,2021-10-24,11.839652475646142
Vinh Long,2021-10-25,1.6544062718533687
Vinh Long,2021-10-26,10.505936186143142
Vinh Long,2021-10-27,0
Vinh Long,2021-10-28,0
Vinh Long,2021-10-29,10.031252968741287
Vinh Long,2021-10-30,0.07486818144485341
Vinh Long,2021-10-31,0
Vinh Long,2021-11-01,0.009085298828013776
Vinh Long,2021-11-02,1.7779388490058197
Vinh Long,2021-11-03,20.312031485708694
Vinh Long,2021-11-04,0
Vinh Long,2021-11-05,0
Vinh Long,2021-11-06,0.16858025353443568
Vinh Long,2021-11-07,0.6234412753014195
Vinh Long,2021-11-08,0
Vinh Long,2021-11-09,6.821232790172106
Vinh Long,2021-11-10,12.10160526888326
Vinh Long,2021-11-11,35.71876362159024
Vinh Long,2021-11-12,0
Vinh Long,2021-11-13,0.3322272358249896
Vinh Long,2021-11-14,10.35734952929872
Vinh Long,2021-11-15,17.16151627706825
Vinh Long,2021-11-16,13.006285520359187
Vinh Long,2021-11-17,0.5548164359855341
Vinh Long,2021-11-18,2.3322737509392004
Vinh Long,2021-11-19,0.08144808308449286
Vinh Long,2021-11-20,10.726337893188669
Vinh Long,2021-11-21,0
Vinh Long,2021-11-22,0.004877484832050304
Vinh Long,2021-11-23,0.22087029840263933
Vinh Long,2021-11-24,2.065064438896232
Vinh Long,2021-11-25,6.020741292036133
Vinh Long,2021-11-26,3.7056342765316237
Vinh Long,2021-11-27,2.9070495896952475
Vinh Long,2021-11-28,9.231146644584133
Vinh Long,2021-11-29,20.8856333650745
Vinh Long,2021-11-30,11.52727978388628
Vinh Long,2021-12-01,3.175718455589101
Vinh Long,2021-12-02,4.468097560471949
Vinh Long,2021-12-03,1.234970402167762
Vinh Long,2021-12-04,1.9574240967003982
Vinh Long,2021-12-05,0
Vinh Long,2021-12-06,0
Vinh Long,2021-12-07,0
Vinh Long,2021-12-08,0
Vinh Long,2021-12-09,0
Vinh Long,2021-12-10,0
Vinh Long,2021-12-11,0
Vinh Long,2021-12-12,0
Vinh Long,2021-12-13,1.2128661376485819
Vinh Long,2021-12-14,0
Vinh Long,2021-12-15,0
Vinh Long,2021-12-16,0
Vinh Long,2021-12-17,0.49499070075074525
Vinh Long,2021-12-18,0
Vinh Long,2021-12-19,0.22419259580248066
Vinh Long,2021-12-20,0
Vinh Long,2021-12-21,0
Vinh Long,2021-12-22,0
Vinh Long,2021-12-23,0
Vinh Long,2021-12-24,0
Vinh Long,2021-12-25,0
Vinh Long,2021-12-26,0.037872942665256384
Vinh Long,2021-12-27,0.09301584123801059
Vinh Long,2021-12-28,0
Vinh Long,2021-12-29,0
Vinh Long,2021-12-30,7.3472675034279815
Vinh Long,2021-12-31,0
Vinh Long,2022-01-01,0
Vinh Long,2022-01-02,0
Vinh Long,2022-01-03,0.011230150314226544
Vinh Long,2022-01-04,0
Vinh Long,2022-01-05,0
Vinh Long,2022-01-06,0
Vinh Long,2022-01-07,0
Vinh Long,2022-01-08,0
Vinh Long,2022-01-09,0
Vinh Long,2022-01-10,0
Vinh Long,2022-01-11,0
Vinh Long,2022-01-12,0
Vinh Long,2022-01-13,0
Vinh Long,2022-01-14,0
Vinh Long,2022-01-15,0
Vinh Long,2022-01-16,0
Vinh Long,2022-01-17,0
Vinh Long,2022-01-18,0
Vinh Long,2022-01-19,0
Vinh Long,2022-01-20,0
Vinh Long,2022-01-21,0
Vinh Long,2022-01-22,0
Vinh Long,2022-01-23,0
Vinh Long,2022-01-24,0
Vinh Long,2022-01-25,0
Vinh Long,2022-01-26,0
Vinh Long,2022-01-27,0
Vinh Long,2022-01-28,0
Vinh Long,2022-01-29,0
Vinh Long,2022-01-30,0
Vinh Long,2022-01-31,0
Vinh Long,2022-02-01,0
Vinh Long,2022-02-02,0
Vinh Long,2022-02-03,0
Vinh Long,2022-02-04,0
Vinh Long,2022-02-05,0
Vinh Long,2022-02-06,0
Vinh Long,2022-02-07,0
Vinh Long,2022-02-08,0
Vinh Long,2022-02-09,0
Vinh Long,2022-02-10,0.06786870852298169
Vinh Long,2022-02-11,0.10618811814317876
Vinh Long,2022-02-12,0
Vinh Long,2022-02-13,0
Vinh Long,2022-02-14,0
Vinh Long,2022-02-15,0
Vinh Long,2022-02-16,0
Vinh Long,2022-02-17,0
Vinh Long,2022-02-18,0
Vinh Long,2022-02-19,0
Vinh Long,2022-02-20,0.2798324582099435
Vinh Long,2022-02-21,0
Vinh Long,2022-02-22,2.0376579183811248
Vinh Long,2022-02-23,1.2745427917532246
Vinh Long,2022-02-24,2.5518649195297374
Vinh Long,2022-02-25,0.025528339497989428
Vinh Long,2022-02-26,0
Vinh Long,2022-02-27,0
Vinh Long,2022-02-28,0
Vinh Long,2022-03-01,0
Vinh Long,2022-03-02,0
Vinh Long,2022-03-03,0
Vinh Long,2022-03-04,0
Vinh Long,2022-03-05,0.22873099059506968
Vinh Long,2022-03-06,0
Vinh Long,2022-03-07,0
Vinh Long,2022-03-08,0
Vinh Long,2022-03-09,0
Vinh Long,2022-03-10,0
Vinh Long,2022-03-11,0
Vinh Long,2022-03-12,0.21410345543909565
Vinh Long,2022-03-13,0
Vinh Long,2022-03-14,0
Vinh Long,2022-03-15,0
Vinh Long,2022-03-16,0
Vinh Long,2022-03-17,0
Vinh Long,2022-03-18,0.7063818671632326
Vinh Long,2022-03-19,0.29908590845925676
Vinh Long,2022-03-20,0
Vinh Long,2022-03-21,1.0606615706384968
Vinh Long,2022-03-22,0.5033070322622887
Vinh Long,2022-03-23,0
Vinh Long,2022-03-24,0
Vinh Long,2022-03-25,0
Vinh Long,2022-03-26,0
Vinh Long,2022-03-27,0
Vinh Long,2022-03-28,4.938003886415681
Vinh Long,2022-03-29,0.30982806696969084
Vinh Long,2022-03-30,13.530272595589073
Vinh Long,2022-03-31,11.142074024226327
Vinh Long,2022-04-01,13.568288830247402
Vinh Long,2022-04-02,0
Vinh Long,2022-04-03,3.5894860017385053
Vinh Long,2022-04-04,1.411386675386404
Vinh Long,2022-04-05,0.8526556303681809
Vinh Long,2022-04-06,6.030535539797808
Vinh Long,2022-04-07,0.008065836684584273
Vinh Long,2022-04-08,0.03790685398518418
Vinh Long,2022-04-09,0
Vinh Long,2022-04-10,0
Vinh Long,2022-04-11,0.5696334958570874
Vinh Long,2022-04-12,0
Vinh Long,2022-04-13,0
Vinh Long,2022-04-14,0.6507000687344974
Vinh Long,2022-04-15,7.5401657299733555
Vinh Long,2022-04-16,13.704776792081589
Vinh Long,2022-04-17,0
Vinh Long,2022-04-18,0
Vinh Long,2022-04-19,0.1986120903448527
Vinh Long,2022-04-20,0
Vinh Long,2022-04-21,0
Vinh Long,2022-04-22,0
Vinh Long,2022-04-23,0
Vinh Long,2022-04-24,0.0067893526123234335
Vinh Long,2022-04-25,0
Vinh Long,2022-04-26,1.3997088669082607
Vinh Long,2022-04-27,0
Vinh Long,2022-04-28,0
Vinh Long,2022-04-29,19.26772833026293
Vinh Long,2022-04-30,2.823412343696747
Vinh Long,2022-05-01,8.181078892130492
Vinh Long,2022-05-02,14.397531493518825
Vinh Long,2022-05-03,12.899789388476119
Vinh Long,2022-05-04,9.950868099257473
Vinh Long,2022-05-05,0.12174384941838413
Vinh Long,2022-05-06,0.06413888309534371
Vinh Long,2022-05-07,0
Vinh Long,2022-05-08,6.901224144697339
Vinh Long,2022-05-09,4.460957041903778
Vinh Long,2022-05-10,10.031916215369732
Vinh Long,2022-05-11,3.772915257271381
Vinh Long,2022-05-12,9.620722672665734
Vinh Long,2022-05-13,4.565084348225903
Vinh Long,2022-05-14,1.242991775113224
Vinh Long,2022-05-15,6.116079486163997
Vinh Long,2022-05-16,8.04035855515662
Vinh Long,2022-05-17,11.147481072319053
Vinh Long,2022-05-18,12.469679825147432
Vinh Long,2022-05-19,8.551942676938745
Vinh Long,2022-05-20,5.057892892054163
Vinh Long,2022-05-21,10.387863496087883
Vinh Long,2022-05-22,15.039679870782853
Vinh Long,2022-05-23,0.04054923421311531
Vinh Long,2022-05-24,0
Vinh Long,2022-05-25,0
Vinh Long,2022-05-26,7.011127670506097
Vinh Long,2022-05-27,15.612854863855128
Vinh Long,2022-05-28,10.284494430167566
Vinh Long,2022-05-29,7.642500639935602
Vinh Long,2022-05-30,13.967219097314354
Vinh Long,2022-05-31,2.035819641786019
Vinh Long,2022-06-01,3.0640505443225186
Vinh Long,2022-06-02,8.80953404315231
Vinh Long,2022-06-03,14.522357305809832
Vinh Long,2022-06-04,2.6713726582113066
Vinh Long,2022-06-05,0.055899242217986894
Vinh Long,2022-06-06,8.133134112610387
Vinh Long,2022-06-07,11.382974504480655
Vinh Long,2022-06-08,0
Vinh Long,2022-06-09,9.8780451660197
Vinh Long,2022-06-10,5.40345586881845
Vinh Long,2022-06-11,9.134376830681342
Vinh Long,2022-06-12,7.409135074266105
Vinh Long,2022-06-13,4.69971558513452
Vinh Long,2022-06-14,0
Vinh Long,2022-06-15,1.0059956571212947
Vinh Long,2022-06-16,5.1418453198335
Vinh Long,2022-06-17,4.134910874388035
Vinh Long,2022-06-18,4.353211850650769
Vinh Long,2022-06-19,5.8288315268516895
Vinh Long,2022-06-20,6.585579940642607
Vinh Long,2022-06-21,5.832458715500566
Vinh Long,2022-06-22,9.062798027808272
Vinh Long,2022-06-23,11.869248095418067
Vinh Long,2022-06-24,4.97276756193255
Vinh Long,2022-06-25,4.101572897800686
Vinh Long,2022-06-26,4.289154124122119
Vinh Long,2022-06-27,2.241901602115226
Vinh Long,2022-06-28,11.462654789982986
Vinh Long,2022-06-29,7.220352276524844
Vinh Long,2022-06-30,16.163410211876894
Vinh Long,2022-07-01,8.020855268342
Vinh Long,2022-07-02,23.668085660679154
Vinh Long,2022-07-03,13.467315400861775
Vinh Long,2022-07-04,7.719510185399426
Vinh Long,2022-07-05,0.024894932968256626
Vinh Long,2022-07-06,0.7353058485764872
Vinh Long,2022-07-07,16.22682787381151
Vinh Long,2022-07-08,25.39050370735694
Vinh Long,2022-07-09,19.1638401489814
Vinh Long,2022-07-10,0
Vinh Long,2022-07-11,0
Vinh Long,2022-07-12,18.045264474767617
Vinh Long,2022-07-13,4.342226059903927
Vinh Long,2022-07-14,0.823260891477981
Vinh Long,2022-07-15,7.33150894422844
Vinh Long,2022-07-16,6.518483898575856
Vinh Long,2022-07-17,4.678902608209389
Vinh Long,2022-07-18,5.8133942770181894
Vinh Long,2022-07-19,13.874672352556038
Vinh Long,2022-07-20,21.428720636404943
Vinh Long,2022-07-21,19.2425053970919
Vinh Long,2022-07-22,1.7528291754167076
Vinh Long,2022-07-23,8.18932950162582
Vinh Long,2022-07-24,0
Vinh Long,2022-07-25,0.29443785214493046
Vinh Long,2022-07-26,14.458248522678062
Vinh Long,2022-07-27,5.536794279064233
Vinh Long,2022-07-28,7.265800570488816
Vinh Long,2022-07-29,0
Vinh Long,2022-07-30,15.80795120905284
Vinh Long,2022-07-31,27.516007763425268
Vinh Long,2022-08-01,17.127806913827232
Vinh Long,2022-08-02,9.412257213965272
Vinh Long,2022-08-03,10.2368974153819
Vinh Long,2022-08-04,2.9947243623732316
Vinh Long,2022-08-05,4.815836354297984
Vinh Long,2022-08-06,8.736479684907138
Vinh Long,2022-08-07,18.95965766394365
Vinh Long,2022-08-08,14.70601085066211
Vinh Long,2022-08-09,0
Vinh Long,2022-08-10,4.382990893787875
Vinh Long,2022-08-11,4.306046914107478
Vinh Long,2022-08-12,1.4849098596019155
Vinh Long,2022-08-13,0.15232717399098575
Vinh Long,2022-08-14,6.821209200875487
Vinh Long,2022-08-15,12.79675765645493
Vinh Long,2022-08-16,6.373512405418521
Vinh Long,2022-08-17,6.128559546538358
Vinh Long,2022-08-18,7.568448972639103
Vinh Long,2022-08-19,8.030254169551364
Vinh Long,2022-08-20,7.469284589467104
Vinh Long,2022-08-21,0.6995771531410309
Vinh Long,2022-08-22,4.8492752741790515
Vinh Long,2022-08-23,3.337972420026298
Vinh Long,2022-08-24,10.735430801455607
Vinh Long,2022-08-25,12.97180965076488
Vinh Long,2022-08-26,14.742208491711667
Vinh Long,2022-08-27,4.241026099414042
Vinh Long,2022-08-28,2.8022873657379255
Vinh Long,2022-08-29,1.3397420584683561
Vinh Long,2022-08-30,0.3423132180148848
Vinh Long,2022-08-31,8.107018051216976
Vinh Long,2022-09-01,7.715246233461309
Vinh Long,2022-09-02,6.185840182917434
Vinh Long,2022-09-03,8.72086300055286
Vinh Long,2022-09-04,8.121257616944147
Vinh Long,2022-09-05,10.41933752586453
Vinh Long,2022-09-06,28.275949966073025
Vinh Long,2022-09-07,3.8751723332756858
Vinh Long,2022-09-08,0
Vinh Long,2022-09-09,1.409611760633621
Vinh Long,2022-09-10,0.09388746992942751
Vinh Long,2022-09-11,5.336509660633573
Vinh Long,2022-09-12,8.06407348644019
Vinh Long,2022-09-13,4.672746018217606
Vinh Long,2022-09-14,8.58316710877092
Vinh Long,2022-09-15,6.053005375483987
Vinh Long,2022-09-16,7.310668447336178
Vinh Long,2022-09-17,12.313290921290701
Vinh Long,2022-09-18,7.204347057754225
Vinh Long,2022-09-19,0.39322694171624106
Vinh Long,2022-09-20,4.609763959746452
Vinh Long,2022-09-21,8.93741934729743
Vinh Long,2022-09-22,5.596694230164387
Vinh Long,2022-09-23,7.249601045954657
Vinh Long,2022-09-24,0.7282362619626309
Vinh Long,2022-09-25,16.151014286953103
Vinh Long,2022-09-26,11.78108341286077
Vinh Long,2022-09-27,3.440684217715722
Vinh Long,2022-09-28,10.420108534095124
Vinh Long,2022-09-29,10.347009692582201
Vinh Long,2022-09-30,14.161722811319814
Vinh Long,2022-10-01,12.793589387509906
Vinh Long,2022-10-02,13.421874748037975
Vinh Long,2022-10-03,4.554662649065493
Vinh Long,2022-10-04,9.897127555515418
Vinh Long,2022-10-05,8.666320637271108
Vinh Long,2022-10-06,3.5341811867774204
Vinh Long,2022-10-07,8.373616620240924
Vinh Long,2022-10-08,18.865970240925318
Vinh Long,2022-10-09,11.154082150005046
Vinh Long,2022-10-10,7.91166748522034
Vinh Long,2022-10-11,8.434213126920739
Vinh Long,2022-10-12,21.875546630549195
Vinh Long,2022-10-13,5.618925322985341
Vinh Long,2022-10-14,5.188919734052937
Vinh Long,2022-10-15,0
Vinh Long,2022-10-16,0
Vinh Long,2022-10-17,0.009063287672421825
Vinh Long,2022-10-18,4.70826792540196
Vinh Long,2022-10-19,16.85244692859599
Vinh Long,2022-10-20,11.552579945710132
Vinh Long,2022-10-21,0
Vinh Long,2022-10-22,3.4823107216635947
Vinh Long,2022-10-23,16.876920526135844
Vinh Long,2022-10-24,20.57959658221352
Vinh Long,2022-10-25,0.6281795959848996
Vinh Long,2022-10-26,1.260661334746954
Vinh Long,2022-10-27,32.47390613181965
Vinh Long,2022-10-28,7.708628525487651
Vinh Long,2022-10-29,0.6294873265655583
Vinh Long,2022-10-30,0.21480969326781077
Vinh Long,2022-10-31,0
Vinh Long,2022-11-01,3.689617552289235
Vinh Long,2022-11-02,0
Vinh Long,2022-11-03,17.38531299126992
Vinh Long,2022-11-04,25.172164030196125
Vinh Long,2022-11-05,0
Vinh Long,2022-11-06,4.126509400008536
Vinh Long,2022-11-07,3.5146238741240077
Vinh Long,2022-11-08,0.033068895669562955
Vinh Long,2022-11-09,0
Vinh Long,2022-11-10,0.0637437456799045
Vinh Long,2022-11-11,2.625895830634193
Vinh Long,2022-11-12,7.649952011880256
Vinh Long,2022-11-13,1.7863981732175145
Vinh Long,2022-11-14,0
Vinh Long,2022-11-15,0.7751189350287818
Vinh Long,2022-11-16,0
Vinh Long,2022-11-17,0
Vinh Long,2022-11-18,13.467266515974154
Vinh Long,2022-11-19,30.731403167813784
Vinh Long,2022-11-20,42.917708127121394
Vinh Long,2022-11-21,30.175810329695654
Vinh Long,2022-11-22,36.008023373367834
Vinh Long,2022-11-23,4.257828925053528
Vinh Long,2022-11-24,1.2089060137915195
Vinh Long,2022-11-25,3.2862172071637414
Vinh Long,2022-11-26,3.9626544221226294
Vinh Long,2022-11-27,0.40197518891510364
Vinh Long,2022-11-28,0
Vinh Long,2022-11-29,0
Vinh Long,2022-11-30,8.601281579930806
Vinh Long,2022-12-01,6.163382011276701
Vinh Long,2022-12-02,4.64533418513609
Vinh Long,2022-12-03,30.95267967808047
Vinh Long,2022-12-04,2.570773963579449
Vinh Long,2022-12-05,0
Vinh Long,2022-12-06,1.4732424123017234
Vinh Long,2022-12-07,1.2248892354219123
Vinh Long,2022-12-08,2.099266078239323
Vinh Long,2022-12-09,0.1528726418937917
Vinh Long,2022-12-10,0.00039323883109376165
Vinh Long,2022-12-11,0
Vinh Long,2022-12-12,0
Vinh Long,2022-12-13,0
Vinh Long,2022-12-14,0
Vinh Long,2022-12-15,0
Vinh Long,2022-12-16,1.3392131803951715
Vinh Long,2022-12-17,1.2291187701347233
Vinh Long,2022-12-18,0
Vinh Long,2022-12-19,0
Vinh Long,2022-12-20,0
Vinh Long,2022-12-21,0
Vinh Long,2022-12-22,0.021490875644211614
Vinh Long,2022-12-23,0
Vinh Long,2022-12-24,0.7952534319977823
Vinh Long,2022-12-25,0
Vinh Long,2022-12-26,0.2414734852782922
Vinh Long,2022-12-27,0
Vinh Long,2022-12-28,0.060303085478343635
Vinh Long,2022-12-29,0
Vinh Long,2022-12-30,0.00750022713856675
Vinh Long,2022-12-31,2.889855216634743
Vinh Long,2023-01-01,0
Vinh Long,2023-01-02,0.50368173802275
Vinh Long,2023-01-03,0
Vinh Long,2023-01-04,3.0027845238971094
Vinh Long,2023-01-05,2.41636821127603
Vinh Long,2023-01-06,0.053137247213634754
Vinh Long,2023-01-07,7.794796481374613
Vinh Long,2023-01-08,0.02378762880731381
Vinh Long,2023-01-09,0.1393906251260859
Vinh Long,2023-01-10,2.943786263503336
Vinh Long,2023-01-11,0
Vinh Long,2023-01-12,0.028953551953950836
Vinh Long,2023-01-13,0
Vinh Long,2023-01-14,0
Vinh Long,2023-01-15,0
Vinh Long,2023-01-16,0
Vinh Long,2023-01-17,0
Vinh Long,2023-01-18,0
Vinh Long,2023-01-19,0.025013989682426494
Vinh Long,2023-01-20,0.07739337638490566
Vinh Long,2023-01-21,0.004173448071702126
Vinh Long,2023-01-22,0.48030579178135824
Vinh Long,2023-01-23,0
Vinh Long,2023-01-24,0.7540233336427455
Vinh Long,2023-01-25,0.12894961989988135
Vinh Long,2023-01-26,0
Vinh Long,2023-01-27,0
Vinh Long,2023-01-28,0.14913650438146434
Vinh Long,2023-01-29,0
Vinh Long,2023-01-30,1.7263709248101065
Vinh Long,2023-01-31,0
Vinh Long,2023-02-01,0.05499338840021026
Vinh Long,2023-02-02,0
Vinh Long,2023-02-03,1.15327830140549
Vinh Long,2023-02-04,0
Vinh Long,2023-02-05,0
Vinh Long,2023-02-06,0
Vinh Long,2023-02-07,0.08054608108111329
Vinh Long,2023-02-08,0.08840748420893675
Vinh Long,2023-02-09,0
Vinh Long,2023-02-10,0
Vinh Long,2023-02-11,0
Vinh Long,2023-02-12,0.5724274513483856
Vinh Long,2023-02-13,0.5601499353624311
Vinh Long,2023-02-14,3.7920805367450248
Vinh Long,2023-02-15,0
Vinh Long,2023-02-16,0
Vinh Long,2023-02-17,0
Vinh Long,2023-02-18,0
Vinh Long,2023-02-19,1.332259909897215
Vinh Long,2023-02-20,0.09178666390110624
Vinh Long,2023-02-21,0
Vinh Long,2023-02-22,0
Vinh Long,2023-02-23,0
Vinh Long,2023-02-24,0
Vinh Long,2023-02-25,0
Vinh Long,2023-02-26,0
Vinh Long,2023-02-27,1.332145155779572
Vinh Long,2023-02-28,0.05822284146441097
Vinh Long,2023-03-01,0
Vinh Long,2023-03-02,0.21917972761556642
Vinh Long,2023-03-03,1.3009375045763063
Vinh Long,2023-03-04,1.9160896026790026
Vinh Long,2023-03-05,0.0005232863230248021
Vinh Long,2023-03-06,0.45994617796070053
Vinh Long,2023-03-07,0
Vinh Long,2023-03-08,0
Vinh Long,2023-03-09,0
Vinh Long,2023-03-10,0
Vinh Long,2023-03-11,0
Vinh Long,2023-03-12,0
Vinh Long,2023-03-13,0
Vinh Long,2023-03-14,0
Vinh Long,2023-03-15,0
Vinh Long,2023-03-16,0
Vinh Long,2023-03-17,0
Vinh Long,2023-03-18,0
Vinh Long,2023-03-19,0
Vinh Long,2023-03-20,0
Vinh Long,2023-03-21,0
Vinh Long,2023-03-22,0
Vinh Long,2023-03-23,0
Vinh Long,2023-03-24,0
Vinh Long,2023-03-25,0
Vinh Long,2023-03-26,0
Vinh Long,2023-03-27,0
Vinh Long,2023-03-28,0.06537500915626822
Vinh Long,2023-03-29,0
Vinh Long,2023-03-30,0
Vinh Long,2023-03-31,0.21142293594284126
Vinh Long,2023-04-01,0
Vinh Long,2023-04-02,0.1789665853121749
Vinh Long,2023-04-03,4.4708431699819196
Vinh Long,2023-04-04,0
Vinh Long,2023-04-05,0
Vinh Long,2023-04-06,0
Vinh Long,2023-04-07,0
Vinh Long,2023-04-08,0
Vinh Long,2023-04-09,0
Vinh Long,2023-04-10,0
Vinh Long,2023-04-11,0
Vinh Long,2023-04-12,0
Vinh Long,2023-04-13,0
Vinh Long,2023-04-14,0
Vinh Long,2023-04-15,14.362883314080193
Vinh Long,2023-04-16,8.66057789847077
Vinh Long,2023-04-17,2.7106160753498694
Vinh Long,2023-04-18,0
Vinh Long,2023-04-19,0.6517557825921724
Vinh Long,2023-04-20,0
Vinh Long,2023-04-21,0
Vinh Long,2023-04-22,0.058291994313341575
Vinh Long,2023-04-23,0
Vinh Long,2023-04-24,0.45753964406095354
Vinh Long,2023-04-25,1.313179496875642
Vinh Long,2023-04-26,0.05876635863910717
Vinh Long,2023-04-27,0
Vinh Long,2023-04-28,0
Vinh Long,2023-04-29,0
Vinh Long,2023-04-30,3.2009633198011542
Vinh Long,2023-05-01,0
Vinh Long,2023-05-02,0.07974236807332381
Vinh Long,2023-05-03,0
Vinh Long,2023-05-04,0
Vinh Long,2023-05-05,0.1306080904171157
Vinh Long,2023-05-06,0
Vinh Long,2023-05-07,0.7898444096407159
Vinh Long,2023-05-08,8.91342282205337
Vinh Long,2023-05-09,4.484064592972942
Vinh Long,2023-05-10,0.8452546843425315
Vinh Long,2023-05-11,11.731550117046586
Vinh Long,2023-05-12,4.140597164893069
Vinh Long,2023-05-13,1.1439827061694245
Vinh Long,2023-05-14,2.953304385965129
Vinh Long,2023-05-15,0.4125256745737672
Vinh Long,2023-05-16,1.1061386624757288
Vinh Long,2023-05-17,6.661180213001995
Vinh Long,2023-05-18,4.056502372651928
Vinh Long,2023-05-19,0.6730290424199026
Vinh Long,2023-05-20,5.49230624202569
Vinh Long,2023-05-21,10.568403324500181
Vinh Long,2023-05-22,3.963927635868486
Vinh Long,2023-05-23,5.721828679785562
Vinh Long,2023-05-24,6.187145132806954
Vinh Long,2023-05-25,3.492428263452945
Vinh Long,2023-05-26,10.190556674352976
Vinh Long,2023-05-27,19.484582757776042
Vinh Long,2023-05-28,2.704865040065386
Vinh Long,2023-05-29,1.079529283812886
Vinh Long,2023-05-30,5.080522670778209
Vinh Long,2023-05-31,12.613123015181662
Vinh Long,2023-06-01,0.08268401920008903
Vinh Long,2023-06-02,5.3753879964688736
Vinh Long,2023-06-03,3.650933789086279
Vinh Long,2023-06-04,11.380351267943235
Vinh Long,2023-06-05,8.501327005001384
Vinh Long,2023-06-06,5.831293049148688
Vinh Long,2023-06-07,11.364252438418779
Vinh Long,2023-06-08,10.322232748764883
Vinh Long,2023-06-09,0.7674807489435173
Vinh Long,2023-06-10,8.955829740244795
Vinh Long,2023-06-11,0.6298723036250802
Vinh Long,2023-06-12,7.301603016218709
Vinh Long,2023-06-13,3.0774747686528734
Vinh Long,2023-06-14,0.28838785155807983
Vinh Long,2023-06-15,5.85867592739193
Vinh Long,2023-06-16,3.4130564754417043
Vinh Long,2023-06-17,16.45428225160229
Vinh Long,2023-06-18,5.811409369551148
Vinh Long,2023-06-19,0
Vinh Long,2023-06-20,22.293201145401284
Vinh Long,2023-06-21,2.0781743887517417
Vinh Long,2023-06-22,6.774842336996725
Vinh Long,2023-06-23,4.6747797683538685
Vinh Long,2023-06-24,3.6172311673950013
Vinh Long,2023-06-25,7.830400578023141
Vinh Long,2023-06-26,4.246627735824941
Vinh Long,2023-06-27,14.15776993498156
Vinh Long,2023-06-28,5.596270810693327
Vinh Long,2023-06-29,5.5438405701424065
Vinh Long,2023-06-30,13.4207679266844
Vinh Long,2023-07-01,27.097364396414928
Vinh Long,2023-07-02,10.267087060601865
Vinh Long,2023-07-03,18.357818783715366
Vinh Long,2023-07-04,3.199792138233067
Vinh Long,2023-07-05,10.502588890688614
Vinh Long,2023-07-06,4.547959418636597
Vinh Long,2023-07-07,2.7160886287149872
Vinh Long,2023-07-08,7.827169926154248
Vinh Long,2023-07-09,11.146196879168409
Vinh Long,2023-07-10,4.515335744209619
Vinh Long,2023-07-11,6.3046717812731226
Vinh Long,2023-07-12,9.238183067419335
Vinh Long,2023-07-13,23.81560009395086
Vinh Long,2023-07-14,5.744525322411338
Vinh Long,2023-07-15,3.1538813856359074
Vinh Long,2023-07-16,24.000173768701156
Vinh Long,2023-07-17,23.190220318353543
Vinh Long,2023-07-18,15.943175538305038
Vinh Long,2023-07-19,15.789510586939825
Vinh Long,2023-07-20,0
Vinh Long,2023-07-21,15.324109507068494
Vinh Long,2023-07-22,11.00411777953579
Vinh Long,2023-07-23,9.985564311814846
Vinh Long,2023-07-24,27.05848638463353
Vinh Long,2023-07-25,9.94024493422538
Vinh Long,2023-07-26,14.734543174928467
Vinh Long,2023-07-27,23.460505442627113
Vinh Long,2023-07-28,13.519643269427775
Vinh Long,2023-07-29,8.187230824765
Vinh Long,2023-07-30,26.259772106917104
Vinh Long,2023-07-31,8.791106878220475
Vinh Long,2023-08-01,4.439473733584964
Vinh Long,2023-08-02,0.3905869669181341
Vinh Long,2023-08-03,5.981263218669717
Vinh Long,2023-08-04,5.223007318601097
Vinh Long,2023-08-05,4.6039780877231875
Vinh Long,2023-08-06,0
Vinh Long,2023-08-07,0
Vinh Long,2023-08-08,0
Vinh Long,2023-08-09,0
Vinh Long,2023-08-10,0.9739941245454542
Vinh Long,2023-08-11,0
Vinh Long,2023-08-12,4.020264419970597
Vinh Long,2023-08-13,8.07237912650622
Vinh Long,2023-08-14,23.15808855493988
Vinh Long,2023-08-15,0
Vinh Long,2023-08-16,5.437323132156952
Vinh Long,2023-08-17,10.048057362079561
Vinh Long,2023-08-18,10.59950883597963
Vinh Long,2023-08-19,24.99993958760254
Vinh Long,2023-08-20,11.038315575881207
Vinh Long,2023-08-21,5.0990756525531316
Vinh Long,2023-08-22,17.349297212418772
Vinh Long,2023-08-23,0
Vinh Long,2023-08-24,0
Vinh Long,2023-08-25,0.1330010425030204
Vinh Long,2023-08-26,12.67258595569328
Vinh Long,2023-08-27,6.969384186903375
Vinh Long,2023-08-28,10.331912796296887
Vinh Long,2023-08-29,7.4406237388295375
Vinh Long,2023-08-30,6.531629127564404
Vinh Long,2023-08-31,13.282629159222864
Vinh Long,2023-09-01,5.985362853134371
Vinh Long,2023-09-02,7.156996853090614
Vinh Long,2023-09-03,12.983210629219533
Vinh Long,2023-09-04,9.601516279545622
Vinh Long,2023-09-05,2.507635501561579
Vinh Long,2023-09-06,4.285679246921762
Vinh Long,2023-09-07,5.413077699908871
Vinh Long,2023-09-08,12.086342766159992
Vinh Long,2023-09-09,6.296232959321353
Vinh Long,2023-09-10,2.029477746474379
Vinh Long,2023-09-11,0
Vinh Long,2023-09-12,0
Vinh Long,2023-09-13,4.779599049170143
Vinh Long,2023-09-14,15.42955121416325
Vinh Long,2023-09-15,0.6488007640395164
Vinh Long,2023-09-16,6.840623440058729
Vinh Long,2023-09-17,13.046904937846731
Vinh Long,2023-09-18,5.711190886513678
Vinh Long,2023-09-19,9.78426864885184
Vinh Long,2023-09-20,0.02410346313803523
Vinh Long,2023-09-21,11.527974381643997
Vinh Long,2023-09-22,2.794151542743157
Vinh Long,2023-09-23,12.887983061522116
Vinh Long,2023-09-24,19.702750525762795
Vinh Long,2023-09-25,5.348645023774064
Vinh Long,2023-09-26,12.122224765131335
Vinh Long,2023-09-27,5.451907162032895
Vinh Long,2023-09-28,0
Vinh Long,2023-09-29,16.836819001773467
Vinh Long,2023-09-30,5.634906498858778
Vinh Long,2023-10-01,39.32177557627039
Vinh Long,2023-10-02,14.608970073145269
Vinh Long,2023-10-03,0
Vinh Long,2023-10-04,0
Vinh Long,2023-10-05,8.01230675931161
Vinh Long,2023-10-06,3.099573765101259
Vinh Long,2023-10-07,3.791036578583271
Vinh Long,2023-10-08,7.94483103371002
Vinh Long,2023-10-09,5.505966441811398
Vinh Long,2023-10-10,6.492857334630879
Vinh Long,2023-10-11,0.006488895661959445
Vinh Long,2023-10-12,6.042374852645393
Vinh Long,2023-10-13,8.265870368928633
Vinh Long,2023-10-14,18.281103808570926
Vinh Long,2023-10-15,12.964180455070593
Vinh Long,2023-10-16,9.268064139370827
Vinh Long,2023-10-17,15.68325502908124
Vinh Long,2023-10-18,4.718988949080665
Vinh Long,2023-10-19,1.47483540159592
Vinh Long,2023-10-20,5.530712778490063
Vinh Long,2023-10-21,7.445249596297689
Vinh Long,2023-10-22,4.08881945425472
Vinh Long,2023-10-23,7.876390953646455
Vinh Long,2023-10-24,0
Vinh Long,2023-10-25,9.248223115110326
Vinh Long,2023-10-26,6.406378795022834
Vinh Long,2023-10-27,9.555206832056358
Vinh Long,2023-10-28,1.743649463490564
Vinh Long,2023-10-29,28.325629697847383
Vinh Long,2023-10-30,3.0659556261510637
Vinh Long,2023-10-31,2.5935168183897104
Vinh Long,2023-11-01,2.5448227470748397
Vinh Long,2023-11-02,10.980576471690938
Vinh Long,2023-11-03,15.468627929537686
Vinh Long,2023-11-04,0.12462568684590287
Vinh Long,2023-11-05,7.459342190169712
Vinh Long,2023-11-06,0.6007566505361176
Vinh Long,2023-11-07,13.11861487631674
Vinh Long,2023-11-08,0
Vinh Long,2023-11-09,16.98581399155934
Vinh Long,2023-11-10,12.22156202599858
Vinh Long,2023-11-11,0
Vinh Long,2023-11-12,0
Vinh Long,2023-11-13,0.04298663337101541
Vinh Long,2023-11-14,5.492617376728304
Vinh Long,2023-11-15,0.10041843800594479
Vinh Long,2023-11-16,2.3707481952143232
Vinh Long,2023-11-17,3.8708304822392487
Vinh Long,2023-11-18,0.23434428619172867
Vinh Long,2023-11-19,3.557509351019376
Vinh Long,2023-11-20,1.5456260866415894
Vinh Long,2023-11-21,0.12652784387445395
Vinh Long,2023-11-22,0.24201592031819028
Vinh Long,2023-11-23,9.312144373010653
Vinh Long,2023-11-24,3.7317138849617746
Vinh Long,2023-11-25,2.853634206137346
Vinh Long,2023-11-26,6.721431723728062
Vinh Long,2023-11-27,0
Vinh Long,2023-11-28,2.5855568777575515
Vinh Long,2023-11-29,3.556125922390036
Vinh Long,2023-11-30,1.107547155948115
Vinh Long,2023-12-01,0.1225013858157066
Vinh Long,2023-12-02,20.440331553310198
Vinh Long,2023-12-03,0.09544035548523801
Vinh Long,2023-12-04,0.041933328284081084
Vinh Long,2023-12-05,0.001031882921415192
Vinh Long,2023-12-06,1.5116197965291032
Vinh Long,2023-12-07,3.8071706233888136
Vinh Long,2023-12-08,0
Vinh Long,2023-12-09,0
Vinh Long,2023-12-10,0.2027032205742988
Vinh Long,2023-12-11,0.05707256400257076
Vinh Long,2023-12-12,0
Vinh Long,2023-12-13,0
Vinh Long,2023-12-14,0.5129929596835141
Vinh Long,2023-12-15,0
Vinh Long,2023-12-16,0
Vinh Long,2023-12-17,0
Vinh Long,2023-12-18,0
Vinh Long,2023-12-19,0
Vinh Long,2023-12-20,0.001965142942874204
Vinh Long,2023-12-21,0
Vinh Long,2023-12-22,0.7166126893665439
Vinh Long,2023-12-23,0
Vinh Long,2023-12-24,0
Vinh Long,2023-12-25,0
Vinh Long,2023-12-26,0
Vinh Long,2023-12-27,0
Vinh Long,2023-12-28,0
Vinh Long,2023-12-29,0.5233439004674424
Vinh Long,2023-12-30,0
Vinh Long,2023-12-31,0
Vinh Long,2024-01-01,0.433456386807607
Vinh Long,2024-01-02,0
Vinh Long,2024-01-03,0.8986222889310409
Vinh Long,2024-01-04,0
Vinh Long,2024-01-05,0.21956630833741933
Vinh Long,2024-01-06,0.4408441804470213
Vinh Long,2024-01-07,0
Vinh Long,2024-01-08,1.645378689625402
Vinh Long,2024-01-09,0.17335566441228048
Vinh Long,2024-01-10,0
Vinh Long,2024-01-11,0.03000575016195696
Vinh Long,2024-01-12,0
Vinh Long,2024-01-13,0.862700470923943
Vinh Long,2024-01-14,0.17145794404201714
Vinh Long,2024-01-15,0.5707328180968949
Vinh Long,2024-01-16,0.0092684493317172
Vinh Long,2024-01-17,0
Vinh Long,2024-01-18,0
Vinh Long,2024-01-19,0
Vinh Long,2024-01-20,0.09839711544935288
Vinh Long,2024-01-21,0.0252731806206856
Vinh Long,2024-01-22,0
Vinh Long,2024-01-23,0
Vinh Long,2024-01-24,0
Vinh Long,2024-01-25,0
Vinh Long,2024-01-26,0
Vinh Long,2024-01-27,0
Vinh Long,2024-01-28,0
Vinh Long,2024-01-29,0.022839607808313372
Vinh Long,2024-01-30,0
Vinh Long,2024-01-31,0.09187959138511398
Vinh Long,2024-02-01,0
Vinh Long,2024-02-02,0
Vinh Long,2024-02-03,0
Vinh Long,2024-02-04,0
Vinh Long,2024-02-05,0
Vinh Long,2024-02-06,0
Vinh Long,2024-02-07,0
Vinh Long,2024-02-08,0
Vinh Long,2024-02-09,0
Vinh Long,2024-02-10,0
Vinh Long,2024-02-11,0
Vinh Long,2024-02-12,0
Vinh Long,2024-02-13,0
Vinh Long,2024-02-14,0
Vinh Long,2024-02-15,0
Vinh Long,2024-02-16,0
Vinh Long,2024-02-17,0
Vinh Long,2024-02-18,0
Vinh Long,2024-02-19,0
Vinh Long,2024-02-20,0
Vinh Long,2024-02-21,0
Vinh Long,2024-02-22,0
Vinh Long,2024-02-23,0
Vinh Long,2024-02-24,0
Vinh Long,2024-02-25,0
Vinh Long,2024-02-26,0
Vinh Long,2024-02-27,0
Vinh Long,2024-02-28,0
Vinh Long,2024-02-29,0
Vinh Long,2024-03-01,0
Vinh Long,2024-03-02,0.29276109309566223
Vinh Long,2024-03-03,0
Vinh Long,2024-03-04,0
Vinh Long,2024-03-05,0
Vinh Long,2024-03-06,0
Vinh Long,2024-03-07,0.03865801826619437
Vinh Long,2024-03-08,0
Vinh Long,2024-03-09,0
Vinh Long,2024-03-10,0
Vinh Long,2024-03-11,0
Vinh Long,2024-03-12,0
Vinh Long,2024-03-13,0
Vinh Long,2024-03-14,0
Vinh Long,2024-03-15,0.00375110272023641
Vinh Long,2024-03-16,0
Vinh Long,2024-03-17,0
Vinh Long,2024-03-18,0
Vinh Long,2024-03-19,0
Vinh Long,2024-03-20,0
Vinh Long,2024-03-21,0
Vinh Long,2024-03-22,0
Vinh Long,2024-03-23,0
Vinh Long,2024-03-24,0
Vinh Long,2024-03-25,0
Vinh Long,2024-03-26,0
Vinh Long,2024-03-27,0
Vinh Long,2024-03-28,0.31621314903382486
Vinh Long,2024-03-29,1.3403207275965443
Vinh Long,2024-03-30,0.8599489166072315
Vinh Long,2024-03-31,0.3126874176179762
Vinh Long,2024-04-01,2.0667106140284623
Vinh Long,2024-04-02,0.5328049312678207
Vinh Long,2024-04-03,0
Vinh Long,2024-04-04,0
Vinh Long,2024-04-05,0
Vinh Long,2024-04-06,0
Vinh Long,2024-04-07,0
Vinh Long,2024-04-08,0
Vinh Long,2024-04-09,0
Vinh Long,2024-04-10,0
Vinh Long,2024-04-11,0.9386287450685536
Vinh Long,2024-04-12,0.00017359383624064364
Vinh Long,2024-04-13,0.06981491050035776
Vinh Long,2024-04-14,0.00027605939640226875
Vinh Long,2024-04-15,0.0156146148087343
Vinh Long,2024-04-16,0
Vinh Long,2024-04-17,0
Vinh Long,2024-04-18,0
Vinh Long,2024-04-19,0
Vinh Long,2024-04-20,0
Vinh Long,2024-04-21,0
Vinh Long,2024-04-22,0
Vinh Long,2024-04-23,0
Vinh Long,2024-04-24,0
Vinh Long,2024-04-25,0
Vinh Long,2024-04-26,0.6870330839925964
Vinh Long,2024-04-27,0
Vinh Long,2024-04-28,0
Vinh Long,2024-04-29,0
Vinh Long,2024-04-30,0.12357489351383089
Vinh Long,2024-05-01,0
Vinh Long,2024-05-02,0
Vinh Long,2024-05-03,1.1764570253944375
Vinh Long,2024-05-04,4.427461662094124
Vinh Long,2024-05-05,9.4810042508631
Vinh Long,2024-05-06,0
Vinh Long,2024-05-07,0.9744100249770961
Vinh Long,2024-05-08,1.3815702825721015
Vinh Long,2024-05-09,6.122090492473861
Vinh Long,2024-05-10,11.15900997326304
Vinh Long,2024-05-11,0.8608305774562636
Vinh Long,2024-05-12,0.32265087108568913
Vinh Long,2024-05-13,5.654091769477089
Vinh Long,2024-05-14,1.5270546806717065
Vinh Long,2024-05-15,12.729172139097672
Vinh Long,2024-05-16,13.156718583926196
Vinh Long,2024-05-17,19.322085782123356
Vinh Long,2024-05-18,1.8274903354279821
Vinh Long,2024-05-19,4.726340947250663
Vinh Long,2024-05-20,14.5864322826433
Vinh Long,2024-05-21,4.291368175334962
Vinh Long,2024-05-22,3.9912231541974337
Vinh Long,2024-05-23,8.32227909590441
Vinh Long,2024-05-24,2.5828285741044965
Vinh Long,2024-05-25,3.073903253768518
Vinh Long,2024-05-26,0.36291247869206084
Vinh Long,2024-05-27,11.491311319811913
Vinh Long,2024-05-28,10.256782927584434
Vinh Long,2024-05-29,20.865642803135092
Vinh Long,2024-05-30,12.441120732290537
Vinh Long,2024-05-31,7.610889535101872
Vinh Long,2024-06-01,4.229130308802169
Vinh Long,2024-06-02,0.25863297923180234
Vinh Long,2024-06-03,1.0431587710158228
Vinh Long,2024-06-04,8.344431731094737
Vinh Long,2024-06-05,3.634324414609918
Vinh Long,2024-06-06,5.568288518628299
Vinh Long,2024-06-07,12.502255122326298
Vinh Long,2024-06-08,16.96402780335798
Vinh Long,2024-06-09,0.11694152552652737
Vinh Long,2024-06-10,0.05552604160402324
Vinh Long,2024-06-11,4.733213448623355
Vinh Long,2024-06-12,4.385869109392376
Vinh Long,2024-06-13,2.740190910689268
Vinh Long,2024-06-14,5.285656142237798
Vinh Long,2024-06-15,9.199782346471615
Vinh Long,2024-06-16,4.35689208659452
Vinh Long,2024-06-17,0.4200095812759314
Vinh Long,2024-06-18,15.315454558719713
Vinh Long,2024-06-19,12.254653324265268
Vinh Long,2024-06-20,27.900169309875213
Vinh Long,2024-06-21,18.429515800569565
Vinh Long,2024-06-22,7.923133687845979
Vinh Long,2024-06-23,7.046328738989118
Vinh Long,2024-06-24,10.632519317569182
Vinh Long,2024-06-25,2.8766623395493363
Vinh Long,2024-06-26,8.950582002535738
Vinh Long,2024-06-27,4.630903821862251
Vinh Long,2024-06-28,1.4618826374510838
Vinh Long,2024-06-29,0
Vinh Long,2024-06-30,5.847359871840348
Vinh Long,2024-07-01,3.62146593776198
Vinh Long,2024-07-02,24.233206923169472
Vinh Long,2024-07-03,8.964918988005996
Vinh Long,2024-07-04,17.979036754319544
Vinh Long,2024-07-05,2.1959469199734927
Vinh Long,2024-07-06,2.486834168479088
Vinh Long,2024-07-07,3.9902010443403264
Vinh Long,2024-07-08,9.503998440999219
Vinh Long,2024-07-09,11.131470915748944
Vinh Long,2024-07-10,6.4049354228479585
Vinh Long,2024-07-11,6.760535348580834
Vinh Long,2024-07-12,0.2428864424771305
Vinh Long,2024-07-13,2.214683640463142
Vinh Long,2024-07-14,0
Vinh Long,2024-07-15,20.012632528381527
Vinh Long,2024-07-16,10.99692948307691
Vinh Long,2024-07-17,25.90490139838633
Vinh Long,2024-07-18,27.523265176911863
Vinh Long,2024-07-19,4.703649963672788
Vinh Long,2024-07-20,11.500895360254145
Vinh Long,2024-07-21,15.46215395036318
Vinh Long,2024-07-22,22.84802875456475
Vinh Long,2024-07-23,6.266755100888822
Vinh Long,2024-07-24,1.404138789998537
Vinh Long,2024-07-25,13.341056218949694
Vinh Long,2024-07-26,11.793734791621317
Vinh Long,2024-07-27,11.23362582479273
Vinh Long,2024-07-28,0.5946439749873642
Vinh Long,2024-07-29,4.315548047957086
Vinh Long,2024-07-30,13.227895815977428
Vinh Long,2024-07-31,16.098301557016175
Vinh Long,2024-08-01,8.639047975529378
Vinh Long,2024-08-02,25.08726087239155
Vinh Long,2024-08-03,15.965506244667573
Vinh Long,2024-08-04,8.822774215845424
Vinh Long,2024-08-05,3.258418621183327
Vinh Long,2024-08-06,7.384617446115213
Vinh Long,2024-08-07,6.4756793131312325
Vinh Long,2024-08-08,0
Vinh Long,2024-08-09,0.8245340509302013
Vinh Long,2024-08-10,2.4951256239730335
Vinh Long,2024-08-11,0
Vinh Long,2024-08-12,9.784103668258913
Vinh Long,2024-08-13,0.5778700025054367
Vinh Long,2024-08-14,1.2925530061269954
Vinh Long,2024-08-15,7.219498642308637
Vinh Long,2024-08-16,5.477991760159103
Vinh Long,2024-08-17,0.41725133180588325
Vinh Long,2024-08-18,0
Vinh Long,2024-08-19,2.3219194690141753
Vinh Long,2024-08-20,3.3975469767335706
Vinh Long,2024-08-21,4.596036343294665
Vinh Long,2024-08-22,3.093400358644369
Vinh Long,2024-08-23,8.10557211163027
Vinh Long,2024-08-24,4.844827782932472
Vinh Long,2024-08-25,6.750186576725806
Vinh Long,2024-08-26,11.013278372820801
Vinh Long,2024-08-27,11.432967535766565
Vinh Long,2024-08-28,23.855743515352156
Vinh Long,2024-08-29,15.028093625780958
Vinh Long,2024-08-30,13.119936027553228
Vinh Long,2024-08-31,14.392925924222292
Vinh Long,2024-09-01,20.419403571466475
Vinh Long,2024-09-02,4.253581102700094
Vinh Long,2024-09-03,5.0264219329841655
Vinh Long,2024-09-04,17.125848420349154
Vinh Long,2024-09-05,14.8622212790508
Vinh Long,2024-09-06,9.76750538171469
Vinh Long,2024-09-07,0
Vinh Long,2024-09-08,4.958971238067376
Vinh Long,2024-09-09,0
Vinh Long,2024-09-10,26.01256196930643
Vinh Long,2024-09-11,9.69774665313554
Vinh Long,2024-09-12,27.245927371645568
Vinh Long,2024-09-13,15.103308984738021
Vinh Long,2024-09-14,13.89946316081674
Vinh Long,2024-09-15,8.152212872432676
Vinh Long,2024-09-16,13.12398261003373
Vinh Long,2024-09-17,7.63592725976472
Vinh Long,2024-09-18,9.733245874449013
Vinh Long,2024-09-19,1.9702805408928672
Vinh Long,2024-09-20,17.08040265562368
Vinh Long,2024-09-21,16.484918066046113
Vinh Long,2024-09-22,13.188267615627401
Vinh Long,2024-09-23,15.691880343771468
Vinh Long,2024-09-24,3.5273171357208413
Vinh Long,2024-09-25,5.379455972949329
Vinh Long,2024-09-26,7.252759976454142
Vinh Long,2024-09-27,0.041699338471663266
Vinh Long,2024-09-28,0
Vinh Long,2024-09-29,0
Vinh Long,2024-09-30,1.3485059209005967
Vinh Long,2024-10-01,10.696954381035935
Vinh Long,2024-10-02,6.362480755051253
Vinh Long,2024-10-03,13.513466694493744
Vinh Long,2024-10-04,11.936330933599027
Vinh Long,2024-10-05,18.284900047138766
Vinh Long,2024-10-06,25.96517893784727
Vinh Long,2024-10-07,12.68813041402
Vinh Long,2024-10-08,26.01295806433637
Vinh Long,2024-10-09,15.026271136304132
Vinh Long,2024-10-10,14.078283902612089
Vinh Long,2024-10-11,16.71312022841395
Vinh Long,2024-10-12,17.6206314835519
Vinh Long,2024-10-13,14.321906296260332
Vinh Long,2024-10-14,16.240830885370695
Vinh Long,2024-10-15,20.04888059102037
Vinh Long,2024-10-16,35.58540471450788
Vinh Long,2024-10-17,9.880908831948387
Vinh Long,2024-10-18,5.357708138078394
Vinh Long,2024-10-19,10.71456249595902
Vinh Long,2024-10-20,10.894076135180415
Vinh Long,2024-10-21,17.183231675266786
Vinh Long,2024-10-22,37.922101800579874
Vinh Long,2024-10-23,0.4596495322730503
Vinh Long,2024-10-24,3.92961100146476
Vinh Long,2024-10-25,0
Vinh Long,2024-10-26,8.70572134063249
Vinh Long,2024-10-27,38.34936772576977
Vinh Long,2024-10-28,7.154793292445065
Vinh Long,2024-10-29,0
Vinh Long,2024-10-30,0
Vinh Long,2024-10-31,0
Vinh Long,2024-11-01,26.091410293521577
Vinh Long,2024-11-02,13.569620361306557
Vinh Long,2024-11-03,22.488408694663388
Vinh Long,2024-11-04,21.67382622688009
Vinh Long,2024-11-05,5.399970798946678
Vinh Long,2024-11-06,4.362678886583526
Vinh Long,2024-11-07,0
Vinh Long,2024-11-08,4.287491695251958
Vinh Long,2024-11-09,0.6120213571768753
Vinh Long,2024-11-10,5.035919554212278
Vinh Long,2024-11-11,0.14875799959083738
Vinh Long,2024-11-12,0
Vinh Long,2024-11-13,0
Vinh Long,2024-11-14,0
Vinh Long,2024-11-15,0
Vinh Long,2024-11-16,0
Vinh Long,2024-11-17,0
Vinh Long,2024-11-18,0
Vinh Long,2024-11-19,0
Vinh Long,2024-11-20,0.11439315582379424
Vinh Long,2024-11-21,4.327738584803324
Vinh Long,2024-11-22,0
Vinh Long,2024-11-23,0.037606870002957524
Vinh Long,2024-11-24,0.18761013440185714
Vinh Long,2024-11-25,9.122517505692258
Vinh Long,2024-11-26,8.835250544910592
Vinh Long,2024-11-27,6.2728703339315315
Vinh Long,2024-11-28,1.9965212690900649
Vinh Long,2024-11-29,8.025757923428252
Vinh Long,2024-11-30,0.03623450115515956
Vinh Long,2024-12-01,0
Vinh Long,2024-12-02,4.246696644502324
Vinh Long,2024-12-03,23.058397417618604
Vinh Long,2024-12-04,10.850299566493531
Vinh Long,2024-12-05,1.1748746699598906
Vinh Long,2024-12-06,0
Vinh Long,2024-12-07,0
Vinh Long,2024-12-08,0.4505411393006902
Vinh Long,2024-12-09,0.7416115661459651
Vinh Long,2024-12-10,7.311850125966125
Vinh Long,2024-12-11,7.704746086782917
Vinh Long,2024-12-12,6.103441620870826
Vinh Long,2024-12-13,10.824886455358504
Vinh Long,2024-12-14,8.152330940267438
Vinh Long,2024-12-15,0
Vinh Long,2024-12-16,0
Vinh Long,2024-12-17,0
Vinh Long,2024-12-18,0
Vinh Long,2024-12-19,0
Vinh Long,2024-12-20,0
Vinh Long,2024-12-21,3.8905054114640056
Vinh Long,2024-12-22,1.9007404675896598
Vinh Long,2024-12-23,0
Vinh Long,2024-12-24,0
Vinh Long,2024-12-25,0
Vinh Long,2024-12-26,0.6407424983957896
Vinh Long,2024-12-27,0
Vinh Long,2024-12-28,0.09523145817206166
Vinh Long,2024-12-29,0
Vinh Long,2024-12-30,0
Vinh Long,2024-12-31,1.3359030815948865
Bac Lieu,2019-01-01,7.462849329237667
Bac Lieu,2019-01-02,8.398297299906895
Bac Lieu,2019-01-03,3.7635905032517787
Bac Lieu,2019-01-04,2.621879946488255
Bac Lieu,2019-01-05,0
Bac Lieu,2019-01-06,0
Bac Lieu,2019-01-07,0
Bac Lieu,2019-01-08,0
Bac Lieu,2019-01-09,0
Bac Lieu,2019-01-10,0
Bac Lieu,2019-01-11,0
Bac Lieu,2019-01-12,0
Bac Lieu,2019-01-13,0
Bac Lieu,2019-01-14,0
Bac Lieu,2019-01-15,0.08400816130638125
Bac Lieu,2019-01-16,0
Bac Lieu,2019-01-17,0
Bac Lieu,2019-01-18,0
Bac Lieu,2019-01-19,0.09244075418418311
Bac Lieu,2019-01-20,0
Bac Lieu,2019-01-21,0
Bac Lieu,2019-01-22,0
Bac Lieu,2019-01-23,0.6325947420372156
Bac Lieu,2019-01-24,0
Bac Lieu,2019-01-25,0
Bac Lieu,2019-01-26,0
Bac Lieu,2019-01-27,0
Bac Lieu,2019-01-28,0
Bac Lieu,2019-01-29,0
Bac Lieu,2019-01-30,0
Bac Lieu,2019-01-31,0
Bac Lieu,2019-02-01,0
Bac Lieu,2019-02-02,0
Bac Lieu,2019-02-03,0
Bac Lieu,2019-02-04,0
Bac Lieu,2019-02-05,0
Bac Lieu,2019-02-06,0
Bac Lieu,2019-02-07,0
Bac Lieu,2019-02-08,0
Bac Lieu,2019-02-09,0
Bac Lieu,2019-02-10,0.07597939236658927
Bac Lieu,2019-02-11,0
Bac Lieu,2019-02-12,0
Bac Lieu,2019-02-13,0
Bac Lieu,2019-02-14,0
Bac Lieu,2019-02-15,0
Bac Lieu,2019-02-16,0
Bac Lieu,2019-02-17,0
Bac Lieu,2019-02-18,0
Bac Lieu,2019-02-19,0
Bac Lieu,2019-02-20,0
Bac Lieu,2019-02-21,0
Bac Lieu,2019-02-22,0.24360487617636628
Bac Lieu,2019-02-23,0
Bac Lieu,2019-02-24,0
Bac Lieu,2019-02-25,0
Bac Lieu,2019-02-26,0.07231844295195816
Bac Lieu,2019-02-27,0
Bac Lieu,2019-02-28,0
Bac Lieu,2019-03-01,1.3431815862385732
Bac Lieu,2019-03-02,0
Bac Lieu,2019-03-03,0
Bac Lieu,2019-03-04,0
Bac Lieu,2019-03-05,0
Bac Lieu,2019-03-06,0
Bac Lieu,2019-03-07,0
Bac Lieu,2019-03-08,0
Bac Lieu,2019-03-09,0.41827690137107437
Bac Lieu,2019-03-10,0
Bac Lieu,2019-03-11,0
Bac Lieu,2019-03-12,0
Bac Lieu,2019-03-13,0.001706649798267293
Bac Lieu,2019-03-14,0
Bac Lieu,2019-03-15,0
Bac Lieu,2019-03-16,0
Bac Lieu,2019-03-17,0
Bac Lieu,2019-03-18,0
Bac Lieu,2019-03-19,0
Bac Lieu,2019-03-20,0
Bac Lieu,2019-03-21,0.46936163787122054
Bac Lieu,2019-03-22,0
Bac Lieu,2019-03-23,0.1323399145288288
Bac Lieu,2019-03-24,4.853836710093157
Bac Lieu,2019-03-25,0
Bac Lieu,2019-03-26,1.3029788266038
Bac Lieu,2019-03-27,0
Bac Lieu,2019-03-28,0
Bac Lieu,2019-03-29,0.34671916400261654
Bac Lieu,2019-03-30,1.9534153144584514
Bac Lieu,2019-03-31,0
Bac Lieu,2019-04-01,0.013703901488825963
Bac Lieu,2019-04-02,0
Bac Lieu,2019-04-03,0.00226493961406204
Bac Lieu,2019-04-04,0.8837131076578828
Bac Lieu,2019-04-05,0
Bac Lieu,2019-04-06,0
Bac Lieu,2019-04-07,0
Bac Lieu,2019-04-08,0
Bac Lieu,2019-04-09,0
Bac Lieu,2019-04-10,0
Bac Lieu,2019-04-11,3.0493827962875373
Bac Lieu,2019-04-12,0.0036424791408035
Bac Lieu,2019-04-13,0
Bac Lieu,2019-04-14,0
Bac Lieu,2019-04-15,0
Bac Lieu,2019-04-16,0.0015124626024714059
Bac Lieu,2019-04-17,0
Bac Lieu,2019-04-18,0.5492395589846487
Bac Lieu,2019-04-19,0
Bac Lieu,2019-04-20,0.3367617821108621
Bac Lieu,2019-04-21,0.00018544192784302488
Bac Lieu,2019-04-22,0.0012963444366699685
Bac Lieu,2019-04-23,2.217609693599197
Bac Lieu,2019-04-24,9.799301477570863e-05
Bac Lieu,2019-04-25,0.11440264196034705
Bac Lieu,2019-04-26,0
Bac Lieu,2019-04-27,9.746066724120448
Bac Lieu,2019-04-28,17.303571812935598
Bac Lieu,2019-04-29,0
Bac Lieu,2019-04-30,3.5527748506743952
Bac Lieu,2019-05-01,1.2331573536710922
Bac Lieu,2019-05-02,21.22597628985712
Bac Lieu,2019-05-03,6.505916240188312
Bac Lieu,2019-05-04,1.5826734741858721
Bac Lieu,2019-05-05,8.00881937863692
Bac Lieu,2019-05-06,6.748002553193077
Bac Lieu,2019-05-07,1.1504757949181326
Bac Lieu,2019-05-08,2.460140862087034
Bac Lieu,2019-05-09,11.87858874835608
Bac Lieu,2019-05-10,12.55740475670797
Bac Lieu,2019-05-11,8.629895606814692
Bac Lieu,2019-05-12,9.482061627064116
Bac Lieu,2019-05-13,3.949243094867132
Bac Lieu,2019-05-14,2.79203704472308
Bac Lieu,2019-05-15,0.004446862490671987
Bac Lieu,2019-05-16,0.12830330161328588
Bac Lieu,2019-05-17,2.2922800080281385
Bac Lieu,2019-05-18,13.410241553144633
Bac Lieu,2019-05-19,8.935842898854672
Bac Lieu,2019-05-20,1.4541749985173067
Bac Lieu,2019-05-21,8.35384140716409
Bac Lieu,2019-05-22,16.542159690101194
Bac Lieu,2019-05-23,0.08748633366710737
Bac Lieu,2019-05-24,2.109852472215329
Bac Lieu,2019-05-25,12.248263760386775
Bac Lieu,2019-05-26,9.762653893758669
Bac Lieu,2019-05-27,11.147482070580969
Bac Lieu,2019-05-28,4.615098228301643
Bac Lieu,2019-05-29,5.92462738199954
Bac Lieu,2019-05-30,4.761101108272122
Bac Lieu,2019-05-31,1.2749355717155173
Bac Lieu,2019-06-01,0.14241838241073324
Bac Lieu,2019-06-02,2.7406212939856194
Bac Lieu,2019-06-03,15.081088349720224
Bac Lieu,2019-06-04,7.8692227932732095
Bac Lieu,2019-06-05,14.988783323180003
Bac Lieu,2019-06-06,16.205719153458222
Bac Lieu,2019-06-07,11.575662413417176
Bac Lieu,2019-06-08,13.855841046621224
Bac Lieu,2019-06-09,19.4161636645839
Bac Lieu,2019-06-10,25.501759229947947
Bac Lieu,2019-06-11,6.05949212507932
Bac Lieu,2019-06-12,9.499473464893848
Bac Lieu,2019-06-13,12.318051326877669
Bac Lieu,2019-06-14,13.403283966946155
Bac Lieu,2019-06-15,6.981827299378954
Bac Lieu,2019-06-16,30.814086329406177
Bac Lieu,2019-06-17,11.565297511820527
Bac Lieu,2019-06-18,1.9965557864746966
Bac Lieu,2019-06-19,0.30960877335746334
Bac Lieu,2019-06-20,19.054943979443248
Bac Lieu,2019-06-21,24.963416473820526
Bac Lieu,2019-06-22,25.82089205702296
Bac Lieu,2019-06-23,3.0949806698853126
Bac Lieu,2019-06-24,4.72564743651984
Bac Lieu,2019-06-25,16.580908769103722
Bac Lieu,2019-06-26,9.501877298732976
Bac Lieu,2019-06-27,0.8040300205518617
Bac Lieu,2019-06-28,16.91835220077803
Bac Lieu,2019-06-29,6.586400691986084
Bac Lieu,2019-06-30,0.7795741824024132
Bac Lieu,2019-07-01,8.70015655235075
Bac Lieu,2019-07-02,26.067047059257074
Bac Lieu,2019-07-03,18.18495872659504
Bac Lieu,2019-07-04,17.61683302873936
Bac Lieu,2019-07-05,4.052305194872731
Bac Lieu,2019-07-06,2.4257529576499515
Bac Lieu,2019-07-07,3.3441183106494403
Bac Lieu,2019-07-08,0.3489689154714909
Bac Lieu,2019-07-09,2.866071310682117
Bac Lieu,2019-07-10,0
Bac Lieu,2019-07-11,3.5664432953168776
Bac Lieu,2019-07-12,0
Bac Lieu,2019-07-13,2.7113414259316797
Bac Lieu,2019-07-14,0.03323944530846939
Bac Lieu,2019-07-15,1.9988902172772396
Bac Lieu,2019-07-16,17.246753067628397
Bac Lieu,2019-07-17,12.495961038949357
Bac Lieu,2019-07-18,2.3936318835312473
Bac Lieu,2019-07-19,3.1644464571071125
Bac Lieu,2019-07-20,3.332823562280188
Bac Lieu,2019-07-21,0.7640098941191191
Bac Lieu,2019-07-22,12.723821925109291
Bac Lieu,2019-07-23,6.4716853296711765
Bac Lieu,2019-07-24,13.1042035088989
Bac Lieu,2019-07-25,5.187061343283024
Bac Lieu,2019-07-26,0
Bac Lieu,2019-07-27,6.376286712304604
Bac Lieu,2019-07-28,12.410981168620998
Bac Lieu,2019-07-29,9.083643198337198
Bac Lieu,2019-07-30,6.435992960623978
Bac Lieu,2019-07-31,10.0139868751202
Bac Lieu,2019-08-01,22.06804833079285
Bac Lieu,2019-08-02,36.44336693177133
Bac Lieu,2019-08-03,10.233700473461514
Bac Lieu,2019-08-04,26.83950735308089
Bac Lieu,2019-08-05,31.991000786331483
Bac Lieu,2019-08-06,25.785347306989276
Bac Lieu,2019-08-07,7.919698442063245
Bac Lieu,2019-08-08,18.50085831357848
Bac Lieu,2019-08-09,25.68982885511866
Bac Lieu,2019-08-10,0
Bac Lieu,2019-08-11,0.08998357193425018
Bac Lieu,2019-08-12,0
Bac Lieu,2019-08-13,0
Bac Lieu,2019-08-14,8.172609912836329
Bac Lieu,2019-08-15,0.2601178005506408
Bac Lieu,2019-08-16,0.08125926970535857
Bac Lieu,2019-08-17,0
Bac Lieu,2019-08-18,0
Bac Lieu,2019-08-19,0
Bac Lieu,2019-08-20,8.152629070497909
Bac Lieu,2019-08-21,1.6953774035111921
Bac Lieu,2019-08-22,0.04648846766633809
Bac Lieu,2019-08-23,12.450158363810129
Bac Lieu,2019-08-24,5.550695774834113
Bac Lieu,2019-08-25,35.52142122740118
Bac Lieu,2019-08-26,9.733771406839482
Bac Lieu,2019-08-27,0
Bac Lieu,2019-08-28,22.376580458191203
Bac Lieu,2019-08-29,44.79918046152366
Bac Lieu,2019-08-30,11.741119604434608
Bac Lieu,2019-08-31,5.278564862611161
Bac Lieu,2019-09-01,15.493075356789362
Bac Lieu,2019-09-02,15.335973296381395
Bac Lieu,2019-09-03,10.39236144630864
Bac Lieu,2019-09-04,18.616548185852345
Bac Lieu,2019-09-05,1.5934837654581615
Bac Lieu,2019-09-06,0
Bac Lieu,2019-09-07,13.347543822792346
Bac Lieu,2019-09-08,13.600891439113981
Bac Lieu,2019-09-09,2.63861204240907
Bac Lieu,2019-09-10,0
Bac Lieu,2019-09-11,4.675128527011512
Bac Lieu,2019-09-12,0
Bac Lieu,2019-09-13,29.529741083684975
Bac Lieu,2019-09-14,26.80700762935856
Bac Lieu,2019-09-15,13.89876168207853
Bac Lieu,2019-09-16,19.508684878205358
Bac Lieu,2019-09-17,12.535182763333596
Bac Lieu,2019-09-18,11.751520573058222
Bac Lieu,2019-09-19,0
Bac Lieu,2019-09-20,5.075801153021039
Bac Lieu,2019-09-21,14.32192120451298
Bac Lieu,2019-09-22,5.4092331814586005
Bac Lieu,2019-09-23,0
Bac Lieu,2019-09-24,0
Bac Lieu,2019-09-25,0
Bac Lieu,2019-09-26,6.237842626751597
Bac Lieu,2019-09-27,10.7170351143873
Bac Lieu,2019-09-28,4.296056008770783
Bac Lieu,2019-09-29,0
Bac Lieu,2019-09-30,3.4308613293395855
Bac Lieu,2019-10-01,0.024219301979496802
Bac Lieu,2019-10-02,5.631447528191332
Bac Lieu,2019-10-03,16.74133965348298
Bac Lieu,2019-10-04,12.559065752911122
Bac Lieu,2019-10-05,15.552516027306615
Bac Lieu,2019-10-06,14.004601946344918
Bac Lieu,2019-10-07,9.245156755969212
Bac Lieu,2019-10-08,9.758218131263305
Bac Lieu,2019-10-09,8.091032256468287
Bac Lieu,2019-10-10,2.0247628903478954
Bac Lieu,2019-10-11,4.020859802066156
Bac Lieu,2019-10-12,1.9326521060871633
Bac Lieu,2019-10-13,5.78916317106643
Bac Lieu,2019-10-14,9.74144568342533
Bac Lieu,2019-10-15,3.2328964094305945
Bac Lieu,2019-10-16,1.0885383634207388
Bac Lieu,2019-10-17,5.498741238935939
Bac Lieu,2019-10-18,20.782210841628746
Bac Lieu,2019-10-19,18.62053321230187
Bac Lieu,2019-10-20,1.250207815116307
Bac Lieu,2019-10-21,1.9691156817022366
Bac Lieu,2019-10-22,9.097599032006174
Bac Lieu,2019-10-23,1.2482404135578087
Bac Lieu,2019-10-24,0.15833737382348984
Bac Lieu,2019-10-25,0
Bac Lieu,2019-10-26,1.5037701951332816
Bac Lieu,2019-10-27,6.246808997496119
Bac Lieu,2019-10-28,9.219234508496411
Bac Lieu,2019-10-29,8.80128690894145
Bac Lieu,2019-10-30,0.01288013738956092
Bac Lieu,2019-10-31,7.228691707755035
Bac Lieu,2019-11-01,12.902376801256871
Bac Lieu,2019-11-02,6.045319698333743
Bac Lieu,2019-11-03,22.690879149778844
Bac Lieu,2019-11-04,2.4159493584183034
Bac Lieu,2019-11-05,3.669616022325912
Bac Lieu,2019-11-06,38.73683815556653
Bac Lieu,2019-11-07,0
Bac Lieu,2019-11-08,5.919585479376453
Bac Lieu,2019-11-09,1.3454357823425873
Bac Lieu,2019-11-10,16.024778820541673
Bac Lieu,2019-11-11,0.3664222420521504
Bac Lieu,2019-11-12,0.32004330537397907
Bac Lieu,2019-11-13,2.5860339442469056
Bac Lieu,2019-11-14,3.534492331252909
Bac Lieu,2019-11-15,0.09528726529976675
Bac Lieu,2019-11-16,0
Bac Lieu,2019-11-17,0
Bac Lieu,2019-11-18,0
Bac Lieu,2019-11-19,3.98173182329142
Bac Lieu,2019-11-20,0
Bac Lieu,2019-11-21,0
Bac Lieu,2019-11-22,0
Bac Lieu,2019-11-23,0.36122463820115586
Bac Lieu,2019-11-24,0.29952445663596106
Bac Lieu,2019-11-25,1.9164890953279896
Bac Lieu,2019-11-26,3.999674692675753
Bac Lieu,2019-11-27,0.03647147586660566
Bac Lieu,2019-11-28,0
Bac Lieu,2019-11-29,0.254945317349344
Bac Lieu,2019-11-30,0
Bac Lieu,2019-12-01,0.07969829537733548
Bac Lieu,2019-12-02,4.295865240079053
Bac Lieu,2019-12-03,0
Bac Lieu,2019-12-04,0.6504502532167258
Bac Lieu,2019-12-05,0
Bac Lieu,2019-12-06,0.025361965107467948
Bac Lieu,2019-12-07,0.6416817064015373
Bac Lieu,2019-12-08,0
Bac Lieu,2019-12-09,0
Bac Lieu,2019-12-10,0
Bac Lieu,2019-12-11,0
Bac Lieu,2019-12-12,0.050034530675636166
Bac Lieu,2019-12-13,2.0081569244546715
Bac Lieu,2019-12-14,0
Bac Lieu,2019-12-15,0
Bac Lieu,2019-12-16,0
Bac Lieu,2019-12-17,0.1435084506340747
Bac Lieu,2019-12-18,0.4279921966408785
Bac Lieu,2019-12-19,0
Bac Lieu,2019-12-20,0
Bac Lieu,2019-12-21,0
Bac Lieu,2019-12-22,0
Bac Lieu,2019-12-23,0
Bac Lieu,2019-12-24,3.2671844923271327
Bac Lieu,2019-12-25,0
Bac Lieu,2019-12-26,0
Bac Lieu,2019-12-27,0
Bac Lieu,2019-12-28,1.3342859561488316
Bac Lieu,2019-12-29,0
Bac Lieu,2019-12-30,0.4872067653008229
Bac Lieu,2019-12-31,5.569856982680988
Bac Lieu,2020-01-01,0
Bac Lieu,2020-01-02,0
Bac Lieu,2020-01-03,0.013164667381430574
Bac Lieu,2020-01-04,0
Bac Lieu,2020-01-05,2.0375920858383183
Bac Lieu,2020-01-06,0
Bac Lieu,2020-01-07,0
Bac Lieu,2020-01-08,0
Bac Lieu,2020-01-09,0
Bac Lieu,2020-01-10,0
Bac Lieu,2020-01-11,0.14740461644586533
Bac Lieu,2020-01-12,0.7334283558017805
Bac Lieu,2020-01-13,0
Bac Lieu,2020-01-14,0
Bac Lieu,2020-01-15,0
Bac Lieu,2020-01-16,0
Bac Lieu,2020-01-17,0
Bac Lieu,2020-01-18,0
Bac Lieu,2020-01-19,0
Bac Lieu,2020-01-20,0
Bac Lieu,2020-01-21,0
Bac Lieu,2020-01-22,0
Bac Lieu,2020-01-23,0
Bac Lieu,2020-01-24,0
Bac Lieu,2020-01-25,0.912822838045516
Bac Lieu,2020-01-26,0
Bac Lieu,2020-01-27,0
Bac Lieu,2020-01-28,0
Bac Lieu,2020-01-29,0
Bac Lieu,2020-01-30,1.1020901565281853
Bac Lieu,2020-01-31,0
Bac Lieu,2020-02-01,0.2563997992209669
Bac Lieu,2020-02-02,0
Bac Lieu,2020-02-03,0
Bac Lieu,2020-02-04,0
Bac Lieu,2020-02-05,0
Bac Lieu,2020-02-06,0
Bac Lieu,2020-02-07,0
Bac Lieu,2020-02-08,0.10364342097966181
Bac Lieu,2020-02-09,0
Bac Lieu,2020-02-10,0.008205029199708185
Bac Lieu,2020-02-11,0
Bac Lieu,2020-02-12,0
Bac Lieu,2020-02-13,0
Bac Lieu,2020-02-14,0
Bac Lieu,2020-02-15,0
Bac Lieu,2020-02-16,0
Bac Lieu,2020-02-17,0.10467767149547363
Bac Lieu,2020-02-18,0
Bac Lieu,2020-02-19,0
Bac Lieu,2020-02-20,0
Bac Lieu,2020-02-21,0
Bac Lieu,2020-02-22,0
Bac Lieu,2020-02-23,0
Bac Lieu,2020-02-24,0
Bac Lieu,2020-02-25,0.010109184346109067
Bac Lieu,2020-02-26,0
Bac Lieu,2020-02-27,0
Bac Lieu,2020-02-28,0
Bac Lieu,2020-02-29,0.22280896373964712
Bac Lieu,2020-03-01,0
Bac Lieu,2020-03-02,2.5550354984661325
Bac Lieu,2020-03-03,0
Bac Lieu,2020-03-04,0.9423994380932936
Bac Lieu,2020-03-05,0.9039052483360723
Bac Lieu,2020-03-06,0
Bac Lieu,2020-03-07,0
Bac Lieu,2020-03-08,1.1200227746783564
Bac Lieu,2020-03-09,0
Bac Lieu,2020-03-10,4.294703340557387
Bac Lieu,2020-03-11,3.6032517198976493
Bac Lieu,2020-03-12,0
Bac Lieu,2020-03-13,0
Bac Lieu,2020-03-14,0
Bac Lieu,2020-03-15,0
Bac Lieu,2020-03-16,0
Bac Lieu,2020-03-17,0
Bac Lieu,2020-03-18,0.002766151806093612
Bac Lieu,2020-03-19,0
Bac Lieu,2020-03-20,0
Bac Lieu,2020-03-21,0
Bac Lieu,2020-03-22,0
Bac Lieu,2020-03-23,0
Bac Lieu,2020-03-24,0
Bac Lieu,2020-03-25,0
Bac Lieu,2020-03-26,0
Bac Lieu,2020-03-27,0
Bac Lieu,2020-03-28,0
Bac Lieu,2020-03-29,0
Bac Lieu,2020-03-30,0.20048630296959072
Bac Lieu,2020-03-31,0
Bac Lieu,2020-04-01,0
Bac Lieu,2020-04-02,0
Bac Lieu,2020-04-03,0
Bac Lieu,2020-04-04,0
Bac Lieu,2020-04-05,0
Bac Lieu,2020-04-06,0
Bac Lieu,2020-04-07,0
Bac Lieu,2020-04-08,0
Bac Lieu,2020-04-09,0
Bac Lieu,2020-04-10,0
Bac Lieu,2020-04-11,0
Bac Lieu,2020-04-12,18.049775383643393
Bac Lieu,2020-04-13,18.661774560892365
Bac Lieu,2020-04-14,0
Bac Lieu,2020-04-15,0
Bac Lieu,2020-04-16,0
Bac Lieu,2020-04-17,0
Bac Lieu,2020-04-18,0
Bac Lieu,2020-04-19,0
Bac Lieu,2020-04-20,0
Bac Lieu,2020-04-21,0
Bac Lieu,2020-04-22,0
Bac Lieu,2020-04-23,0
Bac Lieu,2020-04-24,4.55456837741834
Bac Lieu,2020-04-25,0.4129262283883006
Bac Lieu,2020-04-26,4.005848616663017
Bac Lieu,2020-04-27,2.848501400416753
Bac Lieu,2020-04-28,1.7428286770874601
Bac Lieu,2020-04-29,0
Bac Lieu,2020-04-30,0
Bac Lieu,2020-05-01,0
Bac Lieu,2020-05-02,0
Bac Lieu,2020-05-03,0
Bac Lieu,2020-05-04,0.026881659615714603
Bac Lieu,2020-05-05,3.388824275448637
Bac Lieu,2020-05-06,0
Bac Lieu,2020-05-07,0
Bac Lieu,2020-05-08,0
Bac Lieu,2020-05-09,0
Bac Lieu,2020-05-10,0
Bac Lieu,2020-05-11,0.24694339582155342
Bac Lieu,2020-05-12,1.0918093514172538
Bac Lieu,2020-05-13,0.9870810619210298
Bac Lieu,2020-05-14,7.046758569807377
Bac Lieu,2020-05-15,2.149603248065373
Bac Lieu,2020-05-16,1.8560939059527422
Bac Lieu,2020-05-17,3.5723445910147906
Bac Lieu,2020-05-18,4.797852046048868
Bac Lieu,2020-05-19,14.741351503876023
Bac Lieu,2020-05-20,9.593942565414144
Bac Lieu,2020-05-21,2.706447467277636
Bac Lieu,2020-05-22,3.440321224689485
Bac Lieu,2020-05-23,9.555660865567765
Bac Lieu,2020-05-24,7.368646786959667
Bac Lieu,2020-05-25,1.0046280842929518
Bac Lieu,2020-05-26,0
Bac Lieu,2020-05-27,1.913517014278556
Bac Lieu,2020-05-28,9.789487726742367
Bac Lieu,2020-05-29,7.691630650538318
Bac Lieu,2020-05-30,6.582712432807348
Bac Lieu,2020-05-31,7.463568764956496
Bac Lieu,2020-06-01,16.889799599629534
Bac Lieu,2020-06-02,9.838786878261928
Bac Lieu,2020-06-03,3.8844384296525205
Bac Lieu,2020-06-04,10.832812593819968
Bac Lieu,2020-06-05,14.33158650020384
Bac Lieu,2020-06-06,0.008759689313060835
Bac Lieu,2020-06-07,4.585201160934737
Bac Lieu,2020-06-08,4.780128362367739
Bac Lieu,2020-06-09,12.398842748857898
Bac Lieu,2020-06-10,13.888808365084099
Bac Lieu,2020-06-11,4.688140099642414
Bac Lieu,2020-06-12,17.73379925688258
Bac Lieu,2020-06-13,29.356864027347203
Bac Lieu,2020-06-14,22.835408161595197
Bac Lieu,2020-06-15,12.31953522898117
Bac Lieu,2020-06-16,12.809697241513234
Bac Lieu,2020-06-17,1.5008915784403967
Bac Lieu,2020-06-18,5.922504146629909
Bac Lieu,2020-06-19,10.557234303942268
Bac Lieu,2020-06-20,31.00912824666725
Bac Lieu,2020-06-21,5.823329429302574
Bac Lieu,2020-06-22,1.7923666907976261
Bac Lieu,2020-06-23,0.3922945818901063
Bac Lieu,2020-06-24,4.017385993012843
Bac Lieu,2020-06-25,8.898316889079112
Bac Lieu,2020-06-26,10.45206462788132
Bac Lieu,2020-06-27,10.518093282519647
Bac Lieu,2020-06-28,19.21815750985776
Bac Lieu,2020-06-29,14.293463280371899
Bac Lieu,2020-06-30,11.803536539887483
Bac Lieu,2020-07-01,4.3209118152654415
Bac Lieu,2020-07-02,20.6726315290703
Bac Lieu,2020-07-03,1.966530357828681
Bac Lieu,2020-07-04,0
Bac Lieu,2020-07-05,7.342294005286019
Bac Lieu,2020-07-06,10.967851769591281
Bac Lieu,2020-07-07,0
Bac Lieu,2020-07-08,2.407035786970607
Bac Lieu,2020-07-09,1.617563223272
Bac Lieu,2020-07-10,10.086207985023286
Bac Lieu,2020-07-11,7.2860687082758515
Bac Lieu,2020-07-12,11.717292955551502
Bac Lieu,2020-07-13,7.5164829566073905
Bac Lieu,2020-07-14,9.764913713689124
Bac Lieu,2020-07-15,9.002752691412878
Bac Lieu,2020-07-16,1.7916676365620692
Bac Lieu,2020-07-17,1.1144522935956163
Bac Lieu,2020-07-18,0.801965455493837
Bac Lieu,2020-07-19,1.0604740723995671
Bac Lieu,2020-07-20,1.629007326813239
Bac Lieu,2020-07-21,1.7999544697077772
Bac Lieu,2020-07-22,0.5038338865783981
Bac Lieu,2020-07-23,2.2816020271643156
Bac Lieu,2020-07-24,12.672115294888338
Bac Lieu,2020-07-25,1.7877964715957648
Bac Lieu,2020-07-26,1.3414529502346833
Bac Lieu,2020-07-27,3.119957171035263
Bac Lieu,2020-07-28,1.6821290423915074
Bac Lieu,2020-07-29,16.33653220946834
Bac Lieu,2020-07-30,17.529719248285836
Bac Lieu,2020-07-31,19.448613541009294
Bac Lieu,2020-08-01,37.29121990383798
Bac Lieu,2020-08-02,27.782427242423005
Bac Lieu,2020-08-03,23.48536312984971
Bac Lieu,2020-08-04,0.6315400976145046
Bac Lieu,2020-08-05,34.371402403561596
Bac Lieu,2020-08-06,34.551828542457436
Bac Lieu,2020-08-07,0
Bac Lieu,2020-08-08,0.4062484691727838
Bac Lieu,2020-08-09,0.7695740474305065
Bac Lieu,2020-08-10,0.21388118362426764
Bac Lieu,2020-08-11,5.006885276434557
Bac Lieu,2020-08-12,4.591152591651342
Bac Lieu,2020-08-13,9.278386271242828
Bac Lieu,2020-08-14,6.147903378126757
Bac Lieu,2020-08-15,5.14709625495155
Bac Lieu,2020-08-16,12.36133557737099
Bac Lieu,2020-08-17,5.7697104702535675
Bac Lieu,2020-08-18,13.399482302539752
Bac Lieu,2020-08-19,11.426298371944789
Bac Lieu,2020-08-20,6.148935291200316
Bac Lieu,2020-08-21,3.6131237283292816
Bac Lieu,2020-08-22,0.20519673517515077
Bac Lieu,2020-08-23,0.4906844037703749
Bac Lieu,2020-08-24,0.38543118475967997
Bac Lieu,2020-08-25,1.1796266181064106
Bac Lieu,2020-08-26,2.3249799361498855
Bac Lieu,2020-08-27,0
Bac Lieu,2020-08-28,0
Bac Lieu,2020-08-29,11.858705098602012
Bac Lieu,2020-08-30,0.29189074046656777
Bac Lieu,2020-08-31,0
Bac Lieu,2020-09-01,3.5787874056258304
Bac Lieu,2020-09-02,9.39710900745752
Bac Lieu,2020-09-03,0.33097660624306163
Bac Lieu,2020-09-04,0.07668845887454052
Bac Lieu,2020-09-05,2.999393716470252
Bac Lieu,2020-09-06,9.302970010487542
Bac Lieu,2020-09-07,0.27784758411263527
Bac Lieu,2020-09-08,3.574666735793061
Bac Lieu,2020-09-09,24.942971469159403
Bac Lieu,2020-09-10,12.17686061654001
Bac Lieu,2020-09-11,18.18676106530316
Bac Lieu,2020-09-12,15.59703731214776
Bac Lieu,2020-09-13,26.634474464272568
Bac Lieu,2020-09-14,27.22921346596053
Bac Lieu,2020-09-15,16.06132221612391
Bac Lieu,2020-09-16,12.032560687838869
Bac Lieu,2020-09-17,38.12326371102964
Bac Lieu,2020-09-18,52.55909624135721
Bac Lieu,2020-09-19,5.635921812210445
Bac Lieu,2020-09-20,4.1158653767558775
Bac Lieu,2020-09-21,0
Bac Lieu,2020-09-22,23.06617008079673
Bac Lieu,2020-09-23,11.152128876056315
Bac Lieu,2020-09-24,8.737202060969375
Bac Lieu,2020-09-25,15.315411360956594
Bac Lieu,2020-09-26,20.437065102055396
Bac Lieu,2020-09-27,64.98295847550881
Bac Lieu,2020-09-28,49.718090422072514
Bac Lieu,2020-09-29,18.8310421301284
Bac Lieu,2020-09-30,0
Bac Lieu,2020-10-01,12.784617093590072
Bac Lieu,2020-10-02,16.03681779260456
Bac Lieu,2020-10-03,0.04397464575857487
Bac Lieu,2020-10-04,8.434735298282698
Bac Lieu,2020-10-05,26.95954142336576
Bac Lieu,2020-10-06,13.35014357743173
Bac Lieu,2020-10-07,5.717997108999288
Bac Lieu,2020-10-08,10.19054217532896
Bac Lieu,2020-10-09,27.475492359593233
Bac Lieu,2020-10-10,26.582238199557906
Bac Lieu,2020-10-11,32.19737743966086
Bac Lieu,2020-10-12,26.206638131591514
Bac Lieu,2020-10-13,36.321455686893124
Bac Lieu,2020-10-14,38.10382822439806
Bac Lieu,2020-10-15,30.626660178490418
Bac Lieu,2020-10-16,22.98823413910057
Bac Lieu,2020-10-17,15.175106767438496
Bac Lieu,2020-10-18,36.90009102357111
Bac Lieu,2020-10-19,0.18058093546021664
Bac Lieu,2020-10-20,1.2711321176492945
Bac Lieu,2020-10-21,31.27849893929824
Bac Lieu,2020-10-22,16.43034473825851
Bac Lieu,2020-10-23,4.682767167649181
Bac Lieu,2020-10-24,7.115603379789391
Bac Lieu,2020-10-25,7.613856841897066
Bac Lieu,2020-10-26,2.9449702238856634
Bac Lieu,2020-10-27,3.204561249885921
Bac Lieu,2020-10-28,7.7530172964132085
Bac Lieu,2020-10-29,7.564806177319223
Bac Lieu,2020-10-30,8.318814057134237
Bac Lieu,2020-10-31,12.15505943438693
Bac Lieu,2020-11-01,32.73634097106503
Bac Lieu,2020-11-02,0.631077178739152
Bac Lieu,2020-11-03,0
Bac Lieu,2020-11-04,15.065116050072444
Bac Lieu,2020-11-05,0
Bac Lieu,2020-11-06,11.289914489350231
Bac Lieu,2020-11-07,2.603644582982334
Bac Lieu,2020-11-08,10.264776998357952
Bac Lieu,2020-11-09,0.0007022785690595521
Bac Lieu,2020-11-10,0
Bac Lieu,2020-11-11,0
Bac Lieu,2020-11-12,0
Bac Lieu,2020-11-13,0.3650630060051972
Bac Lieu,2020-11-14,0
Bac Lieu,2020-11-15,0
Bac Lieu,2020-11-16,0
Bac Lieu,2020-11-17,0
Bac Lieu,2020-11-18,0
Bac Lieu,2020-11-19,5.855714557755668
Bac Lieu,2020-11-20,0.6895165084622944
Bac Lieu,2020-11-21,2.7211900455726776
Bac Lieu,2020-11-22,0.06036048919749712
Bac Lieu,2020-11-23,13.162156765595928
Bac Lieu,2020-11-24,0
Bac Lieu,2020-11-25,8.96028148528765
Bac Lieu,2020-11-26,0
Bac Lieu,2020-11-27,0
Bac Lieu,2020-11-28,25.07109579255446
Bac Lieu,2020-11-29,8.11295544761082
Bac Lieu,2020-11-30,0.3824212808429071
Bac Lieu,2020-12-01,0.24079626659177392
Bac Lieu,2020-12-02,0
Bac Lieu,2020-12-03,0
Bac Lieu,2020-12-04,0
Bac Lieu,2020-12-05,0.97146262975009
Bac Lieu,2020-12-06,0
Bac Lieu,2020-12-07,0.6008910853547872
Bac Lieu,2020-12-08,0.2639717104884814
Bac Lieu,2020-12-09,0
Bac Lieu,2020-12-10,0.3134930621677976
Bac Lieu,2020-12-11,5.780095611869166
Bac Lieu,2020-12-12,0.9225778573414067
Bac Lieu,2020-12-13,0
Bac Lieu,2020-12-14,2.840141471966258
Bac Lieu,2020-12-15,1.1869043789899578
Bac Lieu,2020-12-16,0
Bac Lieu,2020-12-17,0
Bac Lieu,2020-12-18,4.789892264240192
Bac Lieu,2020-12-19,4.103502115825437
Bac Lieu,2020-12-20,0.2274055237320235
Bac Lieu,2020-12-21,0.06728984795876271
Bac Lieu,2020-12-22,9.635384135462203
Bac Lieu,2020-12-23,16.76814501186587
Bac Lieu,2020-12-24,0
Bac Lieu,2020-12-25,0
Bac Lieu,2020-12-26,0
Bac Lieu,2020-12-27,0.6771210781088416
Bac Lieu,2020-12-28,0
Bac Lieu,2020-12-29,0.15959291289887342
Bac Lieu,2020-12-30,4.8750333449480685
Bac Lieu,2020-12-31,0
Bac Lieu,2021-01-01,0
Bac Lieu,2021-01-02,0
Bac Lieu,2021-01-03,2.3073501471483495
Bac Lieu,2021-01-04,0.5008546754189259
Bac Lieu,2021-01-05,1.470711218653985
Bac Lieu,2021-01-06,0.6828033309702604
Bac Lieu,2021-01-07,0
Bac Lieu,2021-01-08,1.6328716032437558
Bac Lieu,2021-01-09,0
Bac Lieu,2021-01-10,0
Bac Lieu,2021-01-11,0.0011699749838631113
Bac Lieu,2021-01-12,0
Bac Lieu,2021-01-13,0
Bac Lieu,2021-01-14,0.012540483848103941
Bac Lieu,2021-01-15,0
Bac Lieu,2021-01-16,0.10416759369283354
Bac Lieu,2021-01-17,0.6150325629756137
Bac Lieu,2021-01-18,0
Bac Lieu,2021-01-19,0.2878945356528715
Bac Lieu,2021-01-20,0.48471100278395546
Bac Lieu,2021-01-21,0.9405188930866857
Bac Lieu,2021-01-22,0.027273668882981793
Bac Lieu,2021-01-23,0
Bac Lieu,2021-01-24,0
Bac Lieu,2021-01-25,0
Bac Lieu,2021-01-26,0
Bac Lieu,2021-01-27,0
Bac Lieu,2021-01-28,0
Bac Lieu,2021-01-29,0
Bac Lieu,2021-01-30,0
Bac Lieu,2021-01-31,0
Bac Lieu,2021-02-01,0.0027548154884914186
Bac Lieu,2021-02-02,0
Bac Lieu,2021-02-03,0
Bac Lieu,2021-02-04,0
Bac Lieu,2021-02-05,0
Bac Lieu,2021-02-06,0
Bac Lieu,2021-02-07,0
Bac Lieu,2021-02-08,0
Bac Lieu,2021-02-09,0
Bac Lieu,2021-02-10,0
Bac Lieu,2021-02-11,0.18418187550778664
Bac Lieu,2021-02-12,0
Bac Lieu,2021-02-13,0
Bac Lieu,2021-02-14,0
Bac Lieu,2021-02-15,0
Bac Lieu,2021-02-16,0
Bac Lieu,2021-02-17,0
Bac Lieu,2021-02-18,0
Bac Lieu,2021-02-19,0
Bac Lieu,2021-02-20,0
Bac Lieu,2021-02-21,0
Bac Lieu,2021-02-22,0
Bac Lieu,2021-02-23,0
Bac Lieu,2021-02-24,0
Bac Lieu,2021-02-25,4.43285946437548
Bac Lieu,2021-02-26,0
Bac Lieu,2021-02-27,0
Bac Lieu,2021-02-28,3.3727587558818315
Bac Lieu,2021-03-01,0.014428806053017676
Bac Lieu,2021-03-02,0
Bac Lieu,2021-03-03,0
Bac Lieu,2021-03-04,0
Bac Lieu,2021-03-05,0
Bac Lieu,2021-03-06,0
Bac Lieu,2021-03-07,0
Bac Lieu,2021-03-08,0
Bac Lieu,2021-03-09,0.053062481880188
Bac Lieu,2021-03-10,0.6141314503561777
Bac Lieu,2021-03-11,0
Bac Lieu,2021-03-12,0
Bac Lieu,2021-03-13,0
Bac Lieu,2021-03-14,0
Bac Lieu,2021-03-15,0
Bac Lieu,2021-03-16,0
Bac Lieu,2021-03-17,0
Bac Lieu,2021-03-18,0
Bac Lieu,2021-03-19,0
Bac Lieu,2021-03-20,0
Bac Lieu,2021-03-21,0
Bac Lieu,2021-03-22,0
Bac Lieu,2021-03-23,1.1756801329963613
Bac Lieu,2021-03-24,0.24265880598212194
Bac Lieu,2021-03-25,0.036097443661599796
Bac Lieu,2021-03-26,12.074626552869693
Bac Lieu,2021-03-27,1.910619193733864
Bac Lieu,2021-03-28,0.1519010115569493
Bac Lieu,2021-03-29,0
Bac Lieu,2021-03-30,0.04324889201038289
Bac Lieu,2021-03-31,0
Bac Lieu,2021-04-01,0
Bac Lieu,2021-04-02,0.05357926506366371
Bac Lieu,2021-04-03,1.542247453590609
Bac Lieu,2021-04-04,13.62064399024676
Bac Lieu,2021-04-05,0
Bac Lieu,2021-04-06,0
Bac Lieu,2021-04-07,0
Bac Lieu,2021-04-08,0
Bac Lieu,2021-04-09,0
Bac Lieu,2021-04-10,0
Bac Lieu,2021-04-11,0
Bac Lieu,2021-04-12,0
Bac Lieu,2021-04-13,0
Bac Lieu,2021-04-14,4.6280558159306375
Bac Lieu,2021-04-15,6.387781205159315
Bac Lieu,2021-04-16,21.062794497615897
Bac Lieu,2021-04-17,2.896703404606514
Bac Lieu,2021-04-18,12.074872226049322
Bac Lieu,2021-04-19,12.398674852965017
Bac Lieu,2021-04-20,3.9077884947578867
Bac Lieu,2021-04-21,16.48212315742925
Bac Lieu,2021-04-22,47.05071113327315
Bac Lieu,2021-04-23,13.20957255125946
Bac Lieu,2021-04-24,7.9248572932909145
Bac Lieu,2021-04-25,8.85072509628872
Bac Lieu,2021-04-26,3.5750034934979578
Bac Lieu,2021-04-27,5.26047883266773
Bac Lieu,2021-04-28,11.260904979300951
Bac Lieu,2021-04-29,0.5169536602092241
Bac Lieu,2021-04-30,0
Bac Lieu,2021-05-01,2.3325111890378993
Bac Lieu,2021-05-02,0
Bac Lieu,2021-05-03,0
Bac Lieu,2021-05-04,0.21156859091992655
Bac Lieu,2021-05-05,7.00942040436223
Bac Lieu,2021-05-06,3.5071938801801443
Bac Lieu,2021-05-07,12.773236242708174
Bac Lieu,2021-05-08,7.090232326804469
Bac Lieu,2021-05-09,0.027706882098935695
Bac Lieu,2021-05-10,0
Bac Lieu,2021-05-11,0.9510692437279901
Bac Lieu,2021-05-12,0.6562438393178979
Bac Lieu,2021-05-13,3.3196702754092673
Bac Lieu,2021-05-14,4.853809365893312
Bac Lieu,2021-05-15,11.61209503979953
Bac Lieu,2021-05-16,0
Bac Lieu,2021-05-17,6.781020071749419
Bac Lieu,2021-05-18,10.881285298833308
Bac Lieu,2021-05-19,3.7240488962857237
Bac Lieu,2021-05-20,31.91159173126941
Bac Lieu,2021-05-21,18.979425669184273
Bac Lieu,2021-05-22,11.358683744574492
Bac Lieu,2021-05-23,3.386626563737978
Bac Lieu,2021-05-24,27.9456632724798
Bac Lieu,2021-05-25,29.859358911910153
Bac Lieu,2021-05-26,10.783717496008249
Bac Lieu,2021-05-27,4.481672054614662
Bac Lieu,2021-05-28,5.166357011525136
Bac Lieu,2021-05-29,6.824025981345268
Bac Lieu,2021-05-30,0.5378813731535428
Bac Lieu,2021-05-31,2.5718834586413406
Bac Lieu,2021-06-01,11.595262549526286
Bac Lieu,2021-06-02,7.8385054198750925
Bac Lieu,2021-06-03,3.912273254304563
Bac Lieu,2021-06-04,0
Bac Lieu,2021-06-05,5.414586526762766
Bac Lieu,2021-06-06,19.444975725389885
Bac Lieu,2021-06-07,5.015390951894364
Bac Lieu,2021-06-08,2.223481167595342
Bac Lieu,2021-06-09,12.273666684996412
Bac Lieu,2021-06-10,7.6321132989559555
Bac Lieu,2021-06-11,32.11318208046681
Bac Lieu,2021-06-12,10.486582441743819
Bac Lieu,2021-06-13,7.63871544866742
Bac Lieu,2021-06-14,17.993184303283698
Bac Lieu,2021-06-15,6.983893953521299
Bac Lieu,2021-06-16,0.6067111336510137
Bac Lieu,2021-06-17,5.666728413743796
Bac Lieu,2021-06-18,0.05742253298129678
Bac Lieu,2021-06-19,4.762147323572412
Bac Lieu,2021-06-20,7.832634454655202
Bac Lieu,2021-06-21,3.1548715773438523
Bac Lieu,2021-06-22,4.800829042704601
Bac Lieu,2021-06-23,0.31304219371867636
Bac Lieu,2021-06-24,1.8022220720525062
Bac Lieu,2021-06-25,0.6457462791406885
Bac Lieu,2021-06-26,0.24964855041144038
Bac Lieu,2021-06-27,0.009648383158557823
Bac Lieu,2021-06-28,0.5871161861779558
Bac Lieu,2021-06-29,2.136619182991532
Bac Lieu,2021-06-30,6.174110120413441
Bac Lieu,2021-07-01,0.0946409188396526
Bac Lieu,2021-07-02,0
Bac Lieu,2021-07-03,4.089779333456508
Bac Lieu,2021-07-04,8.964068498539477
Bac Lieu,2021-07-05,9.690675914044652
Bac Lieu,2021-07-06,13.424867357847827
Bac Lieu,2021-07-07,14.984038472625448
Bac Lieu,2021-07-08,9.642885069613186
Bac Lieu,2021-07-09,17.39163597056551
Bac Lieu,2021-07-10,3.4098032507266653
Bac Lieu,2021-07-11,5.260088017571647
Bac Lieu,2021-07-12,9.716478824219617
Bac Lieu,2021-07-13,29.269264971679117
Bac Lieu,2021-07-14,26.054378066728713
Bac Lieu,2021-07-15,17.576489254357682
Bac Lieu,2021-07-16,0
Bac Lieu,2021-07-17,0.016343535328811075
Bac Lieu,2021-07-18,8.251817452727627
Bac Lieu,2021-07-19,1.176853888228255
Bac Lieu,2021-07-20,4.2753222093402234
Bac Lieu,2021-07-21,2.338301544693282
Bac Lieu,2021-07-22,11.170297403479521
Bac Lieu,2021-07-23,7.286607075385331
Bac Lieu,2021-07-24,5.853345777619561
Bac Lieu,2021-07-25,4.771323395998975
Bac Lieu,2021-07-26,4.314916579336492
Bac Lieu,2021-07-27,9.041436085790961
Bac Lieu,2021-07-28,15.103536979261435
Bac Lieu,2021-07-29,20.050358308900083
Bac Lieu,2021-07-30,12.30117060853851
Bac Lieu,2021-07-31,0.14716608574705306
Bac Lieu,2021-08-01,22.96900732688185
Bac Lieu,2021-08-02,4.959423933928868
Bac Lieu,2021-08-03,1.5199933735109727
Bac Lieu,2021-08-04,3.4090810086952077
Bac Lieu,2021-08-05,7.062521202627223
Bac Lieu,2021-08-06,5.248987551473224
Bac Lieu,2021-08-07,0
Bac Lieu,2021-08-08,0
Bac Lieu,2021-08-09,0
Bac Lieu,2021-08-10,1.415930226946777
Bac Lieu,2021-08-11,21.715359802354055
Bac Lieu,2021-08-12,0
Bac Lieu,2021-08-13,14.433914023885187
Bac Lieu,2021-08-14,2.469196906233734
Bac Lieu,2021-08-15,28.928573238030918
Bac Lieu,2021-08-16,1.5103088225598609
Bac Lieu,2021-08-17,7.289843699194353
Bac Lieu,2021-08-18,5.8545751310024645
Bac Lieu,2021-08-19,11.785035019604674
Bac Lieu,2021-08-20,3.6813027662601123
Bac Lieu,2021-08-21,1.5483688401995972
Bac Lieu,2021-08-22,10.106699419003615
Bac Lieu,2021-08-23,29.923552311087562
Bac Lieu,2021-08-24,34.88578528774911
Bac Lieu,2021-08-25,28.91700519425015
Bac Lieu,2021-08-26,8.589295223488001
Bac Lieu,2021-08-27,5.245052819971772
Bac Lieu,2021-08-28,13.84444703674317
Bac Lieu,2021-08-29,19.608167093582885
Bac Lieu,2021-08-30,18.67103813050829
Bac Lieu,2021-08-31,17.981557066251654
Bac Lieu,2021-09-01,6.650258217883562
Bac Lieu,2021-09-02,5.407116651283123
Bac Lieu,2021-09-03,35.82513383253566
Bac Lieu,2021-09-04,1.9014844256706958
Bac Lieu,2021-09-05,3.2695888093732446
Bac Lieu,2021-09-06,4.329249623856456
Bac Lieu,2021-09-07,14.639870301426583
Bac Lieu,2021-09-08,18.852164802875166
Bac Lieu,2021-09-09,3.775915156832282
Bac Lieu,2021-09-10,12.931408855456228
Bac Lieu,2021-09-11,11.569844937306533
Bac Lieu,2021-09-12,3.3412180012037176
Bac Lieu,2021-09-13,25.98197158147705
Bac Lieu,2021-09-14,43.350542414251365
Bac Lieu,2021-09-15,4.301199088906342
Bac Lieu,2021-09-16,0.026924750184113135
Bac Lieu,2021-09-17,4.931249883579758
Bac Lieu,2021-09-18,12.923679121089434
Bac Lieu,2021-09-19,17.852167830305284
Bac Lieu,2021-09-20,6.754061777267817
Bac Lieu,2021-09-21,4.7551607755804985
Bac Lieu,2021-09-22,8.84615016129332
Bac Lieu,2021-09-23,1.5861164769316622
Bac Lieu,2021-09-24,20.92905451119621
Bac Lieu,2021-09-25,11.697186636312955
Bac Lieu,2021-09-26,21.287616137630557
Bac Lieu,2021-09-27,5.184695863957677
Bac Lieu,2021-09-28,6.614646452040046
Bac Lieu,2021-09-29,0.3276952723197218
Bac Lieu,2021-09-30,3.4601000229997463
Bac Lieu,2021-10-01,6.661343257130318
Bac Lieu,2021-10-02,14.59860653574962
Bac Lieu,2021-10-03,5.986860110912684
Bac Lieu,2021-10-04,23.660700285497704
Bac Lieu,2021-10-05,31.690130216130676
Bac Lieu,2021-10-06,3.657045944915628
Bac Lieu,2021-10-07,5.135825100304947
Bac Lieu,2021-10-08,44.30637411599791
Bac Lieu,2021-10-09,5.564112614181807
Bac Lieu,2021-10-10,0.03050591814293053
Bac Lieu,2021-10-11,40.99594861379661
Bac Lieu,2021-10-12,0.6301769567525614
Bac Lieu,2021-10-13,0.47909480332428567
Bac Lieu,2021-10-14,0.2453545328176247
Bac Lieu,2021-10-15,18.86779600413341
Bac Lieu,2021-10-16,7.73473917151397
Bac Lieu,2021-10-17,0.1353814684400019
Bac Lieu,2021-10-18,0.10896409518763706
Bac Lieu,2021-10-19,0.6078076695496184
Bac Lieu,2021-10-20,19.083376732880218
Bac Lieu,2021-10-21,2.7190394598493053
Bac Lieu,2021-10-22,2.7442513409290687
Bac Lieu,2021-10-23,8.792717094196465
Bac Lieu,2021-10-24,5.893392585655431
Bac Lieu,2021-10-25,10.575486046809075
Bac Lieu,2021-10-26,2.6341246050888643
Bac Lieu,2021-10-27,4.888018793987778
Bac Lieu,2021-10-28,0
Bac Lieu,2021-10-29,8.680120821628933
Bac Lieu,2021-10-30,0
Bac Lieu,2021-10-31,1.5834566548725348
Bac Lieu,2021-11-01,0.0051249232022267475
Bac Lieu,2021-11-02,1.7051915490312404
Bac Lieu,2021-11-03,29.556872713268938
Bac Lieu,2021-11-04,0.24911034701005474
Bac Lieu,2021-11-05,0.8658864518471487
Bac Lieu,2021-11-06,0.1416829642889635
Bac Lieu,2021-11-07,0
Bac Lieu,2021-11-08,0.36914106574148514
Bac Lieu,2021-11-09,1.0750557932223916
Bac Lieu,2021-11-10,11.8705329969874
Bac Lieu,2021-11-11,30.918876271445804
Bac Lieu,2021-11-12,10.06247033180381
Bac Lieu,2021-11-13,7.851241130522964
Bac Lieu,2021-11-14,12.067743567664673
Bac Lieu,2021-11-15,35.32659147967933
Bac Lieu,2021-11-16,14.941934717844118
Bac Lieu,2021-11-17,7.302918044837018
Bac Lieu,2021-11-18,0.4930126528919869
Bac Lieu,2021-11-19,0
Bac Lieu,2021-11-20,3.179908774996704
Bac Lieu,2021-11-21,0
Bac Lieu,2021-11-22,0.06622589978631939
Bac Lieu,2021-11-23,0
Bac Lieu,2021-11-24,1.1116801212238818
Bac Lieu,2021-11-25,4.6179604109818095
Bac Lieu,2021-11-26,6.782028515743762
Bac Lieu,2021-11-27,4.268703776476518
Bac Lieu,2021-11-28,14.38746602801557
Bac Lieu,2021-11-29,17.641625300929228
Bac Lieu,2021-11-30,14.359661192372169
Bac Lieu,2021-12-01,4.934920746443407
Bac Lieu,2021-12-02,3.399891595876443
Bac Lieu,2021-12-03,0
Bac Lieu,2021-12-04,0.007868269452508894
Bac Lieu,2021-12-05,0
Bac Lieu,2021-12-06,0.040867218341467525
Bac Lieu,2021-12-07,0
Bac Lieu,2021-12-08,0
Bac Lieu,2021-12-09,0.8314219971962696
Bac Lieu,2021-12-10,0
Bac Lieu,2021-12-11,0
Bac Lieu,2021-12-12,0
Bac Lieu,2021-12-13,3.5147352302659245
Bac Lieu,2021-12-14,0
Bac Lieu,2021-12-15,0.82704098066294
Bac Lieu,2021-12-16,1.012291502160846
Bac Lieu,2021-12-17,3.5308472506595123
Bac Lieu,2021-12-18,0.237402381986942
Bac Lieu,2021-12-19,5.2898590859107255
Bac Lieu,2021-12-20,0
Bac Lieu,2021-12-21,0
Bac Lieu,2021-12-22,0
Bac Lieu,2021-12-23,0.32555351619000716
Bac Lieu,2021-12-24,0
Bac Lieu,2021-12-25,0
Bac Lieu,2021-12-26,0.21024981739835927
Bac Lieu,2021-12-27,2.3730547395022414
Bac Lieu,2021-12-28,0.03591062644742571
Bac Lieu,2021-12-29,0.013640349694018098
Bac Lieu,2021-12-30,0
Bac Lieu,2021-12-31,0
Bac Lieu,2022-01-01,0
Bac Lieu,2022-01-02,0
Bac Lieu,2022-01-03,0.0385892861744143
Bac Lieu,2022-01-04,0
Bac Lieu,2022-01-05,0.12635129417563387
Bac Lieu,2022-01-06,0
Bac Lieu,2022-01-07,0
Bac Lieu,2022-01-08,0
Bac Lieu,2022-01-09,0
Bac Lieu,2022-01-10,0
Bac Lieu,2022-01-11,0.06922668959059806
Bac Lieu,2022-01-12,0
Bac Lieu,2022-01-13,0
Bac Lieu,2022-01-14,0
Bac Lieu,2022-01-15,0
Bac Lieu,2022-01-16,0
Bac Lieu,2022-01-17,0
Bac Lieu,2022-01-18,0
Bac Lieu,2022-01-19,0
Bac Lieu,2022-01-20,0
Bac Lieu,2022-01-21,0
Bac Lieu,2022-01-22,0
Bac Lieu,2022-01-23,0
Bac Lieu,2022-01-24,0
Bac Lieu,2022-01-25,1.1807680101979456
Bac Lieu,2022-01-26,0
Bac Lieu,2022-01-27,0
Bac Lieu,2022-01-28,1.7447618535059806
Bac Lieu,2022-01-29,0.13955522156661415
Bac Lieu,2022-01-30,1.5049019827932686
Bac Lieu,2022-01-31,0
Bac Lieu,2022-02-01,0.05620252321351251
Bac Lieu,2022-02-02,0
Bac Lieu,2022-02-03,0
Bac Lieu,2022-02-04,0
Bac Lieu,2022-02-05,0
Bac Lieu,2022-02-06,0.0033491605407786826
Bac Lieu,2022-02-07,0.004889931336888729
Bac Lieu,2022-02-08,0
Bac Lieu,2022-02-09,0
Bac Lieu,2022-02-10,2.6529521990317226
Bac Lieu,2022-02-11,0
Bac Lieu,2022-02-12,0
Bac Lieu,2022-02-13,0
Bac Lieu,2022-02-14,0
Bac Lieu,2022-02-15,0
Bac Lieu,2022-02-16,0
Bac Lieu,2022-02-17,0
Bac Lieu,2022-02-18,0
Bac Lieu,2022-02-19,0
Bac Lieu,2022-02-20,0.021133669754244255
Bac Lieu,2022-02-21,0.15217549620934256
Bac Lieu,2022-02-22,0.4710286400453101
Bac Lieu,2022-02-23,0.3609789050929952
Bac Lieu,2022-02-24,4.492034836400231
Bac Lieu,2022-02-25,0
Bac Lieu,2022-02-26,0.06764401399414496
Bac Lieu,2022-02-27,0
Bac Lieu,2022-02-28,0
Bac Lieu,2022-03-01,0
Bac Lieu,2022-03-02,0
Bac Lieu,2022-03-03,0
Bac Lieu,2022-03-04,0
Bac Lieu,2022-03-05,0.9399866811194515
Bac Lieu,2022-03-06,0
Bac Lieu,2022-03-07,0
Bac Lieu,2022-03-08,0.8764673434383466
Bac Lieu,2022-03-09,0
Bac Lieu,2022-03-10,0
Bac Lieu,2022-03-11,0
Bac Lieu,2022-03-12,1.6581132969361438
Bac Lieu,2022-03-13,0
Bac Lieu,2022-03-14,0
Bac Lieu,2022-03-15,0
Bac Lieu,2022-03-16,0
Bac Lieu,2022-03-17,0
Bac Lieu,2022-03-18,0.280586863000438
Bac Lieu,2022-03-19,0.1315949241125359
Bac Lieu,2022-03-20,0.13913643323700386
Bac Lieu,2022-03-21,0.7761774926905364
Bac Lieu,2022-03-22,0.10814839776956814
Bac Lieu,2022-03-23,0.36878998465807944
Bac Lieu,2022-03-24,0
Bac Lieu,2022-03-25,0
Bac Lieu,2022-03-26,0
Bac Lieu,2022-03-27,0
Bac Lieu,2022-03-28,8.552000182457693
Bac Lieu,2022-03-29,3.467227339924506
Bac Lieu,2022-03-30,30.923576623520777
Bac Lieu,2022-03-31,11.634952863063456
Bac Lieu,2022-04-01,11.170639924373269
Bac Lieu,2022-04-02,5.774680201242557
Bac Lieu,2022-04-03,0.6648410053523084
Bac Lieu,2022-04-04,0
Bac Lieu,2022-04-05,0
Bac Lieu,2022-04-06,16.888400296247237
Bac Lieu,2022-04-07,18.06992063714874
Bac Lieu,2022-04-08,10.901005069498748
Bac Lieu,2022-04-09,0
Bac Lieu,2022-04-10,3.501000335171539
Bac Lieu,2022-04-11,1.2336318873279504
Bac Lieu,2022-04-12,0
Bac Lieu,2022-04-13,0.36874880808704313
Bac Lieu,2022-04-14,4.457983803290242
Bac Lieu,2022-04-15,4.022172789294766
Bac Lieu,2022-04-16,0.268845632265199
Bac Lieu,2022-04-17,0
Bac Lieu,2022-04-18,0.687094479470883
Bac Lieu,2022-04-19,1.11086751171328
Bac Lieu,2022-04-20,0
Bac Lieu,2022-04-21,0
Bac Lieu,2022-04-22,0
Bac Lieu,2022-04-23,0.005909969221870856
Bac Lieu,2022-04-24,0.40894037025379704
Bac Lieu,2022-04-25,0.04277023373909717
Bac Lieu,2022-04-26,0.46274366042299103
Bac Lieu,2022-04-27,3.559966752448173
Bac Lieu,2022-04-28,11.86462067440321
Bac Lieu,2022-04-29,20.866625274478263
Bac Lieu,2022-04-30,0.6531107442244045
Bac Lieu,2022-05-01,7.597695518673592
Bac Lieu,2022-05-02,6.538513697192355
Bac Lieu,2022-05-03,13.489662512518333
Bac Lieu,2022-05-04,16.294336486168632
Bac Lieu,2022-05-05,1.884809739958566
Bac Lieu,2022-05-06,0.992739632201645
Bac Lieu,2022-05-07,1.1740680351077388
Bac Lieu,2022-05-08,13.353360546040093
Bac Lieu,2022-05-09,6.226724752408155
Bac Lieu,2022-05-10,7.527069595597828
Bac Lieu,2022-05-11,1.582231278734388
Bac Lieu,2022-05-12,7.771804449999113
Bac Lieu,2022-05-13,5.294850820910257
Bac Lieu,2022-05-14,4.234820687806833
Bac Lieu,2022-05-15,1.964786548965383
Bac Lieu,2022-05-16,11.971673356290138
Bac Lieu,2022-05-17,14.665291909235835
Bac Lieu,2022-05-18,10.654847649592277
Bac Lieu,2022-05-19,4.730152334303228
Bac Lieu,2022-05-20,0.8799399714919759
Bac Lieu,2022-05-21,10.551232237977803
Bac Lieu,2022-05-22,30.246160289548488
Bac Lieu,2022-05-23,8.743110722469835
Bac Lieu,2022-05-24,0
Bac Lieu,2022-05-25,0.11245312791500456
Bac Lieu,2022-05-26,1.721238822550145
Bac Lieu,2022-05-27,21.37664205421592
Bac Lieu,2022-05-28,16.619749642462107
Bac Lieu,2022-05-29,9.796943185464393
Bac Lieu,2022-05-30,16.8857011086446
Bac Lieu,2022-05-31,3.2807135684355258
Bac Lieu,2022-06-01,1.8150284199174849
Bac Lieu,2022-06-02,8.481664389574306
Bac Lieu,2022-06-03,10.4266586865839
Bac Lieu,2022-06-04,6.553540438355141
Bac Lieu,2022-06-05,0.0987412771099019
Bac Lieu,2022-06-06,6.30939122051563
Bac Lieu,2022-06-07,11.853025220169217
Bac Lieu,2022-06-08,3.1885469464715928
Bac Lieu,2022-06-09,7.889463452735037
Bac Lieu,2022-06-10,4.619743902350373
Bac Lieu,2022-06-11,7.688957437101401
Bac Lieu,2022-06-12,11.54506445461849
Bac Lieu,2022-06-13,3.845163686284479
Bac Lieu,2022-06-14,0
Bac Lieu,2022-06-15,0.35928732373579503
Bac Lieu,2022-06-16,3.614462818163746
Bac Lieu,2022-06-17,3.7333553569181905
Bac Lieu,2022-06-18,3.0282027552802617
Bac Lieu,2022-06-19,5.2206304542703466
Bac Lieu,2022-06-20,7.9397488747452805
Bac Lieu,2022-06-21,1.5501742778993999
Bac Lieu,2022-06-22,11.548360124291117
Bac Lieu,2022-06-23,5.866213588237765
Bac Lieu,2022-06-24,8.933491305621166
Bac Lieu,2022-06-25,2.3170464662515897
Bac Lieu,2022-06-26,2.63969655116999
Bac Lieu,2022-06-27,1.9430069854034573
Bac Lieu,2022-06-28,12.243842428909161
Bac Lieu,2022-06-29,10.564883697941617
Bac Lieu,2022-06-30,13.340950356393494
Bac Lieu,2022-07-01,23.09777583996755
Bac Lieu,2022-07-02,29.87138212754592
Bac Lieu,2022-07-03,18.516523474207467
Bac Lieu,2022-07-04,3.323840266713557
Bac Lieu,2022-07-05,0
Bac Lieu,2022-07-06,8.669652992842334
Bac Lieu,2022-07-07,5.408180932134953
Bac Lieu,2022-07-08,27.083840859179226
Bac Lieu,2022-07-09,24.51204053898578
Bac Lieu,2022-07-10,9.992666242491525
Bac Lieu,2022-07-11,0.3829571127081818
Bac Lieu,2022-07-12,55.15572119255786
Bac Lieu,2022-07-13,38.49119142726683
Bac Lieu,2022-07-14,13.617006727542515
Bac Lieu,2022-07-15,10.255034532529004
Bac Lieu,2022-07-16,4.493317193229245
Bac Lieu,2022-07-17,6.211879980735059
Bac Lieu,2022-07-18,2.5157699150229407
Bac Lieu,2022-07-19,15.501825115599727
Bac Lieu,2022-07-20,23.793973751320028
Bac Lieu,2022-07-21,13.450285475694912
Bac Lieu,2022-07-22,0.16249729561355883
Bac Lieu,2022-07-23,12.480323854032557
Bac Lieu,2022-07-24,0.036979216881518104
Bac Lieu,2022-07-25,2.096080054517063
Bac Lieu,2022-07-26,11.044695891902133
Bac Lieu,2022-07-27,6.724288718655426
Bac Lieu,2022-07-28,2.756275961659991
Bac Lieu,2022-07-29,0.6803163588002045
Bac Lieu,2022-07-30,6.106100425162407
Bac Lieu,2022-07-31,22.398530081191154
Bac Lieu,2022-08-01,20.841342169671698
Bac Lieu,2022-08-02,7.245036346219624
Bac Lieu,2022-08-03,11.104146945881395
Bac Lieu,2022-08-04,12.625481621742251
Bac Lieu,2022-08-05,0.8513737161024564
Bac Lieu,2022-08-06,24.363928078597453
Bac Lieu,2022-08-07,20.672963210339816
Bac Lieu,2022-08-08,20.236993132573254
Bac Lieu,2022-08-09,9.138437071890205
Bac Lieu,2022-08-10,11.943457511488
Bac Lieu,2022-08-11,14.899279186608663
Bac Lieu,2022-08-12,1.9524546520305133
Bac Lieu,2022-08-13,2.3874245561203873
Bac Lieu,2022-08-14,1.5230212884219192
Bac Lieu,2022-08-15,16.241798601114528
Bac Lieu,2022-08-16,0.9002084736734067
Bac Lieu,2022-08-17,1.6031522599796082
Bac Lieu,2022-08-18,12.22640702850414
Bac Lieu,2022-08-19,4.679407327939881
Bac Lieu,2022-08-20,4.43617855524567
Bac Lieu,2022-08-21,5.06948572981133
Bac Lieu,2022-08-22,3.257835337278979
Bac Lieu,2022-08-23,4.270063814604059
Bac Lieu,2022-08-24,17.910436764123308
Bac Lieu,2022-08-25,24.169066219437806
Bac Lieu,2022-08-26,17.180933172693802
Bac Lieu,2022-08-27,2.5652862849325513
Bac Lieu,2022-08-28,3.8040797118330913
Bac Lieu,2022-08-29,1.0777273018045248
Bac Lieu,2022-08-30,0.35623822959863927
Bac Lieu,2022-08-31,6.2729302781213025
Bac Lieu,2022-09-01,4.609455766533907
Bac Lieu,2022-09-02,8.533704218882438
Bac Lieu,2022-09-03,11.810349799354128
Bac Lieu,2022-09-04,22.255708821926476
Bac Lieu,2022-09-05,12.715270052244081
Bac Lieu,2022-09-06,41.365343570853184
Bac Lieu,2022-09-07,1.863367186276418
Bac Lieu,2022-09-08,0
Bac Lieu,2022-09-09,0.21722381354277998
Bac Lieu,2022-09-10,11.27779668311353
Bac Lieu,2022-09-11,16.723699276240374
Bac Lieu,2022-09-12,12.555486147646633
Bac Lieu,2022-09-13,3.3737002358706496
Bac Lieu,2022-09-14,6.311069891461788
Bac Lieu,2022-09-15,11.494759128120714
Bac Lieu,2022-09-16,17.498969327206886
Bac Lieu,2022-09-17,16.508981945649634
Bac Lieu,2022-09-18,13.365039618150245
Bac Lieu,2022-09-19,0
Bac Lieu,2022-09-20,0
Bac Lieu,2022-09-21,12.300734288665486
Bac Lieu,2022-09-22,13.728983752214688
Bac Lieu,2022-09-23,3.619030970447469
Bac Lieu,2022-09-24,2.952612544095742
Bac Lieu,2022-09-25,18.799096870998174
Bac Lieu,2022-09-26,10.744190360663076
Bac Lieu,2022-09-27,10.524137527429835
Bac Lieu,2022-09-28,31.372972898159393
Bac Lieu,2022-09-29,16.96673816011537
Bac Lieu,2022-09-30,13.321742708350131
Bac Lieu,2022-10-01,8.24052655560116
Bac Lieu,2022-10-02,9.109070475596306
Bac Lieu,2022-10-03,6.821750587967208
Bac Lieu,2022-10-04,10.957394204049743
Bac Lieu,2022-10-05,23.388974112060843
Bac Lieu,2022-10-06,8.15177322506455
Bac Lieu,2022-10-07,5.204450561595414
Bac Lieu,2022-10-08,21.34509552959227
Bac Lieu,2022-10-09,4.812865668755658
Bac Lieu,2022-10-10,3.08873246565405
Bac Lieu,2022-10-11,3.021179856903149
Bac Lieu,2022-10-12,18.803290691123827
Bac Lieu,2022-10-13,13.379518759709487
Bac Lieu,2022-10-14,4.181739446667007
Bac Lieu,2022-10-15,0
Bac Lieu,2022-10-16,1.2836570873620379
Bac Lieu,2022-10-17,0
Bac Lieu,2022-10-18,7.575607852755853
Bac Lieu,2022-10-19,11.85823996167813
Bac Lieu,2022-10-20,15.194807986871254
Bac Lieu,2022-10-21,15.86657623879415
Bac Lieu,2022-10-22,1.7943796026841656
Bac Lieu,2022-10-23,4.603643608992956
Bac Lieu,2022-10-24,19.581334931031716
Bac Lieu,2022-10-25,4.5359726525072785
Bac Lieu,2022-10-26,7.194242263973887
Bac Lieu,2022-10-27,14.491644573463589
Bac Lieu,2022-10-28,4.397441217494462
Bac Lieu,2022-10-29,3.352251758485472
Bac Lieu,2022-10-30,7.687596798195033
Bac Lieu,2022-10-31,0
Bac Lieu,2022-11-01,0.39413452331974835
Bac Lieu,2022-11-02,0
Bac Lieu,2022-11-03,19.24826773409574
Bac Lieu,2022-11-04,39.70219652528583
Bac Lieu,2022-11-05,22.157128345957346
Bac Lieu,2022-11-06,7.271661986297032
Bac Lieu,2022-11-07,5.482679137103964
Bac Lieu,2022-11-08,5.8279402713055894
Bac Lieu,2022-11-09,0.5742621633421702
Bac Lieu,2022-11-10,0.6089885529212233
Bac Lieu,2022-11-11,1.8584882142228907
Bac Lieu,2022-11-12,0.3078600597561531
Bac Lieu,2022-11-13,3.2231505585796434
Bac Lieu,2022-11-14,15.11731743269147
Bac Lieu,2022-11-15,0
Bac Lieu,2022-11-16,0
Bac Lieu,2022-11-17,0.23772034324789953
Bac Lieu,2022-11-18,24.470757482996532
Bac Lieu,2022-11-19,16.959136187787333
Bac Lieu,2022-11-20,54.44752893138382
Bac Lieu,2022-11-21,39.68640774046701
Bac Lieu,2022-11-22,15.77440079775397
Bac Lieu,2022-11-23,5.958852877328985
Bac Lieu,2022-11-24,0.08787492070108094
Bac Lieu,2022-11-25,0.021207195371951704
Bac Lieu,2022-11-26,2.1753609754094545
Bac Lieu,2022-11-27,6.134746947720369
Bac Lieu,2022-11-28,0.13382453670141836
Bac Lieu,2022-11-29,0
Bac Lieu,2022-11-30,11.739094929065343
Bac Lieu,2022-12-01,10.375022010236421
Bac Lieu,2022-12-02,9.63790444285915
Bac Lieu,2022-12-03,26.770053456504403
Bac Lieu,2022-12-04,0.9302476085896763
Bac Lieu,2022-12-05,0
Bac Lieu,2022-12-06,1.1648411817865554
Bac Lieu,2022-12-07,0.16907477924059025
Bac Lieu,2022-12-08,4.914686855037257
Bac Lieu,2022-12-09,0
Bac Lieu,2022-12-10,0.14283065146320273
Bac Lieu,2022-12-11,0
Bac Lieu,2022-12-12,0.10475290958836396
Bac Lieu,2022-12-13,0
Bac Lieu,2022-12-14,0
Bac Lieu,2022-12-15,0
Bac Lieu,2022-12-16,2.1275529368058694
Bac Lieu,2022-12-17,0.8767324842641943
Bac Lieu,2022-12-18,0
Bac Lieu,2022-12-19,0
Bac Lieu,2022-12-20,0
Bac Lieu,2022-12-21,0.6022553828257435
Bac Lieu,2022-12-22,0.12337667388736082
Bac Lieu,2022-12-23,0
Bac Lieu,2022-12-24,0.1431593719158533
Bac Lieu,2022-12-25,0
Bac Lieu,2022-12-26,2.100132480477388
Bac Lieu,2022-12-27,0
Bac Lieu,2022-12-28,0
Bac Lieu,2022-12-29,0.05290581437776675
Bac Lieu,2022-12-30,0.437823195412474
Bac Lieu,2022-12-31,1.3678037651664807
Bac Lieu,2023-01-01,0
Bac Lieu,2023-01-02,0.4914123771685476
Bac Lieu,2023-01-03,1.5615735843721434
Bac Lieu,2023-01-04,3.509188216384853
Bac Lieu,2023-01-05,1.8189033749823311
Bac Lieu,2023-01-06,0
Bac Lieu,2023-01-07,8.015307971576476
Bac Lieu,2023-01-08,1.1135343912772413
Bac Lieu,2023-01-09,0.30912110386254665
Bac Lieu,2023-01-10,3.808217553381651
Bac Lieu,2023-01-11,0
Bac Lieu,2023-01-12,0
Bac Lieu,2023-01-13,0.033564078789836964
Bac Lieu,2023-01-14,0
Bac Lieu,2023-01-15,0
Bac Lieu,2023-01-16,0
Bac Lieu,2023-01-17,0
Bac Lieu,2023-01-18,0
Bac Lieu,2023-01-19,0
Bac Lieu,2023-01-20,3.6873659112273534
Bac Lieu,2023-01-21,0.46130648117245376
Bac Lieu,2023-01-22,0.14152583992256312
Bac Lieu,2023-01-23,0.01879023171820731
Bac Lieu,2023-01-24,0.739009846588351
Bac Lieu,2023-01-25,1.5123903967704417
Bac Lieu,2023-01-26,2.3379522997928124
Bac Lieu,2023-01-27,0.17395999176997062
Bac Lieu,2023-01-28,0.1795964502118669
Bac Lieu,2023-01-29,0.5882442270179966
Bac Lieu,2023-01-30,2.647257393944939
Bac Lieu,2023-01-31,0.05796048408184414
Bac Lieu,2023-02-01,4.293946957219322
Bac Lieu,2023-02-02,0
Bac Lieu,2023-02-03,0.3863710589678783
Bac Lieu,2023-02-04,0
Bac Lieu,2023-02-05,0
Bac Lieu,2023-02-06,0
Bac Lieu,2023-02-07,0.032744509669969675
Bac Lieu,2023-02-08,0.02708672078150624
Bac Lieu,2023-02-09,0
Bac Lieu,2023-02-10,0
Bac Lieu,2023-02-11,0
Bac Lieu,2023-02-12,1.9891729831695562
Bac Lieu,2023-02-13,3.8869053850893702
Bac Lieu,2023-02-14,0.4086997704685859
Bac Lieu,2023-02-15,0
Bac Lieu,2023-02-16,0
Bac Lieu,2023-02-17,0
Bac Lieu,2023-02-18,0
Bac Lieu,2023-02-19,1.1878706971834296
Bac Lieu,2023-02-20,0.036115326971377974
Bac Lieu,2023-02-21,0
Bac Lieu,2023-02-22,0
Bac Lieu,2023-02-23,0
Bac Lieu,2023-02-24,0
Bac Lieu,2023-02-25,0
Bac Lieu,2023-02-26,0.15886862970748042
Bac Lieu,2023-02-27,0.04054495380959422
Bac Lieu,2023-02-28,0.10519686589151062
Bac Lieu,2023-03-01,0.05441464142979317
Bac Lieu,2023-03-02,1.2178626750370243
Bac Lieu,2023-03-03,2.722413564020733
Bac Lieu,2023-03-04,0
Bac Lieu,2023-03-05,4.176278616482358
Bac Lieu,2023-03-06,0.7268100490435117
Bac Lieu,2023-03-07,0.022417989451930215
Bac Lieu,2023-03-08,0
Bac Lieu,2023-03-09,0
Bac Lieu,2023-03-10,0
Bac Lieu,2023-03-11,0
Bac Lieu,2023-03-12,0.1004128070102548
Bac Lieu,2023-03-13,0
Bac Lieu,2023-03-14,0
Bac Lieu,2023-03-15,0
Bac Lieu,2023-03-16,0
Bac Lieu,2023-03-17,0
Bac Lieu,2023-03-18,0
Bac Lieu,2023-03-19,0
Bac Lieu,2023-03-20,0
Bac Lieu,2023-03-21,0
Bac Lieu,2023-03-22,0
Bac Lieu,2023-03-23,0
Bac Lieu,2023-03-24,0
Bac Lieu,2023-03-25,0
Bac Lieu,2023-03-26,0
Bac Lieu,2023-03-27,0
Bac Lieu,2023-03-28,0.05050634944214013
Bac Lieu,2023-03-29,0
Bac Lieu,2023-03-30,0
Bac Lieu,2023-03-31,0
Bac Lieu,2023-04-01,0
Bac Lieu,2023-04-02,0.5335340292228845
Bac Lieu,2023-04-03,2.01641046872229
Bac Lieu,2023-04-04,0.6876627314945439
Bac Lieu,2023-04-05,0
Bac Lieu,2023-04-06,0
Bac Lieu,2023-04-07,0
Bac Lieu,2023-04-08,0
Bac Lieu,2023-04-09,0
Bac Lieu,2023-04-10,0
Bac Lieu,2023-04-11,0
Bac Lieu,2023-04-12,0
Bac Lieu,2023-04-13,0
Bac Lieu,2023-04-14,0
Bac Lieu,2023-04-15,14.564540139036362
Bac Lieu,2023-04-16,10.90126932115375
Bac Lieu,2023-04-17,0
Bac Lieu,2023-04-18,0
Bac Lieu,2023-04-19,0.4599834584470066
Bac Lieu,2023-04-20,7.197237606246517
Bac Lieu,2023-04-21,2.590146442629257
Bac Lieu,2023-04-22,0.16052552705440887
Bac Lieu,2023-04-23,0
Bac Lieu,2023-04-24,2.2207424982448805
Bac Lieu,2023-04-25,6.27397650308429
Bac Lieu,2023-04-26,0.7980607731117394
Bac Lieu,2023-04-27,0
Bac Lieu,2023-04-28,0.0925612342942436
Bac Lieu,2023-04-29,1.4920120973047224
Bac Lieu,2023-04-30,15.152665688910577
Bac Lieu,2023-05-01,0
Bac Lieu,2023-05-02,0
Bac Lieu,2023-05-03,0
Bac Lieu,2023-05-04,0
Bac Lieu,2023-05-05,10.185221509537609
Bac Lieu,2023-05-06,4.846910552123808
Bac Lieu,2023-05-07,0.5401305461379718
Bac Lieu,2023-05-08,5.59442955558705
Bac Lieu,2023-05-09,4.579522116481136
Bac Lieu,2023-05-10,0.596626642731001
Bac Lieu,2023-05-11,15.168294476904965
Bac Lieu,2023-05-12,10.776539154790486
Bac Lieu,2023-05-13,0.20421634366377348
Bac Lieu,2023-05-14,4.640114246728286
Bac Lieu,2023-05-15,0.33066076553992513
Bac Lieu,2023-05-16,0.05422086587941872
Bac Lieu,2023-05-17,5.97627712273148
Bac Lieu,2023-05-18,6.724370300760808
Bac Lieu,2023-05-19,0.5208813147724801
Bac Lieu,2023-05-20,12.631697393993162
Bac Lieu,2023-05-21,13.954178518259303
Bac Lieu,2023-05-22,7.083963839944806
Bac Lieu,2023-05-23,7.192496301129182
Bac Lieu,2023-05-24,3.7288461825532733
Bac Lieu,2023-05-25,4.51806860572887
Bac Lieu,2023-05-26,18.045365035974758
Bac Lieu,2023-05-27,21.540957456264866
Bac Lieu,2023-05-28,9.9702262787729
Bac Lieu,2023-05-29,6.1643677650667605
Bac Lieu,2023-05-30,0.8301024559668776
Bac Lieu,2023-05-31,13.291980065525701
Bac Lieu,2023-06-01,1.3373086606781441
Bac Lieu,2023-06-02,4.0523450579013485
Bac Lieu,2023-06-03,6.6755902079186376
Bac Lieu,2023-06-04,12.10201453255708
Bac Lieu,2023-06-05,12.74045140118869
Bac Lieu,2023-06-06,7.287527449661832
Bac Lieu,2023-06-07,19.47905059400595
Bac Lieu,2023-06-08,20.43256231061469
Bac Lieu,2023-06-09,2.7617467823028576
Bac Lieu,2023-06-10,26.89546368123902
Bac Lieu,2023-06-11,0.003784391601130648
Bac Lieu,2023-06-12,6.607705973319289
Bac Lieu,2023-06-13,4.617212703605871
Bac Lieu,2023-06-14,1.4456517183285844
Bac Lieu,2023-06-15,3.684865004719431
Bac Lieu,2023-06-16,10.752335793549165
Bac Lieu,2023-06-17,7.037969052296764
Bac Lieu,2023-06-18,12.145511408068101
Bac Lieu,2023-06-19,0
Bac Lieu,2023-06-20,12.735310755603718
Bac Lieu,2023-06-21,5.858016313282949
Bac Lieu,2023-06-22,5.837128677305185
Bac Lieu,2023-06-23,1.0398086770300599
Bac Lieu,2023-06-24,0.7555420284946013
Bac Lieu,2023-06-25,5.816028860110158
Bac Lieu,2023-06-26,5.195483131102797
Bac Lieu,2023-06-27,9.568679976832193
Bac Lieu,2023-06-28,5.222339537152706
Bac Lieu,2023-06-29,1.4856082471451673
Bac Lieu,2023-06-30,6.95641601841405
Bac Lieu,2023-07-01,20.52433321380616
Bac Lieu,2023-07-02,4.002669430201909
Bac Lieu,2023-07-03,17.37550077299802
Bac Lieu,2023-07-04,2.0928743454015493
Bac Lieu,2023-07-05,12.701616075569737
Bac Lieu,2023-07-06,6.285518191823417
Bac Lieu,2023-07-07,3.3075439938284315
Bac Lieu,2023-07-08,3.4104822553598657
Bac Lieu,2023-07-09,0.21436807896955962
Bac Lieu,2023-07-10,2.3179642666780733
Bac Lieu,2023-07-11,3.452682703513022
Bac Lieu,2023-07-12,6.2618310526811864
Bac Lieu,2023-07-13,16.815737152279556
Bac Lieu,2023-07-14,0.9399496405709467
Bac Lieu,2023-07-15,0.43314891834978797
Bac Lieu,2023-07-16,45.673323110904334
Bac Lieu,2023-07-17,43.80426585726468
Bac Lieu,2023-07-18,29.126798406924845
Bac Lieu,2023-07-19,31.692033597514328
Bac Lieu,2023-07-20,1.2939463282531165
Bac Lieu,2023-07-21,4.032976361544629
Bac Lieu,2023-07-22,4.24331419406747
Bac Lieu,2023-07-23,6.400351657201659
Bac Lieu,2023-07-24,22.265943841970202
Bac Lieu,2023-07-25,25.152882947921768
Bac Lieu,2023-07-26,3.4652328122156986
Bac Lieu,2023-07-27,34.73996720396801
Bac Lieu,2023-07-28,32.2737323707005
Bac Lieu,2023-07-29,35.5936120488149
Bac Lieu,2023-07-30,28.861649402546448
Bac Lieu,2023-07-31,9.446763016034975
Bac Lieu,2023-08-01,0.5623588556838488
Bac Lieu,2023-08-02,8.14657294211298
Bac Lieu,2023-08-03,0.11311520223797496
Bac Lieu,2023-08-04,0.4846340011380755
Bac Lieu,2023-08-05,0.3907939777014391
Bac Lieu,2023-08-06,2.769394121412962
Bac Lieu,2023-08-07,0
Bac Lieu,2023-08-08,0.2880427179876364
Bac Lieu,2023-08-09,0
Bac Lieu,2023-08-10,0
Bac Lieu,2023-08-11,0
Bac Lieu,2023-08-12,0.33027881924611224
Bac Lieu,2023-08-13,25.282385152348944
Bac Lieu,2023-08-14,21.651958963142256
Bac Lieu,2023-08-15,3.537782040937891
Bac Lieu,2023-08-16,4.568913005217068
Bac Lieu,2023-08-17,0
Bac Lieu,2023-08-18,15.916369584605384
Bac Lieu,2023-08-19,56.89299944636509
Bac Lieu,2023-08-20,12.098661300299302
Bac Lieu,2023-08-21,1.0473701220458411
Bac Lieu,2023-08-22,14.61586250227803
Bac Lieu,2023-08-23,0.10359550229558408
Bac Lieu,2023-08-24,0
Bac Lieu,2023-08-25,5.613447458105269
Bac Lieu,2023-08-26,9.929867808207025
Bac Lieu,2023-08-27,4.48300276787776
Bac Lieu,2023-08-28,13.733680358274933
Bac Lieu,2023-08-29,10.706007715666072
Bac Lieu,2023-08-30,8.553674977554467
Bac Lieu,2023-08-31,13.962377224292398
Bac Lieu,2023-09-01,26.669802492753522
Bac Lieu,2023-09-02,27.32993302543209
Bac Lieu,2023-09-03,16.657385235498545
Bac Lieu,2023-09-04,18.10983662211221
Bac Lieu,2023-09-05,5.122103870445828
Bac Lieu,2023-09-06,6.712569767969961
Bac Lieu,2023-09-07,14.770784964255565
Bac Lieu,2023-09-08,15.448328828019918
Bac Lieu,2023-09-09,12.797910469630983
Bac Lieu,2023-09-10,5.536710435237526
Bac Lieu,2023-09-11,0
Bac Lieu,2023-09-12,5.7282362268195985
Bac Lieu,2023-09-13,12.287156104699623
Bac Lieu,2023-09-14,21.754200971927283
Bac Lieu,2023-09-15,1.2609803794644918
Bac Lieu,2023-09-16,1.1111529666432796
Bac Lieu,2023-09-17,7.352343474433109
Bac Lieu,2023-09-18,1.2597760306304358
Bac Lieu,2023-09-19,17.458400565651235
Bac Lieu,2023-09-20,0.7978275115355007
Bac Lieu,2023-09-21,6.547699525491249
Bac Lieu,2023-09-22,13.399531681834533
Bac Lieu,2023-09-23,12.410191666081275
Bac Lieu,2023-09-24,20.563069484350823
Bac Lieu,2023-09-25,18.621808200908163
Bac Lieu,2023-09-26,23.739164810396595
Bac Lieu,2023-09-27,8.661225047363425
Bac Lieu,2023-09-28,0.23860450856190812
Bac Lieu,2023-09-29,12.265509865742807
Bac Lieu,2023-09-30,2.800134066419782
Bac Lieu,2023-10-01,35.73939324375369
Bac Lieu,2023-10-02,30.82982367252855
Bac Lieu,2023-10-03,5.92098545196821
Bac Lieu,2023-10-04,4.449709182163455
Bac Lieu,2023-10-05,6.49590530553854
Bac Lieu,2023-10-06,0
Bac Lieu,2023-10-07,2.1824701260530732
Bac Lieu,2023-10-08,11.157979177996802
Bac Lieu,2023-10-09,0.029373493014641535
Bac Lieu,2023-10-10,4.384055456530373
Bac Lieu,2023-10-11,2.7734908485862455
Bac Lieu,2023-10-12,4.1419753328179425
Bac Lieu,2023-10-13,5.405608471681488
Bac Lieu,2023-10-14,11.593008065619559
Bac Lieu,2023-10-15,10.503234930128425
Bac Lieu,2023-10-16,20.44866856609201
Bac Lieu,2023-10-17,1.5515120325988199
Bac Lieu,2023-10-18,0
Bac Lieu,2023-10-19,11.440512546611286
Bac Lieu,2023-10-20,0.5223324626526744
Bac Lieu,2023-10-21,11.8556333267104
Bac Lieu,2023-10-22,2.1127162352328037
Bac Lieu,2023-10-23,7.658145025577188
Bac Lieu,2023-10-24,0
Bac Lieu,2023-10-25,1.5904717967375275
Bac Lieu,2023-10-26,1.1895296630499501
Bac Lieu,2023-10-27,5.275803108719161
Bac Lieu,2023-10-28,20.524738794578713
Bac Lieu,2023-10-29,13.58730014264809
Bac Lieu,2023-10-30,12.605563514529537
Bac Lieu,2023-10-31,4.564691374868718
Bac Lieu,2023-11-01,6.5464265095332905
Bac Lieu,2023-11-02,13.1693119957762
Bac Lieu,2023-11-03,14.473154005302577
Bac Lieu,2023-11-04,1.0123201563853141
Bac Lieu,2023-11-05,0.9245627528856387
Bac Lieu,2023-11-06,1.49087399342375
Bac Lieu,2023-11-07,4.565275524607245
Bac Lieu,2023-11-08,1.1692079325262108
Bac Lieu,2023-11-09,18.192269854419635
Bac Lieu,2023-11-10,11.92905978240607
Bac Lieu,2023-11-11,22.09379559326172
Bac Lieu,2023-11-12,0.44111782714555864
Bac Lieu,2023-11-13,12.440481472105356
Bac Lieu,2023-11-14,14.5292490193349
Bac Lieu,2023-11-15,1.1461918629340409
Bac Lieu,2023-11-16,24.671615593460388
Bac Lieu,2023-11-17,1.2580642913602436
Bac Lieu,2023-11-18,0.17259267180820687
Bac Lieu,2023-11-19,5.844514250539384
Bac Lieu,2023-11-20,0.1522753069895619
Bac Lieu,2023-11-21,0.3603843849020185
Bac Lieu,2023-11-22,2.1456952475241904
Bac Lieu,2023-11-23,11.012742652596167
Bac Lieu,2023-11-24,3.132929674337496
Bac Lieu,2023-11-25,13.534302850633297
Bac Lieu,2023-11-26,10.209925470433149
Bac Lieu,2023-11-27,0.32704467557511246
Bac Lieu,2023-11-28,4.667882732247408
Bac Lieu,2023-11-29,0.45790959772973705
Bac Lieu,2023-11-30,0.22286428440741776
Bac Lieu,2023-12-01,0.06057713958452334
Bac Lieu,2023-12-02,24.74861823261909
Bac Lieu,2023-12-03,0.077410326543844
Bac Lieu,2023-12-04,0.9704515273705971
Bac Lieu,2023-12-05,5.334399636070685
Bac Lieu,2023-12-06,0.04406153515149963
Bac Lieu,2023-12-07,4.315643945577011
Bac Lieu,2023-12-08,0.01148205781432818
Bac Lieu,2023-12-09,0
Bac Lieu,2023-12-10,0
Bac Lieu,2023-12-11,0
Bac Lieu,2023-12-12,0
Bac Lieu,2023-12-13,0
Bac Lieu,2023-12-14,0.06881001688399407
Bac Lieu,2023-12-15,0
Bac Lieu,2023-12-16,0
Bac Lieu,2023-12-17,0
Bac Lieu,2023-12-18,0
Bac Lieu,2023-12-19,0
Bac Lieu,2023-12-20,0.04077647496169469
Bac Lieu,2023-12-21,0
Bac Lieu,2023-12-22,0
Bac Lieu,2023-12-23,0.047194091041133104
Bac Lieu,2023-12-24,0.41299820089340217
Bac Lieu,2023-12-25,0
Bac Lieu,2023-12-26,0
Bac Lieu,2023-12-27,0
Bac Lieu,2023-12-28,0
Bac Lieu,2023-12-29,0
Bac Lieu,2023-12-30,0
Bac Lieu,2023-12-31,0
Bac Lieu,2024-01-01,0.23497837370746547
Bac Lieu,2024-01-02,0
Bac Lieu,2024-01-03,0.2948665342285949
Bac Lieu,2024-01-04,0
Bac Lieu,2024-01-05,3.9432074539211577
Bac Lieu,2024-01-06,0.7535715559023733
Bac Lieu,2024-01-07,0
Bac Lieu,2024-01-08,2.299292949532563
Bac Lieu,2024-01-09,0.2794402466450098
Bac Lieu,2024-01-10,0
Bac Lieu,2024-01-11,0.45714997616803876
Bac Lieu,2024-01-12,0
Bac Lieu,2024-01-13,0
Bac Lieu,2024-01-14,0.26103607852503946
Bac Lieu,2024-01-15,0.06254542758329862
Bac Lieu,2024-01-16,0.8295907410473194
Bac Lieu,2024-01-17,0.11097239641873345
Bac Lieu,2024-01-18,0
Bac Lieu,2024-01-19,0
Bac Lieu,2024-01-20,1.1516519755035082
Bac Lieu,2024-01-21,0
Bac Lieu,2024-01-22,0
Bac Lieu,2024-01-23,0
Bac Lieu,2024-01-24,0
Bac Lieu,2024-01-25,0
Bac Lieu,2024-01-26,0
Bac Lieu,2024-01-27,0.12606508534809333
Bac Lieu,2024-01-28,0
Bac Lieu,2024-01-29,0
Bac Lieu,2024-01-30,0
Bac Lieu,2024-01-31,0
Bac Lieu,2024-02-01,0
Bac Lieu,2024-02-02,0
Bac Lieu,2024-02-03,0
Bac Lieu,2024-02-04,0
Bac Lieu,2024-02-05,0.017065336263404708
Bac Lieu,2024-02-06,0
Bac Lieu,2024-02-07,0
Bac Lieu,2024-02-08,0
Bac Lieu,2024-02-09,0
Bac Lieu,2024-02-10,0
Bac Lieu,2024-02-11,0
Bac Lieu,2024-02-12,0
Bac Lieu,2024-02-13,0
Bac Lieu,2024-02-14,0
Bac Lieu,2024-02-15,0
Bac Lieu,2024-02-16,0
Bac Lieu,2024-02-17,0
Bac Lieu,2024-02-18,0.04924595170650843
Bac Lieu,2024-02-19,0
Bac Lieu,2024-02-20,0
Bac Lieu,2024-02-21,0
Bac Lieu,2024-02-22,0
Bac Lieu,2024-02-23,0
Bac Lieu,2024-02-24,0
Bac Lieu,2024-02-25,0
Bac Lieu,2024-02-26,0
Bac Lieu,2024-02-27,0.030976965247460138
Bac Lieu,2024-02-28,0
Bac Lieu,2024-02-29,0
Bac Lieu,2024-03-01,0.1950829335563588
Bac Lieu,2024-03-02,0.04145362115356159
Bac Lieu,2024-03-03,0.14411191430631676
Bac Lieu,2024-03-04,0
Bac Lieu,2024-03-05,0.023431133819076258
Bac Lieu,2024-03-06,0.3461286555056303
Bac Lieu,2024-03-07,0.6660124727105198
Bac Lieu,2024-03-08,0
Bac Lieu,2024-03-09,5.686394421937333
Bac Lieu,2024-03-10,0.5634456102983009
Bac Lieu,2024-03-11,0
Bac Lieu,2024-03-12,0
Bac Lieu,2024-03-13,0
Bac Lieu,2024-03-14,0
Bac Lieu,2024-03-15,0
Bac Lieu,2024-03-16,0
Bac Lieu,2024-03-17,0
Bac Lieu,2024-03-18,0
Bac Lieu,2024-03-19,0
Bac Lieu,2024-03-20,0.04370110360181558
Bac Lieu,2024-03-21,0
Bac Lieu,2024-03-22,0
Bac Lieu,2024-03-23,0
Bac Lieu,2024-03-24,0
Bac Lieu,2024-03-25,0
Bac Lieu,2024-03-26,0
Bac Lieu,2024-03-27,0
Bac Lieu,2024-03-28,0.5552863675873235
Bac Lieu,2024-03-29,0
Bac Lieu,2024-03-30,0
Bac Lieu,2024-03-31,2.2475564740108998
Bac Lieu,2024-04-01,1.2264724385423482
Bac Lieu,2024-04-02,1.1670277003972038
Bac Lieu,2024-04-03,0
Bac Lieu,2024-04-04,0
Bac Lieu,2024-04-05,0
Bac Lieu,2024-04-06,0
Bac Lieu,2024-04-07,0
Bac Lieu,2024-04-08,0.5261750987700698
Bac Lieu,2024-04-09,0.8497300888457392
Bac Lieu,2024-04-10,0
Bac Lieu,2024-04-11,1.4210274667042613
Bac Lieu,2024-04-12,0.001288271396276716
Bac Lieu,2024-04-13,0.4057286182090922
Bac Lieu,2024-04-14,0.009122798768718793
Bac Lieu,2024-04-15,6.430966697675072e-07
Bac Lieu,2024-04-16,0.0848762400195284
Bac Lieu,2024-04-17,0
Bac Lieu,2024-04-18,0
Bac Lieu,2024-04-19,0
Bac Lieu,2024-04-20,0
Bac Lieu,2024-04-21,0
Bac Lieu,2024-04-22,0
Bac Lieu,2024-04-23,0
Bac Lieu,2024-04-24,0
Bac Lieu,2024-04-25,0.07331669703969418
Bac Lieu,2024-04-26,1.0617749966585412
Bac Lieu,2024-04-27,0
Bac Lieu,2024-04-28,1.4792118946831188
Bac Lieu,2024-04-29,0
Bac Lieu,2024-04-30,0.12419354391997718
Bac Lieu,2024-05-01,0
Bac Lieu,2024-05-02,0
Bac Lieu,2024-05-03,2.00616959877734
Bac Lieu,2024-05-04,10.413869641340007
Bac Lieu,2024-05-05,8.53365496988117
Bac Lieu,2024-05-06,0.11636322089861027
Bac Lieu,2024-05-07,0.5344998036150664
Bac Lieu,2024-05-08,20.854694825118443
Bac Lieu,2024-05-09,5.9251759041840195
Bac Lieu,2024-05-10,12.95839307372975
Bac Lieu,2024-05-11,1.0020801185391985
Bac Lieu,2024-05-12,0
Bac Lieu,2024-05-13,4.753474818733506
Bac Lieu,2024-05-14,3.2961914846312332
Bac Lieu,2024-05-15,13.933271359281724
Bac Lieu,2024-05-16,17.728457380222828
Bac Lieu,2024-05-17,16.403316109315412
Bac Lieu,2024-05-18,2.687652018655023
Bac Lieu,2024-05-19,6.05919746896456
Bac Lieu,2024-05-20,10.419530770157873
Bac Lieu,2024-05-21,4.625298411837165
Bac Lieu,2024-05-22,9.703854108342588
Bac Lieu,2024-05-23,10.967246335785346
Bac Lieu,2024-05-24,0.2140550643632997
Bac Lieu,2024-05-25,0
Bac Lieu,2024-05-26,0.08078570549443084
Bac Lieu,2024-05-27,8.81997203661361
Bac Lieu,2024-05-28,17.62701915830937
Bac Lieu,2024-05-29,17.365092425148447
Bac Lieu,2024-05-30,16.219234483394985
Bac Lieu,2024-05-31,13.957518997210377
Bac Lieu,2024-06-01,8.551769457763099
Bac Lieu,2024-06-02,6.247322112389334
Bac Lieu,2024-06-03,9.100596677492254
Bac Lieu,2024-06-04,0.5532699105424703
Bac Lieu,2024-06-05,10.148740961110821
Bac Lieu,2024-06-06,9.213571685862995
Bac Lieu,2024-06-07,19.837709005463804
Bac Lieu,2024-06-08,19.689057484752734
Bac Lieu,2024-06-09,0.010907692837265306
Bac Lieu,2024-06-10,1.426493271611772
Bac Lieu,2024-06-11,3.812336649219945
Bac Lieu,2024-06-12,4.483639968107333
Bac Lieu,2024-06-13,4.915034383422924
Bac Lieu,2024-06-14,4.79589726199744
Bac Lieu,2024-06-15,18.650008330543095
Bac Lieu,2024-06-16,1.178737685509448
Bac Lieu,2024-06-17,0.007307604087973542
Bac Lieu,2024-06-18,16.60239992224496
Bac Lieu,2024-06-19,16.4291492881595
Bac Lieu,2024-06-20,42.45482247845633
Bac Lieu,2024-06-21,32.48945050818966
Bac Lieu,2024-06-22,14.674594871323063
Bac Lieu,2024-06-23,10.244157579799868
Bac Lieu,2024-06-24,28.388284461435287
Bac Lieu,2024-06-25,0
Bac Lieu,2024-06-26,10.406943651775144
Bac Lieu,2024-06-27,7.170857993584761
Bac Lieu,2024-06-28,3.004021315700604
Bac Lieu,2024-06-29,0
Bac Lieu,2024-06-30,1.8866279775961399
Bac Lieu,2024-07-01,5.858777814370282
Bac Lieu,2024-07-02,36.43721466546691
Bac Lieu,2024-07-03,21.180759393692025
Bac Lieu,2024-07-04,2.9760700917153997
Bac Lieu,2024-07-05,0.6145088045372155
Bac Lieu,2024-07-06,0.6223099448815833
Bac Lieu,2024-07-07,12.762120339807476
Bac Lieu,2024-07-08,10.948982634463404
Bac Lieu,2024-07-09,4.9769696597963025
Bac Lieu,2024-07-10,14.11649683542072
Bac Lieu,2024-07-11,9.684453879230428
Bac Lieu,2024-07-12,2.9404671298512874
Bac Lieu,2024-07-13,12.970821138417953
Bac Lieu,2024-07-14,7.5760590388280065
Bac Lieu,2024-07-15,32.72156249971211
Bac Lieu,2024-07-16,12.452850708295715
Bac Lieu,2024-07-17,18.18302796612146
Bac Lieu,2024-07-18,39.237854355794084
Bac Lieu,2024-07-19,6.603239501629238
Bac Lieu,2024-07-20,23.38524303591027
Bac Lieu,2024-07-21,17.26497355013074
Bac Lieu,2024-07-22,25.84244229896115
Bac Lieu,2024-07-23,0
Bac Lieu,2024-07-24,6.742025130199939
Bac Lieu,2024-07-25,29.18993875406375
Bac Lieu,2024-07-26,33.71265771419598
Bac Lieu,2024-07-27,20.439323343061055
Bac Lieu,2024-07-28,1.0705563110135639
Bac Lieu,2024-07-29,0
Bac Lieu,2024-07-30,8.21793038213478
Bac Lieu,2024-07-31,16.631920716303704
Bac Lieu,2024-08-01,7.162732397241415
Bac Lieu,2024-08-02,27.137650486640236
Bac Lieu,2024-08-03,11.898034662066769
Bac Lieu,2024-08-04,17.503428939279527
Bac Lieu,2024-08-05,9.417488194213727
Bac Lieu,2024-08-06,7.627315147453887
Bac Lieu,2024-08-07,1.8704638585504503
Bac Lieu,2024-08-08,0
Bac Lieu,2024-08-09,0.005349391775311166
Bac Lieu,2024-08-10,3.748164568109334
Bac Lieu,2024-08-11,10.021019450781482
Bac Lieu,2024-08-12,1.4262103907387214
Bac Lieu,2024-08-13,14.120859152487997
Bac Lieu,2024-08-14,1.5212746615859702
Bac Lieu,2024-08-15,2.2626192179266016
Bac Lieu,2024-08-16,1.8830652422994942
Bac Lieu,2024-08-17,2.303964121980488
Bac Lieu,2024-08-18,0
Bac Lieu,2024-08-19,0.4053273298155588
Bac Lieu,2024-08-20,0
Bac Lieu,2024-08-21,6.494735952503278
Bac Lieu,2024-08-22,5.178252681102394
Bac Lieu,2024-08-23,7.799820059488406
Bac Lieu,2024-08-24,6.760791731600492
Bac Lieu,2024-08-25,11.388730823696788
Bac Lieu,2024-08-26,16.201690229343928
Bac Lieu,2024-08-27,17.913652020364445
Bac Lieu,2024-08-28,41.710183473838974
Bac Lieu,2024-08-29,22.49343288903866
Bac Lieu,2024-08-30,10.293571517332545
Bac Lieu,2024-08-31,9.701261407456311
Bac Lieu,2024-09-01,37.80570287099875
Bac Lieu,2024-09-02,1.5337597179412847
Bac Lieu,2024-09-03,13.058158908394152
Bac Lieu,2024-09-04,34.576721801973754
Bac Lieu,2024-09-05,26.6134040813806
Bac Lieu,2024-09-06,22.342100210513717
Bac Lieu,2024-09-07,15.640601201147406
Bac Lieu,2024-09-08,6.106804161179742
Bac Lieu,2024-09-09,0
Bac Lieu,2024-09-10,40.34180235765566
Bac Lieu,2024-09-11,17.04437049646199
Bac Lieu,2024-09-12,25.900343035931858
Bac Lieu,2024-09-13,16.374310844097497
Bac Lieu,2024-09-14,37.90390301672018
Bac Lieu,2024-09-15,30.63836191152178
Bac Lieu,2024-09-16,16.77561985919161
Bac Lieu,2024-09-17,11.292778904932854
Bac Lieu,2024-09-18,19.45211703133134
Bac Lieu,2024-09-19,4.54598915157678
Bac Lieu,2024-09-20,20.063470496195674
Bac Lieu,2024-09-21,21.97086100851815
Bac Lieu,2024-09-22,12.020232914222863
Bac Lieu,2024-09-23,7.741668844942779
Bac Lieu,2024-09-24,17.009034949194714
Bac Lieu,2024-09-25,2.9777879557159714
Bac Lieu,2024-09-26,7.745492451613806
Bac Lieu,2024-09-27,0.1570626260469545
Bac Lieu,2024-09-28,1.047033043663457
Bac Lieu,2024-09-29,5.657489923981002
Bac Lieu,2024-09-30,2.09062160868015
Bac Lieu,2024-10-01,8.667926972623144
Bac Lieu,2024-10-02,2.768309478022018
Bac Lieu,2024-10-03,11.919774331308764
Bac Lieu,2024-10-04,12.248914913789283
Bac Lieu,2024-10-05,15.717303994412696
Bac Lieu,2024-10-06,10.03051028161679
Bac Lieu,2024-10-07,9.782519067044532
Bac Lieu,2024-10-08,30.16652218613535
Bac Lieu,2024-10-09,15.027998010329489
Bac Lieu,2024-10-10,29.357572879071512
Bac Lieu,2024-10-11,2.3866769819259654
Bac Lieu,2024-10-12,11.12037507530429
Bac Lieu,2024-10-13,9.895927064895634
Bac Lieu,2024-10-14,16.359501957227604
Bac Lieu,2024-10-15,24.149782112157567
Bac Lieu,2024-10-16,30.133594445282565
Bac Lieu,2024-10-17,19.911639770543808
Bac Lieu,2024-10-18,4.962719758231687
Bac Lieu,2024-10-19,9.03495103504973
Bac Lieu,2024-10-20,17.822572519086446
Bac Lieu,2024-10-21,19.192985135204395
Bac Lieu,2024-10-22,26.280801967656846
Bac Lieu,2024-10-23,4.457659416774535
Bac Lieu,2024-10-24,7.482176475470921
Bac Lieu,2024-10-25,0
Bac Lieu,2024-10-26,16.795039956200803
Bac Lieu,2024-10-27,18.07418854673854
Bac Lieu,2024-10-28,8.754680762758797
Bac Lieu,2024-10-29,8.13715256644195
Bac Lieu,2024-10-30,0.7291059298965168
Bac Lieu,2024-10-31,0.05189336974665805
Bac Lieu,2024-11-01,19.473977178897503
Bac Lieu,2024-11-02,33.229789192559586
Bac Lieu,2024-11-03,18.206749413652243
Bac Lieu,2024-11-04,45.108122331583274
Bac Lieu,2024-11-05,7.163366677374213
Bac Lieu,2024-11-06,1.608378891827926
Bac Lieu,2024-11-07,1.5405752178588008
Bac Lieu,2024-11-08,0.8785296476292161
Bac Lieu,2024-11-09,0.6348368550516527
Bac Lieu,2024-11-10,0
Bac Lieu,2024-11-11,0
Bac Lieu,2024-11-12,0.050151392576829455
Bac Lieu,2024-11-13,0
Bac Lieu,2024-11-14,0
Bac Lieu,2024-11-15,0
Bac Lieu,2024-11-16,0
Bac Lieu,2024-11-17,0
Bac Lieu,2024-11-18,0
Bac Lieu,2024-11-19,0
Bac Lieu,2024-11-20,0
Bac Lieu,2024-11-21,0
Bac Lieu,2024-11-22,0.7358322856111349
Bac Lieu,2024-11-23,0.2140367778742089
Bac Lieu,2024-11-24,0
Bac Lieu,2024-11-25,5.322962690245431
Bac Lieu,2024-11-26,5.9159193789464135
Bac Lieu,2024-11-27,4.144302613528271
Bac Lieu,2024-11-28,7.209665922632761
Bac Lieu,2024-11-29,22.814053307443302
Bac Lieu,2024-11-30,1.3606369896654817
Bac Lieu,2024-12-01,0.14290437039789167
Bac Lieu,2024-12-02,4.424358095115087
Bac Lieu,2024-12-03,11.74189127000773
Bac Lieu,2024-12-04,16.357473260159765
Bac Lieu,2024-12-05,0
Bac Lieu,2024-12-06,0
Bac Lieu,2024-12-07,0
Bac Lieu,2024-12-08,2.036580952468909
Bac Lieu,2024-12-09,3.0102247742122086
Bac Lieu,2024-12-10,8.58050426033308
Bac Lieu,2024-12-11,8.580439870240555
Bac Lieu,2024-12-12,5.028558934544619
Bac Lieu,2024-12-13,14.103322877236138
Bac Lieu,2024-12-14,7.020023270696964
Bac Lieu,2024-12-15,0.1975270309538212
Bac Lieu,2024-12-16,0
Bac Lieu,2024-12-17,0
Bac Lieu,2024-12-18,0
Bac Lieu,2024-12-19,0
Bac Lieu,2024-12-20,0.9001679071120497
Bac Lieu,2024-12-21,0.8609634599145854
Bac Lieu,2024-12-22,0
Bac Lieu,2024-12-23,0
Bac Lieu,2024-12-24,0
Bac Lieu,2024-12-25,0.022334291844997772
Bac Lieu,2024-12-26,12.593677377970716
Bac Lieu,2024-12-27,0
Bac Lieu,2024-12-28,0
Bac Lieu,2024-12-29,0
Bac Lieu,2024-12-30,0
Bac Lieu,2024-12-31,0.4682884836916655
Ca Mau,2019-01-01,4.969412864536104
Ca Mau,2019-01-02,12.638388869227644
Ca Mau,2019-01-03,6.951047509485249
Ca Mau,2019-01-04,3.760885697696021
Ca Mau,2019-01-05,0
Ca Mau,2019-01-06,0.00016597191270490373
Ca Mau,2019-01-07,0
Ca Mau,2019-01-08,0
Ca Mau,2019-01-09,0
Ca Mau,2019-01-10,0
Ca Mau,2019-01-11,0
Ca Mau,2019-01-12,0.00015077571482583437
Ca Mau,2019-01-13,0
Ca Mau,2019-01-14,0
Ca Mau,2019-01-15,1.0079869083573698
Ca Mau,2019-01-16,0.025276457339056757
Ca Mau,2019-01-17,0.08762708191445694
Ca Mau,2019-01-18,0
Ca Mau,2019-01-19,0
Ca Mau,2019-01-20,0
Ca Mau,2019-01-21,0
Ca Mau,2019-01-22,0
Ca Mau,2019-01-23,0.0440885044044242
Ca Mau,2019-01-24,0
Ca Mau,2019-01-25,0
Ca Mau,2019-01-26,0
Ca Mau,2019-01-27,0
Ca Mau,2019-01-28,0
Ca Mau,2019-01-29,0
Ca Mau,2019-01-30,0
Ca Mau,2019-01-31,0
Ca Mau,2019-02-01,0.02260353625667572
Ca Mau,2019-02-02,0
Ca Mau,2019-02-03,0
Ca Mau,2019-02-04,0
Ca Mau,2019-02-05,0
Ca Mau,2019-02-06,0
Ca Mau,2019-02-07,0
Ca Mau,2019-02-08,0
Ca Mau,2019-02-09,0
Ca Mau,2019-02-10,0.06201530976768275
Ca Mau,2019-02-11,0.12089745561618187
Ca Mau,2019-02-12,0
Ca Mau,2019-02-13,0
Ca Mau,2019-02-14,0
Ca Mau,2019-02-15,0
Ca Mau,2019-02-16,0.002238550778600009
Ca Mau,2019-02-17,0
Ca Mau,2019-02-18,0
Ca Mau,2019-02-19,0
Ca Mau,2019-02-20,0
Ca Mau,2019-02-21,0
Ca Mau,2019-02-22,0.024562316215816702
Ca Mau,2019-02-23,0
Ca Mau,2019-02-24,0
Ca Mau,2019-02-25,0
Ca Mau,2019-02-26,0
Ca Mau,2019-02-27,0.0027317921152426234
Ca Mau,2019-02-28,0
Ca Mau,2019-03-01,1.1477031218520897
Ca Mau,2019-03-02,0
Ca Mau,2019-03-03,0
Ca Mau,2019-03-04,0
Ca Mau,2019-03-05,0
Ca Mau,2019-03-06,0
Ca Mau,2019-03-07,0.007486794292566426
Ca Mau,2019-03-08,0.03863016533087648
Ca Mau,2019-03-09,0
Ca Mau,2019-03-10,0.14068580588197488
Ca Mau,2019-03-11,0
Ca Mau,2019-03-12,0
Ca Mau,2019-03-13,0.06923016335954836
Ca Mau,2019-03-14,0.4744459839747205
Ca Mau,2019-03-15,0
Ca Mau,2019-03-16,0
Ca Mau,2019-03-17,0
Ca Mau,2019-03-18,0.00019859429336228432
Ca Mau,2019-03-19,0
Ca Mau,2019-03-20,0
Ca Mau,2019-03-21,1.2134738519220216
Ca Mau,2019-03-22,0.2548620468715011
Ca Mau,2019-03-23,0.3718662604491398
Ca Mau,2019-03-24,1.283648770883626
Ca Mau,2019-03-25,0
Ca Mau,2019-03-26,1.1110617550047168
Ca Mau,2019-03-27,0
Ca Mau,2019-03-28,0
Ca Mau,2019-03-29,4.449836450312492
Ca Mau,2019-03-30,0.42631042304988226
Ca Mau,2019-03-31,0.18961928497454858
Ca Mau,2019-04-01,0.0002031931845063599
Ca Mau,2019-04-02,0
Ca Mau,2019-04-03,0
Ca Mau,2019-04-04,0.8859950833409993
Ca Mau,2019-04-05,0.6315992794741744
Ca Mau,2019-04-06,0
Ca Mau,2019-04-07,0
Ca Mau,2019-04-08,0
Ca Mau,2019-04-09,0
Ca Mau,2019-04-10,0
Ca Mau,2019-04-11,8.321802287383917
Ca Mau,2019-04-12,0
Ca Mau,2019-04-13,0
Ca Mau,2019-04-14,0
Ca Mau,2019-04-15,0.5938045391959322
Ca Mau,2019-04-16,0
Ca Mau,2019-04-17,0.6242804491561372
Ca Mau,2019-04-18,1.2129968682702685
Ca Mau,2019-04-19,0
Ca Mau,2019-04-20,1.1710472693880787
Ca Mau,2019-04-21,0.0063175220138592635
Ca Mau,2019-04-22,0.3833567110456368
Ca Mau,2019-04-23,2.5731263069487764
Ca Mau,2019-04-24,0.03973429266254392
Ca Mau,2019-04-25,0.3255520625592943
Ca Mau,2019-04-26,0
Ca Mau,2019-04-27,10.313290477353084
Ca Mau,2019-04-28,14.961232825546128
Ca Mau,2019-04-29,0
Ca Mau,2019-04-30,4.52758096042737
Ca Mau,2019-05-01,3.8279432539784217
Ca Mau,2019-05-02,15.235732927224737
Ca Mau,2019-05-03,10.416487292932779
Ca Mau,2019-05-04,3.436309303264017
Ca Mau,2019-05-05,4.764107681936986
Ca Mau,2019-05-06,5.146805247604993
Ca Mau,2019-05-07,2.287782396801367
Ca Mau,2019-05-08,2.2579979887986714
Ca Mau,2019-05-09,13.630800059864786
Ca Mau,2019-05-10,14.455637786433806
Ca Mau,2019-05-11,12.83404799452573
Ca Mau,2019-05-12,10.815222041179158
Ca Mau,2019-05-13,0.5456254273256629
Ca Mau,2019-05-14,3.2936982351750554
Ca Mau,2019-05-15,2.5937506542862048
Ca Mau,2019-05-16,3.9841120282667806
Ca Mau,2019-05-17,0.37328181517599873
Ca Mau,2019-05-18,6.627604906547462
Ca Mau,2019-05-19,9.758815055805407
Ca Mau,2019-05-20,3.7507441328228106
Ca Mau,2019-05-21,9.57519779140817
Ca Mau,2019-05-22,15.309797397304557
Ca Mau,2019-05-23,0.3813770679619611
Ca Mau,2019-05-24,1.904646331865562
Ca Mau,2019-05-25,6.535567147055916
Ca Mau,2019-05-26,6.106625030990669
Ca Mau,2019-05-27,13.142283855301153
Ca Mau,2019-05-28,5.272942544854144
Ca Mau,2019-05-29,6.246405859807782
Ca Mau,2019-05-30,6.053916506180958
Ca Mau,2019-05-31,1.1991027408834674
Ca Mau,2019-06-01,0.97027937517453
Ca Mau,2019-06-02,3.8979947118689977
Ca Mau,2019-06-03,18.73774922623817
Ca Mau,2019-06-04,11.291425002169014
Ca Mau,2019-06-05,13.77243895935933
Ca Mau,2019-06-06,12.79755569808861
Ca Mau,2019-06-07,11.263727832797288
Ca Mau,2019-06-08,10.01936120961533
Ca Mau,2019-06-09,34.50253031351475
Ca Mau,2019-06-10,14.46970739682288
Ca Mau,2019-06-11,3.541371191247055
Ca Mau,2019-06-12,5.70867812788923
Ca Mau,2019-06-13,8.477584453220814
Ca Mau,2019-06-14,13.249213402268749
Ca Mau,2019-06-15,4.233875863814895
Ca Mau,2019-06-16,26.99455977316854
Ca Mau,2019-06-17,19.872751198718035
Ca Mau,2019-06-18,1.3598689120600709
Ca Mau,2019-06-19,0
Ca Mau,2019-06-20,18.31531570156296
Ca Mau,2019-06-21,22.08782280840999
Ca Mau,2019-06-22,32.102587235828004
Ca Mau,2019-06-23,1.9669096190324724
Ca Mau,2019-06-24,1.8128455690363878
Ca Mau,2019-06-25,15.516477926565562
Ca Mau,2019-06-26,18.560212651287923
Ca Mau,2019-06-27,7.832207836535061
Ca Mau,2019-06-28,38.88007571313085
Ca Mau,2019-06-29,1.2807176611515751
Ca Mau,2019-06-30,0
Ca Mau,2019-07-01,15.00101000439047
Ca Mau,2019-07-02,22.47586408352982
Ca Mau,2019-07-03,18.675565890625506
Ca Mau,2019-07-04,9.53302234285562
Ca Mau,2019-07-05,1.424716844947552
Ca Mau,2019-07-06,2.5757919967021383
Ca Mau,2019-07-07,1.0749773309107744
Ca Mau,2019-07-08,1.0188067242989665
Ca Mau,2019-07-09,2.341947924227488
Ca Mau,2019-07-10,0
Ca Mau,2019-07-11,1.6638407655366612
Ca Mau,2019-07-12,0
Ca Mau,2019-07-13,1.4602772936297017
Ca Mau,2019-07-14,0.6051096148662802
Ca Mau,2019-07-15,3.069141453138792
Ca Mau,2019-07-16,21.840123263188847
Ca Mau,2019-07-17,22.743865622520598
Ca Mau,2019-07-18,2.1283082912575817
Ca Mau,2019-07-19,9.32119781040602
Ca Mau,2019-07-20,2.0404810899285275
Ca Mau,2019-07-21,0.0019757060430934965
Ca Mau,2019-07-22,12.408976744698249
Ca Mau,2019-07-23,10.934487382673012
Ca Mau,2019-07-24,13.349525573977617
Ca Mau,2019-07-25,5.729707109974981
Ca Mau,2019-07-26,0.21664389107993476
Ca Mau,2019-07-27,6.650596528988621
Ca Mau,2019-07-28,7.0379204632131085
Ca Mau,2019-07-29,8.890656761870135
Ca Mau,2019-07-30,4.745114916554929
Ca Mau,2019-07-31,10.378354909815164
Ca Mau,2019-08-01,19.853339652349547
Ca Mau,2019-08-02,33.744893516854205
Ca Mau,2019-08-03,17.583586894822606
Ca Mau,2019-08-04,26.70860394040865
Ca Mau,2019-08-05,45.05684092707547
Ca Mau,2019-08-06,24.802071561169733
Ca Mau,2019-08-07,5.591131708534051
Ca Mau,2019-08-08,12.845806774909661
Ca Mau,2019-08-09,40.71979698729778
Ca Mau,2019-08-10,0
Ca Mau,2019-08-11,0.9000951775058008
Ca Mau,2019-08-12,0
Ca Mau,2019-08-13,1.190703999345724
Ca Mau,2019-08-14,5.6392000627128525
Ca Mau,2019-08-15,0.00021817970304708248
Ca Mau,2019-08-16,0.5963666433921174
Ca Mau,2019-08-17,0
Ca Mau,2019-08-18,0
Ca Mau,2019-08-19,0
Ca Mau,2019-08-20,4.4773219548404555
Ca Mau,2019-08-21,1.2497203283309224
Ca Mau,2019-08-22,0.12029665654486876
Ca Mau,2019-08-23,7.480662897094061
Ca Mau,2019-08-24,21.517314488088502
Ca Mau,2019-08-25,33.12585212424525
Ca Mau,2019-08-26,11.11257615814294
Ca Mau,2019-08-27,1.1128302323018198
Ca Mau,2019-08-28,16.072426364600588
Ca Mau,2019-08-29,44.656692239508835
Ca Mau,2019-08-30,10.881632578434221
Ca Mau,2019-08-31,10.301066841349062
Ca Mau,2019-09-01,18.245691107822527
Ca Mau,2019-09-02,10.659972662775091
Ca Mau,2019-09-03,20.965887702938446
Ca Mau,2019-09-04,19.771138141979055
Ca Mau,2019-09-05,1.6199513562429058
Ca Mau,2019-09-06,0.7677433011015067
Ca Mau,2019-09-07,12.859067253336006
Ca Mau,2019-09-08,10.687626837702089
Ca Mau,2019-09-09,0.00022739321533973454
Ca Mau,2019-09-10,0
Ca Mau,2019-09-11,2.199292153084005
Ca Mau,2019-09-12,0
Ca Mau,2019-09-13,20.283536111447237
Ca Mau,2019-09-14,49.20524462679136
Ca Mau,2019-09-15,29.454254610614896
Ca Mau,2019-09-16,4.778384227211054
Ca Mau,2019-09-17,14.801445165182836
Ca Mau,2019-09-18,19.08266005202894
Ca Mau,2019-09-19,0.23331385984242045
Ca Mau,2019-09-20,2.585058897828286
Ca Mau,2019-09-21,17.06402164428274
Ca Mau,2019-09-22,4.7212766968254405
Ca Mau,2019-09-23,0.11904794305671088
Ca Mau,2019-09-24,0
Ca Mau,2019-09-25,0.4251251204756902
Ca Mau,2019-09-26,8.797731152189474
Ca Mau,2019-09-27,9.736288605399764
Ca Mau,2019-09-28,6.703604961221785
Ca Mau,2019-09-29,0.43507313444543794
Ca Mau,2019-09-30,4.333104444350126
Ca Mau,2019-10-01,5.918137999641135
Ca Mau,2019-10-02,6.056161357520069
Ca Mau,2019-10-03,11.514988507106995
Ca Mau,2019-10-04,18.86700170260135
Ca Mau,2019-10-05,17.99778210152811
Ca Mau,2019-10-06,15.358267992870047
Ca Mau,2019-10-07,10.722348586828454
Ca Mau,2019-10-08,8.144666150644731
Ca Mau,2019-10-09,15.211570036832917
Ca Mau,2019-10-10,2.0778417744895648
Ca Mau,2019-10-11,1.4357387325315416
Ca Mau,2019-10-12,5.081715612909888
Ca Mau,2019-10-13,8.487965836499379
Ca Mau,2019-10-14,10.033355357231263
Ca Mau,2019-10-15,9.29368176613062
Ca Mau,2019-10-16,7.271765614164932
Ca Mau,2019-10-17,10.453187480785113
Ca Mau,2019-10-18,24.127412076007943
Ca Mau,2019-10-19,12.497258730782285
Ca Mau,2019-10-20,4.38383597508073
Ca Mau,2019-10-21,2.14062260765641
Ca Mau,2019-10-22,19.149366569652386
Ca Mau,2019-10-23,2.8028875314095645
Ca Mau,2019-10-24,1.8937465738248374
Ca Mau,2019-10-25,0.5700507025935992
Ca Mau,2019-10-26,5.480495520012663
Ca Mau,2019-10-27,9.278718419706378
Ca Mau,2019-10-28,10.055822496636896
Ca Mau,2019-10-29,6.953659299148435
Ca Mau,2019-10-30,1.1132555573665177
Ca Mau,2019-10-31,4.362855497044946
Ca Mau,2019-11-01,11.655880234558971
Ca Mau,2019-11-02,4.594076942170475
Ca Mau,2019-11-03,25.145442810869067
Ca Mau,2019-11-04,6.128742268991445
Ca Mau,2019-11-05,11.086154846418228
Ca Mau,2019-11-06,24.817249156480624
Ca Mau,2019-11-07,2.853300589847378
Ca Mau,2019-11-08,9.47185210930916
Ca Mau,2019-11-09,4.021515489048005
Ca Mau,2019-11-10,6.3065378129788625
Ca Mau,2019-11-11,1.028322220911996
Ca Mau,2019-11-12,0.48179056016731686
Ca Mau,2019-11-13,3.113159701784459
Ca Mau,2019-11-14,4.739666251499464
Ca Mau,2019-11-15,0.23776917505621972
Ca Mau,2019-11-16,0
Ca Mau,2019-11-17,0
Ca Mau,2019-11-18,0
Ca Mau,2019-11-19,3.098657808522216
Ca Mau,2019-11-20,0.01318562522692721
Ca Mau,2019-11-21,0
Ca Mau,2019-11-22,0
Ca Mau,2019-11-23,0.8664183676188777
Ca Mau,2019-11-24,3.617161378012172
Ca Mau,2019-11-25,0.8051956838679287
Ca Mau,2019-11-26,5.953605619679232
Ca Mau,2019-11-27,0
Ca Mau,2019-11-28,0
Ca Mau,2019-11-29,0.0003071055266704353
Ca Mau,2019-11-30,0.5580324231857547
Ca Mau,2019-12-01,0.8694530829444909
Ca Mau,2019-12-02,0.15869008819094022
Ca Mau,2019-12-03,0
Ca Mau,2019-12-04,1.671085658590192
Ca Mau,2019-12-05,0
Ca Mau,2019-12-06,0
Ca Mau,2019-12-07,3.3929211551226697
Ca Mau,2019-12-08,0
Ca Mau,2019-12-09,0
Ca Mau,2019-12-10,0
Ca Mau,2019-12-11,0
Ca Mau,2019-12-12,1.2644826300991783
Ca Mau,2019-12-13,3.192496870740114
Ca Mau,2019-12-14,0
Ca Mau,2019-12-15,0
Ca Mau,2019-12-16,0
Ca Mau,2019-12-17,0.8331694444404981
Ca Mau,2019-12-18,1.7348379956641689
Ca Mau,2019-12-19,0
Ca Mau,2019-12-20,0
Ca Mau,2019-12-21,0
Ca Mau,2019-12-22,0
Ca Mau,2019-12-23,0
Ca Mau,2019-12-24,4.4486596055301835
Ca Mau,2019-12-25,0
Ca Mau,2019-12-26,0
Ca Mau,2019-12-27,0
Ca Mau,2019-12-28,0.30209103375312946
Ca Mau,2019-12-29,0
Ca Mau,2019-12-30,3.0909352610304395
Ca Mau,2019-12-31,5.485360089414716
Ca Mau,2020-01-01,0
Ca Mau,2020-01-02,0
Ca Mau,2020-01-03,0.023304910765017114
Ca Mau,2020-01-04,0
Ca Mau,2020-01-05,1.6956126324228828
Ca Mau,2020-01-06,0
Ca Mau,2020-01-07,0
Ca Mau,2020-01-08,0
Ca Mau,2020-01-09,0
Ca Mau,2020-01-10,0
Ca Mau,2020-01-11,0.3491399242365881
Ca Mau,2020-01-12,3.543405134311937
Ca Mau,2020-01-13,0
Ca Mau,2020-01-14,0
Ca Mau,2020-01-15,0
Ca Mau,2020-01-16,0
Ca Mau,2020-01-17,0
Ca Mau,2020-01-18,0
Ca Mau,2020-01-19,0
Ca Mau,2020-01-20,0
Ca Mau,2020-01-21,0.004657559322042364
Ca Mau,2020-01-22,0.27303977571472876
Ca Mau,2020-01-23,0
Ca Mau,2020-01-24,0
Ca Mau,2020-01-25,0.2294721546770945
Ca Mau,2020-01-26,0
Ca Mau,2020-01-27,0
Ca Mau,2020-01-28,0
Ca Mau,2020-01-29,0
Ca Mau,2020-01-30,1.3987164746343808
Ca Mau,2020-01-31,0
Ca Mau,2020-02-01,0.0769889924107649
Ca Mau,2020-02-02,0
Ca Mau,2020-02-03,0
Ca Mau,2020-02-04,0
Ca Mau,2020-02-05,0
Ca Mau,2020-02-06,0
Ca Mau,2020-02-07,0
Ca Mau,2020-02-08,0
Ca Mau,2020-02-09,0.7801415720344168
Ca Mau,2020-02-10,0.1746609608204687
Ca Mau,2020-02-11,0
Ca Mau,2020-02-12,0
Ca Mau,2020-02-13,0
Ca Mau,2020-02-14,0
Ca Mau,2020-02-15,0
Ca Mau,2020-02-16,0
Ca Mau,2020-02-17,0
Ca Mau,2020-02-18,0
Ca Mau,2020-02-19,0
Ca Mau,2020-02-20,0
Ca Mau,2020-02-21,0
Ca Mau,2020-02-22,0
Ca Mau,2020-02-23,0
Ca Mau,2020-02-24,0
Ca Mau,2020-02-25,0
Ca Mau,2020-02-26,0.003126631723998393
Ca Mau,2020-02-27,0
Ca Mau,2020-02-28,0
Ca Mau,2020-02-29,0
Ca Mau,2020-03-01,0
Ca Mau,2020-03-02,0.05073226028839365
Ca Mau,2020-03-03,0
Ca Mau,2020-03-04,0
Ca Mau,2020-03-05,2.320981444266176
Ca Mau,2020-03-06,0
Ca Mau,2020-03-07,1.5197330026233071
Ca Mau,2020-03-08,5.517674689119215
Ca Mau,2020-03-09,0.04398375818057679
Ca Mau,2020-03-10,10.577538933960824
Ca Mau,2020-03-11,2.1128897976981627
Ca Mau,2020-03-12,0
Ca Mau,2020-03-13,0
Ca Mau,2020-03-14,0
Ca Mau,2020-03-15,0
Ca Mau,2020-03-16,0.8156976312750273
Ca Mau,2020-03-17,0
Ca Mau,2020-03-18,0
Ca Mau,2020-03-19,0.01310619737101582
Ca Mau,2020-03-20,0
Ca Mau,2020-03-21,0
Ca Mau,2020-03-22,0
Ca Mau,2020-03-23,0
Ca Mau,2020-03-24,0
Ca Mau,2020-03-25,0.03209280246979093
Ca Mau,2020-03-26,0
Ca Mau,2020-03-27,0
Ca Mau,2020-03-28,0
Ca Mau,2020-03-29,0
Ca Mau,2020-03-30,1.1440509641509253
Ca Mau,2020-03-31,0
Ca Mau,2020-04-01,0
Ca Mau,2020-04-02,0
Ca Mau,2020-04-03,0
Ca Mau,2020-04-04,0.09984972240558705
Ca Mau,2020-04-05,0
Ca Mau,2020-04-06,0.04725250134192761
Ca Mau,2020-04-07,0.746049883263017
Ca Mau,2020-04-08,0.012785728191990666
Ca Mau,2020-04-09,0
Ca Mau,2020-04-10,0
Ca Mau,2020-04-11,0
Ca Mau,2020-04-12,20.805587963819374
Ca Mau,2020-04-13,22.991986441424864
Ca Mau,2020-04-14,0.03739813318816178
Ca Mau,2020-04-15,0.0002825420975973414
Ca Mau,2020-04-16,0.24267641270247173
Ca Mau,2020-04-17,0.035489596516578646
Ca Mau,2020-04-18,0
Ca Mau,2020-04-19,0
Ca Mau,2020-04-20,0
Ca Mau,2020-04-21,0
Ca Mau,2020-04-22,0.004000311444863732
Ca Mau,2020-04-23,0.01167747986017577
Ca Mau,2020-04-24,3.0098130759955395
Ca Mau,2020-04-25,3.453130368755944
Ca Mau,2020-04-26,5.080860870803607
Ca Mau,2020-04-27,13.30584739183753
Ca Mau,2020-04-28,1.0335320776740617
Ca Mau,2020-04-29,0.0002471542902552088
Ca Mau,2020-04-30,0.6328015301507218
Ca Mau,2020-05-01,0.00027880170793602525
Ca Mau,2020-05-02,0
Ca Mau,2020-05-03,0
Ca Mau,2020-05-04,1.8700466431416085
Ca Mau,2020-05-05,1.8352137054378643
Ca Mau,2020-05-06,0.1760908803568102
Ca Mau,2020-05-07,0.00043286264231011845
Ca Mau,2020-05-08,0
Ca Mau,2020-05-09,0
Ca Mau,2020-05-10,0.052550173890489785
Ca Mau,2020-05-11,0
Ca Mau,2020-05-12,0.13462611520268758
Ca Mau,2020-05-13,1.68747906027837
Ca Mau,2020-05-14,4.175076546059628
Ca Mau,2020-05-15,8.771856348727358
Ca Mau,2020-05-16,1.328273312487114
Ca Mau,2020-05-17,2.0384441298289637
Ca Mau,2020-05-18,7.305213202601876
Ca Mau,2020-05-19,12.215771777917968
Ca Mau,2020-05-20,6.096456247637505
Ca Mau,2020-05-21,2.6925492790902648
Ca Mau,2020-05-22,3.335890310890793
Ca Mau,2020-05-23,8.579951464289751
Ca Mau,2020-05-24,6.499258009577228
Ca Mau,2020-05-25,0.8052450363395317
Ca Mau,2020-05-26,0.06701782519198245
Ca Mau,2020-05-27,3.3371990185676927
Ca Mau,2020-05-28,8.222199507535155
Ca Mau,2020-05-29,6.491635696816081
Ca Mau,2020-05-30,6.490654600408053
Ca Mau,2020-05-31,7.3176196723762015
Ca Mau,2020-06-01,12.797613330167398
Ca Mau,2020-06-02,8.878375957655797
Ca Mau,2020-06-03,3.55998546325184
Ca Mau,2020-06-04,10.92910909104052
Ca Mau,2020-06-05,14.150135162375436
Ca Mau,2020-06-06,2.4497789739391256
Ca Mau,2020-06-07,11.299871886908079
Ca Mau,2020-06-08,0.6586134718751318
Ca Mau,2020-06-09,14.41764953129778
Ca Mau,2020-06-10,15.997210630996129
Ca Mau,2020-06-11,4.770761471084054
Ca Mau,2020-06-12,20.320464572530287
Ca Mau,2020-06-13,28.935954382082294
Ca Mau,2020-06-14,21.83157794536098
Ca Mau,2020-06-15,13.43625841384355
Ca Mau,2020-06-16,11.522998398798272
Ca Mau,2020-06-17,4.149639156729236
Ca Mau,2020-06-18,7.1073248154757405
Ca Mau,2020-06-19,11.249656763905262
Ca Mau,2020-06-20,31.047175457338483
Ca Mau,2020-06-21,7.187271614294353
Ca Mau,2020-06-22,2.7734566517579666
Ca Mau,2020-06-23,0.13028190598035957
Ca Mau,2020-06-24,4.122971244674389
Ca Mau,2020-06-25,7.937527934447422
Ca Mau,2020-06-26,13.094818051107138
Ca Mau,2020-06-27,9.07203424316544
Ca Mau,2020-06-28,17.13512215100256
Ca Mau,2020-06-29,15.80896523720985
Ca Mau,2020-06-30,10.270254097189737
Ca Mau,2020-07-01,8.892962318116483
Ca Mau,2020-07-02,19.84502921990394
Ca Mau,2020-07-03,4.864301491731458
Ca Mau,2020-07-04,0
Ca Mau,2020-07-05,3.8638637178682234
Ca Mau,2020-07-06,10.174387038781108
Ca Mau,2020-07-07,0.012081353955574456
Ca Mau,2020-07-08,2.6213673161390054
Ca Mau,2020-07-09,2.20245162523301
Ca Mau,2020-07-10,10.480668037544214
Ca Mau,2020-07-11,9.366072468040686
Ca Mau,2020-07-12,13.532891498250214
Ca Mau,2020-07-13,5.530164537629273
Ca Mau,2020-07-14,9.639132181437013
Ca Mau,2020-07-15,7.073652393102396
Ca Mau,2020-07-16,2.7981752716179398
Ca Mau,2020-07-17,1.3560410954450637
Ca Mau,2020-07-18,0.9244179943810977
Ca Mau,2020-07-19,1.2044558233786022
Ca Mau,2020-07-20,2.0153441022351806
Ca Mau,2020-07-21,1.4404498210994416
Ca Mau,2020-07-22,1.876861500111212
Ca Mau,2020-07-23,1.6635980838493079
Ca Mau,2020-07-24,12.91493000110844
Ca Mau,2020-07-25,1.706452472903457
Ca Mau,2020-07-26,3.0181962198148766
Ca Mau,2020-07-27,3.681001578107422
Ca Mau,2020-07-28,5.8849931654611565
Ca Mau,2020-07-29,12.299321766514806
Ca Mau,2020-07-30,22.10578003550959
Ca Mau,2020-07-31,24.03701133881903
Ca Mau,2020-08-01,39.516354232702184
Ca Mau,2020-08-02,28.721045037296847
Ca Mau,2020-08-03,22.152353683308665
Ca Mau,2020-08-04,1.7740550227958758
Ca Mau,2020-08-05,30.2022002207469
Ca Mau,2020-08-06,26.207528052624085
Ca Mau,2020-08-07,0.5475805051886043
Ca Mau,2020-08-08,4.133576130645381
Ca Mau,2020-08-09,0.02134926468494294
Ca Mau,2020-08-10,3.4241403111559623
Ca Mau,2020-08-11,1.3990048131462927
Ca Mau,2020-08-12,3.232052594098965
Ca Mau,2020-08-13,5.911666129306952
Ca Mau,2020-08-14,4.526691568582945
Ca Mau,2020-08-15,3.5249973792749425
Ca Mau,2020-08-16,11.360513769675771
Ca Mau,2020-08-17,4.549065427190232
Ca Mau,2020-08-18,11.868811464615113
Ca Mau,2020-08-19,5.273888812991629
Ca Mau,2020-08-20,3.617481268874788
Ca Mau,2020-08-21,4.492499881683026
Ca Mau,2020-08-22,0
Ca Mau,2020-08-23,0.8695441318389838
Ca Mau,2020-08-24,0.418871673794763
Ca Mau,2020-08-25,1.9413350873717994
Ca Mau,2020-08-26,0.43665759201457766
Ca Mau,2020-08-27,0
Ca Mau,2020-08-28,2.6896873804793553
Ca Mau,2020-08-29,3.8515138892004197
Ca Mau,2020-08-30,2.3324586447855373
Ca Mau,2020-08-31,0
Ca Mau,2020-09-01,5.309955532904695
Ca Mau,2020-09-02,12.092937639557471
Ca Mau,2020-09-03,0.28183164952960255
Ca Mau,2020-09-04,2.008211174279344
Ca Mau,2020-09-05,1.4804899229193982
Ca Mau,2020-09-06,7.189738482137762
Ca Mau,2020-09-07,0.6186676370441699
Ca Mau,2020-09-08,3.2987758843847614
Ca Mau,2020-09-09,22.59016176143791
Ca Mau,2020-09-10,13.20811970389596
Ca Mau,2020-09-11,20.587890771020575
Ca Mau,2020-09-12,13.14535470389758
Ca Mau,2020-09-13,28.326829584939315
Ca Mau,2020-09-14,25.74893605873045
Ca Mau,2020-09-15,11.959226139322233
Ca Mau,2020-09-16,13.414779079273945
Ca Mau,2020-09-17,45.46684832789879
Ca Mau,2020-09-18,58.83661552863661
Ca Mau,2020-09-19,8.731271642371743
Ca Mau,2020-09-20,3.8809687787793066
Ca Mau,2020-09-21,2.981150648623093
Ca Mau,2020-09-22,27.988095413690754
Ca Mau,2020-09-23,12.139304341543399
Ca Mau,2020-09-24,6.199221434127968
Ca Mau,2020-09-25,15.031931516544347
Ca Mau,2020-09-26,15.97980829837317
Ca Mau,2020-09-27,91.47384194739644
Ca Mau,2020-09-28,51.92884185288596
Ca Mau,2020-09-29,10.069426984856182
Ca Mau,2020-09-30,0
Ca Mau,2020-10-01,5.915916634847423
Ca Mau,2020-10-02,27.324510351832437
Ca Mau,2020-10-03,1.1109924235413848
Ca Mau,2020-10-04,2.941303089522322
Ca Mau,2020-10-05,28.938712725021688
Ca Mau,2020-10-06,8.96107976280036
Ca Mau,2020-10-07,5.1631534394178615
Ca Mau,2020-10-08,10.488045563756922
Ca Mau,2020-10-09,30.69386620302445
Ca Mau,2020-10-10,36.31691054895323
Ca Mau,2020-10-11,34.264842582612054
Ca Mau,2020-10-12,40.49179802436785
Ca Mau,2020-10-13,39.44315792358916
Ca Mau,2020-10-14,43.04255204792828
Ca Mau,2020-10-15,32.7883642892091
Ca Mau,2020-10-16,25.5330976398601
Ca Mau,2020-10-17,21.27881461430563
Ca Mau,2020-10-18,38.8163055852326
Ca Mau,2020-10-19,0.012048046644033807
Ca Mau,2020-10-20,0.012048046644033807
Ca Mau,2020-10-21,29.590123971687692
Ca Mau,2020-10-22,21.191831007050286
Ca Mau,2020-10-23,13.447544486672959
Ca Mau,2020-10-24,3.808666137435634
Ca Mau,2020-10-25,2.375861907253964
Ca Mau,2020-10-26,2.6092339717932806
Ca Mau,2020-10-27,4.953487222394857
Ca Mau,2020-10-28,12.888635394362758
Ca Mau,2020-10-29,11.482133201443952
Ca Mau,2020-10-30,5.47799473509481
Ca Mau,2020-10-31,11.468928338718822
Ca Mau,2020-11-01,31.953952160142496
Ca Mau,2020-11-02,11.56518957246785
Ca Mau,2020-11-03,0.22348436003296387
Ca Mau,2020-11-04,8.214995209645695
Ca Mau,2020-11-05,0.8229844855750491
Ca Mau,2020-11-06,10.22982357091923
Ca Mau,2020-11-07,0.39023935627259837
Ca Mau,2020-11-08,12.39492476218918
Ca Mau,2020-11-09,0.2867665358311177
Ca Mau,2020-11-10,0.13544197002157773
Ca Mau,2020-11-11,0
Ca Mau,2020-11-12,0
Ca Mau,2020-11-13,0.3969427236775895
Ca Mau,2020-11-14,0
Ca Mau,2020-11-15,0
Ca Mau,2020-11-16,0.8529528872421895
Ca Mau,2020-11-17,0.0006326885112395744
Ca Mau,2020-11-18,0.017316054602343922
Ca Mau,2020-11-19,3.2923215207257552
Ca Mau,2020-11-20,2.4506098677324277
Ca Mau,2020-11-21,3.8904254155497036
Ca Mau,2020-11-22,2.417532483685623
Ca Mau,2020-11-23,13.1275883051944
Ca Mau,2020-11-24,0.3265799796332617
Ca Mau,2020-11-25,2.0373427496171206
Ca Mau,2020-11-26,6.807752540278756
Ca Mau,2020-11-27,0
Ca Mau,2020-11-28,19.536582948570178
Ca Mau,2020-11-29,10.618672735691792
Ca Mau,2020-11-30,0.2360753516025815
Ca Mau,2020-12-01,5.723240080675813
Ca Mau,2020-12-02,0
Ca Mau,2020-12-03,0
Ca Mau,2020-12-04,0
Ca Mau,2020-12-05,2.176815673123321
Ca Mau,2020-12-06,0
Ca Mau,2020-12-07,0.6045438217487923
Ca Mau,2020-12-08,0.6816439750450052
Ca Mau,2020-12-09,0.22745458653338596
Ca Mau,2020-12-10,0.03098786811928796
Ca Mau,2020-12-11,9.558228170514974
Ca Mau,2020-12-12,0.18021072447750425
Ca Mau,2020-12-13,0.19569348908753617
Ca Mau,2020-12-14,4.0720482109049225
Ca Mau,2020-12-15,0.2725686810442226
Ca Mau,2020-12-16,0.24316020345961753
Ca Mau,2020-12-17,0
Ca Mau,2020-12-18,0.41290863597047106
Ca Mau,2020-12-19,1.8552532184783475
Ca Mau,2020-12-20,0.011866245405273257
Ca Mau,2020-12-21,0
Ca Mau,2020-12-22,4.8250327340474755
Ca Mau,2020-12-23,28.1542021864451
Ca Mau,2020-12-24,0
Ca Mau,2020-12-25,0
Ca Mau,2020-12-26,0
Ca Mau,2020-12-27,0.04495264469063702
Ca Mau,2020-12-28,0
Ca Mau,2020-12-29,1.3401685304345148
Ca Mau,2020-12-30,9.79518163927179
Ca Mau,2020-12-31,0
Ca Mau,2021-01-01,0.12310820529654068
Ca Mau,2021-01-02,0
Ca Mau,2021-01-03,2.5752108008876697
Ca Mau,2021-01-04,1.2084070151759614
Ca Mau,2021-01-05,1.5246346082488826
Ca Mau,2021-01-06,0.3578318256610036
Ca Mau,2021-01-07,0.12810072947649387
Ca Mau,2021-01-08,0.18859489465711202
Ca Mau,2021-01-09,0
Ca Mau,2021-01-10,0
Ca Mau,2021-01-11,0.006409787371340227
Ca Mau,2021-01-12,0.506640788041587
Ca Mau,2021-01-13,0
Ca Mau,2021-01-14,0.2388779915691306
Ca Mau,2021-01-15,0
Ca Mau,2021-01-16,0.0014253092654941308
Ca Mau,2021-01-17,2.8525971816503595
Ca Mau,2021-01-18,0
Ca Mau,2021-01-19,0.46380686122325
Ca Mau,2021-01-20,0.34991102174325367
Ca Mau,2021-01-21,0.05191834549337376
Ca Mau,2021-01-22,0.01766186121945803
Ca Mau,2021-01-23,0
Ca Mau,2021-01-24,0
Ca Mau,2021-01-25,0
Ca Mau,2021-01-26,0.04145137854415966
Ca Mau,2021-01-27,0
Ca Mau,2021-01-28,0
Ca Mau,2021-01-29,0
Ca Mau,2021-01-30,0
Ca Mau,2021-01-31,0
Ca Mau,2021-02-01,0
Ca Mau,2021-02-02,0
Ca Mau,2021-02-03,0
Ca Mau,2021-02-04,0
Ca Mau,2021-02-05,0.30321436580788563
Ca Mau,2021-02-06,0
Ca Mau,2021-02-07,0.008642030553272877
Ca Mau,2021-02-08,0
Ca Mau,2021-02-09,0
Ca Mau,2021-02-10,0
Ca Mau,2021-02-11,0.012717109642012957
Ca Mau,2021-02-12,0
Ca Mau,2021-02-13,0
Ca Mau,2021-02-14,0
Ca Mau,2021-02-15,0
Ca Mau,2021-02-16,0
Ca Mau,2021-02-17,0
Ca Mau,2021-02-18,0
Ca Mau,2021-02-19,0
Ca Mau,2021-02-20,0
Ca Mau,2021-02-21,0.038223682338554325
Ca Mau,2021-02-22,0
Ca Mau,2021-02-23,0
Ca Mau,2021-02-24,0.20531624018191003
Ca Mau,2021-02-25,3.2721785825903584
Ca Mau,2021-02-26,0
Ca Mau,2021-02-27,0
Ca Mau,2021-02-28,3.18425723201761
Ca Mau,2021-03-01,0
Ca Mau,2021-03-02,0
Ca Mau,2021-03-03,0
Ca Mau,2021-03-04,0
Ca Mau,2021-03-05,0
Ca Mau,2021-03-06,0
Ca Mau,2021-03-07,0
Ca Mau,2021-03-08,0
Ca Mau,2021-03-09,0
Ca Mau,2021-03-10,0
Ca Mau,2021-03-11,0
Ca Mau,2021-03-12,0
Ca Mau,2021-03-13,0
Ca Mau,2021-03-14,0
Ca Mau,2021-03-15,0
Ca Mau,2021-03-16,0.007229737167166687
Ca Mau,2021-03-17,0
Ca Mau,2021-03-18,0
Ca Mau,2021-03-19,0
Ca Mau,2021-03-20,0
Ca Mau,2021-03-21,0.38012485305002786
Ca Mau,2021-03-22,0
Ca Mau,2021-03-23,0.7685902121385614
Ca Mau,2021-03-24,0.1438711163922334
Ca Mau,2021-03-25,0.00656550856444539
Ca Mau,2021-03-26,14.4680704481116
Ca Mau,2021-03-27,2.237569603686106
Ca Mau,2021-03-28,0.22555352011391455
Ca Mau,2021-03-29,0.0657085140101711
Ca Mau,2021-03-30,1.581703747265681
Ca Mau,2021-03-31,0
Ca Mau,2021-04-01,0
Ca Mau,2021-04-02,0
Ca Mau,2021-04-03,0.3757125342618383
Ca Mau,2021-04-04,15.828026968431738
Ca Mau,2021-04-05,0
Ca Mau,2021-04-06,0
Ca Mau,2021-04-07,0
Ca Mau,2021-04-08,0.5431708089214501
Ca Mau,2021-04-09,0.9571473655598344
Ca Mau,2021-04-10,0
Ca Mau,2021-04-11,0.0002538184877462515
Ca Mau,2021-04-12,0.06499588725572633
Ca Mau,2021-04-13,0
Ca Mau,2021-04-14,7.358518321693235
Ca Mau,2021-04-15,20.061689441715078
Ca Mau,2021-04-16,22.38943318909141
Ca Mau,2021-04-17,0.6242118532236716
Ca Mau,2021-04-18,12.521139610094774
Ca Mau,2021-04-19,9.114300955334702
Ca Mau,2021-04-20,7.00038661158215
Ca Mau,2021-04-21,10.079662477874633
Ca Mau,2021-04-22,53.30696980790332
Ca Mau,2021-04-23,19.54227966876497
Ca Mau,2021-04-24,8.55969393401978
Ca Mau,2021-04-25,11.534832719717961
Ca Mau,2021-04-26,6.625859887871844
Ca Mau,2021-04-27,6.443602651722524
Ca Mau,2021-04-28,5.788126956874185
Ca Mau,2021-04-29,0.48057324185228717
Ca Mau,2021-04-30,0.2556751745301407
Ca Mau,2021-05-01,4.048208900530258
Ca Mau,2021-05-02,0.010424149318394381
Ca Mau,2021-05-03,0.0002245018269952293
Ca Mau,2021-05-04,0.9725247715682048
Ca Mau,2021-05-05,2.9799801965155157
Ca Mau,2021-05-06,5.786650461659394
Ca Mau,2021-05-07,7.883612338151728
Ca Mau,2021-05-08,8.569113705068506
Ca Mau,2021-05-09,0.12068264753959781
Ca Mau,2021-05-10,0.3951487890123746
Ca Mau,2021-05-11,0.946074209706419
Ca Mau,2021-05-12,1.6040538712489136
Ca Mau,2021-05-13,2.067139277921624
Ca Mau,2021-05-14,4.170424930233298
Ca Mau,2021-05-15,9.941349553739366
Ca Mau,2021-05-16,1.996515671045778
Ca Mau,2021-05-17,16.353663921356212
Ca Mau,2021-05-18,20.289962742797492
Ca Mau,2021-05-19,7.946137539862221
Ca Mau,2021-05-20,14.948223057535213
Ca Mau,2021-05-21,27.143090259495512
Ca Mau,2021-05-22,16.08197257628141
Ca Mau,2021-05-23,9.078120683275953
Ca Mau,2021-05-24,35.4568670743214
Ca Mau,2021-05-25,24.68538383941338
Ca Mau,2021-05-26,10.519994400522735
Ca Mau,2021-05-27,13.896675198756736
Ca Mau,2021-05-28,0.5712663059853732
Ca Mau,2021-05-29,2.530652503053937
Ca Mau,2021-05-30,2.5739641423993715
Ca Mau,2021-05-31,0.046426942605782034
Ca Mau,2021-06-01,6.817852678067958
Ca Mau,2021-06-02,5.160214459584372
Ca Mau,2021-06-03,5.53883660210808
Ca Mau,2021-06-04,0
Ca Mau,2021-06-05,11.21736941428038
Ca Mau,2021-06-06,17.871969748473088
Ca Mau,2021-06-07,5.777782113900573
Ca Mau,2021-06-08,10.279829649558742
Ca Mau,2021-06-09,13.211846120024905
Ca Mau,2021-06-10,9.31790244890132
Ca Mau,2021-06-11,28.70968711583402
Ca Mau,2021-06-12,19.088373695924762
Ca Mau,2021-06-13,11.906200044424674
Ca Mau,2021-06-14,10.510527440892961
Ca Mau,2021-06-15,6.2407627163822035
Ca Mau,2021-06-16,1.4678312383835384
Ca Mau,2021-06-17,7.657755572772266
Ca Mau,2021-06-18,0
Ca Mau,2021-06-19,6.038850068460428
Ca Mau,2021-06-20,3.742830714776193
Ca Mau,2021-06-21,1.6672957935105868
Ca Mau,2021-06-22,5.098554200473657
Ca Mau,2021-06-23,1.0615014502870999
Ca Mau,2021-06-24,0.010518490709589646
Ca Mau,2021-06-25,0
Ca Mau,2021-06-26,2.327775578923353
Ca Mau,2021-06-27,0.31974869514246823
Ca Mau,2021-06-28,1.7828690141502508
Ca Mau,2021-06-29,0.00030433131604846195
Ca Mau,2021-06-30,3.670788897268989
Ca Mau,2021-07-01,0.9464418312361266
Ca Mau,2021-07-02,0.9277173275040173
Ca Mau,2021-07-03,1.3414872183837223
Ca Mau,2021-07-04,8.588100512905054
Ca Mau,2021-07-05,8.762302361825146
Ca Mau,2021-07-06,32.537273656112916
Ca Mau,2021-07-07,35.07884934339155
Ca Mau,2021-07-08,20.057077560749505
Ca Mau,2021-07-09,19.842469417946177
Ca Mau,2021-07-10,0.7606591772481784
Ca Mau,2021-07-11,1.1469059712473115
Ca Mau,2021-07-12,5.40416819033773
Ca Mau,2021-07-13,21.016383434860938
Ca Mau,2021-07-14,27.440164005633857
Ca Mau,2021-07-15,13.736649709959783
Ca Mau,2021-07-16,0
Ca Mau,2021-07-17,0.2771490134406912
Ca Mau,2021-07-18,11.760512126697526
Ca Mau,2021-07-19,2.5966959071662084
Ca Mau,2021-07-20,1.6853544582199522
Ca Mau,2021-07-21,8.85780641936586
Ca Mau,2021-07-22,16.674702235971644
Ca Mau,2021-07-23,7.620523636640383
Ca Mau,2021-07-24,6.016736298195904
Ca Mau,2021-07-25,2.979324277602993
Ca Mau,2021-07-26,4.546949034617561
Ca Mau,2021-07-27,2.1005961451557855
Ca Mau,2021-07-28,17.69761193104927
Ca Mau,2021-07-29,29.999649443732366
Ca Mau,2021-07-30,16.350956093137043
Ca Mau,2021-07-31,0.3605976524473391
Ca Mau,2021-08-01,21.017063517569415
Ca Mau,2021-08-02,9.045086594210645
Ca Mau,2021-08-03,3.2123603512597216
Ca Mau,2021-08-04,0.261605580347481
Ca Mau,2021-08-05,2.005183533329558
Ca Mau,2021-08-06,0.8443330619596804
Ca Mau,2021-08-07,0.6418431809525647
Ca Mau,2021-08-08,0
Ca Mau,2021-08-09,0.0055673917239709835
Ca Mau,2021-08-10,3.37098491390291
Ca Mau,2021-08-11,15.450358672551774
Ca Mau,2021-08-12,2.2302108683061435
Ca Mau,2021-08-13,13.732054813507107
Ca Mau,2021-08-14,0.7500797093022696
Ca Mau,2021-08-15,37.06837902669466
Ca Mau,2021-08-16,2.8526941456414208
Ca Mau,2021-08-17,4.729578700493191
Ca Mau,2021-08-18,9.202302882801453
Ca Mau,2021-08-19,9.631732046905968
Ca Mau,2021-08-20,5.525142508008247
Ca Mau,2021-08-21,3.7816498551648374
Ca Mau,2021-08-22,9.172868745462317
Ca Mau,2021-08-23,21.625876924840618
Ca Mau,2021-08-24,31.282486281847596
Ca Mau,2021-08-25,34.52946471512102
Ca Mau,2021-08-26,15.673132613247228
Ca Mau,2021-08-27,2.467928900116517
Ca Mau,2021-08-28,10.347268685761573
Ca Mau,2021-08-29,20.112847823023518
Ca Mau,2021-08-30,23.337336475662486
Ca Mau,2021-08-31,18.446682444569785
Ca Mau,2021-09-01,3.9769081484251627
Ca Mau,2021-09-02,12.790677799549336
Ca Mau,2021-09-03,23.353772883710015
Ca Mau,2021-09-04,13.420799756262731
Ca Mau,2021-09-05,8.554389934333665
Ca Mau,2021-09-06,2.6843954755900996
Ca Mau,2021-09-07,10.667901387417913
Ca Mau,2021-09-08,28.543684534971785
Ca Mau,2021-09-09,3.4114310861696944
Ca Mau,2021-09-10,11.634026863302546
Ca Mau,2021-09-11,22.49686418181824
Ca Mau,2021-09-12,2.140289613979328
Ca Mau,2021-09-13,30.989422990916864
Ca Mau,2021-09-14,43.689300496424
Ca Mau,2021-09-15,7.126025401587356
Ca Mau,2021-09-16,0.8024757318874371
Ca Mau,2021-09-17,2.367505904597917
Ca Mau,2021-09-18,14.614706504635041
Ca Mau,2021-09-19,18.508627562696955
Ca Mau,2021-09-20,7.307642004419985
Ca Mau,2021-09-21,7.295035947776406
Ca Mau,2021-09-22,6.054551511093022
Ca Mau,2021-09-23,1.1546891319960757
Ca Mau,2021-09-24,22.629927883566584
Ca Mau,2021-09-25,10.24614986485409
Ca Mau,2021-09-26,14.372343892819439
Ca Mau,2021-09-27,3.3768180468927134
Ca Mau,2021-09-28,2.341154415714482
Ca Mau,2021-09-29,0.3628486629390805
Ca Mau,2021-09-30,4.877165441582615
Ca Mau,2021-10-01,13.83016537879442
Ca Mau,2021-10-02,14.915836282146532
Ca Mau,2021-10-03,11.832028326714711
Ca Mau,2021-10-04,27.33663292667022
Ca Mau,2021-10-05,28.126231074171045
Ca Mau,2021-10-06,0.33257583973809923
Ca Mau,2021-10-07,11.783782418065021
Ca Mau,2021-10-08,43.07281818676024
Ca Mau,2021-10-09,4.784021657712516
Ca Mau,2021-10-10,0.09098637254487506
Ca Mau,2021-10-11,36.29249472002599
Ca Mau,2021-10-12,0.7622309741276931
Ca Mau,2021-10-13,1.1769844147285504
Ca Mau,2021-10-14,0.011203195836660799
Ca Mau,2021-10-15,20.335114126779523
Ca Mau,2021-10-16,6.6665114263498335
Ca Mau,2021-10-17,0.06636356699315353
Ca Mau,2021-10-18,0.24819731341614124
Ca Mau,2021-10-19,0.12023485624462264
Ca Mau,2021-10-20,15.587710196569011
Ca Mau,2021-10-21,6.837453494936301
Ca Mau,2021-10-22,3.715942815644387
Ca Mau,2021-10-23,7.225175754073671
Ca Mau,2021-10-24,4.674945232274854
Ca Mau,2021-10-25,8.452878354286199
Ca Mau,2021-10-26,0.32347930192569013
Ca Mau,2021-10-27,6.199360536886642
Ca Mau,2021-10-28,0.03403638299225753
Ca Mau,2021-10-29,10.616127031520826
Ca Mau,2021-10-30,0.0008512312476551378
Ca Mau,2021-10-31,4.216597886271821
Ca Mau,2021-11-01,1.0902339709334827
Ca Mau,2021-11-02,1.5934362045997148
Ca Mau,2021-11-03,23.369659771185557
Ca Mau,2021-11-04,0.5702720413743515
Ca Mau,2021-11-05,2.3590784785410954
Ca Mau,2021-11-06,7.402124473917444
Ca Mau,2021-11-07,1.4574177877250005
Ca Mau,2021-11-08,2.6560810048137653
Ca Mau,2021-11-09,7.176239759090303
Ca Mau,2021-11-10,23.67334096614801
Ca Mau,2021-11-11,30.39749874925961
Ca Mau,2021-11-12,14.948263376140398
Ca Mau,2021-11-13,14.020924463318586
Ca Mau,2021-11-14,12.950792608780404
Ca Mau,2021-11-15,27.736555344554656
Ca Mau,2021-11-16,14.731722959737322
Ca Mau,2021-11-17,4.72625808632666
Ca Mau,2021-11-18,1.5649384705455665
Ca Mau,2021-11-19,0
Ca Mau,2021-11-20,3.971035669421488
Ca Mau,2021-11-21,0.7304384935885995
Ca Mau,2021-11-22,1.231950000108658
Ca Mau,2021-11-23,0.0005518453693447553
Ca Mau,2021-11-24,2.4930467749196947
Ca Mau,2021-11-25,3.8329881935221635
Ca Mau,2021-11-26,5.441553813046096
Ca Mau,2021-11-27,10.800992960162116
Ca Mau,2021-11-28,11.380995604816603
Ca Mau,2021-11-29,21.187756798778548
Ca Mau,2021-11-30,10.286284899138625
Ca Mau,2021-12-01,4.237041839890571
Ca Mau,2021-12-02,7.977393126730083
Ca Mau,2021-12-03,0
Ca Mau,2021-12-04,0.24976226998698042
Ca Mau,2021-12-05,1.177711006979196
Ca Mau,2021-12-06,0
Ca Mau,2021-12-07,0
Ca Mau,2021-12-08,0
Ca Mau,2021-12-09,1.0997921844906073
Ca Mau,2021-12-10,0
Ca Mau,2021-12-11,0
Ca Mau,2021-12-12,0
Ca Mau,2021-12-13,6.033677805192601
Ca Mau,2021-12-14,0
Ca Mau,2021-12-15,1.763996330829746
Ca Mau,2021-12-16,1.443897547373749
Ca Mau,2021-12-17,0.6195847934434032
Ca Mau,2021-12-18,0.15396369591877862
Ca Mau,2021-12-19,13.055125727132417
Ca Mau,2021-12-20,0
Ca Mau,2021-12-21,0
Ca Mau,2021-12-22,1.137897526509745
Ca Mau,2021-12-23,0.7353927260388632
Ca Mau,2021-12-24,0.00033717807900372277
Ca Mau,2021-12-25,0
Ca Mau,2021-12-26,1.033633364137024
Ca Mau,2021-12-27,2.4187299900000165
Ca Mau,2021-12-28,0.06397533024849313
Ca Mau,2021-12-29,0.0803166982529746
Ca Mau,2021-12-30,0.10957384051838409
Ca Mau,2021-12-31,0
Ca Mau,2022-01-01,0
Ca Mau,2022-01-02,0
Ca Mau,2022-01-03,0.7749628345183627
Ca Mau,2022-01-04,0.026372789260013515
Ca Mau,2022-01-05,1.56093551702302
Ca Mau,2022-01-06,0
Ca Mau,2022-01-07,0
Ca Mau,2022-01-08,0
Ca Mau,2022-01-09,0
Ca Mau,2022-01-10,0
Ca Mau,2022-01-11,0.5602482758111074
Ca Mau,2022-01-12,0
Ca Mau,2022-01-13,0
Ca Mau,2022-01-14,0
Ca Mau,2022-01-15,0
Ca Mau,2022-01-16,0
Ca Mau,2022-01-17,0
Ca Mau,2022-01-18,0
Ca Mau,2022-01-19,0
Ca Mau,2022-01-20,0
Ca Mau,2022-01-21,0
Ca Mau,2022-01-22,0
Ca Mau,2022-01-23,0
Ca Mau,2022-01-24,0
Ca Mau,2022-01-25,1.73002571581515
Ca Mau,2022-01-26,0
Ca Mau,2022-01-27,0.07971871850568411
Ca Mau,2022-01-28,0.7203628994938904
Ca Mau,2022-01-29,0.0056206998263261644
Ca Mau,2022-01-30,1.6457082325955261
Ca Mau,2022-01-31,0
Ca Mau,2022-02-01,9.928935600451435e-05
Ca Mau,2022-02-02,0
Ca Mau,2022-02-03,0
Ca Mau,2022-02-04,0
Ca Mau,2022-02-05,0
Ca Mau,2022-02-06,0.018687709679482502
Ca Mau,2022-02-07,0.12803511627180622
Ca Mau,2022-02-08,0.05050913037275031
Ca Mau,2022-02-09,0
Ca Mau,2022-02-10,2.877017577729462
Ca Mau,2022-02-11,0.1691711641523758
Ca Mau,2022-02-12,0
Ca Mau,2022-02-13,0
Ca Mau,2022-02-14,0
Ca Mau,2022-02-15,0
Ca Mau,2022-02-16,0
Ca Mau,2022-02-17,0
Ca Mau,2022-02-18,0.05152402505359672
Ca Mau,2022-02-19,0
Ca Mau,2022-02-20,0.08615481600777994
Ca Mau,2022-02-21,0.025493230017525983
Ca Mau,2022-02-22,1.0170377064653942
Ca Mau,2022-02-23,0.8475876236931303
Ca Mau,2022-02-24,4.66577144036072
Ca Mau,2022-02-25,0.08954880169920511
Ca Mau,2022-02-26,0.027289064263219996
Ca Mau,2022-02-27,0
Ca Mau,2022-02-28,0
Ca Mau,2022-03-01,0
Ca Mau,2022-03-02,0
Ca Mau,2022-03-03,0.00403338113063192
Ca Mau,2022-03-04,0.00019973516464233407
Ca Mau,2022-03-05,0.6390986956696522
Ca Mau,2022-03-06,0
Ca Mau,2022-03-07,0.0005250852802788622
Ca Mau,2022-03-08,0.06417916955689855
Ca Mau,2022-03-09,0
Ca Mau,2022-03-10,0
Ca Mau,2022-03-11,0
Ca Mau,2022-03-12,1.401768987706695
Ca Mau,2022-03-13,0.00036178029253808606
Ca Mau,2022-03-14,0
Ca Mau,2022-03-15,0
Ca Mau,2022-03-16,0
Ca Mau,2022-03-17,0
Ca Mau,2022-03-18,4.298706879100551
Ca Mau,2022-03-19,0.4064948838429376
Ca Mau,2022-03-20,0.01462890639757015
Ca Mau,2022-03-21,1.8795855044057328
Ca Mau,2022-03-22,1.1832424074123105
Ca Mau,2022-03-23,1.8796467214120063
Ca Mau,2022-03-24,0
Ca Mau,2022-03-25,0
Ca Mau,2022-03-26,0
Ca Mau,2022-03-27,2.2410730638393765
Ca Mau,2022-03-28,13.451148870417983
Ca Mau,2022-03-29,6.78292436681535
Ca Mau,2022-03-30,18.1199442922006
Ca Mau,2022-03-31,19.14655418868798
Ca Mau,2022-04-01,12.327066438455033
Ca Mau,2022-04-02,22.089292421486537
Ca Mau,2022-04-03,8.911545172405798
Ca Mau,2022-04-04,2.1335281170048774
Ca Mau,2022-04-05,0.7593272248105101
Ca Mau,2022-04-06,23.404750696521937
Ca Mau,2022-04-07,18.362357775445364
Ca Mau,2022-04-08,4.980363485224305
Ca Mau,2022-04-09,0.23192129980552018
Ca Mau,2022-04-10,4.172477540633267
Ca Mau,2022-04-11,3.1186659108248276
Ca Mau,2022-04-12,1.3615781023981282
Ca Mau,2022-04-13,1.401637704842505
Ca Mau,2022-04-14,1.348467757076278
Ca Mau,2022-04-15,3.8409459594290314
Ca Mau,2022-04-16,9.899642728530369
Ca Mau,2022-04-17,0
Ca Mau,2022-04-18,6.601952420522831
Ca Mau,2022-04-19,0.10515325396640418
Ca Mau,2022-04-20,0.3690661758436691
Ca Mau,2022-04-21,0.021957894253399245
Ca Mau,2022-04-22,0.03670610965847826
Ca Mau,2022-04-23,0.7190660477549453
Ca Mau,2022-04-24,1.2222244000420466
Ca Mau,2022-04-25,0.014852412747716967
Ca Mau,2022-04-26,3.7008688320848377
Ca Mau,2022-04-27,3.0310889343036282
Ca Mau,2022-04-28,8.027628835006883
Ca Mau,2022-04-29,18.506295469914992
Ca Mau,2022-04-30,1.9589417293811948
Ca Mau,2022-05-01,5.571997949761197
Ca Mau,2022-05-02,8.198284022762314
Ca Mau,2022-05-03,12.022478052118785
Ca Mau,2022-05-04,14.806222754331289
Ca Mau,2022-05-05,1.8151826055443425
Ca Mau,2022-05-06,1.263301396474441
Ca Mau,2022-05-07,3.4643992339964718
Ca Mau,2022-05-08,12.416323173079448
Ca Mau,2022-05-09,11.889147655432543
Ca Mau,2022-05-10,5.426424919207558
Ca Mau,2022-05-11,2.9222823197727053
Ca Mau,2022-05-12,8.00095382033022
Ca Mau,2022-05-13,3.2037525224390184
Ca Mau,2022-05-14,2.353620988480126
Ca Mau,2022-05-15,1.6684811572299911
Ca Mau,2022-05-16,14.749821428096935
Ca Mau,2022-05-17,12.475100977438652
Ca Mau,2022-05-18,10.63725502201624
Ca Mau,2022-05-19,3.167601824095058
Ca Mau,2022-05-20,1.328108341281079
Ca Mau,2022-05-21,9.249200295548814
Ca Mau,2022-05-22,28.52462132799439
Ca Mau,2022-05-23,8.7030846193577
Ca Mau,2022-05-24,0
Ca Mau,2022-05-25,0.012967112400944033
Ca Mau,2022-05-26,1.5775766448582902
Ca Mau,2022-05-27,23.78741734582107
Ca Mau,2022-05-28,17.75714787626426
Ca Mau,2022-05-29,11.93270986772254
Ca Mau,2022-05-30,16.162130728183815
Ca Mau,2022-05-31,4.557520163111491
Ca Mau,2022-06-01,1.7167538748975255
Ca Mau,2022-06-02,8.872130932649004
Ca Mau,2022-06-03,12.012113926957
Ca Mau,2022-06-04,9.362475351913595
Ca Mau,2022-06-05,0
Ca Mau,2022-06-06,3.4787801545982724
Ca Mau,2022-06-07,10.084845812263778
Ca Mau,2022-06-08,1.4732662746558887
Ca Mau,2022-06-09,2.515646624553413
Ca Mau,2022-06-10,5.808909791331411
Ca Mau,2022-06-11,2.5045984956912233
Ca Mau,2022-06-12,11.571847135667323
Ca Mau,2022-06-13,5.249477689759189
Ca Mau,2022-06-14,0.3901933927625023
Ca Mau,2022-06-15,0.19428646015825413
Ca Mau,2022-06-16,3.717538800245962
Ca Mau,2022-06-17,4.949359647276506
Ca Mau,2022-06-18,3.6576957066274276
Ca Mau,2022-06-19,7.156452210825008
Ca Mau,2022-06-20,11.75941022256662
Ca Mau,2022-06-21,1.7666301829458877
Ca Mau,2022-06-22,9.44298164253692
Ca Mau,2022-06-23,7.401947158374155
Ca Mau,2022-06-24,10.697869565144208
Ca Mau,2022-06-25,3.8708833572302734
Ca Mau,2022-06-26,6.336484756392792
Ca Mau,2022-06-27,0.8942198905476709
Ca Mau,2022-06-28,6.898817982916534
Ca Mau,2022-06-29,10.017697553878975
Ca Mau,2022-06-30,22.204122403855056
Ca Mau,2022-07-01,26.121111359857174
Ca Mau,2022-07-02,29.539109890782786
Ca Mau,2022-07-03,13.062590550356505
Ca Mau,2022-07-04,9.47063224231138
Ca Mau,2022-07-05,0.7892707396375228
Ca Mau,2022-07-06,10.363425603791843
Ca Mau,2022-07-07,3.4289531659474544
Ca Mau,2022-07-08,35.64518374514551
Ca Mau,2022-07-09,25.339922172559067
Ca Mau,2022-07-10,15.241827981476705
Ca Mau,2022-07-11,8.78045212455824
Ca Mau,2022-07-12,56.30939758068997
Ca Mau,2022-07-13,40.28727203465215
Ca Mau,2022-07-14,25.34033023482223
Ca Mau,2022-07-15,9.594463698511907
Ca Mau,2022-07-16,4.084552237333814
Ca Mau,2022-07-17,5.072186688630154
Ca Mau,2022-07-18,0.21909380498755515
Ca Mau,2022-07-19,15.056019810975473
Ca Mau,2022-07-20,23.560174971872986
Ca Mau,2022-07-21,15.041581539633128
Ca Mau,2022-07-22,0.0028750058961750672
Ca Mau,2022-07-23,16.989234956420585
Ca Mau,2022-07-24,0.8318335696865673
Ca Mau,2022-07-25,2.985797589989392
Ca Mau,2022-07-26,10.309891573855031
Ca Mau,2022-07-27,5.964495284404007
Ca Mau,2022-07-28,2.0403497882836032
Ca Mau,2022-07-29,1.6500321015616506
Ca Mau,2022-07-30,4.165760044517512
Ca Mau,2022-07-31,21.650566120723216
Ca Mau,2022-08-01,23.24051421057287
Ca Mau,2022-08-02,3.857831015813524
Ca Mau,2022-08-03,8.060094720543226
Ca Mau,2022-08-04,12.607652513416179
Ca Mau,2022-08-05,0.8337468109943849
Ca Mau,2022-08-06,27.169294812001446
Ca Mau,2022-08-07,19.587113643779073
Ca Mau,2022-08-08,14.639087918240415
Ca Mau,2022-08-09,10.682664943271133
Ca Mau,2022-08-10,15.491148583906309
Ca Mau,2022-08-11,14.160409391543496
Ca Mau,2022-08-12,1.5083580959448655
Ca Mau,2022-08-13,2.027023589389429
Ca Mau,2022-08-14,0.624941169846231
Ca Mau,2022-08-15,9.985361022358944
Ca Mau,2022-08-16,4.197762126271969
Ca Mau,2022-08-17,0.5503984311327539
Ca Mau,2022-08-18,9.302382534579294
Ca Mau,2022-08-19,1.3770052240677229
Ca Mau,2022-08-20,2.231468192913189
Ca Mau,2022-08-21,4.762602785856721
Ca Mau,2022-08-22,2.629295379261262
Ca Mau,2022-08-23,3.2376039524302525
Ca Mau,2022-08-24,12.992834886758985
Ca Mau,2022-08-25,22.928732141239763
Ca Mau,2022-08-26,17.85282324782451
Ca Mau,2022-08-27,1.8594017184487
Ca Mau,2022-08-28,7.389234440723276
Ca Mau,2022-08-29,0.8693831209656412
Ca Mau,2022-08-30,0.569895217269479
Ca Mau,2022-08-31,7.986354533164002
Ca Mau,2022-09-01,7.450971309622663
Ca Mau,2022-09-02,7.9319442265015025
Ca Mau,2022-09-03,21.36471812483803
Ca Mau,2022-09-04,23.110041348207332
Ca Mau,2022-09-05,13.328015040655815
Ca Mau,2022-09-06,42.181233321398764
Ca Mau,2022-09-07,10.93161888938609
Ca Mau,2022-09-08,0
Ca Mau,2022-09-09,0.567976993816075
Ca Mau,2022-09-10,16.39641280665976
Ca Mau,2022-09-11,22.99825137388749
Ca Mau,2022-09-12,11.147141286628068
Ca Mau,2022-09-13,1.1930306607760501
Ca Mau,2022-09-14,3.948105011450662
Ca Mau,2022-09-15,6.565976814849994
Ca Mau,2022-09-16,15.804749404657931
Ca Mau,2022-09-17,17.753265790280945
Ca Mau,2022-09-18,5.977870362575427
Ca Mau,2022-09-19,0.0004720610027013409
Ca Mau,2022-09-20,3.6830513647418504
Ca Mau,2022-09-21,15.589762480562369
Ca Mau,2022-09-22,10.19704733144812
Ca Mau,2022-09-23,3.592012938657077
Ca Mau,2022-09-24,3.91615757113717
Ca Mau,2022-09-25,14.114172808735875
Ca Mau,2022-09-26,8.243496768401785
Ca Mau,2022-09-27,12.611304047047888
Ca Mau,2022-09-28,38.255194969232015
Ca Mau,2022-09-29,18.738640735702912
Ca Mau,2022-09-30,8.711329455837664
Ca Mau,2022-10-01,4.271472483170654
Ca Mau,2022-10-02,15.454742671843023
Ca Mau,2022-10-03,8.022974401261962
Ca Mau,2022-10-04,16.508887621618033
Ca Mau,2022-10-05,24.78137549992197
Ca Mau,2022-10-06,2.88985134858048
Ca Mau,2022-10-07,2.888212709245076
Ca Mau,2022-10-08,25.10800698604954
Ca Mau,2022-10-09,5.286037042831604
Ca Mau,2022-10-10,3.74607767065156
Ca Mau,2022-10-11,2.7290418588048473
Ca Mau,2022-10-12,17.469591492888362
Ca Mau,2022-10-13,19.80782600024665
Ca Mau,2022-10-14,3.384798968303161
Ca Mau,2022-10-15,0
Ca Mau,2022-10-16,0.08085260183483979
Ca Mau,2022-10-17,0
Ca Mau,2022-10-18,7.1685775955091655
Ca Mau,2022-10-19,9.584647314517147
Ca Mau,2022-10-20,14.499664918831504
Ca Mau,2022-10-21,18.974255897366014
Ca Mau,2022-10-22,2.461767251755336
Ca Mau,2022-10-23,7.145297053322974
Ca Mau,2022-10-24,18.1160467194783
Ca Mau,2022-10-25,4.460885567840602
Ca Mau,2022-10-26,9.941633632318755
Ca Mau,2022-10-27,7.41579615638255
Ca Mau,2022-10-28,16.777759116228587
Ca Mau,2022-10-29,1.20189195835767
Ca Mau,2022-10-30,1.5851569052925278
Ca Mau,2022-10-31,0
Ca Mau,2022-11-01,0
Ca Mau,2022-11-02,0.032203695911378075
Ca Mau,2022-11-03,21.900338725985325
Ca Mau,2022-11-04,31.487485473216534
Ca Mau,2022-11-05,29.562705316748644
Ca Mau,2022-11-06,4.381023448235396
Ca Mau,2022-11-07,4.845201312932565
Ca Mau,2022-11-08,11.719424991115053
Ca Mau,2022-11-09,1.4723324803534128
Ca Mau,2022-11-10,3.825209588470095
Ca Mau,2022-11-11,0.7751186519969334
Ca Mau,2022-11-12,3.851744612856818
Ca Mau,2022-11-13,6.036226724230539
Ca Mau,2022-11-14,20.131510166962617
Ca Mau,2022-11-15,0
Ca Mau,2022-11-16,0.10159759855904635
Ca Mau,2022-11-17,3.0223269871421437
Ca Mau,2022-11-18,24.451970539815928
Ca Mau,2022-11-19,7.307668189796316
Ca Mau,2022-11-20,60.05089657015858
Ca Mau,2022-11-21,28.686206866222406
Ca Mau,2022-11-22,6.063898084741516
Ca Mau,2022-11-23,7.563932212824151
Ca Mau,2022-11-24,0.5607779212250965
Ca Mau,2022-11-25,0.1531548158883905
Ca Mau,2022-11-26,2.193327808385533
Ca Mau,2022-11-27,10.619938625633145
Ca Mau,2022-11-28,0.3565099793593282
Ca Mau,2022-11-29,0.00021875202385517254
Ca Mau,2022-11-30,9.559314826415564
Ca Mau,2022-12-01,11.78080458082304
Ca Mau,2022-12-02,14.90881776215088
Ca Mau,2022-12-03,22.509780858545383
Ca Mau,2022-12-04,2.325179913059833
Ca Mau,2022-12-05,0.10593335061112227
Ca Mau,2022-12-06,0.2382968292991658
Ca Mau,2022-12-07,0.43469147310742023
Ca Mau,2022-12-08,6.127586146472012
Ca Mau,2022-12-09,0.024885526321098632
Ca Mau,2022-12-10,5.371651496598555
Ca Mau,2022-12-11,0
Ca Mau,2022-12-12,0.8163157962803184
Ca Mau,2022-12-13,0
Ca Mau,2022-12-14,0
Ca Mau,2022-12-15,0
Ca Mau,2022-12-16,0.4236123823440278
Ca Mau,2022-12-17,1.372458134274457
Ca Mau,2022-12-18,1.030886012308543
Ca Mau,2022-12-19,0
Ca Mau,2022-12-20,0
Ca Mau,2022-12-21,4.2617399373520835
Ca Mau,2022-12-22,0
Ca Mau,2022-12-23,0
Ca Mau,2022-12-24,1.0316542902558217
Ca Mau,2022-12-25,0.1077361953418878
Ca Mau,2022-12-26,3.7069667456705395
Ca Mau,2022-12-27,0
Ca Mau,2022-12-28,0.059958482893159075
Ca Mau,2022-12-29,0.3341565578973244
Ca Mau,2022-12-30,0.5269547013505087
Ca Mau,2022-12-31,0.41283978457183124
Ca Mau,2023-01-01,0
Ca Mau,2023-01-02,1.8146654822026915
Ca Mau,2023-01-03,0.7248935540068219
Ca Mau,2023-01-04,1.0359082522575702
Ca Mau,2023-01-05,1.5840283229861511
Ca Mau,2023-01-06,0.05389369587259687
Ca Mau,2023-01-07,5.904972341943178
Ca Mau,2023-01-08,6.0796130406957465
Ca Mau,2023-01-09,1.0395808310541885
Ca Mau,2023-01-10,1.4672246571301408
Ca Mau,2023-01-11,0.7607855340049232
Ca Mau,2023-01-12,0.005087341009633575
Ca Mau,2023-01-13,0.18895123385460524
Ca Mau,2023-01-14,0.024359293615371178
Ca Mau,2023-01-15,0
Ca Mau,2023-01-16,0
Ca Mau,2023-01-17,0.07050142108835508
Ca Mau,2023-01-18,0.04127118903175088
Ca Mau,2023-01-19,0.01969587972259292
Ca Mau,2023-01-20,5.061128952050588
Ca Mau,2023-01-21,1.2748215961368017
Ca Mau,2023-01-22,0.4828568950065716
Ca Mau,2023-01-23,0.0615412882465009
Ca Mau,2023-01-24,0.1902513646147921
Ca Mau,2023-01-25,0.2337396955061277
Ca Mau,2023-01-26,3.961286362596172
Ca Mau,2023-01-27,1.4794497874688173
Ca Mau,2023-01-28,0.380998256279577
Ca Mau,2023-01-29,0.188722836232081
Ca Mau,2023-01-30,2.94309217433255
Ca Mau,2023-01-31,0.1699113253449984
Ca Mau,2023-02-01,6.8743313715231285
Ca Mau,2023-02-02,0.021496984630174486
Ca Mau,2023-02-03,1.1549555272890983
Ca Mau,2023-02-04,0.05200617460414606
Ca Mau,2023-02-05,0
Ca Mau,2023-02-06,0
Ca Mau,2023-02-07,0
Ca Mau,2023-02-08,0
Ca Mau,2023-02-09,0
Ca Mau,2023-02-10,0
Ca Mau,2023-02-11,0
Ca Mau,2023-02-12,0.6829968220053161
Ca Mau,2023-02-13,6.751379816147626
Ca Mau,2023-02-14,0
Ca Mau,2023-02-15,0
Ca Mau,2023-02-16,0
Ca Mau,2023-02-17,0
Ca Mau,2023-02-18,0
Ca Mau,2023-02-19,0.21490876019415436
Ca Mau,2023-02-20,0
Ca Mau,2023-02-21,0.019222109068405824
Ca Mau,2023-02-22,0
Ca Mau,2023-02-23,0
Ca Mau,2023-02-24,0
Ca Mau,2023-02-25,0
Ca Mau,2023-02-26,0
Ca Mau,2023-02-27,0.06480336536122928
Ca Mau,2023-02-28,0.9988210858729869
Ca Mau,2023-03-01,1.3066995183958652
Ca Mau,2023-03-02,0.6352452453689826
Ca Mau,2023-03-03,2.4123196255194967
Ca Mau,2023-03-04,0.24821757127450925
Ca Mau,2023-03-05,4.430397976811485
Ca Mau,2023-03-06,0.04460445798690261
Ca Mau,2023-03-07,0
Ca Mau,2023-03-08,0.09874457043641786
Ca Mau,2023-03-09,0
Ca Mau,2023-03-10,0
Ca Mau,2023-03-11,0
Ca Mau,2023-03-12,6.294813561180052e-05
Ca Mau,2023-03-13,0
Ca Mau,2023-03-14,0
Ca Mau,2023-03-15,0
Ca Mau,2023-03-16,0
Ca Mau,2023-03-17,0
Ca Mau,2023-03-18,0
Ca Mau,2023-03-19,0
Ca Mau,2023-03-20,0
Ca Mau,2023-03-21,0
Ca Mau,2023-03-22,0
Ca Mau,2023-03-23,0
Ca Mau,2023-03-24,0
Ca Mau,2023-03-25,0
Ca Mau,2023-03-26,0
Ca Mau,2023-03-27,0
Ca Mau,2023-03-28,0.009492983406425392
Ca Mau,2023-03-29,0
Ca Mau,2023-03-30,0.011426780616105544
Ca Mau,2023-03-31,0
Ca Mau,2023-04-01,0
Ca Mau,2023-04-02,0.8783181965567329
Ca Mau,2023-04-03,2.7544837474672113
Ca Mau,2023-04-04,2.4368305010180555
Ca Mau,2023-04-05,0.40752621228494756
Ca Mau,2023-04-06,0
Ca Mau,2023-04-07,0.023808043274438376
Ca Mau,2023-04-08,0
Ca Mau,2023-04-09,0.08619845141414578
Ca Mau,2023-04-10,0
Ca Mau,2023-04-11,0
Ca Mau,2023-04-12,0
Ca Mau,2023-04-13,0.08447997448594281
Ca Mau,2023-04-14,0
Ca Mau,2023-04-15,13.302056287641681
Ca Mau,2023-04-16,17.842044981369956
Ca Mau,2023-04-17,0.4480376811934571
Ca Mau,2023-04-18,0.021224434608019257
Ca Mau,2023-04-19,1.2189751737261199
Ca Mau,2023-04-20,1.2919236917359513
Ca Mau,2023-04-21,3.539554322032573
Ca Mau,2023-04-22,1.7779505118015968
Ca Mau,2023-04-23,0
Ca Mau,2023-04-24,2.372855226796441
Ca Mau,2023-04-25,7.870892970781088
Ca Mau,2023-04-26,0.46762003237888367
Ca Mau,2023-04-27,0.06779127347281942
Ca Mau,2023-04-28,6.871746594160616
Ca Mau,2023-04-29,3.808869925729635
Ca Mau,2023-04-30,7.408325820900007
Ca Mau,2023-05-01,0.43479842761984205
Ca Mau,2023-05-02,0.0002442012927264084
Ca Mau,2023-05-03,0
Ca Mau,2023-05-04,0.3954421554071585
Ca Mau,2023-05-05,5.617158745758985
Ca Mau,2023-05-06,1.128743815135567
Ca Mau,2023-05-07,0
Ca Mau,2023-05-08,8.15928704019055
Ca Mau,2023-05-09,3.8898825232601744
Ca Mau,2023-05-10,1.740267918914774
Ca Mau,2023-05-11,17.734342798257327
Ca Mau,2023-05-12,8.453467713292811
Ca Mau,2023-05-13,1.5461904570604474
Ca Mau,2023-05-14,4.199773648368622
Ca Mau,2023-05-15,1.6243726977990651
Ca Mau,2023-05-16,0.7139019276158483
Ca Mau,2023-05-17,5.546967536449758
Ca Mau,2023-05-18,4.739142250877772
Ca Mau,2023-05-19,0.9361167013771303
Ca Mau,2023-05-20,15.05049738878027
Ca Mau,2023-05-21,14.970120345504723
Ca Mau,2023-05-22,7.814152934747282
Ca Mau,2023-05-23,4.69395309919548
Ca Mau,2023-05-24,1.2175759576720517
Ca Mau,2023-05-25,4.306329416316072
Ca Mau,2023-05-26,12.242047534041568
Ca Mau,2023-05-27,17.841165114865344
Ca Mau,2023-05-28,10.770585506974287
Ca Mau,2023-05-29,12.093312094972317
Ca Mau,2023-05-30,6.694115763014365
Ca Mau,2023-05-31,9.079723756566667
Ca Mau,2023-06-01,1.393661126656573
Ca Mau,2023-06-02,2.9653074675596613
Ca Mau,2023-06-03,4.053640260499652
Ca Mau,2023-06-04,9.10455462212214
Ca Mau,2023-06-05,13.331955334809052
Ca Mau,2023-06-06,11.974138994341976
Ca Mau,2023-06-07,25.5959818347559
Ca Mau,2023-06-08,18.8310776619779
Ca Mau,2023-06-09,6.120932140375212
Ca Mau,2023-06-10,20.614900083791245
Ca Mau,2023-06-11,0.0002778777999053412
Ca Mau,2023-06-12,8.580937397027753
Ca Mau,2023-06-13,6.192640469843096
Ca Mau,2023-06-14,1.1292523388517743
Ca Mau,2023-06-15,0.8556478517907062
Ca Mau,2023-06-16,3.685112293453792
Ca Mau,2023-06-17,10.80408438678917
Ca Mau,2023-06-18,11.80889081679276
Ca Mau,2023-06-19,0
Ca Mau,2023-06-20,5.653274205892811
Ca Mau,2023-06-21,2.6204801242158915
Ca Mau,2023-06-22,2.1527907577857945
Ca Mau,2023-06-23,0
Ca Mau,2023-06-24,0.16322373645886912
Ca Mau,2023-06-25,4.364910814239946
Ca Mau,2023-06-26,5.6706857028920705
Ca Mau,2023-06-27,9.466713563134803
Ca Mau,2023-06-28,6.036999101672851
Ca Mau,2023-06-29,4.023919882444258
Ca Mau,2023-06-30,6.5903510967046595
Ca Mau,2023-07-01,14.365440895310199
Ca Mau,2023-07-02,4.940444988623137
Ca Mau,2023-07-03,14.922493588679362
Ca Mau,2023-07-04,5.7132805012608
Ca Mau,2023-07-05,10.878234561167865
Ca Mau,2023-07-06,4.935300285561955
Ca Mau,2023-07-07,6.240879417024332
Ca Mau,2023-07-08,9.019431286181765
Ca Mau,2023-07-09,2.1317428987892186
Ca Mau,2023-07-10,1.1757206781851774
Ca Mau,2023-07-11,3.5354945574410754
Ca Mau,2023-07-12,1.8919516925980429
Ca Mau,2023-07-13,12.973577863026641
Ca Mau,2023-07-14,5.787217668643924
Ca Mau,2023-07-15,2.9408386543239984
Ca Mau,2023-07-16,52.83844656959414
Ca Mau,2023-07-17,51.265446442953056
Ca Mau,2023-07-18,32.50746205881545
Ca Mau,2023-07-19,40.50427042692
Ca Mau,2023-07-20,8.009787024463897
Ca Mau,2023-07-21,11.510376622096302
Ca Mau,2023-07-22,3.923607475677239
Ca Mau,2023-07-23,18.055517060544798
Ca Mau,2023-07-24,24.76506461070665
Ca Mau,2023-07-25,15.114915073836881
Ca Mau,2023-07-26,0.88907226886794
Ca Mau,2023-07-27,31.434054293792524
Ca Mau,2023-07-28,25.999538340296112
Ca Mau,2023-07-29,29.404442153267457
Ca Mau,2023-07-30,27.115739124916065
Ca Mau,2023-07-31,4.634030050078933
Ca Mau,2023-08-01,0.4424796921157132
Ca Mau,2023-08-02,6.050203215911932
Ca Mau,2023-08-03,0.4474980082844883
Ca Mau,2023-08-04,0.10129493990960335
Ca Mau,2023-08-05,0
Ca Mau,2023-08-06,4.253098349558798
Ca Mau,2023-08-07,0.0002584271087900183
Ca Mau,2023-08-08,0.04929690543413525
Ca Mau,2023-08-09,0.004547900730854368
Ca Mau,2023-08-10,0.00029875419160042604
Ca Mau,2023-08-11,0.2344243905924829
Ca Mau,2023-08-12,1.7208672709844144
Ca Mau,2023-08-13,17.983178742617337
Ca Mau,2023-08-14,24.449632240736356
Ca Mau,2023-08-15,16.86795919882235
Ca Mau,2023-08-16,7.298334344338624
Ca Mau,2023-08-17,0.5362965842796786
Ca Mau,2023-08-18,24.809422629875243
Ca Mau,2023-08-19,46.76274609612584
Ca Mau,2023-08-20,10.763902151599044
Ca Mau,2023-08-21,2.381435406845888
Ca Mau,2023-08-22,10.65321135086243
Ca Mau,2023-08-23,0.013106539187797472
Ca Mau,2023-08-24,0
Ca Mau,2023-08-25,3.2541297270208074
Ca Mau,2023-08-26,3.3240017798721384
Ca Mau,2023-08-27,3.6013421563132084
Ca Mau,2023-08-28,9.330468981359006
Ca Mau,2023-08-29,10.671244675232764
Ca Mau,2023-08-30,5.888925342004132
Ca Mau,2023-08-31,15.59943408587951
Ca Mau,2023-09-01,33.54038487117122
Ca Mau,2023-09-02,30.734618474487256
Ca Mau,2023-09-03,17.659822274238206
Ca Mau,2023-09-04,27.13639212303324
Ca Mau,2023-09-05,7.490609850630868
Ca Mau,2023-09-06,10.441183832997718
Ca Mau,2023-09-07,17.252686348970105
Ca Mau,2023-09-08,18.95233443423549
Ca Mau,2023-09-09,14.459056775751192
Ca Mau,2023-09-10,4.376965188814335
Ca Mau,2023-09-11,0
Ca Mau,2023-09-12,7.058853618458296
Ca Mau,2023-09-13,14.281540203817022
Ca Mau,2023-09-14,18.56401975406503
Ca Mau,2023-09-15,1.7135719166395174
Ca Mau,2023-09-16,4.668825387008751
Ca Mau,2023-09-17,5.466037090723614
Ca Mau,2023-09-18,1.0006319640256118
Ca Mau,2023-09-19,17.944312328529048
Ca Mau,2023-09-20,3.776692840949765
Ca Mau,2023-09-21,7.797415069641127
Ca Mau,2023-09-22,11.889966910896417
Ca Mau,2023-09-23,10.097279459211029
Ca Mau,2023-09-24,19.44454141744969
Ca Mau,2023-09-25,21.673979428633963
Ca Mau,2023-09-26,26.82258156132959
Ca Mau,2023-09-27,11.036151712631952
Ca Mau,2023-09-28,0.7562845766075869
Ca Mau,2023-09-29,3.4390095101788805
Ca Mau,2023-09-30,4.573870291097819
Ca Mau,2023-10-01,36.22728865257632
Ca Mau,2023-10-02,31.351506947786387
Ca Mau,2023-10-03,10.805592897626266
Ca Mau,2023-10-04,4.142382403455018
Ca Mau,2023-10-05,5.640044869424861
Ca Mau,2023-10-06,0
Ca Mau,2023-10-07,2.303538786492873
Ca Mau,2023-10-08,8.205641881739579
Ca Mau,2023-10-09,0.2914084538258839
Ca Mau,2023-10-10,3.6883440668207057
Ca Mau,2023-10-11,3.330940771338947
Ca Mau,2023-10-12,2.4663874551095306
Ca Mau,2023-10-13,4.682468322462696
Ca Mau,2023-10-14,10.165899574252116
Ca Mau,2023-10-15,18.008400989946402
Ca Mau,2023-10-16,24.95165501922333
Ca Mau,2023-10-17,9.49644020733119
Ca Mau,2023-10-18,0.0389044949877219
Ca Mau,2023-10-19,4.737361186171604
Ca Mau,2023-10-20,0.9961147054471304
Ca Mau,2023-10-21,16.86275750084216
Ca Mau,2023-10-22,2.3799974235290495
Ca Mau,2023-10-23,7.85855484305191
Ca Mau,2023-10-24,1.2228580528494095
Ca Mau,2023-10-25,3.130347637637568
Ca Mau,2023-10-26,1.5038032352005422
Ca Mau,2023-10-27,4.74707083559022
Ca Mau,2023-10-28,13.076353937036114
Ca Mau,2023-10-29,15.659668344540355
Ca Mau,2023-10-30,16.85214728953041
Ca Mau,2023-10-31,10.090442158966502
Ca Mau,2023-11-01,19.301763070609873
Ca Mau,2023-11-02,20.860712181880377
Ca Mau,2023-11-03,3.6990824741060253
Ca Mau,2023-11-04,3.4415585913728073
Ca Mau,2023-11-05,3.643302675791564
Ca Mau,2023-11-06,4.946031474536501
Ca Mau,2023-11-07,6.391632081731308
Ca Mau,2023-11-08,2.2051977354587216
Ca Mau,2023-11-09,11.738119891591314
Ca Mau,2023-11-10,8.995849847500782
Ca Mau,2023-11-11,50.34326337742765
Ca Mau,2023-11-12,4.318363445539574
Ca Mau,2023-11-13,5.863504507782744
Ca Mau,2023-11-14,16.522834091297522
Ca Mau,2023-11-15,22.57961731417581
Ca Mau,2023-11-16,30.321280337230487
Ca Mau,2023-11-17,0.2885645782662852
Ca Mau,2023-11-18,7.019222753052628
Ca Mau,2023-11-19,4.7375064998721
Ca Mau,2023-11-20,0.021489332672186036
Ca Mau,2023-11-21,0.00020294440989050358
Ca Mau,2023-11-22,1.1159075396732312
Ca Mau,2023-11-23,6.828171152157538
Ca Mau,2023-11-24,2.1373808803138172
Ca Mau,2023-11-25,19.069185061071714
Ca Mau,2023-11-26,13.011454404868918
Ca Mau,2023-11-27,2.3699162821617645
Ca Mau,2023-11-28,7.411973782086426
Ca Mau,2023-11-29,0.42642508217886993
Ca Mau,2023-11-30,1.614272199936004
Ca Mau,2023-12-01,0.8408100388700904
Ca Mau,2023-12-02,26.03850078787274
Ca Mau,2023-12-03,0.3142659262345233
Ca Mau,2023-12-04,0.19026869995814574
Ca Mau,2023-12-05,14.136466878483205
Ca Mau,2023-12-06,0.7116250411585932
Ca Mau,2023-12-07,1.301389363000875
Ca Mau,2023-12-08,1.150757003012491
Ca Mau,2023-12-09,0
Ca Mau,2023-12-10,0
Ca Mau,2023-12-11,0
Ca Mau,2023-12-12,0
Ca Mau,2023-12-13,0
Ca Mau,2023-12-14,0.5139022619793466
Ca Mau,2023-12-15,0
Ca Mau,2023-12-16,0
Ca Mau,2023-12-17,0
Ca Mau,2023-12-18,0
Ca Mau,2023-12-19,0
Ca Mau,2023-12-20,1.6414772681531555
Ca Mau,2023-12-21,0
Ca Mau,2023-12-22,0.12189531893871433
Ca Mau,2023-12-23,0.0056601950792908836
Ca Mau,2023-12-24,0.23923712384131407
Ca Mau,2023-12-25,0
Ca Mau,2023-12-26,0
Ca Mau,2023-12-27,0
Ca Mau,2023-12-28,0.0003636618659458831
Ca Mau,2023-12-29,0
Ca Mau,2023-12-30,0
Ca Mau,2023-12-31,0
Ca Mau,2024-01-01,0.26795788628005285
Ca Mau,2024-01-02,0
Ca Mau,2024-01-03,0.553897024962281
Ca Mau,2024-01-04,0
Ca Mau,2024-01-05,1.0736885652274906
Ca Mau,2024-01-06,0.2734717378773454
Ca Mau,2024-01-07,0
Ca Mau,2024-01-08,3.208169248216351
Ca Mau,2024-01-09,0.8918523954626226
Ca Mau,2024-01-10,0
Ca Mau,2024-01-11,0
Ca Mau,2024-01-12,0.056319080734627734
Ca Mau,2024-01-13,0.07186440802534017
Ca Mau,2024-01-14,5.080348924860954
Ca Mau,2024-01-15,0.770520168382499
Ca Mau,2024-01-16,0.22346354435629331
Ca Mau,2024-01-17,1.3509930152369463
Ca Mau,2024-01-18,0
Ca Mau,2024-01-19,0
Ca Mau,2024-01-20,5.377182012155853
Ca Mau,2024-01-21,0
Ca Mau,2024-01-22,0
Ca Mau,2024-01-23,0
Ca Mau,2024-01-24,0
Ca Mau,2024-01-25,0
Ca Mau,2024-01-26,0
Ca Mau,2024-01-27,0
Ca Mau,2024-01-28,0
Ca Mau,2024-01-29,0
Ca Mau,2024-01-30,0
Ca Mau,2024-01-31,0
Ca Mau,2024-02-01,0
Ca Mau,2024-02-02,0
Ca Mau,2024-02-03,0
Ca Mau,2024-02-04,0
Ca Mau,2024-02-05,0.024942612858824757
Ca Mau,2024-02-06,0
Ca Mau,2024-02-07,0
Ca Mau,2024-02-08,0
Ca Mau,2024-02-09,0
Ca Mau,2024-02-10,0
Ca Mau,2024-02-11,0
Ca Mau,2024-02-12,0
Ca Mau,2024-02-13,0
Ca Mau,2024-02-14,0
Ca Mau,2024-02-15,0
Ca Mau,2024-02-16,0
Ca Mau,2024-02-17,0
Ca Mau,2024-02-18,0.024016638846106234
Ca Mau,2024-02-19,0
Ca Mau,2024-02-20,0
Ca Mau,2024-02-21,0
Ca Mau,2024-02-22,0
Ca Mau,2024-02-23,0
Ca Mau,2024-02-24,0
Ca Mau,2024-02-25,0
Ca Mau,2024-02-26,0
Ca Mau,2024-02-27,0
Ca Mau,2024-02-28,0
Ca Mau,2024-02-29,0
Ca Mau,2024-03-01,0.7213358371783201
Ca Mau,2024-03-02,0.12791780768437575
Ca Mau,2024-03-03,0
Ca Mau,2024-03-04,0
Ca Mau,2024-03-05,0
Ca Mau,2024-03-06,0.005986653583658075
Ca Mau,2024-03-07,0.8808989621239391
Ca Mau,2024-03-08,0
Ca Mau,2024-03-09,1.308305758023421
Ca Mau,2024-03-10,4.5001634806597295
Ca Mau,2024-03-11,0
Ca Mau,2024-03-12,0.05249082911061406
Ca Mau,2024-03-13,0.3510337680298949
Ca Mau,2024-03-14,0
Ca Mau,2024-03-15,0
Ca Mau,2024-03-16,0.03207335985088869
Ca Mau,2024-03-17,0
Ca Mau,2024-03-18,0
Ca Mau,2024-03-19,0
Ca Mau,2024-03-20,0
Ca Mau,2024-03-21,0
Ca Mau,2024-03-22,0
Ca Mau,2024-03-23,0
Ca Mau,2024-03-24,0
Ca Mau,2024-03-25,0
Ca Mau,2024-03-26,0
Ca Mau,2024-03-27,0.047421536938779464
Ca Mau,2024-03-28,1.6886093195892673
Ca Mau,2024-03-29,0
Ca Mau,2024-03-30,0
Ca Mau,2024-03-31,2.144985680280315
Ca Mau,2024-04-01,2.58442983168888
Ca Mau,2024-04-02,1.604288794359299
Ca Mau,2024-04-03,0
Ca Mau,2024-04-04,0
Ca Mau,2024-04-05,0
Ca Mau,2024-04-06,0
Ca Mau,2024-04-07,0
Ca Mau,2024-04-08,0.5025564506424743
Ca Mau,2024-04-09,0.282959560231906
Ca Mau,2024-04-10,0
Ca Mau,2024-04-11,1.4516445009873253
Ca Mau,2024-04-12,0.001729651063043427
Ca Mau,2024-04-13,1.0546466183876415
Ca Mau,2024-04-14,0.375284870556958
Ca Mau,2024-04-15,3.2441197716824456e-05
Ca Mau,2024-04-16,0.15141539448171754
Ca Mau,2024-04-17,0
Ca Mau,2024-04-18,0
Ca Mau,2024-04-19,0
Ca Mau,2024-04-20,0
Ca Mau,2024-04-21,0
Ca Mau,2024-04-22,0
Ca Mau,2024-04-23,0
Ca Mau,2024-04-24,0
Ca Mau,2024-04-25,0.7352815521959819
Ca Mau,2024-04-26,0.302078681665742
Ca Mau,2024-04-27,0
Ca Mau,2024-04-28,0.9297800775630879
Ca Mau,2024-04-29,0.013119144097168765
Ca Mau,2024-04-30,0.07552958621295508
Ca Mau,2024-05-01,0
Ca Mau,2024-05-02,0
Ca Mau,2024-05-03,2.320496377675933
Ca Mau,2024-05-04,9.472337073221935
Ca Mau,2024-05-05,11.326197092120678
Ca Mau,2024-05-06,3.4670731944573703
Ca Mau,2024-05-07,5.981598787874599
Ca Mau,2024-05-08,12.351533771849539
Ca Mau,2024-05-09,26.176930055517754
Ca Mau,2024-05-10,2.787619121706039
Ca Mau,2024-05-11,1.6845492717856154
Ca Mau,2024-05-12,0.2608802935700896
Ca Mau,2024-05-13,6.755064971853129
Ca Mau,2024-05-14,1.9548913990851262
Ca Mau,2024-05-15,13.592885524268748
Ca Mau,2024-05-16,13.738899265209897
Ca Mau,2024-05-17,10.408752117292481
Ca Mau,2024-05-18,2.1778957262464056
Ca Mau,2024-05-19,4.311976174782273
Ca Mau,2024-05-20,7.1132045588946
Ca Mau,2024-05-21,8.154396096395363
Ca Mau,2024-05-22,4.998864219588158
Ca Mau,2024-05-23,9.298600537740736
Ca Mau,2024-05-24,0.8772097372212323
Ca Mau,2024-05-25,0.24435568516657327
Ca Mau,2024-05-26,0.15249828463634246
Ca Mau,2024-05-27,10.169728834285632
Ca Mau,2024-05-28,17.6992909879105
Ca Mau,2024-05-29,15.802635278323043
Ca Mau,2024-05-30,18.318631973365353
Ca Mau,2024-05-31,20.20448926653367
Ca Mau,2024-06-01,12.754375653577906
Ca Mau,2024-06-02,7.835909931437357
Ca Mau,2024-06-03,12.849586297916712
Ca Mau,2024-06-04,0
Ca Mau,2024-06-05,7.8375806547746425
Ca Mau,2024-06-06,7.313137403224224
Ca Mau,2024-06-07,17.20361041228097
Ca Mau,2024-06-08,18.802224697754646
Ca Mau,2024-06-09,4.527222322347377
Ca Mau,2024-06-10,0.8872274735800592
Ca Mau,2024-06-11,2.2737536392520394
Ca Mau,2024-06-12,2.7409701731772222
Ca Mau,2024-06-13,4.469492605962806
Ca Mau,2024-06-14,3.324969140871316
Ca Mau,2024-06-15,19.429109398982842
Ca Mau,2024-06-16,0.1294123575974261
Ca Mau,2024-06-17,0.47409589902611593
Ca Mau,2024-06-18,16.633872184533065
Ca Mau,2024-06-19,11.833532914185973
Ca Mau,2024-06-20,48.98000422222799
Ca Mau,2024-06-21,36.98075933690481
Ca Mau,2024-06-22,37.89089993475753
Ca Mau,2024-06-23,18.597541617772393
Ca Mau,2024-06-24,40.31236454584562
Ca Mau,2024-06-25,0.6551730134034535
Ca Mau,2024-06-26,7.37973817384283
Ca Mau,2024-06-27,8.400412802693705
Ca Mau,2024-06-28,7.758916943895991
Ca Mau,2024-06-29,0
Ca Mau,2024-06-30,4.5599087389882
Ca Mau,2024-07-01,2.36127510788471
Ca Mau,2024-07-02,34.48691880421888
Ca Mau,2024-07-03,14.018682002287004
Ca Mau,2024-07-04,3.1407960872678276
Ca Mau,2024-07-05,2.042128646892677
Ca Mau,2024-07-06,3.5253456937827115
Ca Mau,2024-07-07,7.035708767507213
Ca Mau,2024-07-08,12.314214088617327
Ca Mau,2024-07-09,5.883682751769096
Ca Mau,2024-07-10,12.310839181988895
Ca Mau,2024-07-11,22.682073517750947
Ca Mau,2024-07-12,3.023796172850871
Ca Mau,2024-07-13,6.929047211689346
Ca Mau,2024-07-14,13.883448069804825
Ca Mau,2024-07-15,44.08947604579319
Ca Mau,2024-07-16,29.922733746009573
Ca Mau,2024-07-17,29.885261531320136
Ca Mau,2024-07-18,32.64803806840114
Ca Mau,2024-07-19,14.609842877956664
Ca Mau,2024-07-20,32.69033818041509
Ca Mau,2024-07-21,14.755296852691906
Ca Mau,2024-07-22,20.97024847537351
Ca Mau,2024-07-23,0.10155511231689819
Ca Mau,2024-07-24,3.474567566197616
Ca Mau,2024-07-25,23.26629164298724
Ca Mau,2024-07-26,34.327918688486264
Ca Mau,2024-07-27,27.860196173578487
Ca Mau,2024-07-28,4.318208876641372
Ca Mau,2024-07-29,0.5063562973558977
Ca Mau,2024-07-30,7.921368359987873
Ca Mau,2024-07-31,15.913037322191334
Ca Mau,2024-08-01,5.137042247101288
Ca Mau,2024-08-02,15.64203486252834
Ca Mau,2024-08-03,15.546250254123008
Ca Mau,2024-08-04,21.702480188222943
Ca Mau,2024-08-05,11.03274466962235
Ca Mau,2024-08-06,5.9306773260425025
Ca Mau,2024-08-07,4.890006108310846
Ca Mau,2024-08-08,0
Ca Mau,2024-08-09,0.11388195638500942
Ca Mau,2024-08-10,0.8423687180519971
Ca Mau,2024-08-11,2.807928717860721
Ca Mau,2024-08-12,3.624245410098131
Ca Mau,2024-08-13,11.932817964340499
Ca Mau,2024-08-14,0.4160393760905591
Ca Mau,2024-08-15,0.6886565219340657
Ca Mau,2024-08-16,0.5231922314701628
Ca Mau,2024-08-17,2.14117522049862
Ca Mau,2024-08-18,0.340183549192357
Ca Mau,2024-08-19,0.7559253154333768
Ca Mau,2024-08-20,0.3485825984370519
Ca Mau,2024-08-21,4.106741535945819
Ca Mau,2024-08-22,4.600321718749504
Ca Mau,2024-08-23,5.236306565233761
Ca Mau,2024-08-24,5.901692304395349
Ca Mau,2024-08-25,10.081367059217763
Ca Mau,2024-08-26,24.9534749647258
Ca Mau,2024-08-27,27.127102474491725
Ca Mau,2024-08-28,51.47006092934975
Ca Mau,2024-08-29,25.705946001835727
Ca Mau,2024-08-30,10.540494371606487
Ca Mau,2024-08-31,11.43856932729159
Ca Mau,2024-09-01,45.00247920934275
Ca Mau,2024-09-02,12.432892197628188
Ca Mau,2024-09-03,13.383330885289372
Ca Mau,2024-09-04,30.291843254916476
Ca Mau,2024-09-05,30.675097882639555
Ca Mau,2024-09-06,25.299766375713663
Ca Mau,2024-09-07,16.234381318074334
Ca Mau,2024-09-08,0.1393750503776368
Ca Mau,2024-09-09,0.015348802400615518
Ca Mau,2024-09-10,40.00403102198133
Ca Mau,2024-09-11,17.82245283015298
Ca Mau,2024-09-12,25.755617834852877
Ca Mau,2024-09-13,20.585057468474503
Ca Mau,2024-09-14,55.30517996251225
Ca Mau,2024-09-15,57.21018897510501
Ca Mau,2024-09-16,19.38540726371264
Ca Mau,2024-09-17,27.845396384515748
Ca Mau,2024-09-18,18.76445930747557
Ca Mau,2024-09-19,10.20212828590475
Ca Mau,2024-09-20,16.459647799039118
Ca Mau,2024-09-21,28.484475516746823
Ca Mau,2024-09-22,9.429556227679917
Ca Mau,2024-09-23,11.894726476617423
Ca Mau,2024-09-24,14.563541203539062
Ca Mau,2024-09-25,5.469479313136016
Ca Mau,2024-09-26,6.155237875482408
Ca Mau,2024-09-27,0.8894525444880582
Ca Mau,2024-09-28,0.5915455341951738
Ca Mau,2024-09-29,0.12010070283366811
Ca Mau,2024-09-30,0.32780262694537576
Ca Mau,2024-10-01,9.888713604891102
Ca Mau,2024-10-02,2.6181907946876803
Ca Mau,2024-10-03,13.078775861594453
Ca Mau,2024-10-04,14.388607336863645
Ca Mau,2024-10-05,17.581337848013806
Ca Mau,2024-10-06,6.943785217123282
Ca Mau,2024-10-07,8.687203967928022
Ca Mau,2024-10-08,22.643211618930724
Ca Mau,2024-10-09,15.770611111097217
Ca Mau,2024-10-10,25.404339989248623
Ca Mau,2024-10-11,13.325435157671595
Ca Mau,2024-10-12,6.098021282205201
Ca Mau,2024-10-13,7.1015191810901594
Ca Mau,2024-10-14,18.02644405205889
Ca Mau,2024-10-15,35.57705989052985
Ca Mau,2024-10-16,28.028466619334974
Ca Mau,2024-10-17,21.588088977554904
Ca Mau,2024-10-18,8.909406225511216
Ca Mau,2024-10-19,10.224904586030615
Ca Mau,2024-10-20,16.97373575583876
Ca Mau,2024-10-21,21.066238851364187
Ca Mau,2024-10-22,22.98755523119182
Ca Mau,2024-10-23,3.377435554066694
Ca Mau,2024-10-24,3.381063308147884
Ca Mau,2024-10-25,0.13536548942435614
Ca Mau,2024-10-26,11.201216866047172
Ca Mau,2024-10-27,11.992764760119602
Ca Mau,2024-10-28,7.129787264758906
Ca Mau,2024-10-29,10.55703405174625
Ca Mau,2024-10-30,0.0002253617023758618
Ca Mau,2024-10-31,0
Ca Mau,2024-11-01,7.231016032046393
Ca Mau,2024-11-02,28.6546625569553
Ca Mau,2024-11-03,29.37920912811949
Ca Mau,2024-11-04,38.11153116954679
Ca Mau,2024-11-05,9.403635915499432
Ca Mau,2024-11-06,6.068742620604431
Ca Mau,2024-11-07,6.76175459935595
Ca Mau,2024-11-08,3.2173005313293843
Ca Mau,2024-11-09,0.9631052063519032
Ca Mau,2024-11-10,2.553252060214079
Ca Mau,2024-11-11,0.04089012730781086
Ca Mau,2024-11-12,0.1306280787615275
Ca Mau,2024-11-13,0.08261060439041192
Ca Mau,2024-11-14,0
Ca Mau,2024-11-15,0
Ca Mau,2024-11-16,0.08609384172196259
Ca Mau,2024-11-17,0
Ca Mau,2024-11-18,0
Ca Mau,2024-11-19,0.09235961421279121
Ca Mau,2024-11-20,0.02614438745948828
Ca Mau,2024-11-21,0.0042825667716860066
Ca Mau,2024-11-22,0.24748303661936005
Ca Mau,2024-11-23,0.0019363546890387951
Ca Mau,2024-11-24,2.0341754206146563
Ca Mau,2024-11-25,0.6001934465809199
Ca Mau,2024-11-26,2.967401077401034
Ca Mau,2024-11-27,14.316954170733233
Ca Mau,2024-11-28,0.7298453933724905
Ca Mau,2024-11-29,20.579008217049633
Ca Mau,2024-11-30,4.522798778095082
Ca Mau,2024-12-01,0
Ca Mau,2024-12-02,7.1318256796856865
Ca Mau,2024-12-03,7.605731189003197
Ca Mau,2024-12-04,18.265369550474777
Ca Mau,2024-12-05,0
Ca Mau,2024-12-06,0.026525798067900994
Ca Mau,2024-12-07,0
Ca Mau,2024-12-08,3.8088494902825785
Ca Mau,2024-12-09,0.3038617152148609
Ca Mau,2024-12-10,10.818607312781419
Ca Mau,2024-12-11,9.24813342343075
Ca Mau,2024-12-12,6.386581486480667
Ca Mau,2024-12-13,18.772896833879997
Ca Mau,2024-12-14,4.566359436957047
Ca Mau,2024-12-15,0.4844048200073814
Ca Mau,2024-12-16,0.0007169658752854245
Ca Mau,2024-12-17,0
Ca Mau,2024-12-18,0
Ca Mau,2024-12-19,0
Ca Mau,2024-12-20,1.3550592521081675
Ca Mau,2024-12-21,0.8856951146642204
Ca Mau,2024-12-22,0
Ca Mau,2024-12-23,0
Ca Mau,2024-12-24,0.0720451474640217
Ca Mau,2024-12-25,0.596633797923628
Ca Mau,2024-12-26,9.334278735736481
Ca Mau,2024-12-27,2.0901154770438164
Ca Mau,2024-12-28,0
Ca Mau,2024-12-29,0
Ca Mau,2024-12-30,0.6699674277056232
Ca Mau,2024-12-31,2.172672455605602
Can Tho city,2019-01-01,3.361631082371133
Can Tho city,2019-01-02,10.839050400298184
Can Tho city,2019-01-03,1.281473556146549
Can Tho city,2019-01-04,1.9315424637495437
Can Tho city,2019-01-05,0
Can Tho city,2019-01-06,0
Can Tho city,2019-01-07,0
Can Tho city,2019-01-08,0
Can Tho city,2019-01-09,0
Can Tho city,2019-01-10,0
Can Tho city,2019-01-11,0
Can Tho city,2019-01-12,0
Can Tho city,2019-01-13,0
Can Tho city,2019-01-14,0
Can Tho city,2019-01-15,0.4090177970208601
Can Tho city,2019-01-16,0.0668775508602597
Can Tho city,2019-01-17,0
Can Tho city,2019-01-18,0
Can Tho city,2019-01-19,0
Can Tho city,2019-01-20,0
Can Tho city,2019-01-21,0
Can Tho city,2019-01-22,0
Can Tho city,2019-01-23,2.052511392278067
Can Tho city,2019-01-24,0
Can Tho city,2019-01-25,0
Can Tho city,2019-01-26,0
Can Tho city,2019-01-27,0
Can Tho city,2019-01-28,0
Can Tho city,2019-01-29,0
Can Tho city,2019-01-30,0
Can Tho city,2019-01-31,0
Can Tho city,2019-02-01,0
Can Tho city,2019-02-02,0
Can Tho city,2019-02-03,0
Can Tho city,2019-02-04,0
Can Tho city,2019-02-05,0
Can Tho city,2019-02-06,0
Can Tho city,2019-02-07,0
Can Tho city,2019-02-08,0
Can Tho city,2019-02-09,0
Can Tho city,2019-02-10,0
Can Tho city,2019-02-11,0
Can Tho city,2019-02-12,0
Can Tho city,2019-02-13,0
Can Tho city,2019-02-14,0
Can Tho city,2019-02-15,0
Can Tho city,2019-02-16,0
Can Tho city,2019-02-17,0
Can Tho city,2019-02-18,0
Can Tho city,2019-02-19,0
Can Tho city,2019-02-20,0
Can Tho city,2019-02-21,0
Can Tho city,2019-02-22,0
Can Tho city,2019-02-23,0
Can Tho city,2019-02-24,0
Can Tho city,2019-02-25,0
Can Tho city,2019-02-26,0
Can Tho city,2019-02-27,0
Can Tho city,2019-02-28,0
Can Tho city,2019-03-01,0.017196553448493686
Can Tho city,2019-03-02,0
Can Tho city,2019-03-03,0
Can Tho city,2019-03-04,0
Can Tho city,2019-03-05,0
Can Tho city,2019-03-06,0
Can Tho city,2019-03-07,0
Can Tho city,2019-03-08,0
Can Tho city,2019-03-09,0.14265267714231608
Can Tho city,2019-03-10,0
Can Tho city,2019-03-11,0
Can Tho city,2019-03-12,0
Can Tho city,2019-03-13,0
Can Tho city,2019-03-14,0
Can Tho city,2019-03-15,0
Can Tho city,2019-03-16,0
Can Tho city,2019-03-17,0
Can Tho city,2019-03-18,0
Can Tho city,2019-03-19,0
Can Tho city,2019-03-20,0
Can Tho city,2019-03-21,0.7680706852144572
Can Tho city,2019-03-22,0
Can Tho city,2019-03-23,0.5557851628383054
Can Tho city,2019-03-24,0.002333851373253157
Can Tho city,2019-03-25,0
Can Tho city,2019-03-26,0
Can Tho city,2019-03-27,0
Can Tho city,2019-03-28,0
Can Tho city,2019-03-29,5.726964815808195
Can Tho city,2019-03-30,0.05302883702915014
Can Tho city,2019-03-31,1.4257771533082713
Can Tho city,2019-04-01,1.0065603686726396
Can Tho city,2019-04-02,0
Can Tho city,2019-04-03,5.129904832813672
Can Tho city,2019-04-04,6.238638630971505
Can Tho city,2019-04-05,0
Can Tho city,2019-04-06,0
Can Tho city,2019-04-07,0
Can Tho city,2019-04-08,0
Can Tho city,2019-04-09,0
Can Tho city,2019-04-10,0
Can Tho city,2019-04-11,0.8894163462640825
Can Tho city,2019-04-12,3.3859103156154844
Can Tho city,2019-04-13,0
Can Tho city,2019-04-14,0
Can Tho city,2019-04-15,0.08239276962884945
Can Tho city,2019-04-16,0.4309227690377947
Can Tho city,2019-04-17,0
Can Tho city,2019-04-18,4.184098249628655
Can Tho city,2019-04-19,0
Can Tho city,2019-04-20,2.75883912390302
Can Tho city,2019-04-21,0.07685289814215227
Can Tho city,2019-04-22,0.0023447690505427267
Can Tho city,2019-04-23,0.8068064313399882
Can Tho city,2019-04-24,0.014190269536662874
Can Tho city,2019-04-25,0.2622974926447925
Can Tho city,2019-04-26,0.03601607039088137
Can Tho city,2019-04-27,4.420079257618057
Can Tho city,2019-04-28,9.80300024602431
Can Tho city,2019-04-29,0
Can Tho city,2019-04-30,0.04280596288790133
Can Tho city,2019-05-01,0
Can Tho city,2019-05-02,11.19366815640629
Can Tho city,2019-05-03,7.672483200405809
Can Tho city,2019-05-04,0.2777704866896983
Can Tho city,2019-05-05,0.0686699703921128
Can Tho city,2019-05-06,3.84271272834131
Can Tho city,2019-05-07,1.003104974466057
Can Tho city,2019-05-08,5.134154218086119
Can Tho city,2019-05-09,7.034585625216681
Can Tho city,2019-05-10,9.961644642867357
Can Tho city,2019-05-11,8.941681509096814
Can Tho city,2019-05-12,6.731720142081882
Can Tho city,2019-05-13,3.470649012641854
Can Tho city,2019-05-14,3.5782294160657546
Can Tho city,2019-05-15,7.4897896568993705
Can Tho city,2019-05-16,2.1378197307343485
Can Tho city,2019-05-17,0.544468921550301
Can Tho city,2019-05-18,6.09749959970983
Can Tho city,2019-05-19,9.524199089980964
Can Tho city,2019-05-20,4.827077813989783
Can Tho city,2019-05-21,8.90053901212286
Can Tho city,2019-05-22,14.087299272457042
Can Tho city,2019-05-23,0
Can Tho city,2019-05-24,2.5416870606512467
Can Tho city,2019-05-25,11.342599148589276
Can Tho city,2019-05-26,6.120562348178465
Can Tho city,2019-05-27,7.046357238678829
Can Tho city,2019-05-28,10.059143852908228
Can Tho city,2019-05-29,8.423789186267339
Can Tho city,2019-05-30,5.546445308825952
Can Tho city,2019-05-31,1.1524248242460389
Can Tho city,2019-06-01,0.7004890860236158
Can Tho city,2019-06-02,8.59737973735712
Can Tho city,2019-06-03,9.173085507617001
Can Tho city,2019-06-04,9.81113177088521
Can Tho city,2019-06-05,12.122471499722385
Can Tho city,2019-06-06,3.075510872733091
Can Tho city,2019-06-07,7.1319904086673604
Can Tho city,2019-06-08,6.334644980401025
Can Tho city,2019-06-09,16.646150061017803
Can Tho city,2019-06-10,12.507381681143864
Can Tho city,2019-06-11,3.395469719471396
Can Tho city,2019-06-12,6.079528763046106
Can Tho city,2019-06-13,6.3406391338674375
Can Tho city,2019-06-14,3.599272649063067
Can Tho city,2019-06-15,9.170092065871623
Can Tho city,2019-06-16,16.382787609034608
Can Tho city,2019-06-17,11.744179480853035
Can Tho city,2019-06-18,0
Can Tho city,2019-06-19,0
Can Tho city,2019-06-20,12.079103933540726
Can Tho city,2019-06-21,21.782800072526037
Can Tho city,2019-06-22,13.29068755360819
Can Tho city,2019-06-23,0
Can Tho city,2019-06-24,7.475834638443096
Can Tho city,2019-06-25,11.498311610915266
Can Tho city,2019-06-26,0
Can Tho city,2019-06-27,0
Can Tho city,2019-06-28,17.612132239095256
Can Tho city,2019-06-29,1.4327071764648245
Can Tho city,2019-06-30,10.521850273446486
Can Tho city,2019-07-01,13.507454059207785
Can Tho city,2019-07-02,26.473937069967135
Can Tho city,2019-07-03,6.746617533764617
Can Tho city,2019-07-04,13.150683268343965
Can Tho city,2019-07-05,0.2861722628385095
Can Tho city,2019-07-06,0
Can Tho city,2019-07-07,2.029576721296566
Can Tho city,2019-07-08,2.2272977232686566
Can Tho city,2019-07-09,0
Can Tho city,2019-07-10,0
Can Tho city,2019-07-11,0
Can Tho city,2019-07-12,1.170070657033414
Can Tho city,2019-07-13,3.7669330864097224
Can Tho city,2019-07-14,6.6198924682454185
Can Tho city,2019-07-15,11.662464582303897
Can Tho city,2019-07-16,15.164667789530212
Can Tho city,2019-07-17,14.68665944292658
Can Tho city,2019-07-18,2.9440501541043056
Can Tho city,2019-07-19,0.4186935682119294
Can Tho city,2019-07-20,1.1253237109443877
Can Tho city,2019-07-21,0
Can Tho city,2019-07-22,13.043485554557764
Can Tho city,2019-07-23,6.3090373899918575
Can Tho city,2019-07-24,15.368976157324466
Can Tho city,2019-07-25,2.9171651100800156
Can Tho city,2019-07-26,1.1499317869492676
Can Tho city,2019-07-27,13.400457866794891
Can Tho city,2019-07-28,10.676679920312207
Can Tho city,2019-07-29,11.765886166899227
Can Tho city,2019-07-30,0.11610429607367695
Can Tho city,2019-07-31,7.94422608549064
Can Tho city,2019-08-01,6.0784757084554
Can Tho city,2019-08-02,11.504793192188458
Can Tho city,2019-08-03,9.779296567635562
Can Tho city,2019-08-04,2.355829407246995
Can Tho city,2019-08-05,4.680006354172257
Can Tho city,2019-08-06,16.02094847641674
Can Tho city,2019-08-07,0.02193426530497555
Can Tho city,2019-08-08,11.841295576982874
Can Tho city,2019-08-09,1.6298836376156005
Can Tho city,2019-08-10,1.4592044377474847
Can Tho city,2019-08-11,4.811786225612699
Can Tho city,2019-08-12,0
Can Tho city,2019-08-13,5.126170081060396
Can Tho city,2019-08-14,0
Can Tho city,2019-08-15,0.18824220898231905
Can Tho city,2019-08-16,0.6104790813425012
Can Tho city,2019-08-17,0.8973746827189303
Can Tho city,2019-08-18,0
Can Tho city,2019-08-19,0
Can Tho city,2019-08-20,11.815257311458836
Can Tho city,2019-08-21,2.26816726585325
Can Tho city,2019-08-22,2.434206160703747
Can Tho city,2019-08-23,3.5960468384580393
Can Tho city,2019-08-24,12.890187485804645
Can Tho city,2019-08-25,31.882169066651937
Can Tho city,2019-08-26,9.703773964429045
Can Tho city,2019-08-27,0
Can Tho city,2019-08-28,18.826475962698655
Can Tho city,2019-08-29,27.79879567358593
Can Tho city,2019-08-30,19.275837764240467
Can Tho city,2019-08-31,0.88000245449216
Can Tho city,2019-09-01,5.278625399453486
Can Tho city,2019-09-02,15.16125398507042
Can Tho city,2019-09-03,2.309130092935673
Can Tho city,2019-09-04,13.175930962178064
Can Tho city,2019-09-05,1.779226222324174
Can Tho city,2019-09-06,0
Can Tho city,2019-09-07,3.6344333556666184
Can Tho city,2019-09-08,9.828747967470926
Can Tho city,2019-09-09,0.6203440160113806
Can Tho city,2019-09-10,0
Can Tho city,2019-09-11,0
Can Tho city,2019-09-12,0
Can Tho city,2019-09-13,34.24308059371643
Can Tho city,2019-09-14,0.22656011357954822
Can Tho city,2019-09-15,0.13354354969474216
Can Tho city,2019-09-16,9.03500306916845
Can Tho city,2019-09-17,9.859500289176923
Can Tho city,2019-09-18,19.196053866761712
Can Tho city,2019-09-19,0
Can Tho city,2019-09-20,6.964640086835866
Can Tho city,2019-09-21,6.119443114669794
Can Tho city,2019-09-22,4.393583012777389
Can Tho city,2019-09-23,0
Can Tho city,2019-09-24,0
Can Tho city,2019-09-25,4.520234897858022
Can Tho city,2019-09-26,11.722901602057568
Can Tho city,2019-09-27,5.573663448778039
Can Tho city,2019-09-28,4.984158103405239
Can Tho city,2019-09-29,2.935255482770261
Can Tho city,2019-09-30,6.7522269642164074
Can Tho city,2019-10-01,7.043224146873847
Can Tho city,2019-10-02,9.140948051456576
Can Tho city,2019-10-03,16.58248904830911
Can Tho city,2019-10-04,5.175805846548837
Can Tho city,2019-10-05,13.987652275761102
Can Tho city,2019-10-06,12.857009383319246
Can Tho city,2019-10-07,2.4592341552349226
Can Tho city,2019-10-08,0.2809654224337913
Can Tho city,2019-10-09,12.987590958216039
Can Tho city,2019-10-10,2.0994776675653486
Can Tho city,2019-10-11,10.658370161976672
Can Tho city,2019-10-12,1.5534158026079399
Can Tho city,2019-10-13,3.0038015301189778
Can Tho city,2019-10-14,2.9471976109326574
Can Tho city,2019-10-15,0.3381961717349261
Can Tho city,2019-10-16,9.828596615216224
Can Tho city,2019-10-17,10.312892810859653
Can Tho city,2019-10-18,11.302670545039057
Can Tho city,2019-10-19,13.222928406664783
Can Tho city,2019-10-20,6.69678160169879
Can Tho city,2019-10-21,15.934172696133952
Can Tho city,2019-10-22,7.697038079458297
Can Tho city,2019-10-23,1.9180719902070118
Can Tho city,2019-10-24,0
Can Tho city,2019-10-25,3.369109259203825
Can Tho city,2019-10-26,0
Can Tho city,2019-10-27,4.6878607472578135
Can Tho city,2019-10-28,16.79220129521775
Can Tho city,2019-10-29,0.06064680271687628
Can Tho city,2019-10-30,2.944317328034393
Can Tho city,2019-10-31,6.847162801885833
Can Tho city,2019-11-01,2.0551352634009286
Can Tho city,2019-11-02,12.27287617935796
Can Tho city,2019-11-03,20.131070376198345
Can Tho city,2019-11-04,1.391875639757068
Can Tho city,2019-11-05,0.46282833360294723
Can Tho city,2019-11-06,16.11558973580537
Can Tho city,2019-11-07,1.7769859138478252
Can Tho city,2019-11-08,7.979293161848344
Can Tho city,2019-11-09,3.7168686224623926
Can Tho city,2019-11-10,34.11721373859722
Can Tho city,2019-11-11,0.119278435465295
Can Tho city,2019-11-12,0.4052792436306555
Can Tho city,2019-11-13,2.6442365875332863
Can Tho city,2019-11-14,4.4805249810465275
Can Tho city,2019-11-15,0.05904252353303397
Can Tho city,2019-11-16,0
Can Tho city,2019-11-17,0
Can Tho city,2019-11-18,1.0770346102921569
Can Tho city,2019-11-19,0
Can Tho city,2019-11-20,1.4362856176127896
Can Tho city,2019-11-21,0
Can Tho city,2019-11-22,0
Can Tho city,2019-11-23,0
Can Tho city,2019-11-24,1.3985960024459698
Can Tho city,2019-11-25,4.944304445642671
Can Tho city,2019-11-26,0.09206583228791522
Can Tho city,2019-11-27,0
Can Tho city,2019-11-28,0.7985876481012175
Can Tho city,2019-11-29,0.008062105816368558
Can Tho city,2019-11-30,0
Can Tho city,2019-12-01,0.3278039584071122
Can Tho city,2019-12-02,0.07676679918800527
Can Tho city,2019-12-03,0
Can Tho city,2019-12-04,0
Can Tho city,2019-12-05,0
Can Tho city,2019-12-06,0
Can Tho city,2019-12-07,0.2816346066643828
Can Tho city,2019-12-08,0
Can Tho city,2019-12-09,0
Can Tho city,2019-12-10,0
Can Tho city,2019-12-11,0
Can Tho city,2019-12-12,0.12153784905032071
Can Tho city,2019-12-13,0.3249918053184682
Can Tho city,2019-12-14,0
Can Tho city,2019-12-15,0
Can Tho city,2019-12-16,0.26397080917673876
Can Tho city,2019-12-17,0
Can Tho city,2019-12-18,1.9159670251225862
Can Tho city,2019-12-19,0
Can Tho city,2019-12-20,0
Can Tho city,2019-12-21,0
Can Tho city,2019-12-22,0
Can Tho city,2019-12-23,0
Can Tho city,2019-12-24,0
Can Tho city,2019-12-25,0
Can Tho city,2019-12-26,0
Can Tho city,2019-12-27,0
Can Tho city,2019-12-28,0
Can Tho city,2019-12-29,0
Can Tho city,2019-12-30,0
Can Tho city,2019-12-31,2.897880375147029
Can Tho city,2020-01-01,0.028947501409308483
Can Tho city,2020-01-02,0.047907131018924506
Can Tho city,2020-01-03,0
Can Tho city,2020-01-04,0
Can Tho city,2020-01-05,0
Can Tho city,2020-01-06,0
Can Tho city,2020-01-07,0
Can Tho city,2020-01-08,0
Can Tho city,2020-01-09,0
Can Tho city,2020-01-10,0
Can Tho city,2020-01-11,1.6040885790638229
Can Tho city,2020-01-12,5.038951744415444
Can Tho city,2020-01-13,0
Can Tho city,2020-01-14,0
Can Tho city,2020-01-15,0
Can Tho city,2020-01-16,0
Can Tho city,2020-01-17,0
Can Tho city,2020-01-18,0
Can Tho city,2020-01-19,0
Can Tho city,2020-01-20,0.09499470988772474
Can Tho city,2020-01-21,0
Can Tho city,2020-01-22,0
Can Tho city,2020-01-23,0
Can Tho city,2020-01-24,0
Can Tho city,2020-01-25,0
Can Tho city,2020-01-26,0
Can Tho city,2020-01-27,0
Can Tho city,2020-01-28,0
Can Tho city,2020-01-29,0
Can Tho city,2020-01-30,0.2751867281330773
Can Tho city,2020-01-31,0
Can Tho city,2020-02-01,0
Can Tho city,2020-02-02,0
Can Tho city,2020-02-03,0
Can Tho city,2020-02-04,0
Can Tho city,2020-02-05,0
Can Tho city,2020-02-06,0
Can Tho city,2020-02-07,0
Can Tho city,2020-02-08,0
Can Tho city,2020-02-09,0
Can Tho city,2020-02-10,0
Can Tho city,2020-02-11,0.02497934411099497
Can Tho city,2020-02-12,0
Can Tho city,2020-02-13,0
Can Tho city,2020-02-14,0
Can Tho city,2020-02-15,0
Can Tho city,2020-02-16,0
Can Tho city,2020-02-17,0.6872878602091645
Can Tho city,2020-02-18,0
Can Tho city,2020-02-19,0
Can Tho city,2020-02-20,0
Can Tho city,2020-02-21,0
Can Tho city,2020-02-22,0
Can Tho city,2020-02-23,0
Can Tho city,2020-02-24,0
Can Tho city,2020-02-25,0
Can Tho city,2020-02-26,0
Can Tho city,2020-02-27,0
Can Tho city,2020-02-28,0
Can Tho city,2020-02-29,0
Can Tho city,2020-03-01,0
Can Tho city,2020-03-02,0
Can Tho city,2020-03-03,0
Can Tho city,2020-03-04,0
Can Tho city,2020-03-05,3.940229406593423
Can Tho city,2020-03-06,0
Can Tho city,2020-03-07,0
Can Tho city,2020-03-08,0
Can Tho city,2020-03-09,0.08503811188519697
Can Tho city,2020-03-10,0.08284936232208628
Can Tho city,2020-03-11,4.219343264870279
Can Tho city,2020-03-12,0
Can Tho city,2020-03-13,0
Can Tho city,2020-03-14,0
Can Tho city,2020-03-15,0
Can Tho city,2020-03-16,0
Can Tho city,2020-03-17,0
Can Tho city,2020-03-18,0
Can Tho city,2020-03-19,0
Can Tho city,2020-03-20,0
Can Tho city,2020-03-21,0
Can Tho city,2020-03-22,0.476731971360173
Can Tho city,2020-03-23,0
Can Tho city,2020-03-24,0
Can Tho city,2020-03-25,0
Can Tho city,2020-03-26,0
Can Tho city,2020-03-27,0
Can Tho city,2020-03-28,0.02313671466977246
Can Tho city,2020-03-29,0
Can Tho city,2020-03-30,0
Can Tho city,2020-03-31,0
Can Tho city,2020-04-01,0
Can Tho city,2020-04-02,0
Can Tho city,2020-04-03,0
Can Tho city,2020-04-04,0
Can Tho city,2020-04-05,0
Can Tho city,2020-04-06,0
Can Tho city,2020-04-07,0
Can Tho city,2020-04-08,3.3380468270270915
Can Tho city,2020-04-09,0
Can Tho city,2020-04-10,0
Can Tho city,2020-04-11,0.27355540851984733
Can Tho city,2020-04-12,10.806528688578009
Can Tho city,2020-04-13,18.2288668839542
Can Tho city,2020-04-14,0
Can Tho city,2020-04-15,0.27227530272396405
Can Tho city,2020-04-16,7.474895608942724
Can Tho city,2020-04-17,1.7696954987938036
Can Tho city,2020-04-18,0.02499742987729367
Can Tho city,2020-04-19,0
Can Tho city,2020-04-20,0
Can Tho city,2020-04-21,0
Can Tho city,2020-04-22,0.6221745381430869
Can Tho city,2020-04-23,0.6252046647111273
Can Tho city,2020-04-24,1.377472340871678
Can Tho city,2020-04-25,1.696584125776113
Can Tho city,2020-04-26,6.29552415064661
Can Tho city,2020-04-27,1.875731551737558
Can Tho city,2020-04-28,1.3321454304156835
Can Tho city,2020-04-29,0
Can Tho city,2020-04-30,0
Can Tho city,2020-05-01,0
Can Tho city,2020-05-02,0
Can Tho city,2020-05-03,0
Can Tho city,2020-05-04,1.8011186579356593
Can Tho city,2020-05-05,3.151966511570609
Can Tho city,2020-05-06,1.5988821825596644
Can Tho city,2020-05-07,0.7426736634160468
Can Tho city,2020-05-08,0
Can Tho city,2020-05-09,0
Can Tho city,2020-05-10,1.574396921387218
Can Tho city,2020-05-11,0.07479033553132017
Can Tho city,2020-05-12,0
Can Tho city,2020-05-13,0
Can Tho city,2020-05-14,0.23799127935952427
Can Tho city,2020-05-15,4.383617413512268
Can Tho city,2020-05-16,5.070752271268386
Can Tho city,2020-05-17,1.8038459609575221
Can Tho city,2020-05-18,0.08880813737970478
Can Tho city,2020-05-19,3.229143427027907
Can Tho city,2020-05-20,7.584189991126136
Can Tho city,2020-05-21,4.196930242406344
Can Tho city,2020-05-22,5.262751156506582
Can Tho city,2020-05-23,13.39008564189908
Can Tho city,2020-05-24,10.794843533448226
Can Tho city,2020-05-25,2.3934313436527233
Can Tho city,2020-05-26,0
Can Tho city,2020-05-27,5.4049114667161575
Can Tho city,2020-05-28,5.997998944814248
Can Tho city,2020-05-29,8.33103145337121
Can Tho city,2020-05-30,3.661460001217258
Can Tho city,2020-05-31,4.759914069977567
Can Tho city,2020-06-01,16.088598326861156
Can Tho city,2020-06-02,5.360506695340535
Can Tho city,2020-06-03,2.5802697469989324
Can Tho city,2020-06-04,5.676226788368984
Can Tho city,2020-06-05,8.768664635468319
Can Tho city,2020-06-06,0.734761693196655
Can Tho city,2020-06-07,3.103563293286802
Can Tho city,2020-06-08,1.0961970295929069
Can Tho city,2020-06-09,7.8787832233841675
Can Tho city,2020-06-10,10.778394473330223
Can Tho city,2020-06-11,3.3799715121641882
Can Tho city,2020-06-12,8.410543362409141
Can Tho city,2020-06-13,30.672089996705946
Can Tho city,2020-06-14,21.40470803087945
Can Tho city,2020-06-15,12.263063785702826
Can Tho city,2020-06-16,8.266968453497329
Can Tho city,2020-06-17,9.499987514983532
Can Tho city,2020-06-18,7.800952170964851
Can Tho city,2020-06-19,10.03578273785024
Can Tho city,2020-06-20,20.89822235278307
Can Tho city,2020-06-21,6.913035410605653
Can Tho city,2020-06-22,4.960230569244661
Can Tho city,2020-06-23,0.2723947442703457
Can Tho city,2020-06-24,3.31178154309481
Can Tho city,2020-06-25,5.200249796764835
Can Tho city,2020-06-26,4.519923726745015
Can Tho city,2020-06-27,8.65150765156762
Can Tho city,2020-06-28,13.458207163952041
Can Tho city,2020-06-29,13.55581589961035
Can Tho city,2020-06-30,7.695568151805911
Can Tho city,2020-07-01,3.2892515272867415
Can Tho city,2020-07-02,15.72260011210267
Can Tho city,2020-07-03,2.707627622576765
Can Tho city,2020-07-04,0.15513344277684887
Can Tho city,2020-07-05,11.633209197296098
Can Tho city,2020-07-06,7.608331062808519
Can Tho city,2020-07-07,0
Can Tho city,2020-07-08,5.277671659444629
Can Tho city,2020-07-09,0
Can Tho city,2020-07-10,6.809870735125075
Can Tho city,2020-07-11,5.720472651789878
Can Tho city,2020-07-12,10.887663810783872
Can Tho city,2020-07-13,7.66994521047722
Can Tho city,2020-07-14,12.911311106941431
Can Tho city,2020-07-15,5.7611139703996415
Can Tho city,2020-07-16,3.0943015693385867
Can Tho city,2020-07-17,2.5128041599061377
Can Tho city,2020-07-18,2.013423347333478
Can Tho city,2020-07-19,2.138430134597767
Can Tho city,2020-07-20,2.6895049657433874
Can Tho city,2020-07-21,0
Can Tho city,2020-07-22,3.079948109400675
Can Tho city,2020-07-23,11.108866920576348
Can Tho city,2020-07-24,8.758746384391282
Can Tho city,2020-07-25,4.101304373619557
Can Tho city,2020-07-26,7.135355246732515
Can Tho city,2020-07-27,2.1634824925007936
Can Tho city,2020-07-28,4.989241668522399
Can Tho city,2020-07-29,11.018850241949607
Can Tho city,2020-07-30,18.6012222497731
Can Tho city,2020-07-31,11.619996375465789
Can Tho city,2020-08-01,19.787199529099677
Can Tho city,2020-08-02,25.822190647269828
Can Tho city,2020-08-03,1.2664694355242339
Can Tho city,2020-08-04,0
Can Tho city,2020-08-05,16.232500902198243
Can Tho city,2020-08-06,24.053301725512437
Can Tho city,2020-08-07,2.5613265296165735
Can Tho city,2020-08-08,0.008253090600158984
Can Tho city,2020-08-09,6.130415596459173
Can Tho city,2020-08-10,3.7221237588799614
Can Tho city,2020-08-11,2.8368663480740257
Can Tho city,2020-08-12,3.66155355348002
Can Tho city,2020-08-13,6.900800797480864
Can Tho city,2020-08-14,6.866581708394108
Can Tho city,2020-08-15,0
Can Tho city,2020-08-16,8.633751702538692
Can Tho city,2020-08-17,2.3421418825648392
Can Tho city,2020-08-18,5.238139761159699
Can Tho city,2020-08-19,4.482903544833789
Can Tho city,2020-08-20,2.640279426129418
Can Tho city,2020-08-21,0
Can Tho city,2020-08-22,3.57449802029634
Can Tho city,2020-08-23,0.1256389217652755
Can Tho city,2020-08-24,2.1341753956040868
Can Tho city,2020-08-25,4.100268213129471
Can Tho city,2020-08-26,0
Can Tho city,2020-08-27,6.105769721365729
Can Tho city,2020-08-28,1.3723969662460598
Can Tho city,2020-08-29,5.028256402797817
Can Tho city,2020-08-30,9.164972821635923
Can Tho city,2020-08-31,1.560994650823013
Can Tho city,2020-09-01,11.90920069501944
Can Tho city,2020-09-02,21.15301975806279
Can Tho city,2020-09-03,0
Can Tho city,2020-09-04,3.1399634088507025
Can Tho city,2020-09-05,0.8623298232264553
Can Tho city,2020-09-06,11.825706946940194
Can Tho city,2020-09-07,0
Can Tho city,2020-09-08,4.219393548301627
Can Tho city,2020-09-09,14.701804051179053
Can Tho city,2020-09-10,6.8886455337398225
Can Tho city,2020-09-11,9.330127833334844
Can Tho city,2020-09-12,14.844785714363079
Can Tho city,2020-09-13,10.467569106205175
Can Tho city,2020-09-14,15.064835398218536
Can Tho city,2020-09-15,0.11307048183075724
Can Tho city,2020-09-16,13.13459342257226
Can Tho city,2020-09-17,20.455342363900435
Can Tho city,2020-09-18,25.23357417778997
Can Tho city,2020-09-19,7.416502076654416
Can Tho city,2020-09-20,3.332613001405411
Can Tho city,2020-09-21,0.1445338625155343
Can Tho city,2020-09-22,21.87707927738034
Can Tho city,2020-09-23,10.816049898122605
Can Tho city,2020-09-24,8.757402592671482
Can Tho city,2020-09-25,15.844931843032672
Can Tho city,2020-09-26,17.126065646920182
Can Tho city,2020-09-27,27.181262840688998
Can Tho city,2020-09-28,0
Can Tho city,2020-09-29,21.142399507124285
Can Tho city,2020-09-30,0
Can Tho city,2020-10-01,7.015719623914015
Can Tho city,2020-10-02,18.685371875039955
Can Tho city,2020-10-03,2.2062440245172876
Can Tho city,2020-10-04,14.455856512596819
Can Tho city,2020-10-05,14.808082555130705
Can Tho city,2020-10-06,5.790934549439454
Can Tho city,2020-10-07,5.775898587679059
Can Tho city,2020-10-08,13.34623017225653
Can Tho city,2020-10-09,18.62475618839592
Can Tho city,2020-10-10,20.96159911888538
Can Tho city,2020-10-11,33.54531623424948
Can Tho city,2020-10-12,12.232891984810747
Can Tho city,2020-10-13,20.17812554696607
Can Tho city,2020-10-14,31.91321381043763
Can Tho city,2020-10-15,6.772346328029463
Can Tho city,2020-10-16,13.109354433267383
Can Tho city,2020-10-17,21.49103057869215
Can Tho city,2020-10-18,14.758384950632555
Can Tho city,2020-10-19,7.523266115228035
Can Tho city,2020-10-20,5.1247248756729435
Can Tho city,2020-10-21,31.28062110206819
Can Tho city,2020-10-22,0
Can Tho city,2020-10-23,0
Can Tho city,2020-10-24,5.302411743889668
Can Tho city,2020-10-25,8.456671516390852
Can Tho city,2020-10-26,3.3225585690126342
Can Tho city,2020-10-27,2.0000231198981906
Can Tho city,2020-10-28,8.327537048544905
Can Tho city,2020-10-29,2.422633024144385
Can Tho city,2020-10-30,11.320410787705962
Can Tho city,2020-10-31,14.285557813992753
Can Tho city,2020-11-01,20.373349551576165
Can Tho city,2020-11-02,9.999307018308947
Can Tho city,2020-11-03,0
Can Tho city,2020-11-04,7.427874398379386
Can Tho city,2020-11-05,0
Can Tho city,2020-11-06,13.198649611200322
Can Tho city,2020-11-07,1.2733954479249074
Can Tho city,2020-11-08,0.012815128006990984
Can Tho city,2020-11-09,0.46476117034849
Can Tho city,2020-11-10,1.6580583436664917
Can Tho city,2020-11-11,0
Can Tho city,2020-11-12,0
Can Tho city,2020-11-13,0
Can Tho city,2020-11-14,0
Can Tho city,2020-11-15,0
Can Tho city,2020-11-16,0.0012615762522596888
Can Tho city,2020-11-17,0
Can Tho city,2020-11-18,4.572467370989568
Can Tho city,2020-11-19,6.856588217507225
Can Tho city,2020-11-20,6.9073151891762254
Can Tho city,2020-11-21,6.993376744754719
Can Tho city,2020-11-22,0
Can Tho city,2020-11-23,16.555597516801907
Can Tho city,2020-11-24,0
Can Tho city,2020-11-25,2.4728599067230532
Can Tho city,2020-11-26,1.767521444490907
Can Tho city,2020-11-27,0.3206719461923463
Can Tho city,2020-11-28,4.516452555127344
Can Tho city,2020-11-29,27.287802620052382
Can Tho city,2020-11-30,0.6321451452006805
Can Tho city,2020-12-01,0.006363008566185328
Can Tho city,2020-12-02,0
Can Tho city,2020-12-03,0
Can Tho city,2020-12-04,0
Can Tho city,2020-12-05,0
Can Tho city,2020-12-06,0
Can Tho city,2020-12-07,0.004515995246471822
Can Tho city,2020-12-08,0.9616819479357037
Can Tho city,2020-12-09,0
Can Tho city,2020-12-10,0.10677739134909445
Can Tho city,2020-12-11,0
Can Tho city,2020-12-12,2.340766958431241
Can Tho city,2020-12-13,2.0069592639054203
Can Tho city,2020-12-14,0
Can Tho city,2020-12-15,6.90352688760777
Can Tho city,2020-12-16,0.6960962379496315
Can Tho city,2020-12-17,0
Can Tho city,2020-12-18,3.2506391904996543
Can Tho city,2020-12-19,12.003436334013202
Can Tho city,2020-12-20,0.051209992987792455
Can Tho city,2020-12-21,0
Can Tho city,2020-12-22,13.046293020938531
Can Tho city,2020-12-23,15.676911055540563
Can Tho city,2020-12-24,0
Can Tho city,2020-12-25,0
Can Tho city,2020-12-26,0
Can Tho city,2020-12-27,0.09546509923645743
Can Tho city,2020-12-28,0.03653121204888877
Can Tho city,2020-12-29,0
Can Tho city,2020-12-30,0.15677024149056715
Can Tho city,2020-12-31,0
Can Tho city,2021-01-01,0.3708948382831786
Can Tho city,2021-01-02,0
Can Tho city,2021-01-03,1.6103275528453613
Can Tho city,2021-01-04,0
Can Tho city,2021-01-05,0.15152741996770389
Can Tho city,2021-01-06,0.4633781943791163
Can Tho city,2021-01-07,0.5760150078245067
Can Tho city,2021-01-08,4.119100732658749
Can Tho city,2021-01-09,0
Can Tho city,2021-01-10,0
Can Tho city,2021-01-11,0.010379597501537866
Can Tho city,2021-01-12,0
Can Tho city,2021-01-13,0
Can Tho city,2021-01-14,0
Can Tho city,2021-01-15,0
Can Tho city,2021-01-16,0.8155802899849652
Can Tho city,2021-01-17,0.3653567255323792
Can Tho city,2021-01-18,0
Can Tho city,2021-01-19,0.017707166205103195
Can Tho city,2021-01-20,0.446715542027081
Can Tho city,2021-01-21,0.6791191822409545
Can Tho city,2021-01-22,0
Can Tho city,2021-01-23,0
Can Tho city,2021-01-24,0
Can Tho city,2021-01-25,0
Can Tho city,2021-01-26,0
Can Tho city,2021-01-27,0
Can Tho city,2021-01-28,0
Can Tho city,2021-01-29,0
Can Tho city,2021-01-30,0
Can Tho city,2021-01-31,0
Can Tho city,2021-02-01,0.9532137235389092
Can Tho city,2021-02-02,0
Can Tho city,2021-02-03,0
Can Tho city,2021-02-04,0
Can Tho city,2021-02-05,0
Can Tho city,2021-02-06,0
Can Tho city,2021-02-07,0.271074275983604
Can Tho city,2021-02-08,0.0020083315367537637
Can Tho city,2021-02-09,0
Can Tho city,2021-02-10,0
Can Tho city,2021-02-11,0
Can Tho city,2021-02-12,0
Can Tho city,2021-02-13,0
Can Tho city,2021-02-14,0
Can Tho city,2021-02-15,0
Can Tho city,2021-02-16,0
Can Tho city,2021-02-17,0
Can Tho city,2021-02-18,0
Can Tho city,2021-02-19,0
Can Tho city,2021-02-20,0
Can Tho city,2021-02-21,0
Can Tho city,2021-02-22,0
Can Tho city,2021-02-23,0
Can Tho city,2021-02-24,0
Can Tho city,2021-02-25,3.513705538701058
Can Tho city,2021-02-26,0
Can Tho city,2021-02-27,0
Can Tho city,2021-02-28,1.7694046747922727
Can Tho city,2021-03-01,0
Can Tho city,2021-03-02,0
Can Tho city,2021-03-03,0
Can Tho city,2021-03-04,0
Can Tho city,2021-03-05,0
Can Tho city,2021-03-06,0
Can Tho city,2021-03-07,0
Can Tho city,2021-03-08,0
Can Tho city,2021-03-09,1.0100593830617355
Can Tho city,2021-03-10,0
Can Tho city,2021-03-11,0.04519631810060128
Can Tho city,2021-03-12,0
Can Tho city,2021-03-13,0
Can Tho city,2021-03-14,0
Can Tho city,2021-03-15,0
Can Tho city,2021-03-16,0
Can Tho city,2021-03-17,0
Can Tho city,2021-03-18,0
Can Tho city,2021-03-19,0
Can Tho city,2021-03-20,0
Can Tho city,2021-03-21,0
Can Tho city,2021-03-22,0
Can Tho city,2021-03-23,0
Can Tho city,2021-03-24,0
Can Tho city,2021-03-25,0
Can Tho city,2021-03-26,3.7008152403065773
Can Tho city,2021-03-27,3.764018945838565
Can Tho city,2021-03-28,0.1122404901838401
Can Tho city,2021-03-29,0
Can Tho city,2021-03-30,0
Can Tho city,2021-03-31,0
Can Tho city,2021-04-01,0
Can Tho city,2021-04-02,5.176913650721043
Can Tho city,2021-04-03,2.7619605023642397
Can Tho city,2021-04-04,5.685615876212274
Can Tho city,2021-04-05,0
Can Tho city,2021-04-06,0
Can Tho city,2021-04-07,0
Can Tho city,2021-04-08,0
Can Tho city,2021-04-09,1.9410606175928093
Can Tho city,2021-04-10,0
Can Tho city,2021-04-11,0
Can Tho city,2021-04-12,0
Can Tho city,2021-04-13,0
Can Tho city,2021-04-14,0.8919828327830948
Can Tho city,2021-04-15,6.717564181440209
Can Tho city,2021-04-16,15.70457540725035
Can Tho city,2021-04-17,5.576593417680977
Can Tho city,2021-04-18,6.413844290673527
Can Tho city,2021-04-19,16.936688060911663
Can Tho city,2021-04-20,0
Can Tho city,2021-04-21,10.275224508342045
Can Tho city,2021-04-22,50.319918359484355
Can Tho city,2021-04-23,5.018807556643969
Can Tho city,2021-04-24,1.081932683848743
Can Tho city,2021-04-25,13.391017762715858
Can Tho city,2021-04-26,6.207009550277973
Can Tho city,2021-04-27,8.77619668952684
Can Tho city,2021-04-28,8.799236770993998
Can Tho city,2021-04-29,2.746036641076874
Can Tho city,2021-04-30,0
Can Tho city,2021-05-01,5.453161761515884
Can Tho city,2021-05-02,0
Can Tho city,2021-05-03,0
Can Tho city,2021-05-04,0
Can Tho city,2021-05-05,1.9845455686771643
Can Tho city,2021-05-06,6.0662577795867305
Can Tho city,2021-05-07,12.361246873920003
Can Tho city,2021-05-08,5.893028075336835
Can Tho city,2021-05-09,0.6629524491229276
Can Tho city,2021-05-10,0.13177264276494
Can Tho city,2021-05-11,0.11003869311058624
Can Tho city,2021-05-12,3.4109477145847658
Can Tho city,2021-05-13,3.9921895877974847
Can Tho city,2021-05-14,1.3627069673893124
Can Tho city,2021-05-15,9.97541567216159
Can Tho city,2021-05-16,3.655994166348573
Can Tho city,2021-05-17,23.293237580668094
Can Tho city,2021-05-18,16.34900530013933
Can Tho city,2021-05-19,8.664003604235603
Can Tho city,2021-05-20,7.27354300897915
Can Tho city,2021-05-21,12.291117654908202
Can Tho city,2021-05-22,9.489161813086591
Can Tho city,2021-05-23,20.696523446530662
Can Tho city,2021-05-24,24.078235988498637
Can Tho city,2021-05-25,20.230142596735785
Can Tho city,2021-05-26,4.344537972976715
Can Tho city,2021-05-27,10.150630716978473
Can Tho city,2021-05-28,0.6052961289512954
Can Tho city,2021-05-29,8.509029190956026
Can Tho city,2021-05-30,0
Can Tho city,2021-05-31,0
Can Tho city,2021-06-01,5.229609796394568
Can Tho city,2021-06-02,5.210330415018503
Can Tho city,2021-06-03,3.440060130075944
Can Tho city,2021-06-04,0.5025819859941774
Can Tho city,2021-06-05,6.249099788001943
Can Tho city,2021-06-06,23.310824657916022
Can Tho city,2021-06-07,4.831543060995477
Can Tho city,2021-06-08,9.62666986992571
Can Tho city,2021-06-09,6.835737886303951
Can Tho city,2021-06-10,0.18328922259897956
Can Tho city,2021-06-11,21.061451777485136
Can Tho city,2021-06-12,0
Can Tho city,2021-06-13,2.1144680032723526
Can Tho city,2021-06-14,9.852599878166558
Can Tho city,2021-06-15,14.141772520813257
Can Tho city,2021-06-16,0
Can Tho city,2021-06-17,8.665734500346062
Can Tho city,2021-06-18,0
Can Tho city,2021-06-19,0
Can Tho city,2021-06-20,2.1334032625432346
Can Tho city,2021-06-21,0.0005039887129233508
Can Tho city,2021-06-22,10.137318426062528
Can Tho city,2021-06-23,2.546387686834591
Can Tho city,2021-06-24,0
Can Tho city,2021-06-25,3.151053850162777
Can Tho city,2021-06-26,0.11394701782873297
Can Tho city,2021-06-27,0
Can Tho city,2021-06-28,2.07610871178951
Can Tho city,2021-06-29,0.8515444021402432
Can Tho city,2021-06-30,9.236228348533503
Can Tho city,2021-07-01,3.204620278021287
Can Tho city,2021-07-02,1.0878757413217395
Can Tho city,2021-07-03,6.524921742773809
Can Tho city,2021-07-04,9.652157298488339
Can Tho city,2021-07-05,9.94526997749597
Can Tho city,2021-07-06,14.542353694213821
Can Tho city,2021-07-07,19.69663408826253
Can Tho city,2021-07-08,10.566595683567774
Can Tho city,2021-07-09,16.601869204552067
Can Tho city,2021-07-10,13.792101603060402
Can Tho city,2021-07-11,6.326223440584358
Can Tho city,2021-07-12,8.204634707422606
Can Tho city,2021-07-13,24.41155053414122
Can Tho city,2021-07-14,20.037788762264128
Can Tho city,2021-07-15,21.48771135821825
Can Tho city,2021-07-16,1.789444070516332
Can Tho city,2021-07-17,2.0335817150211923
Can Tho city,2021-07-18,15.484140001700547
Can Tho city,2021-07-19,0.031433314475250766
Can Tho city,2021-07-20,0.990627355710298
Can Tho city,2021-07-21,3.993973568930123
Can Tho city,2021-07-22,14.839822398967199
Can Tho city,2021-07-23,10.440979830270633
Can Tho city,2021-07-24,2.2748119306597188
Can Tho city,2021-07-25,0
Can Tho city,2021-07-26,0.06888008503812004
Can Tho city,2021-07-27,0
Can Tho city,2021-07-28,7.310249503179717
Can Tho city,2021-07-29,8.989789148086844
Can Tho city,2021-07-30,0.0008809203365438974
Can Tho city,2021-07-31,0
Can Tho city,2021-08-01,4.524155028387234
Can Tho city,2021-08-02,0
Can Tho city,2021-08-03,1.529441648709371
Can Tho city,2021-08-04,0
Can Tho city,2021-08-05,10.179203990473573
Can Tho city,2021-08-06,0
Can Tho city,2021-08-07,0
Can Tho city,2021-08-08,0
Can Tho city,2021-08-09,1.5097162324342124
Can Tho city,2021-08-10,5.280510765548245
Can Tho city,2021-08-11,4.771058036408531
Can Tho city,2021-08-12,2.097902851939447
Can Tho city,2021-08-13,8.620318199962192
Can Tho city,2021-08-14,9.48690800075281
Can Tho city,2021-08-15,21.600257487859
Can Tho city,2021-08-16,5.839105318662297
Can Tho city,2021-08-17,8.360320027477572
Can Tho city,2021-08-18,2.6035883004874045
Can Tho city,2021-08-19,6.691362635601314
Can Tho city,2021-08-20,2.3873305272103003
Can Tho city,2021-08-21,2.3762891964941986
Can Tho city,2021-08-22,9.577640224768325
Can Tho city,2021-08-23,23.096138478902837
Can Tho city,2021-08-24,18.324228103632432
Can Tho city,2021-08-25,11.42836767248578
Can Tho city,2021-08-26,3.417048513404589
Can Tho city,2021-08-27,1.720521117866984
Can Tho city,2021-08-28,13.328561645471003
Can Tho city,2021-08-29,7.192607707799836
Can Tho city,2021-08-30,14.451535512922876
Can Tho city,2021-08-31,16.663901485926843
Can Tho city,2021-09-01,7.496154185839967
Can Tho city,2021-09-02,13.940015658668448
Can Tho city,2021-09-03,16.179804213699345
Can Tho city,2021-09-04,1.1809934469192787
Can Tho city,2021-09-05,15.95266187820329
Can Tho city,2021-09-06,3.8371171896741925
Can Tho city,2021-09-07,18.67878369115123
Can Tho city,2021-09-08,8.467082700804953
Can Tho city,2021-09-09,4.828292068179768
Can Tho city,2021-09-10,8.40203990080207
Can Tho city,2021-09-11,8.730587927971435
Can Tho city,2021-09-12,0.46343301885461563
Can Tho city,2021-09-13,15.647740124900285
Can Tho city,2021-09-14,28.52042356316259
Can Tho city,2021-09-15,0.35179709865667336
Can Tho city,2021-09-16,8.415856743450414
Can Tho city,2021-09-17,6.0893005983160755
Can Tho city,2021-09-18,12.285427804686623
Can Tho city,2021-09-19,4.848897903611295
Can Tho city,2021-09-20,0.6347719838420411
Can Tho city,2021-09-21,1.4261673976272486
Can Tho city,2021-09-22,7.183251971873142
Can Tho city,2021-09-23,4.310624539170241
Can Tho city,2021-09-24,18.051551069841967
Can Tho city,2021-09-25,13.468609402049909
Can Tho city,2021-09-26,10.242235357559279
Can Tho city,2021-09-27,1.8357462879216395
Can Tho city,2021-09-28,7.222211248541107
Can Tho city,2021-09-29,7.811858755732141
Can Tho city,2021-09-30,8.841121659847396
Can Tho city,2021-10-01,16.614405946711848
Can Tho city,2021-10-02,8.843044196778866
Can Tho city,2021-10-03,5.083550535506991
Can Tho city,2021-10-04,22.80940986681937
Can Tho city,2021-10-05,21.18582909043126
Can Tho city,2021-10-06,12.046951433480157
Can Tho city,2021-10-07,15.43922358193453
Can Tho city,2021-10-08,11.723648730415379
Can Tho city,2021-10-09,8.575819378438116
Can Tho city,2021-10-10,10.122920313841057
Can Tho city,2021-10-11,20.8678806760408
Can Tho city,2021-10-12,0
Can Tho city,2021-10-13,13.196526004165548
Can Tho city,2021-10-14,4.089025293030795
Can Tho city,2021-10-15,18.623304837724408
Can Tho city,2021-10-16,5.692942548406117
Can Tho city,2021-10-17,0.025174709947087856
Can Tho city,2021-10-18,0.695133510464064
Can Tho city,2021-10-19,0
Can Tho city,2021-10-20,16.27734541705688
Can Tho city,2021-10-21,7.394908121583545
Can Tho city,2021-10-22,12.392561919634954
Can Tho city,2021-10-23,14.215743773267816
Can Tho city,2021-10-24,8.429515091917747
Can Tho city,2021-10-25,2.241115023398054
Can Tho city,2021-10-26,6.483408877703338
Can Tho city,2021-10-27,0.5577537452657003
Can Tho city,2021-10-28,0.6987036950336825
Can Tho city,2021-10-29,11.656470220783998
Can Tho city,2021-10-30,3.1704956596099776
Can Tho city,2021-10-31,1.3166771855541626
Can Tho city,2021-11-01,0.03910985140862914
Can Tho city,2021-11-02,0.13536650820652585
Can Tho city,2021-11-03,20.32786525552803
Can Tho city,2021-11-04,0
Can Tho city,2021-11-05,1.429939631771663
Can Tho city,2021-11-06,0.9443235338186082
Can Tho city,2021-11-07,0.06697390219164584
Can Tho city,2021-11-08,0.5199555794014591
Can Tho city,2021-11-09,11.263096319207808
Can Tho city,2021-11-10,24.83876897008726
Can Tho city,2021-11-11,29.595725107883116
Can Tho city,2021-11-12,0
Can Tho city,2021-11-13,0.22687240468478048
Can Tho city,2021-11-14,6.0711745596359235
Can Tho city,2021-11-15,15.18113012106808
Can Tho city,2021-11-16,13.76746692752773
Can Tho city,2021-11-17,3.8015575901382457
Can Tho city,2021-11-18,1.7957103379260742
Can Tho city,2021-11-19,0.16303833599011702
Can Tho city,2021-11-20,13.72514395250443
Can Tho city,2021-11-21,0
Can Tho city,2021-11-22,4.608156087626924
Can Tho city,2021-11-23,0.2637952501571728
Can Tho city,2021-11-24,10.179846951453783
Can Tho city,2021-11-25,1.5021840209882065
Can Tho city,2021-11-26,0
Can Tho city,2021-11-27,2.863685760392885
Can Tho city,2021-11-28,13.63809932729115
Can Tho city,2021-11-29,19.92545081440289
Can Tho city,2021-11-30,16.531378917970137
Can Tho city,2021-12-01,1.4691306857221456
Can Tho city,2021-12-02,10.046987892856768
Can Tho city,2021-12-03,0.17594021120866685
Can Tho city,2021-12-04,0.2532134746535739
Can Tho city,2021-12-05,0
Can Tho city,2021-12-06,0
Can Tho city,2021-12-07,0
Can Tho city,2021-12-08,0
Can Tho city,2021-12-09,0.04872714398566152
Can Tho city,2021-12-10,0
Can Tho city,2021-12-11,0
Can Tho city,2021-12-12,0
Can Tho city,2021-12-13,0.1346847292310529
Can Tho city,2021-12-14,0
Can Tho city,2021-12-15,0.0008881397612089948
Can Tho city,2021-12-16,0.07779849145759145
Can Tho city,2021-12-17,0.009921110473280523
Can Tho city,2021-12-18,0
Can Tho city,2021-12-19,3.3154890215372217
Can Tho city,2021-12-20,0
Can Tho city,2021-12-21,0
Can Tho city,2021-12-22,0.026229359674749497
Can Tho city,2021-12-23,0
Can Tho city,2021-12-24,0
Can Tho city,2021-12-25,0
Can Tho city,2021-12-26,0
Can Tho city,2021-12-27,0
Can Tho city,2021-12-28,0.0009977855984709492
Can Tho city,2021-12-29,0.0014570656683755526
Can Tho city,2021-12-30,0.6769143402535367
Can Tho city,2021-12-31,0
Can Tho city,2022-01-01,0
Can Tho city,2022-01-02,0.10137674466730558
Can Tho city,2022-01-03,0
Can Tho city,2022-01-04,0
Can Tho city,2022-01-05,0
Can Tho city,2022-01-06,0
Can Tho city,2022-01-07,0
Can Tho city,2022-01-08,0
Can Tho city,2022-01-09,0
Can Tho city,2022-01-10,0
Can Tho city,2022-01-11,0
Can Tho city,2022-01-12,0
Can Tho city,2022-01-13,0.027927374494724804
Can Tho city,2022-01-14,0
Can Tho city,2022-01-15,0
Can Tho city,2022-01-16,0
Can Tho city,2022-01-17,0
Can Tho city,2022-01-18,0
Can Tho city,2022-01-19,0
Can Tho city,2022-01-20,0
Can Tho city,2022-01-21,0
Can Tho city,2022-01-22,0
Can Tho city,2022-01-23,0
Can Tho city,2022-01-24,0
Can Tho city,2022-01-25,0.041674941133253325
Can Tho city,2022-01-26,0
Can Tho city,2022-01-27,0
Can Tho city,2022-01-28,0
Can Tho city,2022-01-29,0
Can Tho city,2022-01-30,0.09850692762168499
Can Tho city,2022-01-31,0
Can Tho city,2022-02-01,0
Can Tho city,2022-02-02,0
Can Tho city,2022-02-03,0
Can Tho city,2022-02-04,0
Can Tho city,2022-02-05,0
Can Tho city,2022-02-06,0
Can Tho city,2022-02-07,0
Can Tho city,2022-02-08,0.2278058276186311
Can Tho city,2022-02-09,0
Can Tho city,2022-02-10,1.495493142905521
Can Tho city,2022-02-11,0.07666518003015498
Can Tho city,2022-02-12,0
Can Tho city,2022-02-13,0
Can Tho city,2022-02-14,0
Can Tho city,2022-02-15,0
Can Tho city,2022-02-16,0
Can Tho city,2022-02-17,0
Can Tho city,2022-02-18,0
Can Tho city,2022-02-19,0
Can Tho city,2022-02-20,0
Can Tho city,2022-02-21,0.5812329196009776
Can Tho city,2022-02-22,1.0568316575496626
Can Tho city,2022-02-23,3.4136293166099456
Can Tho city,2022-02-24,2.416755635125483
Can Tho city,2022-02-25,0.1900061013532621
Can Tho city,2022-02-26,0
Can Tho city,2022-02-27,0
Can Tho city,2022-02-28,0
Can Tho city,2022-03-01,0
Can Tho city,2022-03-02,0
Can Tho city,2022-03-03,0.014760353526602437
Can Tho city,2022-03-04,0
Can Tho city,2022-03-05,0.18328630112517214
Can Tho city,2022-03-06,0
Can Tho city,2022-03-07,0.0077772122099841546
Can Tho city,2022-03-08,0
Can Tho city,2022-03-09,0
Can Tho city,2022-03-10,0
Can Tho city,2022-03-11,0
Can Tho city,2022-03-12,2.2846304376605127
Can Tho city,2022-03-13,0
Can Tho city,2022-03-14,0
Can Tho city,2022-03-15,0
Can Tho city,2022-03-16,0
Can Tho city,2022-03-17,0
Can Tho city,2022-03-18,5.0646689017997115
Can Tho city,2022-03-19,2.7615054097855856
Can Tho city,2022-03-20,0
Can Tho city,2022-03-21,3.6434939805348936
Can Tho city,2022-03-22,6.967448678910526
Can Tho city,2022-03-23,0
Can Tho city,2022-03-24,0
Can Tho city,2022-03-25,0
Can Tho city,2022-03-26,0
Can Tho city,2022-03-27,0.38551979413285564
Can Tho city,2022-03-28,8.450149891805355
Can Tho city,2022-03-29,0.675199211654295
Can Tho city,2022-03-30,13.974227042990174
Can Tho city,2022-03-31,25.331429510688388
Can Tho city,2022-04-01,11.287381862230257
Can Tho city,2022-04-02,0.6079481809078454
Can Tho city,2022-04-03,7.079451016045535
Can Tho city,2022-04-04,5.219003902460935
Can Tho city,2022-04-05,7.755151463080732
Can Tho city,2022-04-06,10.131914219176004
Can Tho city,2022-04-07,0
Can Tho city,2022-04-08,1.7714612805046435
Can Tho city,2022-04-09,0
Can Tho city,2022-04-10,0
Can Tho city,2022-04-11,4.652767177535122
Can Tho city,2022-04-12,0
Can Tho city,2022-04-13,0
Can Tho city,2022-04-14,0.25244451650334254
Can Tho city,2022-04-15,9.448309190547688
Can Tho city,2022-04-16,17.75536152223814
Can Tho city,2022-04-17,3.103088798792422
Can Tho city,2022-04-18,0
Can Tho city,2022-04-19,0.29119458497597545
Can Tho city,2022-04-20,0
Can Tho city,2022-04-21,0.05893595398581495
Can Tho city,2022-04-22,0
Can Tho city,2022-04-23,0
Can Tho city,2022-04-24,2.764839723601495
Can Tho city,2022-04-25,0.3279296737551935
Can Tho city,2022-04-26,4.976550442198074
Can Tho city,2022-04-27,0.5246999231886649
Can Tho city,2022-04-28,0.009216212108988008
Can Tho city,2022-04-29,11.921990258902369
Can Tho city,2022-04-30,5.31192001655626
Can Tho city,2022-05-01,4.490925382598362
Can Tho city,2022-05-02,11.64862967927566
Can Tho city,2022-05-03,13.748204503956536
Can Tho city,2022-05-04,6.125529147969039
Can Tho city,2022-05-05,0.3497892200002006
Can Tho city,2022-05-06,1.5848208523388156
Can Tho city,2022-05-07,0.019150687463525076
Can Tho city,2022-05-08,7.449398555334972
Can Tho city,2022-05-09,7.159769605160744
Can Tho city,2022-05-10,7.5551204604497855
Can Tho city,2022-05-11,4.957469336638197
Can Tho city,2022-05-12,4.043449114200412
Can Tho city,2022-05-13,4.906083365229391
Can Tho city,2022-05-14,2.078198546692882
Can Tho city,2022-05-15,2.445149580845744
Can Tho city,2022-05-16,8.43394480385836
Can Tho city,2022-05-17,8.21943384110722
Can Tho city,2022-05-18,8.515972309848669
Can Tho city,2022-05-19,3.3137717844781007
Can Tho city,2022-05-20,0.4420783509228823
Can Tho city,2022-05-21,11.261328172387948
Can Tho city,2022-05-22,20.563599750997273
Can Tho city,2022-05-23,0.05188528740512839
Can Tho city,2022-05-24,0
Can Tho city,2022-05-25,0
Can Tho city,2022-05-26,8.191688252645552
Can Tho city,2022-05-27,13.187701926109794
Can Tho city,2022-05-28,9.26920729927323
Can Tho city,2022-05-29,3.3295235995010706
Can Tho city,2022-05-30,12.732506256576741
Can Tho city,2022-05-31,3.795019586229226
Can Tho city,2022-06-01,7.393626045556331
Can Tho city,2022-06-02,7.611415493956602
Can Tho city,2022-06-03,11.578947266276993
Can Tho city,2022-06-04,3.0639350174871645
Can Tho city,2022-06-05,0
Can Tho city,2022-06-06,3.9527831316980135
Can Tho city,2022-06-07,7.864205461038056
Can Tho city,2022-06-08,0.5181262399310658
Can Tho city,2022-06-09,5.6370742903997915
Can Tho city,2022-06-10,7.154092601839217
Can Tho city,2022-06-11,9.751871798533065
Can Tho city,2022-06-12,8.010506382192274
Can Tho city,2022-06-13,3.1305755537349893
Can Tho city,2022-06-14,0.08772478179221806
Can Tho city,2022-06-15,4.835405498467832
Can Tho city,2022-06-16,6.255744498750408
Can Tho city,2022-06-17,6.359254748306958
Can Tho city,2022-06-18,4.80740989550979
Can Tho city,2022-06-19,6.841833752060986
Can Tho city,2022-06-20,8.009751965044941
Can Tho city,2022-06-21,6.473873035929104
Can Tho city,2022-06-22,9.952188447621012
Can Tho city,2022-06-23,13.20095381250388
Can Tho city,2022-06-24,2.767016189612659
Can Tho city,2022-06-25,5.393710549004237
Can Tho city,2022-06-26,6.992398971545129
Can Tho city,2022-06-27,0.4366680290187991
Can Tho city,2022-06-28,10.77996739930403
Can Tho city,2022-06-29,8.073787854590305
Can Tho city,2022-06-30,14.491306686269915
Can Tho city,2022-07-01,6.975416768887055
Can Tho city,2022-07-02,16.63111291510084
Can Tho city,2022-07-03,11.11243354674457
Can Tho city,2022-07-04,4.888131209326807
Can Tho city,2022-07-05,1.019851117590885
Can Tho city,2022-07-06,0.265290315491343
Can Tho city,2022-07-07,18.969279081356436
Can Tho city,2022-07-08,25.91141156151243
Can Tho city,2022-07-09,15.219801751931392
Can Tho city,2022-07-10,0.09400525208097912
Can Tho city,2022-07-11,0
Can Tho city,2022-07-12,29.089785485428663
Can Tho city,2022-07-13,11.4140780456472
Can Tho city,2022-07-14,4.510386287648458
Can Tho city,2022-07-15,1.4602032154367182
Can Tho city,2022-07-16,2.518740766381987
Can Tho city,2022-07-17,3.2499104652956867
Can Tho city,2022-07-18,7.429754617376873
Can Tho city,2022-07-19,13.259154920689735
Can Tho city,2022-07-20,21.801055673037936
Can Tho city,2022-07-21,17.703426064925708
Can Tho city,2022-07-22,2.909341295204188
Can Tho city,2022-07-23,4.030173403439564
Can Tho city,2022-07-24,0
Can Tho city,2022-07-25,0.6715954607721035
Can Tho city,2022-07-26,11.081726910902004
Can Tho city,2022-07-27,5.765396077644407
Can Tho city,2022-07-28,10.286801808887644
Can Tho city,2022-07-29,1.418890755427943
Can Tho city,2022-07-30,11.561740232187654
Can Tho city,2022-07-31,22.613933959884694
Can Tho city,2022-08-01,14.843740506438364
Can Tho city,2022-08-02,10.746415265423108
Can Tho city,2022-08-03,12.156410871777835
Can Tho city,2022-08-04,5.684886117543456
Can Tho city,2022-08-05,2.9072813743562382
Can Tho city,2022-08-06,10.523817928966205
Can Tho city,2022-08-07,12.21072251804938
Can Tho city,2022-08-08,11.418978456034484
Can Tho city,2022-08-09,0
Can Tho city,2022-08-10,12.301711185022848
Can Tho city,2022-08-11,7.890064175781257
Can Tho city,2022-08-12,4.207003936465242
Can Tho city,2022-08-13,0.006586209434546082
Can Tho city,2022-08-14,5.7569238241256135
Can Tho city,2022-08-15,6.200851745970244
Can Tho city,2022-08-16,9.149824745305072
Can Tho city,2022-08-17,4.75216650414023
Can Tho city,2022-08-18,3.879697277708599
Can Tho city,2022-08-19,3.190931682747696
Can Tho city,2022-08-20,7.646622539322429
Can Tho city,2022-08-21,3.350752540147362
Can Tho city,2022-08-22,2.3679140028996284
Can Tho city,2022-08-23,6.5107149248202045
Can Tho city,2022-08-24,14.587288143452406
Can Tho city,2022-08-25,9.058120288658273
Can Tho city,2022-08-26,14.152060618292122
Can Tho city,2022-08-27,0.2421797299368639
Can Tho city,2022-08-28,4.344090068594986
Can Tho city,2022-08-29,2.2463021877960534
Can Tho city,2022-08-30,4.783781777423959
Can Tho city,2022-08-31,7.065582574736567
Can Tho city,2022-09-01,8.748692442646197
Can Tho city,2022-09-02,12.922196587589507
Can Tho city,2022-09-03,9.378379979518098
Can Tho city,2022-09-04,21.799609504347423
Can Tho city,2022-09-05,6.160100263895287
Can Tho city,2022-09-06,24.90197143285214
Can Tho city,2022-09-07,13.534494474556924
Can Tho city,2022-09-08,0
Can Tho city,2022-09-09,0.8402981619108632
Can Tho city,2022-09-10,4.323146846588524
Can Tho city,2022-09-11,13.175295792638147
Can Tho city,2022-09-12,5.855903636431546
Can Tho city,2022-09-13,2.8098918284817773
Can Tho city,2022-09-14,6.745215740013253
Can Tho city,2022-09-15,5.7056990455874566
Can Tho city,2022-09-16,6.477779569106622
Can Tho city,2022-09-17,11.468565824654576
Can Tho city,2022-09-18,2.4737390952139857
Can Tho city,2022-09-19,0
Can Tho city,2022-09-20,0.008581859567590944
Can Tho city,2022-09-21,5.672898129986369
Can Tho city,2022-09-22,8.396116572080356
Can Tho city,2022-09-23,7.166660783949759
Can Tho city,2022-09-24,1.3098667094495515
Can Tho city,2022-09-25,11.177292243009763
Can Tho city,2022-09-26,9.847784141143544
Can Tho city,2022-09-27,4.206714440657302
Can Tho city,2022-09-28,11.596482664761584
Can Tho city,2022-09-29,7.373724488600789
Can Tho city,2022-09-30,12.83086115221251
Can Tho city,2022-10-01,6.247157644190351
Can Tho city,2022-10-02,9.472159528600848
Can Tho city,2022-10-03,9.77530229228024
Can Tho city,2022-10-04,5.3883410665103275
Can Tho city,2022-10-05,18.027740249265722
Can Tho city,2022-10-06,5.947902600622273
Can Tho city,2022-10-07,4.255647229211729
Can Tho city,2022-10-08,15.71865300001727
Can Tho city,2022-10-09,8.038762986602494
Can Tho city,2022-10-10,7.780896681345881
Can Tho city,2022-10-11,6.652422125005951
Can Tho city,2022-10-12,16.72248537187162
Can Tho city,2022-10-13,4.151465755212231
Can Tho city,2022-10-14,4.528409386272678
Can Tho city,2022-10-15,0
Can Tho city,2022-10-16,0.31942084323612263
Can Tho city,2022-10-17,0
Can Tho city,2022-10-18,4.910839826661418
Can Tho city,2022-10-19,12.401914609472644
Can Tho city,2022-10-20,6.633672208641414
Can Tho city,2022-10-21,0.4614769410791271
Can Tho city,2022-10-22,14.242672233266061
Can Tho city,2022-10-23,13.380634763600662
Can Tho city,2022-10-24,18.464184019731533
Can Tho city,2022-10-25,2.96185652984577
Can Tho city,2022-10-26,1.4297041211433856
Can Tho city,2022-10-27,22.018390107565622
Can Tho city,2022-10-28,3.9239676295108903
Can Tho city,2022-10-29,6.7706987062870905
Can Tho city,2022-10-30,0.021943212196302773
Can Tho city,2022-10-31,0
Can Tho city,2022-11-01,4.890123471714232
Can Tho city,2022-11-02,0
Can Tho city,2022-11-03,10.486305145589672
Can Tho city,2022-11-04,11.670150909680158
Can Tho city,2022-11-05,0
Can Tho city,2022-11-06,8.586812520799432
Can Tho city,2022-11-07,7.693889680161792
Can Tho city,2022-11-08,3.3840028300111165
Can Tho city,2022-11-09,0.3352255844231887
Can Tho city,2022-11-10,6.933634011388891
Can Tho city,2022-11-11,1.0824956772329062
Can Tho city,2022-11-12,10.473375562468043
Can Tho city,2022-11-13,2.312957371948999
Can Tho city,2022-11-14,0.5347708640305606
Can Tho city,2022-11-15,6.430204070969993
Can Tho city,2022-11-16,1.8228813382364977
Can Tho city,2022-11-17,0
Can Tho city,2022-11-18,16.926668542767292
Can Tho city,2022-11-19,26.27727119017271
Can Tho city,2022-11-20,44.76699338501522
Can Tho city,2022-11-21,20.82292271317653
Can Tho city,2022-11-22,36.66621847225009
Can Tho city,2022-11-23,4.908103710400653
Can Tho city,2022-11-24,1.5232324841103002
Can Tho city,2022-11-25,0.00999265791710946
Can Tho city,2022-11-26,7.393195760340459
Can Tho city,2022-11-27,8.320816032184885
Can Tho city,2022-11-28,0.09706411601591733
Can Tho city,2022-11-29,0
Can Tho city,2022-11-30,0.8637198915159512
Can Tho city,2022-12-01,11.343300462672826
Can Tho city,2022-12-02,0.27807401615040284
Can Tho city,2022-12-03,35.923366338938855
Can Tho city,2022-12-04,0.3750393221741458
Can Tho city,2022-12-05,0
Can Tho city,2022-12-06,0
Can Tho city,2022-12-07,4.154192773216269
Can Tho city,2022-12-08,0.6767295413967002
Can Tho city,2022-12-09,1.504582784982651
Can Tho city,2022-12-10,0.00257215867939692
Can Tho city,2022-12-11,0
Can Tho city,2022-12-12,0.04591134669738008
Can Tho city,2022-12-13,0
Can Tho city,2022-12-14,0
Can Tho city,2022-12-15,0
Can Tho city,2022-12-16,0.016664343616372545
Can Tho city,2022-12-17,0.025696987406620887
Can Tho city,2022-12-18,0
Can Tho city,2022-12-19,0
Can Tho city,2022-12-20,0
Can Tho city,2022-12-21,0
Can Tho city,2022-12-22,0
Can Tho city,2022-12-23,0
Can Tho city,2022-12-24,0.004066007733755815
Can Tho city,2022-12-25,0
Can Tho city,2022-12-26,0.054832836745279875
Can Tho city,2022-12-27,0
Can Tho city,2022-12-28,0
Can Tho city,2022-12-29,0
Can Tho city,2022-12-30,0
Can Tho city,2022-12-31,0.1937901252799819
Can Tho city,2023-01-01,0
Can Tho city,2023-01-02,0
Can Tho city,2023-01-03,0.0889621725253283
Can Tho city,2023-01-04,3.6326781111450375
Can Tho city,2023-01-05,0.6530244586222915
Can Tho city,2023-01-06,0
Can Tho city,2023-01-07,3.2602636913198335
Can Tho city,2023-01-08,0
Can Tho city,2023-01-09,0.67460725522715
Can Tho city,2023-01-10,9.290120342794898
Can Tho city,2023-01-11,0
Can Tho city,2023-01-12,0
Can Tho city,2023-01-13,0
Can Tho city,2023-01-14,0
Can Tho city,2023-01-15,0
Can Tho city,2023-01-16,0
Can Tho city,2023-01-17,0
Can Tho city,2023-01-18,0.03765643170420503
Can Tho city,2023-01-19,0
Can Tho city,2023-01-20,0.7100283375285887
Can Tho city,2023-01-21,0.193893928169629
Can Tho city,2023-01-22,2.6599775396898475
Can Tho city,2023-01-23,0.04619215477917786
Can Tho city,2023-01-24,0.6409435581947341
Can Tho city,2023-01-25,1.3666231429223596
Can Tho city,2023-01-26,0
Can Tho city,2023-01-27,0.5347908264517701
Can Tho city,2023-01-28,0.42146100038335194
Can Tho city,2023-01-29,0
Can Tho city,2023-01-30,3.5524809512000997
Can Tho city,2023-01-31,0
Can Tho city,2023-02-01,0
Can Tho city,2023-02-02,0
Can Tho city,2023-02-03,0.01090975895493216
Can Tho city,2023-02-04,0
Can Tho city,2023-02-05,0
Can Tho city,2023-02-06,0
Can Tho city,2023-02-07,0.003441072290803053
Can Tho city,2023-02-08,0
Can Tho city,2023-02-09,0
Can Tho city,2023-02-10,0
Can Tho city,2023-02-11,0
Can Tho city,2023-02-12,3.6635508840614794
Can Tho city,2023-02-13,3.4965247796536474
Can Tho city,2023-02-14,0.16927826754558833
Can Tho city,2023-02-15,0
Can Tho city,2023-02-16,0
Can Tho city,2023-02-17,0
Can Tho city,2023-02-18,0
Can Tho city,2023-02-19,0.0927665449355406
Can Tho city,2023-02-20,1.3592781332260486
Can Tho city,2023-02-21,0
Can Tho city,2023-02-22,0
Can Tho city,2023-02-23,0
Can Tho city,2023-02-24,0
Can Tho city,2023-02-25,0
Can Tho city,2023-02-26,0
Can Tho city,2023-02-27,0.002187339508640281
Can Tho city,2023-02-28,2.2525904951220452
Can Tho city,2023-03-01,0.034439530987151315
Can Tho city,2023-03-02,0.09101499615662019
Can Tho city,2023-03-03,0
Can Tho city,2023-03-04,0
Can Tho city,2023-03-05,0
Can Tho city,2023-03-06,2.7818036041614675
Can Tho city,2023-03-07,0
Can Tho city,2023-03-08,0.20701594641913548
Can Tho city,2023-03-09,0
Can Tho city,2023-03-10,0
Can Tho city,2023-03-11,0
Can Tho city,2023-03-12,0.1666605447917704
Can Tho city,2023-03-13,0
Can Tho city,2023-03-14,0
Can Tho city,2023-03-15,0
Can Tho city,2023-03-16,0
Can Tho city,2023-03-17,0
Can Tho city,2023-03-18,0
Can Tho city,2023-03-19,0
Can Tho city,2023-03-20,0.08372030892427997
Can Tho city,2023-03-21,0
Can Tho city,2023-03-22,0
Can Tho city,2023-03-23,0
Can Tho city,2023-03-24,0
Can Tho city,2023-03-25,0
Can Tho city,2023-03-26,0
Can Tho city,2023-03-27,0
Can Tho city,2023-03-28,0.17954704436164814
Can Tho city,2023-03-29,0
Can Tho city,2023-03-30,0
Can Tho city,2023-03-31,0
Can Tho city,2023-04-01,0
Can Tho city,2023-04-02,0.602327077779829
Can Tho city,2023-04-03,6.492514585742121
Can Tho city,2023-04-04,1.8145930061744537
Can Tho city,2023-04-05,0.34609368961486703
Can Tho city,2023-04-06,0
Can Tho city,2023-04-07,0
Can Tho city,2023-04-08,0
Can Tho city,2023-04-09,0
Can Tho city,2023-04-10,0
Can Tho city,2023-04-11,0
Can Tho city,2023-04-12,0
Can Tho city,2023-04-13,0
Can Tho city,2023-04-14,0
Can Tho city,2023-04-15,13.200621975347307
Can Tho city,2023-04-16,12.154888494190555
Can Tho city,2023-04-17,5.292981319506359
Can Tho city,2023-04-18,0.332873401832449
Can Tho city,2023-04-19,0.4713558733504365
Can Tho city,2023-04-20,0
Can Tho city,2023-04-21,0
Can Tho city,2023-04-22,3.71564612082988
Can Tho city,2023-04-23,0
Can Tho city,2023-04-24,4.463896512607308
Can Tho city,2023-04-25,5.471191259666116
Can Tho city,2023-04-26,0.008270471725358705
Can Tho city,2023-04-27,0.3669314225405187
Can Tho city,2023-04-28,0.11898692378826914
Can Tho city,2023-04-29,0.4218486001785666
Can Tho city,2023-04-30,11.47715504447154
Can Tho city,2023-05-01,0
Can Tho city,2023-05-02,0
Can Tho city,2023-05-03,0
Can Tho city,2023-05-04,0.22605194608397847
Can Tho city,2023-05-05,4.276602135913936
Can Tho city,2023-05-06,0
Can Tho city,2023-05-07,0.2804920651434537
Can Tho city,2023-05-08,5.937795351161205
Can Tho city,2023-05-09,4.348303442877132
Can Tho city,2023-05-10,2.4505483549188365
Can Tho city,2023-05-11,8.570233495214081
Can Tho city,2023-05-12,13.048607846739207
Can Tho city,2023-05-13,0.8435723446715213
Can Tho city,2023-05-14,2.1017670823983856
Can Tho city,2023-05-15,0.0030576682928757032
Can Tho city,2023-05-16,0.33337532591606145
Can Tho city,2023-05-17,4.677236016448985
Can Tho city,2023-05-18,3.6687455468798893
Can Tho city,2023-05-19,0.808452570413738
Can Tho city,2023-05-20,6.094198497207635
Can Tho city,2023-05-21,8.593406011612966
Can Tho city,2023-05-22,5.147171663219235
Can Tho city,2023-05-23,4.601858662113001
Can Tho city,2023-05-24,4.631580873048361
Can Tho city,2023-05-25,3.406580071133799
Can Tho city,2023-05-26,11.294042033281594
Can Tho city,2023-05-27,18.208734527445923
Can Tho city,2023-05-28,2.0688249420084506
Can Tho city,2023-05-29,0
Can Tho city,2023-05-30,2.360048240764152
Can Tho city,2023-05-31,9.212245056630824
Can Tho city,2023-06-01,0.8284061520449626
Can Tho city,2023-06-02,3.683027380766497
Can Tho city,2023-06-03,3.3212444741836014
Can Tho city,2023-06-04,9.649157690098168
Can Tho city,2023-06-05,9.369351814632822
Can Tho city,2023-06-06,3.485527608314109
Can Tho city,2023-06-07,10.05546603183102
Can Tho city,2023-06-08,7.86553426129008
Can Tho city,2023-06-09,0.8264548555232177
Can Tho city,2023-06-10,6.010624939305957
Can Tho city,2023-06-11,0
Can Tho city,2023-06-12,7.046648979597792
Can Tho city,2023-06-13,2.5665921917625485
Can Tho city,2023-06-14,0
Can Tho city,2023-06-15,4.928720537355898
Can Tho city,2023-06-16,4.225214089828058
Can Tho city,2023-06-17,14.925489073470079
Can Tho city,2023-06-18,1.9177316526968995
Can Tho city,2023-06-19,0
Can Tho city,2023-06-20,16.98994042451097
Can Tho city,2023-06-21,1.850976073446149
Can Tho city,2023-06-22,4.69844552192254
Can Tho city,2023-06-23,3.1560914611832835
Can Tho city,2023-06-24,2.610550542431482
Can Tho city,2023-06-25,8.972000204424129
Can Tho city,2023-06-26,2.176371600691981
Can Tho city,2023-06-27,17.29795677374347
Can Tho city,2023-06-28,4.604853450027848
Can Tho city,2023-06-29,8.24432922400416
Can Tho city,2023-06-30,13.71868630566324
Can Tho city,2023-07-01,21.89628664328262
Can Tho city,2023-07-02,12.927096700438291
Can Tho city,2023-07-03,20.693934823002675
Can Tho city,2023-07-04,0.39021823052945903
Can Tho city,2023-07-05,12.296235597256869
Can Tho city,2023-07-06,11.066121584789078
Can Tho city,2023-07-07,8.466381256535989
Can Tho city,2023-07-08,7.898521794589284
Can Tho city,2023-07-09,9.162649639453004
Can Tho city,2023-07-10,8.651231570082809
Can Tho city,2023-07-11,4.860700519145727
Can Tho city,2023-07-12,9.110991111038306
Can Tho city,2023-07-13,10.140930900764332
Can Tho city,2023-07-14,9.102450119685006
Can Tho city,2023-07-15,4.882528883797969
Can Tho city,2023-07-16,33.703602803977574
Can Tho city,2023-07-17,15.854670701529715
Can Tho city,2023-07-18,16.132159885745637
Can Tho city,2023-07-19,15.001908804842882
Can Tho city,2023-07-20,0
Can Tho city,2023-07-21,7.6086162381136
Can Tho city,2023-07-22,3.644554646240275
Can Tho city,2023-07-23,11.425356639294192
Can Tho city,2023-07-24,38.52583292639725
Can Tho city,2023-07-25,5.688039548112801
Can Tho city,2023-07-26,7.8201404939923576
Can Tho city,2023-07-27,18.616220823770387
Can Tho city,2023-07-28,21.103063837862432
Can Tho city,2023-07-29,23.193577326321748
Can Tho city,2023-07-30,25.82890954375841
Can Tho city,2023-07-31,3.005300667695058
Can Tho city,2023-08-01,0.33816532533305166
Can Tho city,2023-08-02,0.0761876801964663
Can Tho city,2023-08-03,5.937190005928791
Can Tho city,2023-08-04,5.50183747066127
Can Tho city,2023-08-05,0.71914412267121
Can Tho city,2023-08-06,0
Can Tho city,2023-08-07,0
Can Tho city,2023-08-08,0
Can Tho city,2023-08-09,0
Can Tho city,2023-08-10,0
Can Tho city,2023-08-11,0
Can Tho city,2023-08-12,1.1495083696180008
Can Tho city,2023-08-13,5.969029172480638
Can Tho city,2023-08-14,22.0046742917093
Can Tho city,2023-08-15,0.18001879811040453
Can Tho city,2023-08-16,2.8028028672190053
Can Tho city,2023-08-17,10.688039455637284
Can Tho city,2023-08-18,14.799321020429993
Can Tho city,2023-08-19,27.435808510652162
Can Tho city,2023-08-20,8.298621432917598
Can Tho city,2023-08-21,6.709651765734634
Can Tho city,2023-08-22,9.604820924919277
Can Tho city,2023-08-23,0
Can Tho city,2023-08-24,0.018791658347594498
Can Tho city,2023-08-25,0.059956586254127746
Can Tho city,2023-08-26,6.734584981913732
Can Tho city,2023-08-27,7.303083484539239
Can Tho city,2023-08-28,12.56616699572352
Can Tho city,2023-08-29,7.213280051235982
Can Tho city,2023-08-30,5.3891754322262315
Can Tho city,2023-08-31,12.95811105428442
Can Tho city,2023-09-01,5.549006702717544
Can Tho city,2023-09-02,8.286895331458991
Can Tho city,2023-09-03,15.335109146244353
Can Tho city,2023-09-04,5.772603751198328
Can Tho city,2023-09-05,4.389541125659035
Can Tho city,2023-09-06,3.991987120308274
Can Tho city,2023-09-07,4.164527319580173
Can Tho city,2023-09-08,16.782732334242123
Can Tho city,2023-09-09,12.350774265765152
Can Tho city,2023-09-10,0.03512070404094798
Can Tho city,2023-09-11,0
Can Tho city,2023-09-12,2.327746005833847
Can Tho city,2023-09-13,4.916572203839918
Can Tho city,2023-09-14,11.33057023764149
Can Tho city,2023-09-15,1.347603970277235
Can Tho city,2023-09-16,6.231705484778037
Can Tho city,2023-09-17,7.053078913146426
Can Tho city,2023-09-18,7.622636480827645
Can Tho city,2023-09-19,9.361448643340639
Can Tho city,2023-09-20,4.604108444039037
Can Tho city,2023-09-21,6.497000685385551
Can Tho city,2023-09-22,6.425224133411987
Can Tho city,2023-09-23,10.537105060231674
Can Tho city,2023-09-24,16.729704632814958
Can Tho city,2023-09-25,7.082027156364497
Can Tho city,2023-09-26,27.16626570982245
Can Tho city,2023-09-27,9.380856332476595
Can Tho city,2023-09-28,0
Can Tho city,2023-09-29,13.688066459474358
Can Tho city,2023-09-30,4.732997694432857
Can Tho city,2023-10-01,31.898483719092887
Can Tho city,2023-10-02,17.102887913738744
Can Tho city,2023-10-03,0
Can Tho city,2023-10-04,0
Can Tho city,2023-10-05,5.486179796011179
Can Tho city,2023-10-06,2.9369282369610357
Can Tho city,2023-10-07,2.080793065288656
Can Tho city,2023-10-08,6.4300808466852795
Can Tho city,2023-10-09,0.2570389250736249
Can Tho city,2023-10-10,5.582498243642133
Can Tho city,2023-10-11,2.6330891240144254
Can Tho city,2023-10-12,10.846785516545
Can Tho city,2023-10-13,1.5194253130504625
Can Tho city,2023-10-14,17.045859922268402
Can Tho city,2023-10-15,15.255070169147828
Can Tho city,2023-10-16,3.205990293352954
Can Tho city,2023-10-17,17.85552974677266
Can Tho city,2023-10-18,2.865748763758095
Can Tho city,2023-10-19,10.013233985874583
Can Tho city,2023-10-20,8.821582931358183
Can Tho city,2023-10-21,0
Can Tho city,2023-10-22,14.942476936178641
Can Tho city,2023-10-23,5.854602572870284
Can Tho city,2023-10-24,2.9860115964522778
Can Tho city,2023-10-25,10.24635428182837
Can Tho city,2023-10-26,2.028431288773729
Can Tho city,2023-10-27,6.791189474109776
Can Tho city,2023-10-28,14.90019555903565
Can Tho city,2023-10-29,21.145687927532652
Can Tho city,2023-10-30,7.453437950428725
Can Tho city,2023-10-31,6.3007019460981715
Can Tho city,2023-11-01,7.335179723796146
Can Tho city,2023-11-02,21.68966865506687
Can Tho city,2023-11-03,9.330022047799998
Can Tho city,2023-11-04,0.006435789296250766
Can Tho city,2023-11-05,16.49069449052081
Can Tho city,2023-11-06,0.1693005893741452
Can Tho city,2023-11-07,12.534430249553964
Can Tho city,2023-11-08,5.006885575755226
Can Tho city,2023-11-09,23.427884576930254
Can Tho city,2023-11-10,7.8865028651150055
Can Tho city,2023-11-11,0
Can Tho city,2023-11-12,0
Can Tho city,2023-11-13,4.837087084851044
Can Tho city,2023-11-14,13.1048558863831
Can Tho city,2023-11-15,3.608415153945091
Can Tho city,2023-11-16,2.790606014947082
Can Tho city,2023-11-17,5.657562356912045
Can Tho city,2023-11-18,5.243936747472751
Can Tho city,2023-11-19,0
Can Tho city,2023-11-20,1.935055468051208
Can Tho city,2023-11-21,1.1161724636424908
Can Tho city,2023-11-22,0.9789212562559718
Can Tho city,2023-11-23,7.742638980512533
Can Tho city,2023-11-24,0.06229483879162966
Can Tho city,2023-11-25,3.503515321628379
Can Tho city,2023-11-26,5.059355239002233
Can Tho city,2023-11-27,0
Can Tho city,2023-11-28,1.224152558249165
Can Tho city,2023-11-29,0.2799486662419724
Can Tho city,2023-11-30,0.49234262174938886
Can Tho city,2023-12-01,2.270628157391537
Can Tho city,2023-12-02,13.423193824184423
Can Tho city,2023-12-03,0
Can Tho city,2023-12-04,3.757269154771452
Can Tho city,2023-12-05,0
Can Tho city,2023-12-06,2.382002860771878
Can Tho city,2023-12-07,1.4449730258411901
Can Tho city,2023-12-08,0
Can Tho city,2023-12-09,0
Can Tho city,2023-12-10,0
Can Tho city,2023-12-11,0
Can Tho city,2023-12-12,0
Can Tho city,2023-12-13,0
Can Tho city,2023-12-14,0.01468445008003161
Can Tho city,2023-12-15,0.021928004525103784
Can Tho city,2023-12-16,0
Can Tho city,2023-12-17,0
Can Tho city,2023-12-18,0
Can Tho city,2023-12-19,0
Can Tho city,2023-12-20,0
Can Tho city,2023-12-21,0
Can Tho city,2023-12-22,0.018342298528065272
Can Tho city,2023-12-23,0
Can Tho city,2023-12-24,0
Can Tho city,2023-12-25,0
Can Tho city,2023-12-26,0
Can Tho city,2023-12-27,0
Can Tho city,2023-12-28,0.10120763788134533
Can Tho city,2023-12-29,0.02189615829331065
Can Tho city,2023-12-30,0
Can Tho city,2023-12-31,0
Can Tho city,2024-01-01,0
Can Tho city,2024-01-02,0
Can Tho city,2024-01-03,0.7187149285119948
Can Tho city,2024-01-04,0
Can Tho city,2024-01-05,0.3828824467448675
Can Tho city,2024-01-06,0.18865341614395237
Can Tho city,2024-01-07,0
Can Tho city,2024-01-08,2.0138879452303793
Can Tho city,2024-01-09,0.5975281515916735
Can Tho city,2024-01-10,0
Can Tho city,2024-01-11,0
Can Tho city,2024-01-12,0
Can Tho city,2024-01-13,0.008958087141640344
Can Tho city,2024-01-14,0.7409554193670546
Can Tho city,2024-01-15,0.13632395085098822
Can Tho city,2024-01-16,0
Can Tho city,2024-01-17,0.15348831701903073
Can Tho city,2024-01-18,0
Can Tho city,2024-01-19,0
Can Tho city,2024-01-20,5.145414580237362
Can Tho city,2024-01-21,0.7931798795105915
Can Tho city,2024-01-22,0
Can Tho city,2024-01-23,0
Can Tho city,2024-01-24,0
Can Tho city,2024-01-25,0
Can Tho city,2024-01-26,0
Can Tho city,2024-01-27,0
Can Tho city,2024-01-28,0
Can Tho city,2024-01-29,0
Can Tho city,2024-01-30,0
Can Tho city,2024-01-31,0.058120113105957945
Can Tho city,2024-02-01,0
Can Tho city,2024-02-02,0
Can Tho city,2024-02-03,0
Can Tho city,2024-02-04,0
Can Tho city,2024-02-05,0
Can Tho city,2024-02-06,0
Can Tho city,2024-02-07,0
Can Tho city,2024-02-08,0
Can Tho city,2024-02-09,0
Can Tho city,2024-02-10,0
Can Tho city,2024-02-11,0
Can Tho city,2024-02-12,0
Can Tho city,2024-02-13,0
Can Tho city,2024-02-14,0
Can Tho city,2024-02-15,0
Can Tho city,2024-02-16,0
Can Tho city,2024-02-17,0
Can Tho city,2024-02-18,0
Can Tho city,2024-02-19,0
Can Tho city,2024-02-20,0
Can Tho city,2024-02-21,0
Can Tho city,2024-02-22,0
Can Tho city,2024-02-23,0
Can Tho city,2024-02-24,0
Can Tho city,2024-02-25,0
Can Tho city,2024-02-26,0
Can Tho city,2024-02-27,0
Can Tho city,2024-02-28,0
Can Tho city,2024-02-29,0
Can Tho city,2024-03-01,0
Can Tho city,2024-03-02,0
Can Tho city,2024-03-03,0
Can Tho city,2024-03-04,0
Can Tho city,2024-03-05,0
Can Tho city,2024-03-06,0
Can Tho city,2024-03-07,0
Can Tho city,2024-03-08,0
Can Tho city,2024-03-09,0.467423170472243
Can Tho city,2024-03-10,0.0034882554015482313
Can Tho city,2024-03-11,0
Can Tho city,2024-03-12,0
Can Tho city,2024-03-13,0
Can Tho city,2024-03-14,0
Can Tho city,2024-03-15,0
Can Tho city,2024-03-16,0
Can Tho city,2024-03-17,0
Can Tho city,2024-03-18,0
Can Tho city,2024-03-19,0
Can Tho city,2024-03-20,0
Can Tho city,2024-03-21,0
Can Tho city,2024-03-22,0
Can Tho city,2024-03-23,0
Can Tho city,2024-03-24,0
Can Tho city,2024-03-25,0
Can Tho city,2024-03-26,0
Can Tho city,2024-03-27,0
Can Tho city,2024-03-28,1.4228908589262534
Can Tho city,2024-03-29,5.022404824857624
Can Tho city,2024-03-30,4.550040592792361
Can Tho city,2024-03-31,0
Can Tho city,2024-04-01,0.6182694827417599
Can Tho city,2024-04-02,3.6403716462057747
Can Tho city,2024-04-03,0
Can Tho city,2024-04-04,0
Can Tho city,2024-04-05,0
Can Tho city,2024-04-06,0
Can Tho city,2024-04-07,0
Can Tho city,2024-04-08,0.018725618011453574
Can Tho city,2024-04-09,0
Can Tho city,2024-04-10,0
Can Tho city,2024-04-11,0.08955871214730564
Can Tho city,2024-04-12,0.016988767479077172
Can Tho city,2024-04-13,0.8070638885063026
Can Tho city,2024-04-14,0.030461008995797078
Can Tho city,2024-04-15,1.8345999597736358e-06
Can Tho city,2024-04-16,0
Can Tho city,2024-04-17,0
Can Tho city,2024-04-18,0
Can Tho city,2024-04-19,0
Can Tho city,2024-04-20,0
Can Tho city,2024-04-21,0
Can Tho city,2024-04-22,0
Can Tho city,2024-04-23,0
Can Tho city,2024-04-24,0
Can Tho city,2024-04-25,0
Can Tho city,2024-04-26,1.968064953170095
Can Tho city,2024-04-27,0
Can Tho city,2024-04-28,0
Can Tho city,2024-04-29,0
Can Tho city,2024-04-30,0.40495249519341564
Can Tho city,2024-05-01,0
Can Tho city,2024-05-02,0
Can Tho city,2024-05-03,4.4492635347365015
Can Tho city,2024-05-04,7.608787440037743
Can Tho city,2024-05-05,7.2740776325898855
Can Tho city,2024-05-06,0
Can Tho city,2024-05-07,9.452223438464058
Can Tho city,2024-05-08,2.2140499727878793
Can Tho city,2024-05-09,2.950058737990775
Can Tho city,2024-05-10,7.62220542225486
Can Tho city,2024-05-11,3.8182741220699015
Can Tho city,2024-05-12,2.0590544428026814
Can Tho city,2024-05-13,7.568372754620157
Can Tho city,2024-05-14,2.592991346954724
Can Tho city,2024-05-15,13.416898957981394
Can Tho city,2024-05-16,8.55279684816041
Can Tho city,2024-05-17,13.379330218043682
Can Tho city,2024-05-18,1.5214061692203018
Can Tho city,2024-05-19,3.614933135803611
Can Tho city,2024-05-20,6.083801125099869
Can Tho city,2024-05-21,0.9693933406096336
Can Tho city,2024-05-22,1.0816799975361677
Can Tho city,2024-05-23,5.4265192037611305
Can Tho city,2024-05-24,3.980891009201927
Can Tho city,2024-05-25,2.149190203047554
Can Tho city,2024-05-26,0.018123302288830974
Can Tho city,2024-05-27,10.887059549493351
Can Tho city,2024-05-28,14.756497329682992
Can Tho city,2024-05-29,13.237879512492414
Can Tho city,2024-05-30,9.419172979107733
Can Tho city,2024-05-31,8.119249673911733
Can Tho city,2024-06-01,7.0658236132253025
Can Tho city,2024-06-02,0.524645394296337
Can Tho city,2024-06-03,2.1747900803117073
Can Tho city,2024-06-04,5.540911994828264
Can Tho city,2024-06-05,0.8275602170305363
Can Tho city,2024-06-06,0.036935607915414274
Can Tho city,2024-06-07,14.043247181493443
Can Tho city,2024-06-08,14.740587249350995
Can Tho city,2024-06-09,5.633516056039757
Can Tho city,2024-06-10,0
Can Tho city,2024-06-11,2.820529006630039
Can Tho city,2024-06-12,2.771245264177237
Can Tho city,2024-06-13,2.156615192622336
Can Tho city,2024-06-14,2.9467662644665618
Can Tho city,2024-06-15,7.642567180814945
Can Tho city,2024-06-16,4.62003443880298
Can Tho city,2024-06-17,2.2284794884661325
Can Tho city,2024-06-18,8.382831344072116
Can Tho city,2024-06-19,14.639076692790184
Can Tho city,2024-06-20,19.786517994392334
Can Tho city,2024-06-21,20.539718904698983
Can Tho city,2024-06-22,7.961475125581618
Can Tho city,2024-06-23,11.382650913656535
Can Tho city,2024-06-24,11.302735604293419
Can Tho city,2024-06-25,2.471655880476506
Can Tho city,2024-06-26,10.390904883299916
Can Tho city,2024-06-27,9.675897740282574
Can Tho city,2024-06-28,2.6805357665378087
Can Tho city,2024-06-29,0
Can Tho city,2024-06-30,4.140215307461811
Can Tho city,2024-07-01,5.268231091870678
Can Tho city,2024-07-02,18.65161841180224
Can Tho city,2024-07-03,14.703204158813199
Can Tho city,2024-07-04,16.860959734709645
Can Tho city,2024-07-05,0.1957706459303053
Can Tho city,2024-07-06,2.208843712014711
Can Tho city,2024-07-07,9.23748948181357
Can Tho city,2024-07-08,10.853051645487936
Can Tho city,2024-07-09,12.931668991289984
Can Tho city,2024-07-10,7.818744533099773
Can Tho city,2024-07-11,9.813172756138544
Can Tho city,2024-07-12,0.37629447338254096
Can Tho city,2024-07-13,2.2174646031519685
Can Tho city,2024-07-14,0.08985885906679557
Can Tho city,2024-07-15,14.843809347954556
Can Tho city,2024-07-16,18.93314397497722
Can Tho city,2024-07-17,29.664182581201565
Can Tho city,2024-07-18,28.711344762048906
Can Tho city,2024-07-19,5.550861811752896
Can Tho city,2024-07-20,22.075716960586238
Can Tho city,2024-07-21,12.234234940833172
Can Tho city,2024-07-22,17.419450161721606
Can Tho city,2024-07-23,1.9080336301265952
Can Tho city,2024-07-24,6.7303525007485865
Can Tho city,2024-07-25,13.841090194345913
Can Tho city,2024-07-26,14.559701162400039
Can Tho city,2024-07-27,0.28408344970087934
Can Tho city,2024-07-28,0.8384546138597798
Can Tho city,2024-07-29,4.357061968171784
Can Tho city,2024-07-30,3.120833791099196
Can Tho city,2024-07-31,13.282709774586511
Can Tho city,2024-08-01,8.488165156418988
Can Tho city,2024-08-02,15.766586781994048
Can Tho city,2024-08-03,16.543063391429808
Can Tho city,2024-08-04,9.717166877335137
Can Tho city,2024-08-05,7.2581277408244915
Can Tho city,2024-08-06,7.132097382417306
Can Tho city,2024-08-07,1.584009507127994
Can Tho city,2024-08-08,0
Can Tho city,2024-08-09,1.3298825101799834
Can Tho city,2024-08-10,1.133344246172888
Can Tho city,2024-08-11,0
Can Tho city,2024-08-12,9.621142250648617
Can Tho city,2024-08-13,0.0013101024351639223
Can Tho city,2024-08-14,0.23902567975854638
Can Tho city,2024-08-15,7.186647679360465
Can Tho city,2024-08-16,3.8401098549900006
Can Tho city,2024-08-17,0.9921744181319484
Can Tho city,2024-08-18,0
Can Tho city,2024-08-19,2.3325573338877317
Can Tho city,2024-08-20,6.230888156920445
Can Tho city,2024-08-21,4.808244842993318
Can Tho city,2024-08-22,4.036201599250572
Can Tho city,2024-08-23,6.882305139775608
Can Tho city,2024-08-24,4.631427928022809
Can Tho city,2024-08-25,6.143766438032661
Can Tho city,2024-08-26,9.289629666613019
Can Tho city,2024-08-27,10.847222955271262
Can Tho city,2024-08-28,23.92035275268028
Can Tho city,2024-08-29,14.115184787221807
Can Tho city,2024-08-30,7.195006784712503
Can Tho city,2024-08-31,9.048161835377991
Can Tho city,2024-09-01,24.31483562378781
Can Tho city,2024-09-02,1.8369812964407184
Can Tho city,2024-09-03,5.255278449219559
Can Tho city,2024-09-04,13.20721002302032
Can Tho city,2024-09-05,13.792316771276566
Can Tho city,2024-09-06,10.973488408758426
Can Tho city,2024-09-07,0
Can Tho city,2024-09-08,1.9322466133874823
Can Tho city,2024-09-09,0.0426464694027733
Can Tho city,2024-09-10,24.191306888703878
Can Tho city,2024-09-11,10.885786045279524
Can Tho city,2024-09-12,27.809175350286477
Can Tho city,2024-09-13,16.979904352525935
Can Tho city,2024-09-14,9.721306430611584
Can Tho city,2024-09-15,8.607406857718606
Can Tho city,2024-09-16,13.706094973240127
Can Tho city,2024-09-17,6.230769227062072
Can Tho city,2024-09-18,10.688899348605347
Can Tho city,2024-09-19,6.841412404551331
Can Tho city,2024-09-20,16.473794767365302
Can Tho city,2024-09-21,18.585318405064605
Can Tho city,2024-09-22,5.595111422584763
Can Tho city,2024-09-23,16.097268533148
Can Tho city,2024-09-24,6.249303032019316
Can Tho city,2024-09-25,4.244438861929738
Can Tho city,2024-09-26,1.3440177282738237
Can Tho city,2024-09-27,3.699222485218928
Can Tho city,2024-09-28,0
Can Tho city,2024-09-29,0
Can Tho city,2024-09-30,1.0054271798557775
Can Tho city,2024-10-01,13.171878933791533
Can Tho city,2024-10-02,6.5539563272674695
Can Tho city,2024-10-03,16.018076319599214
Can Tho city,2024-10-04,10.538347449062774
Can Tho city,2024-10-05,16.720681978997323
Can Tho city,2024-10-06,11.959588730212001
Can Tho city,2024-10-07,11.8621691507935
Can Tho city,2024-10-08,22.446629042858753
Can Tho city,2024-10-09,16.0875159399005
Can Tho city,2024-10-10,13.222011950852377
Can Tho city,2024-10-11,11.60127402765023
Can Tho city,2024-10-12,23.704528300537067
Can Tho city,2024-10-13,7.14130370963614
Can Tho city,2024-10-14,13.339112828305307
Can Tho city,2024-10-15,15.253456455358222
Can Tho city,2024-10-16,24.515233378012702
Can Tho city,2024-10-17,17.90228642539925
Can Tho city,2024-10-18,0.45892641634714343
Can Tho city,2024-10-19,9.535792227961288
Can Tho city,2024-10-20,23.956509619725328
Can Tho city,2024-10-21,15.075282188549606
Can Tho city,2024-10-22,28.562979254009473
Can Tho city,2024-10-23,0.18589471446325823
Can Tho city,2024-10-24,1.201811823296103
Can Tho city,2024-10-25,0
Can Tho city,2024-10-26,4.752072928775021
Can Tho city,2024-10-27,19.6341910785186
Can Tho city,2024-10-28,12.276456923060872
Can Tho city,2024-10-29,0.3800431198288374
Can Tho city,2024-10-30,0
Can Tho city,2024-10-31,0.1656289845972041
Can Tho city,2024-11-01,8.826311946687492
Can Tho city,2024-11-02,13.403775289024171
Can Tho city,2024-11-03,22.67483422501509
Can Tho city,2024-11-04,24.722143126487065
Can Tho city,2024-11-05,10.282765163872503
Can Tho city,2024-11-06,9.31669770281205
Can Tho city,2024-11-07,0.5108891533293615
Can Tho city,2024-11-08,2.6239930526705795
Can Tho city,2024-11-09,2.750600401275656
Can Tho city,2024-11-10,1.9235545611233644
Can Tho city,2024-11-11,0
Can Tho city,2024-11-12,0
Can Tho city,2024-11-13,0.7091519866459618
Can Tho city,2024-11-14,0.02072760189590086
Can Tho city,2024-11-15,0
Can Tho city,2024-11-16,0.933442394031811
Can Tho city,2024-11-17,0
Can Tho city,2024-11-18,0
Can Tho city,2024-11-19,0
Can Tho city,2024-11-20,0.5794393438047412
Can Tho city,2024-11-21,6.226602102706217
Can Tho city,2024-11-22,0.13257683353700114
Can Tho city,2024-11-23,0
Can Tho city,2024-11-24,0.18020112519425244
Can Tho city,2024-11-25,7.007773605631925
Can Tho city,2024-11-26,6.08170182144617
Can Tho city,2024-11-27,2.556623433311587
Can Tho city,2024-11-28,1.4942863054229503
Can Tho city,2024-11-29,8.424824172886874
Can Tho city,2024-11-30,0
Can Tho city,2024-12-01,0
Can Tho city,2024-12-02,8.440292044231432
Can Tho city,2024-12-03,26.0785822164429
Can Tho city,2024-12-04,13.711005947788692
Can Tho city,2024-12-05,0
Can Tho city,2024-12-06,0
Can Tho city,2024-12-07,0
Can Tho city,2024-12-08,0.042780589465845204
Can Tho city,2024-12-09,0.07393046219048213
Can Tho city,2024-12-10,8.580434010654871
Can Tho city,2024-12-11,6.547885150929141
Can Tho city,2024-12-12,6.706908011748656
Can Tho city,2024-12-13,9.36236646121161
Can Tho city,2024-12-14,4.951144653382094
Can Tho city,2024-12-15,0
Can Tho city,2024-12-16,0.015211378332666491
Can Tho city,2024-12-17,0
Can Tho city,2024-12-18,0
Can Tho city,2024-12-19,0
Can Tho city,2024-12-20,0
Can Tho city,2024-12-21,2.2564400360553027
Can Tho city,2024-12-22,0.006183403430520706
Can Tho city,2024-12-23,0
Can Tho city,2024-12-24,0
Can Tho city,2024-12-25,0
Can Tho city,2024-12-26,0
Can Tho city,2024-12-27,0.13353681492033206
Can Tho city,2024-12-28,0.11879836255973325
Can Tho city,2024-12-29,0
Can Tho city,2024-12-30,0
Can Tho city,2024-12-31,1.385284896721764
Hau Giang,2019-01-01,5.201822718206175
Hau Giang,2019-01-02,10.056067226219499
Hau Giang,2019-01-03,2.3745143825418698
Hau Giang,2019-01-04,2.749585973468532
Hau Giang,2019-01-05,0
Hau Giang,2019-01-06,0
Hau Giang,2019-01-07,0
Hau Giang,2019-01-08,0
Hau Giang,2019-01-09,0
Hau Giang,2019-01-10,0
Hau Giang,2019-01-11,0
Hau Giang,2019-01-12,0
Hau Giang,2019-01-13,0
Hau Giang,2019-01-14,0
Hau Giang,2019-01-15,0.04100346980343625
Hau Giang,2019-01-16,0
Hau Giang,2019-01-17,0.014534843966139488
Hau Giang,2019-01-18,0
Hau Giang,2019-01-19,0.047298791471746
Hau Giang,2019-01-20,0
Hau Giang,2019-01-21,0
Hau Giang,2019-01-22,0
Hau Giang,2019-01-23,2.2959172853120178
Hau Giang,2019-01-24,0
Hau Giang,2019-01-25,0
Hau Giang,2019-01-26,0
Hau Giang,2019-01-27,0
Hau Giang,2019-01-28,0
Hau Giang,2019-01-29,0
Hau Giang,2019-01-30,0
Hau Giang,2019-01-31,0
Hau Giang,2019-02-01,0
Hau Giang,2019-02-02,0
Hau Giang,2019-02-03,0
Hau Giang,2019-02-04,0
Hau Giang,2019-02-05,0
Hau Giang,2019-02-06,0
Hau Giang,2019-02-07,0
Hau Giang,2019-02-08,0
Hau Giang,2019-02-09,0
Hau Giang,2019-02-10,0.18295627807390355
Hau Giang,2019-02-11,0
Hau Giang,2019-02-12,0
Hau Giang,2019-02-13,0
Hau Giang,2019-02-14,0
Hau Giang,2019-02-15,0
Hau Giang,2019-02-16,0
Hau Giang,2019-02-17,0
Hau Giang,2019-02-18,0
Hau Giang,2019-02-19,0
Hau Giang,2019-02-20,0.12181195807474796
Hau Giang,2019-02-21,0
Hau Giang,2019-02-22,0.41886931915213
Hau Giang,2019-02-23,0
Hau Giang,2019-02-24,0
Hau Giang,2019-02-25,0
Hau Giang,2019-02-26,0
Hau Giang,2019-02-27,0
Hau Giang,2019-02-28,0
Hau Giang,2019-03-01,2.4881331205464017
Hau Giang,2019-03-02,0
Hau Giang,2019-03-03,0
Hau Giang,2019-03-04,0
Hau Giang,2019-03-05,0
Hau Giang,2019-03-06,0
Hau Giang,2019-03-07,0
Hau Giang,2019-03-08,0
Hau Giang,2019-03-09,2.4563152081491046
Hau Giang,2019-03-10,0
Hau Giang,2019-03-11,0
Hau Giang,2019-03-12,0
Hau Giang,2019-03-13,0
Hau Giang,2019-03-14,0
Hau Giang,2019-03-15,0
Hau Giang,2019-03-16,0
Hau Giang,2019-03-17,0
Hau Giang,2019-03-18,0
Hau Giang,2019-03-19,0
Hau Giang,2019-03-20,0
Hau Giang,2019-03-21,0.7457307555949862
Hau Giang,2019-03-22,0
Hau Giang,2019-03-23,0
Hau Giang,2019-03-24,0.8983804173628316
Hau Giang,2019-03-25,0
Hau Giang,2019-03-26,0.050929881477652116
Hau Giang,2019-03-27,0
Hau Giang,2019-03-28,0
Hau Giang,2019-03-29,0.6240853721862816
Hau Giang,2019-03-30,0.4897623879302535
Hau Giang,2019-03-31,0.09614228763522188
Hau Giang,2019-04-01,0.581797207263554
Hau Giang,2019-04-02,0
Hau Giang,2019-04-03,1.2997417378106135
Hau Giang,2019-04-04,7.2622718613735495
Hau Giang,2019-04-05,0
Hau Giang,2019-04-06,0
Hau Giang,2019-04-07,0
Hau Giang,2019-04-08,0
Hau Giang,2019-04-09,0
Hau Giang,2019-04-10,0
Hau Giang,2019-04-11,2.4275469793679147
Hau Giang,2019-04-12,0.3467879248457895
Hau Giang,2019-04-13,0
Hau Giang,2019-04-14,0
Hau Giang,2019-04-15,0
Hau Giang,2019-04-16,0.2033558263273578
Hau Giang,2019-04-17,0
Hau Giang,2019-04-18,1.7194864497628166
Hau Giang,2019-04-19,0
Hau Giang,2019-04-20,2.112111869644794
Hau Giang,2019-04-21,0.0023005402633897334
Hau Giang,2019-04-22,3.330740320963596e-06
Hau Giang,2019-04-23,1.2290988686038264
Hau Giang,2019-04-24,0.0032457455019544146
Hau Giang,2019-04-25,0.19077951751447575
Hau Giang,2019-04-26,0.050912437036413266
Hau Giang,2019-04-27,8.001765071451098
Hau Giang,2019-04-28,12.370380015896716
Hau Giang,2019-04-29,0
Hau Giang,2019-04-30,2.9293547118674668
Hau Giang,2019-05-01,0.5757491055376213
Hau Giang,2019-05-02,19.075799094300002
Hau Giang,2019-05-03,6.993629562182249
Hau Giang,2019-05-04,0.5938044016381392
Hau Giang,2019-05-05,5.155164912253047
Hau Giang,2019-05-06,8.15332334844642
Hau Giang,2019-05-07,5.9313127227413345
Hau Giang,2019-05-08,4.805656318455049
Hau Giang,2019-05-09,8.811282355252429
Hau Giang,2019-05-10,8.550818070129187
Hau Giang,2019-05-11,8.563404442833624
Hau Giang,2019-05-12,8.771661039945057
Hau Giang,2019-05-13,3.0800826265440495
Hau Giang,2019-05-14,3.2176662371907083
Hau Giang,2019-05-15,3.9088799935499434
Hau Giang,2019-05-16,0.07139909037768215
Hau Giang,2019-05-17,5.11347610154279
Hau Giang,2019-05-18,9.151440244785249
Hau Giang,2019-05-19,3.095119901876807
Hau Giang,2019-05-20,8.358455125140281
Hau Giang,2019-05-21,10.163578785790948
Hau Giang,2019-05-22,13.044452837635205
Hau Giang,2019-05-23,0
Hau Giang,2019-05-24,0.9686199103828215
Hau Giang,2019-05-25,12.68527831665992
Hau Giang,2019-05-26,9.385798280046743
Hau Giang,2019-05-27,8.840219912791417
Hau Giang,2019-05-28,10.077769213393516
Hau Giang,2019-05-29,8.980972606733083
Hau Giang,2019-05-30,5.221453675256315
Hau Giang,2019-05-31,0
Hau Giang,2019-06-01,0
Hau Giang,2019-06-02,8.534354939236717
Hau Giang,2019-06-03,12.51346834845688
Hau Giang,2019-06-04,10.771273714272095
Hau Giang,2019-06-05,12.231770082424726
Hau Giang,2019-06-06,6.6933800949168205
Hau Giang,2019-06-07,8.160336968924685
Hau Giang,2019-06-08,11.945254901614184
Hau Giang,2019-06-09,20.374125629387528
Hau Giang,2019-06-10,18.763532200240228
Hau Giang,2019-06-11,5.513887713067768
Hau Giang,2019-06-12,9.278158622144785
Hau Giang,2019-06-13,9.498194542904079
Hau Giang,2019-06-14,7.28717902162034
Hau Giang,2019-06-15,9.023678248168153
Hau Giang,2019-06-16,24.607040211237
Hau Giang,2019-06-17,10.890500490109732
Hau Giang,2019-06-18,0
Hau Giang,2019-06-19,0
Hau Giang,2019-06-20,19.650071181178234
Hau Giang,2019-06-21,27.85638788089339
Hau Giang,2019-06-22,18.721436981856225
Hau Giang,2019-06-23,0
Hau Giang,2019-06-24,12.20613524432399
Hau Giang,2019-06-25,9.193671465564455
Hau Giang,2019-06-26,0
Hau Giang,2019-06-27,0
Hau Giang,2019-06-28,17.528791809679827
Hau Giang,2019-06-29,0.028202380790712647
Hau Giang,2019-06-30,5.5715988594253485
Hau Giang,2019-07-01,10.320074344560199
Hau Giang,2019-07-02,32.15015604426213
Hau Giang,2019-07-03,12.751202954768285
Hau Giang,2019-07-04,21.44052277788271
Hau Giang,2019-07-05,11.082391857929506
Hau Giang,2019-07-06,0
Hau Giang,2019-07-07,3.4969400855957313
Hau Giang,2019-07-08,4.341511244757137
Hau Giang,2019-07-09,1.195432204992887
Hau Giang,2019-07-10,0
Hau Giang,2019-07-11,5.696208582895718
Hau Giang,2019-07-12,0.1513197498945653
Hau Giang,2019-07-13,5.965917473836412
Hau Giang,2019-07-14,3.9748638435410717
Hau Giang,2019-07-15,10.688391676985093
Hau Giang,2019-07-16,16.67008058606218
Hau Giang,2019-07-17,10.263933546417393
Hau Giang,2019-07-18,11.769796125239887
Hau Giang,2019-07-19,0.5145531840332355
Hau Giang,2019-07-20,2.209770389049911
Hau Giang,2019-07-21,0.14912463232649498
Hau Giang,2019-07-22,11.366388139198781
Hau Giang,2019-07-23,8.757412355033473
Hau Giang,2019-07-24,15.557476540775598
Hau Giang,2019-07-25,6.765203446747963
Hau Giang,2019-07-26,1.2771380289474716
Hau Giang,2019-07-27,10.944182560712475
Hau Giang,2019-07-28,9.34601092603182
Hau Giang,2019-07-29,10.809145617151874
Hau Giang,2019-07-30,4.185706233215948
Hau Giang,2019-07-31,16.688808603471568
Hau Giang,2019-08-01,15.45422793295736
Hau Giang,2019-08-02,23.293029750385447
Hau Giang,2019-08-03,10.923407218298458
Hau Giang,2019-08-04,17.614645652907008
Hau Giang,2019-08-05,12.342005508299348
Hau Giang,2019-08-06,30.805838722392664
Hau Giang,2019-08-07,14.149331483759225
Hau Giang,2019-08-08,6.206385950214313
Hau Giang,2019-08-09,0.5589410775388814
Hau Giang,2019-08-10,0
Hau Giang,2019-08-11,0.22700356053705492
Hau Giang,2019-08-12,0
Hau Giang,2019-08-13,2.3327287798801515
Hau Giang,2019-08-14,0
Hau Giang,2019-08-15,0.9490009540315674
Hau Giang,2019-08-16,0.5988108056184853
Hau Giang,2019-08-17,1.6416108443715234
Hau Giang,2019-08-18,0
Hau Giang,2019-08-19,0
Hau Giang,2019-08-20,19.761164689737235
Hau Giang,2019-08-21,9.40194327435435
Hau Giang,2019-08-22,1.3345935871331136
Hau Giang,2019-08-23,3.095260122741124
Hau Giang,2019-08-24,9.038407543912232
Hau Giang,2019-08-25,32.93263198088678
Hau Giang,2019-08-26,11.131184908100005
Hau Giang,2019-08-27,0
Hau Giang,2019-08-28,25.096232691808762
Hau Giang,2019-08-29,30.182642117727955
Hau Giang,2019-08-30,19.33161712113734
Hau Giang,2019-08-31,1.0607468916388283
Hau Giang,2019-09-01,4.210909429814846
Hau Giang,2019-09-02,19.06031521352893
Hau Giang,2019-09-03,5.227437014425938
Hau Giang,2019-09-04,13.743087032005947
Hau Giang,2019-09-05,0
Hau Giang,2019-09-06,0
Hau Giang,2019-09-07,3.3518360191576435
Hau Giang,2019-09-08,13.803971327141596
Hau Giang,2019-09-09,0
Hau Giang,2019-09-10,0
Hau Giang,2019-09-11,0
Hau Giang,2019-09-12,5.374659122664698
Hau Giang,2019-09-13,35.669230213392325
Hau Giang,2019-09-14,0.44417528047934035
Hau Giang,2019-09-15,0.13712461714953247
Hau Giang,2019-09-16,12.788193258711877
Hau Giang,2019-09-17,15.243228525596873
Hau Giang,2019-09-18,17.640192284826178
Hau Giang,2019-09-19,0.04515418121172921
Hau Giang,2019-09-20,14.107099661360095
Hau Giang,2019-09-21,9.954898333685241
Hau Giang,2019-09-22,6.651084025353546
Hau Giang,2019-09-23,0
Hau Giang,2019-09-24,0
Hau Giang,2019-09-25,0.3709491672644203
Hau Giang,2019-09-26,8.204357817583098
Hau Giang,2019-09-27,11.519536833730491
Hau Giang,2019-09-28,2.6547405887441213
Hau Giang,2019-09-29,0.452522719912096
Hau Giang,2019-09-30,8.348060102581778
Hau Giang,2019-10-01,2.808605173854531
Hau Giang,2019-10-02,10.635051123111065
Hau Giang,2019-10-03,19.33454079879997
Hau Giang,2019-10-04,9.92071375144043
Hau Giang,2019-10-05,14.420815628635735
Hau Giang,2019-10-06,12.023222562572847
Hau Giang,2019-10-07,4.7572449162937485
Hau Giang,2019-10-08,0.7055901714777739
Hau Giang,2019-10-09,14.233887849185043
Hau Giang,2019-10-10,2.565697311031941
Hau Giang,2019-10-11,11.068937133704823
Hau Giang,2019-10-12,2.424174714646473
Hau Giang,2019-10-13,2.9233528399688216
Hau Giang,2019-10-14,0
Hau Giang,2019-10-15,0
Hau Giang,2019-10-16,9.5528186151984
Hau Giang,2019-10-17,4.716980649395408
Hau Giang,2019-10-18,8.3483857474255
Hau Giang,2019-10-19,14.906531696493982
Hau Giang,2019-10-20,2.7320123506638487
Hau Giang,2019-10-21,9.343308984969372
Hau Giang,2019-10-22,6.873688933998646
Hau Giang,2019-10-23,1.6473690043708318
Hau Giang,2019-10-24,0.021907360134599704
Hau Giang,2019-10-25,0.9196302348237868
Hau Giang,2019-10-26,0
Hau Giang,2019-10-27,1.3068839042523615
Hau Giang,2019-10-28,8.585122417420557
Hau Giang,2019-10-29,0.1914490288935109
Hau Giang,2019-10-30,2.809454951088057
Hau Giang,2019-10-31,10.997447775933392
Hau Giang,2019-11-01,1.0912477859202232
Hau Giang,2019-11-02,10.784330818581672
Hau Giang,2019-11-03,27.740024257277984
Hau Giang,2019-11-04,0.07971181655068595
Hau Giang,2019-11-05,12.103091105672211
Hau Giang,2019-11-06,24.088532556405156
Hau Giang,2019-11-07,0
Hau Giang,2019-11-08,13.601768315959276
Hau Giang,2019-11-09,10.896752840873873
Hau Giang,2019-11-10,29.48371098875019
Hau Giang,2019-11-11,0.1322159196988011
Hau Giang,2019-11-12,0.6513502747291762
Hau Giang,2019-11-13,4.031161484308915
Hau Giang,2019-11-14,5.613896382973132
Hau Giang,2019-11-15,0.07263812457051018
Hau Giang,2019-11-16,0
Hau Giang,2019-11-17,0
Hau Giang,2019-11-18,0.12095417171002011
Hau Giang,2019-11-19,0
Hau Giang,2019-11-20,0
Hau Giang,2019-11-21,0
Hau Giang,2019-11-22,0
Hau Giang,2019-11-23,1.3739948834577147
Hau Giang,2019-11-24,0
Hau Giang,2019-11-25,3.396326304428107
Hau Giang,2019-11-26,0.6619900994046094
Hau Giang,2019-11-27,0
Hau Giang,2019-11-28,0.005153818589533594
Hau Giang,2019-11-29,0.054298984414171456
Hau Giang,2019-11-30,0
Hau Giang,2019-12-01,0.03248015904935249
Hau Giang,2019-12-02,1.675065833708232
Hau Giang,2019-12-03,0
Hau Giang,2019-12-04,0
Hau Giang,2019-12-05,0
Hau Giang,2019-12-06,0
Hau Giang,2019-12-07,0.7464805204026879
Hau Giang,2019-12-08,0
Hau Giang,2019-12-09,0
Hau Giang,2019-12-10,0
Hau Giang,2019-12-11,0
Hau Giang,2019-12-12,0.0010808762292534523
Hau Giang,2019-12-13,0.22436746254463075
Hau Giang,2019-12-14,0.0006935427136634819
Hau Giang,2019-12-15,0
Hau Giang,2019-12-16,1.1567980944373364
Hau Giang,2019-12-17,0
Hau Giang,2019-12-18,1.4893654369349534
Hau Giang,2019-12-19,0
Hau Giang,2019-12-20,0
Hau Giang,2019-12-21,0
Hau Giang,2019-12-22,0
Hau Giang,2019-12-23,0
Hau Giang,2019-12-24,0
Hau Giang,2019-12-25,0
Hau Giang,2019-12-26,0
Hau Giang,2019-12-27,0
Hau Giang,2019-12-28,0
Hau Giang,2019-12-29,0
Hau Giang,2019-12-30,0
Hau Giang,2019-12-31,4.701475124621284
Hau Giang,2020-01-01,0
Hau Giang,2020-01-02,0
Hau Giang,2020-01-03,0.16857648027437486
Hau Giang,2020-01-04,0
Hau Giang,2020-01-05,0.6427004798956287
Hau Giang,2020-01-06,0
Hau Giang,2020-01-07,0
Hau Giang,2020-01-08,0
Hau Giang,2020-01-09,0
Hau Giang,2020-01-10,0
Hau Giang,2020-01-11,0.46850425670965357
Hau Giang,2020-01-12,3.046471737959749
Hau Giang,2020-01-13,0
Hau Giang,2020-01-14,0
Hau Giang,2020-01-15,0
Hau Giang,2020-01-16,0
Hau Giang,2020-01-17,0
Hau Giang,2020-01-18,0
Hau Giang,2020-01-19,0
Hau Giang,2020-01-20,0
Hau Giang,2020-01-21,0
Hau Giang,2020-01-22,0
Hau Giang,2020-01-23,0
Hau Giang,2020-01-24,0
Hau Giang,2020-01-25,0
Hau Giang,2020-01-26,0
Hau Giang,2020-01-27,0
Hau Giang,2020-01-28,0
Hau Giang,2020-01-29,0
Hau Giang,2020-01-30,1.2675854621607283
Hau Giang,2020-01-31,0
Hau Giang,2020-02-01,0.35963701413467375
Hau Giang,2020-02-02,0
Hau Giang,2020-02-03,0.22267908652097912
Hau Giang,2020-02-04,0
Hau Giang,2020-02-05,0
Hau Giang,2020-02-06,0
Hau Giang,2020-02-07,0
Hau Giang,2020-02-08,0
Hau Giang,2020-02-09,0
Hau Giang,2020-02-10,0
Hau Giang,2020-02-11,0.05326343531495878
Hau Giang,2020-02-12,0
Hau Giang,2020-02-13,0
Hau Giang,2020-02-14,0
Hau Giang,2020-02-15,0
Hau Giang,2020-02-16,0
Hau Giang,2020-02-17,0.3847675639659336
Hau Giang,2020-02-18,0
Hau Giang,2020-02-19,0
Hau Giang,2020-02-20,0
Hau Giang,2020-02-21,0
Hau Giang,2020-02-22,0
Hau Giang,2020-02-23,0
Hau Giang,2020-02-24,0
Hau Giang,2020-02-25,0.009195369055974654
Hau Giang,2020-02-26,0
Hau Giang,2020-02-27,0
Hau Giang,2020-02-28,0
Hau Giang,2020-02-29,0.3044649833327323
Hau Giang,2020-03-01,0
Hau Giang,2020-03-02,0
Hau Giang,2020-03-03,0
Hau Giang,2020-03-04,0
Hau Giang,2020-03-05,4.77070815045342
Hau Giang,2020-03-06,0
Hau Giang,2020-03-07,0
Hau Giang,2020-03-08,0
Hau Giang,2020-03-09,1.0253975612955841
Hau Giang,2020-03-10,1.1618227672944357
Hau Giang,2020-03-11,3.534221362914065
Hau Giang,2020-03-12,0
Hau Giang,2020-03-13,0
Hau Giang,2020-03-14,0
Hau Giang,2020-03-15,0
Hau Giang,2020-03-16,0
Hau Giang,2020-03-17,0.4953094282434906
Hau Giang,2020-03-18,0
Hau Giang,2020-03-19,0
Hau Giang,2020-03-20,0
Hau Giang,2020-03-21,0
Hau Giang,2020-03-22,0.3659268386258821
Hau Giang,2020-03-23,0
Hau Giang,2020-03-24,0
Hau Giang,2020-03-25,0
Hau Giang,2020-03-26,0
Hau Giang,2020-03-27,0
Hau Giang,2020-03-28,0
Hau Giang,2020-03-29,0
Hau Giang,2020-03-30,0.02845205325050361
Hau Giang,2020-03-31,0
Hau Giang,2020-04-01,0
Hau Giang,2020-04-02,0
Hau Giang,2020-04-03,0
Hau Giang,2020-04-04,0
Hau Giang,2020-04-05,0
Hau Giang,2020-04-06,0
Hau Giang,2020-04-07,0.003329593485799802
Hau Giang,2020-04-08,0.0651650759684182
Hau Giang,2020-04-09,0
Hau Giang,2020-04-10,0
Hau Giang,2020-04-11,0
Hau Giang,2020-04-12,10.585852785679203
Hau Giang,2020-04-13,22.227798162961918
Hau Giang,2020-04-14,0
Hau Giang,2020-04-15,0
Hau Giang,2020-04-16,0.9351496528788045
Hau Giang,2020-04-17,0
Hau Giang,2020-04-18,0
Hau Giang,2020-04-19,0
Hau Giang,2020-04-20,0
Hau Giang,2020-04-21,0
Hau Giang,2020-04-22,0.6784670217883575
Hau Giang,2020-04-23,0
Hau Giang,2020-04-24,1.1432057833464535
Hau Giang,2020-04-25,0.5912959147050811
Hau Giang,2020-04-26,5.42553499144774
Hau Giang,2020-04-27,2.7667532713378002
Hau Giang,2020-04-28,3.7969642289724543
Hau Giang,2020-04-29,0
Hau Giang,2020-04-30,0
Hau Giang,2020-05-01,0
Hau Giang,2020-05-02,0
Hau Giang,2020-05-03,0
Hau Giang,2020-05-04,0.9490109277543468
Hau Giang,2020-05-05,10.958722715291703
Hau Giang,2020-05-06,2.3601091556301173
Hau Giang,2020-05-07,0
Hau Giang,2020-05-08,0
Hau Giang,2020-05-09,0
Hau Giang,2020-05-10,0.8160885278883425
Hau Giang,2020-05-11,0.11410904695731446
Hau Giang,2020-05-12,0.35206895486352435
Hau Giang,2020-05-13,0
Hau Giang,2020-05-14,0
Hau Giang,2020-05-15,1.7221938018397374
Hau Giang,2020-05-16,5.907671467802291
Hau Giang,2020-05-17,2.614974753209094
Hau Giang,2020-05-18,2.449417885563648
Hau Giang,2020-05-19,7.089904171566727
Hau Giang,2020-05-20,7.216755462492153
Hau Giang,2020-05-21,3.4841112933251286
Hau Giang,2020-05-22,4.504761199404382
Hau Giang,2020-05-23,12.270450743738246
Hau Giang,2020-05-24,9.489460957661146
Hau Giang,2020-05-25,1.8519294933628632
Hau Giang,2020-05-26,0.03120571240183744
Hau Giang,2020-05-27,2.255157724834378
Hau Giang,2020-05-28,9.636066824045237
Hau Giang,2020-05-29,9.360533167367231
Hau Giang,2020-05-30,5.0334494584616785
Hau Giang,2020-05-31,6.998182730976659
Hau Giang,2020-06-01,18.191275909171992
Hau Giang,2020-06-02,7.923695328497641
Hau Giang,2020-06-03,3.481268095678112
Hau Giang,2020-06-04,8.495853933925236
Hau Giang,2020-06-05,11.94406627828554
Hau Giang,2020-06-06,2.4964169071544555
Hau Giang,2020-06-07,3.81613179608906
Hau Giang,2020-06-08,3.5095619068335506
Hau Giang,2020-06-09,8.955285344981322
Hau Giang,2020-06-10,11.936162548223132
Hau Giang,2020-06-11,3.807705663306119
Hau Giang,2020-06-12,12.55133123264557
Hau Giang,2020-06-13,28.855437605340835
Hau Giang,2020-06-14,22.66943667968631
Hau Giang,2020-06-15,11.463701636241835
Hau Giang,2020-06-16,10.058659116726458
Hau Giang,2020-06-17,6.808822253168718
Hau Giang,2020-06-18,10.47756779412567
Hau Giang,2020-06-19,9.501599973022337
Hau Giang,2020-06-20,24.32211501175104
Hau Giang,2020-06-21,7.864051179591356
Hau Giang,2020-06-22,3.191057338291756
Hau Giang,2020-06-23,1.1787441005659622
Hau Giang,2020-06-24,0.2939241880572297
Hau Giang,2020-06-25,6.241152639488854
Hau Giang,2020-06-26,5.141453346338766
Hau Giang,2020-06-27,8.229713506685991
Hau Giang,2020-06-28,21.065432166702237
Hau Giang,2020-06-29,9.338360256430018
Hau Giang,2020-06-30,12.971933770107078
Hau Giang,2020-07-01,3.830383161314128
Hau Giang,2020-07-02,20.65666813257818
Hau Giang,2020-07-03,8.256841423691256
Hau Giang,2020-07-04,0
Hau Giang,2020-07-05,13.591336886599924
Hau Giang,2020-07-06,12.840686517680686
Hau Giang,2020-07-07,0
Hau Giang,2020-07-08,8.979282127555651
Hau Giang,2020-07-09,0
Hau Giang,2020-07-10,9.851213277973295
Hau Giang,2020-07-11,7.472863729309
Hau Giang,2020-07-12,11.290459474787033
Hau Giang,2020-07-13,7.51307148782317
Hau Giang,2020-07-14,15.466376720505028
Hau Giang,2020-07-15,11.65076330610413
Hau Giang,2020-07-16,3.81670438651692
Hau Giang,2020-07-17,2.9235086584593004
Hau Giang,2020-07-18,2.299420256510208
Hau Giang,2020-07-19,2.6975467501065618
Hau Giang,2020-07-20,3.6145342393250233
Hau Giang,2020-07-21,1.7446996168761484
Hau Giang,2020-07-22,3.595603477194596
Hau Giang,2020-07-23,8.483882144551968
Hau Giang,2020-07-24,15.310040306445822
Hau Giang,2020-07-25,4.133255424600425
Hau Giang,2020-07-26,3.3228185796170044
Hau Giang,2020-07-27,3.299722433131343
Hau Giang,2020-07-28,3.8599188612975723
Hau Giang,2020-07-29,14.831481528546785
Hau Giang,2020-07-30,23.672909933137706
Hau Giang,2020-07-31,25.33655513632023
Hau Giang,2020-08-01,24.74226688191083
Hau Giang,2020-08-02,27.30951288703587
Hau Giang,2020-08-03,13.303560794177907
Hau Giang,2020-08-04,0.6375450088153926
Hau Giang,2020-08-05,24.64535014576852
Hau Giang,2020-08-06,30.867083103566696
Hau Giang,2020-08-07,0.8143924612716245
Hau Giang,2020-08-08,0.1872695504751836
Hau Giang,2020-08-09,9.22321322802136
Hau Giang,2020-08-10,1.0960247509776637
Hau Giang,2020-08-11,4.439235941263716
Hau Giang,2020-08-12,7.766732514682665
Hau Giang,2020-08-13,8.75030028346327
Hau Giang,2020-08-14,9.189668941829606
Hau Giang,2020-08-15,0.05176634560638275
Hau Giang,2020-08-16,10.929206378464453
Hau Giang,2020-08-17,4.865527744955175
Hau Giang,2020-08-18,8.155124988431965
Hau Giang,2020-08-19,10.35108979947064
Hau Giang,2020-08-20,4.032755532227142
Hau Giang,2020-08-21,3.4925362895716807
Hau Giang,2020-08-22,5.289659606340297
Hau Giang,2020-08-23,4.1474824900240215
Hau Giang,2020-08-24,1.4845929197228807
Hau Giang,2020-08-25,3.2167199598419107
Hau Giang,2020-08-26,0.997770667466871
Hau Giang,2020-08-27,0.21392840402383664
Hau Giang,2020-08-28,3.2890222747039757
Hau Giang,2020-08-29,9.863231143077211
Hau Giang,2020-08-30,8.303457719830389
Hau Giang,2020-08-31,0.3239923908846355
Hau Giang,2020-09-01,13.879670467280185
Hau Giang,2020-09-02,16.01382892940336
Hau Giang,2020-09-03,0
Hau Giang,2020-09-04,0.6038302246838306
Hau Giang,2020-09-05,5.137084285210244
Hau Giang,2020-09-06,9.199951719186107
Hau Giang,2020-09-07,0
Hau Giang,2020-09-08,5.682163037304442
Hau Giang,2020-09-09,18.81101584205538
Hau Giang,2020-09-10,14.637720204035846
Hau Giang,2020-09-11,14.850778189719506
Hau Giang,2020-09-12,19.442548261420114
Hau Giang,2020-09-13,20.64824598756501
Hau Giang,2020-09-14,14.16901833988181
Hau Giang,2020-09-15,5.248678814104124
Hau Giang,2020-09-16,13.606237673047865
Hau Giang,2020-09-17,28.495517187213405
Hau Giang,2020-09-18,39.0923891198581
Hau Giang,2020-09-19,7.448782026476373
Hau Giang,2020-09-20,4.040670697901165
Hau Giang,2020-09-21,0.008840298102842438
Hau Giang,2020-09-22,21.165049082963186
Hau Giang,2020-09-23,13.270374964444715
Hau Giang,2020-09-24,9.41902202103505
Hau Giang,2020-09-25,21.527008227752468
Hau Giang,2020-09-26,18.22775641507212
Hau Giang,2020-09-27,52.426804865953876
Hau Giang,2020-09-28,6.473962203513981
Hau Giang,2020-09-29,16.271818809206536
Hau Giang,2020-09-30,0
Hau Giang,2020-10-01,11.622563896297658
Hau Giang,2020-10-02,15.622751991486517
Hau Giang,2020-10-03,4.048901210461116
Hau Giang,2020-10-04,13.810234125051663
Hau Giang,2020-10-05,19.40414319887643
Hau Giang,2020-10-06,11.97620811845759
Hau Giang,2020-10-07,1.2218170387583527
Hau Giang,2020-10-08,14.225939556717211
Hau Giang,2020-10-09,24.258164265368453
Hau Giang,2020-10-10,17.16220319535023
Hau Giang,2020-10-11,36.50364787352766
Hau Giang,2020-10-12,20.812416048799637
Hau Giang,2020-10-13,24.129859003054612
Hau Giang,2020-10-14,26.226437931125503
Hau Giang,2020-10-15,16.08759586153903
Hau Giang,2020-10-16,11.865243119034643
Hau Giang,2020-10-17,16.718676435727367
Hau Giang,2020-10-18,32.669119980619186
Hau Giang,2020-10-19,5.612467431975477
Hau Giang,2020-10-20,3.632942772383276
Hau Giang,2020-10-21,36.79333476777855
Hau Giang,2020-10-22,0.6970328392637791
Hau Giang,2020-10-23,1.5270668554966893
Hau Giang,2020-10-24,3.6427867325777243
Hau Giang,2020-10-25,9.92982490453885
Hau Giang,2020-10-26,3.4403413116462325
Hau Giang,2020-10-27,1.9068958779462861
Hau Giang,2020-10-28,7.128464684916088
Hau Giang,2020-10-29,4.235914675059235
Hau Giang,2020-10-30,10.578093471600587
Hau Giang,2020-10-31,11.521827788465124
Hau Giang,2020-11-01,34.46163521748618
Hau Giang,2020-11-02,4.078402995597064
Hau Giang,2020-11-03,0
Hau Giang,2020-11-04,3.2831417572176798
Hau Giang,2020-11-05,0.03558515905956874
Hau Giang,2020-11-06,4.735926791327168
Hau Giang,2020-11-07,0.7510110520118197
Hau Giang,2020-11-08,5.6219516698264815
Hau Giang,2020-11-09,1.8889443252022062
Hau Giang,2020-11-10,1.6365282384870354
Hau Giang,2020-11-11,0
Hau Giang,2020-11-12,0
Hau Giang,2020-11-13,0
Hau Giang,2020-11-14,0
Hau Giang,2020-11-15,0
Hau Giang,2020-11-16,0
Hau Giang,2020-11-17,0
Hau Giang,2020-11-18,3.1089316303168277
Hau Giang,2020-11-19,6.917783368113016
Hau Giang,2020-11-20,0.4343009775753944
Hau Giang,2020-11-21,6.79781013766607
Hau Giang,2020-11-22,0
Hau Giang,2020-11-23,20.62257094358285
Hau Giang,2020-11-24,0
Hau Giang,2020-11-25,3.2345647757320326
Hau Giang,2020-11-26,0
Hau Giang,2020-11-27,0.005906570443784028
Hau Giang,2020-11-28,14.511950361618295
Hau Giang,2020-11-29,29.119085232860108
Hau Giang,2020-11-30,1.43808172323464
Hau Giang,2020-12-01,2.020882882163691
Hau Giang,2020-12-02,0
Hau Giang,2020-12-03,0
Hau Giang,2020-12-04,0
Hau Giang,2020-12-05,0.03491035687710227
Hau Giang,2020-12-06,0
Hau Giang,2020-12-07,0.3955454626930158
Hau Giang,2020-12-08,0.09581084207940303
Hau Giang,2020-12-09,0
Hau Giang,2020-12-10,0.07079712928722834
Hau Giang,2020-12-11,2.293208799022701
Hau Giang,2020-12-12,0
Hau Giang,2020-12-13,1.7792707195810675
Hau Giang,2020-12-14,0.2541851147300619
Hau Giang,2020-12-15,4.219395310384202
Hau Giang,2020-12-16,0.06930178951261454
Hau Giang,2020-12-17,0
Hau Giang,2020-12-18,6.4676816286051615
Hau Giang,2020-12-19,5.354604788869661
Hau Giang,2020-12-20,0.19220474526047043
Hau Giang,2020-12-21,0.05885967631633166
Hau Giang,2020-12-22,13.549661338058526
Hau Giang,2020-12-23,17.005714417216872
Hau Giang,2020-12-24,0
Hau Giang,2020-12-25,0
Hau Giang,2020-12-26,0
Hau Giang,2020-12-27,0.09992469091304075
Hau Giang,2020-12-28,0
Hau Giang,2020-12-29,0
Hau Giang,2020-12-30,3.8186296542892317
Hau Giang,2020-12-31,0
Hau Giang,2021-01-01,0.1038718247223054
Hau Giang,2021-01-02,0
Hau Giang,2021-01-03,0.8131517392673544
Hau Giang,2021-01-04,1.3479902651059195
Hau Giang,2021-01-05,0.578521911220023
Hau Giang,2021-01-06,0
Hau Giang,2021-01-07,0
Hau Giang,2021-01-08,3.9025455802598503
Hau Giang,2021-01-09,0
Hau Giang,2021-01-10,0
Hau Giang,2021-01-11,0
Hau Giang,2021-01-12,0
Hau Giang,2021-01-13,0
Hau Giang,2021-01-14,0.24247413886697822
Hau Giang,2021-01-15,0
Hau Giang,2021-01-16,1.4534623926933163
Hau Giang,2021-01-17,0
Hau Giang,2021-01-18,0
Hau Giang,2021-01-19,0.0720978933272158
Hau Giang,2021-01-20,0.3711790491517426
Hau Giang,2021-01-21,1.3405630045169123
Hau Giang,2021-01-22,0
Hau Giang,2021-01-23,0
Hau Giang,2021-01-24,0
Hau Giang,2021-01-25,0
Hau Giang,2021-01-26,0
Hau Giang,2021-01-27,0
Hau Giang,2021-01-28,0
Hau Giang,2021-01-29,0
Hau Giang,2021-01-30,0
Hau Giang,2021-01-31,0
Hau Giang,2021-02-01,0.02285137188305033
Hau Giang,2021-02-02,0
Hau Giang,2021-02-03,0
Hau Giang,2021-02-04,0
Hau Giang,2021-02-05,0
Hau Giang,2021-02-06,0
Hau Giang,2021-02-07,0
Hau Giang,2021-02-08,0
Hau Giang,2021-02-09,0
Hau Giang,2021-02-10,0
Hau Giang,2021-02-11,0.0752293990763316
Hau Giang,2021-02-12,0
Hau Giang,2021-02-13,0
Hau Giang,2021-02-14,0
Hau Giang,2021-02-15,0
Hau Giang,2021-02-16,0
Hau Giang,2021-02-17,0
Hau Giang,2021-02-18,0
Hau Giang,2021-02-19,0.6164294497936192
Hau Giang,2021-02-20,0
Hau Giang,2021-02-21,0
Hau Giang,2021-02-22,0
Hau Giang,2021-02-23,0
Hau Giang,2021-02-24,0
Hau Giang,2021-02-25,4.510887212562441
Hau Giang,2021-02-26,0
Hau Giang,2021-02-27,0
Hau Giang,2021-02-28,2.9041821556825114
Hau Giang,2021-03-01,0
Hau Giang,2021-03-02,0
Hau Giang,2021-03-03,0
Hau Giang,2021-03-04,0
Hau Giang,2021-03-05,0
Hau Giang,2021-03-06,0
Hau Giang,2021-03-07,0
Hau Giang,2021-03-08,0
Hau Giang,2021-03-09,0.0018358322248086473
Hau Giang,2021-03-10,0
Hau Giang,2021-03-11,0
Hau Giang,2021-03-12,0
Hau Giang,2021-03-13,0
Hau Giang,2021-03-14,0
Hau Giang,2021-03-15,0
Hau Giang,2021-03-16,0
Hau Giang,2021-03-17,0
Hau Giang,2021-03-18,0
Hau Giang,2021-03-19,0
Hau Giang,2021-03-20,0
Hau Giang,2021-03-21,0
Hau Giang,2021-03-22,0
Hau Giang,2021-03-23,0.5519040703766643
Hau Giang,2021-03-24,0
Hau Giang,2021-03-25,0
Hau Giang,2021-03-26,13.076691680878918
Hau Giang,2021-03-27,0.025206811610836165
Hau Giang,2021-03-28,0
Hau Giang,2021-03-29,0
Hau Giang,2021-03-30,0.15651145717110365
Hau Giang,2021-03-31,0
Hau Giang,2021-04-01,0
Hau Giang,2021-04-02,3.8679376688057836
Hau Giang,2021-04-03,4.0401155980448165
Hau Giang,2021-04-04,7.595925374510673
Hau Giang,2021-04-05,0
Hau Giang,2021-04-06,0
Hau Giang,2021-04-07,0
Hau Giang,2021-04-08,0
Hau Giang,2021-04-09,0
Hau Giang,2021-04-10,0
Hau Giang,2021-04-11,0
Hau Giang,2021-04-12,0
Hau Giang,2021-04-13,0
Hau Giang,2021-04-14,5.958598479180388
Hau Giang,2021-04-15,10.04509301827003
Hau Giang,2021-04-16,20.230327137727656
Hau Giang,2021-04-17,4.462236465953399
Hau Giang,2021-04-18,9.478274021108097
Hau Giang,2021-04-19,18.378041355583427
Hau Giang,2021-04-20,0.4406544527249844
Hau Giang,2021-04-21,14.267522004071731
Hau Giang,2021-04-22,44.995532674041925
Hau Giang,2021-04-23,2.12518519651582
Hau Giang,2021-04-24,2.6905296923642714
Hau Giang,2021-04-25,25.187355388718366
Hau Giang,2021-04-26,11.045975247276226
Hau Giang,2021-04-27,7.791885922273063
Hau Giang,2021-04-28,6.652178024668438
Hau Giang,2021-04-29,2.696329894228468
Hau Giang,2021-04-30,0
Hau Giang,2021-05-01,6.835706637475905
Hau Giang,2021-05-02,0
Hau Giang,2021-05-03,0
Hau Giang,2021-05-04,0
Hau Giang,2021-05-05,4.886535595076088
Hau Giang,2021-05-06,3.6221909855087886
Hau Giang,2021-05-07,13.929080562886607
Hau Giang,2021-05-08,6.4586586453133235
Hau Giang,2021-05-09,0
Hau Giang,2021-05-10,0
Hau Giang,2021-05-11,2.2338622967297024
Hau Giang,2021-05-12,4.357109108680866
Hau Giang,2021-05-13,3.2024137361868608
Hau Giang,2021-05-14,3.2546219991920555
Hau Giang,2021-05-15,9.680667432333893
Hau Giang,2021-05-16,0
Hau Giang,2021-05-17,27.15814414510541
Hau Giang,2021-05-18,13.57667415890262
Hau Giang,2021-05-19,6.565436871071396
Hau Giang,2021-05-20,5.220841424228942
Hau Giang,2021-05-21,18.63263428701376
Hau Giang,2021-05-22,11.592421499072762
Hau Giang,2021-05-23,14.296275350441363
Hau Giang,2021-05-24,31.58285746463892
Hau Giang,2021-05-25,27.19524367656748
Hau Giang,2021-05-26,6.221112180314197
Hau Giang,2021-05-27,9.914368550713956
Hau Giang,2021-05-28,0
Hau Giang,2021-05-29,9.78025712911527
Hau Giang,2021-05-30,0.1821123151468212
Hau Giang,2021-05-31,0
Hau Giang,2021-06-01,7.694120224530346
Hau Giang,2021-06-02,0.6648658947629565
Hau Giang,2021-06-03,6.882659626251135
Hau Giang,2021-06-04,2.2377793854996377
Hau Giang,2021-06-05,8.340118495733417
Hau Giang,2021-06-06,28.709726210823476
Hau Giang,2021-06-07,5.030116095743909
Hau Giang,2021-06-08,2.2779730292746994
Hau Giang,2021-06-09,4.038962370915111
Hau Giang,2021-06-10,0.923050456738361
Hau Giang,2021-06-11,25.3636689287831
Hau Giang,2021-06-12,3.1552387962086836
Hau Giang,2021-06-13,5.3844911122967885
Hau Giang,2021-06-14,17.142804539096016
Hau Giang,2021-06-15,11.317742713002685
Hau Giang,2021-06-16,0.007552377035114776
Hau Giang,2021-06-17,6.903302508765021
Hau Giang,2021-06-18,0.3642936886073297
Hau Giang,2021-06-19,4.20518853750914
Hau Giang,2021-06-20,3.731837002265392
Hau Giang,2021-06-21,0
Hau Giang,2021-06-22,8.850970313961605
Hau Giang,2021-06-23,0.5262270464330348
Hau Giang,2021-06-24,0
Hau Giang,2021-06-25,1.4031783175157206
Hau Giang,2021-06-26,0
Hau Giang,2021-06-27,0
Hau Giang,2021-06-28,4.880457550148424
Hau Giang,2021-06-29,0.19527922061088962
Hau Giang,2021-06-30,8.607792231780058
Hau Giang,2021-07-01,2.364047551142751
Hau Giang,2021-07-02,0
Hau Giang,2021-07-03,7.935911381647077
Hau Giang,2021-07-04,6.843771423244087
Hau Giang,2021-07-05,12.27046548211696
Hau Giang,2021-07-06,20.38654498948656
Hau Giang,2021-07-07,20.559993025500958
Hau Giang,2021-07-08,12.962017854447817
Hau Giang,2021-07-09,13.709306216279694
Hau Giang,2021-07-10,6.0057211974688745
Hau Giang,2021-07-11,7.34714323017279
Hau Giang,2021-07-12,13.903478642673791
Hau Giang,2021-07-13,33.14029715414792
Hau Giang,2021-07-14,35.94070787367836
Hau Giang,2021-07-15,25.673038392503244
Hau Giang,2021-07-16,0.8991199870649493
Hau Giang,2021-07-17,0.447919491003858
Hau Giang,2021-07-18,17.46187042009495
Hau Giang,2021-07-19,0.7941389252231973
Hau Giang,2021-07-20,6.779690068013111
Hau Giang,2021-07-21,4.87326842866955
Hau Giang,2021-07-22,12.426318564171746
Hau Giang,2021-07-23,8.490926945228011
Hau Giang,2021-07-24,6.733069310091496
Hau Giang,2021-07-25,1.3771760058283729
Hau Giang,2021-07-26,0
Hau Giang,2021-07-27,5.389728723012996
Hau Giang,2021-07-28,6.24013962000617
Hau Giang,2021-07-29,6.155246146751235
Hau Giang,2021-07-30,1.0950754786917036
Hau Giang,2021-07-31,6.066645530692128
Hau Giang,2021-08-01,11.809378190835547
Hau Giang,2021-08-02,0
Hau Giang,2021-08-03,3.1864817671863843
Hau Giang,2021-08-04,0.9291516182866734
Hau Giang,2021-08-05,13.703796682023789
Hau Giang,2021-08-06,4.510210040069599
Hau Giang,2021-08-07,0
Hau Giang,2021-08-08,0
Hau Giang,2021-08-09,0
Hau Giang,2021-08-10,4.821472858723135
Hau Giang,2021-08-11,12.019441458894972
Hau Giang,2021-08-12,0.4060663522657486
Hau Giang,2021-08-13,12.769157044876161
Hau Giang,2021-08-14,9.351801506885757
Hau Giang,2021-08-15,26.009693649105962
Hau Giang,2021-08-16,5.287684731489218
Hau Giang,2021-08-17,9.87927117238853
Hau Giang,2021-08-18,3.6578091484920776
Hau Giang,2021-08-19,7.1053946275023865
Hau Giang,2021-08-20,3.666301123782898
Hau Giang,2021-08-21,0.1439216287889217
Hau Giang,2021-08-22,9.982626215640627
Hau Giang,2021-08-23,21.85516772636832
Hau Giang,2021-08-24,23.553740073569355
Hau Giang,2021-08-25,26.974509049383297
Hau Giang,2021-08-26,8.451204105835469
Hau Giang,2021-08-27,4.947195864757557
Hau Giang,2021-08-28,14.885292756261995
Hau Giang,2021-08-29,14.056499033348826
Hau Giang,2021-08-30,12.736455654109408
Hau Giang,2021-08-31,10.37970129908437
Hau Giang,2021-09-01,8.381033301086093
Hau Giang,2021-09-02,19.338758243220987
Hau Giang,2021-09-03,18.475719531701653
Hau Giang,2021-09-04,0.18321397905208783
Hau Giang,2021-09-05,13.003598204009506
Hau Giang,2021-09-06,1.140490575631688
Hau Giang,2021-09-07,14.101332679708833
Hau Giang,2021-09-08,4.539654100364235
Hau Giang,2021-09-09,7.049008454206492
Hau Giang,2021-09-10,12.87135143659547
Hau Giang,2021-09-11,6.195784843251118
Hau Giang,2021-09-12,5.541075130186016
Hau Giang,2021-09-13,22.092950916679676
Hau Giang,2021-09-14,36.67472164714115
Hau Giang,2021-09-15,1.4293865175283937
Hau Giang,2021-09-16,1.0685005071719977
Hau Giang,2021-09-17,9.341961458269688
Hau Giang,2021-09-18,11.781594278155794
Hau Giang,2021-09-19,13.86085618728944
Hau Giang,2021-09-20,3.950616783130243
Hau Giang,2021-09-21,4.352011863204595
Hau Giang,2021-09-22,6.297201926482404
Hau Giang,2021-09-23,2.9856275363448055
Hau Giang,2021-09-24,21.94161301277815
Hau Giang,2021-09-25,16.520585872023396
Hau Giang,2021-09-26,15.084196031768858
Hau Giang,2021-09-27,6.997681976468413
Hau Giang,2021-09-28,8.056229650161905
Hau Giang,2021-09-29,7.341829417456465
Hau Giang,2021-09-30,9.676487099247545
Hau Giang,2021-10-01,9.723532193196132
Hau Giang,2021-10-02,6.8251255449907875
Hau Giang,2021-10-03,3.428773331432374
Hau Giang,2021-10-04,24.599766608632052
Hau Giang,2021-10-05,32.35725841399368
Hau Giang,2021-10-06,11.597458484853021
Hau Giang,2021-10-07,3.073031684694066
Hau Giang,2021-10-08,19.69938594870326
Hau Giang,2021-10-09,3.6801531627595145
Hau Giang,2021-10-10,8.879577714267516
Hau Giang,2021-10-11,28.331356606452474
Hau Giang,2021-10-12,0
Hau Giang,2021-10-13,16.18325819128151
Hau Giang,2021-10-14,0.03897016618392886
Hau Giang,2021-10-15,17.03500520107395
Hau Giang,2021-10-16,4.153441897049556
Hau Giang,2021-10-17,0
Hau Giang,2021-10-18,0.5178248215259147
Hau Giang,2021-10-19,0
Hau Giang,2021-10-20,22.79445593081087
Hau Giang,2021-10-21,7.889648231068919
Hau Giang,2021-10-22,9.338262029881246
Hau Giang,2021-10-23,15.706075810818485
Hau Giang,2021-10-24,8.372146318228799
Hau Giang,2021-10-25,0.4444807057438537
Hau Giang,2021-10-26,10.47773127918089
Hau Giang,2021-10-27,0.058574234419896246
Hau Giang,2021-10-28,0.006212479428319785
Hau Giang,2021-10-29,9.967294106907676
Hau Giang,2021-10-30,0.08265116803086273
Hau Giang,2021-10-31,3.1106729004531037
Hau Giang,2021-11-01,0.1338905005356573
Hau Giang,2021-11-02,0.028667322851268013
Hau Giang,2021-11-03,27.38800364562385
Hau Giang,2021-11-04,0
Hau Giang,2021-11-05,0
Hau Giang,2021-11-06,0.12584104471603186
Hau Giang,2021-11-07,0
Hau Giang,2021-11-08,1.2774280551057255
Hau Giang,2021-11-09,0.666879896777859
Hau Giang,2021-11-10,30.373705945888897
Hau Giang,2021-11-11,36.92482508414158
Hau Giang,2021-11-12,0
Hau Giang,2021-11-13,5.34898611027922
Hau Giang,2021-11-14,6.671901050133046
Hau Giang,2021-11-15,23.412060645472714
Hau Giang,2021-11-16,16.396900047077605
Hau Giang,2021-11-17,2.2673420369834183
Hau Giang,2021-11-18,1.1357354212879442
Hau Giang,2021-11-19,0
Hau Giang,2021-11-20,12.015032318367956
Hau Giang,2021-11-21,0
Hau Giang,2021-11-22,0.34810568801118213
Hau Giang,2021-11-23,0
Hau Giang,2021-11-24,0.6053978295424677
Hau Giang,2021-11-25,2.94759991696982
Hau Giang,2021-11-26,1.5688839716952172
Hau Giang,2021-11-27,2.927994392747554
Hau Giang,2021-11-28,13.677200551208248
Hau Giang,2021-11-29,21.00498080342722
Hau Giang,2021-11-30,16.96279546580928
Hau Giang,2021-12-01,5.104579266098387
Hau Giang,2021-12-02,6.707570740198884
Hau Giang,2021-12-03,0.1940770480760156
Hau Giang,2021-12-04,0.09578285322036319
Hau Giang,2021-12-05,0
Hau Giang,2021-12-06,0
Hau Giang,2021-12-07,0
Hau Giang,2021-12-08,0
Hau Giang,2021-12-09,1.0203511160467116
Hau Giang,2021-12-10,0
Hau Giang,2021-12-11,0
Hau Giang,2021-12-12,0
Hau Giang,2021-12-13,0.09955069840389698
Hau Giang,2021-12-14,0
Hau Giang,2021-12-15,0.12200890454478712
Hau Giang,2021-12-16,0.9211905157389886
Hau Giang,2021-12-17,1.2064019201869791
Hau Giang,2021-12-18,0
Hau Giang,2021-12-19,0.6348119035969048
Hau Giang,2021-12-20,0
Hau Giang,2021-12-21,0
Hau Giang,2021-12-22,0
Hau Giang,2021-12-23,0
Hau Giang,2021-12-24,0
Hau Giang,2021-12-25,0
Hau Giang,2021-12-26,0
Hau Giang,2021-12-27,1.8600303844706598
Hau Giang,2021-12-28,0.08828048873601703
Hau Giang,2021-12-29,0.2997288407077797
Hau Giang,2021-12-30,0.0031656780459003472
Hau Giang,2021-12-31,0
Hau Giang,2022-01-01,0
Hau Giang,2022-01-02,0
Hau Giang,2022-01-03,0
Hau Giang,2022-01-04,0
Hau Giang,2022-01-05,0
Hau Giang,2022-01-06,0
Hau Giang,2022-01-07,0
Hau Giang,2022-01-08,0
Hau Giang,2022-01-09,0
Hau Giang,2022-01-10,0
Hau Giang,2022-01-11,0
Hau Giang,2022-01-12,0
Hau Giang,2022-01-13,0
Hau Giang,2022-01-14,0
Hau Giang,2022-01-15,0
Hau Giang,2022-01-16,0
Hau Giang,2022-01-17,0
Hau Giang,2022-01-18,0
Hau Giang,2022-01-19,0
Hau Giang,2022-01-20,0
Hau Giang,2022-01-21,0
Hau Giang,2022-01-22,0
Hau Giang,2022-01-23,0
Hau Giang,2022-01-24,0
Hau Giang,2022-01-25,0.7979669048401026
Hau Giang,2022-01-26,0
Hau Giang,2022-01-27,0
Hau Giang,2022-01-28,0
Hau Giang,2022-01-29,0
Hau Giang,2022-01-30,0.9668823467237966
Hau Giang,2022-01-31,0
Hau Giang,2022-02-01,0
Hau Giang,2022-02-02,0
Hau Giang,2022-02-03,0
Hau Giang,2022-02-04,0
Hau Giang,2022-02-05,0
Hau Giang,2022-02-06,0
Hau Giang,2022-02-07,0
Hau Giang,2022-02-08,0
Hau Giang,2022-02-09,0
Hau Giang,2022-02-10,2.2896875761549174
Hau Giang,2022-02-11,0.02651919383658268
Hau Giang,2022-02-12,0
Hau Giang,2022-02-13,0
Hau Giang,2022-02-14,0
Hau Giang,2022-02-15,0
Hau Giang,2022-02-16,0
Hau Giang,2022-02-17,0
Hau Giang,2022-02-18,0
Hau Giang,2022-02-19,0
Hau Giang,2022-02-20,0.6300826216177283
Hau Giang,2022-02-21,0
Hau Giang,2022-02-22,0.5571836336861884
Hau Giang,2022-02-23,0.6779847022093929
Hau Giang,2022-02-24,4.384099092962853
Hau Giang,2022-02-25,0.10143850923126115
Hau Giang,2022-02-26,0.16705871081501683
Hau Giang,2022-02-27,0
Hau Giang,2022-02-28,0
Hau Giang,2022-03-01,0
Hau Giang,2022-03-02,0
Hau Giang,2022-03-03,0.004416756621991535
Hau Giang,2022-03-04,0
Hau Giang,2022-03-05,0
Hau Giang,2022-03-06,0
Hau Giang,2022-03-07,0
Hau Giang,2022-03-08,0
Hau Giang,2022-03-09,0
Hau Giang,2022-03-10,0
Hau Giang,2022-03-11,0
Hau Giang,2022-03-12,4.211325992195059
Hau Giang,2022-03-13,0
Hau Giang,2022-03-14,0
Hau Giang,2022-03-15,0
Hau Giang,2022-03-16,0
Hau Giang,2022-03-17,0
Hau Giang,2022-03-18,1.7012747839428268
Hau Giang,2022-03-19,0.3758429400984898
Hau Giang,2022-03-20,0.06148704146562831
Hau Giang,2022-03-21,1.2411778671538978
Hau Giang,2022-03-22,4.146670353879484
Hau Giang,2022-03-23,0
Hau Giang,2022-03-24,0
Hau Giang,2022-03-25,0
Hau Giang,2022-03-26,0
Hau Giang,2022-03-27,0.1881151465880425
Hau Giang,2022-03-28,13.675596987428536
Hau Giang,2022-03-29,0.09189933381104484
Hau Giang,2022-03-30,23.637466427647666
Hau Giang,2022-03-31,19.146216675400066
Hau Giang,2022-04-01,16.969058425644892
Hau Giang,2022-04-02,0.16353193024000173
Hau Giang,2022-04-03,5.9894662639518765
Hau Giang,2022-04-04,0.8591753990477832
Hau Giang,2022-04-05,0
Hau Giang,2022-04-06,13.804571201311965
Hau Giang,2022-04-07,12.905071453020113
Hau Giang,2022-04-08,4.17577201837887
Hau Giang,2022-04-09,0
Hau Giang,2022-04-10,1.2004371962584872
Hau Giang,2022-04-11,1.354118993334557
Hau Giang,2022-04-12,0
Hau Giang,2022-04-13,0
Hau Giang,2022-04-14,3.1784379688206776
Hau Giang,2022-04-15,9.732172063936872
Hau Giang,2022-04-16,14.939627917559182
Hau Giang,2022-04-17,0
Hau Giang,2022-04-18,0.04112042409458212
Hau Giang,2022-04-19,2.4280160853968202
Hau Giang,2022-04-20,0
Hau Giang,2022-04-21,0
Hau Giang,2022-04-22,0
Hau Giang,2022-04-23,0
Hau Giang,2022-04-24,0.9853876198035302
Hau Giang,2022-04-25,0.011317404864868045
Hau Giang,2022-04-26,5.8346678624522506
Hau Giang,2022-04-27,1.3431890132449293
Hau Giang,2022-04-28,2.340688851986274
Hau Giang,2022-04-29,15.467330865132212
Hau Giang,2022-04-30,0.1577386382779352
Hau Giang,2022-05-01,5.699929096116184
Hau Giang,2022-05-02,8.227275151299855
Hau Giang,2022-05-03,16.178976615896108
Hau Giang,2022-05-04,11.188472661533845
Hau Giang,2022-05-05,2.322256730584377
Hau Giang,2022-05-06,1.254656743904578
Hau Giang,2022-05-07,0.016177911180920376
Hau Giang,2022-05-08,11.419910231305142
Hau Giang,2022-05-09,7.404531888905851
Hau Giang,2022-05-10,9.663582744452507
Hau Giang,2022-05-11,5.679231062088438
Hau Giang,2022-05-12,7.816010891558268
Hau Giang,2022-05-13,4.001002506030916
Hau Giang,2022-05-14,2.8013128500370295
Hau Giang,2022-05-15,3.159106075143285
Hau Giang,2022-05-16,8.572889183764419
Hau Giang,2022-05-17,10.63649515403929
Hau Giang,2022-05-18,9.401101934909134
Hau Giang,2022-05-19,6.3111905515128806
Hau Giang,2022-05-20,2.7613213533255276
Hau Giang,2022-05-21,11.868246990978033
Hau Giang,2022-05-22,27.728768240706923
Hau Giang,2022-05-23,1.579038142307884
Hau Giang,2022-05-24,0
Hau Giang,2022-05-25,0
Hau Giang,2022-05-26,5.344605405798612
Hau Giang,2022-05-27,18.596860040426325
Hau Giang,2022-05-28,11.134286710203973
Hau Giang,2022-05-29,4.31239516281658
Hau Giang,2022-05-30,14.03722271877295
Hau Giang,2022-05-31,3.7032352336780665
Hau Giang,2022-06-01,1.7233831544503493
Hau Giang,2022-06-02,9.757069667861355
Hau Giang,2022-06-03,13.91881383251682
Hau Giang,2022-06-04,4.8140365934966995
Hau Giang,2022-06-05,0.09458595071093129
Hau Giang,2022-06-06,4.89789661222319
Hau Giang,2022-06-07,15.09296326026037
Hau Giang,2022-06-08,0.15087250376030129
Hau Giang,2022-06-09,9.34315092404994
Hau Giang,2022-06-10,5.143888490950986
Hau Giang,2022-06-11,8.538794244533369
Hau Giang,2022-06-12,9.283005431149618
Hau Giang,2022-06-13,3.830011965770679
Hau Giang,2022-06-14,0
Hau Giang,2022-06-15,2.579479628992956
Hau Giang,2022-06-16,5.285162704234576
Hau Giang,2022-06-17,5.023885184155907
Hau Giang,2022-06-18,4.14822660868243
Hau Giang,2022-06-19,5.922456205401934
Hau Giang,2022-06-20,7.777230147420384
Hau Giang,2022-06-21,0.9741714995152396
Hau Giang,2022-06-22,10.42936331021024
Hau Giang,2022-06-23,13.231970461332558
Hau Giang,2022-06-24,4.454228079499299
Hau Giang,2022-06-25,8.301842757794367
Hau Giang,2022-06-26,5.5972885625510065
Hau Giang,2022-06-27,1.7312856400031482
Hau Giang,2022-06-28,15.461427496207499
Hau Giang,2022-06-29,6.149375166227479
Hau Giang,2022-06-30,14.770550713859137
Hau Giang,2022-07-01,10.821017259149924
Hau Giang,2022-07-02,29.91242494670332
Hau Giang,2022-07-03,21.572790672783327
Hau Giang,2022-07-04,10.224763646148558
Hau Giang,2022-07-05,0
Hau Giang,2022-07-06,3.6993692264966027
Hau Giang,2022-07-07,20.952300789563406
Hau Giang,2022-07-08,27.951381314033203
Hau Giang,2022-07-09,23.490874385235944
Hau Giang,2022-07-10,7.517389775090319
Hau Giang,2022-07-11,2.34309885060234
Hau Giang,2022-07-12,52.15011300590385
Hau Giang,2022-07-13,30.725148125798277
Hau Giang,2022-07-14,11.45197730678914
Hau Giang,2022-07-15,5.05296762920974
Hau Giang,2022-07-16,6.227244724981381
Hau Giang,2022-07-17,7.416713823354349
Hau Giang,2022-07-18,6.9063729586407385
Hau Giang,2022-07-19,20.505667957883084
Hau Giang,2022-07-20,21.48169582331186
Hau Giang,2022-07-21,19.67358530264917
Hau Giang,2022-07-22,0
Hau Giang,2022-07-23,10.180794192701402
Hau Giang,2022-07-24,0
Hau Giang,2022-07-25,1.7877211598709952
Hau Giang,2022-07-26,11.510002488984119
Hau Giang,2022-07-27,7.738546501493994
Hau Giang,2022-07-28,6.787122309327887
Hau Giang,2022-07-29,4.933264445227487
Hau Giang,2022-07-30,12.665614985975449
Hau Giang,2022-07-31,29.187992503215398
Hau Giang,2022-08-01,24.109955001586236
Hau Giang,2022-08-02,9.256486702859284
Hau Giang,2022-08-03,12.61335644732131
Hau Giang,2022-08-04,9.522123163650939
Hau Giang,2022-08-05,0.31287837734613994
Hau Giang,2022-08-06,12.144971398530117
Hau Giang,2022-08-07,16.599820825886212
Hau Giang,2022-08-08,24.294469384644177
Hau Giang,2022-08-09,0
Hau Giang,2022-08-10,23.273599124159063
Hau Giang,2022-08-11,11.763757450528903
Hau Giang,2022-08-12,3.4947168653477085
Hau Giang,2022-08-13,0.934419856199532
Hau Giang,2022-08-14,3.751981086855453
Hau Giang,2022-08-15,13.138052772794213
Hau Giang,2022-08-16,3.5995657811314854
Hau Giang,2022-08-17,7.325577125725367
Hau Giang,2022-08-18,6.682946110643741
Hau Giang,2022-08-19,4.456487821404249
Hau Giang,2022-08-20,6.809964318774256
Hau Giang,2022-08-21,2.2774794812213153
Hau Giang,2022-08-22,5.3828937910144585
Hau Giang,2022-08-23,5.063134343678
Hau Giang,2022-08-24,15.406585793777902
Hau Giang,2022-08-25,15.18951648349314
Hau Giang,2022-08-26,17.564854656987084
Hau Giang,2022-08-27,1.8913481711820297
Hau Giang,2022-08-28,5.535643458592624
Hau Giang,2022-08-29,3.15935883894147
Hau Giang,2022-08-30,2.454670240019524
Hau Giang,2022-08-31,6.238507673131488
Hau Giang,2022-09-01,6.507432118287006
Hau Giang,2022-09-02,0.7879379374086016
Hau Giang,2022-09-03,6.8086015471609205
Hau Giang,2022-09-04,33.44243122919972
Hau Giang,2022-09-05,1.1991352079050244
Hau Giang,2022-09-06,36.638074153685395
Hau Giang,2022-09-07,8.956916675538013
Hau Giang,2022-09-08,0
Hau Giang,2022-09-09,6.868507763646911
Hau Giang,2022-09-10,5.410408744118789
Hau Giang,2022-09-11,16.078576370779793
Hau Giang,2022-09-12,4.900728992640071
Hau Giang,2022-09-13,2.9209429556192728
Hau Giang,2022-09-14,8.361149370104743
Hau Giang,2022-09-15,3.7425143921092143
Hau Giang,2022-09-16,12.691222215714768
Hau Giang,2022-09-17,16.22730162978837
Hau Giang,2022-09-18,2.4287306428387523
Hau Giang,2022-09-19,0
Hau Giang,2022-09-20,0.07362911806639097
Hau Giang,2022-09-21,7.327499948449267
Hau Giang,2022-09-22,9.563146943172363
Hau Giang,2022-09-23,3.747459168280307
Hau Giang,2022-09-24,4.391495891256024
Hau Giang,2022-09-25,14.22218712625663
Hau Giang,2022-09-26,11.925675496682667
Hau Giang,2022-09-27,5.4833529972551585
Hau Giang,2022-09-28,16.417135578458037
Hau Giang,2022-09-29,10.698047704848571
Hau Giang,2022-09-30,13.914936972840824
Hau Giang,2022-10-01,10.222552658834388
Hau Giang,2022-10-02,10.953961083788784
Hau Giang,2022-10-03,6.384926036239336
Hau Giang,2022-10-04,8.741081477760877
Hau Giang,2022-10-05,16.837796176773512
Hau Giang,2022-10-06,6.519487661067406
Hau Giang,2022-10-07,4.364998822132971
Hau Giang,2022-10-08,16.760233308003574
Hau Giang,2022-10-09,4.8085853071660845
Hau Giang,2022-10-10,5.594738958991003
Hau Giang,2022-10-11,4.374202017471784
Hau Giang,2022-10-12,16.67544868206429
Hau Giang,2022-10-13,6.732087223599331
Hau Giang,2022-10-14,4.041288019590857
Hau Giang,2022-10-15,0
Hau Giang,2022-10-16,0
Hau Giang,2022-10-17,0
Hau Giang,2022-10-18,4.9901615870650895
Hau Giang,2022-10-19,10.132046317483825
Hau Giang,2022-10-20,15.558720751048382
Hau Giang,2022-10-21,8.974282592207672
Hau Giang,2022-10-22,10.819422959582118
Hau Giang,2022-10-23,11.348612666246607
Hau Giang,2022-10-24,14.616852976727552
Hau Giang,2022-10-25,8.346487393188081
Hau Giang,2022-10-26,5.729381851072564
Hau Giang,2022-10-27,21.466206725603886
Hau Giang,2022-10-28,6.917215795334339
Hau Giang,2022-10-29,2.4258927850604253
Hau Giang,2022-10-30,0.19602302616752723
Hau Giang,2022-10-31,0
Hau Giang,2022-11-01,3.7210480012245974
Hau Giang,2022-11-02,0
Hau Giang,2022-11-03,15.133290935490914
Hau Giang,2022-11-04,29.071238800095777
Hau Giang,2022-11-05,3.954037942156387
Hau Giang,2022-11-06,10.365720662262282
Hau Giang,2022-11-07,7.810282855086251
Hau Giang,2022-11-08,6.951396055729958
Hau Giang,2022-11-09,0.9485382816572024
Hau Giang,2022-11-10,0.665680196781719
Hau Giang,2022-11-11,1.5776892886139045
Hau Giang,2022-11-12,7.425827726965989
Hau Giang,2022-11-13,2.737172180023097
Hau Giang,2022-11-14,1.0375682742622137
Hau Giang,2022-11-15,0
Hau Giang,2022-11-16,0
Hau Giang,2022-11-17,0
Hau Giang,2022-11-18,18.841505156671744
Hau Giang,2022-11-19,24.95949735920633
Hau Giang,2022-11-20,51.060700132639944
Hau Giang,2022-11-21,31.531279941501584
Hau Giang,2022-11-22,29.191504564120205
Hau Giang,2022-11-23,6.211172076514913
Hau Giang,2022-11-24,0.7895407096726342
Hau Giang,2022-11-25,0.9509645519402475
Hau Giang,2022-11-26,10.535982251133023
Hau Giang,2022-11-27,7.836339834731968
Hau Giang,2022-11-28,0.1470708019182663
Hau Giang,2022-11-29,0
Hau Giang,2022-11-30,2.097374805073336
Hau Giang,2022-12-01,9.129793540598769
Hau Giang,2022-12-02,0.5387980036741293
Hau Giang,2022-12-03,39.0262629471514
Hau Giang,2022-12-04,0.334061175315717
Hau Giang,2022-12-05,0
Hau Giang,2022-12-06,0.0042695240213746375
Hau Giang,2022-12-07,0.5706388339082371
Hau Giang,2022-12-08,4.85131577666245
Hau Giang,2022-12-09,0.07319172946886715
Hau Giang,2022-12-10,0.3032450488433726
Hau Giang,2022-12-11,0
Hau Giang,2022-12-12,0.0729104257780287
Hau Giang,2022-12-13,0
Hau Giang,2022-12-14,0
Hau Giang,2022-12-15,0
Hau Giang,2022-12-16,1.0035909839808697
Hau Giang,2022-12-17,0.8738639957299206
Hau Giang,2022-12-18,0
Hau Giang,2022-12-19,0
Hau Giang,2022-12-20,0
Hau Giang,2022-12-21,0.19859991899552112
Hau Giang,2022-12-22,0.2922908122889559
Hau Giang,2022-12-23,0.25187741442542205
Hau Giang,2022-12-24,0.08818191442435329
Hau Giang,2022-12-25,0
Hau Giang,2022-12-26,0.1353865669734647
Hau Giang,2022-12-27,0
Hau Giang,2022-12-28,0
Hau Giang,2022-12-29,0.08142905667457623
Hau Giang,2022-12-30,0.5013911800048879
Hau Giang,2022-12-31,0.807638708598673
Hau Giang,2023-01-01,0
Hau Giang,2023-01-02,0
Hau Giang,2023-01-03,0.8618956073485344
Hau Giang,2023-01-04,4.792413235451079
Hau Giang,2023-01-05,2.21919515441536
Hau Giang,2023-01-06,0
Hau Giang,2023-01-07,5.532616939283622
Hau Giang,2023-01-08,0
Hau Giang,2023-01-09,0.8122140573820449
Hau Giang,2023-01-10,6.715670963956773
Hau Giang,2023-01-11,0
Hau Giang,2023-01-12,0
Hau Giang,2023-01-13,0
Hau Giang,2023-01-14,0
Hau Giang,2023-01-15,0
Hau Giang,2023-01-16,0
Hau Giang,2023-01-17,0
Hau Giang,2023-01-18,0.0468247411606043
Hau Giang,2023-01-19,0.002952742661606609
Hau Giang,2023-01-20,0.13193352636237135
Hau Giang,2023-01-21,0.00969550306440956
Hau Giang,2023-01-22,1.427716671861783
Hau Giang,2023-01-23,0.017610929361789044
Hau Giang,2023-01-24,0.9649743283896622
Hau Giang,2023-01-25,1.1928014224295003
Hau Giang,2023-01-26,1.065749931920904
Hau Giang,2023-01-27,0.29440807208930436
Hau Giang,2023-01-28,0.745829538702862
Hau Giang,2023-01-29,0.023494549470537657
Hau Giang,2023-01-30,3.1804657958362674
Hau Giang,2023-01-31,0
Hau Giang,2023-02-01,0.7191613807625573
Hau Giang,2023-02-02,0
Hau Giang,2023-02-03,0.1653239441422529
Hau Giang,2023-02-04,0
Hau Giang,2023-02-05,0
Hau Giang,2023-02-06,0
Hau Giang,2023-02-07,0.3409401936297708
Hau Giang,2023-02-08,0
Hau Giang,2023-02-09,0
Hau Giang,2023-02-10,0
Hau Giang,2023-02-11,0
Hau Giang,2023-02-12,2.8269537538195766
Hau Giang,2023-02-13,3.0735098539675776
Hau Giang,2023-02-14,0.1559899045734273
Hau Giang,2023-02-15,0
Hau Giang,2023-02-16,0
Hau Giang,2023-02-17,0
Hau Giang,2023-02-18,0
Hau Giang,2023-02-19,2.691469876266718
Hau Giang,2023-02-20,0.7807798615688767
Hau Giang,2023-02-21,0
Hau Giang,2023-02-22,0
Hau Giang,2023-02-23,0
Hau Giang,2023-02-24,0
Hau Giang,2023-02-25,0
Hau Giang,2023-02-26,0.02851805604548265
Hau Giang,2023-02-27,0.13498732587646617
Hau Giang,2023-02-28,1.7288656583409017
Hau Giang,2023-03-01,0
Hau Giang,2023-03-02,0.3206871107466589
Hau Giang,2023-03-03,0.06750462073578886
Hau Giang,2023-03-04,2.29080356445929
Hau Giang,2023-03-05,3.4599830010561274
Hau Giang,2023-03-06,4.607036511361535
Hau Giang,2023-03-07,0
Hau Giang,2023-03-08,0.07747176298299101
Hau Giang,2023-03-09,0
Hau Giang,2023-03-10,0
Hau Giang,2023-03-11,0
Hau Giang,2023-03-12,0
Hau Giang,2023-03-13,0
Hau Giang,2023-03-14,0
Hau Giang,2023-03-15,0
Hau Giang,2023-03-16,0
Hau Giang,2023-03-17,0
Hau Giang,2023-03-18,0
Hau Giang,2023-03-19,0
Hau Giang,2023-03-20,0
Hau Giang,2023-03-21,0
Hau Giang,2023-03-22,0
Hau Giang,2023-03-23,0
Hau Giang,2023-03-24,0
Hau Giang,2023-03-25,0
Hau Giang,2023-03-26,0
Hau Giang,2023-03-27,0
Hau Giang,2023-03-28,0.01916032280599182
Hau Giang,2023-03-29,0
Hau Giang,2023-03-30,0
Hau Giang,2023-03-31,0
Hau Giang,2023-04-01,0
Hau Giang,2023-04-02,1.785275186264698
Hau Giang,2023-04-03,4.057753847688617
Hau Giang,2023-04-04,1.5024959568774712
Hau Giang,2023-04-05,0.052096597567964184
Hau Giang,2023-04-06,0
Hau Giang,2023-04-07,0
Hau Giang,2023-04-08,0
Hau Giang,2023-04-09,0
Hau Giang,2023-04-10,0
Hau Giang,2023-04-11,0
Hau Giang,2023-04-12,0
Hau Giang,2023-04-13,1.022708920435988
Hau Giang,2023-04-14,0
Hau Giang,2023-04-15,17.318296246740044
Hau Giang,2023-04-16,7.197665944355273
Hau Giang,2023-04-17,2.035058094727259
Hau Giang,2023-04-18,0
Hau Giang,2023-04-19,1.5452132929501892
Hau Giang,2023-04-20,0.6176239202114278
Hau Giang,2023-04-21,0
Hau Giang,2023-04-22,6.527508388414865
Hau Giang,2023-04-23,0
Hau Giang,2023-04-24,0.7670102985973731
Hau Giang,2023-04-25,2.0433305001559123
Hau Giang,2023-04-26,0.22283836329426854
Hau Giang,2023-04-27,0
Hau Giang,2023-04-28,0.02283287864137501
Hau Giang,2023-04-29,1.4058325063216353
Hau Giang,2023-04-30,13.369514044928875
Hau Giang,2023-05-01,0
Hau Giang,2023-05-02,0
Hau Giang,2023-05-03,0
Hau Giang,2023-05-04,0
Hau Giang,2023-05-05,10.985886013345374
Hau Giang,2023-05-06,1.5386738422048725
Hau Giang,2023-05-07,1.4802374117767514
Hau Giang,2023-05-08,7.5491754298610765
Hau Giang,2023-05-09,4.574467131675946
Hau Giang,2023-05-10,2.1758355996464633
Hau Giang,2023-05-11,18.18180172296272
Hau Giang,2023-05-12,5.335064018044838
Hau Giang,2023-05-13,0.7570681939960603
Hau Giang,2023-05-14,7.511280363565399
Hau Giang,2023-05-15,0.07043365187515803
Hau Giang,2023-05-16,0.013849166971248678
Hau Giang,2023-05-17,4.734826523011754
Hau Giang,2023-05-18,7.584437009649173
Hau Giang,2023-05-19,0.014384798077019468
Hau Giang,2023-05-20,8.954154711593954
Hau Giang,2023-05-21,11.990219334926978
Hau Giang,2023-05-22,4.317113989073671
Hau Giang,2023-05-23,6.006806785526019
Hau Giang,2023-05-24,5.936959138863438
Hau Giang,2023-05-25,5.949498198375015
Hau Giang,2023-05-26,13.79612324808059
Hau Giang,2023-05-27,19.171114607426023
Hau Giang,2023-05-28,9.729745929610958
Hau Giang,2023-05-29,0.3645509870065089
Hau Giang,2023-05-30,0.04789413679968502
Hau Giang,2023-05-31,15.047274561897428
Hau Giang,2023-06-01,0.4892907310734611
Hau Giang,2023-06-02,5.265926775070446
Hau Giang,2023-06-03,4.474503034253509
Hau Giang,2023-06-04,10.729872763743032
Hau Giang,2023-06-05,9.333621791661027
Hau Giang,2023-06-06,6.815975416974208
Hau Giang,2023-06-07,16.89429386560553
Hau Giang,2023-06-08,9.879169824707605
Hau Giang,2023-06-09,0.4584155656091847
Hau Giang,2023-06-10,13.005653665930787
Hau Giang,2023-06-11,0.34185422501313667
Hau Giang,2023-06-12,9.416688375759854
Hau Giang,2023-06-13,1.5345983591627599
Hau Giang,2023-06-14,0
Hau Giang,2023-06-15,5.521681014195398
Hau Giang,2023-06-16,6.331694320988249
Hau Giang,2023-06-17,12.786099447719495
Hau Giang,2023-06-18,6.003151017956341
Hau Giang,2023-06-19,0
Hau Giang,2023-06-20,19.62225524656207
Hau Giang,2023-06-21,2.0729851126842225
Hau Giang,2023-06-22,5.594903907134757
Hau Giang,2023-06-23,4.781756482833731
Hau Giang,2023-06-24,2.651082165965587
Hau Giang,2023-06-25,6.967240916845597
Hau Giang,2023-06-26,6.483329985632467
Hau Giang,2023-06-27,15.721366552275795
Hau Giang,2023-06-28,5.845858497365704
Hau Giang,2023-06-29,3.780469332317739
Hau Giang,2023-06-30,10.889351080871927
Hau Giang,2023-07-01,24.241960477360074
Hau Giang,2023-07-02,14.233515106683578
Hau Giang,2023-07-03,23.21595164308938
Hau Giang,2023-07-04,2.1527753583214975
Hau Giang,2023-07-05,15.221036592671421
Hau Giang,2023-07-06,12.692320678306634
Hau Giang,2023-07-07,7.15154210445804
Hau Giang,2023-07-08,7.332409333357344
Hau Giang,2023-07-09,7.144364852697967
Hau Giang,2023-07-10,8.045645245785092
Hau Giang,2023-07-11,4.573008273399078
Hau Giang,2023-07-12,7.096212577803371
Hau Giang,2023-07-13,13.765880447333728
Hau Giang,2023-07-14,6.071323507190937
Hau Giang,2023-07-15,4.620718644290394
Hau Giang,2023-07-16,43.44655827342336
Hau Giang,2023-07-17,32.103615565340846
Hau Giang,2023-07-18,23.224427282601116
Hau Giang,2023-07-19,28.5626007697397
Hau Giang,2023-07-20,0.13442031510011032
Hau Giang,2023-07-21,4.827521093814848
Hau Giang,2023-07-22,1.537785515666481
Hau Giang,2023-07-23,3.692025159842068
Hau Giang,2023-07-24,36.908372269606915
Hau Giang,2023-07-25,18.259158008649372
Hau Giang,2023-07-26,2.062198346874166
Hau Giang,2023-07-27,21.612035533284857
Hau Giang,2023-07-28,32.16515469525035
Hau Giang,2023-07-29,42.249309676519864
Hau Giang,2023-07-30,33.77731640764346
Hau Giang,2023-07-31,13.73478376486281
Hau Giang,2023-08-01,0.040342648298472075
Hau Giang,2023-08-02,2.1767129893683808
Hau Giang,2023-08-03,3.288026300031366
Hau Giang,2023-08-04,4.41206411295553
Hau Giang,2023-08-05,1.117864850816612
Hau Giang,2023-08-06,0
Hau Giang,2023-08-07,0
Hau Giang,2023-08-08,0
Hau Giang,2023-08-09,0
Hau Giang,2023-08-10,0.4571379541397863
Hau Giang,2023-08-11,0
Hau Giang,2023-08-12,2.4890214458371034
Hau Giang,2023-08-13,10.801986643276603
Hau Giang,2023-08-14,30.503855994889975
Hau Giang,2023-08-15,0
Hau Giang,2023-08-16,0.5597496948053525
Hau Giang,2023-08-17,13.555226236538955
Hau Giang,2023-08-18,16.22096678899289
Hau Giang,2023-08-19,32.49126379219382
Hau Giang,2023-08-20,16.1771691659779
Hau Giang,2023-08-21,6.0456443971772895
Hau Giang,2023-08-22,17.520377027548996
Hau Giang,2023-08-23,0
Hau Giang,2023-08-24,0
Hau Giang,2023-08-25,0
Hau Giang,2023-08-26,6.921705836334967
Hau Giang,2023-08-27,4.537174901951861
Hau Giang,2023-08-28,15.873856134319796
Hau Giang,2023-08-29,3.341659576789062
Hau Giang,2023-08-30,7.644019254992889
Hau Giang,2023-08-31,13.495728428185968
Hau Giang,2023-09-01,9.512060075955462
Hau Giang,2023-09-02,17.63400762612717
Hau Giang,2023-09-03,20.720748813507836
Hau Giang,2023-09-04,7.744033835688198
Hau Giang,2023-09-05,3.916358191324382
Hau Giang,2023-09-06,6.338322561450395
Hau Giang,2023-09-07,9.63698623099358
Hau Giang,2023-09-08,15.924403705648485
Hau Giang,2023-09-09,9.470050895349132
Hau Giang,2023-09-10,2.7989213703431273
Hau Giang,2023-09-11,0
Hau Giang,2023-09-12,4.84889585621245
Hau Giang,2023-09-13,5.617769879273064
Hau Giang,2023-09-14,20.172258236127295
Hau Giang,2023-09-15,0.4096879540650235
Hau Giang,2023-09-16,3.00421720036726
Hau Giang,2023-09-17,11.812540931790506
Hau Giang,2023-09-18,6.06554251856812
Hau Giang,2023-09-19,15.209071354989701
Hau Giang,2023-09-20,2.7826717027794383
Hau Giang,2023-09-21,7.835378480235911
Hau Giang,2023-09-22,12.312782291601234
Hau Giang,2023-09-23,14.50966094384645
Hau Giang,2023-09-24,19.38352331050385
Hau Giang,2023-09-25,10.119842862663333
Hau Giang,2023-09-26,26.933442192125895
Hau Giang,2023-09-27,8.844401059563943
Hau Giang,2023-09-28,0
Hau Giang,2023-09-29,16.37200399102978
Hau Giang,2023-09-30,5.825031840744336
Hau Giang,2023-10-01,38.637588716182606
Hau Giang,2023-10-02,23.60833851698386
Hau Giang,2023-10-03,0.35470979509458395
Hau Giang,2023-10-04,2.7721756263779858
Hau Giang,2023-10-05,3.415252608765919
Hau Giang,2023-10-06,1.4398027445189707
Hau Giang,2023-10-07,1.282195745942317
Hau Giang,2023-10-08,8.695476887094346
Hau Giang,2023-10-09,0.7456020729751145
Hau Giang,2023-10-10,7.990930635087673
Hau Giang,2023-10-11,1.7368965012228257
Hau Giang,2023-10-12,4.644215904773087
Hau Giang,2023-10-13,3.317964335500875
Hau Giang,2023-10-14,15.617604619727691
Hau Giang,2023-10-15,14.676322403384075
Hau Giang,2023-10-16,10.303768247381377
Hau Giang,2023-10-17,7.501245779785212
Hau Giang,2023-10-18,0
Hau Giang,2023-10-19,13.150151482787814
Hau Giang,2023-10-20,7.547456539453938
Hau Giang,2023-10-21,0.9019391739770853
Hau Giang,2023-10-22,6.5759104410825575
Hau Giang,2023-10-23,7.457547143601283
Hau Giang,2023-10-24,0
Hau Giang,2023-10-25,11.174231653429036
Hau Giang,2023-10-26,6.177633491980966
Hau Giang,2023-10-27,6.645333641345551
Hau Giang,2023-10-28,13.409383456287035
Hau Giang,2023-10-29,19.371908132419396
Hau Giang,2023-10-30,4.95434643547821
Hau Giang,2023-10-31,1.3454783664933492
Hau Giang,2023-11-01,10.506337321423644
Hau Giang,2023-11-02,17.167181358965912
Hau Giang,2023-11-03,8.544414881463227
Hau Giang,2023-11-04,0.20856337306264888
Hau Giang,2023-11-05,6.697388344330953
Hau Giang,2023-11-06,0.9053270866573491
Hau Giang,2023-11-07,11.06605639949375
Hau Giang,2023-11-08,0.12705298173186955
Hau Giang,2023-11-09,21.754066726585414
Hau Giang,2023-11-10,15.807881027705182
Hau Giang,2023-11-11,0
Hau Giang,2023-11-12,0
Hau Giang,2023-11-13,3.1956009744425566
Hau Giang,2023-11-14,10.384620826427668
Hau Giang,2023-11-15,2.379786360976105
Hau Giang,2023-11-16,14.297622920659396
Hau Giang,2023-11-17,0.45834781946832376
Hau Giang,2023-11-18,0.7969168848067005
Hau Giang,2023-11-19,1.013586623980319
Hau Giang,2023-11-20,4.961725204053596
Hau Giang,2023-11-21,0.10414179533152729
Hau Giang,2023-11-22,0.5712398229552162
Hau Giang,2023-11-23,10.530099482346836
Hau Giang,2023-11-24,1.8025706074731283
Hau Giang,2023-11-25,9.62091364556976
Hau Giang,2023-11-26,5.347057173885411
Hau Giang,2023-11-27,0
Hau Giang,2023-11-28,6.047284618858993
Hau Giang,2023-11-29,0.144372200635449
Hau Giang,2023-11-30,0.16744791069054896
Hau Giang,2023-12-01,0
Hau Giang,2023-12-02,20.67688815908658
Hau Giang,2023-12-03,1.5895840913953678
Hau Giang,2023-12-04,4.5668205288186074
Hau Giang,2023-12-05,1.9268319489690051
Hau Giang,2023-12-06,1.2414979673362916
Hau Giang,2023-12-07,4.265069949358875
Hau Giang,2023-12-08,0.016311915529981506
Hau Giang,2023-12-09,0
Hau Giang,2023-12-10,0
Hau Giang,2023-12-11,0
Hau Giang,2023-12-12,0
Hau Giang,2023-12-13,0
Hau Giang,2023-12-14,0.5796751297495764
Hau Giang,2023-12-15,0
Hau Giang,2023-12-16,0
Hau Giang,2023-12-17,0
Hau Giang,2023-12-18,0
Hau Giang,2023-12-19,0
Hau Giang,2023-12-20,0.3418453358350707
Hau Giang,2023-12-21,0
Hau Giang,2023-12-22,0.007831372046005843
Hau Giang,2023-12-23,0.04445398790990308
Hau Giang,2023-12-24,0
Hau Giang,2023-12-25,0
Hau Giang,2023-12-26,0
Hau Giang,2023-12-27,0
Hau Giang,2023-12-28,0
Hau Giang,2023-12-29,0.05584836139160136
Hau Giang,2023-12-30,0
Hau Giang,2023-12-31,0
Hau Giang,2024-01-01,0.0777505504727823
Hau Giang,2024-01-02,0
Hau Giang,2024-01-03,3.953201613785983
Hau Giang,2024-01-04,0
Hau Giang,2024-01-05,0.9525052551307595
Hau Giang,2024-01-06,0.9159150788711221
Hau Giang,2024-01-07,0
Hau Giang,2024-01-08,1.113486856155312
Hau Giang,2024-01-09,0.22775713895200703
Hau Giang,2024-01-10,0
Hau Giang,2024-01-11,0.12335467330335483
Hau Giang,2024-01-12,0
Hau Giang,2024-01-13,0.030035991996117107
Hau Giang,2024-01-14,0.5306616365597654
Hau Giang,2024-01-15,0.07632171019737809
Hau Giang,2024-01-16,0.0010291794059508158
Hau Giang,2024-01-17,0.23644989885574477
Hau Giang,2024-01-18,0
Hau Giang,2024-01-19,0
Hau Giang,2024-01-20,1.3878152424268106
Hau Giang,2024-01-21,0.07518679299481516
Hau Giang,2024-01-22,0
Hau Giang,2024-01-23,0
Hau Giang,2024-01-24,0
Hau Giang,2024-01-25,0
Hau Giang,2024-01-26,0
Hau Giang,2024-01-27,0
Hau Giang,2024-01-28,0
Hau Giang,2024-01-29,0
Hau Giang,2024-01-30,0
Hau Giang,2024-01-31,0.13288848843937315
Hau Giang,2024-02-01,0
Hau Giang,2024-02-02,0
Hau Giang,2024-02-03,0
Hau Giang,2024-02-04,0
Hau Giang,2024-02-05,0.02485728232319945
Hau Giang,2024-02-06,0
Hau Giang,2024-02-07,0
Hau Giang,2024-02-08,0
Hau Giang,2024-02-09,0
Hau Giang,2024-02-10,0
Hau Giang,2024-02-11,0
Hau Giang,2024-02-12,0
Hau Giang,2024-02-13,0
Hau Giang,2024-02-14,0
Hau Giang,2024-02-15,0
Hau Giang,2024-02-16,0
Hau Giang,2024-02-17,0
Hau Giang,2024-02-18,0.0574175842854871
Hau Giang,2024-02-19,0
Hau Giang,2024-02-20,0
Hau Giang,2024-02-21,0
Hau Giang,2024-02-22,0
Hau Giang,2024-02-23,0
Hau Giang,2024-02-24,0.0033320407279508893
Hau Giang,2024-02-25,0
Hau Giang,2024-02-26,0
Hau Giang,2024-02-27,0.02764795104701425
Hau Giang,2024-02-28,0
Hau Giang,2024-02-29,0
Hau Giang,2024-03-01,0
Hau Giang,2024-03-02,1.4566106683972502
Hau Giang,2024-03-03,0.15307517752048783
Hau Giang,2024-03-04,0
Hau Giang,2024-03-05,0
Hau Giang,2024-03-06,1.0364591678966217
Hau Giang,2024-03-07,0
Hau Giang,2024-03-08,0
Hau Giang,2024-03-09,2.403704877870175
Hau Giang,2024-03-10,1.7034951540509147
Hau Giang,2024-03-11,0
Hau Giang,2024-03-12,0
Hau Giang,2024-03-13,0
Hau Giang,2024-03-14,0
Hau Giang,2024-03-15,0
Hau Giang,2024-03-16,0
Hau Giang,2024-03-17,0
Hau Giang,2024-03-18,0
Hau Giang,2024-03-19,0
Hau Giang,2024-03-20,0.04560639883062552
Hau Giang,2024-03-21,0
Hau Giang,2024-03-22,0
Hau Giang,2024-03-23,0
Hau Giang,2024-03-24,0
Hau Giang,2024-03-25,0
Hau Giang,2024-03-26,0
Hau Giang,2024-03-27,0
Hau Giang,2024-03-28,0.059779002891469014
Hau Giang,2024-03-29,1.0661590497910143
Hau Giang,2024-03-30,1.048888271293287
Hau Giang,2024-03-31,0
Hau Giang,2024-04-01,2.3997332207171733
Hau Giang,2024-04-02,1.8112307648872918
Hau Giang,2024-04-03,0
Hau Giang,2024-04-04,0
Hau Giang,2024-04-05,0
Hau Giang,2024-04-06,0
Hau Giang,2024-04-07,0
Hau Giang,2024-04-08,0
Hau Giang,2024-04-09,0
Hau Giang,2024-04-10,0
Hau Giang,2024-04-11,0.5605038427224792
Hau Giang,2024-04-12,0.002643503891221009
Hau Giang,2024-04-13,0.5780000316040285
Hau Giang,2024-04-14,0.009694236472046563
Hau Giang,2024-04-15,0
Hau Giang,2024-04-16,0
Hau Giang,2024-04-17,0
Hau Giang,2024-04-18,0
Hau Giang,2024-04-19,0
Hau Giang,2024-04-20,0
Hau Giang,2024-04-21,0
Hau Giang,2024-04-22,0
Hau Giang,2024-04-23,0
Hau Giang,2024-04-24,0
Hau Giang,2024-04-25,0
Hau Giang,2024-04-26,4.1574698585070635
Hau Giang,2024-04-27,0
Hau Giang,2024-04-28,0
Hau Giang,2024-04-29,0
Hau Giang,2024-04-30,0.9153684654835829
Hau Giang,2024-05-01,0
Hau Giang,2024-05-02,0
Hau Giang,2024-05-03,5.270631005898512
Hau Giang,2024-05-04,9.71615513590372
Hau Giang,2024-05-05,8.963485363511591
Hau Giang,2024-05-06,0
Hau Giang,2024-05-07,7.329046068762449
Hau Giang,2024-05-08,8.228526973197866
Hau Giang,2024-05-09,3.467196647798263
Hau Giang,2024-05-10,12.35365258536102
Hau Giang,2024-05-11,1.1717672420278826
Hau Giang,2024-05-12,0
Hau Giang,2024-05-13,9.657885801950508
Hau Giang,2024-05-14,0.20239160251326763
Hau Giang,2024-05-15,12.803476646363453
Hau Giang,2024-05-16,12.67331410918668
Hau Giang,2024-05-17,15.920798568346074
Hau Giang,2024-05-18,2.0610210144935945
Hau Giang,2024-05-19,4.78948143411652
Hau Giang,2024-05-20,8.749621972445961
Hau Giang,2024-05-21,3.171507796010523
Hau Giang,2024-05-22,8.040819829243407
Hau Giang,2024-05-23,6.342052563590461
Hau Giang,2024-05-24,4.116648896004169
Hau Giang,2024-05-25,0.11859632409032313
Hau Giang,2024-05-26,1.5361921994433436
Hau Giang,2024-05-27,10.98872426813608
Hau Giang,2024-05-28,16.348260055821473
Hau Giang,2024-05-29,13.080351773862617
Hau Giang,2024-05-30,14.350250560094258
Hau Giang,2024-05-31,12.395733160218223
Hau Giang,2024-06-01,5.193772397120022
Hau Giang,2024-06-02,0.9555182590308572
Hau Giang,2024-06-03,6.634939311255293
Hau Giang,2024-06-04,4.511732004716992
Hau Giang,2024-06-05,4.336219250453172
Hau Giang,2024-06-06,0.4114617497659524
Hau Giang,2024-06-07,17.882430043199403
Hau Giang,2024-06-08,17.37340928604799
Hau Giang,2024-06-09,0
Hau Giang,2024-06-10,0.17815475070639006
Hau Giang,2024-06-11,3.969094894624605
Hau Giang,2024-06-12,4.400747132291733
Hau Giang,2024-06-13,3.4464699453383165
Hau Giang,2024-06-14,4.674035875208664
Hau Giang,2024-06-15,12.743250078312846
Hau Giang,2024-06-16,7.360689874775517
Hau Giang,2024-06-17,0
Hau Giang,2024-06-18,11.1664125960886
Hau Giang,2024-06-19,20.53208183911816
Hau Giang,2024-06-20,21.464002572288383
Hau Giang,2024-06-21,31.394215348028887
Hau Giang,2024-06-22,7.0961644391329655
Hau Giang,2024-06-23,3.9380522274190866
Hau Giang,2024-06-24,17.59802014730792
Hau Giang,2024-06-25,0.8137487900374338
Hau Giang,2024-06-26,11.757063537642413
Hau Giang,2024-06-27,7.333559240739022
Hau Giang,2024-06-28,2.7406986024766518
Hau Giang,2024-06-29,0
Hau Giang,2024-06-30,6.0678249572389955
Hau Giang,2024-07-01,8.03031947914539
Hau Giang,2024-07-02,33.95317648832187
Hau Giang,2024-07-03,10.156033186978625
Hau Giang,2024-07-04,10.931015603969698
Hau Giang,2024-07-05,0.773567208811059
Hau Giang,2024-07-06,3.4650604778219383
Hau Giang,2024-07-07,9.40916082266592
Hau Giang,2024-07-08,12.260738359091853
Hau Giang,2024-07-09,9.584988555088843
Hau Giang,2024-07-10,11.138675248014817
Hau Giang,2024-07-11,9.698207330042875
Hau Giang,2024-07-12,0
Hau Giang,2024-07-13,8.643306816911004
Hau Giang,2024-07-14,7.287252780848056
Hau Giang,2024-07-15,22.998030264646747
Hau Giang,2024-07-16,21.482922504163337
Hau Giang,2024-07-17,28.2555955124735
Hau Giang,2024-07-18,32.88127084787228
Hau Giang,2024-07-19,5.5362580037938285
Hau Giang,2024-07-20,21.039610223804697
Hau Giang,2024-07-21,16.852359170369102
Hau Giang,2024-07-22,29.377198845283484
Hau Giang,2024-07-23,1.0921904763095545
Hau Giang,2024-07-24,10.521209866821382
Hau Giang,2024-07-25,28.434907886773416
Hau Giang,2024-07-26,19.746811939647323
Hau Giang,2024-07-27,8.493438783882887
Hau Giang,2024-07-28,5.823607953519282
Hau Giang,2024-07-29,1.1982005991500546
Hau Giang,2024-07-30,11.326838159185481
Hau Giang,2024-07-31,14.976165592063735
Hau Giang,2024-08-01,5.079009278701238
Hau Giang,2024-08-02,34.14108892490486
Hau Giang,2024-08-03,13.913096558417687
Hau Giang,2024-08-04,13.652108495646361
Hau Giang,2024-08-05,1.090369874745928
Hau Giang,2024-08-06,5.613552406223723
Hau Giang,2024-08-07,8.957659235501879
Hau Giang,2024-08-08,0
Hau Giang,2024-08-09,0
Hau Giang,2024-08-10,2.0975131821663915
Hau Giang,2024-08-11,0
Hau Giang,2024-08-12,5.9183073964920485
Hau Giang,2024-08-13,5.316704130767782
Hau Giang,2024-08-14,12.443764643943622
Hau Giang,2024-08-15,6.041817831906725
Hau Giang,2024-08-16,3.971825090640094
Hau Giang,2024-08-17,1.780172352930958
Hau Giang,2024-08-18,0
Hau Giang,2024-08-19,1.5611850960888525
Hau Giang,2024-08-20,2.7803419312268653
Hau Giang,2024-08-21,5.8222279555226235
Hau Giang,2024-08-22,4.411089731816199
Hau Giang,2024-08-23,7.7573669740333715
Hau Giang,2024-08-24,5.507721814204884
Hau Giang,2024-08-25,7.456308028759531
Hau Giang,2024-08-26,12.067468001409374
Hau Giang,2024-08-27,15.10946693406151
Hau Giang,2024-08-28,31.238211293006355
Hau Giang,2024-08-29,17.82695132723973
Hau Giang,2024-08-30,10.2323383857742
Hau Giang,2024-08-31,10.556463733084954
Hau Giang,2024-09-01,30.424196466938096
Hau Giang,2024-09-02,0.23660491228418987
Hau Giang,2024-09-03,7.7815390204374175
Hau Giang,2024-09-04,22.956117122866672
Hau Giang,2024-09-05,22.164434396128538
Hau Giang,2024-09-06,14.679171311175944
Hau Giang,2024-09-07,1.5378447566985862
Hau Giang,2024-09-08,6.049760846972667
Hau Giang,2024-09-09,0
Hau Giang,2024-09-10,27.470223862824984
Hau Giang,2024-09-11,13.12235945669187
Hau Giang,2024-09-12,30.023763964507854
Hau Giang,2024-09-13,16.07311483438351
Hau Giang,2024-09-14,17.313735162843685
Hau Giang,2024-09-15,10.773486541778983
Hau Giang,2024-09-16,21.106474302795217
Hau Giang,2024-09-17,5.933481466297832
Hau Giang,2024-09-18,13.795356941782552
Hau Giang,2024-09-19,6.136024310429927
Hau Giang,2024-09-20,21.50655682468518
Hau Giang,2024-09-21,17.682679799408028
Hau Giang,2024-09-22,12.148064652582834
Hau Giang,2024-09-23,12.277543870896395
Hau Giang,2024-09-24,5.359014952941667
Hau Giang,2024-09-25,5.008131834354056
Hau Giang,2024-09-26,2.5701355781266697
Hau Giang,2024-09-27,3.528717028895203
Hau Giang,2024-09-28,1.2875281130508656
Hau Giang,2024-09-29,3.657219198849842
Hau Giang,2024-09-30,1.6652574570171172
Hau Giang,2024-10-01,10.964958075307788
Hau Giang,2024-10-02,4.8629819261204394
Hau Giang,2024-10-03,14.640197099238915
Hau Giang,2024-10-04,11.56715401013235
Hau Giang,2024-10-05,16.77207228294065
Hau Giang,2024-10-06,13.749878631602545
Hau Giang,2024-10-07,14.998048544547041
Hau Giang,2024-10-08,25.944043031315505
Hau Giang,2024-10-09,14.124858324246254
Hau Giang,2024-10-10,18.36123116507649
Hau Giang,2024-10-11,2.1467700143331787
Hau Giang,2024-10-12,18.325899633587152
Hau Giang,2024-10-13,12.562772438685064
Hau Giang,2024-10-14,15.363707462567241
Hau Giang,2024-10-15,21.465100108120403
Hau Giang,2024-10-16,28.119940064583975
Hau Giang,2024-10-17,9.596440446322642
Hau Giang,2024-10-18,0.9848945734382836
Hau Giang,2024-10-19,12.57656809700811
Hau Giang,2024-10-20,16.78413411663156
Hau Giang,2024-10-21,17.788027326866963
Hau Giang,2024-10-22,31.514642850643433
Hau Giang,2024-10-23,4.447151675754366
Hau Giang,2024-10-24,0.15895654580832913
Hau Giang,2024-10-25,0
Hau Giang,2024-10-26,7.4484684900168325
Hau Giang,2024-10-27,24.84408955390584
Hau Giang,2024-10-28,10.351487838774291
Hau Giang,2024-10-29,2.384366562864328
Hau Giang,2024-10-30,0.24551312303288067
Hau Giang,2024-10-31,0
Hau Giang,2024-11-01,13.907725949676529
Hau Giang,2024-11-02,24.39057786120959
Hau Giang,2024-11-03,19.94804054666973
Hau Giang,2024-11-04,33.35404127828344
Hau Giang,2024-11-05,5.031216486099913
Hau Giang,2024-11-06,5.881948577068189
Hau Giang,2024-11-07,0
Hau Giang,2024-11-08,1.932040649831751
Hau Giang,2024-11-09,0.09664093534259116
Hau Giang,2024-11-10,1.1063740640232553
Hau Giang,2024-11-11,3.3515188263204236
Hau Giang,2024-11-12,0
Hau Giang,2024-11-13,0.43919168125185265
Hau Giang,2024-11-14,0
Hau Giang,2024-11-15,0
Hau Giang,2024-11-16,0
Hau Giang,2024-11-17,0
Hau Giang,2024-11-18,0
Hau Giang,2024-11-19,0
Hau Giang,2024-11-20,0.29256700502803995
Hau Giang,2024-11-21,2.2367490052121144
Hau Giang,2024-11-22,0.6430048847412376
Hau Giang,2024-11-23,0
Hau Giang,2024-11-24,0
Hau Giang,2024-11-25,10.016304900876689
Hau Giang,2024-11-26,5.390281843339755
Hau Giang,2024-11-27,4.00497557623458
Hau Giang,2024-11-28,4.031808732712999
Hau Giang,2024-11-29,13.174053109983046
Hau Giang,2024-11-30,0.039911535707732954
Hau Giang,2024-12-01,1.5267296647304318
Hau Giang,2024-12-02,6.691574589572292
Hau Giang,2024-12-03,18.73846360274116
Hau Giang,2024-12-04,14.981625691915758
Hau Giang,2024-12-05,0
Hau Giang,2024-12-06,0
Hau Giang,2024-12-07,0
Hau Giang,2024-12-08,0.2164698517256043
Hau Giang,2024-12-09,1.456557279733005
Hau Giang,2024-12-10,10.736347969339706
Hau Giang,2024-12-11,8.1649393660758
Hau Giang,2024-12-12,5.1739253117838135
Hau Giang,2024-12-13,12.02781051914567
Hau Giang,2024-12-14,6.8590345498684515
Hau Giang,2024-12-15,0
Hau Giang,2024-12-16,0
Hau Giang,2024-12-17,0
Hau Giang,2024-12-18,0
Hau Giang,2024-12-19,0
Hau Giang,2024-12-20,0
Hau Giang,2024-12-21,1.980181580518345
Hau Giang,2024-12-22,0
Hau Giang,2024-12-23,0
Hau Giang,2024-12-24,0
Hau Giang,2024-12-25,0
Hau Giang,2024-12-26,0.7312810042706673
Hau Giang,2024-12-27,0
Hau Giang,2024-12-28,0.1226515969314764
Hau Giang,2024-12-29,0
Hau Giang,2024-12-30,0
Hau Giang,2024-12-31,2.191409311585775
An Giang,2019-01-01,1.8216400233389936
An Giang,2019-01-02,8.38792986883805
An Giang,2019-01-03,1.354015156755861
An Giang,2019-01-04,3.1778104130937956
An Giang,2019-01-05,0
An Giang,2019-01-06,0
An Giang,2019-01-07,0
An Giang,2019-01-08,0
An Giang,2019-01-09,0
An Giang,2019-01-10,0
An Giang,2019-01-11,0
An Giang,2019-01-12,0
An Giang,2019-01-13,0
An Giang,2019-01-14,0
An Giang,2019-01-15,0.6459414959634071
An Giang,2019-01-16,0.4024360702338595
An Giang,2019-01-17,0
An Giang,2019-01-18,0
An Giang,2019-01-19,0
An Giang,2019-01-20,0
An Giang,2019-01-21,0
An Giang,2019-01-22,0
An Giang,2019-01-23,0.06617520659318991
An Giang,2019-01-24,0
An Giang,2019-01-25,0
An Giang,2019-01-26,0
An Giang,2019-01-27,0
An Giang,2019-01-28,0
An Giang,2019-01-29,0
An Giang,2019-01-30,0
An Giang,2019-01-31,0
An Giang,2019-02-01,0
An Giang,2019-02-02,0
An Giang,2019-02-03,0
An Giang,2019-02-04,0
An Giang,2019-02-05,0
An Giang,2019-02-06,0
An Giang,2019-02-07,0
An Giang,2019-02-08,0
An Giang,2019-02-09,0
An Giang,2019-02-10,0
An Giang,2019-02-11,0
An Giang,2019-02-12,0.18685839906469703
An Giang,2019-02-13,0
An Giang,2019-02-14,0
An Giang,2019-02-15,0
An Giang,2019-02-16,0
An Giang,2019-02-17,0
An Giang,2019-02-18,0
An Giang,2019-02-19,0
An Giang,2019-02-20,0
An Giang,2019-02-21,0
An Giang,2019-02-22,0.33531215988811974
An Giang,2019-02-23,0
An Giang,2019-02-24,0
An Giang,2019-02-25,0
An Giang,2019-02-26,0
An Giang,2019-02-27,0
An Giang,2019-02-28,0.09377921812787565
An Giang,2019-03-01,0
An Giang,2019-03-02,0
An Giang,2019-03-03,0
An Giang,2019-03-04,0
An Giang,2019-03-05,0
An Giang,2019-03-06,0
An Giang,2019-03-07,0
An Giang,2019-03-08,0
An Giang,2019-03-09,0.2900160673801378
An Giang,2019-03-10,0
An Giang,2019-03-11,0
An Giang,2019-03-12,0
An Giang,2019-03-13,0
An Giang,2019-03-14,0
An Giang,2019-03-15,0.015511019827247206
An Giang,2019-03-16,0
An Giang,2019-03-17,0.8527593231167484
An Giang,2019-03-18,0
An Giang,2019-03-19,0
An Giang,2019-03-20,0
An Giang,2019-03-21,0.6704465504577295
An Giang,2019-03-22,0
An Giang,2019-03-23,4.175896654542856
An Giang,2019-03-24,0.16009375843228135
An Giang,2019-03-25,0.02686146168988272
An Giang,2019-03-26,0
An Giang,2019-03-27,0.01791453029825464
An Giang,2019-03-28,0.6261267462907314
An Giang,2019-03-29,0.11945419230804595
An Giang,2019-03-30,0.3841945021462739
An Giang,2019-03-31,8.242456206056703
An Giang,2019-04-01,5.665135464473798
An Giang,2019-04-02,0
An Giang,2019-04-03,7.158718292393721
An Giang,2019-04-04,8.121107374886838
An Giang,2019-04-05,0.7399866717070905
An Giang,2019-04-06,0
An Giang,2019-04-07,0.28498504113766193
An Giang,2019-04-08,0
An Giang,2019-04-09,0
An Giang,2019-04-10,0
An Giang,2019-04-11,4.07320248444171
An Giang,2019-04-12,3.0158199074248704
An Giang,2019-04-13,0
An Giang,2019-04-14,0
An Giang,2019-04-15,0
An Giang,2019-04-16,0
An Giang,2019-04-17,1.4673862791196146
An Giang,2019-04-18,6.685918657131155
An Giang,2019-04-19,0
An Giang,2019-04-20,3.144950872817914
An Giang,2019-04-21,0.5454421203329508
An Giang,2019-04-22,0.029562934296128263
An Giang,2019-04-23,0.9626260221181022
An Giang,2019-04-24,0.01103114635766617
An Giang,2019-04-25,0.7668811378757763
An Giang,2019-04-26,0.41182660260343146
An Giang,2019-04-27,0.2235481204848715
An Giang,2019-04-28,10.794415739260687
An Giang,2019-04-29,0.020896249907990366
An Giang,2019-04-30,1.6706066445268062
An Giang,2019-05-01,0.17218157736091536
An Giang,2019-05-02,13.236223021476862
An Giang,2019-05-03,3.092235639918496
An Giang,2019-05-04,3.941373040157015
An Giang,2019-05-05,0
An Giang,2019-05-06,1.0273440841474963
An Giang,2019-05-07,3.8881935573248065
An Giang,2019-05-08,4.16101512516225
An Giang,2019-05-09,9.237769321109655
An Giang,2019-05-10,10.943034969762373
An Giang,2019-05-11,12.450388933547705
An Giang,2019-05-12,6.979193263263403
An Giang,2019-05-13,4.363319691330815
An Giang,2019-05-14,2.0432556105467223
An Giang,2019-05-15,6.713689222869105
An Giang,2019-05-16,2.2733515140411247
An Giang,2019-05-17,0
An Giang,2019-05-18,0.6591338025964193
An Giang,2019-05-19,4.178327989420178
An Giang,2019-05-20,8.158927458717594
An Giang,2019-05-21,10.764879258939715
An Giang,2019-05-22,14.961695913549026
An Giang,2019-05-23,0.6435822601296074
An Giang,2019-05-24,0.16619627367487172
An Giang,2019-05-25,11.253968119164563
An Giang,2019-05-26,6.3567019610664985
An Giang,2019-05-27,6.847232824991058
An Giang,2019-05-28,11.864907186633753
An Giang,2019-05-29,7.003808898057437
An Giang,2019-05-30,4.10678142422396
An Giang,2019-05-31,0.8904796468755835
An Giang,2019-06-01,0.024482338946043715
An Giang,2019-06-02,11.240087377102881
An Giang,2019-06-03,8.07862913820713
An Giang,2019-06-04,7.756058119880184
An Giang,2019-06-05,8.201546908623401
An Giang,2019-06-06,8.998350902986541
An Giang,2019-06-07,1.653725374879628
An Giang,2019-06-08,4.249630278583274
An Giang,2019-06-09,10.59393932830833
An Giang,2019-06-10,9.538995116488312
An Giang,2019-06-11,2.6686209425622893
An Giang,2019-06-12,4.676741637467879
An Giang,2019-06-13,6.823629896883644
An Giang,2019-06-14,2.5858500014147485
An Giang,2019-06-15,10.821863166535028
An Giang,2019-06-16,17.15101338627448
An Giang,2019-06-17,4.412881677722042
An Giang,2019-06-18,0
An Giang,2019-06-19,0
An Giang,2019-06-20,8.110157024574365
An Giang,2019-06-21,19.38619455866097
An Giang,2019-06-22,13.113781989393285
An Giang,2019-06-23,1.4272524391319221
An Giang,2019-06-24,1.5935435149409418
An Giang,2019-06-25,6.300445181000017
An Giang,2019-06-26,0
An Giang,2019-06-27,0
An Giang,2019-06-28,6.753503498310556
An Giang,2019-06-29,0.03249050930000286
An Giang,2019-06-30,9.717866331242515
An Giang,2019-07-01,12.487479711477452
An Giang,2019-07-02,17.5932184463253
An Giang,2019-07-03,4.2064748656421616
An Giang,2019-07-04,6.979540690725835
An Giang,2019-07-05,1.5102308421757764
An Giang,2019-07-06,0.3213256220890381
An Giang,2019-07-07,1.7514483230877054
An Giang,2019-07-08,0.0003267663220227116
An Giang,2019-07-09,0
An Giang,2019-07-10,0
An Giang,2019-07-11,0
An Giang,2019-07-12,1.5535548293220955
An Giang,2019-07-13,1.7582796126692344
An Giang,2019-07-14,7.782905737783581
An Giang,2019-07-15,9.424438017683016
An Giang,2019-07-16,8.780919147393554
An Giang,2019-07-17,9.359565198296767
An Giang,2019-07-18,0.4373226438505288
An Giang,2019-07-19,2.8541331389603153
An Giang,2019-07-20,2.1203313114506854
An Giang,2019-07-21,0
An Giang,2019-07-22,12.644264103073697
An Giang,2019-07-23,8.354529909668702
An Giang,2019-07-24,4.868660766573162
An Giang,2019-07-25,1.9051757278745043
An Giang,2019-07-26,6.975441691137132
An Giang,2019-07-27,10.405775497145152
An Giang,2019-07-28,14.856598635489206
An Giang,2019-07-29,7.0632108825576525
An Giang,2019-07-30,3.531619936306346
An Giang,2019-07-31,9.556009225202956
An Giang,2019-08-01,4.647408540775618
An Giang,2019-08-02,6.605970048536455
An Giang,2019-08-03,2.877339531512888
An Giang,2019-08-04,0
An Giang,2019-08-05,0.9641223517467842
An Giang,2019-08-06,11.613126969954836
An Giang,2019-08-07,0.46683308922933187
An Giang,2019-08-08,11.640712012241279
An Giang,2019-08-09,5.3164243343177455
An Giang,2019-08-10,4.9858266384391765
An Giang,2019-08-11,6.872147022069603
An Giang,2019-08-12,0.3861773316537518
An Giang,2019-08-13,0.6874694166159373
An Giang,2019-08-14,0.08275802733473643
An Giang,2019-08-15,0
An Giang,2019-08-16,0.01493751437489832
An Giang,2019-08-17,1.1721152583176073
An Giang,2019-08-18,0
An Giang,2019-08-19,0.07336520735370079
An Giang,2019-08-20,7.199433233084744
An Giang,2019-08-21,3.7814269535334812
An Giang,2019-08-22,1.2431115467768696
An Giang,2019-08-23,5.322109310898356
An Giang,2019-08-24,13.225185320759113
An Giang,2019-08-25,20.08824292932506
An Giang,2019-08-26,2.3778990310284605
An Giang,2019-08-27,0
An Giang,2019-08-28,12.99999985499113
An Giang,2019-08-29,21.064091763256563
An Giang,2019-08-30,14.010858601922362
An Giang,2019-08-31,0.0009142527504984109
An Giang,2019-09-01,9.125518324128787
An Giang,2019-09-02,8.329511072623793
An Giang,2019-09-03,3.5926998531747456
An Giang,2019-09-04,4.411089975367523
An Giang,2019-09-05,1.979988320723819
An Giang,2019-09-06,0
An Giang,2019-09-07,1.1421924826276302
An Giang,2019-09-08,7.058766479133033
An Giang,2019-09-09,1.056036695314452
An Giang,2019-09-10,0.8880257908457002
An Giang,2019-09-11,0.033809014663383256
An Giang,2019-09-12,2.78836468116481
An Giang,2019-09-13,26.00444385753592
An Giang,2019-09-14,3.6222939412237474
An Giang,2019-09-15,0.046523533894102735
An Giang,2019-09-16,9.305468061749444
An Giang,2019-09-17,11.744801876334604
An Giang,2019-09-18,14.911100649164478
An Giang,2019-09-19,0
An Giang,2019-09-20,1.1562376205284295
An Giang,2019-09-21,4.681716668263428
An Giang,2019-09-22,5.093150850003516
An Giang,2019-09-23,0.7685650321895252
An Giang,2019-09-24,0
An Giang,2019-09-25,8.708472284451707
An Giang,2019-09-26,9.360835375560512
An Giang,2019-09-27,2.3688485271868562
An Giang,2019-09-28,12.529645695108615
An Giang,2019-09-29,3.2062523034436277
An Giang,2019-09-30,7.522409221295036
An Giang,2019-10-01,6.223674341941908
An Giang,2019-10-02,12.456621200984008
An Giang,2019-10-03,18.95927840100874
An Giang,2019-10-04,9.10735719241458
An Giang,2019-10-05,10.333766429310208
An Giang,2019-10-06,8.360347315458112
An Giang,2019-10-07,1.557076035681404
An Giang,2019-10-08,0.6029043170941496
An Giang,2019-10-09,13.780351602036426
An Giang,2019-10-10,3.0661577207641857
An Giang,2019-10-11,1.336494304108768
An Giang,2019-10-12,5.384057850448107
An Giang,2019-10-13,6.673366126724451
An Giang,2019-10-14,0.0174343224417576
An Giang,2019-10-15,11.143687910124477
An Giang,2019-10-16,9.873231991158224
An Giang,2019-10-17,9.525494373366515
An Giang,2019-10-18,13.081956418529785
An Giang,2019-10-19,17.71269459316686
An Giang,2019-10-20,13.3251889175466
An Giang,2019-10-21,1.0900951270885064
An Giang,2019-10-22,5.556558040608219
An Giang,2019-10-23,1.5677174802766207
An Giang,2019-10-24,0
An Giang,2019-10-25,0.1439106704922949
An Giang,2019-10-26,1.3316592471164173
An Giang,2019-10-27,8.088464430310534
An Giang,2019-10-28,13.231760613805516
An Giang,2019-10-29,0.2674840512983248
An Giang,2019-10-30,7.082561693505593
An Giang,2019-10-31,11.265692358188252
An Giang,2019-11-01,3.524448236823001
An Giang,2019-11-02,6.867984359181387
An Giang,2019-11-03,15.639482166262914
An Giang,2019-11-04,5.814998561939563
An Giang,2019-11-05,4.236643240626271
An Giang,2019-11-06,10.532827975830754
An Giang,2019-11-07,2.937687036139425
An Giang,2019-11-08,2.7326311329455844
An Giang,2019-11-09,0.6522873104018653
An Giang,2019-11-10,32.06553368881578
An Giang,2019-11-11,0.5360135279428428
An Giang,2019-11-12,0.12852764218633453
An Giang,2019-11-13,1.2309178000390073
An Giang,2019-11-14,3.0320213862490046
An Giang,2019-11-15,0.05184714578753486
An Giang,2019-11-16,0
An Giang,2019-11-17,0
An Giang,2019-11-18,0.010053746859586727
An Giang,2019-11-19,0
An Giang,2019-11-20,0.09756886448914714
An Giang,2019-11-21,0
An Giang,2019-11-22,0
An Giang,2019-11-23,0
An Giang,2019-11-24,3.0604070546856827
An Giang,2019-11-25,1.1009498492656213
An Giang,2019-11-26,5.274135085213744
An Giang,2019-11-27,0.4443690822496526
An Giang,2019-11-28,0
An Giang,2019-11-29,0.04358945202413494
An Giang,2019-11-30,0
An Giang,2019-12-01,0.47627960290383553
An Giang,2019-12-02,0
An Giang,2019-12-03,0
An Giang,2019-12-04,0
An Giang,2019-12-05,0
An Giang,2019-12-06,0
An Giang,2019-12-07,0.03608911545921938
An Giang,2019-12-08,0
An Giang,2019-12-09,0
An Giang,2019-12-10,0
An Giang,2019-12-11,0
An Giang,2019-12-12,0.072656690097777
An Giang,2019-12-13,0.16709963490132923
An Giang,2019-12-14,0
An Giang,2019-12-15,0
An Giang,2019-12-16,1.0091895345300157
An Giang,2019-12-17,0
An Giang,2019-12-18,1.7664523226014464
An Giang,2019-12-19,0.911543924270873
An Giang,2019-12-20,0
An Giang,2019-12-21,0
An Giang,2019-12-22,0
An Giang,2019-12-23,0
An Giang,2019-12-24,0
An Giang,2019-12-25,0
An Giang,2019-12-26,0
An Giang,2019-12-27,0
An Giang,2019-12-28,0
An Giang,2019-12-29,0
An Giang,2019-12-30,0
An Giang,2019-12-31,1.3883131719447284
An Giang,2020-01-01,0
An Giang,2020-01-02,1.2871681568567717
An Giang,2020-01-03,0
An Giang,2020-01-04,0.00015993756781232564
An Giang,2020-01-05,0
An Giang,2020-01-06,0
An Giang,2020-01-07,0
An Giang,2020-01-08,0
An Giang,2020-01-09,0
An Giang,2020-01-10,0
An Giang,2020-01-11,0.24671153576773172
An Giang,2020-01-12,6.133094091025155
An Giang,2020-01-13,0
An Giang,2020-01-14,0
An Giang,2020-01-15,0
An Giang,2020-01-16,0
An Giang,2020-01-17,0
An Giang,2020-01-18,0
An Giang,2020-01-19,0
An Giang,2020-01-20,0.0690150581079796
An Giang,2020-01-21,0
An Giang,2020-01-22,0
An Giang,2020-01-23,0
An Giang,2020-01-24,0
An Giang,2020-01-25,0
An Giang,2020-01-26,0
An Giang,2020-01-27,0
An Giang,2020-01-28,0
An Giang,2020-01-29,0
An Giang,2020-01-30,0.18497394912317972
An Giang,2020-01-31,0
An Giang,2020-02-01,0
An Giang,2020-02-02,0
An Giang,2020-02-03,0
An Giang,2020-02-04,0
An Giang,2020-02-05,0
An Giang,2020-02-06,0
An Giang,2020-02-07,0
An Giang,2020-02-08,0
An Giang,2020-02-09,0
An Giang,2020-02-10,0
An Giang,2020-02-11,0.00023731059316506548
An Giang,2020-02-12,0
An Giang,2020-02-13,0
An Giang,2020-02-14,0
An Giang,2020-02-15,0
An Giang,2020-02-16,0
An Giang,2020-02-17,0.5337723655305251
An Giang,2020-02-18,0
An Giang,2020-02-19,0
An Giang,2020-02-20,0
An Giang,2020-02-21,0.5135543857084501
An Giang,2020-02-22,0
An Giang,2020-02-23,0
An Giang,2020-02-24,0
An Giang,2020-02-25,0
An Giang,2020-02-26,0
An Giang,2020-02-27,0
An Giang,2020-02-28,0
An Giang,2020-02-29,0
An Giang,2020-03-01,0
An Giang,2020-03-02,0
An Giang,2020-03-03,0
An Giang,2020-03-04,0
An Giang,2020-03-05,4.976451408875055
An Giang,2020-03-06,0
An Giang,2020-03-07,0
An Giang,2020-03-08,0
An Giang,2020-03-09,0.3143335091232997
An Giang,2020-03-10,0
An Giang,2020-03-11,6.089081866072042
An Giang,2020-03-12,0
An Giang,2020-03-13,0
An Giang,2020-03-14,0
An Giang,2020-03-15,0
An Giang,2020-03-16,0
An Giang,2020-03-17,0
An Giang,2020-03-18,0.015879537004383187
An Giang,2020-03-19,0
An Giang,2020-03-20,0
An Giang,2020-03-21,0
An Giang,2020-03-22,0.4935644388658806
An Giang,2020-03-23,0
An Giang,2020-03-24,0
An Giang,2020-03-25,0
An Giang,2020-03-26,0
An Giang,2020-03-27,0
An Giang,2020-03-28,4.602808358335457
An Giang,2020-03-29,0
An Giang,2020-03-30,0
An Giang,2020-03-31,0
An Giang,2020-04-01,0
An Giang,2020-04-02,0
An Giang,2020-04-03,0
An Giang,2020-04-04,0
An Giang,2020-04-05,0
An Giang,2020-04-06,0
An Giang,2020-04-07,0.12328463957510095
An Giang,2020-04-08,5.332361180545925
An Giang,2020-04-09,4.164614139256086
An Giang,2020-04-10,0.014446833430206443
An Giang,2020-04-11,3.091545563730387
An Giang,2020-04-12,21.472870376716887
An Giang,2020-04-13,17.928856249267348
An Giang,2020-04-14,2.2100315114983626
An Giang,2020-04-15,5.553829206227189
An Giang,2020-04-16,7.0663476892195645
An Giang,2020-04-17,11.453769939818969
An Giang,2020-04-18,0.904120797823069
An Giang,2020-04-19,0
An Giang,2020-04-20,0
An Giang,2020-04-21,0
An Giang,2020-04-22,0.15126239031328959
An Giang,2020-04-23,4.9725261103655685
An Giang,2020-04-24,8.319195967382917
An Giang,2020-04-25,2.7810306984571787
An Giang,2020-04-26,13.046066455256986
An Giang,2020-04-27,0.5343820762268905
An Giang,2020-04-28,0.928596164157746
An Giang,2020-04-29,0
An Giang,2020-04-30,0.10991462921897369
An Giang,2020-05-01,0
An Giang,2020-05-02,0
An Giang,2020-05-03,0
An Giang,2020-05-04,1.635699962535066
An Giang,2020-05-05,2.702773030790929
An Giang,2020-05-06,0.328684078313519
An Giang,2020-05-07,0.44709201892737416
An Giang,2020-05-08,0
An Giang,2020-05-09,0
An Giang,2020-05-10,0
An Giang,2020-05-11,0.45497840683580015
An Giang,2020-05-12,0
An Giang,2020-05-13,0
An Giang,2020-05-14,2.2549425938581407
An Giang,2020-05-15,1.2615426378211512
An Giang,2020-05-16,0.26895437000776223
An Giang,2020-05-17,4.505953079144133
An Giang,2020-05-18,0.5167698072997803
An Giang,2020-05-19,1.6719704383942555
An Giang,2020-05-20,10.50188906997441
An Giang,2020-05-21,4.9734729522823455
An Giang,2020-05-22,5.6724761184932015
An Giang,2020-05-23,14.462198429145497
An Giang,2020-05-24,11.313386167789469
An Giang,2020-05-25,2.651538194642974
An Giang,2020-05-26,0
An Giang,2020-05-27,7.572157834699078
An Giang,2020-05-28,6.171950895332873
An Giang,2020-05-29,6.687188775540111
An Giang,2020-05-30,3.7222431605203545
An Giang,2020-05-31,3.4328215043447527
An Giang,2020-06-01,9.527904978110193
An Giang,2020-06-02,2.734787450644437
An Giang,2020-06-03,1.2218777087108372
An Giang,2020-06-04,2.6546759897317105
An Giang,2020-06-05,3.826250687535098
An Giang,2020-06-06,0.683284956628342
An Giang,2020-06-07,0.4388834751096396
An Giang,2020-06-08,0
An Giang,2020-06-09,6.8427838034899695
An Giang,2020-06-10,14.634086606710031
An Giang,2020-06-11,3.611810799562078
An Giang,2020-06-12,4.128858657066962
An Giang,2020-06-13,25.55857319890541
An Giang,2020-06-14,17.19603570191765
An Giang,2020-06-15,11.059456268879384
An Giang,2020-06-16,5.826327551591237
An Giang,2020-06-17,9.906925204655137
An Giang,2020-06-18,2.5828562101436634
An Giang,2020-06-19,5.339387605777399
An Giang,2020-06-20,11.639822499996859
An Giang,2020-06-21,7.232855124955941
An Giang,2020-06-22,3.6360189029711325
An Giang,2020-06-23,1.5159200137877429
An Giang,2020-06-24,6.0989626288929015
An Giang,2020-06-25,4.2995941092183285
An Giang,2020-06-26,3.653398590431496
An Giang,2020-06-27,7.176898692440211
An Giang,2020-06-28,5.938942786821466
An Giang,2020-06-29,8.503989979154673
An Giang,2020-06-30,7.824482169542719
An Giang,2020-07-01,0.1738091503845344
An Giang,2020-07-02,15.714409424242007
An Giang,2020-07-03,0.48235855629738034
An Giang,2020-07-04,0
An Giang,2020-07-05,9.868336802218472
An Giang,2020-07-06,7.23494241329178
An Giang,2020-07-07,0.09159076506976921
An Giang,2020-07-08,5.060205602692517
An Giang,2020-07-09,0
An Giang,2020-07-10,7.084755913160439
An Giang,2020-07-11,5.655489505090405
An Giang,2020-07-12,11.351301967244176
An Giang,2020-07-13,1.8704060142112744
An Giang,2020-07-14,11.277245954809938
An Giang,2020-07-15,2.3681581744427835
An Giang,2020-07-16,5.134206325318623
An Giang,2020-07-17,3.6357583531905013
An Giang,2020-07-18,2.9909897651814368
An Giang,2020-07-19,3.036717309523053
An Giang,2020-07-20,4.0025803521641965
An Giang,2020-07-21,1.5825588085779472
An Giang,2020-07-22,2.7623045177261205
An Giang,2020-07-23,8.612983259776263
An Giang,2020-07-24,6.527753250406438
An Giang,2020-07-25,1.9695897225507253
An Giang,2020-07-26,6.250641276589378
An Giang,2020-07-27,5.679671945518259
An Giang,2020-07-28,6.8826206640824985
An Giang,2020-07-29,11.143312962065638
An Giang,2020-07-30,15.032101492465477
An Giang,2020-07-31,6.586368603242905
An Giang,2020-08-01,10.178829827043177
An Giang,2020-08-02,12.05239603438656
An Giang,2020-08-03,10.061082870309885
An Giang,2020-08-04,0
An Giang,2020-08-05,8.904434312029002
An Giang,2020-08-06,18.361578995969715
An Giang,2020-08-07,1.6584283350550717
An Giang,2020-08-08,0.10977956747466498
An Giang,2020-08-09,3.4527212755124834
An Giang,2020-08-10,5.554796719439012
An Giang,2020-08-11,0.44475634240962897
An Giang,2020-08-12,4.249229097594366
An Giang,2020-08-13,2.554937841182681
An Giang,2020-08-14,7.859997967165828
An Giang,2020-08-15,0
An Giang,2020-08-16,6.854281464539847
An Giang,2020-08-17,2.112842228433163
An Giang,2020-08-18,4.65184425731115
An Giang,2020-08-19,3.7999009847951943
An Giang,2020-08-20,1.0822275431879191
An Giang,2020-08-21,0
An Giang,2020-08-22,0.4585807820725331
An Giang,2020-08-23,1.2722695988325814
An Giang,2020-08-24,3.164586442924531
An Giang,2020-08-25,0.18751664138749166
An Giang,2020-08-26,0.1453374602712179
An Giang,2020-08-27,4.981992684255923
An Giang,2020-08-28,3.2746859292499693
An Giang,2020-08-29,0.8286104291799752
An Giang,2020-08-30,5.793568729288639
An Giang,2020-08-31,5.1819114408696985
An Giang,2020-09-01,8.265143239277554
An Giang,2020-09-02,17.35579211760535
An Giang,2020-09-03,0.22472676954084647
An Giang,2020-09-04,5.009126762713737
An Giang,2020-09-05,3.398900457423973
An Giang,2020-09-06,11.19880971490593
An Giang,2020-09-07,0
An Giang,2020-09-08,0.024171906405355804
An Giang,2020-09-09,13.639265856146729
An Giang,2020-09-10,9.499650051213958
An Giang,2020-09-11,4.926148242361956
An Giang,2020-09-12,11.796656365790149
An Giang,2020-09-13,10.342731061987301
An Giang,2020-09-14,15.417497030286732
An Giang,2020-09-15,1.1194733727565553
An Giang,2020-09-16,13.756858315302125
An Giang,2020-09-17,17.34696074044922
An Giang,2020-09-18,26.01706757053255
An Giang,2020-09-19,10.718228871584667
An Giang,2020-09-20,3.6121400428576895
An Giang,2020-09-21,0.16993531923470534
An Giang,2020-09-22,17.585551901355736
An Giang,2020-09-23,4.407325033927368
An Giang,2020-09-24,6.931736597803511
An Giang,2020-09-25,13.204998240478528
An Giang,2020-09-26,15.123586174845935
An Giang,2020-09-27,29.622233921738545
An Giang,2020-09-28,1.3295327667451091
An Giang,2020-09-29,11.295600646443201
An Giang,2020-09-30,1.2675782709417374
An Giang,2020-10-01,10.055551481782054
An Giang,2020-10-02,11.819384716297105
An Giang,2020-10-03,2.861981701398062
An Giang,2020-10-04,12.99084460551015
An Giang,2020-10-05,13.818023580916984
An Giang,2020-10-06,3.4045019947380886
An Giang,2020-10-07,5.112492088247594
An Giang,2020-10-08,20.995580988293334
An Giang,2020-10-09,20.766707605859924
An Giang,2020-10-10,16.793553656677634
An Giang,2020-10-11,29.691068084337832
An Giang,2020-10-12,12.565774576860198
An Giang,2020-10-13,11.822094873323085
An Giang,2020-10-14,34.830106224692535
An Giang,2020-10-15,18.241147109057245
An Giang,2020-10-16,11.686006352619202
An Giang,2020-10-17,27.468399596065936
An Giang,2020-10-18,7.870272623107272
An Giang,2020-10-19,9.341167996507124
An Giang,2020-10-20,7.612995408803966
An Giang,2020-10-21,15.941334876849483
An Giang,2020-10-22,0
An Giang,2020-10-23,0
An Giang,2020-10-24,0.08957163236732214
An Giang,2020-10-25,2.739047326073259
An Giang,2020-10-26,2.680181459817206
An Giang,2020-10-27,2.916426347140511
An Giang,2020-10-28,11.032366632595725
An Giang,2020-10-29,4.74656937428312
An Giang,2020-10-30,12.644739654994902
An Giang,2020-10-31,27.3606116715402
An Giang,2020-11-01,14.298028243163632
An Giang,2020-11-02,0.0169370683791783
An Giang,2020-11-03,0
An Giang,2020-11-04,0
An Giang,2020-11-05,0
An Giang,2020-11-06,7.257722814863791
An Giang,2020-11-07,8.032044849249862
An Giang,2020-11-08,0
An Giang,2020-11-09,2.7827377030665663
An Giang,2020-11-10,0.29684715606827927
An Giang,2020-11-11,0
An Giang,2020-11-12,5.654391044605504
An Giang,2020-11-13,0
An Giang,2020-11-14,0
An Giang,2020-11-15,0
An Giang,2020-11-16,0.12268055710679689
An Giang,2020-11-17,0
An Giang,2020-11-18,0.9465080414427832
An Giang,2020-11-19,0.44090476089322883
An Giang,2020-11-20,14.099928651714897
An Giang,2020-11-21,5.598346942715503
An Giang,2020-11-22,0.008218922654050258
An Giang,2020-11-23,5.94462991459157
An Giang,2020-11-24,0
An Giang,2020-11-25,1.5176686699538178
An Giang,2020-11-26,7.048748937420289
An Giang,2020-11-27,1.0027269612504512
An Giang,2020-11-28,4.009047950262855
An Giang,2020-11-29,6.866709906131816
An Giang,2020-11-30,12.765721274786557
An Giang,2020-12-01,6.565994053603715
An Giang,2020-12-02,0.0414305668150838
An Giang,2020-12-03,0
An Giang,2020-12-04,0
An Giang,2020-12-05,0
An Giang,2020-12-06,0
An Giang,2020-12-07,0.02961160831388836
An Giang,2020-12-08,0.015267362268230876
An Giang,2020-12-09,0
An Giang,2020-12-10,0.6926989751074544
An Giang,2020-12-11,0.0451500563570602
An Giang,2020-12-12,8.28951062069857
An Giang,2020-12-13,3.8698591006805296
An Giang,2020-12-14,1.5676949241156615
An Giang,2020-12-15,3.961049937872809
An Giang,2020-12-16,5.531560654847889
An Giang,2020-12-17,0
An Giang,2020-12-18,0.056696969264389885
An Giang,2020-12-19,10.831010975747137
An Giang,2020-12-20,1.7681452893525418
An Giang,2020-12-21,0
An Giang,2020-12-22,11.914833154191957
An Giang,2020-12-23,7.4113529787741745
An Giang,2020-12-24,0
An Giang,2020-12-25,0.167726251841453
An Giang,2020-12-26,0
An Giang,2020-12-27,0.050766395153346446
An Giang,2020-12-28,0
An Giang,2020-12-29,0.017941261398317084
An Giang,2020-12-30,0.02952900488337812
An Giang,2020-12-31,0.06890994075542914
An Giang,2021-01-01,0
An Giang,2021-01-02,0
An Giang,2021-01-03,1.9065404531764807
An Giang,2021-01-04,0
An Giang,2021-01-05,0.04437824175726624
An Giang,2021-01-06,0.3802610463986975
An Giang,2021-01-07,0.201550121560413
An Giang,2021-01-08,4.867311387811215
An Giang,2021-01-09,0
An Giang,2021-01-10,0.13594418996521151
An Giang,2021-01-11,0.0005480724097146866
An Giang,2021-01-12,0.03290684920298199
An Giang,2021-01-13,0
An Giang,2021-01-14,0.01603612727005676
An Giang,2021-01-15,0
An Giang,2021-01-16,0.0016252844760499758
An Giang,2021-01-17,0
An Giang,2021-01-18,0
An Giang,2021-01-19,0.012330178556547725
An Giang,2021-01-20,0.4378605951249811
An Giang,2021-01-21,0.5994524187236181
An Giang,2021-01-22,0
An Giang,2021-01-23,0
An Giang,2021-01-24,0
An Giang,2021-01-25,0
An Giang,2021-01-26,0
An Giang,2021-01-27,0
An Giang,2021-01-28,0.019951636106544313
An Giang,2021-01-29,0
An Giang,2021-01-30,0
An Giang,2021-01-31,0
An Giang,2021-02-01,0
An Giang,2021-02-02,0
An Giang,2021-02-03,0
An Giang,2021-02-04,0
An Giang,2021-02-05,0
An Giang,2021-02-06,0
An Giang,2021-02-07,0
An Giang,2021-02-08,0
An Giang,2021-02-09,0
An Giang,2021-02-10,0.7114797941262354
An Giang,2021-02-11,0.3210221314350554
An Giang,2021-02-12,0
An Giang,2021-02-13,0
An Giang,2021-02-14,0
An Giang,2021-02-15,0
An Giang,2021-02-16,0.8606531931240169
An Giang,2021-02-17,0
An Giang,2021-02-18,0
An Giang,2021-02-19,0
An Giang,2021-02-20,0
An Giang,2021-02-21,0
An Giang,2021-02-22,1.0610054001692721
An Giang,2021-02-23,0
An Giang,2021-02-24,0
An Giang,2021-02-25,4.132271920844652
An Giang,2021-02-26,0
An Giang,2021-02-27,0
An Giang,2021-02-28,4.252779093209263
An Giang,2021-03-01,0.2585463562863736
An Giang,2021-03-02,0
An Giang,2021-03-03,0
An Giang,2021-03-04,0
An Giang,2021-03-05,0
An Giang,2021-03-06,0
An Giang,2021-03-07,0
An Giang,2021-03-08,0
An Giang,2021-03-09,1.7659572904771965
An Giang,2021-03-10,0.09709363017001754
An Giang,2021-03-11,0.08966738678296518
An Giang,2021-03-12,0
An Giang,2021-03-13,0.8955411297456857
An Giang,2021-03-14,0.48285969088259767
An Giang,2021-03-15,0.08690440437409766
An Giang,2021-03-16,0
An Giang,2021-03-17,0
An Giang,2021-03-18,0
An Giang,2021-03-19,0
An Giang,2021-03-20,0
An Giang,2021-03-21,0.08836325985502427
An Giang,2021-03-22,0
An Giang,2021-03-23,0.45018725012597915
An Giang,2021-03-24,0.1316803305109496
An Giang,2021-03-25,0
An Giang,2021-03-26,3.3595562497387146
An Giang,2021-03-27,2.841470157225889
An Giang,2021-03-28,0
An Giang,2021-03-29,0
An Giang,2021-03-30,0
An Giang,2021-03-31,0
An Giang,2021-04-01,0
An Giang,2021-04-02,10.810496220034015
An Giang,2021-04-03,1.9487626339901238
An Giang,2021-04-04,3.2686990146011428
An Giang,2021-04-05,0.17068747241571602
An Giang,2021-04-06,0
An Giang,2021-04-07,0
An Giang,2021-04-08,0.009326449231674134
An Giang,2021-04-09,10.288456507980465
An Giang,2021-04-10,0.5134077228528209
An Giang,2021-04-11,0
An Giang,2021-04-12,0
An Giang,2021-04-13,0
An Giang,2021-04-14,0.4005035638478814
An Giang,2021-04-15,16.70316618086089
An Giang,2021-04-16,8.831406668392571
An Giang,2021-04-17,11.596014453953863
An Giang,2021-04-18,11.52005014817838
An Giang,2021-04-19,15.03505296372617
An Giang,2021-04-20,0.40584399815930894
An Giang,2021-04-21,19.107548056920347
An Giang,2021-04-22,43.3384179445245
An Giang,2021-04-23,2.049437999220039
An Giang,2021-04-24,1.3787559049011517
An Giang,2021-04-25,9.10863689601096
An Giang,2021-04-26,2.847177366768184
An Giang,2021-04-27,8.410456358905435
An Giang,2021-04-28,7.9208104359411395
An Giang,2021-04-29,1.8030836983899352
An Giang,2021-04-30,1.4900329594793125
An Giang,2021-05-01,3.559493356540345
An Giang,2021-05-02,0
An Giang,2021-05-03,0
An Giang,2021-05-04,1.7223740823663476
An Giang,2021-05-05,1.2262067629021705
An Giang,2021-05-06,7.187448937365001
An Giang,2021-05-07,8.27434579353632
An Giang,2021-05-08,6.053223776447416
An Giang,2021-05-09,2.9817764168442786
An Giang,2021-05-10,1.0176756027888056
An Giang,2021-05-11,0
An Giang,2021-05-12,1.3041291658545924
An Giang,2021-05-13,1.0185338179870742
An Giang,2021-05-14,2.789844096777468
An Giang,2021-05-15,9.491332491367398
An Giang,2021-05-16,6.375042066241632
An Giang,2021-05-17,27.90546919371004
An Giang,2021-05-18,16.369609601309204
An Giang,2021-05-19,9.644826635764908
An Giang,2021-05-20,1.6732481332964517
An Giang,2021-05-21,17.33699441097989
An Giang,2021-05-22,7.92180508561579
An Giang,2021-05-23,15.185628282581048
An Giang,2021-05-24,20.87777152309061
An Giang,2021-05-25,15.999740996587642
An Giang,2021-05-26,3.1885189338212774
An Giang,2021-05-27,13.568555054598402
An Giang,2021-05-28,0
An Giang,2021-05-29,7.836595201921165
An Giang,2021-05-30,0
An Giang,2021-05-31,0
An Giang,2021-06-01,2.9796640695127703
An Giang,2021-06-02,9.038353346892093
An Giang,2021-06-03,0.12204186872234517
An Giang,2021-06-04,0
An Giang,2021-06-05,8.525127898751785
An Giang,2021-06-06,16.933661576189095
An Giang,2021-06-07,2.766162576233081
An Giang,2021-06-08,11.1118942396837
An Giang,2021-06-09,5.749515653514923
An Giang,2021-06-10,1.1186987165814815
An Giang,2021-06-11,14.014149964803183
An Giang,2021-06-12,0.7946554755262779
An Giang,2021-06-13,2.45233719362447
An Giang,2021-06-14,5.427044831413719
An Giang,2021-06-15,11.230857321973934
An Giang,2021-06-16,0.09451242491262385
An Giang,2021-06-17,5.809515478435885
An Giang,2021-06-18,0
An Giang,2021-06-19,0.8416355886566372
An Giang,2021-06-20,7.218574000315746
An Giang,2021-06-21,0
An Giang,2021-06-22,5.161196853526113
An Giang,2021-06-23,2.1462783165004975
An Giang,2021-06-24,0.380642942710729
An Giang,2021-06-25,2.693871041884504
An Giang,2021-06-26,0.1954511689501016
An Giang,2021-06-27,0
An Giang,2021-06-28,0.02302362897281228
An Giang,2021-06-29,3.5235966162147387
An Giang,2021-06-30,1.568737460984337
An Giang,2021-07-01,2.3982912318698677
An Giang,2021-07-02,0.32897742092002075
An Giang,2021-07-03,5.522644581686032
An Giang,2021-07-04,7.255375410821636
An Giang,2021-07-05,8.900955554593782
An Giang,2021-07-06,15.632233218738856
An Giang,2021-07-07,11.081924878322981
An Giang,2021-07-08,4.092868999719288
An Giang,2021-07-09,9.631492188024582
An Giang,2021-07-10,7.4479387789236675
An Giang,2021-07-11,3.11776415252188
An Giang,2021-07-12,8.758813684985542
An Giang,2021-07-13,21.470348800384716
An Giang,2021-07-14,18.42533980500869
An Giang,2021-07-15,14.645458459679212
An Giang,2021-07-16,0.24814741271308455
An Giang,2021-07-17,10.83357237102033
An Giang,2021-07-18,7.9426566789588335
An Giang,2021-07-19,0.7167525264622966
An Giang,2021-07-20,0.3710313908863278
An Giang,2021-07-21,7.1010237830075775
An Giang,2021-07-22,9.20364164450964
An Giang,2021-07-23,9.928842832539242
An Giang,2021-07-24,5.461250841385987
An Giang,2021-07-25,0.42505850109254467
An Giang,2021-07-26,0
An Giang,2021-07-27,1.5910743933975853
An Giang,2021-07-28,5.445985883894626
An Giang,2021-07-29,10.587155639297675
An Giang,2021-07-30,0.08901919012072552
An Giang,2021-07-31,1.8317886785725856
An Giang,2021-08-01,3.5508472082799725
An Giang,2021-08-02,0.04417541372164809
An Giang,2021-08-03,4.049134838863861
An Giang,2021-08-04,1.3172667774043612
An Giang,2021-08-05,0.9973596540173829
An Giang,2021-08-06,0
An Giang,2021-08-07,0.7105136593538104
An Giang,2021-08-08,0.16190484533218463
An Giang,2021-08-09,3.1561086624500407
An Giang,2021-08-10,3.681756520829725
An Giang,2021-08-11,4.688205011343854
An Giang,2021-08-12,0.5880377919078634
An Giang,2021-08-13,6.3073641377434955
An Giang,2021-08-14,4.28818653881966
An Giang,2021-08-15,16.8057554225975
An Giang,2021-08-16,3.0512205068758607
An Giang,2021-08-17,4.899801360366559
An Giang,2021-08-18,0.2625322379104029
An Giang,2021-08-19,1.607185447228666
An Giang,2021-08-20,6.274121369919861
An Giang,2021-08-21,2.5053266230586484
An Giang,2021-08-22,7.804604067224696
An Giang,2021-08-23,12.98075073729247
An Giang,2021-08-24,14.487342393745193
An Giang,2021-08-25,10.769391103273202
An Giang,2021-08-26,0.497432346101449
An Giang,2021-08-27,3.2494332981936247
An Giang,2021-08-28,8.91179709645311
An Giang,2021-08-29,9.168182199870625
An Giang,2021-08-30,12.942169399179589
An Giang,2021-08-31,8.10301792605093
An Giang,2021-09-01,16.858376197528855
An Giang,2021-09-02,12.499731405349545
An Giang,2021-09-03,13.464580971472412
An Giang,2021-09-04,4.35265882386496
An Giang,2021-09-05,14.201448475391718
An Giang,2021-09-06,2.980453193296224
An Giang,2021-09-07,15.520323482359291
An Giang,2021-09-08,1.4937564973367592
An Giang,2021-09-09,1.1372767177881131
An Giang,2021-09-10,11.744556503458112
An Giang,2021-09-11,5.162305752589639
An Giang,2021-09-12,1.4866864401513595
An Giang,2021-09-13,11.485145089315553
An Giang,2021-09-14,13.647763454560705
An Giang,2021-09-15,0
An Giang,2021-09-16,7.217696119805274
An Giang,2021-09-17,4.733893569706541
An Giang,2021-09-18,9.792624807926572
An Giang,2021-09-19,5.091592743782667
An Giang,2021-09-20,0.22691984552762215
An Giang,2021-09-21,0.7583366648430404
An Giang,2021-09-22,4.359561684111992
An Giang,2021-09-23,4.499769142573673
An Giang,2021-09-24,15.749031926841704
An Giang,2021-09-25,9.138859711039816
An Giang,2021-09-26,5.796406298614249
An Giang,2021-09-27,1.3629696074540896
An Giang,2021-09-28,8.09290218722531
An Giang,2021-09-29,7.764616713324202
An Giang,2021-09-30,10.246051553940962
An Giang,2021-10-01,11.764188462339193
An Giang,2021-10-02,9.539607426674705
An Giang,2021-10-03,3.8981370118326217
An Giang,2021-10-04,17.47614862527373
An Giang,2021-10-05,18.37185211817544
An Giang,2021-10-06,16.4091279645512
An Giang,2021-10-07,23.29217745387559
An Giang,2021-10-08,8.249681828122611
An Giang,2021-10-09,15.142054127839664
An Giang,2021-10-10,6.893195982676169
An Giang,2021-10-11,18.01171212149318
An Giang,2021-10-12,0
An Giang,2021-10-13,16.347296013293228
An Giang,2021-10-14,2.526318572900303
An Giang,2021-10-15,12.246265158453602
An Giang,2021-10-16,5.126592790918841
An Giang,2021-10-17,0.7269971814067604
An Giang,2021-10-18,3.113877632499852
An Giang,2021-10-19,0.13537141679664752
An Giang,2021-10-20,15.321595387468784
An Giang,2021-10-21,8.86899349096919
An Giang,2021-10-22,11.13173472878402
An Giang,2021-10-23,7.454282630116019
An Giang,2021-10-24,9.156001323338932
An Giang,2021-10-25,3.045868879212822
An Giang,2021-10-26,9.100145533289385
An Giang,2021-10-27,0.8025499523111949
An Giang,2021-10-28,1.6496407944161753
An Giang,2021-10-29,10.068131885648285
An Giang,2021-10-30,8.99603377135361
An Giang,2021-10-31,4.0759807481579955
An Giang,2021-11-01,2.6487991213264053
An Giang,2021-11-02,0.025682872201302664
An Giang,2021-11-03,9.359031115103503
An Giang,2021-11-04,1.2441969374627213
An Giang,2021-11-05,2.794980606818864
An Giang,2021-11-06,6.818309005290254
An Giang,2021-11-07,5.104066655431317
An Giang,2021-11-08,1.819849825811053
An Giang,2021-11-09,14.109215971108664
An Giang,2021-11-10,16.925382974805146
An Giang,2021-11-11,18.94138993777176
An Giang,2021-11-12,1.8151668433608221
An Giang,2021-11-13,9.52083525058935
An Giang,2021-11-14,7.470776731694608
An Giang,2021-11-15,12.215366957113345
An Giang,2021-11-16,12.990232985081164
An Giang,2021-11-17,12.2128949832214
An Giang,2021-11-18,7.939508116686112
An Giang,2021-11-19,0.1393263537388238
An Giang,2021-11-20,12.578140829612492
An Giang,2021-11-21,0.7990952543184504
An Giang,2021-11-22,11.562822747145661
An Giang,2021-11-23,5.027984704258189
An Giang,2021-11-24,12.79960949060804
An Giang,2021-11-25,0.7852234933420558
An Giang,2021-11-26,0
An Giang,2021-11-27,3.8428858245575137
An Giang,2021-11-28,9.071123758774746
An Giang,2021-11-29,14.347138215318875
An Giang,2021-11-30,15.868156229338979
An Giang,2021-12-01,3.030496197343084
An Giang,2021-12-02,4.6733807635444
An Giang,2021-12-03,0.06659927652688258
An Giang,2021-12-04,1.1546164169080377
An Giang,2021-12-05,0
An Giang,2021-12-06,0
An Giang,2021-12-07,1.0846534515954105
An Giang,2021-12-08,0
An Giang,2021-12-09,0
An Giang,2021-12-10,0
An Giang,2021-12-11,0
An Giang,2021-12-12,0
An Giang,2021-12-13,0.0862677936738196
An Giang,2021-12-14,0
An Giang,2021-12-15,0
An Giang,2021-12-16,0
An Giang,2021-12-17,0.041762513718948256
An Giang,2021-12-18,0
An Giang,2021-12-19,0.020120170017113175
An Giang,2021-12-20,0
An Giang,2021-12-21,0
An Giang,2021-12-22,7.851057426464917
An Giang,2021-12-23,1.0138922775484565
An Giang,2021-12-24,4.115559186112169
An Giang,2021-12-25,0
An Giang,2021-12-26,0
An Giang,2021-12-27,0
An Giang,2021-12-28,0.19378216515137273
An Giang,2021-12-29,0
An Giang,2021-12-30,0
An Giang,2021-12-31,0
An Giang,2022-01-01,0
An Giang,2022-01-02,0
An Giang,2022-01-03,0.2729954770008928
An Giang,2022-01-04,0
An Giang,2022-01-05,0.43726104920776504
An Giang,2022-01-06,0
An Giang,2022-01-07,0
An Giang,2022-01-08,0
An Giang,2022-01-09,0
An Giang,2022-01-10,0
An Giang,2022-01-11,0.15575974088575067
An Giang,2022-01-12,0
An Giang,2022-01-13,0.37785256755023894
An Giang,2022-01-14,0
An Giang,2022-01-15,0.00576215154680322
An Giang,2022-01-16,0
An Giang,2022-01-17,0
An Giang,2022-01-18,0
An Giang,2022-01-19,0
An Giang,2022-01-20,0.007666478587068869
An Giang,2022-01-21,0
An Giang,2022-01-22,0
An Giang,2022-01-23,0
An Giang,2022-01-24,0
An Giang,2022-01-25,0.3174160644256158
An Giang,2022-01-26,0
An Giang,2022-01-27,0
An Giang,2022-01-28,0
An Giang,2022-01-29,0
An Giang,2022-01-30,1.8218819679288965
An Giang,2022-01-31,0
An Giang,2022-02-01,0.04573391516681624
An Giang,2022-02-02,0
An Giang,2022-02-03,0
An Giang,2022-02-04,0.009845319922889045
An Giang,2022-02-05,0
An Giang,2022-02-06,0
An Giang,2022-02-07,0
An Giang,2022-02-08,0.0033712152443194365
An Giang,2022-02-09,0
An Giang,2022-02-10,1.828679448100072
An Giang,2022-02-11,0.07044238054379527
An Giang,2022-02-12,0.13386873516366457
An Giang,2022-02-13,0
An Giang,2022-02-14,0.010558428998985027
An Giang,2022-02-15,0
An Giang,2022-02-16,0
An Giang,2022-02-17,0
An Giang,2022-02-18,0
An Giang,2022-02-19,0
An Giang,2022-02-20,0.46997187263152
An Giang,2022-02-21,0.39926412550420876
An Giang,2022-02-22,0.6045913654050951
An Giang,2022-02-23,9.219560327994525
An Giang,2022-02-24,2.005247232321407
An Giang,2022-02-25,4.552786377679103
An Giang,2022-02-26,0.060211586954800764
An Giang,2022-02-27,0
An Giang,2022-02-28,0.013498290746078489
An Giang,2022-03-01,0
An Giang,2022-03-02,0.03981497315412318
An Giang,2022-03-03,0.031759467807874774
An Giang,2022-03-04,0
An Giang,2022-03-05,1.0364120957955254
An Giang,2022-03-06,0
An Giang,2022-03-07,0.5951274818847144
An Giang,2022-03-08,0
An Giang,2022-03-09,0
An Giang,2022-03-10,0
An Giang,2022-03-11,0
An Giang,2022-03-12,0.05886967966090958
An Giang,2022-03-13,0
An Giang,2022-03-14,0
An Giang,2022-03-15,0
An Giang,2022-03-16,0
An Giang,2022-03-17,0
An Giang,2022-03-18,8.735309561222131
An Giang,2022-03-19,15.101328504463549
An Giang,2022-03-20,0.7913267447262216
An Giang,2022-03-21,3.3351211202496702
An Giang,2022-03-22,16.173347798637103
An Giang,2022-03-23,0.3522710135115024
An Giang,2022-03-24,0
An Giang,2022-03-25,0
An Giang,2022-03-26,0
An Giang,2022-03-27,5.9406816431987775
An Giang,2022-03-28,20.799398075862797
An Giang,2022-03-29,4.594656901557401
An Giang,2022-03-30,14.390379817907608
An Giang,2022-03-31,30.1548513580858
An Giang,2022-04-01,11.046657779846907
An Giang,2022-04-02,17.442730305658248
An Giang,2022-04-03,2.7397489899109098
An Giang,2022-04-04,0.2906655900663575
An Giang,2022-04-05,10.924370343421547
An Giang,2022-04-06,2.568428294249171
An Giang,2022-04-07,0.9709943979261906
An Giang,2022-04-08,2.0831172569217262
An Giang,2022-04-09,0
An Giang,2022-04-10,0
An Giang,2022-04-11,3.361184907549701
An Giang,2022-04-12,0.057003429602420934
An Giang,2022-04-13,0
An Giang,2022-04-14,8.471781875842112
An Giang,2022-04-15,12.749902713520026
An Giang,2022-04-16,26.45191129534101
An Giang,2022-04-17,2.639732207849784
An Giang,2022-04-18,0.3892916640849767
An Giang,2022-04-19,6.306208180276036
An Giang,2022-04-20,1.0704440216724922
An Giang,2022-04-21,2.5983104499673018
An Giang,2022-04-22,0
An Giang,2022-04-23,3.6113223738862485
An Giang,2022-04-24,6.70496121177925
An Giang,2022-04-25,1.1375159013045566
An Giang,2022-04-26,1.251304881746275
An Giang,2022-04-27,0.48003846658454213
An Giang,2022-04-28,5.839679440101185
An Giang,2022-04-29,17.82516318233305
An Giang,2022-04-30,6.842228294244857
An Giang,2022-05-01,5.571701279775645
An Giang,2022-05-02,8.352558232525025
An Giang,2022-05-03,14.138389613056164
An Giang,2022-05-04,3.033442970009286
An Giang,2022-05-05,0.5828124212155611
An Giang,2022-05-06,1.471176071788644
An Giang,2022-05-07,1.7144760023014498
An Giang,2022-05-08,5.5504194598118515
An Giang,2022-05-09,7.99607376688489
An Giang,2022-05-10,4.777506055933748
An Giang,2022-05-11,1.950423007383523
An Giang,2022-05-12,1.5679215898955086
An Giang,2022-05-13,1.5565458571324902
An Giang,2022-05-14,0.4290241873096202
An Giang,2022-05-15,4.514846641201172
An Giang,2022-05-16,14.396617113700124
An Giang,2022-05-17,5.103789174951579
An Giang,2022-05-18,7.00796784386895
An Giang,2022-05-19,1.7923209720392137
An Giang,2022-05-20,0.5306253697345286
An Giang,2022-05-21,9.227410860969632
An Giang,2022-05-22,9.92514076337339
An Giang,2022-05-23,1.9738568554649343
An Giang,2022-05-24,0.03967420510603345
An Giang,2022-05-25,0
An Giang,2022-05-26,8.640693229524166
An Giang,2022-05-27,9.834168102224083
An Giang,2022-05-28,3.7022139110588004
An Giang,2022-05-29,6.0907742967684095
An Giang,2022-05-30,8.987639078591089
An Giang,2022-05-31,2.719013610709035
An Giang,2022-06-01,2.7913252809101277
An Giang,2022-06-02,9.205378460540098
An Giang,2022-06-03,10.401488553777071
An Giang,2022-06-04,2.583263065556944
An Giang,2022-06-05,0.020771896418380308
An Giang,2022-06-06,3.543418217595432
An Giang,2022-06-07,0.6018381967747451
An Giang,2022-06-08,0.0013962207182436515
An Giang,2022-06-09,4.522380038091346
An Giang,2022-06-10,5.456059131642267
An Giang,2022-06-11,6.023288930294563
An Giang,2022-06-12,8.4613403566952
An Giang,2022-06-13,0.7815697128557723
An Giang,2022-06-14,0
An Giang,2022-06-15,2.088424964543611
An Giang,2022-06-16,4.296878111082922
An Giang,2022-06-17,4.990219485444569
An Giang,2022-06-18,3.7215533251607296
An Giang,2022-06-19,5.069419090156306
An Giang,2022-06-20,5.050010953231847
An Giang,2022-06-21,4.776976878036089
An Giang,2022-06-22,6.119990790042201
An Giang,2022-06-23,8.077033308223934
An Giang,2022-06-24,3.7384595030906214
An Giang,2022-06-25,2.7872291579763617
An Giang,2022-06-26,7.6142275346425805
An Giang,2022-06-27,2.2067319645271524
An Giang,2022-06-28,5.520582787531194
An Giang,2022-06-29,9.395060234068787
An Giang,2022-06-30,12.419690079991295
An Giang,2022-07-01,8.164676877126402
An Giang,2022-07-02,14.764301242237037
An Giang,2022-07-03,11.70935911620223
An Giang,2022-07-04,0.39462758520260205
An Giang,2022-07-05,0.3047787129054642
An Giang,2022-07-06,2.1423534121367087
An Giang,2022-07-07,18.65856049211958
An Giang,2022-07-08,17.679096787940406
An Giang,2022-07-09,8.687154743680034
An Giang,2022-07-10,0.5491811902718099
An Giang,2022-07-11,0
An Giang,2022-07-12,18.99914818262498
An Giang,2022-07-13,1.5404279102395608
An Giang,2022-07-14,0.9913033388251989
An Giang,2022-07-15,6.781448906026344
An Giang,2022-07-16,2.1298362420628356
An Giang,2022-07-17,2.2194111718077587
An Giang,2022-07-18,13.274515085601518
An Giang,2022-07-19,11.603243297990684
An Giang,2022-07-20,18.142700491108837
An Giang,2022-07-21,10.708616087735514
An Giang,2022-07-22,4.8444690699875705
An Giang,2022-07-23,10.519207943030954
An Giang,2022-07-24,2.287321209567424
An Giang,2022-07-25,4.083362864148463
An Giang,2022-07-26,10.954041116293288
An Giang,2022-07-27,6.597425656237945
An Giang,2022-07-28,8.317219522029612
An Giang,2022-07-29,0
An Giang,2022-07-30,11.957613274717032
An Giang,2022-07-31,16.991737711997413
An Giang,2022-08-01,8.20829423073209
An Giang,2022-08-02,5.414998220159408
An Giang,2022-08-03,11.945664150385843
An Giang,2022-08-04,6.8304412370207075
An Giang,2022-08-05,4.481206581702237
An Giang,2022-08-06,21.29047901713388
An Giang,2022-08-07,2.788285740885342
An Giang,2022-08-08,0.7473375040419227
An Giang,2022-08-09,0
An Giang,2022-08-10,7.678856643170106
An Giang,2022-08-11,7.599897659087613
An Giang,2022-08-12,2.0126741655209175
An Giang,2022-08-13,0
An Giang,2022-08-14,1.1605232781963275
An Giang,2022-08-15,6.601481650920772
An Giang,2022-08-16,8.25555595949195
An Giang,2022-08-17,2.962793091968022
An Giang,2022-08-18,2.1030321033824393
An Giang,2022-08-19,6.287928801096218
An Giang,2022-08-20,7.5614420159129985
An Giang,2022-08-21,5.503005082201151
An Giang,2022-08-22,2.614465764692011
An Giang,2022-08-23,8.50578154497385
An Giang,2022-08-24,8.608454162930743
An Giang,2022-08-25,6.90260271647344
An Giang,2022-08-26,8.610732583401301
An Giang,2022-08-27,3.9727671906840736
An Giang,2022-08-28,5.2450673958498735
An Giang,2022-08-29,0.814821196454953
An Giang,2022-08-30,6.505122161075458
An Giang,2022-08-31,1.7340083976279483
An Giang,2022-09-01,5.104825321812995
An Giang,2022-09-02,13.619614701185155
An Giang,2022-09-03,6.2946006349256205
An Giang,2022-09-04,17.99808999298351
An Giang,2022-09-05,7.552927272856126
An Giang,2022-09-06,16.289126213104204
An Giang,2022-09-07,6.296244476177287
An Giang,2022-09-08,0
An Giang,2022-09-09,0
An Giang,2022-09-10,7.969437116521035
An Giang,2022-09-11,14.578134607977859
An Giang,2022-09-12,6.505694251823232
An Giang,2022-09-13,5.651240159444073
An Giang,2022-09-14,3.0111247578856126
An Giang,2022-09-15,3.4055476393695887
An Giang,2022-09-16,7.035510209618427
An Giang,2022-09-17,7.665993561975445
An Giang,2022-09-18,7.734624840256195
An Giang,2022-09-19,3.267369880328518
An Giang,2022-09-20,1.2284530551946058
An Giang,2022-09-21,10.454555635344995
An Giang,2022-09-22,6.7367065778760855
An Giang,2022-09-23,7.878475591753706
An Giang,2022-09-24,1.7321407958398325
An Giang,2022-09-25,10.056662363957196
An Giang,2022-09-26,6.626698410932424
An Giang,2022-09-27,4.6111902038458235
An Giang,2022-09-28,12.238088509448442
An Giang,2022-09-29,6.783939122635427
An Giang,2022-09-30,13.523779164869245
An Giang,2022-10-01,5.037790528096002
An Giang,2022-10-02,13.335854915109392
An Giang,2022-10-03,11.276056996681787
An Giang,2022-10-04,4.925139579430118
An Giang,2022-10-05,18.793922597311255
An Giang,2022-10-06,6.734992020305654
An Giang,2022-10-07,7.732177279116852
An Giang,2022-10-08,16.447079879623505
An Giang,2022-10-09,11.010713260691992
An Giang,2022-10-10,10.440494931178534
An Giang,2022-10-11,4.539410802801902
An Giang,2022-10-12,11.54262472086554
An Giang,2022-10-13,7.840145818436268
An Giang,2022-10-14,10.871912191002455
An Giang,2022-10-15,0
An Giang,2022-10-16,0.026179189536635183
An Giang,2022-10-17,0
An Giang,2022-10-18,1.0996807299628641
An Giang,2022-10-19,5.665740727199256
An Giang,2022-10-20,2.7063541967149782
An Giang,2022-10-21,1.680752955982614
An Giang,2022-10-22,10.770377161230558
An Giang,2022-10-23,14.494229041982324
An Giang,2022-10-24,20.95712031198158
An Giang,2022-10-25,5.452307321706375
An Giang,2022-10-26,1.8289001630582982
An Giang,2022-10-27,24.710467164815675
An Giang,2022-10-28,0.2119856268913303
An Giang,2022-10-29,1.322222041010944
An Giang,2022-10-30,0.11670637273258531
An Giang,2022-10-31,0
An Giang,2022-11-01,1.0890812643215073
An Giang,2022-11-02,0
An Giang,2022-11-03,6.300643683950417
An Giang,2022-11-04,2.8906658885369025
An Giang,2022-11-05,3.008222607520955
An Giang,2022-11-06,2.0636517593362638
An Giang,2022-11-07,6.8027814359239684
An Giang,2022-11-08,0.9363569853646118
An Giang,2022-11-09,2.2531575190451845
An Giang,2022-11-10,9.632461284925812
An Giang,2022-11-11,0.5296012486717808
An Giang,2022-11-12,11.080978394215464
An Giang,2022-11-13,6.330358500319082
An Giang,2022-11-14,5.305980052176569
An Giang,2022-11-15,6.616305085325669
An Giang,2022-11-16,6.153292202921668
An Giang,2022-11-17,1.3325538625795676
An Giang,2022-11-18,14.719476703638291
An Giang,2022-11-19,29.47852360354561
An Giang,2022-11-20,31.724340708803883
An Giang,2022-11-21,2.5302135229428147
An Giang,2022-11-22,27.491018909580475
An Giang,2022-11-23,6.6439953061208445
An Giang,2022-11-24,5.77927075529009
An Giang,2022-11-25,0.7188566895447013
An Giang,2022-11-26,8.04016077786986
An Giang,2022-11-27,5.950041791004637
An Giang,2022-11-28,0.1425603025261385
An Giang,2022-11-29,0
An Giang,2022-11-30,1.3804882480518823
An Giang,2022-12-01,8.021357946245837
An Giang,2022-12-02,6.452704555965055
An Giang,2022-12-03,23.504473352329885
An Giang,2022-12-04,0.7052312709389699
An Giang,2022-12-05,1.7646475483035822
An Giang,2022-12-06,1.9710180565827793
An Giang,2022-12-07,2.9176568196259915
An Giang,2022-12-08,0.06647517729838173
An Giang,2022-12-09,1.034299852786315
An Giang,2022-12-10,0.11298259026336398
An Giang,2022-12-11,0
An Giang,2022-12-12,0.004600530114895694
An Giang,2022-12-13,0
An Giang,2022-12-14,0
An Giang,2022-12-15,0
An Giang,2022-12-16,0.07107218426504695
An Giang,2022-12-17,0.012019464900836125
An Giang,2022-12-18,0
An Giang,2022-12-19,0
An Giang,2022-12-20,0
An Giang,2022-12-21,0.23386138800035733
An Giang,2022-12-22,0
An Giang,2022-12-23,0
An Giang,2022-12-24,0.004590608534455198
An Giang,2022-12-25,0
An Giang,2022-12-26,0
An Giang,2022-12-27,0
An Giang,2022-12-28,0
An Giang,2022-12-29,0
An Giang,2022-12-30,0
An Giang,2022-12-31,0.6673229237135683
An Giang,2023-01-01,0
An Giang,2023-01-02,0
An Giang,2023-01-03,0
An Giang,2023-01-04,3.4717515608935474
An Giang,2023-01-05,0.9304381288160688
An Giang,2023-01-06,0
An Giang,2023-01-07,1.0200599201269143
An Giang,2023-01-08,0
An Giang,2023-01-09,1.9217754558023925
An Giang,2023-01-10,12.98666537325301
An Giang,2023-01-11,0
An Giang,2023-01-12,0.7554864318196618
An Giang,2023-01-13,0.27815349667635186
An Giang,2023-01-14,0
An Giang,2023-01-15,0
An Giang,2023-01-16,0
An Giang,2023-01-17,0
An Giang,2023-01-18,0.7040620239533163
An Giang,2023-01-19,0
An Giang,2023-01-20,0
An Giang,2023-01-21,0.43601166988375967
An Giang,2023-01-22,1.056928901762346
An Giang,2023-01-23,0.9819846558521628
An Giang,2023-01-24,1.0207360922323372
An Giang,2023-01-25,0.6014988904147937
An Giang,2023-01-26,0.1802507846720746
An Giang,2023-01-27,0.08509580177143049
An Giang,2023-01-28,1.0155441194802677
An Giang,2023-01-29,0
An Giang,2023-01-30,1.4706348910819662
An Giang,2023-01-31,0
An Giang,2023-02-01,0
An Giang,2023-02-02,0
An Giang,2023-02-03,0
An Giang,2023-02-04,0
An Giang,2023-02-05,0
An Giang,2023-02-06,0
An Giang,2023-02-07,0
An Giang,2023-02-08,0
An Giang,2023-02-09,0
An Giang,2023-02-10,0
An Giang,2023-02-11,0
An Giang,2023-02-12,1.3204611805416049
An Giang,2023-02-13,9.626759554508457
An Giang,2023-02-14,1.9147088232336582
An Giang,2023-02-15,0
An Giang,2023-02-16,0
An Giang,2023-02-17,0
An Giang,2023-02-18,0.0031673368272537006
An Giang,2023-02-19,0
An Giang,2023-02-20,0.004886318204765899
An Giang,2023-02-21,0
An Giang,2023-02-22,0
An Giang,2023-02-23,0.10126727896371819
An Giang,2023-02-24,0
An Giang,2023-02-25,0
An Giang,2023-02-26,0
An Giang,2023-02-27,0
An Giang,2023-02-28,2.6856727731735446
An Giang,2023-03-01,1.037723049697573
An Giang,2023-03-02,0.05189520344281881
An Giang,2023-03-03,0
An Giang,2023-03-04,0.8880120729508032
An Giang,2023-03-05,0
An Giang,2023-03-06,0
An Giang,2023-03-07,0
An Giang,2023-03-08,0.9819138828310027
An Giang,2023-03-09,0
An Giang,2023-03-10,0
An Giang,2023-03-11,0
An Giang,2023-03-12,1.37112228186873
An Giang,2023-03-13,0
An Giang,2023-03-14,0.6195324499497019
An Giang,2023-03-15,0
An Giang,2023-03-16,0
An Giang,2023-03-17,0
An Giang,2023-03-18,0
An Giang,2023-03-19,0
An Giang,2023-03-20,0.34185968069746075
An Giang,2023-03-21,0
An Giang,2023-03-22,0
An Giang,2023-03-23,0
An Giang,2023-03-24,0
An Giang,2023-03-25,0
An Giang,2023-03-26,0
An Giang,2023-03-27,0
An Giang,2023-03-28,1.4654364621765903
An Giang,2023-03-29,0
An Giang,2023-03-30,0.3590568664996898
An Giang,2023-03-31,0
An Giang,2023-04-01,0
An Giang,2023-04-02,0.9165039818121633
An Giang,2023-04-03,5.011041379644117
An Giang,2023-04-04,4.1608099103948915
An Giang,2023-04-05,0
An Giang,2023-04-06,0
An Giang,2023-04-07,0
An Giang,2023-04-08,0
An Giang,2023-04-09,2.0710414991046315
An Giang,2023-04-10,0
An Giang,2023-04-11,0
An Giang,2023-04-12,0.035497276931276356
An Giang,2023-04-13,0.004487564132106247
An Giang,2023-04-14,0
An Giang,2023-04-15,13.843384305326211
An Giang,2023-04-16,13.101484441253191
An Giang,2023-04-17,6.688143759069471
An Giang,2023-04-18,0.6007760493900387
An Giang,2023-04-19,0
An Giang,2023-04-20,0
An Giang,2023-04-21,0.700435955407901
An Giang,2023-04-22,0
An Giang,2023-04-23,0
An Giang,2023-04-24,3.6640744028546726
An Giang,2023-04-25,12.431157471132554
An Giang,2023-04-26,0
An Giang,2023-04-27,3.6300947270412682
An Giang,2023-04-28,4.777504155490917
An Giang,2023-04-29,0.7083378371034591
An Giang,2023-04-30,10.710951155619599
An Giang,2023-05-01,0
An Giang,2023-05-02,0.14595564881689543
An Giang,2023-05-03,0.20601265573554706
An Giang,2023-05-04,2.0942481325828606
An Giang,2023-05-05,0.03071086831615369
An Giang,2023-05-06,0
An Giang,2023-05-07,0
An Giang,2023-05-08,10.269613617344906
An Giang,2023-05-09,5.113101184949555
An Giang,2023-05-10,4.289760860992417
An Giang,2023-05-11,8.20588003607304
An Giang,2023-05-12,8.93579151303056
An Giang,2023-05-13,2.856843816681121
An Giang,2023-05-14,6.257532367245568
An Giang,2023-05-15,6.183206340163584
An Giang,2023-05-16,1.0544283391470377
An Giang,2023-05-17,9.001141559338176
An Giang,2023-05-18,5.113642437686137
An Giang,2023-05-19,0.5394945117056028
An Giang,2023-05-20,6.362469555434205
An Giang,2023-05-21,9.580359277584511
An Giang,2023-05-22,4.99661777445963
An Giang,2023-05-23,2.1919413289761303
An Giang,2023-05-24,5.040999814278049
An Giang,2023-05-25,2.2272914560502644
An Giang,2023-05-26,8.368709398910271
An Giang,2023-05-27,9.35275015890464
An Giang,2023-05-28,3.7263258917773574
An Giang,2023-05-29,0
An Giang,2023-05-30,0.22552737706939
An Giang,2023-05-31,10.980424051261727
An Giang,2023-06-01,4.387616050141994
An Giang,2023-06-02,1.9871832405947845
An Giang,2023-06-03,3.0536993136954136
An Giang,2023-06-04,10.303462696578151
An Giang,2023-06-05,8.235096112303806
An Giang,2023-06-06,2.515922486122913
An Giang,2023-06-07,4.675293619916531
An Giang,2023-06-08,0.5002521815690107
An Giang,2023-06-09,0.00028739449602331314
An Giang,2023-06-10,5.28497175403261
An Giang,2023-06-11,0
An Giang,2023-06-12,7.434442869072439
An Giang,2023-06-13,1.8152360737273547
An Giang,2023-06-14,0
An Giang,2023-06-15,3.6379997032160234
An Giang,2023-06-16,5.1328467972346035
An Giang,2023-06-17,8.900479696420362
An Giang,2023-06-18,2.8969821103632425
An Giang,2023-06-19,0.24823996093879977
An Giang,2023-06-20,8.17631334334428
An Giang,2023-06-21,2.5042720534239633
An Giang,2023-06-22,4.088236603973851
An Giang,2023-06-23,0.16106960828079558
An Giang,2023-06-24,3.9075963704530223
An Giang,2023-06-25,8.949346334562447
An Giang,2023-06-26,3.7799142125255134
An Giang,2023-06-27,10.297097988544305
An Giang,2023-06-28,7.75901482328301
An Giang,2023-06-29,8.186850883149454
An Giang,2023-06-30,13.52487480798804
An Giang,2023-07-01,15.710074725567093
An Giang,2023-07-02,7.3339259062494095
An Giang,2023-07-03,14.92236743164954
An Giang,2023-07-04,2.203976186090191
An Giang,2023-07-05,10.970321668294694
An Giang,2023-07-06,10.917182111890408
An Giang,2023-07-07,9.172842167649678
An Giang,2023-07-08,1.9120353371009384
An Giang,2023-07-09,9.219038245140451
An Giang,2023-07-10,1.5066138762376706
An Giang,2023-07-11,1.8132443016930593
An Giang,2023-07-12,4.338532823530051
An Giang,2023-07-13,6.6323474422212625
An Giang,2023-07-14,10.273636110456751
An Giang,2023-07-15,4.079800959093767
An Giang,2023-07-16,21.78458403209089
An Giang,2023-07-17,11.732359161306466
An Giang,2023-07-18,1.9386284369293598
An Giang,2023-07-19,10.700132844189154
An Giang,2023-07-20,4.2939597532431275
An Giang,2023-07-21,6.152803016830305
An Giang,2023-07-22,7.247236316755951
An Giang,2023-07-23,22.648714342768503
An Giang,2023-07-24,18.784544241407968
An Giang,2023-07-25,0.31080672651730945
An Giang,2023-07-26,9.212646450623378
An Giang,2023-07-27,13.699407099161581
An Giang,2023-07-28,16.01031854019682
An Giang,2023-07-29,6.401078360464812
An Giang,2023-07-30,8.126044711234066
An Giang,2023-07-31,9.141316161590908
An Giang,2023-08-01,3.799490743667067
An Giang,2023-08-02,2.518236803447468
An Giang,2023-08-03,5.644638590973603
An Giang,2023-08-04,3.093543645231256
An Giang,2023-08-05,0.1965172959712427
An Giang,2023-08-06,0.017682973973741935
An Giang,2023-08-07,0.5927253055387233
An Giang,2023-08-08,0.3070521489390244
An Giang,2023-08-09,0
An Giang,2023-08-10,0.8385455122597272
An Giang,2023-08-11,0
An Giang,2023-08-12,0.2986179827490672
An Giang,2023-08-13,4.519565809985443
An Giang,2023-08-14,9.432699068277433
An Giang,2023-08-15,0.3588811812820477
An Giang,2023-08-16,6.408538781083595
An Giang,2023-08-17,10.669116385251328
An Giang,2023-08-18,10.97910968566062
An Giang,2023-08-19,21.11019816131847
An Giang,2023-08-20,5.590326028683456
An Giang,2023-08-21,6.446978493015122
An Giang,2023-08-22,7.168249498899611
An Giang,2023-08-23,0.749846956903052
An Giang,2023-08-24,2.7233096204419316
An Giang,2023-08-25,2.871571786850071
An Giang,2023-08-26,2.11179811153205
An Giang,2023-08-27,6.40028495586842
An Giang,2023-08-28,6.241796876455658
An Giang,2023-08-29,4.575886088234121
An Giang,2023-08-30,4.770808944128046
An Giang,2023-08-31,7.657498300047997
An Giang,2023-09-01,8.896106984470665
An Giang,2023-09-02,1.8819452380206343
An Giang,2023-09-03,11.020269622628602
An Giang,2023-09-04,4.685285638992615
An Giang,2023-09-05,3.4283545374193327
An Giang,2023-09-06,7.8295729927720865
An Giang,2023-09-07,0.8414378915795605
An Giang,2023-09-08,16.973230221542106
An Giang,2023-09-09,15.277679977723276
An Giang,2023-09-10,0.6753087742245787
An Giang,2023-09-11,0.6992859053028064
An Giang,2023-09-12,1.049949372361815
An Giang,2023-09-13,5.450437497468149
An Giang,2023-09-14,5.454738763286748
An Giang,2023-09-15,0.6773719382578238
An Giang,2023-09-16,3.6952741159821514
An Giang,2023-09-17,4.282328850930888
An Giang,2023-09-18,3.491525654863657
An Giang,2023-09-19,11.501251618596482
An Giang,2023-09-20,9.024982563792355
An Giang,2023-09-21,10.054146103977754
An Giang,2023-09-22,7.975632732608925
An Giang,2023-09-23,9.451306312857632
An Giang,2023-09-24,10.84771316927276
An Giang,2023-09-25,6.684787924327341
An Giang,2023-09-26,13.056793107237048
An Giang,2023-09-27,14.744422060242966
An Giang,2023-09-28,0
An Giang,2023-09-29,10.111221281979368
An Giang,2023-09-30,3.8475164209206274
An Giang,2023-10-01,27.338745421612842
An Giang,2023-10-02,27.282883720961816
An Giang,2023-10-03,0
An Giang,2023-10-04,0
An Giang,2023-10-05,7.794804764814911
An Giang,2023-10-06,0.7900001941237589
An Giang,2023-10-07,0.19621194002048717
An Giang,2023-10-08,4.9784626750729934
An Giang,2023-10-09,0.06775860509428547
An Giang,2023-10-10,4.854182399103435
An Giang,2023-10-11,5.9804593823517935
An Giang,2023-10-12,9.269936090253815
An Giang,2023-10-13,3.4905564440944454
An Giang,2023-10-14,13.701894121481255
An Giang,2023-10-15,15.993577456696501
An Giang,2023-10-16,13.158428041092083
An Giang,2023-10-17,13.51593551277366
An Giang,2023-10-18,4.568051611447862
An Giang,2023-10-19,8.228730489847285
An Giang,2023-10-20,3.909173335095667
An Giang,2023-10-21,2.2878620654147777
An Giang,2023-10-22,15.44851297540962
An Giang,2023-10-23,8.659037535363487
An Giang,2023-10-24,3.42786479874078
An Giang,2023-10-25,9.480580096354553
An Giang,2023-10-26,2.9458098190652153
An Giang,2023-10-27,9.722459457181245
An Giang,2023-10-28,9.49442303270418
An Giang,2023-10-29,16.220539592800648
An Giang,2023-10-30,2.8387770015830665
An Giang,2023-10-31,9.655299857476223
An Giang,2023-11-01,7.434783730290393
An Giang,2023-11-02,13.966919276829827
An Giang,2023-11-03,11.907461050537991
An Giang,2023-11-04,2.0145323219835194
An Giang,2023-11-05,17.1803390287308
An Giang,2023-11-06,4.406239655744515
An Giang,2023-11-07,9.94997994840085
An Giang,2023-11-08,9.690343201265698
An Giang,2023-11-09,24.53771121465061
An Giang,2023-11-10,5.2799274856829195
An Giang,2023-11-11,1.5056328209503167
An Giang,2023-11-12,3.25422697143963
An Giang,2023-11-13,18.332514057061463
An Giang,2023-11-14,14.94214896701248
An Giang,2023-11-15,0.848815768515808
An Giang,2023-11-16,0.9087202413002505
An Giang,2023-11-17,0.401290823641547
An Giang,2023-11-18,1.237818209784149
An Giang,2023-11-19,0.298948326237295
An Giang,2023-11-20,0.8623284705549472
An Giang,2023-11-21,0.1893498151194734
An Giang,2023-11-22,0
An Giang,2023-11-23,5.212047723733551
An Giang,2023-11-24,0
An Giang,2023-11-25,2.5830481734362745
An Giang,2023-11-26,4.905457813208625
An Giang,2023-11-27,0
An Giang,2023-11-28,1.6343252515189073
An Giang,2023-11-29,0.6284815473789475
An Giang,2023-11-30,4.291282066002464
An Giang,2023-12-01,3.6001313996082422
An Giang,2023-12-02,10.19516704778446
An Giang,2023-12-03,0.10707160840458031
An Giang,2023-12-04,0.4858494433320689
An Giang,2023-12-05,0
An Giang,2023-12-06,2.0172235283116864
An Giang,2023-12-07,1.375809153509481
An Giang,2023-12-08,0.4407666478212626
An Giang,2023-12-09,0
An Giang,2023-12-10,0
An Giang,2023-12-11,0
An Giang,2023-12-12,0
An Giang,2023-12-13,0
An Giang,2023-12-14,0.07489569443929255
An Giang,2023-12-15,0.1133465154324589
An Giang,2023-12-16,0
An Giang,2023-12-17,0
An Giang,2023-12-18,0
An Giang,2023-12-19,0
An Giang,2023-12-20,0
An Giang,2023-12-21,0
An Giang,2023-12-22,0.127100258021822
An Giang,2023-12-23,0.04534985441243334
An Giang,2023-12-24,0
An Giang,2023-12-25,0
An Giang,2023-12-26,0
An Giang,2023-12-27,0
An Giang,2023-12-28,0.21732084511045657
An Giang,2023-12-29,0
An Giang,2023-12-30,0
An Giang,2023-12-31,0
An Giang,2024-01-01,0
An Giang,2024-01-02,0
An Giang,2024-01-03,0.10705197416200386
An Giang,2024-01-04,0
An Giang,2024-01-05,0.010290280653757105
An Giang,2024-01-06,0.20724741456962306
An Giang,2024-01-07,0
An Giang,2024-01-08,0.6502737474484284
An Giang,2024-01-09,0
An Giang,2024-01-10,0
An Giang,2024-01-11,0.03990210337058793
An Giang,2024-01-12,0
An Giang,2024-01-13,0
An Giang,2024-01-14,0.3519176390722802
An Giang,2024-01-15,2.276453903335995
An Giang,2024-01-16,0
An Giang,2024-01-17,1.767870058699949
An Giang,2024-01-18,0
An Giang,2024-01-19,0
An Giang,2024-01-20,2.8269556822493165
An Giang,2024-01-21,1.375151606722668
An Giang,2024-01-22,0.6736032751284613
An Giang,2024-01-23,0
An Giang,2024-01-24,0
An Giang,2024-01-25,0
An Giang,2024-01-26,0
An Giang,2024-01-27,0.2810384302629296
An Giang,2024-01-28,0.06243549403725014
An Giang,2024-01-29,0
An Giang,2024-01-30,0
An Giang,2024-01-31,0
An Giang,2024-02-01,0
An Giang,2024-02-02,0
An Giang,2024-02-03,0
An Giang,2024-02-04,0
An Giang,2024-02-05,0
An Giang,2024-02-06,0
An Giang,2024-02-07,0
An Giang,2024-02-08,0
An Giang,2024-02-09,0
An Giang,2024-02-10,0
An Giang,2024-02-11,0
An Giang,2024-02-12,0
An Giang,2024-02-13,0
An Giang,2024-02-14,0
An Giang,2024-02-15,0
An Giang,2024-02-16,0
An Giang,2024-02-17,0
An Giang,2024-02-18,0.16139691761517377
An Giang,2024-02-19,0
An Giang,2024-02-20,0
An Giang,2024-02-21,0
An Giang,2024-02-22,0
An Giang,2024-02-23,0
An Giang,2024-02-24,0.28876516289922577
An Giang,2024-02-25,0
An Giang,2024-02-26,0
An Giang,2024-02-27,0.05238495899717972
An Giang,2024-02-28,0
An Giang,2024-02-29,0
An Giang,2024-03-01,0
An Giang,2024-03-02,0.4106296183534787
An Giang,2024-03-03,0
An Giang,2024-03-04,0
An Giang,2024-03-05,0
An Giang,2024-03-06,0
An Giang,2024-03-07,0.5167530972041005
An Giang,2024-03-08,0
An Giang,2024-03-09,0.22547635005174263
An Giang,2024-03-10,0.07629082730434265
An Giang,2024-03-11,0
An Giang,2024-03-12,0.07020577265478212
An Giang,2024-03-13,0
An Giang,2024-03-14,0
An Giang,2024-03-15,0
An Giang,2024-03-16,0
An Giang,2024-03-17,0
An Giang,2024-03-18,0
An Giang,2024-03-19,0
An Giang,2024-03-20,0
An Giang,2024-03-21,0
An Giang,2024-03-22,0
An Giang,2024-03-23,0
An Giang,2024-03-24,0.25550580409850465
An Giang,2024-03-25,0
An Giang,2024-03-26,0.8831690927369761
An Giang,2024-03-27,0
An Giang,2024-03-28,2.5540008717890816
An Giang,2024-03-29,11.910462292323274
An Giang,2024-03-30,0.1096969193953313
An Giang,2024-03-31,2.2749344970183416
An Giang,2024-04-01,0
An Giang,2024-04-02,2.206639344305544
An Giang,2024-04-03,0
An Giang,2024-04-04,0
An Giang,2024-04-05,0
An Giang,2024-04-06,0
An Giang,2024-04-07,0
An Giang,2024-04-08,2.4895649192754505
An Giang,2024-04-09,0
An Giang,2024-04-10,0
An Giang,2024-04-11,0.030550523442183446
An Giang,2024-04-12,0.024828690872793994
An Giang,2024-04-13,1.9024836217110348
An Giang,2024-04-14,0.04601863155819309
An Giang,2024-04-15,1.1298597809862775e-06
An Giang,2024-04-16,0
An Giang,2024-04-17,0
An Giang,2024-04-18,0.12698612804468296
An Giang,2024-04-19,0
An Giang,2024-04-20,0
An Giang,2024-04-21,0
An Giang,2024-04-22,0
An Giang,2024-04-23,0
An Giang,2024-04-24,0
An Giang,2024-04-25,0
An Giang,2024-04-26,0
An Giang,2024-04-27,0
An Giang,2024-04-28,0
An Giang,2024-04-29,0
An Giang,2024-04-30,0
An Giang,2024-05-01,0
An Giang,2024-05-02,0
An Giang,2024-05-03,3.7102718370438823
An Giang,2024-05-04,1.9459711000575544
An Giang,2024-05-05,7.853072134414462
An Giang,2024-05-06,0
An Giang,2024-05-07,8.049702012830105
An Giang,2024-05-08,1.8312214605802362
An Giang,2024-05-09,6.1920626975853645
An Giang,2024-05-10,1.8262910947259912
An Giang,2024-05-11,4.5187184761468595
An Giang,2024-05-12,8.690030456389358
An Giang,2024-05-13,7.281842452243782
An Giang,2024-05-14,0.0030766097183503247
An Giang,2024-05-15,15.814704476395821
An Giang,2024-05-16,7.450565890300869
An Giang,2024-05-17,11.132943031512736
An Giang,2024-05-18,1.1094983477448395
An Giang,2024-05-19,2.753478980539248
An Giang,2024-05-20,3.9006793073631845
An Giang,2024-05-21,5.887067297510847
An Giang,2024-05-22,2.097676965939825
An Giang,2024-05-23,3.5776490563397636
An Giang,2024-05-24,0.006085319317958472
An Giang,2024-05-25,6.995473548685327
An Giang,2024-05-26,0.5414298586400601
An Giang,2024-05-27,5.845144006514928
An Giang,2024-05-28,8.13483844355222
An Giang,2024-05-29,11.85408330108149
An Giang,2024-05-30,10.217454284882216
An Giang,2024-05-31,11.821555377231897
An Giang,2024-06-01,1.3071259243820061
An Giang,2024-06-02,1.3807811401487842
An Giang,2024-06-03,8.823779971619727
An Giang,2024-06-04,0.3285264440895704
An Giang,2024-06-05,1.3489629891541743
An Giang,2024-06-06,5.811021162544137
An Giang,2024-06-07,6.935052274760417
An Giang,2024-06-08,9.846146909153353
An Giang,2024-06-09,3.521364575944652
An Giang,2024-06-10,0.08654814842126066
An Giang,2024-06-11,3.191669266272429
An Giang,2024-06-12,2.3852067670462462
An Giang,2024-06-13,2.012362071483954
An Giang,2024-06-14,2.6544646886309575
An Giang,2024-06-15,7.734153239172417
An Giang,2024-06-16,0.04354849025723312
An Giang,2024-06-17,11.479833091396586
An Giang,2024-06-18,3.716647145566941
An Giang,2024-06-19,17.15308473675296
An Giang,2024-06-20,23.482169952171805
An Giang,2024-06-21,16.329895036322835
An Giang,2024-06-22,3.182102778843945
An Giang,2024-06-23,2.5051334532720193
An Giang,2024-06-24,6.606487906737431
An Giang,2024-06-25,13.192647317613956
An Giang,2024-06-26,5.117358516248137
An Giang,2024-06-27,5.8430556466980255
An Giang,2024-06-28,5.14185690688066
An Giang,2024-06-29,1.2416668751089288
An Giang,2024-06-30,2.124594464806199
An Giang,2024-07-01,0.0049867073006012305
An Giang,2024-07-02,18.464819984274335
An Giang,2024-07-03,7.517029629626152
An Giang,2024-07-04,11.403471996339604
An Giang,2024-07-05,2.104588644480512
An Giang,2024-07-06,4.850469872403642
An Giang,2024-07-07,11.745699260013467
An Giang,2024-07-08,10.320047536311034
An Giang,2024-07-09,19.475373208709048
An Giang,2024-07-10,2.4592477994920947
An Giang,2024-07-11,16.356127030933088
An Giang,2024-07-12,6.459168139810817
An Giang,2024-07-13,1.8989776030955767
An Giang,2024-07-14,1.3547991074171641
An Giang,2024-07-15,20.019081541213307
An Giang,2024-07-16,14.364568626200757
An Giang,2024-07-17,16.43620729859722
An Giang,2024-07-18,20.335319848577953
An Giang,2024-07-19,9.71888257193733
An Giang,2024-07-20,3.9041780798512247
An Giang,2024-07-21,9.331778280087773
An Giang,2024-07-22,11.066656682276415
An Giang,2024-07-23,0
An Giang,2024-07-24,3.109484376976795
An Giang,2024-07-25,12.422019822504925
An Giang,2024-07-26,11.92426192044946
An Giang,2024-07-27,11.239392715799575
An Giang,2024-07-28,0.042030203936168214
An Giang,2024-07-29,6.298673591526182
An Giang,2024-07-30,0
An Giang,2024-07-31,12.438767700808416
An Giang,2024-08-01,4.236732697903428
An Giang,2024-08-02,7.923206032221334
An Giang,2024-08-03,14.933209359132444
An Giang,2024-08-04,13.660151289023934
An Giang,2024-08-05,4.049736234159199
An Giang,2024-08-06,8.390202632407867
An Giang,2024-08-07,0.5982285371290692
An Giang,2024-08-08,0.12944070566601976
An Giang,2024-08-09,3.4606616361806575
An Giang,2024-08-10,0.535779955739985
An Giang,2024-08-11,0.13475288276655778
An Giang,2024-08-12,1.3841465932210006
An Giang,2024-08-13,1.494301966045601
An Giang,2024-08-14,0
An Giang,2024-08-15,6.08287602810906
An Giang,2024-08-16,4.665474040817346
An Giang,2024-08-17,2.719143543117601
An Giang,2024-08-18,0.03127799188818966
An Giang,2024-08-19,0
An Giang,2024-08-20,1.6307911099783283
An Giang,2024-08-21,2.888706768018682
An Giang,2024-08-22,3.834076590665385
An Giang,2024-08-23,5.251179625041342
An Giang,2024-08-24,4.0180382606526654
An Giang,2024-08-25,5.435612518029493
An Giang,2024-08-26,6.799244832918703
An Giang,2024-08-27,9.660313330665021
An Giang,2024-08-28,20.311619183442108
An Giang,2024-08-29,11.199256225969757
An Giang,2024-08-30,3.889681424219525
An Giang,2024-08-31,6.660202929083686
An Giang,2024-09-01,19.904903031955467
An Giang,2024-09-02,0.7692583480535717
An Giang,2024-09-03,2.048236527462495
An Giang,2024-09-04,5.617536894948546
An Giang,2024-09-05,7.549442816631879
An Giang,2024-09-06,6.6253355356661165
An Giang,2024-09-07,2.0426076551470076
An Giang,2024-09-08,0
An Giang,2024-09-09,3.5743602357849924
An Giang,2024-09-10,23.399226513867198
An Giang,2024-09-11,6.460196374625713
An Giang,2024-09-12,17.561905201027592
An Giang,2024-09-13,19.52687388041957
An Giang,2024-09-14,10.418528303757855
An Giang,2024-09-15,9.302780437705286
An Giang,2024-09-16,10.588538686150464
An Giang,2024-09-17,8.821806503923561
An Giang,2024-09-18,11.454876510292934
An Giang,2024-09-19,0.822861144948426
An Giang,2024-09-20,14.699198880714004
An Giang,2024-09-21,22.008109973830457
An Giang,2024-09-22,0.19377147396359107
An Giang,2024-09-23,12.447162003023896
An Giang,2024-09-24,0.8458630334416558
An Giang,2024-09-25,4.38597421033536
An Giang,2024-09-26,10.0981570789614
An Giang,2024-09-27,4.607236914099211
An Giang,2024-09-28,0
An Giang,2024-09-29,0
An Giang,2024-09-30,0.005573281411829485
An Giang,2024-10-01,12.562355782484723
An Giang,2024-10-02,6.400496225002307
An Giang,2024-10-03,16.71202350758251
An Giang,2024-10-04,7.523550361834592
An Giang,2024-10-05,14.67010481076484
An Giang,2024-10-06,7.690154526507899
An Giang,2024-10-07,12.66328972660808
An Giang,2024-10-08,20.263880058400307
An Giang,2024-10-09,13.133487487996952
An Giang,2024-10-10,9.3147589804002
An Giang,2024-10-11,15.807813633318435
An Giang,2024-10-12,16.75545608371871
An Giang,2024-10-13,0.17122935339234732
An Giang,2024-10-14,6.6709134040039375
An Giang,2024-10-15,19.922672929191886
An Giang,2024-10-16,14.245495449786334
An Giang,2024-10-17,22.159606572522698
An Giang,2024-10-18,2.6792718359585947
An Giang,2024-10-19,9.956151141241394
An Giang,2024-10-20,15.991549969652347
An Giang,2024-10-21,10.890901388721781
An Giang,2024-10-22,26.23970781322199
An Giang,2024-10-23,2.806012560381072
An Giang,2024-10-24,0.22339315460812892
An Giang,2024-10-25,0
An Giang,2024-10-26,5.086557828074347
An Giang,2024-10-27,8.009577852401566
An Giang,2024-10-28,10.35965910248888
An Giang,2024-10-29,1.6699558693575594
An Giang,2024-10-30,0.03764524150956497
An Giang,2024-10-31,0.7877929989152654
An Giang,2024-11-01,4.015243596623543
An Giang,2024-11-02,9.632272491991996
An Giang,2024-11-03,11.562647202661257
An Giang,2024-11-04,9.191954839431379
An Giang,2024-11-05,9.728081356522582
An Giang,2024-11-06,3.078308431926578
An Giang,2024-11-07,3.5544605443708455
An Giang,2024-11-08,5.044193895952184
An Giang,2024-11-09,1.6693812045015026
An Giang,2024-11-10,0
An Giang,2024-11-11,0
An Giang,2024-11-12,0
An Giang,2024-11-13,2.5182793551941423
An Giang,2024-11-14,0.17367147074229522
An Giang,2024-11-15,0
An Giang,2024-11-16,0.28844050961635853
An Giang,2024-11-17,0
An Giang,2024-11-18,0
An Giang,2024-11-19,0.41328321693805375
An Giang,2024-11-20,2.5699641754830456
An Giang,2024-11-21,4.283852894895766
An Giang,2024-11-22,1.0234937627357692
An Giang,2024-11-23,1.4254670944226304
An Giang,2024-11-24,3.96713826038512
An Giang,2024-11-25,3.795243459431576
An Giang,2024-11-26,8.065826260116834
An Giang,2024-11-27,0.10962531456036356
An Giang,2024-11-28,1.4514764263115347
An Giang,2024-11-29,2.9312956101952103
An Giang,2024-11-30,0
An Giang,2024-12-01,0
An Giang,2024-12-02,4.698567914589622
An Giang,2024-12-03,22.64119219533147
An Giang,2024-12-04,8.457734907955796
An Giang,2024-12-05,0.029730788081300526
An Giang,2024-12-06,0.5755174865451348
An Giang,2024-12-07,0
An Giang,2024-12-08,0.5765084097787897
An Giang,2024-12-09,0.0035498169256682507
An Giang,2024-12-10,5.113629141427335
An Giang,2024-12-11,2.8136803748779102
An Giang,2024-12-12,7.485342165686767
An Giang,2024-12-13,8.934437193928979
An Giang,2024-12-14,1.800649106688782
An Giang,2024-12-15,0
An Giang,2024-12-16,0
An Giang,2024-12-17,0
An Giang,2024-12-18,0
An Giang,2024-12-19,0
An Giang,2024-12-20,0
An Giang,2024-12-21,4.0829168141732
An Giang,2024-12-22,0
An Giang,2024-12-23,0
An Giang,2024-12-24,0
An Giang,2024-12-25,0
An Giang,2024-12-26,0
An Giang,2024-12-27,7.425625986914672
An Giang,2024-12-28,0.15532910763250496
An Giang,2024-12-29,0
An Giang,2024-12-30,0
An Giang,2024-12-31,1.3778178029010737
Ben Tre,2019-01-01,7.43973733145207
Ben Tre,2019-01-02,7.5242900166274795
Ben Tre,2019-01-03,0
Ben Tre,2019-01-04,0.20470282915201068
Ben Tre,2019-01-05,0
Ben Tre,2019-01-06,0
Ben Tre,2019-01-07,0
Ben Tre,2019-01-08,0
Ben Tre,2019-01-09,0
Ben Tre,2019-01-10,0
Ben Tre,2019-01-11,0
Ben Tre,2019-01-12,0
Ben Tre,2019-01-13,0
Ben Tre,2019-01-14,0
Ben Tre,2019-01-15,0
Ben Tre,2019-01-16,0
Ben Tre,2019-01-17,0.02897855462127171
Ben Tre,2019-01-18,0
Ben Tre,2019-01-19,0
Ben Tre,2019-01-20,0
Ben Tre,2019-01-21,0
Ben Tre,2019-01-22,0
Ben Tre,2019-01-23,0.17901216787017268
Ben Tre,2019-01-24,0
Ben Tre,2019-01-25,0
Ben Tre,2019-01-26,0.42730354281226207
Ben Tre,2019-01-27,0
Ben Tre,2019-01-28,0
Ben Tre,2019-01-29,0
Ben Tre,2019-01-30,0
Ben Tre,2019-01-31,0
Ben Tre,2019-02-01,0
Ben Tre,2019-02-02,0
Ben Tre,2019-02-03,0
Ben Tre,2019-02-04,0
Ben Tre,2019-02-05,0
Ben Tre,2019-02-06,0
Ben Tre,2019-02-07,0
Ben Tre,2019-02-08,0
Ben Tre,2019-02-09,0
Ben Tre,2019-02-10,0.4859644554236336
Ben Tre,2019-02-11,0
Ben Tre,2019-02-12,0
Ben Tre,2019-02-13,0
Ben Tre,2019-02-14,0
Ben Tre,2019-02-15,0
Ben Tre,2019-02-16,0
Ben Tre,2019-02-17,0
Ben Tre,2019-02-18,0
Ben Tre,2019-02-19,0
Ben Tre,2019-02-20,0.8714617965105648
Ben Tre,2019-02-21,0
Ben Tre,2019-02-22,0.493015936963427
Ben Tre,2019-02-23,0
Ben Tre,2019-02-24,0
Ben Tre,2019-02-25,0
Ben Tre,2019-02-26,0
Ben Tre,2019-02-27,0
Ben Tre,2019-02-28,0
Ben Tre,2019-03-01,0.6885918892824954
Ben Tre,2019-03-02,0
Ben Tre,2019-03-03,0
Ben Tre,2019-03-04,0
Ben Tre,2019-03-05,0
Ben Tre,2019-03-06,0.5614886628244634
Ben Tre,2019-03-07,0
Ben Tre,2019-03-08,0
Ben Tre,2019-03-09,0.18627010147993348
Ben Tre,2019-03-10,0.0017185483464954954
Ben Tre,2019-03-11,0
Ben Tre,2019-03-12,0
Ben Tre,2019-03-13,0
Ben Tre,2019-03-14,0
Ben Tre,2019-03-15,0.052836833012431854
Ben Tre,2019-03-16,0
Ben Tre,2019-03-17,0
Ben Tre,2019-03-18,0
Ben Tre,2019-03-19,0
Ben Tre,2019-03-20,0
Ben Tre,2019-03-21,0
Ben Tre,2019-03-22,0
Ben Tre,2019-03-23,0
Ben Tre,2019-03-24,0
Ben Tre,2019-03-25,0
Ben Tre,2019-03-26,0
Ben Tre,2019-03-27,0
Ben Tre,2019-03-28,0
Ben Tre,2019-03-29,0
Ben Tre,2019-03-30,0
Ben Tre,2019-03-31,0
Ben Tre,2019-04-01,0
Ben Tre,2019-04-02,0
Ben Tre,2019-04-03,0
Ben Tre,2019-04-04,0.0015781412386877162
Ben Tre,2019-04-05,0
Ben Tre,2019-04-06,0
Ben Tre,2019-04-07,0
Ben Tre,2019-04-08,0
Ben Tre,2019-04-09,0
Ben Tre,2019-04-10,0
Ben Tre,2019-04-11,0
Ben Tre,2019-04-12,0
Ben Tre,2019-04-13,0
Ben Tre,2019-04-14,0
Ben Tre,2019-04-15,0
Ben Tre,2019-04-16,3.1840289975184524
Ben Tre,2019-04-17,0
Ben Tre,2019-04-18,0.1925866485379965
Ben Tre,2019-04-19,0
Ben Tre,2019-04-20,0.10961429654219113
Ben Tre,2019-04-21,0.00012713681953955365
Ben Tre,2019-04-22,4.731534347292932e-05
Ben Tre,2019-04-23,0.827712656026259
Ben Tre,2019-04-24,0.05250111465225982
Ben Tre,2019-04-25,0.03568878393768814
Ben Tre,2019-04-26,0
Ben Tre,2019-04-27,1.3483720803233699
Ben Tre,2019-04-28,8.730999090548352
Ben Tre,2019-04-29,0.294339633015084
Ben Tre,2019-04-30,0
Ben Tre,2019-05-01,0
Ben Tre,2019-05-02,12.033591922701863
Ben Tre,2019-05-03,2.773688017767285
Ben Tre,2019-05-04,4.345976356356232
Ben Tre,2019-05-05,0
Ben Tre,2019-05-06,1.7626727677728928
Ben Tre,2019-05-07,0.5727481572870087
Ben Tre,2019-05-08,2.2736792623928967
Ben Tre,2019-05-09,5.955400445242706
Ben Tre,2019-05-10,8.897670136575535
Ben Tre,2019-05-11,10.187361483092602
Ben Tre,2019-05-12,4.0302050603125315
Ben Tre,2019-05-13,1.7864864770199587
Ben Tre,2019-05-14,1.5910118773153532
Ben Tre,2019-05-15,0.649628087676801
Ben Tre,2019-05-16,1.4045776239559722
Ben Tre,2019-05-17,4.245734585567933
Ben Tre,2019-05-18,5.470559678901175
Ben Tre,2019-05-19,4.160483963098879
Ben Tre,2019-05-20,4.358361640468258
Ben Tre,2019-05-21,6.4561733571023385
Ben Tre,2019-05-22,10.579454212644137
Ben Tre,2019-05-23,0
Ben Tre,2019-05-24,4.875090680865535
Ben Tre,2019-05-25,15.098845194890766
Ben Tre,2019-05-26,9.546638961811594
Ben Tre,2019-05-27,2.800304682785804
Ben Tre,2019-05-28,3.8729324997834347
Ben Tre,2019-05-29,6.432290802645714
Ben Tre,2019-05-30,3.4702342415466405
Ben Tre,2019-05-31,0
Ben Tre,2019-06-01,0
Ben Tre,2019-06-02,3.458842011809667
Ben Tre,2019-06-03,13.775836365194921
Ben Tre,2019-06-04,10.91642870848599
Ben Tre,2019-06-05,8.935594583604848
Ben Tre,2019-06-06,6.297113827305274
Ben Tre,2019-06-07,0.3717226956514841
Ben Tre,2019-06-08,7.2500014436638045
Ben Tre,2019-06-09,10.087462858515812
Ben Tre,2019-06-10,16.925269345642427
Ben Tre,2019-06-11,5.351114918940967
Ben Tre,2019-06-12,12.926783410002967
Ben Tre,2019-06-13,5.3072406325776225
Ben Tre,2019-06-14,2.227360187357148
Ben Tre,2019-06-15,7.2130487055940575
Ben Tre,2019-06-16,24.70569209327205
Ben Tre,2019-06-17,3.6484200211983318
Ben Tre,2019-06-18,0
Ben Tre,2019-06-19,0
Ben Tre,2019-06-20,8.738598114044516
Ben Tre,2019-06-21,18.883643356268944
Ben Tre,2019-06-22,0.8879532336124492
Ben Tre,2019-06-23,0
Ben Tre,2019-06-24,6.7455967036167905
Ben Tre,2019-06-25,4.60762707596855
Ben Tre,2019-06-26,0.08001782169551677
Ben Tre,2019-06-27,0
Ben Tre,2019-06-28,16.75528329607563
Ben Tre,2019-06-29,0.4541177006677844
Ben Tre,2019-06-30,13.70900441637721
Ben Tre,2019-07-01,16.352120246426182
Ben Tre,2019-07-02,33.912957073678676
Ben Tre,2019-07-03,3.3422452387129256
Ben Tre,2019-07-04,1.3150372884497121
Ben Tre,2019-07-05,0.5677083534667704
Ben Tre,2019-07-06,1.055450482715249
Ben Tre,2019-07-07,5.716118116853073
Ben Tre,2019-07-08,5.56150560556334
Ben Tre,2019-07-09,0.902065242973836
Ben Tre,2019-07-10,0
Ben Tre,2019-07-11,0.10016999837247512
Ben Tre,2019-07-12,2.339791035940308
Ben Tre,2019-07-13,1.633727410409197
Ben Tre,2019-07-14,6.25666339956555
Ben Tre,2019-07-15,10.03973165493933
Ben Tre,2019-07-16,5.136081661882667
Ben Tre,2019-07-17,11.052473569210497
Ben Tre,2019-07-18,10.18007590070235
Ben Tre,2019-07-19,0.5506748784269622
Ben Tre,2019-07-20,5.223880071491828
Ben Tre,2019-07-21,0.3524145038272375
Ben Tre,2019-07-22,9.598786387959796
Ben Tre,2019-07-23,5.32365028565119
Ben Tre,2019-07-24,14.793416240558967
Ben Tre,2019-07-25,1.886272120386414
Ben Tre,2019-07-26,0.0360914625438604
Ben Tre,2019-07-27,9.275102997145446
Ben Tre,2019-07-28,10.412716650785127
Ben Tre,2019-07-29,9.80788729645335
Ben Tre,2019-07-30,6.441375016332824
Ben Tre,2019-07-31,12.462546597743144
Ben Tre,2019-08-01,3.896930701467481
Ben Tre,2019-08-02,1.8065744430063932
Ben Tre,2019-08-03,9.207919000670671
Ben Tre,2019-08-04,0.7048589774933488
Ben Tre,2019-08-05,13.73903637152851
Ben Tre,2019-08-06,19.2119698122275
Ben Tre,2019-08-07,5.3565736486820725
Ben Tre,2019-08-08,23.252558154146595
Ben Tre,2019-08-09,0
Ben Tre,2019-08-10,1.63222735765563
Ben Tre,2019-08-11,2.43655340456785
Ben Tre,2019-08-12,0
Ben Tre,2019-08-13,16.2768760998736
Ben Tre,2019-08-14,0.5850080413889042
Ben Tre,2019-08-15,0
Ben Tre,2019-08-16,0.8642961525809628
Ben Tre,2019-08-17,0.27384310848573273
Ben Tre,2019-08-18,0
Ben Tre,2019-08-19,0
Ben Tre,2019-08-20,16.612582748361042
Ben Tre,2019-08-21,0.23881819034649834
Ben Tre,2019-08-22,4.2693233945602955
Ben Tre,2019-08-23,0.1397669213834289
Ben Tre,2019-08-24,17.18472544170156
Ben Tre,2019-08-25,17.081466763357003
Ben Tre,2019-08-26,1.1134392563285802
Ben Tre,2019-08-27,0
Ben Tre,2019-08-28,24.458173740827284
Ben Tre,2019-08-29,22.698780009936005
Ben Tre,2019-08-30,5.307229134561279
Ben Tre,2019-08-31,1.2875274521940991
Ben Tre,2019-09-01,7.61185805559731
Ben Tre,2019-09-02,8.5938033730315
Ben Tre,2019-09-03,0
Ben Tre,2019-09-04,9.791504555011182
Ben Tre,2019-09-05,0
Ben Tre,2019-09-06,0
Ben Tre,2019-09-07,13.721382842162502
Ben Tre,2019-09-08,8.035236817186956
Ben Tre,2019-09-09,0.9437785517688994
Ben Tre,2019-09-10,0
Ben Tre,2019-09-11,0
Ben Tre,2019-09-12,4.1413610298497945
Ben Tre,2019-09-13,30.195539377862882
Ben Tre,2019-09-14,10.122055099814368
Ben Tre,2019-09-15,3.3684140811916485
Ben Tre,2019-09-16,6.857603809971779
Ben Tre,2019-09-17,16.435584099422176
Ben Tre,2019-09-18,11.67609588308837
Ben Tre,2019-09-19,0
Ben Tre,2019-09-20,2.7308669214364722
Ben Tre,2019-09-21,4.759636751751141
Ben Tre,2019-09-22,1.8133937192574636
Ben Tre,2019-09-23,0
Ben Tre,2019-09-24,0
Ben Tre,2019-09-25,0.00023510148160085236
Ben Tre,2019-09-26,3.7358141682466965
Ben Tre,2019-09-27,2.2395464727822056
Ben Tre,2019-09-28,0
Ben Tre,2019-09-29,0.45173498558818403
Ben Tre,2019-09-30,3.8901556305831715
Ben Tre,2019-10-01,2.425178684655976
Ben Tre,2019-10-02,5.894994955813455
Ben Tre,2019-10-03,9.392860006602353
Ben Tre,2019-10-04,17.910929172030105
Ben Tre,2019-10-05,7.1712882876290776
Ben Tre,2019-10-06,15.436946043853952
Ben Tre,2019-10-07,5.332878141165855
Ben Tre,2019-10-08,1.8770773424451448
Ben Tre,2019-10-09,4.477191346486948
Ben Tre,2019-10-10,2.120758127723438
Ben Tre,2019-10-11,0.5272915087916071
Ben Tre,2019-10-12,3.3352150303512187
Ben Tre,2019-10-13,1.0565644389338993
Ben Tre,2019-10-14,0
Ben Tre,2019-10-15,0
Ben Tre,2019-10-16,3.593019093253134
Ben Tre,2019-10-17,10.013133348803997
Ben Tre,2019-10-18,9.254347556615352
Ben Tre,2019-10-19,10.000210976376758
Ben Tre,2019-10-20,3.012082967325659
Ben Tre,2019-10-21,1.7635212577498232
Ben Tre,2019-10-22,0.041719648608831275
Ben Tre,2019-10-23,0
Ben Tre,2019-10-24,0
Ben Tre,2019-10-25,0.35567096525952013
Ben Tre,2019-10-26,0
Ben Tre,2019-10-27,0.6434402351967335
Ben Tre,2019-10-28,5.75865810410512
Ben Tre,2019-10-29,2.0229903284904105
Ben Tre,2019-10-30,5.8900823565128215
Ben Tre,2019-10-31,12.167811654816532
Ben Tre,2019-11-01,3.7907752998955426
Ben Tre,2019-11-02,6.965693663932322
Ben Tre,2019-11-03,12.723159636668864
Ben Tre,2019-11-04,0
Ben Tre,2019-11-05,12.579318732278006
Ben Tre,2019-11-06,10.667241291713282
Ben Tre,2019-11-07,8.295560730228017
Ben Tre,2019-11-08,10.944738654160235
Ben Tre,2019-11-09,9.284710639400698
Ben Tre,2019-11-10,47.666121027477374
Ben Tre,2019-11-11,0.3761714001875224
Ben Tre,2019-11-12,0.6853601459594016
Ben Tre,2019-11-13,4.035480801429771
Ben Tre,2019-11-14,3.0308410581922156
Ben Tre,2019-11-15,0.03648866155210416
Ben Tre,2019-11-16,0
Ben Tre,2019-11-17,0.04686832646849323
Ben Tre,2019-11-18,0
Ben Tre,2019-11-19,0.05134620225549513
Ben Tre,2019-11-20,0
Ben Tre,2019-11-21,0
Ben Tre,2019-11-22,0
Ben Tre,2019-11-23,0
Ben Tre,2019-11-24,0
Ben Tre,2019-11-25,2.097451584311131
Ben Tre,2019-11-26,0.135857344055224
Ben Tre,2019-11-27,0.08690694881729487
Ben Tre,2019-11-28,0
Ben Tre,2019-11-29,0
Ben Tre,2019-11-30,0
Ben Tre,2019-12-01,0
Ben Tre,2019-12-02,0.16339209126227383
Ben Tre,2019-12-03,0.7011580026972525
Ben Tre,2019-12-04,0.020104759431324067
Ben Tre,2019-12-05,0
Ben Tre,2019-12-06,0
Ben Tre,2019-12-07,0
Ben Tre,2019-12-08,0
Ben Tre,2019-12-09,0
Ben Tre,2019-12-10,0
Ben Tre,2019-12-11,0
Ben Tre,2019-12-12,0.05051488183988152
Ben Tre,2019-12-13,0
Ben Tre,2019-12-14,1.9232260216239756
Ben Tre,2019-12-15,0.2606909976345106
Ben Tre,2019-12-16,3.54914257470877
Ben Tre,2019-12-17,0.047024964493099224
Ben Tre,2019-12-18,3.073772068068259
Ben Tre,2019-12-19,0
Ben Tre,2019-12-20,0
Ben Tre,2019-12-21,0
Ben Tre,2019-12-22,0
Ben Tre,2019-12-23,0
Ben Tre,2019-12-24,0
Ben Tre,2019-12-25,0
Ben Tre,2019-12-26,0
Ben Tre,2019-12-27,0
Ben Tre,2019-12-28,0
Ben Tre,2019-12-29,0.2044121523919887
Ben Tre,2019-12-30,0
Ben Tre,2019-12-31,0.07761334060703967
Ben Tre,2020-01-01,0
Ben Tre,2020-01-02,0
Ben Tre,2020-01-03,0.06317046850552013
Ben Tre,2020-01-04,0
Ben Tre,2020-01-05,0
Ben Tre,2020-01-06,0
Ben Tre,2020-01-07,0
Ben Tre,2020-01-08,0
Ben Tre,2020-01-09,0
Ben Tre,2020-01-10,0
Ben Tre,2020-01-11,0.16952777187984994
Ben Tre,2020-01-12,0
Ben Tre,2020-01-13,0
Ben Tre,2020-01-14,0
Ben Tre,2020-01-15,0
Ben Tre,2020-01-16,0
Ben Tre,2020-01-17,0.036063669796827735
Ben Tre,2020-01-18,0
Ben Tre,2020-01-19,0
Ben Tre,2020-01-20,0
Ben Tre,2020-01-21,0
Ben Tre,2020-01-22,0
Ben Tre,2020-01-23,0
Ben Tre,2020-01-24,0
Ben Tre,2020-01-25,0
Ben Tre,2020-01-26,0
Ben Tre,2020-01-27,0
Ben Tre,2020-01-28,0
Ben Tre,2020-01-29,0
Ben Tre,2020-01-30,0
Ben Tre,2020-01-31,0
Ben Tre,2020-02-01,0
Ben Tre,2020-02-02,0
Ben Tre,2020-02-03,0
Ben Tre,2020-02-04,0
Ben Tre,2020-02-05,0.3935229215651265
Ben Tre,2020-02-06,0
Ben Tre,2020-02-07,0
Ben Tre,2020-02-08,0
Ben Tre,2020-02-09,0.023058289180792085
Ben Tre,2020-02-10,0
Ben Tre,2020-02-11,0
Ben Tre,2020-02-12,0.3395080949229362
Ben Tre,2020-02-13,0.0018929293538493283
Ben Tre,2020-02-14,0
Ben Tre,2020-02-15,0
Ben Tre,2020-02-16,0
Ben Tre,2020-02-17,0.534031872047135
Ben Tre,2020-02-18,0
Ben Tre,2020-02-19,0
Ben Tre,2020-02-20,0
Ben Tre,2020-02-21,0.021885111190677674
Ben Tre,2020-02-22,0
Ben Tre,2020-02-23,0.30070501834250773
Ben Tre,2020-02-24,0
Ben Tre,2020-02-25,0
Ben Tre,2020-02-26,0
Ben Tre,2020-02-27,0
Ben Tre,2020-02-28,0
Ben Tre,2020-02-29,0
Ben Tre,2020-03-01,0
Ben Tre,2020-03-02,0
Ben Tre,2020-03-03,0
Ben Tre,2020-03-04,0
Ben Tre,2020-03-05,0.38894899513825193
Ben Tre,2020-03-06,0
Ben Tre,2020-03-07,0
Ben Tre,2020-03-08,0
Ben Tre,2020-03-09,0
Ben Tre,2020-03-10,0.23633267477185485
Ben Tre,2020-03-11,2.602112636348497
Ben Tre,2020-03-12,0
Ben Tre,2020-03-13,0
Ben Tre,2020-03-14,0
Ben Tre,2020-03-15,0
Ben Tre,2020-03-16,0
Ben Tre,2020-03-17,0
Ben Tre,2020-03-18,0
Ben Tre,2020-03-19,0
Ben Tre,2020-03-20,0
Ben Tre,2020-03-21,0
Ben Tre,2020-03-22,0
Ben Tre,2020-03-23,0
Ben Tre,2020-03-24,0.8441003827429846
Ben Tre,2020-03-25,0
Ben Tre,2020-03-26,0
Ben Tre,2020-03-27,0
Ben Tre,2020-03-28,0
Ben Tre,2020-03-29,0
Ben Tre,2020-03-30,1.0245537192022225
Ben Tre,2020-03-31,0
Ben Tre,2020-04-01,0
Ben Tre,2020-04-02,0
Ben Tre,2020-04-03,0
Ben Tre,2020-04-04,0
Ben Tre,2020-04-05,0
Ben Tre,2020-04-06,0
Ben Tre,2020-04-07,0
Ben Tre,2020-04-08,0.027999045618228902
Ben Tre,2020-04-09,0
Ben Tre,2020-04-10,0
Ben Tre,2020-04-11,0
Ben Tre,2020-04-12,0
Ben Tre,2020-04-13,15.256815648176314
Ben Tre,2020-04-14,0
Ben Tre,2020-04-15,0
Ben Tre,2020-04-16,0
Ben Tre,2020-04-17,0
Ben Tre,2020-04-18,0
Ben Tre,2020-04-19,0
Ben Tre,2020-04-20,0
Ben Tre,2020-04-21,0
Ben Tre,2020-04-22,0.028089121303473224
Ben Tre,2020-04-23,0.008358836731228192
Ben Tre,2020-04-24,0.2744636785965466
Ben Tre,2020-04-25,0.3773641355359873
Ben Tre,2020-04-26,0.35737784426804775
Ben Tre,2020-04-27,0.5419827620546489
Ben Tre,2020-04-28,0.09711909147545221
Ben Tre,2020-04-29,0.06172226310835523
Ben Tre,2020-04-30,0
Ben Tre,2020-05-01,0
Ben Tre,2020-05-02,0
Ben Tre,2020-05-03,0
Ben Tre,2020-05-04,0
Ben Tre,2020-05-05,0
Ben Tre,2020-05-06,0
Ben Tre,2020-05-07,0
Ben Tre,2020-05-08,0
Ben Tre,2020-05-09,0
Ben Tre,2020-05-10,0
Ben Tre,2020-05-11,0
Ben Tre,2020-05-12,0
Ben Tre,2020-05-13,0
Ben Tre,2020-05-14,0
Ben Tre,2020-05-15,0
Ben Tre,2020-05-16,3.3277213064029008
Ben Tre,2020-05-17,3.2867785241873237
Ben Tre,2020-05-18,0
Ben Tre,2020-05-19,6.9794290733421755
Ben Tre,2020-05-20,6.539309422482983
Ben Tre,2020-05-21,2.456283653104221
Ben Tre,2020-05-22,2.984100410008263
Ben Tre,2020-05-23,12.859787436170569
Ben Tre,2020-05-24,4.550154422716719
Ben Tre,2020-05-25,1.6599018867554884
Ben Tre,2020-05-26,0
Ben Tre,2020-05-27,7.0747796455654335
Ben Tre,2020-05-28,5.1993545808807
Ben Tre,2020-05-29,8.962882316814815
Ben Tre,2020-05-30,7.783714079187211
Ben Tre,2020-05-31,5.638374710392241
Ben Tre,2020-06-01,19.75896280901294
Ben Tre,2020-06-02,8.114631464944496
Ben Tre,2020-06-03,4.599499793546037
Ben Tre,2020-06-04,10.801549218782966
Ben Tre,2020-06-05,8.526327214662908
Ben Tre,2020-06-06,3.623494224778858
Ben Tre,2020-06-07,0.5043539814574146
Ben Tre,2020-06-08,5.01217722788346
Ben Tre,2020-06-09,8.561224787502425
Ben Tre,2020-06-10,11.76954751469118
Ben Tre,2020-06-11,6.477027949119424
Ben Tre,2020-06-12,6.111869570671517
Ben Tre,2020-06-13,31.196169101298878
Ben Tre,2020-06-14,25.379446731334795
Ben Tre,2020-06-15,9.372597855618416
Ben Tre,2020-06-16,9.407395762524146
Ben Tre,2020-06-17,5.17606056631603
Ben Tre,2020-06-18,15.171165457071853
Ben Tre,2020-06-19,9.88088347926192
Ben Tre,2020-06-20,19.505221392664915
Ben Tre,2020-06-21,7.54464039324851
Ben Tre,2020-06-22,0.33509320150943966
Ben Tre,2020-06-23,0.30239310489281385
Ben Tre,2020-06-24,4.950379474723186
Ben Tre,2020-06-25,4.650265188926386
Ben Tre,2020-06-26,0.5071060138335655
Ben Tre,2020-06-27,11.377260500653732
Ben Tre,2020-06-28,22.905102327034932
Ben Tre,2020-06-29,11.066842805391998
Ben Tre,2020-06-30,11.319522324625247
Ben Tre,2020-07-01,8.807969910393581
Ben Tre,2020-07-02,15.9022896413618
Ben Tre,2020-07-03,9.514726501507736
Ben Tre,2020-07-04,0
Ben Tre,2020-07-05,7.881829579945651
Ben Tre,2020-07-06,6.609853343160032
Ben Tre,2020-07-07,0
Ben Tre,2020-07-08,6.761117067408121
Ben Tre,2020-07-09,0
Ben Tre,2020-07-10,2.1153014624561064
Ben Tre,2020-07-11,2.0579380566694216
Ben Tre,2020-07-12,7.759339731065994
Ben Tre,2020-07-13,6.37077336655309
Ben Tre,2020-07-14,12.58703963215509
Ben Tre,2020-07-15,3.6652277504092097
Ben Tre,2020-07-16,3.0527446961515348
Ben Tre,2020-07-17,2.9914147989365505
Ben Tre,2020-07-18,2.5190829026609713
Ben Tre,2020-07-19,1.9097102087140265
Ben Tre,2020-07-20,4.050358686217933
Ben Tre,2020-07-21,4.355070560501669
Ben Tre,2020-07-22,0
Ben Tre,2020-07-23,10.863813766646238
Ben Tre,2020-07-24,7.131777007790546
Ben Tre,2020-07-25,0.1441926228079931
Ben Tre,2020-07-26,0.056693299542468566
Ben Tre,2020-07-27,0.3584968970841689
Ben Tre,2020-07-28,2.360936660769012
Ben Tre,2020-07-29,10.084503093468408
Ben Tre,2020-07-30,13.244956138184506
Ben Tre,2020-07-31,18.578267380599605
Ben Tre,2020-08-01,6.0919235216801715
Ben Tre,2020-08-02,18.34091902817307
Ben Tre,2020-08-03,3.1844855526118425
Ben Tre,2020-08-04,0
Ben Tre,2020-08-05,19.5130362305264
Ben Tre,2020-08-06,29.22424894907894
Ben Tre,2020-08-07,0.8417736009009924
Ben Tre,2020-08-08,0.7113980579191488
Ben Tre,2020-08-09,10.518513080802386
Ben Tre,2020-08-10,0.5559708381063609
Ben Tre,2020-08-11,5.5184681574791385
Ben Tre,2020-08-12,8.252492356502158
Ben Tre,2020-08-13,8.406211470465276
Ben Tre,2020-08-14,8.639208504449556
Ben Tre,2020-08-15,1.508288928542474
Ben Tre,2020-08-16,3.8971257051749104
Ben Tre,2020-08-17,2.590093789554654
Ben Tre,2020-08-18,10.740034684314827
Ben Tre,2020-08-19,12.643384305633743
Ben Tre,2020-08-20,3.975849018953535
Ben Tre,2020-08-21,0.502813291704298
Ben Tre,2020-08-22,0
Ben Tre,2020-08-23,0.24876931645661687
Ben Tre,2020-08-24,5.555299385314733
Ben Tre,2020-08-25,5.617834540403794
Ben Tre,2020-08-26,6.027877741514189
Ben Tre,2020-08-27,1.944407406890197
Ben Tre,2020-08-28,13.65713468129878
Ben Tre,2020-08-29,0.4780403738318633
Ben Tre,2020-08-30,1.269593028594114
Ben Tre,2020-08-31,6.617830997758924
Ben Tre,2020-09-01,5.0569001006072085
Ben Tre,2020-09-02,11.910694644341406
Ben Tre,2020-09-03,0.03479736700767608
Ben Tre,2020-09-04,0.8237413316896081
Ben Tre,2020-09-05,0
Ben Tre,2020-09-06,3.1441602251296477
Ben Tre,2020-09-07,2.055754129563442
Ben Tre,2020-09-08,1.6252600358361506
Ben Tre,2020-09-09,11.569210813578321
Ben Tre,2020-09-10,2.4135327257748407
Ben Tre,2020-09-11,2.4029044586517703
Ben Tre,2020-09-12,5.559282423877946
Ben Tre,2020-09-13,12.222297818835335
Ben Tre,2020-09-14,11.814764021341237
Ben Tre,2020-09-15,3.233524965668657
Ben Tre,2020-09-16,8.503548795701922
Ben Tre,2020-09-17,16.935660076386338
Ben Tre,2020-09-18,27.95942165862939
Ben Tre,2020-09-19,8.170841339688993
Ben Tre,2020-09-20,0.325924391481115
Ben Tre,2020-09-21,0.8120558913764981
Ben Tre,2020-09-22,11.152406266710809
Ben Tre,2020-09-23,5.62921163705182
Ben Tre,2020-09-24,5.952476851858935
Ben Tre,2020-09-25,16.320693046372888
Ben Tre,2020-09-26,18.56730148677511
Ben Tre,2020-09-27,17.115311343027244
Ben Tre,2020-09-28,2.277844366507415
Ben Tre,2020-09-29,15.581529431369795
Ben Tre,2020-09-30,0
Ben Tre,2020-10-01,9.187970730984002
Ben Tre,2020-10-02,8.701890224566506
Ben Tre,2020-10-03,0.8190087008266427
Ben Tre,2020-10-04,24.05082326203029
Ben Tre,2020-10-05,20.354139787912736
Ben Tre,2020-10-06,11.738604730549135
Ben Tre,2020-10-07,2.9047592112645266
Ben Tre,2020-10-08,21.29625031015078
Ben Tre,2020-10-09,19.28774832558742
Ben Tre,2020-10-10,20.758094846391586
Ben Tre,2020-10-11,19.552644343578375
Ben Tre,2020-10-12,11.997528539214152
Ben Tre,2020-10-13,15.905147154044977
Ben Tre,2020-10-14,24.250000429629345
Ben Tre,2020-10-15,23.05347737857567
Ben Tre,2020-10-16,26.07210157964437
Ben Tre,2020-10-17,12.777881330854852
Ben Tre,2020-10-18,33.05992533275392
Ben Tre,2020-10-19,1.6163064018974318
Ben Tre,2020-10-20,14.386711228635285
Ben Tre,2020-10-21,8.380922924098293
Ben Tre,2020-10-22,4.403402913358181
Ben Tre,2020-10-23,9.012530837655598
Ben Tre,2020-10-24,1.673420358648922
Ben Tre,2020-10-25,7.54003898756185
Ben Tre,2020-10-26,4.604093190298116
Ben Tre,2020-10-27,0.4721534454496744
Ben Tre,2020-10-28,12.685822898033285
Ben Tre,2020-10-29,10.856013189683582
Ben Tre,2020-10-30,14.442066274974588
Ben Tre,2020-10-31,10.284461405752449
Ben Tre,2020-11-01,14.128410085184223
Ben Tre,2020-11-02,0
Ben Tre,2020-11-03,1.7969482481271324
Ben Tre,2020-11-04,1.306447962507397
Ben Tre,2020-11-05,15.228976937692114
Ben Tre,2020-11-06,23.238723667053378
Ben Tre,2020-11-07,0.0002607393652312394
Ben Tre,2020-11-08,0.5028794453250197
Ben Tre,2020-11-09,4.166125401580301
Ben Tre,2020-11-10,0.558546819320231
Ben Tre,2020-11-11,0
Ben Tre,2020-11-12,0
Ben Tre,2020-11-13,0
Ben Tre,2020-11-14,0
Ben Tre,2020-11-15,0
Ben Tre,2020-11-16,0.9082987582090707
Ben Tre,2020-11-17,0
Ben Tre,2020-11-18,0.03667460420826749
Ben Tre,2020-11-19,6.776354229324227
Ben Tre,2020-11-20,0.2161189750073489
Ben Tre,2020-11-21,1.482570757749242
Ben Tre,2020-11-22,0.13264992545618584
Ben Tre,2020-11-23,0.51130197426392
Ben Tre,2020-11-24,0
Ben Tre,2020-11-25,9.580348313740794
Ben Tre,2020-11-26,0
Ben Tre,2020-11-27,1.0707962731539582
Ben Tre,2020-11-28,18.240781658317353
Ben Tre,2020-11-29,2.663509811135992
Ben Tre,2020-11-30,5.442947047260851
Ben Tre,2020-12-01,0.3417470382380076
Ben Tre,2020-12-02,0
Ben Tre,2020-12-03,0
Ben Tre,2020-12-04,0
Ben Tre,2020-12-05,0.08790685989261655
Ben Tre,2020-12-06,0.06118273011166339
Ben Tre,2020-12-07,0.020118765742240544
Ben Tre,2020-12-08,0.026080565934091467
Ben Tre,2020-12-09,0
Ben Tre,2020-12-10,0
Ben Tre,2020-12-11,3.056710129035782
Ben Tre,2020-12-12,0.06994735640907619
Ben Tre,2020-12-13,0.07802657586687786
Ben Tre,2020-12-14,0
Ben Tre,2020-12-15,0.5072778610800246
Ben Tre,2020-12-16,0.1242684238799453
Ben Tre,2020-12-17,0
Ben Tre,2020-12-18,6.932151611204595
Ben Tre,2020-12-19,8.286804251587107
Ben Tre,2020-12-20,1.9656516437194789
Ben Tre,2020-12-21,3.848476505893987
Ben Tre,2020-12-22,18.18771446178391
Ben Tre,2020-12-23,8.136758911628226
Ben Tre,2020-12-24,0
Ben Tre,2020-12-25,0
Ben Tre,2020-12-26,0
Ben Tre,2020-12-27,1.5847452656667647
Ben Tre,2020-12-28,0
Ben Tre,2020-12-29,0
Ben Tre,2020-12-30,8.686994888107119
Ben Tre,2020-12-31,0.019411557859363836
Ben Tre,2021-01-01,0.46721627736144833
Ben Tre,2021-01-02,0
Ben Tre,2021-01-03,0.24083198604771694
Ben Tre,2021-01-04,0.026111410658811434
Ben Tre,2021-01-05,0.8204101414039332
Ben Tre,2021-01-06,0.019707741765276777
Ben Tre,2021-01-07,0.013030233501449271
Ben Tre,2021-01-08,0.4702389069573275
Ben Tre,2021-01-09,0
Ben Tre,2021-01-10,0
Ben Tre,2021-01-11,0.0032814602131602017
Ben Tre,2021-01-12,0
Ben Tre,2021-01-13,0
Ben Tre,2021-01-14,0.03831672270624203
Ben Tre,2021-01-15,0
Ben Tre,2021-01-16,0.1957589132276672
Ben Tre,2021-01-17,0
Ben Tre,2021-01-18,0.009361287571331998
Ben Tre,2021-01-19,0.6673988175106265
Ben Tre,2021-01-20,0.16012691925634925
Ben Tre,2021-01-21,0.4099997578131284
Ben Tre,2021-01-22,0
Ben Tre,2021-01-23,0
Ben Tre,2021-01-24,0
Ben Tre,2021-01-25,0
Ben Tre,2021-01-26,0
Ben Tre,2021-01-27,0
Ben Tre,2021-01-28,0
Ben Tre,2021-01-29,0
Ben Tre,2021-01-30,0.05826908333173938
Ben Tre,2021-01-31,0
Ben Tre,2021-02-01,0
Ben Tre,2021-02-02,0
Ben Tre,2021-02-03,0
Ben Tre,2021-02-04,0
Ben Tre,2021-02-05,0
Ben Tre,2021-02-06,0
Ben Tre,2021-02-07,0
Ben Tre,2021-02-08,0
Ben Tre,2021-02-09,0
Ben Tre,2021-02-10,0
Ben Tre,2021-02-11,1.129683368737238
Ben Tre,2021-02-12,0
Ben Tre,2021-02-13,0
Ben Tre,2021-02-14,0
Ben Tre,2021-02-15,0
Ben Tre,2021-02-16,0
Ben Tre,2021-02-17,0
Ben Tre,2021-02-18,0
Ben Tre,2021-02-19,1.3833640801528586
Ben Tre,2021-02-20,0.03219527289024749
Ben Tre,2021-02-21,0
Ben Tre,2021-02-22,0
Ben Tre,2021-02-23,0
Ben Tre,2021-02-24,0.1422002045848312
Ben Tre,2021-02-25,0.15222004144955886
Ben Tre,2021-02-26,0
Ben Tre,2021-02-27,0
Ben Tre,2021-02-28,0
Ben Tre,2021-03-01,0.14276716053227345
Ben Tre,2021-03-02,0
Ben Tre,2021-03-03,0
Ben Tre,2021-03-04,0
Ben Tre,2021-03-05,0
Ben Tre,2021-03-06,0
Ben Tre,2021-03-07,0
Ben Tre,2021-03-08,0
Ben Tre,2021-03-09,0.36089690260602625
Ben Tre,2021-03-10,0.03660617384924841
Ben Tre,2021-03-11,0
Ben Tre,2021-03-12,0
Ben Tre,2021-03-13,0
Ben Tre,2021-03-14,0
Ben Tre,2021-03-15,0
Ben Tre,2021-03-16,0
Ben Tre,2021-03-17,0
Ben Tre,2021-03-18,0
Ben Tre,2021-03-19,0
Ben Tre,2021-03-20,0
Ben Tre,2021-03-21,0
Ben Tre,2021-03-22,0
Ben Tre,2021-03-23,0
Ben Tre,2021-03-24,0
Ben Tre,2021-03-25,0
Ben Tre,2021-03-26,0.023079516787566548
Ben Tre,2021-03-27,0.5083801102205524
Ben Tre,2021-03-28,0
Ben Tre,2021-03-29,0
Ben Tre,2021-03-30,0
Ben Tre,2021-03-31,0
Ben Tre,2021-04-01,0
Ben Tre,2021-04-02,3.326085564733461
Ben Tre,2021-04-03,0
Ben Tre,2021-04-04,0.025220862322266887
Ben Tre,2021-04-05,0.018227106406321535
Ben Tre,2021-04-06,0
Ben Tre,2021-04-07,0
Ben Tre,2021-04-08,0
Ben Tre,2021-04-09,0
Ben Tre,2021-04-10,0
Ben Tre,2021-04-11,0
Ben Tre,2021-04-12,0
Ben Tre,2021-04-13,0
Ben Tre,2021-04-14,13.18167510921993
Ben Tre,2021-04-15,2.300185682457634
Ben Tre,2021-04-16,8.34110945445862
Ben Tre,2021-04-17,2.3113982849544388
Ben Tre,2021-04-18,5.0712711443302485
Ben Tre,2021-04-19,3.5544382269248858
Ben Tre,2021-04-20,0
Ben Tre,2021-04-21,29.48885226855105
Ben Tre,2021-04-22,16.997507580748195
Ben Tre,2021-04-23,12.81098136808685
Ben Tre,2021-04-24,5.991739750832124
Ben Tre,2021-04-25,0.855325895575226
Ben Tre,2021-04-26,1.7842603319644152
Ben Tre,2021-04-27,2.1408268957382637
Ben Tre,2021-04-28,0.005730656557054618
Ben Tre,2021-04-29,0
Ben Tre,2021-04-30,0
Ben Tre,2021-05-01,0
Ben Tre,2021-05-02,0
Ben Tre,2021-05-03,0.09803773922413614
Ben Tre,2021-05-04,0
Ben Tre,2021-05-05,1.1027689437321648
Ben Tre,2021-05-06,8.307582124236282
Ben Tre,2021-05-07,13.615689730008707
Ben Tre,2021-05-08,7.980201405204215
Ben Tre,2021-05-09,0
Ben Tre,2021-05-10,0
Ben Tre,2021-05-11,0
Ben Tre,2021-05-12,1.6862621658469938
Ben Tre,2021-05-13,0.05222156641483007
Ben Tre,2021-05-14,3.5665994049920786
Ben Tre,2021-05-15,9.79537496893272
Ben Tre,2021-05-16,0
Ben Tre,2021-05-17,27.350871994655332
Ben Tre,2021-05-18,0.5163704449690615
Ben Tre,2021-05-19,6.039700823311719
Ben Tre,2021-05-20,0.10282006502482811
Ben Tre,2021-05-21,23.014510004004467
Ben Tre,2021-05-22,7.335445290059198
Ben Tre,2021-05-23,19.75973075365987
Ben Tre,2021-05-24,19.199561794587193
Ben Tre,2021-05-25,22.473172119212276
Ben Tre,2021-05-26,5.988532106946755
Ben Tre,2021-05-27,11.111247455807202
Ben Tre,2021-05-28,0
Ben Tre,2021-05-29,3.7522659888893823
Ben Tre,2021-05-30,0.21721614467855227
Ben Tre,2021-05-31,3.758120908703851
Ben Tre,2021-06-01,5.297238662638765
Ben Tre,2021-06-02,7.296872039451076
Ben Tre,2021-06-03,0.6646351073723663
Ben Tre,2021-06-04,0
Ben Tre,2021-06-05,5.637392131696026
Ben Tre,2021-06-06,16.026219337178407
Ben Tre,2021-06-07,6.799482991300135
Ben Tre,2021-06-08,9.078491520107578
Ben Tre,2021-06-09,6.0596760253923945
Ben Tre,2021-06-10,4.487015939970673
Ben Tre,2021-06-11,17.252026416118177
Ben Tre,2021-06-12,0.7375742047491761
Ben Tre,2021-06-13,0.0948495672502814
Ben Tre,2021-06-14,9.857115761507949
Ben Tre,2021-06-15,15.05338670431642
Ben Tre,2021-06-16,2.4728722296027374
Ben Tre,2021-06-17,8.660529966549548
Ben Tre,2021-06-18,0.044482942379895946
Ben Tre,2021-06-19,0.5118970393271088
Ben Tre,2021-06-20,0.1930961452464373
Ben Tre,2021-06-21,3.2587427834528357
Ben Tre,2021-06-22,6.298334314631688
Ben Tre,2021-06-23,2.3589091363011225
Ben Tre,2021-06-24,0.0002943759527377904
Ben Tre,2021-06-25,1.8566667161028223
Ben Tre,2021-06-26,0.03493855461078519
Ben Tre,2021-06-27,0
Ben Tre,2021-06-28,1.5797007741208042
Ben Tre,2021-06-29,0.6906374442671238
Ben Tre,2021-06-30,9.38971973686373
Ben Tre,2021-07-01,0.6007645177244816
Ben Tre,2021-07-02,0.07630714768986306
Ben Tre,2021-07-03,4.683009568297668
Ben Tre,2021-07-04,6.896826594494448
Ben Tre,2021-07-05,9.042464770412138
Ben Tre,2021-07-06,20.68043606791411
Ben Tre,2021-07-07,10.961433811378908
Ben Tre,2021-07-08,4.134131794784649
Ben Tre,2021-07-09,1.7549850601655401
Ben Tre,2021-07-10,0
Ben Tre,2021-07-11,0.2444025118506502
Ben Tre,2021-07-12,2.5655763441122694
Ben Tre,2021-07-13,5.695974491237617
Ben Tre,2021-07-14,17.173402009424166
Ben Tre,2021-07-15,21.040069954728718
Ben Tre,2021-07-16,3.6920785220109997
Ben Tre,2021-07-17,0.850848698448361
Ben Tre,2021-07-18,13.384732831647417
Ben Tre,2021-07-19,0.29609562781713805
Ben Tre,2021-07-20,8.279427429628448
Ben Tre,2021-07-21,0
Ben Tre,2021-07-22,4.192625895858529
Ben Tre,2021-07-23,10.191648242538564
Ben Tre,2021-07-24,1.7993675078242122
Ben Tre,2021-07-25,1.5971044994090322
Ben Tre,2021-07-26,0.431904005192102
Ben Tre,2021-07-27,2.845050585908972
Ben Tre,2021-07-28,2.822434307826406
Ben Tre,2021-07-29,4.2909233441888786
Ben Tre,2021-07-30,3.140560774008601
Ben Tre,2021-07-31,1.4910414187176366
Ben Tre,2021-08-01,0.8647075840140434
Ben Tre,2021-08-02,0
Ben Tre,2021-08-03,0
Ben Tre,2021-08-04,11.883744505022323
Ben Tre,2021-08-05,4.430638880711004
Ben Tre,2021-08-06,1.120417933516861
Ben Tre,2021-08-07,0
Ben Tre,2021-08-08,2.614553267847249
Ben Tre,2021-08-09,0.04616425034070852
Ben Tre,2021-08-10,3.3161400568762875
Ben Tre,2021-08-11,6.444721979357375
Ben Tre,2021-08-12,1.5552255329937368
Ben Tre,2021-08-13,10.372436205432278
Ben Tre,2021-08-14,11.869022425307268
Ben Tre,2021-08-15,8.65581443361289
Ben Tre,2021-08-16,1.1707530347162507
Ben Tre,2021-08-17,7.792583788902571
Ben Tre,2021-08-18,1.3375522294194897
Ben Tre,2021-08-19,2.519129169209659
Ben Tre,2021-08-20,2.745870546144642
Ben Tre,2021-08-21,0.5034499423611405
Ben Tre,2021-08-22,3.015491626054538
Ben Tre,2021-08-23,13.677826199857058
Ben Tre,2021-08-24,14.318070367345737
Ben Tre,2021-08-25,16.311192643834694
Ben Tre,2021-08-26,9.68609007635674
Ben Tre,2021-08-27,22.115667826462623
Ben Tre,2021-08-28,16.53909766579165
Ben Tre,2021-08-29,2.118492417944534
Ben Tre,2021-08-30,1.4988454176048618
Ben Tre,2021-08-31,1.6874180147310218
Ben Tre,2021-09-01,0.876443746070157
Ben Tre,2021-09-02,7.891078712915419
Ben Tre,2021-09-03,23.4135627465062
Ben Tre,2021-09-04,7.439032845503759
Ben Tre,2021-09-05,12.801289806578016
Ben Tre,2021-09-06,1.8208117155736188
Ben Tre,2021-09-07,16.305772201023082
Ben Tre,2021-09-08,0.5619300534841956
Ben Tre,2021-09-09,7.50272719251757
Ben Tre,2021-09-10,14.987394926648111
Ben Tre,2021-09-11,9.949465081521769
Ben Tre,2021-09-12,7.6956810463291605
Ben Tre,2021-09-13,11.443677612308226
Ben Tre,2021-09-14,19.666490517661778
Ben Tre,2021-09-15,0.8934119556227972
Ben Tre,2021-09-16,3.322494807100579
Ben Tre,2021-09-17,2.7255869338541237
Ben Tre,2021-09-18,7.388567704152835
Ben Tre,2021-09-19,9.929472557543686
Ben Tre,2021-09-20,1.9558127906722376
Ben Tre,2021-09-21,2.208737520758527
Ben Tre,2021-09-22,12.91946105081147
Ben Tre,2021-09-23,5.58822530983684
Ben Tre,2021-09-24,17.507364413228927
Ben Tre,2021-09-25,16.075813443534138
Ben Tre,2021-09-26,4.618109136449617
Ben Tre,2021-09-27,6.499768506493197
Ben Tre,2021-09-28,0.6415603180034452
Ben Tre,2021-09-29,3.6959892478888583
Ben Tre,2021-09-30,16.964375705022636
Ben Tre,2021-10-01,10.670687175125368
Ben Tre,2021-10-02,13.029802070887074
Ben Tre,2021-10-03,10.415701157108895
Ben Tre,2021-10-04,22.545691172830754
Ben Tre,2021-10-05,20.11381195042015
Ben Tre,2021-10-06,14.988966955005907
Ben Tre,2021-10-07,8.493859971604232
Ben Tre,2021-10-08,7.000448694448802
Ben Tre,2021-10-09,8.012127571669803
Ben Tre,2021-10-10,13.187825445988885
Ben Tre,2021-10-11,28.786242068750106
Ben Tre,2021-10-12,0
Ben Tre,2021-10-13,16.20575670819085
Ben Tre,2021-10-14,7.27047353158897
Ben Tre,2021-10-15,26.967721194404103
Ben Tre,2021-10-16,9.307903136023125
Ben Tre,2021-10-17,1.8488734717739959
Ben Tre,2021-10-18,1.133342131908936
Ben Tre,2021-10-19,0
Ben Tre,2021-10-20,24.879016915898582
Ben Tre,2021-10-21,1.55629925680255
Ben Tre,2021-10-22,2.1772515668855776
Ben Tre,2021-10-23,8.195975104638112
Ben Tre,2021-10-24,8.532366483172465
Ben Tre,2021-10-25,7.185327315795358
Ben Tre,2021-10-26,19.55576033079585
Ben Tre,2021-10-27,0.8847564480081533
Ben Tre,2021-10-28,0
Ben Tre,2021-10-29,14.295220972076342
Ben Tre,2021-10-30,0
Ben Tre,2021-10-31,0.509121656568446
Ben Tre,2021-11-01,0
Ben Tre,2021-11-02,1.5017658739374702
Ben Tre,2021-11-03,16.104640868446342
Ben Tre,2021-11-04,0
Ben Tre,2021-11-05,0
Ben Tre,2021-11-06,0.6772837319785524
Ben Tre,2021-11-07,0.09423274727235541
Ben Tre,2021-11-08,0
Ben Tre,2021-11-09,12.66384451291022
Ben Tre,2021-11-10,9.504826320178006
Ben Tre,2021-11-11,25.221849236231524
Ben Tre,2021-11-12,0
Ben Tre,2021-11-13,0.16993409106318477
Ben Tre,2021-11-14,10.16310310152931
Ben Tre,2021-11-15,21.60027166303848
Ben Tre,2021-11-16,8.373532987882875
Ben Tre,2021-11-17,3.845593201997141
Ben Tre,2021-11-18,2.2242678367559976
Ben Tre,2021-11-19,0
Ben Tre,2021-11-20,5.280747497980835
Ben Tre,2021-11-21,0.1193236906904871
Ben Tre,2021-11-22,0
Ben Tre,2021-11-23,0.0640307382096159
Ben Tre,2021-11-24,0.2056681152323189
Ben Tre,2021-11-25,4.0582879021849765
Ben Tre,2021-11-26,1.026428756751216
Ben Tre,2021-11-27,5.541894327571641
Ben Tre,2021-11-28,9.005343363662272
Ben Tre,2021-11-29,12.849789585530875
Ben Tre,2021-11-30,10.113098481893493
Ben Tre,2021-12-01,5.5275146230705765
Ben Tre,2021-12-02,1.6630890927686444
Ben Tre,2021-12-03,0.36021958700344636
Ben Tre,2021-12-04,2.3080580565393993
Ben Tre,2021-12-05,0
Ben Tre,2021-12-06,0
Ben Tre,2021-12-07,0.0028129109293354207
Ben Tre,2021-12-08,0
Ben Tre,2021-12-09,0
Ben Tre,2021-12-10,0
Ben Tre,2021-12-11,0
Ben Tre,2021-12-12,0
Ben Tre,2021-12-13,0.4291114254078526
Ben Tre,2021-12-14,0
Ben Tre,2021-12-15,0
Ben Tre,2021-12-16,0.09689651790777451
Ben Tre,2021-12-17,0.4646912594366041
Ben Tre,2021-12-18,0
Ben Tre,2021-12-19,1.100019634379916
Ben Tre,2021-12-20,0
Ben Tre,2021-12-21,0
Ben Tre,2021-12-22,0
Ben Tre,2021-12-23,0
Ben Tre,2021-12-24,0
Ben Tre,2021-12-25,0
Ben Tre,2021-12-26,0
Ben Tre,2021-12-27,0.07553422093095243
Ben Tre,2021-12-28,0
Ben Tre,2021-12-29,0.0993180151672852
Ben Tre,2021-12-30,7.504573891036069
Ben Tre,2021-12-31,0
Ben Tre,2022-01-01,0
Ben Tre,2022-01-02,0.3552067893607726
Ben Tre,2022-01-03,0.01833766037957887
Ben Tre,2022-01-04,0
Ben Tre,2022-01-05,0
Ben Tre,2022-01-06,0
Ben Tre,2022-01-07,0
Ben Tre,2022-01-08,0
Ben Tre,2022-01-09,0
Ben Tre,2022-01-10,0
Ben Tre,2022-01-11,0
Ben Tre,2022-01-12,0
Ben Tre,2022-01-13,0
Ben Tre,2022-01-14,0
Ben Tre,2022-01-15,0
Ben Tre,2022-01-16,0
Ben Tre,2022-01-17,0
Ben Tre,2022-01-18,0
Ben Tre,2022-01-19,0
Ben Tre,2022-01-20,0
Ben Tre,2022-01-21,0
Ben Tre,2022-01-22,0
Ben Tre,2022-01-23,0
Ben Tre,2022-01-24,0
Ben Tre,2022-01-25,0
Ben Tre,2022-01-26,0
Ben Tre,2022-01-27,0
Ben Tre,2022-01-28,0
Ben Tre,2022-01-29,0
Ben Tre,2022-01-30,0
Ben Tre,2022-01-31,0
Ben Tre,2022-02-01,0
Ben Tre,2022-02-02,0
Ben Tre,2022-02-03,0
Ben Tre,2022-02-04,0
Ben Tre,2022-02-05,0
Ben Tre,2022-02-06,0
Ben Tre,2022-02-07,0
Ben Tre,2022-02-08,0
Ben Tre,2022-02-09,0
Ben Tre,2022-02-10,0
Ben Tre,2022-02-11,0.09938724953013733
Ben Tre,2022-02-12,0
Ben Tre,2022-02-13,0
Ben Tre,2022-02-14,0
Ben Tre,2022-02-15,0
Ben Tre,2022-02-16,0
Ben Tre,2022-02-17,0
Ben Tre,2022-02-18,0
Ben Tre,2022-02-19,0
Ben Tre,2022-02-20,0.29605397862545113
Ben Tre,2022-02-21,0
Ben Tre,2022-02-22,0.7399232355866702
Ben Tre,2022-02-23,0.04274152600499672
Ben Tre,2022-02-24,3.5433801481004625
Ben Tre,2022-02-25,1.117761786006027
Ben Tre,2022-02-26,0
Ben Tre,2022-02-27,0
Ben Tre,2022-02-28,0
Ben Tre,2022-03-01,0
Ben Tre,2022-03-02,0
Ben Tre,2022-03-03,0
Ben Tre,2022-03-04,0
Ben Tre,2022-03-05,1.266255124287088
Ben Tre,2022-03-06,0
Ben Tre,2022-03-07,0.0001188172296900024
Ben Tre,2022-03-08,0
Ben Tre,2022-03-09,0
Ben Tre,2022-03-10,0
Ben Tre,2022-03-11,0
Ben Tre,2022-03-12,0.3054787293079654
Ben Tre,2022-03-13,0
Ben Tre,2022-03-14,0
Ben Tre,2022-03-15,0
Ben Tre,2022-03-16,0
Ben Tre,2022-03-17,0
Ben Tre,2022-03-18,0.08144994143757586
Ben Tre,2022-03-19,0.024010338169371717
Ben Tre,2022-03-20,0.5087287394933795
Ben Tre,2022-03-21,0.2516235792898413
Ben Tre,2022-03-22,0.023639021855723506
Ben Tre,2022-03-23,0
Ben Tre,2022-03-24,0
Ben Tre,2022-03-25,0
Ben Tre,2022-03-26,0
Ben Tre,2022-03-27,0.1876087807582927
Ben Tre,2022-03-28,6.843219533370022
Ben Tre,2022-03-29,0.15873483047890166
Ben Tre,2022-03-30,19.37568015219333
Ben Tre,2022-03-31,6.341081637003279
Ben Tre,2022-04-01,8.907938567694599
Ben Tre,2022-04-02,0
Ben Tre,2022-04-03,1.4627928430619346
Ben Tre,2022-04-04,0.03320909730157296
Ben Tre,2022-04-05,0.12490843966538649
Ben Tre,2022-04-06,0.9076276577191187
Ben Tre,2022-04-07,0.056216129630361066
Ben Tre,2022-04-08,0
Ben Tre,2022-04-09,0.03499222097936197
Ben Tre,2022-04-10,0
Ben Tre,2022-04-11,0
Ben Tre,2022-04-12,0
Ben Tre,2022-04-13,0
Ben Tre,2022-04-14,1.9674412668311048
Ben Tre,2022-04-15,5.273435614523389
Ben Tre,2022-04-16,4.635943624523207
Ben Tre,2022-04-17,0
Ben Tre,2022-04-18,0
Ben Tre,2022-04-19,0
Ben Tre,2022-04-20,0
Ben Tre,2022-04-21,0
Ben Tre,2022-04-22,0
Ben Tre,2022-04-23,0
Ben Tre,2022-04-24,5.448945834570727e-05
Ben Tre,2022-04-25,0
Ben Tre,2022-04-26,0.0005079175756570692
Ben Tre,2022-04-27,0
Ben Tre,2022-04-28,3.657636117888997
Ben Tre,2022-04-29,14.263830247324748
Ben Tre,2022-04-30,2.5297620579102738
Ben Tre,2022-05-01,8.57680819185879
Ben Tre,2022-05-02,14.347991224479227
Ben Tre,2022-05-03,12.49681329931988
Ben Tre,2022-05-04,16.907127413061165
Ben Tre,2022-05-05,3.899184448792218
Ben Tre,2022-05-06,0.09255787522766615
Ben Tre,2022-05-07,0.2485742867658098
Ben Tre,2022-05-08,7.683875288728186
Ben Tre,2022-05-09,0.9594233337942416
Ben Tre,2022-05-10,3.927691168708192
Ben Tre,2022-05-11,2.0127122371870545
Ben Tre,2022-05-12,5.391460114771951
Ben Tre,2022-05-13,5.748525721392203
Ben Tre,2022-05-14,2.1166441928624025
Ben Tre,2022-05-15,2.0851310459082675
Ben Tre,2022-05-16,8.00262332283864
Ben Tre,2022-05-17,12.936046914692485
Ben Tre,2022-05-18,16.350138396239313
Ben Tre,2022-05-19,7.306228715434611
Ben Tre,2022-05-20,12.344861848422513
Ben Tre,2022-05-21,12.630063884056574
Ben Tre,2022-05-22,13.207895149335057
Ben Tre,2022-05-23,0
Ben Tre,2022-05-24,0.07705929830821585
Ben Tre,2022-05-25,0.3464521089393115
Ben Tre,2022-05-26,9.862761377379657
Ben Tre,2022-05-27,16.971773852587976
Ben Tre,2022-05-28,11.13459541614209
Ben Tre,2022-05-29,5.8072679128456945
Ben Tre,2022-05-30,12.944050866086581
Ben Tre,2022-05-31,3.177654330231556
Ben Tre,2022-06-01,3.6530509408199907
Ben Tre,2022-06-02,11.88209435579054
Ben Tre,2022-06-03,9.52280152332468
Ben Tre,2022-06-04,2.348331244151387
Ben Tre,2022-06-05,2.1671036019467627
Ben Tre,2022-06-06,7.070033688693219
Ben Tre,2022-06-07,14.467899364657459
Ben Tre,2022-06-08,0
Ben Tre,2022-06-09,9.679198958474464
Ben Tre,2022-06-10,1.406983285952846
Ben Tre,2022-06-11,7.6671184045508385
Ben Tre,2022-06-12,1.8564901594794987
Ben Tre,2022-06-13,3.047513698002473
Ben Tre,2022-06-14,0
Ben Tre,2022-06-15,0.9176439516176983
Ben Tre,2022-06-16,2.2093673412406374
Ben Tre,2022-06-17,1.2509879045781103
Ben Tre,2022-06-18,2.1195856406647824
Ben Tre,2022-06-19,2.651941919706292
Ben Tre,2022-06-20,3.2262697812481496
Ben Tre,2022-06-21,2.5356749727855807
Ben Tre,2022-06-22,9.61403471429499
Ben Tre,2022-06-23,10.050217766498138
Ben Tre,2022-06-24,2.6288179377884644
Ben Tre,2022-06-25,0.44189619416612663
Ben Tre,2022-06-26,1.9545120959804605
Ben Tre,2022-06-27,3.5290930994627154
Ben Tre,2022-06-28,9.29894408152802
Ben Tre,2022-06-29,7.870284266123881
Ben Tre,2022-06-30,16.364628761378015
Ben Tre,2022-07-01,10.484288615749106
Ben Tre,2022-07-02,21.323132647521053
Ben Tre,2022-07-03,11.705842683554938
Ben Tre,2022-07-04,5.351417248909784
Ben Tre,2022-07-05,0.9144312235944302
Ben Tre,2022-07-06,2.0160680974805394
Ben Tre,2022-07-07,18.29839224844887
Ben Tre,2022-07-08,20.790905843841493
Ben Tre,2022-07-09,17.49627506048719
Ben Tre,2022-07-10,0.1909153446295982
Ben Tre,2022-07-11,0.06381453781844382
Ben Tre,2022-07-12,8.848796687015923
Ben Tre,2022-07-13,2.7224088653582608
Ben Tre,2022-07-14,0
Ben Tre,2022-07-15,2.0412389359514553
Ben Tre,2022-07-16,4.857147657289434
Ben Tre,2022-07-17,1.1585401799566661
Ben Tre,2022-07-18,7.715859405687293
Ben Tre,2022-07-19,11.80879879782927
Ben Tre,2022-07-20,16.953314332162464
Ben Tre,2022-07-21,15.75225869527078
Ben Tre,2022-07-22,1.094204349046347
Ben Tre,2022-07-23,4.283183454759409
Ben Tre,2022-07-24,0.003244545643779511
Ben Tre,2022-07-25,0
Ben Tre,2022-07-26,14.62055695372672
Ben Tre,2022-07-27,1.9212096882914629
Ben Tre,2022-07-28,3.0185435417953754
Ben Tre,2022-07-29,0.12803686961789545
Ben Tre,2022-07-30,10.675700870017867
Ben Tre,2022-07-31,24.586387747367286
Ben Tre,2022-08-01,20.664736817137804
Ben Tre,2022-08-02,3.808260584889591
Ben Tre,2022-08-03,9.43918783139514
Ben Tre,2022-08-04,1.9744418443376286
Ben Tre,2022-08-05,6.934225265726861
Ben Tre,2022-08-06,7.420188833308101
Ben Tre,2022-08-07,17.285117938653368
Ben Tre,2022-08-08,11.259049642250188
Ben Tre,2022-08-09,1.0664066765972726
Ben Tre,2022-08-10,2.539501986072085
Ben Tre,2022-08-11,5.085656164711229
Ben Tre,2022-08-12,2.343532864448171
Ben Tre,2022-08-13,0
Ben Tre,2022-08-14,3.952970012733149
Ben Tre,2022-08-15,14.961392211628931
Ben Tre,2022-08-16,5.482507031546317
Ben Tre,2022-08-17,3.8881257772094284
Ben Tre,2022-08-18,6.254792618150135
Ben Tre,2022-08-19,8.771604096708277
Ben Tre,2022-08-20,9.04869726206492
Ben Tre,2022-08-21,1.2823158293998875
Ben Tre,2022-08-22,6.8075961880309
Ben Tre,2022-08-23,3.8318475452870806
Ben Tre,2022-08-24,9.66023052184011
Ben Tre,2022-08-25,10.899177493760726
Ben Tre,2022-08-26,9.613621994415658
Ben Tre,2022-08-27,6.435203455149786
Ben Tre,2022-08-28,0.9976477499494516
Ben Tre,2022-08-29,1.9111892936575787
Ben Tre,2022-08-30,0.06844239717444085
Ben Tre,2022-08-31,5.398759589133206
Ben Tre,2022-09-01,0.7207191597764286
Ben Tre,2022-09-02,2.125478386883988
Ben Tre,2022-09-03,1.6980886902112176
Ben Tre,2022-09-04,9.85344355747003
Ben Tre,2022-09-05,13.578507660203028
Ben Tre,2022-09-06,31.24638001112687
Ben Tre,2022-09-07,3.3098029981298223
Ben Tre,2022-09-08,0
Ben Tre,2022-09-09,0
Ben Tre,2022-09-10,1.1185475333683637
Ben Tre,2022-09-11,4.1426435729330535
Ben Tre,2022-09-12,3.3114335942670987
Ben Tre,2022-09-13,2.1720453439955825
Ben Tre,2022-09-14,8.314369015419176
Ben Tre,2022-09-15,6.911638192800782
Ben Tre,2022-09-16,13.948954607876464
Ben Tre,2022-09-17,9.590782781919742
Ben Tre,2022-09-18,7.838907328405779
Ben Tre,2022-09-19,0.2174702855307474
Ben Tre,2022-09-20,5.990449617208923
Ben Tre,2022-09-21,8.420184675535872
Ben Tre,2022-09-22,5.674276957467928
Ben Tre,2022-09-23,3.703222391976555
Ben Tre,2022-09-24,3.793137115955695
Ben Tre,2022-09-25,12.197967941316152
Ben Tre,2022-09-26,8.76146849026935
Ben Tre,2022-09-27,3.2254529566987142
Ben Tre,2022-09-28,11.840439685446123
Ben Tre,2022-09-29,13.169375673506838
Ben Tre,2022-09-30,13.25422947852643
Ben Tre,2022-10-01,13.112371256995337
Ben Tre,2022-10-02,15.313423365769955
Ben Tre,2022-10-03,5.5199069086062735
Ben Tre,2022-10-04,6.298782324717665
Ben Tre,2022-10-05,5.878809227081795
Ben Tre,2022-10-06,7.08222631855544
Ben Tre,2022-10-07,7.787534639670403
Ben Tre,2022-10-08,28.496459686565878
Ben Tre,2022-10-09,19.765964593356017
Ben Tre,2022-10-10,8.488487113032658
Ben Tre,2022-10-11,13.3023772042099
Ben Tre,2022-10-12,26.855316415196334
Ben Tre,2022-10-13,1.4174679335169575
Ben Tre,2022-10-14,5.840177273526416
Ben Tre,2022-10-15,0
Ben Tre,2022-10-16,0
Ben Tre,2022-10-17,6.048143518082988
Ben Tre,2022-10-18,8.22054805503412
Ben Tre,2022-10-19,23.288522928966987
Ben Tre,2022-10-20,31.98477824191003
Ben Tre,2022-10-21,0
Ben Tre,2022-10-22,0.06814478325905057
Ben Tre,2022-10-23,6.724882910536454
Ben Tre,2022-10-24,19.936518330199952
Ben Tre,2022-10-25,9.969367480325207
Ben Tre,2022-10-26,0.10358902324439254
Ben Tre,2022-10-27,40.96867145947641
Ben Tre,2022-10-28,12.995893654735161
Ben Tre,2022-10-29,5.234535592257031
Ben Tre,2022-10-30,0.3321248665856739
Ben Tre,2022-10-31,0
Ben Tre,2022-11-01,0
Ben Tre,2022-11-02,0
Ben Tre,2022-11-03,17.73107306349929
Ben Tre,2022-11-04,17.317565602312875
Ben Tre,2022-11-05,0
Ben Tre,2022-11-06,0.9916825326421657
Ben Tre,2022-11-07,0.3418914542758612
Ben Tre,2022-11-08,0.2394224276225201
Ben Tre,2022-11-09,0
Ben Tre,2022-11-10,0.3287107784953797
Ben Tre,2022-11-11,4.2680748844817415
Ben Tre,2022-11-12,2.07895587942106
Ben Tre,2022-11-13,0.26450093169912536
Ben Tre,2022-11-14,0.0021428769124845876
Ben Tre,2022-11-15,0.0629767546398934
Ben Tre,2022-11-16,0
Ben Tre,2022-11-17,0
Ben Tre,2022-11-18,9.832697840516444
Ben Tre,2022-11-19,28.107473268917353
Ben Tre,2022-11-20,33.76956324401232
Ben Tre,2022-11-21,39.363729791058525
Ben Tre,2022-11-22,24.618930036345862
Ben Tre,2022-11-23,1.0390602340044444
Ben Tre,2022-11-24,0.1688465773896147
Ben Tre,2022-11-25,1.9199602134946518
Ben Tre,2022-11-26,0.15489362735630224
Ben Tre,2022-11-27,0.22507774535192118
Ben Tre,2022-11-28,0
Ben Tre,2022-11-29,0
Ben Tre,2022-11-30,12.534827111761023
Ben Tre,2022-12-01,8.50510329867271
Ben Tre,2022-12-02,5.457329288785795
Ben Tre,2022-12-03,28.442886503861114
Ben Tre,2022-12-04,1.6140365028911459
Ben Tre,2022-12-05,0
Ben Tre,2022-12-06,0.06710471527427958
Ben Tre,2022-12-07,1.031287831281639
Ben Tre,2022-12-08,1.0167430086517786
Ben Tre,2022-12-09,0
Ben Tre,2022-12-10,0
Ben Tre,2022-12-11,0
Ben Tre,2022-12-12,0
Ben Tre,2022-12-13,0
Ben Tre,2022-12-14,0
Ben Tre,2022-12-15,0
Ben Tre,2022-12-16,5.681199533058759
Ben Tre,2022-12-17,5.025022789770045
Ben Tre,2022-12-18,0
Ben Tre,2022-12-19,0
Ben Tre,2022-12-20,0.22582606452135978
Ben Tre,2022-12-21,0.37623727055566214
Ben Tre,2022-12-22,0.08495393876462767
Ben Tre,2022-12-23,0
Ben Tre,2022-12-24,1.0116255222664248
Ben Tre,2022-12-25,0
Ben Tre,2022-12-26,0.9559433770971901
Ben Tre,2022-12-27,0
Ben Tre,2022-12-28,1.0047465192898657
Ben Tre,2022-12-29,0.2041539609891548
Ben Tre,2022-12-30,0.009843188887943234
Ben Tre,2022-12-31,0.9688206603714117
Ben Tre,2023-01-01,0
Ben Tre,2023-01-02,0.03543542992839284
Ben Tre,2023-01-03,0.035828639408078976
Ben Tre,2023-01-04,1.3836552877247843
Ben Tre,2023-01-05,3.165946485228493
Ben Tre,2023-01-06,0.6898027033877534
Ben Tre,2023-01-07,4.3496239537132935
Ben Tre,2023-01-08,1.233261222914053
Ben Tre,2023-01-09,2.141509258270706
Ben Tre,2023-01-10,3.5381328258011626
Ben Tre,2023-01-11,0
Ben Tre,2023-01-12,0
Ben Tre,2023-01-13,0
Ben Tre,2023-01-14,0
Ben Tre,2023-01-15,0
Ben Tre,2023-01-16,0
Ben Tre,2023-01-17,0
Ben Tre,2023-01-18,0.16594449219645646
Ben Tre,2023-01-19,0
Ben Tre,2023-01-20,0
Ben Tre,2023-01-21,0
Ben Tre,2023-01-22,0.04589405778975731
Ben Tre,2023-01-23,0
Ben Tre,2023-01-24,0
Ben Tre,2023-01-25,0.239327125027277
Ben Tre,2023-01-26,0.05078902466249863
Ben Tre,2023-01-27,0.0002565384915127335
Ben Tre,2023-01-28,0.03422338112071173
Ben Tre,2023-01-29,0
Ben Tre,2023-01-30,0.21831080186475973
Ben Tre,2023-01-31,0
Ben Tre,2023-02-01,0.1738147122155051
Ben Tre,2023-02-02,0
Ben Tre,2023-02-03,1.4190731509718677
Ben Tre,2023-02-04,0
Ben Tre,2023-02-05,0
Ben Tre,2023-02-06,0
Ben Tre,2023-02-07,0
Ben Tre,2023-02-08,0.47300470676021344
Ben Tre,2023-02-09,0
Ben Tre,2023-02-10,0
Ben Tre,2023-02-11,0
Ben Tre,2023-02-12,0.3250219217926828
Ben Tre,2023-02-13,1.9458183658375525
Ben Tre,2023-02-14,1.7525177587934528
Ben Tre,2023-02-15,0.23463525972692836
Ben Tre,2023-02-16,0
Ben Tre,2023-02-17,0
Ben Tre,2023-02-18,0
Ben Tre,2023-02-19,0.0016534011800821177
Ben Tre,2023-02-20,0
Ben Tre,2023-02-21,0
Ben Tre,2023-02-22,0
Ben Tre,2023-02-23,0
Ben Tre,2023-02-24,0
Ben Tre,2023-02-25,0
Ben Tre,2023-02-26,0
Ben Tre,2023-02-27,1.0846789442183182
Ben Tre,2023-02-28,0.02557127376443468
Ben Tre,2023-03-01,0.160546047349084
Ben Tre,2023-03-02,0.2719085999437146
Ben Tre,2023-03-03,0.5511936336014053
Ben Tre,2023-03-04,1.3706717702064055
Ben Tre,2023-03-05,0.19109585272938037
Ben Tre,2023-03-06,1.031339531085986
Ben Tre,2023-03-07,0.06144114929575437
Ben Tre,2023-03-08,0.048561690556163196
Ben Tre,2023-03-09,0
Ben Tre,2023-03-10,0
Ben Tre,2023-03-11,0
Ben Tre,2023-03-12,0
Ben Tre,2023-03-13,0
Ben Tre,2023-03-14,0
Ben Tre,2023-03-15,0
Ben Tre,2023-03-16,0
Ben Tre,2023-03-17,0
Ben Tre,2023-03-18,0
Ben Tre,2023-03-19,0
Ben Tre,2023-03-20,0
Ben Tre,2023-03-21,0
Ben Tre,2023-03-22,0
Ben Tre,2023-03-23,0
Ben Tre,2023-03-24,0
Ben Tre,2023-03-25,0
Ben Tre,2023-03-26,0
Ben Tre,2023-03-27,0
Ben Tre,2023-03-28,0.10690735853982888
Ben Tre,2023-03-29,0
Ben Tre,2023-03-30,0
Ben Tre,2023-03-31,0.12060445028791714
Ben Tre,2023-04-01,0
Ben Tre,2023-04-02,0
Ben Tre,2023-04-03,0.30105551305096123
Ben Tre,2023-04-04,0
Ben Tre,2023-04-05,0
Ben Tre,2023-04-06,0
Ben Tre,2023-04-07,0
Ben Tre,2023-04-08,0
Ben Tre,2023-04-09,0
Ben Tre,2023-04-10,0
Ben Tre,2023-04-11,0
Ben Tre,2023-04-12,0
Ben Tre,2023-04-13,0
Ben Tre,2023-04-14,0
Ben Tre,2023-04-15,11.773375619881966
Ben Tre,2023-04-16,5.543240084775441
Ben Tre,2023-04-17,1.057532910372567
Ben Tre,2023-04-18,0
Ben Tre,2023-04-19,0
Ben Tre,2023-04-20,0
Ben Tre,2023-04-21,0.0969303168110754
Ben Tre,2023-04-22,0
Ben Tre,2023-04-23,0
Ben Tre,2023-04-24,0.40373492394516935
Ben Tre,2023-04-25,0
Ben Tre,2023-04-26,0
Ben Tre,2023-04-27,0
Ben Tre,2023-04-28,0
Ben Tre,2023-04-29,0
Ben Tre,2023-04-30,0.991940983517344
Ben Tre,2023-05-01,0
Ben Tre,2023-05-02,0
Ben Tre,2023-05-03,0
Ben Tre,2023-05-04,0
Ben Tre,2023-05-05,0.009687753653794375
Ben Tre,2023-05-06,0
Ben Tre,2023-05-07,0.5377443020592872
Ben Tre,2023-05-08,6.003071028754434
Ben Tre,2023-05-09,5.548206223022686
Ben Tre,2023-05-10,0.022236205263780784
Ben Tre,2023-05-11,9.336160264753337
Ben Tre,2023-05-12,3.897550675413878
Ben Tre,2023-05-13,0.07574116578778604
Ben Tre,2023-05-14,0.14861793282529293
Ben Tre,2023-05-15,0.3602497606783079
Ben Tre,2023-05-16,1.496485497919681
Ben Tre,2023-05-17,3.8523509132740124
Ben Tre,2023-05-18,3.919277313860281
Ben Tre,2023-05-19,0.48249292879670475
Ben Tre,2023-05-20,10.32387117722685
Ben Tre,2023-05-21,12.179787240791622
Ben Tre,2023-05-22,3.5433180898336363
Ben Tre,2023-05-23,3.2697432539350304
Ben Tre,2023-05-24,6.9690595872127
Ben Tre,2023-05-25,7.231728384920174
Ben Tre,2023-05-26,12.724204341321215
Ben Tre,2023-05-27,16.79087903367378
Ben Tre,2023-05-28,0.10930488170531093
Ben Tre,2023-05-29,8.832418732709995
Ben Tre,2023-05-30,1.1667227834612468
Ben Tre,2023-05-31,13.301007331193228
Ben Tre,2023-06-01,0.9111185535188027
Ben Tre,2023-06-02,6.309456322134614
Ben Tre,2023-06-03,4.0217468703616905
Ben Tre,2023-06-04,13.399270756337936
Ben Tre,2023-06-05,11.144589194017762
Ben Tre,2023-06-06,7.0028955018881325
Ben Tre,2023-06-07,13.107510022104645
Ben Tre,2023-06-08,5.943730002308605
Ben Tre,2023-06-09,0.0704910163704298
Ben Tre,2023-06-10,9.175308943326916
Ben Tre,2023-06-11,3.8559568790946313
Ben Tre,2023-06-12,5.57909242702333
Ben Tre,2023-06-13,3.4332952355216046
Ben Tre,2023-06-14,0.0850661653726785
Ben Tre,2023-06-15,3.968247856376759
Ben Tre,2023-06-16,0.9540346037760713
Ben Tre,2023-06-17,13.324342145444714
Ben Tre,2023-06-18,7.22740808392483
Ben Tre,2023-06-19,0
Ben Tre,2023-06-20,27.333248713917417
Ben Tre,2023-06-21,0.9725173563436545
Ben Tre,2023-06-22,8.905787852265568
Ben Tre,2023-06-23,6.1295336056253635
Ben Tre,2023-06-24,3.5797362418336798
Ben Tre,2023-06-25,5.475738994376547
Ben Tre,2023-06-26,4.646236121983321
Ben Tre,2023-06-27,12.18105827610975
Ben Tre,2023-06-28,4.798804305742008
Ben Tre,2023-06-29,2.03178135952247
Ben Tre,2023-06-30,9.50253496876053
Ben Tre,2023-07-01,26.79870097266804
Ben Tre,2023-07-02,6.356571796964775
Ben Tre,2023-07-03,14.513323192220541
Ben Tre,2023-07-04,3.8379386684570997
Ben Tre,2023-07-05,4.131503034100844
Ben Tre,2023-07-06,1.0476911258621209
Ben Tre,2023-07-07,0.03648401817713417
Ben Tre,2023-07-08,4.095913053407275
Ben Tre,2023-07-09,3.299369380193675
Ben Tre,2023-07-10,0.46182968499319454
Ben Tre,2023-07-11,6.818349159114784
Ben Tre,2023-07-12,8.946237778419668
Ben Tre,2023-07-13,22.61847736015519
Ben Tre,2023-07-14,5.508754393886446
Ben Tre,2023-07-15,3.2928282074332524
Ben Tre,2023-07-16,21.53082677534608
Ben Tre,2023-07-17,18.539661161170777
Ben Tre,2023-07-18,5.546149705100592
Ben Tre,2023-07-19,11.273885920418545
Ben Tre,2023-07-20,0
Ben Tre,2023-07-21,21.502907297538663
Ben Tre,2023-07-22,9.991219002487597
Ben Tre,2023-07-23,12.226672051143375
Ben Tre,2023-07-24,18.329656314211324
Ben Tre,2023-07-25,9.47309307811707
Ben Tre,2023-07-26,14.049257105715169
Ben Tre,2023-07-27,20.29779637408578
Ben Tre,2023-07-28,10.220287461669777
Ben Tre,2023-07-29,2.166283028238312
Ben Tre,2023-07-30,27.944285899417036
Ben Tre,2023-07-31,11.07845930387112
Ben Tre,2023-08-01,7.015166406115019
Ben Tre,2023-08-02,5.370414483098929
Ben Tre,2023-08-03,3.1045769987926803
Ben Tre,2023-08-04,3.1733639435441434
Ben Tre,2023-08-05,3.4762459876648077
Ben Tre,2023-08-06,0
Ben Tre,2023-08-07,0
Ben Tre,2023-08-08,0
Ben Tre,2023-08-09,0
Ben Tre,2023-08-10,2.4662869500376967
Ben Tre,2023-08-11,0
Ben Tre,2023-08-12,4.478949752913961
Ben Tre,2023-08-13,3.8506584512854594
Ben Tre,2023-08-14,22.46377169348473
Ben Tre,2023-08-15,0
Ben Tre,2023-08-16,7.5089323097677525
Ben Tre,2023-08-17,7.721103788330797
Ben Tre,2023-08-18,11.40639106102952
Ben Tre,2023-08-19,15.802230972046358
Ben Tre,2023-08-20,3.4487657813055628
Ben Tre,2023-08-21,0.8045984501436485
Ben Tre,2023-08-22,16.160814763039163
Ben Tre,2023-08-23,1.612281298182581
Ben Tre,2023-08-24,0.1255194059235325
Ben Tre,2023-08-25,1.0787321353062094
Ben Tre,2023-08-26,9.707527470396922
Ben Tre,2023-08-27,5.892967137355891
Ben Tre,2023-08-28,12.238190387552025
Ben Tre,2023-08-29,10.079706485273364
Ben Tre,2023-08-30,5.783560457674184
Ben Tre,2023-08-31,12.453989646628257
Ben Tre,2023-09-01,5.61553692300631
Ben Tre,2023-09-02,3.3525030346585822
Ben Tre,2023-09-03,11.846550678541206
Ben Tre,2023-09-04,7.471499169606254
Ben Tre,2023-09-05,4.148554172315874
Ben Tre,2023-09-06,5.339070173204837
Ben Tre,2023-09-07,1.4127672231638622
Ben Tre,2023-09-08,8.764189459255796
Ben Tre,2023-09-09,4.1007600034438365
Ben Tre,2023-09-10,4.555017854216908
Ben Tre,2023-09-11,0
Ben Tre,2023-09-12,4.2646270643843005
Ben Tre,2023-09-13,8.226709997136405
Ben Tre,2023-09-14,13.627399536907417
Ben Tre,2023-09-15,0
Ben Tre,2023-09-16,6.456951860558862
Ben Tre,2023-09-17,5.910194607148872
Ben Tre,2023-09-18,6.8064092512295815
Ben Tre,2023-09-19,5.746462118772727
Ben Tre,2023-09-20,1.0385189637408117
Ben Tre,2023-09-21,3.5623255154406523
Ben Tre,2023-09-22,3.8943621405361637
Ben Tre,2023-09-23,9.906004901805186
Ben Tre,2023-09-24,19.937196679640792
Ben Tre,2023-09-25,6.77554779749105
Ben Tre,2023-09-26,3.9114652581780565
Ben Tre,2023-09-27,6.933961674013196
Ben Tre,2023-09-28,0.23139617759041806
Ben Tre,2023-09-29,20.34294417909749
Ben Tre,2023-09-30,8.105242808623062
Ben Tre,2023-10-01,48.88118606333172
Ben Tre,2023-10-02,20.81916916898996
Ben Tre,2023-10-03,0
Ben Tre,2023-10-04,0.2072980785719264
Ben Tre,2023-10-05,1.0498824711322245
Ben Tre,2023-10-06,2.407525190590417
Ben Tre,2023-10-07,4.139258582772628
Ben Tre,2023-10-08,9.401212262229812
Ben Tre,2023-10-09,5.720930344221008
Ben Tre,2023-10-10,5.174893026347513
Ben Tre,2023-10-11,0
Ben Tre,2023-10-12,2.708922008536975
Ben Tre,2023-10-13,8.371535248860226
Ben Tre,2023-10-14,22.976831262024422
Ben Tre,2023-10-15,16.74596910227293
Ben Tre,2023-10-16,18.43319939342144
Ben Tre,2023-10-17,8.760780729885864
Ben Tre,2023-10-18,5.632879164292499
Ben Tre,2023-10-19,0.8659059999264904
Ben Tre,2023-10-20,0.08255325570710713
Ben Tre,2023-10-21,22.257799740374196
Ben Tre,2023-10-22,0.07662373825630983
Ben Tre,2023-10-23,0.6455773405463098
Ben Tre,2023-10-24,0
Ben Tre,2023-10-25,3.30605792573574
Ben Tre,2023-10-26,1.2522556489505998
Ben Tre,2023-10-27,3.3148620595991054
Ben Tre,2023-10-28,0
Ben Tre,2023-10-29,40.23503921281647
Ben Tre,2023-10-30,1.3854339525072827
Ben Tre,2023-10-31,2.18676311386336
Ben Tre,2023-11-01,1.104370752113636
Ben Tre,2023-11-02,3.337447290797634
Ben Tre,2023-11-03,3.676978635492791
Ben Tre,2023-11-04,0.05256754139094484
Ben Tre,2023-11-05,0.4310623832304575
Ben Tre,2023-11-06,2.520125525441578
Ben Tre,2023-11-07,5.42903575298033
Ben Tre,2023-11-08,0.11312929028866747
Ben Tre,2023-11-09,5.775481971112304
Ben Tre,2023-11-10,16.742064380412828
Ben Tre,2023-11-11,0
Ben Tre,2023-11-12,0
Ben Tre,2023-11-13,0.48390358939202777
Ben Tre,2023-11-14,1.1936406169172822
Ben Tre,2023-11-15,2.3364858987150976
Ben Tre,2023-11-16,18.632091879538457
Ben Tre,2023-11-17,4.310483600383771
Ben Tre,2023-11-18,0.0009236026724880711
Ben Tre,2023-11-19,1.6708442316650873
Ben Tre,2023-11-20,0.7863596884753624
Ben Tre,2023-11-21,0
Ben Tre,2023-11-22,0.3736161495322314
Ben Tre,2023-11-23,11.599983332498198
Ben Tre,2023-11-24,5.247778815520752
Ben Tre,2023-11-25,2.6641202502568544
Ben Tre,2023-11-26,9.269264316129131
Ben Tre,2023-11-27,1.315084188045811
Ben Tre,2023-11-28,2.3176965609687947
Ben Tre,2023-11-29,0
Ben Tre,2023-11-30,0.14731761001308694
Ben Tre,2023-12-01,0
Ben Tre,2023-12-02,22.383481817526206
Ben Tre,2023-12-03,2.608683900069694
Ben Tre,2023-12-04,0.3526420148994144
Ben Tre,2023-12-05,0.5819635511915494
Ben Tre,2023-12-06,1.2326596778694214
Ben Tre,2023-12-07,0.7333095981060003
Ben Tre,2023-12-08,2.1603406909973235
Ben Tre,2023-12-09,0
Ben Tre,2023-12-10,1.3677000904774004
Ben Tre,2023-12-11,0.07268368332402184
Ben Tre,2023-12-12,0
Ben Tre,2023-12-13,0.0961023997411119
Ben Tre,2023-12-14,0.30891659279173245
Ben Tre,2023-12-15,0.024832049957068496
Ben Tre,2023-12-16,0
Ben Tre,2023-12-17,0
Ben Tre,2023-12-18,0
Ben Tre,2023-12-19,0
Ben Tre,2023-12-20,0.0015248735362556646
Ben Tre,2023-12-21,0
Ben Tre,2023-12-22,0.5033171356073225
Ben Tre,2023-12-23,0.5699948683464539
Ben Tre,2023-12-24,0.19448170357414737
Ben Tre,2023-12-25,0
Ben Tre,2023-12-26,0
Ben Tre,2023-12-27,0
Ben Tre,2023-12-28,0
Ben Tre,2023-12-29,0.127835786869216
Ben Tre,2023-12-30,0
Ben Tre,2023-12-31,0
Ben Tre,2024-01-01,0.6722650363901398
Ben Tre,2024-01-02,0
Ben Tre,2024-01-03,0.21836347754048713
Ben Tre,2024-01-04,0
Ben Tre,2024-01-05,0.2997500061682613
Ben Tre,2024-01-06,0.005673633302674223
Ben Tre,2024-01-07,0.033655283892536726
Ben Tre,2024-01-08,0.7663043525167059
Ben Tre,2024-01-09,0.19601791684198933
Ben Tre,2024-01-10,0
Ben Tre,2024-01-11,0.025630167254790386
Ben Tre,2024-01-12,0
Ben Tre,2024-01-13,2.6418544528443886
Ben Tre,2024-01-14,0.5796639402173629
Ben Tre,2024-01-15,0.1764964683385088
Ben Tre,2024-01-16,0.11376318068972599
Ben Tre,2024-01-17,0
Ben Tre,2024-01-18,0
Ben Tre,2024-01-19,0
Ben Tre,2024-01-20,0.10625450988716845
Ben Tre,2024-01-21,0.0008721676415762975
Ben Tre,2024-01-22,0
Ben Tre,2024-01-23,0
Ben Tre,2024-01-24,0
Ben Tre,2024-01-25,0
Ben Tre,2024-01-26,0
Ben Tre,2024-01-27,0
Ben Tre,2024-01-28,0
Ben Tre,2024-01-29,0
Ben Tre,2024-01-30,0
Ben Tre,2024-01-31,0
Ben Tre,2024-02-01,0
Ben Tre,2024-02-02,0
Ben Tre,2024-02-03,0
Ben Tre,2024-02-04,0
Ben Tre,2024-02-05,0
Ben Tre,2024-02-06,0
Ben Tre,2024-02-07,0
Ben Tre,2024-02-08,0.01437595248317731
Ben Tre,2024-02-09,0
Ben Tre,2024-02-10,0
Ben Tre,2024-02-11,0.06645981103951153
Ben Tre,2024-02-12,0
Ben Tre,2024-02-13,0
Ben Tre,2024-02-14,0
Ben Tre,2024-02-15,0
Ben Tre,2024-02-16,0
Ben Tre,2024-02-17,0
Ben Tre,2024-02-18,0.4304141870482513
Ben Tre,2024-02-19,0
Ben Tre,2024-02-20,0
Ben Tre,2024-02-21,0
Ben Tre,2024-02-22,0
Ben Tre,2024-02-23,0
Ben Tre,2024-02-24,0.5084488941864422
Ben Tre,2024-02-25,0
Ben Tre,2024-02-26,0
Ben Tre,2024-02-27,0
Ben Tre,2024-02-28,0
Ben Tre,2024-02-29,0
Ben Tre,2024-03-01,0
Ben Tre,2024-03-02,0.9146401502310305
Ben Tre,2024-03-03,0
Ben Tre,2024-03-04,0
Ben Tre,2024-03-05,0
Ben Tre,2024-03-06,0
Ben Tre,2024-03-07,0.07214070001983613
Ben Tre,2024-03-08,0
Ben Tre,2024-03-09,0.10717199095405823
Ben Tre,2024-03-10,0.15613504713518467
Ben Tre,2024-03-11,0
Ben Tre,2024-03-12,0
Ben Tre,2024-03-13,0
Ben Tre,2024-03-14,0
Ben Tre,2024-03-15,0
Ben Tre,2024-03-16,0
Ben Tre,2024-03-17,0
Ben Tre,2024-03-18,0
Ben Tre,2024-03-19,0
Ben Tre,2024-03-20,0.07620921374702624
Ben Tre,2024-03-21,0
Ben Tre,2024-03-22,0
Ben Tre,2024-03-23,0
Ben Tre,2024-03-24,0
Ben Tre,2024-03-25,0
Ben Tre,2024-03-26,0
Ben Tre,2024-03-27,0
Ben Tre,2024-03-28,0.9498542230515883
Ben Tre,2024-03-29,0.48508325012456993
Ben Tre,2024-03-30,0
Ben Tre,2024-03-31,0.0022354235512364842
Ben Tre,2024-04-01,0.039651969520600024
Ben Tre,2024-04-02,0.00017427905171014
Ben Tre,2024-04-03,0
Ben Tre,2024-04-04,0
Ben Tre,2024-04-05,0
Ben Tre,2024-04-06,0
Ben Tre,2024-04-07,0
Ben Tre,2024-04-08,0
Ben Tre,2024-04-09,0
Ben Tre,2024-04-10,0
Ben Tre,2024-04-11,1.740295708438003
Ben Tre,2024-04-12,0
Ben Tre,2024-04-13,0.130348014282208
Ben Tre,2024-04-14,0.18661554433393168
Ben Tre,2024-04-15,0.03304743721224991
Ben Tre,2024-04-16,0
Ben Tre,2024-04-17,0
Ben Tre,2024-04-18,0
Ben Tre,2024-04-19,0
Ben Tre,2024-04-20,0
Ben Tre,2024-04-21,0
Ben Tre,2024-04-22,0
Ben Tre,2024-04-23,0
Ben Tre,2024-04-24,0
Ben Tre,2024-04-25,0
Ben Tre,2024-04-26,0
Ben Tre,2024-04-27,0
Ben Tre,2024-04-28,0
Ben Tre,2024-04-29,0
Ben Tre,2024-04-30,0.17797217669474757
Ben Tre,2024-05-01,0
Ben Tre,2024-05-02,0
Ben Tre,2024-05-03,0
Ben Tre,2024-05-04,3.770581854104084
Ben Tre,2024-05-05,6.708303803508452
Ben Tre,2024-05-06,0
Ben Tre,2024-05-07,0.14227006191122424
Ben Tre,2024-05-08,0.6892519392766226
Ben Tre,2024-05-09,0.38813593650951544
Ben Tre,2024-05-10,1.2634391627241628
Ben Tre,2024-05-11,0.0002929994160086752
Ben Tre,2024-05-12,0
Ben Tre,2024-05-13,1.8981223049357392
Ben Tre,2024-05-14,0.19279074263270493
Ben Tre,2024-05-15,20.37796829173193
Ben Tre,2024-05-16,17.39848739419048
Ben Tre,2024-05-17,19.489493767878955
Ben Tre,2024-05-18,1.5308389645599292
Ben Tre,2024-05-19,4.18445094351508
Ben Tre,2024-05-20,26.982292273684436
Ben Tre,2024-05-21,3.601703188768432
Ben Tre,2024-05-22,3.1013760574442197
Ben Tre,2024-05-23,6.828399109028166
Ben Tre,2024-05-24,3.6379797728020438
Ben Tre,2024-05-25,1.7224392928579975
Ben Tre,2024-05-26,0.7861506866345525
Ben Tre,2024-05-27,6.773753617875789
Ben Tre,2024-05-28,15.402192431278936
Ben Tre,2024-05-29,20.84684852443957
Ben Tre,2024-05-30,13.286635426012758
Ben Tre,2024-05-31,5.499306896337588
Ben Tre,2024-06-01,1.9765956371604723
Ben Tre,2024-06-02,0.19757712199099925
Ben Tre,2024-06-03,1.3220368083032275
Ben Tre,2024-06-04,9.971037109861902
Ben Tre,2024-06-05,8.766856623884658
Ben Tre,2024-06-06,9.054515352047146
Ben Tre,2024-06-07,11.015070965000218
Ben Tre,2024-06-08,17.694835150362834
Ben Tre,2024-06-09,0.2821966359332903
Ben Tre,2024-06-10,2.6442444624788175
Ben Tre,2024-06-11,5.1993590499715525
Ben Tre,2024-06-12,4.2725203020796485
Ben Tre,2024-06-13,3.5189733686319444
Ben Tre,2024-06-14,8.718809933553382
Ben Tre,2024-06-15,10.713693503656405
Ben Tre,2024-06-16,0.8475350980613693
Ben Tre,2024-06-17,0.42380750684802027
Ben Tre,2024-06-18,13.533910588073196
Ben Tre,2024-06-19,12.3563912954261
Ben Tre,2024-06-20,37.31539361686835
Ben Tre,2024-06-21,23.07011139973664
Ben Tre,2024-06-22,8.931484228596716
Ben Tre,2024-06-23,1.8637543464854545
Ben Tre,2024-06-24,9.400457083272824
Ben Tre,2024-06-25,0.17960947892307141
Ben Tre,2024-06-26,7.246373139125713
Ben Tre,2024-06-27,4.5846621822837985
Ben Tre,2024-06-28,0.06711145030045082
Ben Tre,2024-06-29,0.5729938581596553
Ben Tre,2024-06-30,1.205748700230138
Ben Tre,2024-07-01,2.438542625460017
Ben Tre,2024-07-02,20.711579967941674
Ben Tre,2024-07-03,14.08331582432482
Ben Tre,2024-07-04,14.43706114078194
Ben Tre,2024-07-05,2.304696915079109
Ben Tre,2024-07-06,0
Ben Tre,2024-07-07,5.417730786752495
Ben Tre,2024-07-08,4.109091419849756
Ben Tre,2024-07-09,6.596404249303574
Ben Tre,2024-07-10,9.925636222629885
Ben Tre,2024-07-11,8.067184400271332
Ben Tre,2024-07-12,0.25986944472016194
Ben Tre,2024-07-13,2.969624930544142
Ben Tre,2024-07-14,0.12389499879000833
Ben Tre,2024-07-15,20.363849192954394
Ben Tre,2024-07-16,6.884795659636681
Ben Tre,2024-07-17,17.489628240616096
Ben Tre,2024-07-18,31.223707828601253
Ben Tre,2024-07-19,8.183252474250367
Ben Tre,2024-07-20,11.199448044598169
Ben Tre,2024-07-21,17.663075142852108
Ben Tre,2024-07-22,17.385563622134647
Ben Tre,2024-07-23,6.74100526464399
Ben Tre,2024-07-24,0.7565735494552849
Ben Tre,2024-07-25,19.04866819479704
Ben Tre,2024-07-26,11.538198757167617
Ben Tre,2024-07-27,16.89758297275302
Ben Tre,2024-07-28,2.456356347432994
Ben Tre,2024-07-29,0
Ben Tre,2024-07-30,10.104605989877458
Ben Tre,2024-07-31,17.765649664932624
Ben Tre,2024-08-01,13.97530950648351
Ben Tre,2024-08-02,19.58676650936079
Ben Tre,2024-08-03,10.14032978526004
Ben Tre,2024-08-04,5.441174970876145
Ben Tre,2024-08-05,3.808488263317614
Ben Tre,2024-08-06,8.050260632807278
Ben Tre,2024-08-07,8.441381584655744
Ben Tre,2024-08-08,0
Ben Tre,2024-08-09,1.346599524872637
Ben Tre,2024-08-10,1.5848445176586294
Ben Tre,2024-08-11,0
Ben Tre,2024-08-12,0.2961553785732362
Ben Tre,2024-08-13,0
Ben Tre,2024-08-14,0.2335866128198071
Ben Tre,2024-08-15,0.1930008075932742
Ben Tre,2024-08-16,1.5234332125217145
Ben Tre,2024-08-17,0.020964966586561124
Ben Tre,2024-08-18,0
Ben Tre,2024-08-19,0.10043216778734348
Ben Tre,2024-08-20,1.4179078318091123
Ben Tre,2024-08-21,2.8855071034527655
Ben Tre,2024-08-22,2.0013709076480897
Ben Tre,2024-08-23,8.036560124656594
Ben Tre,2024-08-24,5.574913810779056
Ben Tre,2024-08-25,6.900086804430639
Ben Tre,2024-08-26,9.187556385396581
Ben Tre,2024-08-27,10.73516990555439
Ben Tre,2024-08-28,25.2174350049223
Ben Tre,2024-08-29,14.49948485069197
Ben Tre,2024-08-30,14.293076194280953
Ben Tre,2024-08-31,16.399916017713636
Ben Tre,2024-09-01,16.744963781815684
Ben Tre,2024-09-02,1.5854684273338313
Ben Tre,2024-09-03,5.659105446884126
Ben Tre,2024-09-04,15.280487847256902
Ben Tre,2024-09-05,9.990638788390896
Ben Tre,2024-09-06,9.482863103143144
Ben Tre,2024-09-07,0.12400366093638815
Ben Tre,2024-09-08,1.9510550968831848
Ben Tre,2024-09-09,0
Ben Tre,2024-09-10,27.612813872638835
Ben Tre,2024-09-11,5.586429503238414
Ben Tre,2024-09-12,18.153290133107397
Ben Tre,2024-09-13,13.663605304548868
Ben Tre,2024-09-14,21.169206004055017
Ben Tre,2024-09-15,9.64623711365883
Ben Tre,2024-09-16,8.91912692635417
Ben Tre,2024-09-17,7.123326791483875
Ben Tre,2024-09-18,6.552475650019257
Ben Tre,2024-09-19,0
Ben Tre,2024-09-20,21.184188302222786
Ben Tre,2024-09-21,16.846930441637717
Ben Tre,2024-09-22,11.526148350488702
Ben Tre,2024-09-23,9.804528483351737
Ben Tre,2024-09-24,6.36020526065924
Ben Tre,2024-09-25,6.5695807564538224
Ben Tre,2024-09-26,10.276514844572734
Ben Tre,2024-09-27,0.1041871955099872
Ben Tre,2024-09-28,0
Ben Tre,2024-09-29,1.056063633775914
Ben Tre,2024-09-30,2.7769428655695325
Ben Tre,2024-10-01,6.7411096216417805
Ben Tre,2024-10-02,4.485465488951097
Ben Tre,2024-10-03,8.831270747763657
Ben Tre,2024-10-04,8.33582546198228
Ben Tre,2024-10-05,16.0081688888591
Ben Tre,2024-10-06,23.030765056670358
Ben Tre,2024-10-07,13.476698821713539
Ben Tre,2024-10-08,22.475795262948335
Ben Tre,2024-10-09,11.258415479491767
Ben Tre,2024-10-10,15.30541666565973
Ben Tre,2024-10-11,22.28550610339692
Ben Tre,2024-10-12,13.099849640989266
Ben Tre,2024-10-13,16.389355309934132
Ben Tre,2024-10-14,18.433260832042933
Ben Tre,2024-10-15,14.273893053398014
Ben Tre,2024-10-16,37.285787455813846
Ben Tre,2024-10-17,4.53795893369898
Ben Tre,2024-10-18,1.7280225959000666
Ben Tre,2024-10-19,4.251720353870005
Ben Tre,2024-10-20,9.606459510870051
Ben Tre,2024-10-21,18.716606051343447
Ben Tre,2024-10-22,45.14594556905098
Ben Tre,2024-10-23,3.0807846179935994
Ben Tre,2024-10-24,12.821780719179586
Ben Tre,2024-10-25,0
Ben Tre,2024-10-26,9.38904572902652
Ben Tre,2024-10-27,47.98925289075822
Ben Tre,2024-10-28,2.1623436457966134
Ben Tre,2024-10-29,0.10779041669070259
Ben Tre,2024-10-30,0
Ben Tre,2024-10-31,0
Ben Tre,2024-11-01,27.06784796420613
Ben Tre,2024-11-02,5.947150840033189
Ben Tre,2024-11-03,8.064939498881289
Ben Tre,2024-11-04,15.183152514567864
Ben Tre,2024-11-05,4.420778643142682
Ben Tre,2024-11-06,0.7177789343700073
Ben Tre,2024-11-07,0
Ben Tre,2024-11-08,7.557102203128184
Ben Tre,2024-11-09,0.05630905560836315
Ben Tre,2024-11-10,0.10150662949196984
Ben Tre,2024-11-11,0
Ben Tre,2024-11-12,0
Ben Tre,2024-11-13,2.3920987314910263
Ben Tre,2024-11-14,0
Ben Tre,2024-11-15,0
Ben Tre,2024-11-16,0
Ben Tre,2024-11-17,0
Ben Tre,2024-11-18,0
Ben Tre,2024-11-19,0.2855685274390245
Ben Tre,2024-11-20,2.8024459781960798
Ben Tre,2024-11-21,1.388762148554995
Ben Tre,2024-11-22,0
Ben Tre,2024-11-23,0.2640437069614697
Ben Tre,2024-11-24,0.8825787048257118
Ben Tre,2024-11-25,11.548481391455828
Ben Tre,2024-11-26,9.006859106119345
Ben Tre,2024-11-27,1.5634260066168915
Ben Tre,2024-11-28,3.218496494756657
Ben Tre,2024-11-29,18.69782519313408
Ben Tre,2024-11-30,3.355822223138523
Ben Tre,2024-12-01,1.0494059425617779
Ben Tre,2024-12-02,4.050442241099317
Ben Tre,2024-12-03,15.998962419050228
Ben Tre,2024-12-04,10.613166404592722
Ben Tre,2024-12-05,1.5485845733884667
Ben Tre,2024-12-06,0.16745461107188897
Ben Tre,2024-12-07,0
Ben Tre,2024-12-08,3.7366870622331296
Ben Tre,2024-12-09,3.1238721473325337
Ben Tre,2024-12-10,4.126666677662283
Ben Tre,2024-12-11,6.966226967961265
Ben Tre,2024-12-12,5.51972680575382
Ben Tre,2024-12-13,13.1551178881669
Ben Tre,2024-12-14,7.8160962255476925
Ben Tre,2024-12-15,0.20716064313228408
Ben Tre,2024-12-16,0.2355258003327151
Ben Tre,2024-12-17,0
Ben Tre,2024-12-18,0
Ben Tre,2024-12-19,0
Ben Tre,2024-12-20,0
Ben Tre,2024-12-21,4.127962339048403
Ben Tre,2024-12-22,1.9383163385709108
Ben Tre,2024-12-23,0
Ben Tre,2024-12-24,0
Ben Tre,2024-12-25,0
Ben Tre,2024-12-26,4.484052130512055
Ben Tre,2024-12-27,0
Ben Tre,2024-12-28,0.16353760775844292
Ben Tre,2024-12-29,0
Ben Tre,2024-12-30,0
Ben Tre,2024-12-31,2.9837518945545316
Dong Thap,2019-01-01,2.154282280490976
Dong Thap,2019-01-02,12.35876858646918
Dong Thap,2019-01-03,0
Dong Thap,2019-01-04,0.290144950063531
Dong Thap,2019-01-05,0
Dong Thap,2019-01-06,0
Dong Thap,2019-01-07,0
Dong Thap,2019-01-08,0
Dong Thap,2019-01-09,0
Dong Thap,2019-01-10,0
Dong Thap,2019-01-11,0
Dong Thap,2019-01-12,0
Dong Thap,2019-01-13,0
Dong Thap,2019-01-14,0
Dong Thap,2019-01-15,0.6870201479416195
Dong Thap,2019-01-16,0.000404132577008013
Dong Thap,2019-01-17,0
Dong Thap,2019-01-18,0
Dong Thap,2019-01-19,0
Dong Thap,2019-01-20,0
Dong Thap,2019-01-21,0
Dong Thap,2019-01-22,0
Dong Thap,2019-01-23,1.8273614606931419
Dong Thap,2019-01-24,0
Dong Thap,2019-01-25,0
Dong Thap,2019-01-26,0
Dong Thap,2019-01-27,0
Dong Thap,2019-01-28,0
Dong Thap,2019-01-29,0
Dong Thap,2019-01-30,0
Dong Thap,2019-01-31,0
Dong Thap,2019-02-01,0
Dong Thap,2019-02-02,0
Dong Thap,2019-02-03,0
Dong Thap,2019-02-04,0
Dong Thap,2019-02-05,0
Dong Thap,2019-02-06,0
Dong Thap,2019-02-07,0
Dong Thap,2019-02-08,0
Dong Thap,2019-02-09,0
Dong Thap,2019-02-10,0
Dong Thap,2019-02-11,0
Dong Thap,2019-02-12,0
Dong Thap,2019-02-13,0
Dong Thap,2019-02-14,0
Dong Thap,2019-02-15,0
Dong Thap,2019-02-16,0
Dong Thap,2019-02-17,0
Dong Thap,2019-02-18,0
Dong Thap,2019-02-19,0
Dong Thap,2019-02-20,0
Dong Thap,2019-02-21,0
Dong Thap,2019-02-22,0
Dong Thap,2019-02-23,0
Dong Thap,2019-02-24,0
Dong Thap,2019-02-25,0
Dong Thap,2019-02-26,0
Dong Thap,2019-02-27,0
Dong Thap,2019-02-28,0
Dong Thap,2019-03-01,0
Dong Thap,2019-03-02,0
Dong Thap,2019-03-03,0
Dong Thap,2019-03-04,0
Dong Thap,2019-03-05,0
Dong Thap,2019-03-06,0
Dong Thap,2019-03-07,0
Dong Thap,2019-03-08,0
Dong Thap,2019-03-09,1.371015433554263
Dong Thap,2019-03-10,0
Dong Thap,2019-03-11,0
Dong Thap,2019-03-12,0
Dong Thap,2019-03-13,0
Dong Thap,2019-03-14,0
Dong Thap,2019-03-15,1.360922298255301
Dong Thap,2019-03-16,0
Dong Thap,2019-03-17,4.216130826454031
Dong Thap,2019-03-18,0
Dong Thap,2019-03-19,0
Dong Thap,2019-03-20,0
Dong Thap,2019-03-21,0.23093940017037795
Dong Thap,2019-03-22,0
Dong Thap,2019-03-23,0
Dong Thap,2019-03-24,0
Dong Thap,2019-03-25,0
Dong Thap,2019-03-26,0
Dong Thap,2019-03-27,0
Dong Thap,2019-03-28,0
Dong Thap,2019-03-29,0.4457817602305015
Dong Thap,2019-03-30,0
Dong Thap,2019-03-31,1.175728513820117
Dong Thap,2019-04-01,1.363542672157937
Dong Thap,2019-04-02,0
Dong Thap,2019-04-03,7.28358218306475
Dong Thap,2019-04-04,4.103424173006538
Dong Thap,2019-04-05,0
Dong Thap,2019-04-06,0
Dong Thap,2019-04-07,0.34759618773031914
Dong Thap,2019-04-08,0
Dong Thap,2019-04-09,0
Dong Thap,2019-04-10,0
Dong Thap,2019-04-11,0
Dong Thap,2019-04-12,0.023140009457977933
Dong Thap,2019-04-13,0
Dong Thap,2019-04-14,0.7152516190795258
Dong Thap,2019-04-15,0
Dong Thap,2019-04-16,0.043903927562835676
Dong Thap,2019-04-17,2.939491920215434
Dong Thap,2019-04-18,5.760099271601876
Dong Thap,2019-04-19,0
Dong Thap,2019-04-20,1.1072195735287713
Dong Thap,2019-04-21,0.2672903235682466
Dong Thap,2019-04-22,0.0048527243386138575
Dong Thap,2019-04-23,0.8453043546406744
Dong Thap,2019-04-24,0.031134705108856093
Dong Thap,2019-04-25,0.5820857220738687
Dong Thap,2019-04-26,0
Dong Thap,2019-04-27,1.6530998192029343
Dong Thap,2019-04-28,9.864211244095687
Dong Thap,2019-04-29,0.05840605445965256
Dong Thap,2019-04-30,0.10514981685270115
Dong Thap,2019-05-01,0
Dong Thap,2019-05-02,9.424403696826237
Dong Thap,2019-05-03,6.70841452968291
Dong Thap,2019-05-04,4.132586763090144
Dong Thap,2019-05-05,0
Dong Thap,2019-05-06,2.171875443430425
Dong Thap,2019-05-07,2.074895874494215
Dong Thap,2019-05-08,3.9943886850665757
Dong Thap,2019-05-09,8.998556592241554
Dong Thap,2019-05-10,7.424218823289232
Dong Thap,2019-05-11,10.314494386873246
Dong Thap,2019-05-12,6.825099378202085
Dong Thap,2019-05-13,4.374429183669553
Dong Thap,2019-05-14,1.843584039414419
Dong Thap,2019-05-15,6.642750161465591
Dong Thap,2019-05-16,6.219966428348043
Dong Thap,2019-05-17,0.25678975528834336
Dong Thap,2019-05-18,1.5143605110892533
Dong Thap,2019-05-19,2.6411217732550694
Dong Thap,2019-05-20,6.014022566095782
Dong Thap,2019-05-21,11.21730718555595
Dong Thap,2019-05-22,13.289053743675987
Dong Thap,2019-05-23,1.4159421181364993
Dong Thap,2019-05-24,4.454365112775032
Dong Thap,2019-05-25,10.824451325335735
Dong Thap,2019-05-26,4.113197533288239
Dong Thap,2019-05-27,5.461639336658382
Dong Thap,2019-05-28,11.103492047461033
Dong Thap,2019-05-29,10.204617052966027
Dong Thap,2019-05-30,3.7701867745526942
Dong Thap,2019-05-31,4.138087630745287
Dong Thap,2019-06-01,0.19299559668805397
Dong Thap,2019-06-02,10.714545532638374
Dong Thap,2019-06-03,11.06842123971171
Dong Thap,2019-06-04,8.724696520682988
Dong Thap,2019-06-05,7.28114159632113
Dong Thap,2019-06-06,6.303038979045979
Dong Thap,2019-06-07,3.638611130577002
Dong Thap,2019-06-08,1.951131402046361
Dong Thap,2019-06-09,9.045557600085312
Dong Thap,2019-06-10,10.792868221255155
Dong Thap,2019-06-11,3.1495735193829923
Dong Thap,2019-06-12,5.7240983499457085
Dong Thap,2019-06-13,4.8837509394395315
Dong Thap,2019-06-14,1.71411102358273
Dong Thap,2019-06-15,10.885624599086206
Dong Thap,2019-06-16,15.889851400823536
Dong Thap,2019-06-17,2.5621199782456787
Dong Thap,2019-06-18,0
Dong Thap,2019-06-19,0
Dong Thap,2019-06-20,6.727904262579511
Dong Thap,2019-06-21,18.476259864753466
Dong Thap,2019-06-22,11.266257790242948
Dong Thap,2019-06-23,0.7543170946118295
Dong Thap,2019-06-24,3.3152122348445543
Dong Thap,2019-06-25,5.383610596239148
Dong Thap,2019-06-26,0
Dong Thap,2019-06-27,0
Dong Thap,2019-06-28,10.191481576313201
Dong Thap,2019-06-29,1.8157341524008481
Dong Thap,2019-06-30,8.141473846936512
Dong Thap,2019-07-01,13.710246619221742
Dong Thap,2019-07-02,16.00559874032127
Dong Thap,2019-07-03,1.7514799217099037
Dong Thap,2019-07-04,4.784920225682811
Dong Thap,2019-07-05,0.6093966588293421
Dong Thap,2019-07-06,0.07749117358704125
Dong Thap,2019-07-07,2.7891758027999396
Dong Thap,2019-07-08,1.0392115436830787
Dong Thap,2019-07-09,0
Dong Thap,2019-07-10,0.031617731708016336
Dong Thap,2019-07-11,0
Dong Thap,2019-07-12,3.0543542831412562
Dong Thap,2019-07-13,1.9254391272849227
Dong Thap,2019-07-14,6.551682869972002
Dong Thap,2019-07-15,9.500517423890848
Dong Thap,2019-07-16,9.385338757945373
Dong Thap,2019-07-17,10.075936237125674
Dong Thap,2019-07-18,1.8368318445062541
Dong Thap,2019-07-19,2.034742434806015
Dong Thap,2019-07-20,2.5120211057728428
Dong Thap,2019-07-21,0
Dong Thap,2019-07-22,10.265908965616509
Dong Thap,2019-07-23,5.298703410497244
Dong Thap,2019-07-24,6.014235431256141
Dong Thap,2019-07-25,1.4840839739380876
Dong Thap,2019-07-26,3.1319783983085605
Dong Thap,2019-07-27,10.642517374815352
Dong Thap,2019-07-28,10.730187384062997
Dong Thap,2019-07-29,8.41902772500343
Dong Thap,2019-07-30,1.3826245648170612
Dong Thap,2019-07-31,7.846898432569976
Dong Thap,2019-08-01,6.5283675906350895
Dong Thap,2019-08-02,4.742527186600075
Dong Thap,2019-08-03,2.353190795834816
Dong Thap,2019-08-04,0.013385994271515773
Dong Thap,2019-08-05,2.1644196016517436
Dong Thap,2019-08-06,15.961627946098508
Dong Thap,2019-08-07,2.0034007483229828
Dong Thap,2019-08-08,13.470044423358791
Dong Thap,2019-08-09,1.4257240317996895
Dong Thap,2019-08-10,1.762899763924426
Dong Thap,2019-08-11,4.246491173565024
Dong Thap,2019-08-12,0.07844837106948596
Dong Thap,2019-08-13,0.8395401355033834
Dong Thap,2019-08-14,0.4249078271230495
Dong Thap,2019-08-15,0
Dong Thap,2019-08-16,1.5781534981275864
Dong Thap,2019-08-17,2.5170114199259617
Dong Thap,2019-08-18,0
Dong Thap,2019-08-19,0.11752799300074117
Dong Thap,2019-08-20,8.726229863735401
Dong Thap,2019-08-21,3.0011315123480906
Dong Thap,2019-08-22,1.3255452970298536
Dong Thap,2019-08-23,3.3463374478545953
Dong Thap,2019-08-24,15.252982667427313
Dong Thap,2019-08-25,18.998445666428736
Dong Thap,2019-08-26,4.685409796536848
Dong Thap,2019-08-27,0
Dong Thap,2019-08-28,14.436989486515053
Dong Thap,2019-08-29,19.208949601674586
Dong Thap,2019-08-30,12.63534991028278
Dong Thap,2019-08-31,0.03167140313441288
Dong Thap,2019-09-01,8.008782469491882
Dong Thap,2019-09-02,5.80986139792987
Dong Thap,2019-09-03,1.5102315438099394
Dong Thap,2019-09-04,3.393506954302993
Dong Thap,2019-09-05,0.45419777028003955
Dong Thap,2019-09-06,0
Dong Thap,2019-09-07,1.9286460332692492
Dong Thap,2019-09-08,6.972373930605084
Dong Thap,2019-09-09,1.0692639382133848
Dong Thap,2019-09-10,0.09077952763296888
Dong Thap,2019-09-11,0.025715401498860774
Dong Thap,2019-09-12,0.09044969668863366
Dong Thap,2019-09-13,26.698328230098067
Dong Thap,2019-09-14,9.063631404330733
Dong Thap,2019-09-15,0.7690590782476061
Dong Thap,2019-09-16,4.589879519813099
Dong Thap,2019-09-17,9.614703777704976
Dong Thap,2019-09-18,13.783842988422133
Dong Thap,2019-09-19,0
Dong Thap,2019-09-20,2.300632481722975
Dong Thap,2019-09-21,3.8357790766225985
Dong Thap,2019-09-22,3.560682477027564
Dong Thap,2019-09-23,0.5244905313978614
Dong Thap,2019-09-24,0
Dong Thap,2019-09-25,9.675668319823762
Dong Thap,2019-09-26,11.444955648344232
Dong Thap,2019-09-27,3.6402925657041227
Dong Thap,2019-09-28,7.6556250983986525
Dong Thap,2019-09-29,1.875398780804847
Dong Thap,2019-09-30,7.203755658406479
Dong Thap,2019-10-01,4.150629434059179
Dong Thap,2019-10-02,12.437166245015591
Dong Thap,2019-10-03,18.45008540372608
Dong Thap,2019-10-04,8.781069352428256
Dong Thap,2019-10-05,7.22485079244878
Dong Thap,2019-10-06,11.132180175125018
Dong Thap,2019-10-07,2.792058757468906
Dong Thap,2019-10-08,1.1865398948671924
Dong Thap,2019-10-09,9.953583322977682
Dong Thap,2019-10-10,1.195221429533068
Dong Thap,2019-10-11,1.4403193845536826
Dong Thap,2019-10-12,8.764588896869018
Dong Thap,2019-10-13,7.328222415386101
Dong Thap,2019-10-14,0.024267665959010462
Dong Thap,2019-10-15,5.879981680578565
Dong Thap,2019-10-16,10.568201018442824
Dong Thap,2019-10-17,10.579675409145736
Dong Thap,2019-10-18,14.431113473514813
Dong Thap,2019-10-19,12.510593002051323
Dong Thap,2019-10-20,10.578434795269704
Dong Thap,2019-10-21,2.974547017843295
Dong Thap,2019-10-22,2.3693853864357104
Dong Thap,2019-10-23,0.5780060125338616
Dong Thap,2019-10-24,0
Dong Thap,2019-10-25,1.8354909592862843
Dong Thap,2019-10-26,1.9765353652390598
Dong Thap,2019-10-27,8.4756135490981
Dong Thap,2019-10-28,15.62800070117979
Dong Thap,2019-10-29,0.8521695949470264
Dong Thap,2019-10-30,11.214625653074744
Dong Thap,2019-10-31,8.020263677366147
Dong Thap,2019-11-01,7.7061920641960135
Dong Thap,2019-11-02,6.444774126341103
Dong Thap,2019-11-03,9.95145762357578
Dong Thap,2019-11-04,0.22143215064102217
Dong Thap,2019-11-05,11.310301556158745
Dong Thap,2019-11-06,6.5907305996110175
Dong Thap,2019-11-07,8.502861762441746
Dong Thap,2019-11-08,3.5791474453765093
Dong Thap,2019-11-09,3.357529881294283
Dong Thap,2019-11-10,42.38606197119355
Dong Thap,2019-11-11,0.4066354177718072
Dong Thap,2019-11-12,0.13857346865888884
Dong Thap,2019-11-13,1.0153830473401906
Dong Thap,2019-11-14,1.7028282891298763
Dong Thap,2019-11-15,0.020843665720151325
Dong Thap,2019-11-16,0
Dong Thap,2019-11-17,0
Dong Thap,2019-11-18,0.23587671885935121
Dong Thap,2019-11-19,0
Dong Thap,2019-11-20,0.032695613644251297
Dong Thap,2019-11-21,0
Dong Thap,2019-11-22,0
Dong Thap,2019-11-23,0
Dong Thap,2019-11-24,4.975824033751466
Dong Thap,2019-11-25,1.8260465861110697
Dong Thap,2019-11-26,4.276367715870765
Dong Thap,2019-11-27,0.0006150841604751716
Dong Thap,2019-11-28,0
Dong Thap,2019-11-29,0.047349792970452206
Dong Thap,2019-11-30,0
Dong Thap,2019-12-01,0.2959185839172716
Dong Thap,2019-12-02,0
Dong Thap,2019-12-03,0.14571983203721312
Dong Thap,2019-12-04,0
Dong Thap,2019-12-05,0
Dong Thap,2019-12-06,0
Dong Thap,2019-12-07,0.0841068194138103
Dong Thap,2019-12-08,0
Dong Thap,2019-12-09,0
Dong Thap,2019-12-10,0
Dong Thap,2019-12-11,0
Dong Thap,2019-12-12,0.019602840865634862
Dong Thap,2019-12-13,0.21128612858166576
Dong Thap,2019-12-14,0.13183075288322904
Dong Thap,2019-12-15,0
Dong Thap,2019-12-16,0.8876726639928098
Dong Thap,2019-12-17,0
Dong Thap,2019-12-18,3.6614126439656642
Dong Thap,2019-12-19,0
Dong Thap,2019-12-20,0
Dong Thap,2019-12-21,0
Dong Thap,2019-12-22,0
Dong Thap,2019-12-23,0
Dong Thap,2019-12-24,0
Dong Thap,2019-12-25,0
Dong Thap,2019-12-26,0
Dong Thap,2019-12-27,0
Dong Thap,2019-12-28,0
Dong Thap,2019-12-29,0
Dong Thap,2019-12-30,0
Dong Thap,2019-12-31,1.0992830321987335
Dong Thap,2020-01-01,0.043617560293010664
Dong Thap,2020-01-02,1.7315590998091501
Dong Thap,2020-01-03,0
Dong Thap,2020-01-04,0
Dong Thap,2020-01-05,0
Dong Thap,2020-01-06,0
Dong Thap,2020-01-07,0
Dong Thap,2020-01-08,0
Dong Thap,2020-01-09,0
Dong Thap,2020-01-10,0
Dong Thap,2020-01-11,0.15210152674565275
Dong Thap,2020-01-12,4.312457015482185
Dong Thap,2020-01-13,0
Dong Thap,2020-01-14,0
Dong Thap,2020-01-15,0
Dong Thap,2020-01-16,0
Dong Thap,2020-01-17,0
Dong Thap,2020-01-18,0
Dong Thap,2020-01-19,0
Dong Thap,2020-01-20,0.7038797835204671
Dong Thap,2020-01-21,0
Dong Thap,2020-01-22,0
Dong Thap,2020-01-23,0
Dong Thap,2020-01-24,0
Dong Thap,2020-01-25,0
Dong Thap,2020-01-26,0
Dong Thap,2020-01-27,0
Dong Thap,2020-01-28,0
Dong Thap,2020-01-29,0
Dong Thap,2020-01-30,0
Dong Thap,2020-01-31,0.17566303861825572
Dong Thap,2020-02-01,0
Dong Thap,2020-02-02,0
Dong Thap,2020-02-03,0
Dong Thap,2020-02-04,0
Dong Thap,2020-02-05,0
Dong Thap,2020-02-06,0
Dong Thap,2020-02-07,0
Dong Thap,2020-02-08,0
Dong Thap,2020-02-09,0
Dong Thap,2020-02-10,0
Dong Thap,2020-02-11,0
Dong Thap,2020-02-12,0
Dong Thap,2020-02-13,0
Dong Thap,2020-02-14,0
Dong Thap,2020-02-15,0
Dong Thap,2020-02-16,0
Dong Thap,2020-02-17,0.20413099641509952
Dong Thap,2020-02-18,0
Dong Thap,2020-02-19,0
Dong Thap,2020-02-20,0
Dong Thap,2020-02-21,0.041111479655993564
Dong Thap,2020-02-22,0
Dong Thap,2020-02-23,0
Dong Thap,2020-02-24,0
Dong Thap,2020-02-25,0
Dong Thap,2020-02-26,0
Dong Thap,2020-02-27,0
Dong Thap,2020-02-28,0
Dong Thap,2020-02-29,0
Dong Thap,2020-03-01,0
Dong Thap,2020-03-02,0
Dong Thap,2020-03-03,0
Dong Thap,2020-03-04,0
Dong Thap,2020-03-05,1.7224632706167697
Dong Thap,2020-03-06,0
Dong Thap,2020-03-07,0
Dong Thap,2020-03-08,0
Dong Thap,2020-03-09,0
Dong Thap,2020-03-10,0
Dong Thap,2020-03-11,5.0303386308951055
Dong Thap,2020-03-12,0
Dong Thap,2020-03-13,0
Dong Thap,2020-03-14,0
Dong Thap,2020-03-15,0
Dong Thap,2020-03-16,0
Dong Thap,2020-03-17,0
Dong Thap,2020-03-18,0.4915882833614787
Dong Thap,2020-03-19,0
Dong Thap,2020-03-20,0
Dong Thap,2020-03-21,0
Dong Thap,2020-03-22,1.1947295201968953
Dong Thap,2020-03-23,0
Dong Thap,2020-03-24,0
Dong Thap,2020-03-25,0
Dong Thap,2020-03-26,0
Dong Thap,2020-03-27,0
Dong Thap,2020-03-28,2.2192078644601243
Dong Thap,2020-03-29,0
Dong Thap,2020-03-30,0.0036213217421077895
Dong Thap,2020-03-31,0
Dong Thap,2020-04-01,0
Dong Thap,2020-04-02,0
Dong Thap,2020-04-03,0
Dong Thap,2020-04-04,0
Dong Thap,2020-04-05,0
Dong Thap,2020-04-06,0
Dong Thap,2020-04-07,0.04932384772151405
Dong Thap,2020-04-08,5.0053100618093165
Dong Thap,2020-04-09,2.089669608355705
Dong Thap,2020-04-10,0
Dong Thap,2020-04-11,0
Dong Thap,2020-04-12,13.897554604258424
Dong Thap,2020-04-13,19.980699757126317
Dong Thap,2020-04-14,0.6385840530673582
Dong Thap,2020-04-15,3.4497223193274347
Dong Thap,2020-04-16,5.818268539184937
Dong Thap,2020-04-17,6.2338813449591495
Dong Thap,2020-04-18,0
Dong Thap,2020-04-19,0
Dong Thap,2020-04-20,0
Dong Thap,2020-04-21,0
Dong Thap,2020-04-22,0
Dong Thap,2020-04-23,1.3581498742360554
Dong Thap,2020-04-24,3.213434445960624
Dong Thap,2020-04-25,3.4727873591769987
Dong Thap,2020-04-26,9.6916794030675
Dong Thap,2020-04-27,0.8381717743105648
Dong Thap,2020-04-28,0.19063407999941195
Dong Thap,2020-04-29,0
Dong Thap,2020-04-30,0.448098220433241
Dong Thap,2020-05-01,0
Dong Thap,2020-05-02,0
Dong Thap,2020-05-03,0
Dong Thap,2020-05-04,0.23528923522000528
Dong Thap,2020-05-05,0.43081040845075275
Dong Thap,2020-05-06,0.049394827974283545
Dong Thap,2020-05-07,0
Dong Thap,2020-05-08,0
Dong Thap,2020-05-09,0
Dong Thap,2020-05-10,0
Dong Thap,2020-05-11,0.43060021347568944
Dong Thap,2020-05-12,0
Dong Thap,2020-05-13,0
Dong Thap,2020-05-14,2.580898005685245
Dong Thap,2020-05-15,0.49248536611417537
Dong Thap,2020-05-16,0.7490000084181179
Dong Thap,2020-05-17,2.5026707521757903
Dong Thap,2020-05-18,0.031170314615319748
Dong Thap,2020-05-19,3.703707175471763
Dong Thap,2020-05-20,8.674189437232323
Dong Thap,2020-05-21,4.427723510001069
Dong Thap,2020-05-22,5.181257938213405
Dong Thap,2020-05-23,15.649366555528799
Dong Thap,2020-05-24,10.820222163541208
Dong Thap,2020-05-25,3.8285304544016383
Dong Thap,2020-05-26,0
Dong Thap,2020-05-27,7.115634887308282
Dong Thap,2020-05-28,6.295051183300496
Dong Thap,2020-05-29,8.166214845308724
Dong Thap,2020-05-30,4.313257224859498
Dong Thap,2020-05-31,4.988616097972917
Dong Thap,2020-06-01,13.251469820298277
Dong Thap,2020-06-02,3.760411940550546
Dong Thap,2020-06-03,1.6605487365317049
Dong Thap,2020-06-04,3.4249991362520102
Dong Thap,2020-06-05,5.3057892768526935
Dong Thap,2020-06-06,0.15262736800389412
Dong Thap,2020-06-07,1.119443550310304
Dong Thap,2020-06-08,0.9058083495248166
Dong Thap,2020-06-09,3.804709679426616
Dong Thap,2020-06-10,11.978237291204165
Dong Thap,2020-06-11,3.8869741428782967
Dong Thap,2020-06-12,2.8614678136448153
Dong Thap,2020-06-13,24.557528404197317
Dong Thap,2020-06-14,18.06045050674592
Dong Thap,2020-06-15,10.221379807348663
Dong Thap,2020-06-16,6.375339069786
Dong Thap,2020-06-17,9.376958024780416
Dong Thap,2020-06-18,5.0460883278086115
Dong Thap,2020-06-19,7.694781421120541
Dong Thap,2020-06-20,15.45605864186987
Dong Thap,2020-06-21,5.989477596837215
Dong Thap,2020-06-22,3.263628715965816
Dong Thap,2020-06-23,1.4300575654692516
Dong Thap,2020-06-24,6.925406541214632
Dong Thap,2020-06-25,4.315897171807609
Dong Thap,2020-06-26,4.144199054805713
Dong Thap,2020-06-27,6.2255780229986115
Dong Thap,2020-06-28,9.345842135542233
Dong Thap,2020-06-29,8.665588601223323
Dong Thap,2020-06-30,6.87797361301245
Dong Thap,2020-07-01,0.9596829126150073
Dong Thap,2020-07-02,12.002744262183851
Dong Thap,2020-07-03,0.460278905226526
Dong Thap,2020-07-04,0.01856700453542922
Dong Thap,2020-07-05,8.141937426659753
Dong Thap,2020-07-06,5.01749904832116
Dong Thap,2020-07-07,0
Dong Thap,2020-07-08,4.873419600568282
Dong Thap,2020-07-09,0
Dong Thap,2020-07-10,6.330723185684774
Dong Thap,2020-07-11,4.959489967997771
Dong Thap,2020-07-12,8.841302581403651
Dong Thap,2020-07-13,5.457515125618732
Dong Thap,2020-07-14,11.962688113357146
Dong Thap,2020-07-15,0.2606167146103004
Dong Thap,2020-07-16,3.8723949131469
Dong Thap,2020-07-17,3.2931316120637524
Dong Thap,2020-07-18,2.8102673298956344
Dong Thap,2020-07-19,2.4978987182623023
Dong Thap,2020-07-20,3.342590589232663
Dong Thap,2020-07-21,1.0397891742803895
Dong Thap,2020-07-22,2.008282266562288
Dong Thap,2020-07-23,9.199485479987395
Dong Thap,2020-07-24,5.579300922934421
Dong Thap,2020-07-25,1.97572466096073
Dong Thap,2020-07-26,4.7777983876402095
Dong Thap,2020-07-27,3.7363058030537686
Dong Thap,2020-07-28,4.328508344446148
Dong Thap,2020-07-29,8.617134744235923
Dong Thap,2020-07-30,11.62825325986872
Dong Thap,2020-07-31,10.901980905629408
Dong Thap,2020-08-01,3.985909338917948
Dong Thap,2020-08-02,15.381361955616624
Dong Thap,2020-08-03,3.8813791243443556
Dong Thap,2020-08-04,0.01063568146558259
Dong Thap,2020-08-05,11.089584445260892
Dong Thap,2020-08-06,16.00261211675231
Dong Thap,2020-08-07,1.4992692348588919
Dong Thap,2020-08-08,1.000411295741357
Dong Thap,2020-08-09,5.931572069014339
Dong Thap,2020-08-10,4.713161756338001
Dong Thap,2020-08-11,1.8703370319456645
Dong Thap,2020-08-12,5.377516807424039
Dong Thap,2020-08-13,4.680187330975377
Dong Thap,2020-08-14,7.127814369391553
Dong Thap,2020-08-15,0
Dong Thap,2020-08-16,6.810682798334064
Dong Thap,2020-08-17,2.910870900476956
Dong Thap,2020-08-18,5.534653504878887
Dong Thap,2020-08-19,3.726101605755444
Dong Thap,2020-08-20,0.9156279600725603
Dong Thap,2020-08-21,0.018959184764923087
Dong Thap,2020-08-22,2.200296104772577
Dong Thap,2020-08-23,0.11691997047587267
Dong Thap,2020-08-24,4.060989527886812
Dong Thap,2020-08-25,1.4687949167321481
Dong Thap,2020-08-26,0.4325275411742708
Dong Thap,2020-08-27,4.085397194735394
Dong Thap,2020-08-28,4.277244660598447
Dong Thap,2020-08-29,0.2873057507592208
Dong Thap,2020-08-30,6.974217392113683
Dong Thap,2020-08-31,6.834527411657259
Dong Thap,2020-09-01,9.752985643426229
Dong Thap,2020-09-02,14.39341611423432
Dong Thap,2020-09-03,0.004971012496775122
Dong Thap,2020-09-04,6.594785363516736
Dong Thap,2020-09-05,2.91503792898385
Dong Thap,2020-09-06,10.794870351173453
Dong Thap,2020-09-07,0.009984619119201411
Dong Thap,2020-09-08,0.9257908882076626
Dong Thap,2020-09-09,11.637901036288154
Dong Thap,2020-09-10,8.869036490877445
Dong Thap,2020-09-11,5.724268329821127
Dong Thap,2020-09-12,11.825698545494669
Dong Thap,2020-09-13,8.547716862792358
Dong Thap,2020-09-14,13.164861049191167
Dong Thap,2020-09-15,1.9365995954244568
Dong Thap,2020-09-16,16.328148675365252
Dong Thap,2020-09-17,17.70810537341503
Dong Thap,2020-09-18,18.62413783857334
Dong Thap,2020-09-19,8.561104431048472
Dong Thap,2020-09-20,3.323712221505503
Dong Thap,2020-09-21,0.9926099119027888
Dong Thap,2020-09-22,15.571859271395954
Dong Thap,2020-09-23,6.99920367590013
Dong Thap,2020-09-24,6.725510363077559
Dong Thap,2020-09-25,11.548363343466159
Dong Thap,2020-09-26,9.557722670463365
Dong Thap,2020-09-27,15.257906227742629
Dong Thap,2020-09-28,0.04861666240847947
Dong Thap,2020-09-29,13.814200288264264
Dong Thap,2020-09-30,4.497603438610336
Dong Thap,2020-10-01,9.973364813922348
Dong Thap,2020-10-02,11.598116067496184
Dong Thap,2020-10-03,1.5075892864616387
Dong Thap,2020-10-04,15.518551679189878
Dong Thap,2020-10-05,11.874688580189268
Dong Thap,2020-10-06,1.8153536591720276
Dong Thap,2020-10-07,5.026230061225999
Dong Thap,2020-10-08,19.31813439006625
Dong Thap,2020-10-09,14.34317868205461
Dong Thap,2020-10-10,16.012489422827805
Dong Thap,2020-10-11,25.79215595441961
Dong Thap,2020-10-12,10.256051275663593
Dong Thap,2020-10-13,14.938346630054886
Dong Thap,2020-10-14,27.398828853494
Dong Thap,2020-10-15,23.426488056335973
Dong Thap,2020-10-16,6.266685145794465
Dong Thap,2020-10-17,20.49867467924071
Dong Thap,2020-10-18,5.633633760413752
Dong Thap,2020-10-19,9.804760813902428
Dong Thap,2020-10-20,5.4827975851758595
Dong Thap,2020-10-21,16.104665638838792
Dong Thap,2020-10-22,0.05535681326967642
Dong Thap,2020-10-23,0.15451374988802608
Dong Thap,2020-10-24,0.01329400620818652
Dong Thap,2020-10-25,1.4754152883876335
Dong Thap,2020-10-26,4.582465616948539
Dong Thap,2020-10-27,1.6473261503752508
Dong Thap,2020-10-28,9.775754477787322
Dong Thap,2020-10-29,3.4253860550224853
Dong Thap,2020-10-30,18.881139546260826
Dong Thap,2020-10-31,26.498004399245087
Dong Thap,2020-11-01,16.686758572089044
Dong Thap,2020-11-02,1.2855734756697812
Dong Thap,2020-11-03,0.9061529900661422
Dong Thap,2020-11-04,0.6752239234706617
Dong Thap,2020-11-05,0.45744647056249804
Dong Thap,2020-11-06,8.44966545360874
Dong Thap,2020-11-07,5.206768011530161
Dong Thap,2020-11-08,0
Dong Thap,2020-11-09,5.878997227949216
Dong Thap,2020-11-10,0.5323197740206839
Dong Thap,2020-11-11,0
Dong Thap,2020-11-12,4.25143207900948
Dong Thap,2020-11-13,0
Dong Thap,2020-11-14,0
Dong Thap,2020-11-15,0
Dong Thap,2020-11-16,2.3101380552216564
Dong Thap,2020-11-17,0
Dong Thap,2020-11-18,3.86287291593121
Dong Thap,2020-11-19,2.3167106559115895
Dong Thap,2020-11-20,9.499020850588089
Dong Thap,2020-11-21,7.2894147943281835
Dong Thap,2020-11-22,0.010486130382242671
Dong Thap,2020-11-23,10.855851770542852
Dong Thap,2020-11-24,0
Dong Thap,2020-11-25,5.291857434679708
Dong Thap,2020-11-26,6.165716571063446
Dong Thap,2020-11-27,0.7911573336025417
Dong Thap,2020-11-28,7.15462187740682
Dong Thap,2020-11-29,8.397342195012063
Dong Thap,2020-11-30,4.163084506204076
Dong Thap,2020-12-01,2.094954875251563
Dong Thap,2020-12-02,0.08375166051236847
Dong Thap,2020-12-03,0
Dong Thap,2020-12-04,0
Dong Thap,2020-12-05,0
Dong Thap,2020-12-06,0
Dong Thap,2020-12-07,0.6599323694850546
Dong Thap,2020-12-08,0.004483503750427148
Dong Thap,2020-12-09,0
Dong Thap,2020-12-10,1.8696858989295024
Dong Thap,2020-12-11,0.1856980321492255
Dong Thap,2020-12-12,5.143444679689323
Dong Thap,2020-12-13,2.1657221380723475
Dong Thap,2020-12-14,3.210128100166685
Dong Thap,2020-12-15,5.418129541935066
Dong Thap,2020-12-16,1.7114233012125826
Dong Thap,2020-12-17,0
Dong Thap,2020-12-18,2.2107954140974875
Dong Thap,2020-12-19,15.027674700928726
Dong Thap,2020-12-20,4.025411799046251
Dong Thap,2020-12-21,0.0026471985287208634
Dong Thap,2020-12-22,15.812568367812426
Dong Thap,2020-12-23,8.062432248805532
Dong Thap,2020-12-24,0
Dong Thap,2020-12-25,0.04325971722819245
Dong Thap,2020-12-26,0
Dong Thap,2020-12-27,0.026073369979249774
Dong Thap,2020-12-28,0.023082283252162515
Dong Thap,2020-12-29,0
Dong Thap,2020-12-30,3.367090111215869
Dong Thap,2020-12-31,1.071257300739159
Dong Thap,2021-01-01,0.4088473461411128
Dong Thap,2021-01-02,0
Dong Thap,2021-01-03,1.3062677749476788
Dong Thap,2021-01-04,0.07654442775268418
Dong Thap,2021-01-05,0.5022667808369874
Dong Thap,2021-01-06,0.40195200695914696
Dong Thap,2021-01-07,0.8092084722384213
Dong Thap,2021-01-08,2.4115450100253466
Dong Thap,2021-01-09,0
Dong Thap,2021-01-10,0
Dong Thap,2021-01-11,0.004843960422113798
Dong Thap,2021-01-12,0.10928192347903519
Dong Thap,2021-01-13,0.2635098119049298
Dong Thap,2021-01-14,0.01113207195658302
Dong Thap,2021-01-15,0
Dong Thap,2021-01-16,0.08894200087445701
Dong Thap,2021-01-17,0.07014942188124444
Dong Thap,2021-01-18,0.12808769433466463
Dong Thap,2021-01-19,0.37312530316556153
Dong Thap,2021-01-20,0.41764970223514675
Dong Thap,2021-01-21,0.05367543934653182
Dong Thap,2021-01-22,0
Dong Thap,2021-01-23,0
Dong Thap,2021-01-24,0
Dong Thap,2021-01-25,0.25281623159375677
Dong Thap,2021-01-26,0
Dong Thap,2021-01-27,0
Dong Thap,2021-01-28,0.17661235623682117
Dong Thap,2021-01-29,0
Dong Thap,2021-01-30,0
Dong Thap,2021-01-31,0
Dong Thap,2021-02-01,0.5322221162869921
Dong Thap,2021-02-02,0
Dong Thap,2021-02-03,0
Dong Thap,2021-02-04,0
Dong Thap,2021-02-05,0
Dong Thap,2021-02-06,0
Dong Thap,2021-02-07,0
Dong Thap,2021-02-08,0
Dong Thap,2021-02-09,0
Dong Thap,2021-02-10,0
Dong Thap,2021-02-11,0.36924593202348793
Dong Thap,2021-02-12,0
Dong Thap,2021-02-13,0
Dong Thap,2021-02-14,0
Dong Thap,2021-02-15,0
Dong Thap,2021-02-16,0.08868051405014678
Dong Thap,2021-02-17,0
Dong Thap,2021-02-18,0.14301429031953972
Dong Thap,2021-02-19,0.10829911987094998
Dong Thap,2021-02-20,0.03579221051486409
Dong Thap,2021-02-21,0
Dong Thap,2021-02-22,0.19455161690035727
Dong Thap,2021-02-23,0
Dong Thap,2021-02-24,0.16687268589477247
Dong Thap,2021-02-25,3.294638899710543
Dong Thap,2021-02-26,0
Dong Thap,2021-02-27,0
Dong Thap,2021-02-28,2.7148155544873727
Dong Thap,2021-03-01,0
Dong Thap,2021-03-02,0
Dong Thap,2021-03-03,0
Dong Thap,2021-03-04,0
Dong Thap,2021-03-05,0
Dong Thap,2021-03-06,0
Dong Thap,2021-03-07,0
Dong Thap,2021-03-08,0
Dong Thap,2021-03-09,3.157599032604833
Dong Thap,2021-03-10,0
Dong Thap,2021-03-11,0.09147502083288236
Dong Thap,2021-03-12,0
Dong Thap,2021-03-13,0
Dong Thap,2021-03-14,0.6511565229980374
Dong Thap,2021-03-15,0
Dong Thap,2021-03-16,0
Dong Thap,2021-03-17,0
Dong Thap,2021-03-18,0
Dong Thap,2021-03-19,0
Dong Thap,2021-03-20,0
Dong Thap,2021-03-21,0
Dong Thap,2021-03-22,0
Dong Thap,2021-03-23,0
Dong Thap,2021-03-24,0
Dong Thap,2021-03-25,0
Dong Thap,2021-03-26,0.36408459926533393
Dong Thap,2021-03-27,2.5510013655778203
Dong Thap,2021-03-28,0
Dong Thap,2021-03-29,0
Dong Thap,2021-03-30,0
Dong Thap,2021-03-31,0
Dong Thap,2021-04-01,0
Dong Thap,2021-04-02,11.074534550373428
Dong Thap,2021-04-03,2.7968935530513552
Dong Thap,2021-04-04,1.2767118458266915
Dong Thap,2021-04-05,0
Dong Thap,2021-04-06,0
Dong Thap,2021-04-07,0
Dong Thap,2021-04-08,0.009249639343398484
Dong Thap,2021-04-09,5.829716315448609
Dong Thap,2021-04-10,0.06402800292527294
Dong Thap,2021-04-11,0
Dong Thap,2021-04-12,0
Dong Thap,2021-04-13,0
Dong Thap,2021-04-14,12.61669768960075
Dong Thap,2021-04-15,11.785995960032714
Dong Thap,2021-04-16,13.041059081506269
Dong Thap,2021-04-17,9.629214209725268
Dong Thap,2021-04-18,9.677870849105599
Dong Thap,2021-04-19,13.602137823399156
Dong Thap,2021-04-20,3.2361504927849
Dong Thap,2021-04-21,15.27449660941482
Dong Thap,2021-04-22,35.04253661748852
Dong Thap,2021-04-23,8.361490516684777
Dong Thap,2021-04-24,5.035950081862912
Dong Thap,2021-04-25,5.645775351119686
Dong Thap,2021-04-26,5.602888234766101
Dong Thap,2021-04-27,6.586375319162462
Dong Thap,2021-04-28,2.5655646655181923
Dong Thap,2021-04-29,1.0504512645393804
Dong Thap,2021-04-30,0
Dong Thap,2021-05-01,2.624916217154403
Dong Thap,2021-05-02,0
Dong Thap,2021-05-03,0
Dong Thap,2021-05-04,1.1632893040881067
Dong Thap,2021-05-05,1.1331138458937264
Dong Thap,2021-05-06,6.0687975192424375
Dong Thap,2021-05-07,9.292323224420636
Dong Thap,2021-05-08,5.924794089572349
Dong Thap,2021-05-09,2.114017107040671
Dong Thap,2021-05-10,0
Dong Thap,2021-05-11,0.44787202965842643
Dong Thap,2021-05-12,2.015252551511488
Dong Thap,2021-05-13,1.3980850381039158
Dong Thap,2021-05-14,2.6748091655643673
Dong Thap,2021-05-15,7.5524198558221265
Dong Thap,2021-05-16,3.1189285393796715
Dong Thap,2021-05-17,28.884734735457503
Dong Thap,2021-05-18,12.849427015935042
Dong Thap,2021-05-19,8.1966790851482
Dong Thap,2021-05-20,5.348527178408364
Dong Thap,2021-05-21,17.981107358776146
Dong Thap,2021-05-22,9.94318253321255
Dong Thap,2021-05-23,16.128341368220138
Dong Thap,2021-05-24,21.78506519980027
Dong Thap,2021-05-25,19.489741607915516
Dong Thap,2021-05-26,9.898906149769799
Dong Thap,2021-05-27,8.616264688243717
Dong Thap,2021-05-28,0.42862215909336815
Dong Thap,2021-05-29,7.818740403676538
Dong Thap,2021-05-30,0
Dong Thap,2021-05-31,0
Dong Thap,2021-06-01,3.9911514561828745
Dong Thap,2021-06-02,8.152989228951952
Dong Thap,2021-06-03,1.5075268712894756
Dong Thap,2021-06-04,0
Dong Thap,2021-06-05,9.674959951648646
Dong Thap,2021-06-06,16.247268841952078
Dong Thap,2021-06-07,4.229042910112122
Dong Thap,2021-06-08,9.804228770454262
Dong Thap,2021-06-09,3.697097724984502
Dong Thap,2021-06-10,0
Dong Thap,2021-06-11,13.598943845982832
Dong Thap,2021-06-12,2.026504267342702
Dong Thap,2021-06-13,1.4570453554655602
Dong Thap,2021-06-14,2.7480790420592385
Dong Thap,2021-06-15,11.290386312607604
Dong Thap,2021-06-16,0.012337760912308976
Dong Thap,2021-06-17,6.553805013991331
Dong Thap,2021-06-18,0.050685671930116194
Dong Thap,2021-06-19,3.088882379671708
Dong Thap,2021-06-20,4.742073438546002
Dong Thap,2021-06-21,0.3938030982628847
Dong Thap,2021-06-22,3.979200966056037
Dong Thap,2021-06-23,3.1006630800845336
Dong Thap,2021-06-24,0.6184163424455852
Dong Thap,2021-06-25,2.850096479000785
Dong Thap,2021-06-26,0.08844655813720725
Dong Thap,2021-06-27,0.06709983207780758
Dong Thap,2021-06-28,0.2750322477689589
Dong Thap,2021-06-29,3.349779635752332
Dong Thap,2021-06-30,4.267846326557367
Dong Thap,2021-07-01,2.67264619270149
Dong Thap,2021-07-02,1.1886540477998626
Dong Thap,2021-07-03,5.50050595807791
Dong Thap,2021-07-04,10.616249803231371
Dong Thap,2021-07-05,9.881421473390372
Dong Thap,2021-07-06,14.077464797923108
Dong Thap,2021-07-07,10.942232318251264
Dong Thap,2021-07-08,3.5356807722129977
Dong Thap,2021-07-09,3.129878449188438
Dong Thap,2021-07-10,7.62709311807889
Dong Thap,2021-07-11,0.9723793334070452
Dong Thap,2021-07-12,9.731384099422463
Dong Thap,2021-07-13,18.76288317075954
Dong Thap,2021-07-14,11.908023500864488
Dong Thap,2021-07-15,16.561807526694366
Dong Thap,2021-07-16,0.9650913740005085
Dong Thap,2021-07-17,4.007717902647656
Dong Thap,2021-07-18,10.300632400431004
Dong Thap,2021-07-19,0.6513370486554956
Dong Thap,2021-07-20,1.099792325709016
Dong Thap,2021-07-21,2.2127257942855834
Dong Thap,2021-07-22,7.863055182437869
Dong Thap,2021-07-23,9.470901364192198
Dong Thap,2021-07-24,2.5289924904646615
Dong Thap,2021-07-25,0
Dong Thap,2021-07-26,0
Dong Thap,2021-07-27,2.8732148288111583
Dong Thap,2021-07-28,1.1982726213719423
Dong Thap,2021-07-29,12.550782561518586
Dong Thap,2021-07-30,0.06640613390145887
Dong Thap,2021-07-31,2.6057122955388268
Dong Thap,2021-08-01,2.3804811081676394
Dong Thap,2021-08-02,0
Dong Thap,2021-08-03,4.534015623767657
Dong Thap,2021-08-04,3.2988844939118915
Dong Thap,2021-08-05,0.7682579863306777
Dong Thap,2021-08-06,0
Dong Thap,2021-08-07,2.1153446559580598
Dong Thap,2021-08-08,0.5165351942259356
Dong Thap,2021-08-09,4.048395627621407
Dong Thap,2021-08-10,5.680758224286701
Dong Thap,2021-08-11,3.822088925049152
Dong Thap,2021-08-12,0.4217402806134892
Dong Thap,2021-08-13,4.673963463033223
Dong Thap,2021-08-14,7.494458874276309
Dong Thap,2021-08-15,17.15536663080253
Dong Thap,2021-08-16,5.175966222817215
Dong Thap,2021-08-17,5.768050274666082
Dong Thap,2021-08-18,4.760863378934778
Dong Thap,2021-08-19,3.1770366559378656
Dong Thap,2021-08-20,3.5901170064457855
Dong Thap,2021-08-21,2.943978639708804
Dong Thap,2021-08-22,9.676230624017196
Dong Thap,2021-08-23,13.509121251736529
Dong Thap,2021-08-24,12.543734533894433
Dong Thap,2021-08-25,6.164937858560447
Dong Thap,2021-08-26,2.9956147179382837
Dong Thap,2021-08-27,3.8911187232947277
Dong Thap,2021-08-28,8.98244448886968
Dong Thap,2021-08-29,6.910290176591988
Dong Thap,2021-08-30,11.224603868650693
Dong Thap,2021-08-31,8.89260668346934
Dong Thap,2021-09-01,9.62350343677336
Dong Thap,2021-09-02,12.892431970610494
Dong Thap,2021-09-03,15.31160970316578
Dong Thap,2021-09-04,2.3269844496496304
Dong Thap,2021-09-05,12.966609314141534
Dong Thap,2021-09-06,2.3340284481986138
Dong Thap,2021-09-07,13.022657818877569
Dong Thap,2021-09-08,5.054124140005033
Dong Thap,2021-09-09,2.4003836707190267
Dong Thap,2021-09-10,12.068939230597316
Dong Thap,2021-09-11,5.652014986596898
Dong Thap,2021-09-12,2.183766005678677
Dong Thap,2021-09-13,10.34860007166998
Dong Thap,2021-09-14,12.863908831254136
Dong Thap,2021-09-15,0.7932458088488327
Dong Thap,2021-09-16,9.17445600855126
Dong Thap,2021-09-17,6.407234472152677
Dong Thap,2021-09-18,12.742747402553631
Dong Thap,2021-09-19,5.283718997499745
Dong Thap,2021-09-20,0.00591869391577028
Dong Thap,2021-09-21,2.300003357091295
Dong Thap,2021-09-22,6.018291007506759
Dong Thap,2021-09-23,5.991389143999835
Dong Thap,2021-09-24,13.957179167629349
Dong Thap,2021-09-25,11.466020576667697
Dong Thap,2021-09-26,7.443749586511203
Dong Thap,2021-09-27,2.487035697574163
Dong Thap,2021-09-28,6.295660460004737
Dong Thap,2021-09-29,7.806058419590669
Dong Thap,2021-09-30,10.931124721548304
Dong Thap,2021-10-01,13.880249158552179
Dong Thap,2021-10-02,9.789801927794395
Dong Thap,2021-10-03,5.282539889307717
Dong Thap,2021-10-04,16.270428521767855
Dong Thap,2021-10-05,13.37016223681766
Dong Thap,2021-10-06,18.205524588945856
Dong Thap,2021-10-07,18.91309493262129
Dong Thap,2021-10-08,2.68577828675353
Dong Thap,2021-10-09,13.193948051354393
Dong Thap,2021-10-10,8.923123682075436
Dong Thap,2021-10-11,20.462568357225063
Dong Thap,2021-10-12,0
Dong Thap,2021-10-13,13.222545700357802
Dong Thap,2021-10-14,7.629498520012693
Dong Thap,2021-10-15,12.86420728850857
Dong Thap,2021-10-16,6.427127060346224
Dong Thap,2021-10-17,0.024859682689157774
Dong Thap,2021-10-18,1.357892104894741
Dong Thap,2021-10-19,1.2025242432299348
Dong Thap,2021-10-20,17.655228293236885
Dong Thap,2021-10-21,9.265537885005223
Dong Thap,2021-10-22,12.380616716484326
Dong Thap,2021-10-23,7.6391318397427845
Dong Thap,2021-10-24,8.254852181514805
Dong Thap,2021-10-25,3.953416833186166
Dong Thap,2021-10-26,9.092046205949323
Dong Thap,2021-10-27,1.2391432270945295
Dong Thap,2021-10-28,0.611951099939024
Dong Thap,2021-10-29,10.17564212245305
Dong Thap,2021-10-30,7.592588203454306
Dong Thap,2021-10-31,4.655168970764049
Dong Thap,2021-11-01,8.209710448053869
Dong Thap,2021-11-02,0.340753550469429
Dong Thap,2021-11-03,13.03975750981666
Dong Thap,2021-11-04,0.13891248063135503
Dong Thap,2021-11-05,3.473110140742751
Dong Thap,2021-11-06,3.525002468138128
Dong Thap,2021-11-07,7.167397338880928
Dong Thap,2021-11-08,2.6166125397469036
Dong Thap,2021-11-09,7.681143210957806
Dong Thap,2021-11-10,9.814654201735765
Dong Thap,2021-11-11,19.79277648483785
Dong Thap,2021-11-12,4.946202396656723
Dong Thap,2021-11-13,8.423461490162165
Dong Thap,2021-11-14,6.301133916644195
Dong Thap,2021-11-15,13.34615055807924
Dong Thap,2021-11-16,10.772482165490684
Dong Thap,2021-11-17,9.84735166953485
Dong Thap,2021-11-18,3.1350580381716853
Dong Thap,2021-11-19,0.07644490039156548
Dong Thap,2021-11-20,11.970663707489487
Dong Thap,2021-11-21,1.297878165235048
Dong Thap,2021-11-22,4.969636219156988
Dong Thap,2021-11-23,3.435448939131586
Dong Thap,2021-11-24,13.771548990945522
Dong Thap,2021-11-25,1.5398089696564639
Dong Thap,2021-11-26,1.4060250307958033
Dong Thap,2021-11-27,7.796212905965914
Dong Thap,2021-11-28,12.468061318858993
Dong Thap,2021-11-29,11.189711202542094
Dong Thap,2021-11-30,14.559373517790593
Dong Thap,2021-12-01,0.7237287633457449
Dong Thap,2021-12-02,7.34317320970037
Dong Thap,2021-12-03,0.029690519411438902
Dong Thap,2021-12-04,2.3419687499501194
Dong Thap,2021-12-05,0.03953517903431165
Dong Thap,2021-12-06,0
Dong Thap,2021-12-07,1.6785614339671548
Dong Thap,2021-12-08,0
Dong Thap,2021-12-09,0
Dong Thap,2021-12-10,0
Dong Thap,2021-12-11,0
Dong Thap,2021-12-12,0
Dong Thap,2021-12-13,0.10752953824635562
Dong Thap,2021-12-14,0
Dong Thap,2021-12-15,0
Dong Thap,2021-12-16,0
Dong Thap,2021-12-17,0.20304807589482585
Dong Thap,2021-12-18,0
Dong Thap,2021-12-19,0.1797109400438889
Dong Thap,2021-12-20,0
Dong Thap,2021-12-21,0
Dong Thap,2021-12-22,1.272884324791482
Dong Thap,2021-12-23,2.0169017223752435
Dong Thap,2021-12-24,0.028515510042968296
Dong Thap,2021-12-25,0
Dong Thap,2021-12-26,0
Dong Thap,2021-12-27,0
Dong Thap,2021-12-28,0.6675356351412258
Dong Thap,2021-12-29,0
Dong Thap,2021-12-30,1.4548070945449232
Dong Thap,2021-12-31,0
Dong Thap,2022-01-01,0
Dong Thap,2022-01-02,0
Dong Thap,2022-01-03,0.0007656010432878481
Dong Thap,2022-01-04,0
Dong Thap,2022-01-05,0
Dong Thap,2022-01-06,0
Dong Thap,2022-01-07,0.018738409525849854
Dong Thap,2022-01-08,0
Dong Thap,2022-01-09,0
Dong Thap,2022-01-10,0
Dong Thap,2022-01-11,0.03209605459347858
Dong Thap,2022-01-12,0.03982042844316601
Dong Thap,2022-01-13,0.049726428369802775
Dong Thap,2022-01-14,0
Dong Thap,2022-01-15,0.6101584025817797
Dong Thap,2022-01-16,0
Dong Thap,2022-01-17,0
Dong Thap,2022-01-18,0
Dong Thap,2022-01-19,0
Dong Thap,2022-01-20,0.016906178163946527
Dong Thap,2022-01-21,0
Dong Thap,2022-01-22,0
Dong Thap,2022-01-23,0
Dong Thap,2022-01-24,0
Dong Thap,2022-01-25,0
Dong Thap,2022-01-26,0
Dong Thap,2022-01-27,0
Dong Thap,2022-01-28,0
Dong Thap,2022-01-29,0
Dong Thap,2022-01-30,1.0245209794507593
Dong Thap,2022-01-31,0
Dong Thap,2022-02-01,0
Dong Thap,2022-02-02,0
Dong Thap,2022-02-03,0
Dong Thap,2022-02-04,0.006784376797558149
Dong Thap,2022-02-05,0
Dong Thap,2022-02-06,0
Dong Thap,2022-02-07,0
Dong Thap,2022-02-08,0.033323825761550734
Dong Thap,2022-02-09,0
Dong Thap,2022-02-10,0.11053252389892473
Dong Thap,2022-02-11,0
Dong Thap,2022-02-12,0.042440122351412174
Dong Thap,2022-02-13,0.09349088017797698
Dong Thap,2022-02-14,8.539454802272269e-05
Dong Thap,2022-02-15,0
Dong Thap,2022-02-16,0
Dong Thap,2022-02-17,0
Dong Thap,2022-02-18,0
Dong Thap,2022-02-19,0
Dong Thap,2022-02-20,0.3101303298098175
Dong Thap,2022-02-21,0
Dong Thap,2022-02-22,4.5839016357597835
Dong Thap,2022-02-23,4.902012883653197
Dong Thap,2022-02-24,1.5937250635711575
Dong Thap,2022-02-25,0.16580746737242233
Dong Thap,2022-02-26,0.056167269601068825
Dong Thap,2022-02-27,0
Dong Thap,2022-02-28,0
Dong Thap,2022-03-01,0
Dong Thap,2022-03-02,1.3478299374175444
Dong Thap,2022-03-03,0
Dong Thap,2022-03-04,0
Dong Thap,2022-03-05,0.6251135307019913
Dong Thap,2022-03-06,0
Dong Thap,2022-03-07,1.4830984886416996
Dong Thap,2022-03-08,0
Dong Thap,2022-03-09,0
Dong Thap,2022-03-10,0
Dong Thap,2022-03-11,0
Dong Thap,2022-03-12,0.02732590281127504
Dong Thap,2022-03-13,0
Dong Thap,2022-03-14,0
Dong Thap,2022-03-15,0
Dong Thap,2022-03-16,0
Dong Thap,2022-03-17,0
Dong Thap,2022-03-18,8.725632516024392
Dong Thap,2022-03-19,5.950074602037649
Dong Thap,2022-03-20,0.9166127025256062
Dong Thap,2022-03-21,1.4286885195736556
Dong Thap,2022-03-22,9.820107881927369
Dong Thap,2022-03-23,1.242326690992693
Dong Thap,2022-03-24,0
Dong Thap,2022-03-25,0
Dong Thap,2022-03-26,0
Dong Thap,2022-03-27,1.805761026097231
Dong Thap,2022-03-28,12.343363384683032
Dong Thap,2022-03-29,4.144130541559031
Dong Thap,2022-03-30,16.17508789228155
Dong Thap,2022-03-31,23.8499973782991
Dong Thap,2022-04-01,12.815577672172733
Dong Thap,2022-04-02,4.415264502062883
Dong Thap,2022-04-03,5.069240353634657
Dong Thap,2022-04-04,5.4321126804306905
Dong Thap,2022-04-05,6.844996958463836
Dong Thap,2022-04-06,7.822941426310324
Dong Thap,2022-04-07,1.358210911049117
Dong Thap,2022-04-08,0
Dong Thap,2022-04-09,0
Dong Thap,2022-04-10,0.031001772392572447
Dong Thap,2022-04-11,6.762604195216307
Dong Thap,2022-04-12,0
Dong Thap,2022-04-13,0
Dong Thap,2022-04-14,0.7146496436129034
Dong Thap,2022-04-15,10.856781573023204
Dong Thap,2022-04-16,22.926020711572477
Dong Thap,2022-04-17,0
Dong Thap,2022-04-18,0.02099365654623587
Dong Thap,2022-04-19,4.32341677414362
Dong Thap,2022-04-20,0.6087028158476543
Dong Thap,2022-04-21,0.06843822267365506
Dong Thap,2022-04-22,0
Dong Thap,2022-04-23,2.3479407003793096
Dong Thap,2022-04-24,5.099279806609595
Dong Thap,2022-04-25,0.33231509073348126
Dong Thap,2022-04-26,4.911897254809789
Dong Thap,2022-04-27,3.2679946404723914
Dong Thap,2022-04-28,2.951792446554506
Dong Thap,2022-04-29,14.392119738907946
Dong Thap,2022-04-30,6.83690673892585
Dong Thap,2022-05-01,4.571798545475149
Dong Thap,2022-05-02,9.61484970614595
Dong Thap,2022-05-03,15.333071757937224
Dong Thap,2022-05-04,6.286912498532009
Dong Thap,2022-05-05,0.7711416134589217
Dong Thap,2022-05-06,0.9475196995701625
Dong Thap,2022-05-07,0.2627095559407774
Dong Thap,2022-05-08,4.492050479768706
Dong Thap,2022-05-09,7.905026427108145
Dong Thap,2022-05-10,5.971448287614651
Dong Thap,2022-05-11,2.299651599624191
Dong Thap,2022-05-12,3.427386845743301
Dong Thap,2022-05-13,5.082641766750003
Dong Thap,2022-05-14,1.3059465807326023
Dong Thap,2022-05-15,5.646012384489276
Dong Thap,2022-05-16,13.851888111558987
Dong Thap,2022-05-17,6.019340417154906
Dong Thap,2022-05-18,6.048760786973783
Dong Thap,2022-05-19,6.154341262215142
Dong Thap,2022-05-20,1.54853149932719
Dong Thap,2022-05-21,9.376259368875823
Dong Thap,2022-05-22,8.322946951412032
Dong Thap,2022-05-23,0.4547456124485121
Dong Thap,2022-05-24,0
Dong Thap,2022-05-25,0.0004665808989289182
Dong Thap,2022-05-26,10.099048357513556
Dong Thap,2022-05-27,9.561636611328986
Dong Thap,2022-05-28,4.3071732788852
Dong Thap,2022-05-29,6.007244883351571
Dong Thap,2022-05-30,10.072906441217327
Dong Thap,2022-05-31,1.7878639602609736
Dong Thap,2022-06-01,4.183305681313089
Dong Thap,2022-06-02,9.562133871997759
Dong Thap,2022-06-03,8.92594847176414
Dong Thap,2022-06-04,3.1686591595472184
Dong Thap,2022-06-05,0.46760102411990323
Dong Thap,2022-06-06,4.541916862011823
Dong Thap,2022-06-07,1.7097076034232124
Dong Thap,2022-06-08,0.9178028575668591
Dong Thap,2022-06-09,6.333337501425145
Dong Thap,2022-06-10,6.002297889409975
Dong Thap,2022-06-11,6.762132575946354
Dong Thap,2022-06-12,8.618305349055131
Dong Thap,2022-06-13,0.6032349687734915
Dong Thap,2022-06-14,0
Dong Thap,2022-06-15,2.9833697960345367
Dong Thap,2022-06-16,4.631078455442469
Dong Thap,2022-06-17,4.877060214347086
Dong Thap,2022-06-18,4.081286254642176
Dong Thap,2022-06-19,5.041884545826009
Dong Thap,2022-06-20,5.043435939057008
Dong Thap,2022-06-21,7.819156868754798
Dong Thap,2022-06-22,8.74324734105608
Dong Thap,2022-06-23,8.670754679069786
Dong Thap,2022-06-24,6.380909098954271
Dong Thap,2022-06-25,4.479525534134752
Dong Thap,2022-06-26,9.137612898366804
Dong Thap,2022-06-27,5.5646906930260975
Dong Thap,2022-06-28,6.2274515702323034
Dong Thap,2022-06-29,8.29802709329634
Dong Thap,2022-06-30,10.412569967965188
Dong Thap,2022-07-01,6.548165123202187
Dong Thap,2022-07-02,9.13147296832077
Dong Thap,2022-07-03,10.208920467202834
Dong Thap,2022-07-04,1.9828498702836956
Dong Thap,2022-07-05,0.15527096448881655
Dong Thap,2022-07-06,3.577843241459501
Dong Thap,2022-07-07,15.494052734130472
Dong Thap,2022-07-08,16.04965329910044
Dong Thap,2022-07-09,6.728468014481445
Dong Thap,2022-07-10,0
Dong Thap,2022-07-11,0
Dong Thap,2022-07-12,10.651159721266689
Dong Thap,2022-07-13,0.06252973663149602
Dong Thap,2022-07-14,1.756635364326782
Dong Thap,2022-07-15,5.783207314576265
Dong Thap,2022-07-16,4.339427513953966
Dong Thap,2022-07-17,3.499172876812796
Dong Thap,2022-07-18,9.668712634225535
Dong Thap,2022-07-19,9.894149273708345
Dong Thap,2022-07-20,16.358640815574944
Dong Thap,2022-07-21,12.762910226419555
Dong Thap,2022-07-22,5.312472230659906
Dong Thap,2022-07-23,7.252313698077923
Dong Thap,2022-07-24,0
Dong Thap,2022-07-25,4.596170374811279
Dong Thap,2022-07-26,11.417525041230501
Dong Thap,2022-07-27,6.128666219147042
Dong Thap,2022-07-28,5.242010022416145
Dong Thap,2022-07-29,0.44051279843408075
Dong Thap,2022-07-30,11.282194764226755
Dong Thap,2022-07-31,17.787710087894993
Dong Thap,2022-08-01,10.836445436419236
Dong Thap,2022-08-02,8.547055528166343
Dong Thap,2022-08-03,8.80735605282256
Dong Thap,2022-08-04,4.922506481382023
Dong Thap,2022-08-05,3.040374952790037
Dong Thap,2022-08-06,15.92915933681828
Dong Thap,2022-08-07,7.59292469169105
Dong Thap,2022-08-08,1.5884845105866499
Dong Thap,2022-08-09,0.22242233600101421
Dong Thap,2022-08-10,6.865911393938408
Dong Thap,2022-08-11,6.16770194567924
Dong Thap,2022-08-12,3.18712112127328
Dong Thap,2022-08-13,0
Dong Thap,2022-08-14,2.025631612793561
Dong Thap,2022-08-15,5.775119486757491
Dong Thap,2022-08-16,8.551164772725846
Dong Thap,2022-08-17,3.2052820679827394
Dong Thap,2022-08-18,3.3247249536478307
Dong Thap,2022-08-19,5.855495666663664
Dong Thap,2022-08-20,5.920365462213626
Dong Thap,2022-08-21,4.312855685422662
Dong Thap,2022-08-22,3.927136392266889
Dong Thap,2022-08-23,6.094258798231797
Dong Thap,2022-08-24,7.467527452468305
Dong Thap,2022-08-25,6.075953080956023
Dong Thap,2022-08-26,10.629218458060858
Dong Thap,2022-08-27,4.379813849574346
Dong Thap,2022-08-28,3.7826492850380697
Dong Thap,2022-08-29,0.8130621813357704
Dong Thap,2022-08-30,4.64398875399758
Dong Thap,2022-08-31,1.974349303664279
Dong Thap,2022-09-01,2.984018749340824
Dong Thap,2022-09-02,14.431935358377496
Dong Thap,2022-09-03,7.767747841794013
Dong Thap,2022-09-04,16.183802847435395
Dong Thap,2022-09-05,6.306970917863425
Dong Thap,2022-09-06,18.12865217085839
Dong Thap,2022-09-07,7.573522185667964
Dong Thap,2022-09-08,0
Dong Thap,2022-09-09,1.1628332318755432
Dong Thap,2022-09-10,3.6188892845680636
Dong Thap,2022-09-11,14.628549513036168
Dong Thap,2022-09-12,8.296204925381408
Dong Thap,2022-09-13,4.116812398935732
Dong Thap,2022-09-14,4.768022824874237
Dong Thap,2022-09-15,2.59957711188626
Dong Thap,2022-09-16,8.300394471497231
Dong Thap,2022-09-17,5.9192957948104645
Dong Thap,2022-09-18,6.1699265732647826
Dong Thap,2022-09-19,2.9325892081438125
Dong Thap,2022-09-20,3.326348426365273
Dong Thap,2022-09-21,9.177688123039959
Dong Thap,2022-09-22,6.8766819075483685
Dong Thap,2022-09-23,7.779655233630798
Dong Thap,2022-09-24,3.5274034897459305
Dong Thap,2022-09-25,9.44929940322643
Dong Thap,2022-09-26,7.629430779367717
Dong Thap,2022-09-27,3.1111737925678473
Dong Thap,2022-09-28,8.08753727689903
Dong Thap,2022-09-29,5.672659696710607
Dong Thap,2022-09-30,13.68710966307153
Dong Thap,2022-10-01,7.510529234670636
Dong Thap,2022-10-02,9.207727493627397
Dong Thap,2022-10-03,11.931684946503966
Dong Thap,2022-10-04,8.83321721343624
Dong Thap,2022-10-05,16.05892013184792
Dong Thap,2022-10-06,7.009228628171879
Dong Thap,2022-10-07,6.678997253205789
Dong Thap,2022-10-08,16.488400258037654
Dong Thap,2022-10-09,14.756194693960516
Dong Thap,2022-10-10,8.024598083671645
Dong Thap,2022-10-11,7.935446211187807
Dong Thap,2022-10-12,13.938790363953828
Dong Thap,2022-10-13,8.342075818908274
Dong Thap,2022-10-14,12.557041881128802
Dong Thap,2022-10-15,0
Dong Thap,2022-10-16,0
Dong Thap,2022-10-17,0
Dong Thap,2022-10-18,0.019051588011729306
Dong Thap,2022-10-19,8.63105837980825
Dong Thap,2022-10-20,8.791782642110073
Dong Thap,2022-10-21,0.800973622280101
Dong Thap,2022-10-22,6.697736744318577
Dong Thap,2022-10-23,14.969271585747633
Dong Thap,2022-10-24,21.27434401861632
Dong Thap,2022-10-25,8.241509608963275
Dong Thap,2022-10-26,1.6955848167833627
Dong Thap,2022-10-27,23.536134747818327
Dong Thap,2022-10-28,5.45299754533363
Dong Thap,2022-10-29,4.374601247171603
Dong Thap,2022-10-30,0.06074636342819245
Dong Thap,2022-10-31,0
Dong Thap,2022-11-01,3.0070850753529914
Dong Thap,2022-11-02,0
Dong Thap,2022-11-03,8.280436315489432
Dong Thap,2022-11-04,4.042698121203407
Dong Thap,2022-11-05,0.25617931555641305
Dong Thap,2022-11-06,7.3391415387263566
Dong Thap,2022-11-07,6.005061587130696
Dong Thap,2022-11-08,0.5190009232927456
Dong Thap,2022-11-09,0
Dong Thap,2022-11-10,6.497075939154121
Dong Thap,2022-11-11,0.020699556767331897
Dong Thap,2022-11-12,9.279325633172634
Dong Thap,2022-11-13,4.97164319729843
Dong Thap,2022-11-14,0.16800975922637984
Dong Thap,2022-11-15,7.392662703077999
Dong Thap,2022-11-16,5.572504255055896
Dong Thap,2022-11-17,2.273619634766467
Dong Thap,2022-11-18,15.71416815464151
Dong Thap,2022-11-19,27.96112749880611
Dong Thap,2022-11-20,30.307807764661856
Dong Thap,2022-11-21,7.7038761503117055
Dong Thap,2022-11-22,31.61304351773315
Dong Thap,2022-11-23,9.80391924326345
Dong Thap,2022-11-24,7.921826234474082
Dong Thap,2022-11-25,1.590009811353543
Dong Thap,2022-11-26,8.079043163368295
Dong Thap,2022-11-27,3.6096890205688594
Dong Thap,2022-11-28,0.14034261912046606
Dong Thap,2022-11-29,0
Dong Thap,2022-11-30,1.1015873623558365
Dong Thap,2022-12-01,5.950280515628797
Dong Thap,2022-12-02,5.449645701046027
Dong Thap,2022-12-03,26.86972337151051
Dong Thap,2022-12-04,1.4736517900265014
Dong Thap,2022-12-05,6.066056774618514
Dong Thap,2022-12-06,1.4194011727252027
Dong Thap,2022-12-07,3.9652622285034202
Dong Thap,2022-12-08,0.13763692191947147
Dong Thap,2022-12-09,0.08234500344686291
Dong Thap,2022-12-10,0.022622698108598654
Dong Thap,2022-12-11,0
Dong Thap,2022-12-12,0
Dong Thap,2022-12-13,0
Dong Thap,2022-12-14,0
Dong Thap,2022-12-15,0
Dong Thap,2022-12-16,0.18014839422680473
Dong Thap,2022-12-17,0.2876244531101196
Dong Thap,2022-12-18,0
Dong Thap,2022-12-19,0
Dong Thap,2022-12-20,0
Dong Thap,2022-12-21,0.03918401863986412
Dong Thap,2022-12-22,0
Dong Thap,2022-12-23,0
Dong Thap,2022-12-24,0.027642781376865738
Dong Thap,2022-12-25,0
Dong Thap,2022-12-26,0
Dong Thap,2022-12-27,0
Dong Thap,2022-12-28,0
Dong Thap,2022-12-29,0
Dong Thap,2022-12-30,0
Dong Thap,2022-12-31,2.2473836993874268
Dong Thap,2023-01-01,0
Dong Thap,2023-01-02,0.18545413422008372
Dong Thap,2023-01-03,0
Dong Thap,2023-01-04,3.3661850688745294
Dong Thap,2023-01-05,2.7289286832373136
Dong Thap,2023-01-06,0.07687765550580944
Dong Thap,2023-01-07,2.7789605062092293
Dong Thap,2023-01-08,0
Dong Thap,2023-01-09,3.426697555335167
Dong Thap,2023-01-10,6.67202414080267
Dong Thap,2023-01-11,0
Dong Thap,2023-01-12,1.694487257263599
Dong Thap,2023-01-13,0
Dong Thap,2023-01-14,0
Dong Thap,2023-01-15,0
Dong Thap,2023-01-16,0
Dong Thap,2023-01-17,0
Dong Thap,2023-01-18,0.1428533704481835
Dong Thap,2023-01-19,0.009714175804364105
Dong Thap,2023-01-20,0.2084077150610155
Dong Thap,2023-01-21,0
Dong Thap,2023-01-22,2.2174539179191424
Dong Thap,2023-01-23,0
Dong Thap,2023-01-24,0.33463895314806086
Dong Thap,2023-01-25,0.982152906783468
Dong Thap,2023-01-26,0
Dong Thap,2023-01-27,0
Dong Thap,2023-01-28,0.8505354568003826
Dong Thap,2023-01-29,0
Dong Thap,2023-01-30,0.4046520128802212
Dong Thap,2023-01-31,0
Dong Thap,2023-02-01,0
Dong Thap,2023-02-02,0.06729143125577555
Dong Thap,2023-02-03,0.1346855699299197
Dong Thap,2023-02-04,0.009963941582211677
Dong Thap,2023-02-05,0
Dong Thap,2023-02-06,0
Dong Thap,2023-02-07,0.23843673813605434
Dong Thap,2023-02-08,0.1897399315007398
Dong Thap,2023-02-09,0
Dong Thap,2023-02-10,0
Dong Thap,2023-02-11,0
Dong Thap,2023-02-12,0.6745817287995589
Dong Thap,2023-02-13,4.688505746108052
Dong Thap,2023-02-14,2.555712334715322
Dong Thap,2023-02-15,0
Dong Thap,2023-02-16,0
Dong Thap,2023-02-17,0
Dong Thap,2023-02-18,0
Dong Thap,2023-02-19,1.6472817298936984
Dong Thap,2023-02-20,0.38633538623339797
Dong Thap,2023-02-21,0
Dong Thap,2023-02-22,0
Dong Thap,2023-02-23,0.022120260823089467
Dong Thap,2023-02-24,0
Dong Thap,2023-02-25,0
Dong Thap,2023-02-26,0
Dong Thap,2023-02-27,0.12410578552979257
Dong Thap,2023-02-28,1.3645968015958916
Dong Thap,2023-03-01,0.35732744757567025
Dong Thap,2023-03-02,0.5970540828030748
Dong Thap,2023-03-03,0.05731004749752103
Dong Thap,2023-03-04,1.6710644068700646
Dong Thap,2023-03-05,0
Dong Thap,2023-03-06,0.45757370292531785
Dong Thap,2023-03-07,0
Dong Thap,2023-03-08,1.333660274730509
Dong Thap,2023-03-09,0
Dong Thap,2023-03-10,0
Dong Thap,2023-03-11,0
Dong Thap,2023-03-12,0.008729425185603677
Dong Thap,2023-03-13,0
Dong Thap,2023-03-14,0.2900124656550868
Dong Thap,2023-03-15,0
Dong Thap,2023-03-16,0
Dong Thap,2023-03-17,0
Dong Thap,2023-03-18,0
Dong Thap,2023-03-19,0
Dong Thap,2023-03-20,0
Dong Thap,2023-03-21,0
Dong Thap,2023-03-22,0
Dong Thap,2023-03-23,0
Dong Thap,2023-03-24,0
Dong Thap,2023-03-25,0
Dong Thap,2023-03-26,0
Dong Thap,2023-03-27,0
Dong Thap,2023-03-28,0.3810193617854607
Dong Thap,2023-03-29,0
Dong Thap,2023-03-30,0
Dong Thap,2023-03-31,0
Dong Thap,2023-04-01,0
Dong Thap,2023-04-02,2.0458167298211514
Dong Thap,2023-04-03,3.7512738428433416
Dong Thap,2023-04-04,0.7814986665948923
Dong Thap,2023-04-05,0
Dong Thap,2023-04-06,0
Dong Thap,2023-04-07,0
Dong Thap,2023-04-08,0
Dong Thap,2023-04-09,0.4651610399891197
Dong Thap,2023-04-10,0
Dong Thap,2023-04-11,0
Dong Thap,2023-04-12,0.5254447608273234
Dong Thap,2023-04-13,0.39133453182495725
Dong Thap,2023-04-14,0
Dong Thap,2023-04-15,14.258652736547177
Dong Thap,2023-04-16,16.02584500945234
Dong Thap,2023-04-17,5.4692156936120435
Dong Thap,2023-04-18,0
Dong Thap,2023-04-19,0.0032836486145241994
Dong Thap,2023-04-20,0
Dong Thap,2023-04-21,0.028470769433280578
Dong Thap,2023-04-22,0
Dong Thap,2023-04-23,0
Dong Thap,2023-04-24,1.0994332528571464
Dong Thap,2023-04-25,4.848826556221169
Dong Thap,2023-04-26,0
Dong Thap,2023-04-27,1.2784508429121102
Dong Thap,2023-04-28,0.4861107944955301
Dong Thap,2023-04-29,1.2274045029315708
Dong Thap,2023-04-30,8.960645764437238
Dong Thap,2023-05-01,0.15009769013551783
Dong Thap,2023-05-02,0.5568514841198516
Dong Thap,2023-05-03,0.08885141247547428
Dong Thap,2023-05-04,0.04345348595031027
Dong Thap,2023-05-05,0.06743576975942119
Dong Thap,2023-05-06,0
Dong Thap,2023-05-07,0.005490443151717234
Dong Thap,2023-05-08,10.257830058281346
Dong Thap,2023-05-09,5.6577938054461105
Dong Thap,2023-05-10,4.015734553945723
Dong Thap,2023-05-11,12.493045827605064
Dong Thap,2023-05-12,9.182715075902452
Dong Thap,2023-05-13,3.1786021193003813
Dong Thap,2023-05-14,4.819829227562149
Dong Thap,2023-05-15,6.782176776932623
Dong Thap,2023-05-16,3.8193341581992395
Dong Thap,2023-05-17,6.730592868774151
Dong Thap,2023-05-18,4.624681822751043
Dong Thap,2023-05-19,2.164948054944574
Dong Thap,2023-05-20,5.279275380769826
Dong Thap,2023-05-21,8.332349423718934
Dong Thap,2023-05-22,6.404371913061786
Dong Thap,2023-05-23,2.4156418525701966
Dong Thap,2023-05-24,4.644370734299395
Dong Thap,2023-05-25,3.7759138678433217
Dong Thap,2023-05-26,10.675968214325117
Dong Thap,2023-05-27,7.959201469074063
Dong Thap,2023-05-28,0.014936302385553091
Dong Thap,2023-05-29,2.2828494623955997
Dong Thap,2023-05-30,2.403047149714793
Dong Thap,2023-05-31,8.711841627904715
Dong Thap,2023-06-01,4.39289853025489
Dong Thap,2023-06-02,5.0896336266127244
Dong Thap,2023-06-03,3.581228646610987
Dong Thap,2023-06-04,8.425693466816462
Dong Thap,2023-06-05,9.065517428154198
Dong Thap,2023-06-06,3.7408776654592844
Dong Thap,2023-06-07,3.4864892659069375
Dong Thap,2023-06-08,2.299046565324832
Dong Thap,2023-06-09,0.3801439963881326
Dong Thap,2023-06-10,2.7764643160480476
Dong Thap,2023-06-11,0
Dong Thap,2023-06-12,7.089495277219494
Dong Thap,2023-06-13,2.099474390455999
Dong Thap,2023-06-14,0
Dong Thap,2023-06-15,2.626364344530213
Dong Thap,2023-06-16,4.8922967502108925
Dong Thap,2023-06-17,9.657739080517423
Dong Thap,2023-06-18,4.868017883968376
Dong Thap,2023-06-19,0.046113203226208065
Dong Thap,2023-06-20,10.137244811796782
Dong Thap,2023-06-21,2.379776499088535
Dong Thap,2023-06-22,5.462110409944647
Dong Thap,2023-06-23,0.363765459936277
Dong Thap,2023-06-24,2.376908620516405
Dong Thap,2023-06-25,9.337867537593256
Dong Thap,2023-06-26,3.9492371447683605
Dong Thap,2023-06-27,12.783462899854353
Dong Thap,2023-06-28,7.297629784051324
Dong Thap,2023-06-29,9.002270084350375
Dong Thap,2023-06-30,10.756910976447672
Dong Thap,2023-07-01,17.079032240337003
Dong Thap,2023-07-02,7.261728605466387
Dong Thap,2023-07-03,12.485533347246404
Dong Thap,2023-07-04,0.39520356682576585
Dong Thap,2023-07-05,10.435472396311642
Dong Thap,2023-07-06,7.750397590848901
Dong Thap,2023-07-07,6.022440471899652
Dong Thap,2023-07-08,5.586469812953937
Dong Thap,2023-07-09,6.349237514037191
Dong Thap,2023-07-10,1.7324331592872404
Dong Thap,2023-07-11,5.9310787277262795
Dong Thap,2023-07-12,3.3347666704292225
Dong Thap,2023-07-13,9.596893992571703
Dong Thap,2023-07-14,10.514706096452787
Dong Thap,2023-07-15,3.1468737896253716
Dong Thap,2023-07-16,16.014237491863238
Dong Thap,2023-07-17,12.340131999218526
Dong Thap,2023-07-18,1.1599087205527185
Dong Thap,2023-07-19,8.390538525582715
Dong Thap,2023-07-20,6.4717295809427275
Dong Thap,2023-07-21,6.222542267187074
Dong Thap,2023-07-22,5.125366903430674
Dong Thap,2023-07-23,20.72641457462083
Dong Thap,2023-07-24,16.71202485860815
Dong Thap,2023-07-25,1.7234341621209575
Dong Thap,2023-07-26,13.840884464896675
Dong Thap,2023-07-27,12.07346532631278
Dong Thap,2023-07-28,14.182524324558969
Dong Thap,2023-07-29,5.952007153007432
Dong Thap,2023-07-30,7.665402458595642
Dong Thap,2023-07-31,6.985546432670511
Dong Thap,2023-08-01,3.498202054231973
Dong Thap,2023-08-02,1.480402298763628
Dong Thap,2023-08-03,6.383777646472565
Dong Thap,2023-08-04,3.981653132854823
Dong Thap,2023-08-05,0.22843695666099154
Dong Thap,2023-08-06,0.007546726946444477
Dong Thap,2023-08-07,1.0392701994312414
Dong Thap,2023-08-08,0.2880904408899164
Dong Thap,2023-08-09,0
Dong Thap,2023-08-10,2.848496188307555
Dong Thap,2023-08-11,0
Dong Thap,2023-08-12,2.2508356646666976
Dong Thap,2023-08-13,7.628032756847186
Dong Thap,2023-08-14,11.061529751764771
Dong Thap,2023-08-15,0.3914764431062837
Dong Thap,2023-08-16,4.100993993920968
Dong Thap,2023-08-17,10.694430431406436
Dong Thap,2023-08-18,9.858814135001094
Dong Thap,2023-08-19,18.6160314319922
Dong Thap,2023-08-20,4.807486115134651
Dong Thap,2023-08-21,6.055412234978963
Dong Thap,2023-08-22,6.574987995061903
Dong Thap,2023-08-23,0.5663142099060223
Dong Thap,2023-08-24,0.9439201306696243
Dong Thap,2023-08-25,2.021310880012677
Dong Thap,2023-08-26,4.811690219049282
Dong Thap,2023-08-27,6.360398520430875
Dong Thap,2023-08-28,7.82997340728751
Dong Thap,2023-08-29,6.331951047581881
Dong Thap,2023-08-30,4.855057665414216
Dong Thap,2023-08-31,7.89294844974675
Dong Thap,2023-09-01,8.440334250549894
Dong Thap,2023-09-02,0.3206595137177721
Dong Thap,2023-09-03,9.695877226215385
Dong Thap,2023-09-04,2.932305708557995
Dong Thap,2023-09-05,4.993789631864069
Dong Thap,2023-09-06,4.340067031941016
Dong Thap,2023-09-07,1.3041511872457439
Dong Thap,2023-09-08,13.910288547993465
Dong Thap,2023-09-09,14.413373389339025
Dong Thap,2023-09-10,0.4290414709054291
Dong Thap,2023-09-11,0
Dong Thap,2023-09-12,1.5145852243735294
Dong Thap,2023-09-13,5.982410963387181
Dong Thap,2023-09-14,6.6521756639008816
Dong Thap,2023-09-15,0.1571842048859039
Dong Thap,2023-09-16,5.445776851959772
Dong Thap,2023-09-17,4.895697439612244
Dong Thap,2023-09-18,2.7870757043740366
Dong Thap,2023-09-19,10.445660151549692
Dong Thap,2023-09-20,8.076200752652419
Dong Thap,2023-09-21,9.285555168928838
Dong Thap,2023-09-22,5.726060552927866
Dong Thap,2023-09-23,8.865196763319524
Dong Thap,2023-09-24,12.993632530446547
Dong Thap,2023-09-25,6.092793693963379
Dong Thap,2023-09-26,12.412440002113346
Dong Thap,2023-09-27,9.883990162221489
Dong Thap,2023-09-28,0.3490554021617737
Dong Thap,2023-09-29,11.476268964970709
Dong Thap,2023-09-30,4.1812091660399515
Dong Thap,2023-10-01,24.93556305646409
Dong Thap,2023-10-02,27.89376627092381
Dong Thap,2023-10-03,0
Dong Thap,2023-10-04,0
Dong Thap,2023-10-05,6.420831840785418
Dong Thap,2023-10-06,2.326460588288085
Dong Thap,2023-10-07,1.758684581579712
Dong Thap,2023-10-08,3.331774206220469
Dong Thap,2023-10-09,0.24919823342598235
Dong Thap,2023-10-10,7.044494446535242
Dong Thap,2023-10-11,5.294739183145828
Dong Thap,2023-10-12,9.381758238233509
Dong Thap,2023-10-13,6.68016904670959
Dong Thap,2023-10-14,11.494713312553824
Dong Thap,2023-10-15,15.265651454643143
Dong Thap,2023-10-16,6.714613224390495
Dong Thap,2023-10-17,14.422134980096118
Dong Thap,2023-10-18,7.380503572329172
Dong Thap,2023-10-19,5.3018766462816425
Dong Thap,2023-10-20,1.405367879348735
Dong Thap,2023-10-21,0.6270356727127913
Dong Thap,2023-10-22,14.064235975202967
Dong Thap,2023-10-23,8.65791735179521
Dong Thap,2023-10-24,2.1175072822598935
Dong Thap,2023-10-25,11.026490142306477
Dong Thap,2023-10-26,6.268093244259064
Dong Thap,2023-10-27,12.445522954370901
Dong Thap,2023-10-28,9.873504348249698
Dong Thap,2023-10-29,16.64264352545599
Dong Thap,2023-10-30,5.591707045295649
Dong Thap,2023-10-31,9.940416419319423
Dong Thap,2023-11-01,7.504028385759942
Dong Thap,2023-11-02,15.480034603846974
Dong Thap,2023-11-03,13.210374235363
Dong Thap,2023-11-04,5.424771320124671
Dong Thap,2023-11-05,16.155053512982995
Dong Thap,2023-11-06,1.7650615474196933
Dong Thap,2023-11-07,12.453944655159368
Dong Thap,2023-11-08,4.483177303821557
Dong Thap,2023-11-09,20.48835596306297
Dong Thap,2023-11-10,4.750590712298657
Dong Thap,2023-11-11,0.027698904742506428
Dong Thap,2023-11-12,3.808901612791638
Dong Thap,2023-11-13,15.56738488772085
Dong Thap,2023-11-14,13.829669459433632
Dong Thap,2023-11-15,2.705463599842207
Dong Thap,2023-11-16,0.2523623520496997
Dong Thap,2023-11-17,0.36065042962934907
Dong Thap,2023-11-18,3.1463567633152225
Dong Thap,2023-11-19,0.05207404058104555
Dong Thap,2023-11-20,1.9787203517865244
Dong Thap,2023-11-21,0
Dong Thap,2023-11-22,0.084745551429694
Dong Thap,2023-11-23,6.285284943420492
Dong Thap,2023-11-24,0.35742030714898254
Dong Thap,2023-11-25,1.3409341593326451
Dong Thap,2023-11-26,4.499225013991023
Dong Thap,2023-11-27,0
Dong Thap,2023-11-28,1.710105675883593
Dong Thap,2023-11-29,1.3227208559005097
Dong Thap,2023-11-30,1.871439588585218
Dong Thap,2023-12-01,2.6335986998107175
Dong Thap,2023-12-02,11.984301745066547
Dong Thap,2023-12-03,0
Dong Thap,2023-12-04,0.0946985563643265
Dong Thap,2023-12-05,0.02517461401414839
Dong Thap,2023-12-06,2.5056887668683623
Dong Thap,2023-12-07,0.24752291090260672
Dong Thap,2023-12-08,0.3877401521971688
Dong Thap,2023-12-09,0
Dong Thap,2023-12-10,0
Dong Thap,2023-12-11,0.0005357707908750257
Dong Thap,2023-12-12,0
Dong Thap,2023-12-13,0.10100812689636418
Dong Thap,2023-12-14,0.0546927561301722
Dong Thap,2023-12-15,0.07791233691487259
Dong Thap,2023-12-16,0
Dong Thap,2023-12-17,0
Dong Thap,2023-12-18,0
Dong Thap,2023-12-19,0
Dong Thap,2023-12-20,0
Dong Thap,2023-12-21,0
Dong Thap,2023-12-22,0.36394166666781896
Dong Thap,2023-12-23,0
Dong Thap,2023-12-24,0
Dong Thap,2023-12-25,0
Dong Thap,2023-12-26,0
Dong Thap,2023-12-27,0
Dong Thap,2023-12-28,0.04657192833574554
Dong Thap,2023-12-29,0.018215261496111516
Dong Thap,2023-12-30,0
Dong Thap,2023-12-31,0
Dong Thap,2024-01-01,0
Dong Thap,2024-01-02,0
Dong Thap,2024-01-03,0.560806946897009
Dong Thap,2024-01-04,0
Dong Thap,2024-01-05,0.3176348524682507
Dong Thap,2024-01-06,0.11692303883020425
Dong Thap,2024-01-07,0
Dong Thap,2024-01-08,0.7196298289933335
Dong Thap,2024-01-09,0
Dong Thap,2024-01-10,0
Dong Thap,2024-01-11,0
Dong Thap,2024-01-12,0.00961325910523118
Dong Thap,2024-01-13,0.05123414848162957
Dong Thap,2024-01-14,0.11988061203257634
Dong Thap,2024-01-15,1.3486521164995489
Dong Thap,2024-01-16,0.10907498994110555
Dong Thap,2024-01-17,0.19835030576769988
Dong Thap,2024-01-18,0
Dong Thap,2024-01-19,0
Dong Thap,2024-01-20,5.089164898871348
Dong Thap,2024-01-21,0.7719043776281357
Dong Thap,2024-01-22,0.20735464628683567
Dong Thap,2024-01-23,0
Dong Thap,2024-01-24,0
Dong Thap,2024-01-25,0
Dong Thap,2024-01-26,0
Dong Thap,2024-01-27,0.5084540489473554
Dong Thap,2024-01-28,0.022320487560370028
Dong Thap,2024-01-29,0
Dong Thap,2024-01-30,0
Dong Thap,2024-01-31,0
Dong Thap,2024-02-01,0
Dong Thap,2024-02-02,0
Dong Thap,2024-02-03,0
Dong Thap,2024-02-04,0
Dong Thap,2024-02-05,0
Dong Thap,2024-02-06,0
Dong Thap,2024-02-07,0
Dong Thap,2024-02-08,0
Dong Thap,2024-02-09,0
Dong Thap,2024-02-10,0
Dong Thap,2024-02-11,0
Dong Thap,2024-02-12,0
Dong Thap,2024-02-13,0
Dong Thap,2024-02-14,0
Dong Thap,2024-02-15,0
Dong Thap,2024-02-16,0
Dong Thap,2024-02-17,0
Dong Thap,2024-02-18,0
Dong Thap,2024-02-19,0
Dong Thap,2024-02-20,0
Dong Thap,2024-02-21,0
Dong Thap,2024-02-22,0
Dong Thap,2024-02-23,0
Dong Thap,2024-02-24,0
Dong Thap,2024-02-25,0
Dong Thap,2024-02-26,0
Dong Thap,2024-02-27,0.15110079151231037
Dong Thap,2024-02-28,0
Dong Thap,2024-02-29,0
Dong Thap,2024-03-01,0
Dong Thap,2024-03-02,0.6109486979869642
Dong Thap,2024-03-03,0
Dong Thap,2024-03-04,0
Dong Thap,2024-03-05,0
Dong Thap,2024-03-06,0
Dong Thap,2024-03-07,0.7459447759740174
Dong Thap,2024-03-08,0
Dong Thap,2024-03-09,0.312411931408677
Dong Thap,2024-03-10,0.024288341534876193
Dong Thap,2024-03-11,0
Dong Thap,2024-03-12,0.6137202362273593
Dong Thap,2024-03-13,0
Dong Thap,2024-03-14,0
Dong Thap,2024-03-15,0.02941096895793844
Dong Thap,2024-03-16,0.004172350493639484
Dong Thap,2024-03-17,0
Dong Thap,2024-03-18,0
Dong Thap,2024-03-19,0
Dong Thap,2024-03-20,0.008070663189114372
Dong Thap,2024-03-21,0
Dong Thap,2024-03-22,0
Dong Thap,2024-03-23,0
Dong Thap,2024-03-24,0.09477100267225257
Dong Thap,2024-03-25,0
Dong Thap,2024-03-26,3.2325343770831516
Dong Thap,2024-03-27,0
Dong Thap,2024-03-28,3.4602743456132146
Dong Thap,2024-03-29,2.8851825346988917
Dong Thap,2024-03-30,0.7447361453390456
Dong Thap,2024-03-31,0.1306222744517676
Dong Thap,2024-04-01,0.025876247226204598
Dong Thap,2024-04-02,3.799801350914622
Dong Thap,2024-04-03,0
Dong Thap,2024-04-04,0
Dong Thap,2024-04-05,0
Dong Thap,2024-04-06,0
Dong Thap,2024-04-07,0
Dong Thap,2024-04-08,1.3436086528427562
Dong Thap,2024-04-09,0
Dong Thap,2024-04-10,0
Dong Thap,2024-04-11,0.10423919838241823
Dong Thap,2024-04-12,0.014499380756242467
Dong Thap,2024-04-13,1.272578998484666
Dong Thap,2024-04-14,0.04515759665603002
Dong Thap,2024-04-15,0.0008567249818514747
Dong Thap,2024-04-16,0
Dong Thap,2024-04-17,0
Dong Thap,2024-04-18,0.009634260204013092
Dong Thap,2024-04-19,0
Dong Thap,2024-04-20,0
Dong Thap,2024-04-21,0
Dong Thap,2024-04-22,0
Dong Thap,2024-04-23,0
Dong Thap,2024-04-24,0
Dong Thap,2024-04-25,0
Dong Thap,2024-04-26,0.037037797808133203
Dong Thap,2024-04-27,0
Dong Thap,2024-04-28,0
Dong Thap,2024-04-29,0
Dong Thap,2024-04-30,0.006053309966261651
Dong Thap,2024-05-01,0
Dong Thap,2024-05-02,0
Dong Thap,2024-05-03,1.402511683760356
Dong Thap,2024-05-04,3.105593273685394
Dong Thap,2024-05-05,7.937465250776125
Dong Thap,2024-05-06,0
Dong Thap,2024-05-07,11.547339048844389
Dong Thap,2024-05-08,2.9316441897756795
Dong Thap,2024-05-09,7.866614942543084
Dong Thap,2024-05-10,1.4869497429291247
Dong Thap,2024-05-11,3.6002508873081496
Dong Thap,2024-05-12,5.344988199833817
Dong Thap,2024-05-13,7.574309945769232
Dong Thap,2024-05-14,1.9184187618220552
Dong Thap,2024-05-15,12.814454407304591
Dong Thap,2024-05-16,7.117995018614968
Dong Thap,2024-05-17,13.388324578062107
Dong Thap,2024-05-18,1.7175914880952545
Dong Thap,2024-05-19,3.017297684284112
Dong Thap,2024-05-20,11.094482816858903
Dong Thap,2024-05-21,4.299850246128323
Dong Thap,2024-05-22,0.6642665092856374
Dong Thap,2024-05-23,6.210932644885873
Dong Thap,2024-05-24,0.6679991896606396
Dong Thap,2024-05-25,5.4979218747209
Dong Thap,2024-05-26,1.8387015868685863
Dong Thap,2024-05-27,7.026157327735131
Dong Thap,2024-05-28,6.308263744752316
Dong Thap,2024-05-29,11.72230539427124
Dong Thap,2024-05-30,7.878411026357499
Dong Thap,2024-05-31,9.673776829056061
Dong Thap,2024-06-01,4.601843408176843
Dong Thap,2024-06-02,0.8205725935978606
Dong Thap,2024-06-03,0.2145555708071313
Dong Thap,2024-06-04,0.6575951576503409
Dong Thap,2024-06-05,2.03046694090909
Dong Thap,2024-06-06,2.6955932359090062
Dong Thap,2024-06-07,5.7647122225713785
Dong Thap,2024-06-08,13.530489339765193
Dong Thap,2024-06-09,5.3453676636551215
Dong Thap,2024-06-10,0.13822006254150723
Dong Thap,2024-06-11,4.093880020743031
Dong Thap,2024-06-12,2.518841949901209
Dong Thap,2024-06-13,1.1484019784922495
Dong Thap,2024-06-14,2.431997614492358
Dong Thap,2024-06-15,7.014507109233791
Dong Thap,2024-06-16,0.44050143163761973
Dong Thap,2024-06-17,8.13136250452847
Dong Thap,2024-06-18,5.41425092879785
Dong Thap,2024-06-19,16.099755747452985
Dong Thap,2024-06-20,19.58108831680035
Dong Thap,2024-06-21,17.148734211894645
Dong Thap,2024-06-22,1.4387836581810765
Dong Thap,2024-06-23,3.9042526507745507
Dong Thap,2024-06-24,5.229603988291971
Dong Thap,2024-06-25,5.939768029876867
Dong Thap,2024-06-26,4.953469535053143
Dong Thap,2024-06-27,7.3057663668871
Dong Thap,2024-06-28,2.1651450271898045
Dong Thap,2024-06-29,0.6636295877253358
Dong Thap,2024-06-30,1.7608823165185932
Dong Thap,2024-07-01,0.6101986212554042
Dong Thap,2024-07-02,15.743317125307243
Dong Thap,2024-07-03,9.039870469044583
Dong Thap,2024-07-04,12.200048985937327
Dong Thap,2024-07-05,1.7379778109901693
Dong Thap,2024-07-06,6.52505978366429
Dong Thap,2024-07-07,16.818339972558785
Dong Thap,2024-07-08,6.981630487170978
Dong Thap,2024-07-09,16.47793673477613
Dong Thap,2024-07-10,1.969457072304954
Dong Thap,2024-07-11,9.18459496332833
Dong Thap,2024-07-12,8.232187636590528
Dong Thap,2024-07-13,2.238864762904235
Dong Thap,2024-07-14,1.8126190313547412
Dong Thap,2024-07-15,11.55264339655036
Dong Thap,2024-07-16,4.722280977290047
Dong Thap,2024-07-17,11.985926467111279
Dong Thap,2024-07-18,13.06661859743715
Dong Thap,2024-07-19,10.069044144902339
Dong Thap,2024-07-20,4.600266700364956
Dong Thap,2024-07-21,5.144130261977135
Dong Thap,2024-07-22,13.16573458795026
Dong Thap,2024-07-23,0.15344937615365384
Dong Thap,2024-07-24,2.0800286968981894
Dong Thap,2024-07-25,4.459902569533259
Dong Thap,2024-07-26,5.848672912657491
Dong Thap,2024-07-27,9.150309983296868
Dong Thap,2024-07-28,1.4575128749516753
Dong Thap,2024-07-29,6.9698451515874655
Dong Thap,2024-07-30,0.7537759772931093
Dong Thap,2024-07-31,12.375986678058771
Dong Thap,2024-08-01,2.2933717164791494
Dong Thap,2024-08-02,10.912269272899206
Dong Thap,2024-08-03,12.513263063160826
Dong Thap,2024-08-04,10.713410610470445
Dong Thap,2024-08-05,4.574333651092337
Dong Thap,2024-08-06,6.466092612113383
Dong Thap,2024-08-07,2.149999712035314
Dong Thap,2024-08-08,0.01644305159560347
Dong Thap,2024-08-09,5.2665643266418884
Dong Thap,2024-08-10,0.46935059589027195
Dong Thap,2024-08-11,0.01870603658240318
Dong Thap,2024-08-12,3.282729363722788
Dong Thap,2024-08-13,4.001531832216006
Dong Thap,2024-08-14,0.8268805797040018
Dong Thap,2024-08-15,5.990043947924987
Dong Thap,2024-08-16,4.151778604476013
Dong Thap,2024-08-17,3.442586840788253
Dong Thap,2024-08-18,0
Dong Thap,2024-08-19,0.527514809988133
Dong Thap,2024-08-20,3.8163275113005963
Dong Thap,2024-08-21,2.852875220554471
Dong Thap,2024-08-22,3.0520926274786957
Dong Thap,2024-08-23,5.619772747622235
Dong Thap,2024-08-24,3.564137236592395
Dong Thap,2024-08-25,5.202133392378777
Dong Thap,2024-08-26,6.810238929503031
Dong Thap,2024-08-27,8.52247220826901
Dong Thap,2024-08-28,16.652683931438997
Dong Thap,2024-08-29,12.511483355420015
Dong Thap,2024-08-30,7.779354163171863
Dong Thap,2024-08-31,7.445020844829799
Dong Thap,2024-09-01,14.752088515618395
Dong Thap,2024-09-02,0.13950651108420625
Dong Thap,2024-09-03,2.194921740577799
Dong Thap,2024-09-04,5.337714154399223
Dong Thap,2024-09-05,8.692789751695674
Dong Thap,2024-09-06,8.025271696543408
Dong Thap,2024-09-07,2.039278171623487
Dong Thap,2024-09-08,0.010958790522138901
Dong Thap,2024-09-09,2.029808672182626
Dong Thap,2024-09-10,18.70080802297008
Dong Thap,2024-09-11,6.920449303463525
Dong Thap,2024-09-12,18.978954942609985
Dong Thap,2024-09-13,17.183386824908425
Dong Thap,2024-09-14,6.9929975684278265
Dong Thap,2024-09-15,7.671314385057928
Dong Thap,2024-09-16,9.643160193759565
Dong Thap,2024-09-17,10.108689019563439
Dong Thap,2024-09-18,11.352823071227421
Dong Thap,2024-09-19,2.2467891669054265
Dong Thap,2024-09-20,11.803995021703644
Dong Thap,2024-09-21,20.15912560129587
Dong Thap,2024-09-22,0.9411610748888493
Dong Thap,2024-09-23,13.229100408266266
Dong Thap,2024-09-24,2.135946923327982
Dong Thap,2024-09-25,4.502281526508096
Dong Thap,2024-09-26,4.388634450167302
Dong Thap,2024-09-27,2.5313887090295624
Dong Thap,2024-09-28,0.29232763870451656
Dong Thap,2024-09-29,0
Dong Thap,2024-09-30,0.38802922860765127
Dong Thap,2024-10-01,11.312638448511146
Dong Thap,2024-10-02,7.141919089223837
Dong Thap,2024-10-03,17.70918322978227
Dong Thap,2024-10-04,9.221432460214588
Dong Thap,2024-10-05,14.780304029303291
Dong Thap,2024-10-06,11.005901045814944
Dong Thap,2024-10-07,12.974006685319058
Dong Thap,2024-10-08,21.022317063600156
Dong Thap,2024-10-09,14.2581227069705
Dong Thap,2024-10-10,12.496098506970014
Dong Thap,2024-10-11,14.173618604218797
Dong Thap,2024-10-12,14.025359453474936
Dong Thap,2024-10-13,4.0994639231256835
Dong Thap,2024-10-14,5.768061943448591
Dong Thap,2024-10-15,19.209148214210696
Dong Thap,2024-10-16,21.92278153801116
Dong Thap,2024-10-17,18.57689352816726
Dong Thap,2024-10-18,3.9702231260770997
Dong Thap,2024-10-19,7.138365930065915
Dong Thap,2024-10-20,15.142006095991619
Dong Thap,2024-10-21,19.63872772434927
Dong Thap,2024-10-22,16.340602462730466
Dong Thap,2024-10-23,0
Dong Thap,2024-10-24,2.7453323873717257
Dong Thap,2024-10-25,0
Dong Thap,2024-10-26,2.8362263053459515
Dong Thap,2024-10-27,18.66143573958884
Dong Thap,2024-10-28,3.36638547541307
Dong Thap,2024-10-29,0
Dong Thap,2024-10-30,0
Dong Thap,2024-10-31,0
Dong Thap,2024-11-01,11.773087013598225
Dong Thap,2024-11-02,17.283422245550835
Dong Thap,2024-11-03,17.014992345209855
Dong Thap,2024-11-04,10.500789996296579
Dong Thap,2024-11-05,8.04739184431784
Dong Thap,2024-11-06,4.009124525136517
Dong Thap,2024-11-07,0.9473619780655157
Dong Thap,2024-11-08,3.8315268260688238
Dong Thap,2024-11-09,3.924912695836556
Dong Thap,2024-11-10,0.5666329724625826
Dong Thap,2024-11-11,0
Dong Thap,2024-11-12,0
Dong Thap,2024-11-13,1.9148180015826395
Dong Thap,2024-11-14,0
Dong Thap,2024-11-15,0.030388862016332483
Dong Thap,2024-11-16,0
Dong Thap,2024-11-17,0
Dong Thap,2024-11-18,0
Dong Thap,2024-11-19,0.18367903539794683
Dong Thap,2024-11-20,1.0324804685047921
Dong Thap,2024-11-21,4.788816213371101
Dong Thap,2024-11-22,0.6236422833250526
Dong Thap,2024-11-23,0.9238794767210105
Dong Thap,2024-11-24,2.0427898340331256
Dong Thap,2024-11-25,4.378127251774756
Dong Thap,2024-11-26,6.052707888573131
Dong Thap,2024-11-27,1.1419752055429566
Dong Thap,2024-11-28,1.2179867364204144
Dong Thap,2024-11-29,4.367547012644072
Dong Thap,2024-11-30,0
Dong Thap,2024-12-01,0
Dong Thap,2024-12-02,2.245925160338339
Dong Thap,2024-12-03,23.92673092143238
Dong Thap,2024-12-04,8.107527283805826
Dong Thap,2024-12-05,2.882903447490932
Dong Thap,2024-12-06,0.22908139652491213
Dong Thap,2024-12-07,0
Dong Thap,2024-12-08,1.0241416900815787
Dong Thap,2024-12-09,0.3214363578782213
Dong Thap,2024-12-10,6.172340488961989
Dong Thap,2024-12-11,3.625426082244421
Dong Thap,2024-12-12,5.010945849159501
Dong Thap,2024-12-13,9.215552829522133
Dong Thap,2024-12-14,5.882525593542798
Dong Thap,2024-12-15,0
Dong Thap,2024-12-16,0
Dong Thap,2024-12-17,0
Dong Thap,2024-12-18,0
Dong Thap,2024-12-19,0
Dong Thap,2024-12-20,0
Dong Thap,2024-12-21,5.992649135667775
Dong Thap,2024-12-22,0.165513220918349
Dong Thap,2024-12-23,0
Dong Thap,2024-12-24,0
Dong Thap,2024-12-25,0
Dong Thap,2024-12-26,0
Dong Thap,2024-12-27,5.644890352884118
Dong Thap,2024-12-28,1.3595926192360235
Dong Thap,2024-12-29,0
Dong Thap,2024-12-30,0
Dong Thap,2024-12-31,4.3787886715541235
Kien Giang,2019-01-01,2.593516909179231
Kien Giang,2019-01-02,8.717837570148776
Kien Giang,2019-01-03,3.5202418495585914
Kien Giang,2019-01-04,3.884724421250659
Kien Giang,2019-01-05,0
Kien Giang,2019-01-06,0
Kien Giang,2019-01-07,0
Kien Giang,2019-01-08,0
Kien Giang,2019-01-09,0
Kien Giang,2019-01-10,0
Kien Giang,2019-01-11,0
Kien Giang,2019-01-12,0
Kien Giang,2019-01-13,0
Kien Giang,2019-01-14,0
Kien Giang,2019-01-15,1.89596818863314
Kien Giang,2019-01-16,0.37508776448199327
Kien Giang,2019-01-17,0
Kien Giang,2019-01-18,0
Kien Giang,2019-01-19,0
Kien Giang,2019-01-20,0
Kien Giang,2019-01-21,0
Kien Giang,2019-01-22,0.014952569312801022
Kien Giang,2019-01-23,0.1110001862339615
Kien Giang,2019-01-24,0
Kien Giang,2019-01-25,0
Kien Giang,2019-01-26,0
Kien Giang,2019-01-27,0
Kien Giang,2019-01-28,0
Kien Giang,2019-01-29,0
Kien Giang,2019-01-30,0
Kien Giang,2019-01-31,0
Kien Giang,2019-02-01,0
Kien Giang,2019-02-02,0.01669841042224515
Kien Giang,2019-02-03,0
Kien Giang,2019-02-04,0
Kien Giang,2019-02-05,0
Kien Giang,2019-02-06,0
Kien Giang,2019-02-07,0
Kien Giang,2019-02-08,0
Kien Giang,2019-02-09,0
Kien Giang,2019-02-10,0.037620666511231575
Kien Giang,2019-02-11,0
Kien Giang,2019-02-12,0.0219357315835077
Kien Giang,2019-02-13,0
Kien Giang,2019-02-14,0
Kien Giang,2019-02-15,0
Kien Giang,2019-02-16,0
Kien Giang,2019-02-17,0
Kien Giang,2019-02-18,0
Kien Giang,2019-02-19,0
Kien Giang,2019-02-20,0
Kien Giang,2019-02-21,0.23270943137833552
Kien Giang,2019-02-22,0.4058349944243629
Kien Giang,2019-02-23,0
Kien Giang,2019-02-24,0
Kien Giang,2019-02-25,0
Kien Giang,2019-02-26,0
Kien Giang,2019-02-27,0.005445812332250286
Kien Giang,2019-02-28,0.08599012986983452
Kien Giang,2019-03-01,0.003713197437769672
Kien Giang,2019-03-02,0
Kien Giang,2019-03-03,0
Kien Giang,2019-03-04,0
Kien Giang,2019-03-05,0
Kien Giang,2019-03-06,0
Kien Giang,2019-03-07,0
Kien Giang,2019-03-08,0
Kien Giang,2019-03-09,0.003482732111783194
Kien Giang,2019-03-10,0
Kien Giang,2019-03-11,0
Kien Giang,2019-03-12,0
Kien Giang,2019-03-13,0
Kien Giang,2019-03-14,0
Kien Giang,2019-03-15,0.42599712623372965
Kien Giang,2019-03-16,0
Kien Giang,2019-03-17,1.3598219694705715
Kien Giang,2019-03-18,0.5470807066851316
Kien Giang,2019-03-19,0
Kien Giang,2019-03-20,0
Kien Giang,2019-03-21,1.8561129557246856
Kien Giang,2019-03-22,0.011365638500147372
Kien Giang,2019-03-23,4.5467653640507955
Kien Giang,2019-03-24,1.0894137384397493
Kien Giang,2019-03-25,0.3735108417030045
Kien Giang,2019-03-26,0
Kien Giang,2019-03-27,0
Kien Giang,2019-03-28,0.003878164773852725
Kien Giang,2019-03-29,0.19118557610076234
Kien Giang,2019-03-30,3.553715760543036
Kien Giang,2019-03-31,2.5379287923702902
Kien Giang,2019-04-01,4.785642957034276
Kien Giang,2019-04-02,0
Kien Giang,2019-04-03,3.626273242649219
Kien Giang,2019-04-04,7.436337259342585
Kien Giang,2019-04-05,2.0013502124472544
Kien Giang,2019-04-06,0.004332580645690339
Kien Giang,2019-04-07,0.711256685744798
Kien Giang,2019-04-08,0.16660150984962882
Kien Giang,2019-04-09,0
Kien Giang,2019-04-10,0
Kien Giang,2019-04-11,7.338293191479567
Kien Giang,2019-04-12,8.895327986138025
Kien Giang,2019-04-13,0
Kien Giang,2019-04-14,0
Kien Giang,2019-04-15,0
Kien Giang,2019-04-16,1.3169998338567666
Kien Giang,2019-04-17,2.148173370210777
Kien Giang,2019-04-18,5.573909940080334
Kien Giang,2019-04-19,0.07714650182458935
Kien Giang,2019-04-20,1.6306418252358275
Kien Giang,2019-04-21,0.34689430721630693
Kien Giang,2019-04-22,0.18376775692164224
Kien Giang,2019-04-23,1.782790098344721
Kien Giang,2019-04-24,0.20810452207593724
Kien Giang,2019-04-25,1.0362244430314267
Kien Giang,2019-04-26,0.5635534205390962
Kien Giang,2019-04-27,1.6562567074375278
Kien Giang,2019-04-28,12.046211150388514
Kien Giang,2019-04-29,0.13534104023135074
Kien Giang,2019-04-30,1.5037415288527785
Kien Giang,2019-05-01,1.0324597147070993
Kien Giang,2019-05-02,17.085246871849456
Kien Giang,2019-05-03,6.913335239335265
Kien Giang,2019-05-04,4.604124241704567
Kien Giang,2019-05-05,1.1649073273541994
Kien Giang,2019-05-06,3.241412251033955
Kien Giang,2019-05-07,2.7762940387169537
Kien Giang,2019-05-08,6.427027577808453
Kien Giang,2019-05-09,13.030749149158797
Kien Giang,2019-05-10,15.002508917923354
Kien Giang,2019-05-11,12.232378123149795
Kien Giang,2019-05-12,14.129424602123331
Kien Giang,2019-05-13,4.398392240641556
Kien Giang,2019-05-14,2.4218139343988083
Kien Giang,2019-05-15,6.437138251248938
Kien Giang,2019-05-16,0.8233699653916267
Kien Giang,2019-05-17,0.6660650109996161
Kien Giang,2019-05-18,5.34167071467293
Kien Giang,2019-05-19,5.799326176491423
Kien Giang,2019-05-20,6.893040205234477
Kien Giang,2019-05-21,8.977682800594813
Kien Giang,2019-05-22,19.205791555629368
Kien Giang,2019-05-23,0.2577461236703733
Kien Giang,2019-05-24,0.07526693762747963
Kien Giang,2019-05-25,8.373018764091102
Kien Giang,2019-05-26,6.857191186862191
Kien Giang,2019-05-27,13.589953245826717
Kien Giang,2019-05-28,9.774939955841903
Kien Giang,2019-05-29,8.17449997431346
Kien Giang,2019-05-30,6.354676956842422
Kien Giang,2019-05-31,0.0382951287502208
Kien Giang,2019-06-01,1.5060991219589914
Kien Giang,2019-06-02,9.773011997865677
Kien Giang,2019-06-03,10.55480665952003
Kien Giang,2019-06-04,8.8944276149884
Kien Giang,2019-06-05,12.125620192497676
Kien Giang,2019-06-06,9.688625049027694
Kien Giang,2019-06-07,6.802907681198175
Kien Giang,2019-06-08,9.4142391658945
Kien Giang,2019-06-09,24.09311880807806
Kien Giang,2019-06-10,14.960338216709479
Kien Giang,2019-06-11,4.26777625355681
Kien Giang,2019-06-12,6.909206704012675
Kien Giang,2019-06-13,12.763677365014908
Kien Giang,2019-06-14,9.138469108721196
Kien Giang,2019-06-15,12.001998608905986
Kien Giang,2019-06-16,22.270856091862683
Kien Giang,2019-06-17,15.386099615474194
Kien Giang,2019-06-18,0.9073315524163538
Kien Giang,2019-06-19,0
Kien Giang,2019-06-20,13.684769609199
Kien Giang,2019-06-21,26.308214360590835
Kien Giang,2019-06-22,25.110376138875708
Kien Giang,2019-06-23,0.9713171018311042
Kien Giang,2019-06-24,4.364224988541869
Kien Giang,2019-06-25,13.055995940323665
Kien Giang,2019-06-26,0.6549034989012176
Kien Giang,2019-06-27,0.44244488952859845
Kien Giang,2019-06-28,17.051043079728778
Kien Giang,2019-06-29,3.460688720277668
Kien Giang,2019-06-30,6.841291539772077
Kien Giang,2019-07-01,13.718055314806184
Kien Giang,2019-07-02,31.717790175268284
Kien Giang,2019-07-03,14.748673567947105
Kien Giang,2019-07-04,16.32131245813118
Kien Giang,2019-07-05,2.2747638728104747
Kien Giang,2019-07-06,0.12061377701821266
Kien Giang,2019-07-07,0.5981570764115214
Kien Giang,2019-07-08,1.4565430430972193
Kien Giang,2019-07-09,0.10601906120091303
Kien Giang,2019-07-10,0
Kien Giang,2019-07-11,1.5214185186798506
Kien Giang,2019-07-12,0.0009146114507286194
Kien Giang,2019-07-13,2.599170441438781
Kien Giang,2019-07-14,2.6732212946512552
Kien Giang,2019-07-15,14.9210571476373
Kien Giang,2019-07-16,16.74856456884476
Kien Giang,2019-07-17,19.880576194713537
Kien Giang,2019-07-18,13.291775739733165
Kien Giang,2019-07-19,1.567425857405324
Kien Giang,2019-07-20,1.3769278154744733
Kien Giang,2019-07-21,0.004937899040257236
Kien Giang,2019-07-22,17.004409248414014
Kien Giang,2019-07-23,9.508952241891642
Kien Giang,2019-07-24,12.587115045037596
Kien Giang,2019-07-25,4.6927670650024425
Kien Giang,2019-07-26,3.3558286237485735
Kien Giang,2019-07-27,7.294331800850499
Kien Giang,2019-07-28,15.562527000593347
Kien Giang,2019-07-29,13.48471511818373
Kien Giang,2019-07-30,2.655121617775105
Kien Giang,2019-07-31,11.840670692334879
Kien Giang,2019-08-01,12.40375809449294
Kien Giang,2019-08-02,25.81509305310176
Kien Giang,2019-08-03,15.455062880133463
Kien Giang,2019-08-04,21.491204425665433
Kien Giang,2019-08-05,12.785501267830059
Kien Giang,2019-08-06,13.474563120677738
Kien Giang,2019-08-07,0.6842075454043988
Kien Giang,2019-08-08,10.723270858595841
Kien Giang,2019-08-09,11.636516836352435
Kien Giang,2019-08-10,8.063804445222006
Kien Giang,2019-08-11,7.8509976959583
Kien Giang,2019-08-12,0.5908052357186675
Kien Giang,2019-08-13,0.5032900555017542
Kien Giang,2019-08-14,0.09221597326365591
Kien Giang,2019-08-15,0.10877397468802952
Kien Giang,2019-08-16,1.307789900067756
Kien Giang,2019-08-17,0.9014019523811477
Kien Giang,2019-08-18,0
Kien Giang,2019-08-19,0
Kien Giang,2019-08-20,11.941361214534524
Kien Giang,2019-08-21,3.3801233102638597
Kien Giang,2019-08-22,2.7759797499468655
Kien Giang,2019-08-23,7.510222450751414
Kien Giang,2019-08-24,14.717668066917058
Kien Giang,2019-08-25,43.899958877953
Kien Giang,2019-08-26,6.154262100182603
Kien Giang,2019-08-27,0.9220058181789879
Kien Giang,2019-08-28,23.15923797435939
Kien Giang,2019-08-29,36.445044385955526
Kien Giang,2019-08-30,21.502506634857873
Kien Giang,2019-08-31,3.9464021203519164
Kien Giang,2019-09-01,7.415891336534949
Kien Giang,2019-09-02,18.90446855652894
Kien Giang,2019-09-03,9.9495582888399
Kien Giang,2019-09-04,19.52271229102801
Kien Giang,2019-09-05,4.80316489801249
Kien Giang,2019-09-06,0.003736490764524368
Kien Giang,2019-09-07,1.5351415846685168
Kien Giang,2019-09-08,13.493712218291634
Kien Giang,2019-09-09,0.9270347517644412
Kien Giang,2019-09-10,0.5926863636179004
Kien Giang,2019-09-11,0
Kien Giang,2019-09-12,2.014815344611761
Kien Giang,2019-09-13,31.198629538164244
Kien Giang,2019-09-14,4.902765138176401
Kien Giang,2019-09-15,5.752548958682506
Kien Giang,2019-09-16,9.612362894119185
Kien Giang,2019-09-17,20.40474685067975
Kien Giang,2019-09-18,22.04881670778977
Kien Giang,2019-09-19,0.8408302948815187
Kien Giang,2019-09-20,10.8482312338428
Kien Giang,2019-09-21,9.790401094507812
Kien Giang,2019-09-22,7.177111003541354
Kien Giang,2019-09-23,1.196211757333215
Kien Giang,2019-09-24,0.6779170817389216
Kien Giang,2019-09-25,5.932724865360225
Kien Giang,2019-09-26,12.189619141938259
Kien Giang,2019-09-27,5.015650588328977
Kien Giang,2019-09-28,14.294652155871955
Kien Giang,2019-09-29,4.869262802015056
Kien Giang,2019-09-30,10.410839280819
Kien Giang,2019-10-01,6.681277453518777
Kien Giang,2019-10-02,14.337671869374862
Kien Giang,2019-10-03,15.625597842254415
Kien Giang,2019-10-04,9.801355500317891
Kien Giang,2019-10-05,14.67024587145578
Kien Giang,2019-10-06,10.701665266594883
Kien Giang,2019-10-07,7.845841871804759
Kien Giang,2019-10-08,2.364533434644657
Kien Giang,2019-10-09,13.893780893490613
Kien Giang,2019-10-10,5.448011638061538
Kien Giang,2019-10-11,6.633097829525125
Kien Giang,2019-10-12,7.250384825671973
Kien Giang,2019-10-13,5.821648404567127
Kien Giang,2019-10-14,0.9947808251756162
Kien Giang,2019-10-15,9.119393823949737
Kien Giang,2019-10-16,8.597598725893256
Kien Giang,2019-10-17,11.148434496111248
Kien Giang,2019-10-18,10.620173163559185
Kien Giang,2019-10-19,16.71639621762685
Kien Giang,2019-10-20,8.641227352452589
Kien Giang,2019-10-21,8.756312385421642
Kien Giang,2019-10-22,12.307362419762335
Kien Giang,2019-10-23,8.135480913943953
Kien Giang,2019-10-24,2.814409153647606
Kien Giang,2019-10-25,2.3862029278186783
Kien Giang,2019-10-26,0.4679668789698047
Kien Giang,2019-10-27,7.028526780389602
Kien Giang,2019-10-28,17.98631068597206
Kien Giang,2019-10-29,0.7883670466404473
Kien Giang,2019-10-30,2.507364465956678
Kien Giang,2019-10-31,9.251172199627888
Kien Giang,2019-11-01,2.118585088823234
Kien Giang,2019-11-02,10.141452780201478
Kien Giang,2019-11-03,24.812348069284752
Kien Giang,2019-11-04,2.177228256632096
Kien Giang,2019-11-05,5.38984419968052
Kien Giang,2019-11-06,17.2629931163982
Kien Giang,2019-11-07,4.505858209097332
Kien Giang,2019-11-08,1.6442146200583156
Kien Giang,2019-11-09,3.278007853298504
Kien Giang,2019-11-10,15.579127617751954
Kien Giang,2019-11-11,0.2529370466645793
Kien Giang,2019-11-12,0.31146334972509593
Kien Giang,2019-11-13,2.567395226808761
Kien Giang,2019-11-14,6.296533675800849
Kien Giang,2019-11-15,0.15708309898673706
Kien Giang,2019-11-16,0.15667599989939332
Kien Giang,2019-11-17,1.0521063401807405
Kien Giang,2019-11-18,2.249875282783072
Kien Giang,2019-11-19,0.03619282302341025
Kien Giang,2019-11-20,0.29219545531685487
Kien Giang,2019-11-21,0.18732229373351864
Kien Giang,2019-11-22,0.043596375285319636
Kien Giang,2019-11-23,0
Kien Giang,2019-11-24,10.789406816026142
Kien Giang,2019-11-25,0.6996682775922659
Kien Giang,2019-11-26,0.3201640482528701
Kien Giang,2019-11-27,0.9753127182037848
Kien Giang,2019-11-28,0.021128393769187
Kien Giang,2019-11-29,0.101658015673763
Kien Giang,2019-11-30,0
Kien Giang,2019-12-01,2.3324340085890314
Kien Giang,2019-12-02,0.0915696668820514
Kien Giang,2019-12-03,0
Kien Giang,2019-12-04,0
Kien Giang,2019-12-05,0
Kien Giang,2019-12-06,0
Kien Giang,2019-12-07,0.24952389652483312
Kien Giang,2019-12-08,0
Kien Giang,2019-12-09,0.31934162287149165
Kien Giang,2019-12-10,0
Kien Giang,2019-12-11,0
Kien Giang,2019-12-12,0.44820467204569847
Kien Giang,2019-12-13,0.5191713184542088
Kien Giang,2019-12-14,0.02738925063801668
Kien Giang,2019-12-15,0
Kien Giang,2019-12-16,0.0974107803589257
Kien Giang,2019-12-17,0
Kien Giang,2019-12-18,1.1932377761409891
Kien Giang,2019-12-19,0.04135495245366601
Kien Giang,2019-12-20,0
Kien Giang,2019-12-21,0
Kien Giang,2019-12-22,0
Kien Giang,2019-12-23,0
Kien Giang,2019-12-24,0
Kien Giang,2019-12-25,0
Kien Giang,2019-12-26,0
Kien Giang,2019-12-27,0
Kien Giang,2019-12-28,0
Kien Giang,2019-12-29,0
Kien Giang,2019-12-30,0
Kien Giang,2019-12-31,3.5573054570501874
Kien Giang,2020-01-01,0
Kien Giang,2020-01-02,0.7853161356673227
Kien Giang,2020-01-03,0.13210600518384516
Kien Giang,2020-01-04,0
Kien Giang,2020-01-05,0.06703987603721956
Kien Giang,2020-01-06,0
Kien Giang,2020-01-07,0
Kien Giang,2020-01-08,0
Kien Giang,2020-01-09,0
Kien Giang,2020-01-10,0.00161664554404018
Kien Giang,2020-01-11,2.5762961868862226
Kien Giang,2020-01-12,4.585383949470421
Kien Giang,2020-01-13,0
Kien Giang,2020-01-14,0
Kien Giang,2020-01-15,0
Kien Giang,2020-01-16,0
Kien Giang,2020-01-17,0
Kien Giang,2020-01-18,0.2212949607639776
Kien Giang,2020-01-19,0
Kien Giang,2020-01-20,0.006524126776886386
Kien Giang,2020-01-21,0
Kien Giang,2020-01-22,0.3698423470023104
Kien Giang,2020-01-23,0
Kien Giang,2020-01-24,0
Kien Giang,2020-01-25,0
Kien Giang,2020-01-26,0
Kien Giang,2020-01-27,0
Kien Giang,2020-01-28,0
Kien Giang,2020-01-29,0
Kien Giang,2020-01-30,0.927902558491806
Kien Giang,2020-01-31,0
Kien Giang,2020-02-01,0.0027529211544727976
Kien Giang,2020-02-02,0
Kien Giang,2020-02-03,0.018938349762560685
Kien Giang,2020-02-04,0.06566160182727533
Kien Giang,2020-02-05,0
Kien Giang,2020-02-06,0
Kien Giang,2020-02-07,0
Kien Giang,2020-02-08,0
Kien Giang,2020-02-09,0
Kien Giang,2020-02-10,0.03443335974558825
Kien Giang,2020-02-11,0.2702761254856478
Kien Giang,2020-02-12,0
Kien Giang,2020-02-13,0
Kien Giang,2020-02-14,0
Kien Giang,2020-02-15,0
Kien Giang,2020-02-16,0
Kien Giang,2020-02-17,0.8943043264552962
Kien Giang,2020-02-18,0
Kien Giang,2020-02-19,0
Kien Giang,2020-02-20,0
Kien Giang,2020-02-21,0.029835448827860326
Kien Giang,2020-02-22,0
Kien Giang,2020-02-23,0
Kien Giang,2020-02-24,0
Kien Giang,2020-02-25,0.2497266017740129
Kien Giang,2020-02-26,0
Kien Giang,2020-02-27,0
Kien Giang,2020-02-28,0
Kien Giang,2020-02-29,0.00941188056232803
Kien Giang,2020-03-01,0
Kien Giang,2020-03-02,0.032889380969701745
Kien Giang,2020-03-03,0
Kien Giang,2020-03-04,0
Kien Giang,2020-03-05,4.401132598857185
Kien Giang,2020-03-06,0
Kien Giang,2020-03-07,0.012916099231968388
Kien Giang,2020-03-08,1.280751590582842
Kien Giang,2020-03-09,0.19648515946089085
Kien Giang,2020-03-10,0.6042570078487322
Kien Giang,2020-03-11,5.078978728011718
Kien Giang,2020-03-12,0
Kien Giang,2020-03-13,0
Kien Giang,2020-03-14,0
Kien Giang,2020-03-15,0
Kien Giang,2020-03-16,2.0155684781014953
Kien Giang,2020-03-17,0.31468125597590796
Kien Giang,2020-03-18,0.04201783890322173
Kien Giang,2020-03-19,0.049842753938262534
Kien Giang,2020-03-20,0
Kien Giang,2020-03-21,0
Kien Giang,2020-03-22,0.6580890761925945
Kien Giang,2020-03-23,0
Kien Giang,2020-03-24,0
Kien Giang,2020-03-25,0.1521259054836237
Kien Giang,2020-03-26,0.005841945680318861
Kien Giang,2020-03-27,0
Kien Giang,2020-03-28,2.066445382095838
Kien Giang,2020-03-29,0
Kien Giang,2020-03-30,0
Kien Giang,2020-03-31,0
Kien Giang,2020-04-01,0.0011918622508879952
Kien Giang,2020-04-02,0.3089127952453772
Kien Giang,2020-04-03,0.08103317600222237
Kien Giang,2020-04-04,0.917534308213332
Kien Giang,2020-04-05,0.00026510274950453393
Kien Giang,2020-04-06,1.1239859057016295
Kien Giang,2020-04-07,1.40824166899067
Kien Giang,2020-04-08,4.8755855478352546
Kien Giang,2020-04-09,1.265088587411884
Kien Giang,2020-04-10,0.3516912620660462
Kien Giang,2020-04-11,0.23718019838295185
Kien Giang,2020-04-12,19.59524143536101
Kien Giang,2020-04-13,18.60600986518076
Kien Giang,2020-04-14,2.9655727527303157
Kien Giang,2020-04-15,6.348483650711645
Kien Giang,2020-04-16,7.057010540093036
Kien Giang,2020-04-17,6.677655018769302
Kien Giang,2020-04-18,0.3599861876860206
Kien Giang,2020-04-19,0.3043460877425549
Kien Giang,2020-04-20,0
Kien Giang,2020-04-21,0
Kien Giang,2020-04-22,1.947354606100186
Kien Giang,2020-04-23,3.8221130603135776
Kien Giang,2020-04-24,7.03798604519013
Kien Giang,2020-04-25,1.6913795542477221
Kien Giang,2020-04-26,11.938067951219168
Kien Giang,2020-04-27,2.0082932442273163
Kien Giang,2020-04-28,2.8582509291857128
Kien Giang,2020-04-29,0
Kien Giang,2020-04-30,0.4782085575798401
Kien Giang,2020-05-01,0.34969205437765044
Kien Giang,2020-05-02,0.3952131237236315
Kien Giang,2020-05-03,0.28368128437482104
Kien Giang,2020-05-04,5.44376561657653
Kien Giang,2020-05-05,5.371011102111666
Kien Giang,2020-05-06,1.8321480556798941
Kien Giang,2020-05-07,0.6443060496982596
Kien Giang,2020-05-08,0.3473490697765282
Kien Giang,2020-05-09,0.001742033726466586
Kien Giang,2020-05-10,0.36684361130075466
Kien Giang,2020-05-11,0.423734157292896
Kien Giang,2020-05-12,0.17723536304767543
Kien Giang,2020-05-13,0.30002021324731276
Kien Giang,2020-05-14,0.48347573254850307
Kien Giang,2020-05-15,6.145016245674734
Kien Giang,2020-05-16,3.937201353371883
Kien Giang,2020-05-17,5.16639719145241
Kien Giang,2020-05-18,1.8891317018858178
Kien Giang,2020-05-19,3.850659578782124
Kien Giang,2020-05-20,10.212493631518868
Kien Giang,2020-05-21,4.455387737649001
Kien Giang,2020-05-22,5.169088213831429
Kien Giang,2020-05-23,13.680142543948172
Kien Giang,2020-05-24,10.58533317039495
Kien Giang,2020-05-25,1.909094828328437
Kien Giang,2020-05-26,0.002641893821005782
Kien Giang,2020-05-27,8.507205596070763
Kien Giang,2020-05-28,9.880557654147918
Kien Giang,2020-05-29,9.59398540729148
Kien Giang,2020-05-30,5.6461239362750755
Kien Giang,2020-05-31,5.1170721038668985
Kien Giang,2020-06-01,14.506603979040612
Kien Giang,2020-06-02,5.251131449070217
Kien Giang,2020-06-03,2.7574688847205366
Kien Giang,2020-06-04,6.798005796285637
Kien Giang,2020-06-05,9.461097631014063
Kien Giang,2020-06-06,2.8974118844604564
Kien Giang,2020-06-07,2.7941130443611786
Kien Giang,2020-06-08,0.6491258238960609
Kien Giang,2020-06-09,12.621403305020943
Kien Giang,2020-06-10,16.743685587487228
Kien Giang,2020-06-11,4.4478460787792775
Kien Giang,2020-06-12,14.04838322909149
Kien Giang,2020-06-13,33.859982879575846
Kien Giang,2020-06-14,26.448769261939447
Kien Giang,2020-06-15,15.461901763537455
Kien Giang,2020-06-16,9.784848159200989
Kien Giang,2020-06-17,5.445490775519615
Kien Giang,2020-06-18,3.4818790440652503
Kien Giang,2020-06-19,6.298025192718559
Kien Giang,2020-06-20,20.75844396843808
Kien Giang,2020-06-21,8.784128302555827
Kien Giang,2020-06-22,5.178577831912558
Kien Giang,2020-06-23,2.294835663740545
Kien Giang,2020-06-24,5.272022429281735
Kien Giang,2020-06-25,7.051644598996062
Kien Giang,2020-06-26,5.952811416729588
Kien Giang,2020-06-27,10.04128476242702
Kien Giang,2020-06-28,16.23594309735218
Kien Giang,2020-06-29,14.397946372484336
Kien Giang,2020-06-30,10.016221155599435
Kien Giang,2020-07-01,6.8818579029359555
Kien Giang,2020-07-02,23.985754250722575
Kien Giang,2020-07-03,6.465286459138629
Kien Giang,2020-07-04,0.0033370521819712506
Kien Giang,2020-07-05,12.755730667359026
Kien Giang,2020-07-06,10.253846307364507
Kien Giang,2020-07-07,1.483554996019393
Kien Giang,2020-07-08,6.746659360882326
Kien Giang,2020-07-09,0.4718577154664494
Kien Giang,2020-07-10,9.244184258740445
Kien Giang,2020-07-11,9.251628962915499
Kien Giang,2020-07-12,16.06311746677986
Kien Giang,2020-07-13,5.948508482180598
Kien Giang,2020-07-14,14.248862782107746
Kien Giang,2020-07-15,5.70715917343456
Kien Giang,2020-07-16,5.753227353544646
Kien Giang,2020-07-17,3.541502762229519
Kien Giang,2020-07-18,2.6861316024646684
Kien Giang,2020-07-19,3.186785175798338
Kien Giang,2020-07-20,4.442769203436979
Kien Giang,2020-07-21,4.047412304256466
Kien Giang,2020-07-22,4.860904786710836
Kien Giang,2020-07-23,10.50569302195016
Kien Giang,2020-07-24,12.6000188759395
Kien Giang,2020-07-25,5.051170362753103
Kien Giang,2020-07-26,11.47163709890476
Kien Giang,2020-07-27,5.45030669679573
Kien Giang,2020-07-28,9.085383437628384
Kien Giang,2020-07-29,14.85381358559092
Kien Giang,2020-07-30,18.71995059529759
Kien Giang,2020-07-31,22.627580942736785
Kien Giang,2020-08-01,35.47887920307326
Kien Giang,2020-08-02,26.545994063538977
Kien Giang,2020-08-03,19.7625495435043
Kien Giang,2020-08-04,1.4083630019519564
Kien Giang,2020-08-05,19.349350170001113
Kien Giang,2020-08-06,33.82792588532344
Kien Giang,2020-08-07,3.9196560565718603
Kien Giang,2020-08-08,0.3299458379104444
Kien Giang,2020-08-09,3.7832648280474674
Kien Giang,2020-08-10,8.956633434189158
Kien Giang,2020-08-11,2.1945924737582407
Kien Giang,2020-08-12,9.933300007499081
Kien Giang,2020-08-13,6.5576547901925455
Kien Giang,2020-08-14,9.60527932232393
Kien Giang,2020-08-15,0.6172310024804196
Kien Giang,2020-08-16,7.019353725208033
Kien Giang,2020-08-17,2.477446836468676
Kien Giang,2020-08-18,6.615936156527894
Kien Giang,2020-08-19,8.167559734774825
Kien Giang,2020-08-20,1.4107782768431674
Kien Giang,2020-08-21,0.0508418490165409
Kien Giang,2020-08-22,1.122399942774222
Kien Giang,2020-08-23,3.430194838499823
Kien Giang,2020-08-24,1.1036834541202478
Kien Giang,2020-08-25,3.269974521716416
Kien Giang,2020-08-26,1.1470808475519214
Kien Giang,2020-08-27,4.211577254717454
Kien Giang,2020-08-28,2.637375456015863
Kien Giang,2020-08-29,5.4828919589080085
Kien Giang,2020-08-30,6.144518345896871
Kien Giang,2020-08-31,1.7382382173991557
Kien Giang,2020-09-01,14.772341369527181
Kien Giang,2020-09-02,18.70210837908211
Kien Giang,2020-09-03,0.6657689411356201
Kien Giang,2020-09-04,2.222278141109751
Kien Giang,2020-09-05,2.760753840598774
Kien Giang,2020-09-06,13.833135995556853
Kien Giang,2020-09-07,0.42319071574195977
Kien Giang,2020-09-08,2.5808642935950714
Kien Giang,2020-09-09,21.75893578263263
Kien Giang,2020-09-10,11.234518532529849
Kien Giang,2020-09-11,8.30251635221578
Kien Giang,2020-09-12,18.929632242888633
Kien Giang,2020-09-13,12.881003261594353
Kien Giang,2020-09-14,18.973872322507685
Kien Giang,2020-09-15,5.671450793921485
Kien Giang,2020-09-16,12.217166237443227
Kien Giang,2020-09-17,27.27359089601466
Kien Giang,2020-09-18,46.13295590546937
Kien Giang,2020-09-19,14.707745207544946
Kien Giang,2020-09-20,4.896648957495682
Kien Giang,2020-09-21,1.4659063423474583
Kien Giang,2020-09-22,26.411314627329695
Kien Giang,2020-09-23,10.402736465100665
Kien Giang,2020-09-24,8.219847868691879
Kien Giang,2020-09-25,14.473416467552426
Kien Giang,2020-09-26,15.387286097167088
Kien Giang,2020-09-27,57.114141432608015
Kien Giang,2020-09-28,11.384075122755233
Kien Giang,2020-09-29,21.586475784900607
Kien Giang,2020-09-30,2.4990317280929353
Kien Giang,2020-10-01,8.253643561473044
Kien Giang,2020-10-02,18.106311279586595
Kien Giang,2020-10-03,1.601639656016353
Kien Giang,2020-10-04,14.053141260726647
Kien Giang,2020-10-05,16.86291607502165
Kien Giang,2020-10-06,11.667594841585146
Kien Giang,2020-10-07,7.8456298205060895
Kien Giang,2020-10-08,16.45704255830125
Kien Giang,2020-10-09,28.575264408082617
Kien Giang,2020-10-10,23.991927232285434
Kien Giang,2020-10-11,37.52736588446995
Kien Giang,2020-10-12,23.840160761880647
Kien Giang,2020-10-13,24.30248139776621
Kien Giang,2020-10-14,32.93261504424077
Kien Giang,2020-10-15,16.0192720568496
Kien Giang,2020-10-16,14.934038926896326
Kien Giang,2020-10-17,37.062130244813716
Kien Giang,2020-10-18,32.107465465465175
Kien Giang,2020-10-19,5.228582861157473
Kien Giang,2020-10-20,6.478295946281548
Kien Giang,2020-10-21,24.250622160066925
Kien Giang,2020-10-22,2.065353361988147
Kien Giang,2020-10-23,2.924527836525526
Kien Giang,2020-10-24,5.875748241985108
Kien Giang,2020-10-25,8.020831129760325
Kien Giang,2020-10-26,2.039744895184291
Kien Giang,2020-10-27,3.7584787773207844
Kien Giang,2020-10-28,11.889054541224946
Kien Giang,2020-10-29,9.534704127942604
Kien Giang,2020-10-30,7.360673696588729
Kien Giang,2020-10-31,17.687017905438903
Kien Giang,2020-11-01,19.77437166186247
Kien Giang,2020-11-02,5.543887299847351
Kien Giang,2020-11-03,0.03857523279201537
Kien Giang,2020-11-04,3.07765207589399
Kien Giang,2020-11-05,2.544209914803634
Kien Giang,2020-11-06,7.006618512126534
Kien Giang,2020-11-07,9.950310089757544
Kien Giang,2020-11-08,0.07330925627831789
Kien Giang,2020-11-09,1.1550229137115993
Kien Giang,2020-11-10,0.5632866379818786
Kien Giang,2020-11-11,0.009807888773187298
Kien Giang,2020-11-12,1.6669695805689861
Kien Giang,2020-11-13,0.07561286566534531
Kien Giang,2020-11-14,0
Kien Giang,2020-11-15,0
Kien Giang,2020-11-16,0.3262491542302978
Kien Giang,2020-11-17,0.0400099689317602
Kien Giang,2020-11-18,4.1557782854838115
Kien Giang,2020-11-19,8.22860161135153
Kien Giang,2020-11-20,10.991640522952405
Kien Giang,2020-11-21,9.888455821094162
Kien Giang,2020-11-22,0.09465808825309432
Kien Giang,2020-11-23,10.06699645579198
Kien Giang,2020-11-24,0
Kien Giang,2020-11-25,4.4514108812043744
Kien Giang,2020-11-26,1.2692922068711592
Kien Giang,2020-11-27,0.17496263994471747
Kien Giang,2020-11-28,10.2865487384146
Kien Giang,2020-11-29,13.04305495183436
Kien Giang,2020-11-30,3.545513915159533
Kien Giang,2020-12-01,1.9913443509696944
Kien Giang,2020-12-02,0.016086070031634633
Kien Giang,2020-12-03,0
Kien Giang,2020-12-04,0
Kien Giang,2020-12-05,0.19104469156384404
Kien Giang,2020-12-06,0
Kien Giang,2020-12-07,0
Kien Giang,2020-12-08,0.6373806934276599
Kien Giang,2020-12-09,0
Kien Giang,2020-12-10,0.25501614191789773
Kien Giang,2020-12-11,3.6564750434637667
Kien Giang,2020-12-12,5.990908987536762
Kien Giang,2020-12-13,4.556074067728231
Kien Giang,2020-12-14,2.0731043691280937
Kien Giang,2020-12-15,6.27092100346291
Kien Giang,2020-12-16,5.277781011501724
Kien Giang,2020-12-17,0.0005981138281559346
Kien Giang,2020-12-18,0.5618800632707334
Kien Giang,2020-12-19,8.128768988709133
Kien Giang,2020-12-20,0.0987485704752372
Kien Giang,2020-12-21,0
Kien Giang,2020-12-22,8.214439647615547
Kien Giang,2020-12-23,14.78548725172714
Kien Giang,2020-12-24,0.001303339061883567
Kien Giang,2020-12-25,0
Kien Giang,2020-12-26,0
Kien Giang,2020-12-27,0.009467892941052665
Kien Giang,2020-12-28,0.005766497934519534
Kien Giang,2020-12-29,0.03142432367117308
Kien Giang,2020-12-30,0.6172746192920981
Kien Giang,2020-12-31,0
Kien Giang,2021-01-01,0.1813675060628775
Kien Giang,2021-01-02,0
Kien Giang,2021-01-03,2.860138716229417
Kien Giang,2021-01-04,0.8416918270216579
Kien Giang,2021-01-05,0.24191529209073895
Kien Giang,2021-01-06,0.6389761456923407
Kien Giang,2021-01-07,0
Kien Giang,2021-01-08,2.764082468189978
Kien Giang,2021-01-09,0
Kien Giang,2021-01-10,0.0028911762581456434
Kien Giang,2021-01-11,0
Kien Giang,2021-01-12,0
Kien Giang,2021-01-13,0
Kien Giang,2021-01-14,0.11503267693178333
Kien Giang,2021-01-15,0.3868507143341826
Kien Giang,2021-01-16,0.1285444994042759
Kien Giang,2021-01-17,0.5969451809736994
Kien Giang,2021-01-18,0.08645230167816785
Kien Giang,2021-01-19,0.8002621282854958
Kien Giang,2021-01-20,0.5599752406276797
Kien Giang,2021-01-21,0.40666502127432785
Kien Giang,2021-01-22,0
Kien Giang,2021-01-23,0
Kien Giang,2021-01-24,0
Kien Giang,2021-01-25,0.05826433853294508
Kien Giang,2021-01-26,0
Kien Giang,2021-01-27,0
Kien Giang,2021-01-28,0.035451568746550595
Kien Giang,2021-01-29,0
Kien Giang,2021-01-30,0
Kien Giang,2021-01-31,0
Kien Giang,2021-02-01,0.37221656897884625
Kien Giang,2021-02-02,0
Kien Giang,2021-02-03,0
Kien Giang,2021-02-04,0
Kien Giang,2021-02-05,0.008131289866769557
Kien Giang,2021-02-06,0.8136874872254654
Kien Giang,2021-02-07,1.1903721565533478
Kien Giang,2021-02-08,0.9649488176816883
Kien Giang,2021-02-09,0
Kien Giang,2021-02-10,1.3797383651876962
Kien Giang,2021-02-11,0.026099518347364584
Kien Giang,2021-02-12,0
Kien Giang,2021-02-13,0
Kien Giang,2021-02-14,0
Kien Giang,2021-02-15,0
Kien Giang,2021-02-16,0.40517138137806213
Kien Giang,2021-02-17,0
Kien Giang,2021-02-18,0
Kien Giang,2021-02-19,0
Kien Giang,2021-02-20,0
Kien Giang,2021-02-21,0.005941131427756774
Kien Giang,2021-02-22,0
Kien Giang,2021-02-23,0
Kien Giang,2021-02-24,0.050554363578341935
Kien Giang,2021-02-25,3.5552510348453956
Kien Giang,2021-02-26,0
Kien Giang,2021-02-27,0
Kien Giang,2021-02-28,2.796720635329427
Kien Giang,2021-03-01,0.02671767867545165
Kien Giang,2021-03-02,0.001485463584944384
Kien Giang,2021-03-03,0
Kien Giang,2021-03-04,0
Kien Giang,2021-03-05,0
Kien Giang,2021-03-06,0
Kien Giang,2021-03-07,0
Kien Giang,2021-03-08,0
Kien Giang,2021-03-09,0.011997688058223056
Kien Giang,2021-03-10,0.7092702984570849
Kien Giang,2021-03-11,0.5093458903951191
Kien Giang,2021-03-12,0.05465576052022172
Kien Giang,2021-03-13,0.06518557189582261
Kien Giang,2021-03-14,0
Kien Giang,2021-03-15,0
Kien Giang,2021-03-16,0
Kien Giang,2021-03-17,0
Kien Giang,2021-03-18,0
Kien Giang,2021-03-19,0
Kien Giang,2021-03-20,0
Kien Giang,2021-03-21,0.3854925251850668
Kien Giang,2021-03-22,0.27671735619220406
Kien Giang,2021-03-23,0.2986205567356968
Kien Giang,2021-03-24,0.42753267706876535
Kien Giang,2021-03-25,0.016635179116981355
Kien Giang,2021-03-26,13.960798220280033
Kien Giang,2021-03-27,1.4013909532179736
Kien Giang,2021-03-28,0.21000865491155774
Kien Giang,2021-03-29,0
Kien Giang,2021-03-30,0
Kien Giang,2021-03-31,0
Kien Giang,2021-04-01,0
Kien Giang,2021-04-02,3.980224469973274
Kien Giang,2021-04-03,4.666328489171822
Kien Giang,2021-04-04,5.800785617115399
Kien Giang,2021-04-05,0.2130611548687214
Kien Giang,2021-04-06,0
Kien Giang,2021-04-07,1.1813269612834534
Kien Giang,2021-04-08,1.999485718195247
Kien Giang,2021-04-09,7.631468947151375
Kien Giang,2021-04-10,0.04861628721308789
Kien Giang,2021-04-11,0.0018405529065403825
Kien Giang,2021-04-12,1.9249753094022504
Kien Giang,2021-04-13,2.8111470618202237
Kien Giang,2021-04-14,14.188091898367515
Kien Giang,2021-04-15,5.019854682472313
Kien Giang,2021-04-16,13.86966521502328
Kien Giang,2021-04-17,8.934229983786853
Kien Giang,2021-04-18,18.397553980892905
Kien Giang,2021-04-19,18.310216902450918
Kien Giang,2021-04-20,3.2650101408429046
Kien Giang,2021-04-21,14.025731675632274
Kien Giang,2021-04-22,52.72804614920024
Kien Giang,2021-04-23,6.299502450532777
Kien Giang,2021-04-24,2.776839073741996
Kien Giang,2021-04-25,16.820657275822377
Kien Giang,2021-04-26,5.9123858758888925
Kien Giang,2021-04-27,9.438937588925382
Kien Giang,2021-04-28,10.25923711669531
Kien Giang,2021-04-29,4.311953936433073
Kien Giang,2021-04-30,3.1107392615508833
Kien Giang,2021-05-01,3.7006567607417407
Kien Giang,2021-05-02,0.3891884580787314
Kien Giang,2021-05-03,0
Kien Giang,2021-05-04,1.8157315105002159
Kien Giang,2021-05-05,3.654701464898855
Kien Giang,2021-05-06,8.82056496938903
Kien Giang,2021-05-07,8.434659195754573
Kien Giang,2021-05-08,7.166518737552208
Kien Giang,2021-05-09,2.555304752619051
Kien Giang,2021-05-10,1.9441771907213898
Kien Giang,2021-05-11,1.7276969469685406
Kien Giang,2021-05-12,2.4192072645527993
Kien Giang,2021-05-13,3.5101974438182384
Kien Giang,2021-05-14,3.8489140542243296
Kien Giang,2021-05-15,10.980540930439698
Kien Giang,2021-05-16,5.226989880361867
Kien Giang,2021-05-17,26.318228321667938
Kien Giang,2021-05-18,17.98968573445015
Kien Giang,2021-05-19,15.579622768056188
Kien Giang,2021-05-20,7.745083778553273
Kien Giang,2021-05-21,18.48965861834328
Kien Giang,2021-05-22,16.361531198239877
Kien Giang,2021-05-23,26.01075872599162
Kien Giang,2021-05-24,25.43139824723243
Kien Giang,2021-05-25,24.006806334711694
Kien Giang,2021-05-26,4.043601320258898
Kien Giang,2021-05-27,22.284271656519984
Kien Giang,2021-05-28,0.08500235658139567
Kien Giang,2021-05-29,7.721411048422757
Kien Giang,2021-05-30,0.0013914926417550495
Kien Giang,2021-05-31,0
Kien Giang,2021-06-01,3.984729999682036
Kien Giang,2021-06-02,6.577024755878152
Kien Giang,2021-06-03,3.376385024895177
Kien Giang,2021-06-04,0.00862358442876599
Kien Giang,2021-06-05,8.673284236163253
Kien Giang,2021-06-06,27.300277400164596
Kien Giang,2021-06-07,5.823483535023067
Kien Giang,2021-06-08,15.586909934667363
Kien Giang,2021-06-09,7.972390058741751
Kien Giang,2021-06-10,3.271332224186815
Kien Giang,2021-06-11,21.707361574149736
Kien Giang,2021-06-12,7.99388421247054
Kien Giang,2021-06-13,4.073543761238912
Kien Giang,2021-06-14,12.543864703227687
Kien Giang,2021-06-15,12.00101934001643
Kien Giang,2021-06-16,0.04794230354329793
Kien Giang,2021-06-17,6.118038448718305
Kien Giang,2021-06-18,0.019050849367711217
Kien Giang,2021-06-19,2.5378546439789016
Kien Giang,2021-06-20,3.6100087390409485
Kien Giang,2021-06-21,0.5757867522848216
Kien Giang,2021-06-22,11.011889480164013
Kien Giang,2021-06-23,0.3296985997635031
Kien Giang,2021-06-24,0.008618998175234852
Kien Giang,2021-06-25,2.39281238135938
Kien Giang,2021-06-26,2.1238354630891263
Kien Giang,2021-06-27,0.0351287796741743
Kien Giang,2021-06-28,3.2099690473796407
Kien Giang,2021-06-29,0.5070908823949416
Kien Giang,2021-06-30,6.083820567888732
Kien Giang,2021-07-01,2.2369153085421147
Kien Giang,2021-07-02,0.13945688001282192
Kien Giang,2021-07-03,4.430367747057588
Kien Giang,2021-07-04,9.56626359826636
Kien Giang,2021-07-05,10.386231179842952
Kien Giang,2021-07-06,39.929176447639165
Kien Giang,2021-07-07,22.875922280516725
Kien Giang,2021-07-08,17.95458479233864
Kien Giang,2021-07-09,30.874069292386395
Kien Giang,2021-07-10,4.81787850328196
Kien Giang,2021-07-11,5.263256556976657
Kien Giang,2021-07-12,15.357230648818078
Kien Giang,2021-07-13,30.94477632020225
Kien Giang,2021-07-14,33.538311363358744
Kien Giang,2021-07-15,15.93735287989459
Kien Giang,2021-07-16,0.021325699124752674
Kien Giang,2021-07-17,4.571370943395685
Kien Giang,2021-07-18,18.104474997922754
Kien Giang,2021-07-19,1.1681879726804953
Kien Giang,2021-07-20,2.649774593696062
Kien Giang,2021-07-21,10.070423213315523
Kien Giang,2021-07-22,11.33927825302787
Kien Giang,2021-07-23,11.897657295782125
Kien Giang,2021-07-24,12.934336550198893
Kien Giang,2021-07-25,2.235654061060586
Kien Giang,2021-07-26,2.17114789285809
Kien Giang,2021-07-27,3.3384836953452
Kien Giang,2021-07-28,18.01011291406176
Kien Giang,2021-07-29,17.795300500744556
Kien Giang,2021-07-30,2.411800150633425
Kien Giang,2021-07-31,0.44835515476359433
Kien Giang,2021-08-01,9.89114646098261
Kien Giang,2021-08-02,4.112875954257637
Kien Giang,2021-08-03,3.2432564103883204
Kien Giang,2021-08-04,1.0361603446755046
Kien Giang,2021-08-05,9.838131928015866
Kien Giang,2021-08-06,1.373234814621119
Kien Giang,2021-08-07,0.0009749809957305931
Kien Giang,2021-08-08,0.05157739031221813
Kien Giang,2021-08-09,2.2206964839867993
Kien Giang,2021-08-10,5.462633877778423
Kien Giang,2021-08-11,8.996401083889719
Kien Giang,2021-08-12,0.44937616097411165
Kien Giang,2021-08-13,10.81961943843104
Kien Giang,2021-08-14,9.742293826088586
Kien Giang,2021-08-15,29.176111777898097
Kien Giang,2021-08-16,6.4650290984214855
Kien Giang,2021-08-17,6.78932166464711
Kien Giang,2021-08-18,2.4965718963164827
Kien Giang,2021-08-19,6.2020430302022005
Kien Giang,2021-08-20,6.412535035584822
Kien Giang,2021-08-21,3.081528627317553
Kien Giang,2021-08-22,11.359486373278333
Kien Giang,2021-08-23,20.98669321705367
Kien Giang,2021-08-24,30.255746185917477
Kien Giang,2021-08-25,33.18852802775056
Kien Giang,2021-08-26,7.283274519607893
Kien Giang,2021-08-27,2.3291103967552544
Kien Giang,2021-08-28,13.865135993919866
Kien Giang,2021-08-29,12.84162826076503
Kien Giang,2021-08-30,23.88027413219337
Kien Giang,2021-08-31,18.069257189175275
Kien Giang,2021-09-01,15.617156482983605
Kien Giang,2021-09-02,18.647571080529058
Kien Giang,2021-09-03,17.24967233486796
Kien Giang,2021-09-04,2.9569696449544316
Kien Giang,2021-09-05,17.677983470189165
Kien Giang,2021-09-06,5.054165359178405
Kien Giang,2021-09-07,18.531956902003945
Kien Giang,2021-09-08,13.235576361882046
Kien Giang,2021-09-09,7.801583767290286
Kien Giang,2021-09-10,14.125140598702341
Kien Giang,2021-09-11,10.312293460353889
Kien Giang,2021-09-12,1.9014331573846772
Kien Giang,2021-09-13,22.034841096500138
Kien Giang,2021-09-14,31.506832794680214
Kien Giang,2021-09-15,4.43108262397802
Kien Giang,2021-09-16,4.341764800978879
Kien Giang,2021-09-17,5.088044505302163
Kien Giang,2021-09-18,13.560931686396419
Kien Giang,2021-09-19,10.303025259217607
Kien Giang,2021-09-20,4.921111348747865
Kien Giang,2021-09-21,4.7598816088025035
Kien Giang,2021-09-22,3.9999984252437044
Kien Giang,2021-09-23,3.884068080313016
Kien Giang,2021-09-24,25.135976220256925
Kien Giang,2021-09-25,12.953816854825423
Kien Giang,2021-09-26,13.702666552683057
Kien Giang,2021-09-27,6.441049933856432
Kien Giang,2021-09-28,9.329789956641175
Kien Giang,2021-09-29,9.757868010202648
Kien Giang,2021-09-30,6.737575410325621
Kien Giang,2021-10-01,15.381411074760958
Kien Giang,2021-10-02,9.480111518654756
Kien Giang,2021-10-03,5.977684953724115
Kien Giang,2021-10-04,28.937849932796297
Kien Giang,2021-10-05,25.462357767161414
Kien Giang,2021-10-06,11.698188126460444
Kien Giang,2021-10-07,15.886492340731753
Kien Giang,2021-10-08,35.288129902417026
Kien Giang,2021-10-09,5.951584668237005
Kien Giang,2021-10-10,5.255702970426332
Kien Giang,2021-10-11,25.440767281368093
Kien Giang,2021-10-12,0.7606228917628453
Kien Giang,2021-10-13,13.92300652505203
Kien Giang,2021-10-14,1.9564902914237114
Kien Giang,2021-10-15,16.311121964714268
Kien Giang,2021-10-16,4.758590528340358
Kien Giang,2021-10-17,0.22625741729297397
Kien Giang,2021-10-18,0.9533867748256497
Kien Giang,2021-10-19,2.3524675868723044
Kien Giang,2021-10-20,15.560631146682352
Kien Giang,2021-10-21,9.278388185938267
Kien Giang,2021-10-22,8.759289079824942
Kien Giang,2021-10-23,12.522504770524458
Kien Giang,2021-10-24,11.635025220638505
Kien Giang,2021-10-25,0.1347619010381513
Kien Giang,2021-10-26,7.224161029994627
Kien Giang,2021-10-27,1.7542736808276327
Kien Giang,2021-10-28,1.4716755890127695
Kien Giang,2021-10-29,12.933462640779277
Kien Giang,2021-10-30,2.7669710268799124
Kien Giang,2021-10-31,4.02059440608086
Kien Giang,2021-11-01,5.209560288878988
Kien Giang,2021-11-02,0.4478963293431884
Kien Giang,2021-11-03,16.221830655641714
Kien Giang,2021-11-04,2.1390436561043575
Kien Giang,2021-11-05,4.255745287808209
Kien Giang,2021-11-06,5.908820736175456
Kien Giang,2021-11-07,6.943106323483365
Kien Giang,2021-11-08,4.0325116140748225
Kien Giang,2021-11-09,8.583998018967822
Kien Giang,2021-11-10,21.25120142447086
Kien Giang,2021-11-11,25.94623696526405
Kien Giang,2021-11-12,1.8815142908760296
Kien Giang,2021-11-13,7.254820425174959
Kien Giang,2021-11-14,1.5172207980063717
Kien Giang,2021-11-15,21.52904325973526
Kien Giang,2021-11-16,14.954867083716636
Kien Giang,2021-11-17,6.869662184605979
Kien Giang,2021-11-18,4.431611861405811
Kien Giang,2021-11-19,0.4279417217735757
Kien Giang,2021-11-20,12.4787767489533
Kien Giang,2021-11-21,0.37267618700845834
Kien Giang,2021-11-22,6.164381425723512
Kien Giang,2021-11-23,3.394495668261071
Kien Giang,2021-11-24,9.075963191226787
Kien Giang,2021-11-25,3.005815691412807
Kien Giang,2021-11-26,0.8722164489678902
Kien Giang,2021-11-27,1.3932417362517446
Kien Giang,2021-11-28,9.430689153207327
Kien Giang,2021-11-29,17.092338713732637
Kien Giang,2021-11-30,18.024999437504402
Kien Giang,2021-12-01,4.660743986094473
Kien Giang,2021-12-02,3.985310276366547
Kien Giang,2021-12-03,0.23107899597051004
Kien Giang,2021-12-04,1.7059859484328408
Kien Giang,2021-12-05,0.00043085732951171456
Kien Giang,2021-12-06,0
Kien Giang,2021-12-07,0
Kien Giang,2021-12-08,0
Kien Giang,2021-12-09,0.4126281312772816
Kien Giang,2021-12-10,0
Kien Giang,2021-12-11,0
Kien Giang,2021-12-12,0
Kien Giang,2021-12-13,0.5472007116416215
Kien Giang,2021-12-14,0
Kien Giang,2021-12-15,0.2911360721767296
Kien Giang,2021-12-16,0.4259313580049682
Kien Giang,2021-12-17,0.11565722131963008
Kien Giang,2021-12-18,0.03807687631426954
Kien Giang,2021-12-19,0.31807574642746367
Kien Giang,2021-12-20,0
Kien Giang,2021-12-21,0
Kien Giang,2021-12-22,9.095684994405943
Kien Giang,2021-12-23,1.3544359741254484
Kien Giang,2021-12-24,1.6530394518982534
Kien Giang,2021-12-25,0
Kien Giang,2021-12-26,0.2694973789108827
Kien Giang,2021-12-27,2.4397132195031053
Kien Giang,2021-12-28,0.96927008380586
Kien Giang,2021-12-29,0.08772115962864326
Kien Giang,2021-12-30,0
Kien Giang,2021-12-31,0
Kien Giang,2022-01-01,0.01199240113340235
Kien Giang,2022-01-02,0.011467996817284998
Kien Giang,2022-01-03,0.39741112197810147
Kien Giang,2022-01-04,0
Kien Giang,2022-01-05,0.18027755944370016
Kien Giang,2022-01-06,0
Kien Giang,2022-01-07,0.32920792917571723
Kien Giang,2022-01-08,0
Kien Giang,2022-01-09,0.792910657713914
Kien Giang,2022-01-10,0.3974073545479056
Kien Giang,2022-01-11,0.40104729674277784
Kien Giang,2022-01-12,0.05324564178459854
Kien Giang,2022-01-13,0.0008649846091468878
Kien Giang,2022-01-14,0
Kien Giang,2022-01-15,0
Kien Giang,2022-01-16,0
Kien Giang,2022-01-17,0
Kien Giang,2022-01-18,0
Kien Giang,2022-01-19,0.004639807520272514
Kien Giang,2022-01-20,0
Kien Giang,2022-01-21,0
Kien Giang,2022-01-22,0
Kien Giang,2022-01-23,0
Kien Giang,2022-01-24,0
Kien Giang,2022-01-25,0.6507757492210614
Kien Giang,2022-01-26,0
Kien Giang,2022-01-27,0.2540066116396818
Kien Giang,2022-01-28,0.4665798894767057
Kien Giang,2022-01-29,0
Kien Giang,2022-01-30,1.7409019619405732
Kien Giang,2022-01-31,0
Kien Giang,2022-02-01,0.21654198602681743
Kien Giang,2022-02-02,0
Kien Giang,2022-02-03,0
Kien Giang,2022-02-04,0
Kien Giang,2022-02-05,0.6340614969389045
Kien Giang,2022-02-06,0
Kien Giang,2022-02-07,0.02378052691687859
Kien Giang,2022-02-08,1.24979863158866
Kien Giang,2022-02-09,0
Kien Giang,2022-02-10,1.652941712580704
Kien Giang,2022-02-11,0.11802579850077018
Kien Giang,2022-02-12,0.09467832756210905
Kien Giang,2022-02-13,0.0006764444846081979
Kien Giang,2022-02-14,0.024260634683454328
Kien Giang,2022-02-15,0.0006254911459503188
Kien Giang,2022-02-16,0.04212981253420178
Kien Giang,2022-02-17,0
Kien Giang,2022-02-18,0.0005815265378508684
Kien Giang,2022-02-19,0
Kien Giang,2022-02-20,1.3475226047879905
Kien Giang,2022-02-21,0.08219706728651321
Kien Giang,2022-02-22,3.0160836152293165
Kien Giang,2022-02-23,5.974986757760531
Kien Giang,2022-02-24,4.512820743023659
Kien Giang,2022-02-25,1.1284037463650374
Kien Giang,2022-02-26,0.07509177050103044
Kien Giang,2022-02-27,0
Kien Giang,2022-02-28,0
Kien Giang,2022-03-01,0
Kien Giang,2022-03-02,0.042585500172824135
Kien Giang,2022-03-03,0.8062365181466229
Kien Giang,2022-03-04,0.23443022678593944
Kien Giang,2022-03-05,1.1200287369697772
Kien Giang,2022-03-06,0.6335223644707997
Kien Giang,2022-03-07,0.10846322224936467
Kien Giang,2022-03-08,0
Kien Giang,2022-03-09,0
Kien Giang,2022-03-10,0
Kien Giang,2022-03-11,0
Kien Giang,2022-03-12,0.7475979458481499
Kien Giang,2022-03-13,0.003920707004819069
Kien Giang,2022-03-14,0.0025480729218498948
Kien Giang,2022-03-15,0.0006877548966662398
Kien Giang,2022-03-16,0.055438840470521576
Kien Giang,2022-03-17,0.003011626884247927
Kien Giang,2022-03-18,3.0882601616659646
Kien Giang,2022-03-19,10.849673763766532
Kien Giang,2022-03-20,1.134053706600616
Kien Giang,2022-03-21,7.553058484384119
Kien Giang,2022-03-22,11.232448762867257
Kien Giang,2022-03-23,1.3962428069266928
Kien Giang,2022-03-24,0.19648379459781792
Kien Giang,2022-03-25,1.0507220294895727
Kien Giang,2022-03-26,0.02508857109223274
Kien Giang,2022-03-27,5.805472567149337
Kien Giang,2022-03-28,21.50040934235662
Kien Giang,2022-03-29,8.0727539524966
Kien Giang,2022-03-30,9.573121285649622
Kien Giang,2022-03-31,29.77501827607667
Kien Giang,2022-04-01,15.754330263148992
Kien Giang,2022-04-02,15.103826521606267
Kien Giang,2022-04-03,2.9118167440281653
Kien Giang,2022-04-04,0.9056656178228691
Kien Giang,2022-04-05,6.339709601271518
Kien Giang,2022-04-06,14.808148623204168
Kien Giang,2022-04-07,8.906373768051061
Kien Giang,2022-04-08,10.098741450690584
Kien Giang,2022-04-09,0.9123008883330017
Kien Giang,2022-04-10,2.9291459939884126
Kien Giang,2022-04-11,2.029875146841456
Kien Giang,2022-04-12,0
Kien Giang,2022-04-13,0
Kien Giang,2022-04-14,1.2907794999999809
Kien Giang,2022-04-15,10.774740499581831
Kien Giang,2022-04-16,22.405194178910822
Kien Giang,2022-04-17,3.316695522614072
Kien Giang,2022-04-18,11.721846706006643
Kien Giang,2022-04-19,7.446744970858022
Kien Giang,2022-04-20,4.1177446746214255
Kien Giang,2022-04-21,3.5163574446489494
Kien Giang,2022-04-22,0.2761320626746352
Kien Giang,2022-04-23,2.9563086386189106
Kien Giang,2022-04-24,5.162151818717913
Kien Giang,2022-04-25,3.123210124217534
Kien Giang,2022-04-26,2.495356112574245
Kien Giang,2022-04-27,0.8125108319789216
Kien Giang,2022-04-28,8.681699866019123
Kien Giang,2022-04-29,16.423443657091944
Kien Giang,2022-04-30,0.6737131306342328
Kien Giang,2022-05-01,5.7235504219539886
Kien Giang,2022-05-02,10.792879596598498
Kien Giang,2022-05-03,12.629790836573939
Kien Giang,2022-05-04,6.046645173039632
Kien Giang,2022-05-05,2.222010909229453
Kien Giang,2022-05-06,2.8968902446069187
Kien Giang,2022-05-07,3.118535836087814
Kien Giang,2022-05-08,8.342931253506956
Kien Giang,2022-05-09,9.166781156373524
Kien Giang,2022-05-10,6.075925086841744
Kien Giang,2022-05-11,4.049286023245216
Kien Giang,2022-05-12,5.651319179175412
Kien Giang,2022-05-13,2.6011582776193007
Kien Giang,2022-05-14,1.8919341938516305
Kien Giang,2022-05-15,1.341222031071916
Kien Giang,2022-05-16,11.29585169055731
Kien Giang,2022-05-17,6.546533350566926
Kien Giang,2022-05-18,9.21919429853821
Kien Giang,2022-05-19,5.020373299443478
Kien Giang,2022-05-20,0.10958142627648754
Kien Giang,2022-05-21,11.890355252798916
Kien Giang,2022-05-22,22.819394574393485
Kien Giang,2022-05-23,5.0201929484164785
Kien Giang,2022-05-24,0.23253629092656514
Kien Giang,2022-05-25,0.0006715780008058742
Kien Giang,2022-05-26,5.607059168812672
Kien Giang,2022-05-27,17.169175916815856
Kien Giang,2022-05-28,14.773101984106805
Kien Giang,2022-05-29,5.447211530577279
Kien Giang,2022-05-30,12.04202564748862
Kien Giang,2022-05-31,3.2945055443099784
Kien Giang,2022-06-01,4.881150283532381
Kien Giang,2022-06-02,10.857119106196881
Kien Giang,2022-06-03,16.99853353119097
Kien Giang,2022-06-04,4.23115461496038
Kien Giang,2022-06-05,0.06881657387939129
Kien Giang,2022-06-06,2.424631465447399
Kien Giang,2022-06-07,10.125994727058243
Kien Giang,2022-06-08,0.01744613243832853
Kien Giang,2022-06-09,4.726559044607486
Kien Giang,2022-06-10,4.247045790622908
Kien Giang,2022-06-11,6.2244680768619745
Kien Giang,2022-06-12,9.850967499602088
Kien Giang,2022-06-13,3.5876856205490393
Kien Giang,2022-06-14,0.14824858005834468
Kien Giang,2022-06-15,4.216379534000494
Kien Giang,2022-06-16,4.782415735908031
Kien Giang,2022-06-17,5.660387690486257
Kien Giang,2022-06-18,3.5469393662886097
Kien Giang,2022-06-19,6.662260857679262
Kien Giang,2022-06-20,9.031146443345792
Kien Giang,2022-06-21,2.651481775420818
Kien Giang,2022-06-22,10.120566981558138
Kien Giang,2022-06-23,11.090948343449812
Kien Giang,2022-06-24,7.058317710120868
Kien Giang,2022-06-25,5.865106066600006
Kien Giang,2022-06-26,4.84241988824607
Kien Giang,2022-06-27,0.4515818206732273
Kien Giang,2022-06-28,10.360665117318602
Kien Giang,2022-06-29,6.875427575508842
Kien Giang,2022-06-30,18.200335383507156
Kien Giang,2022-07-01,9.391980236035643
Kien Giang,2022-07-02,27.856579589649584
Kien Giang,2022-07-03,22.543794040203057
Kien Giang,2022-07-04,4.911776970937391
Kien Giang,2022-07-05,0.03710173582366568
Kien Giang,2022-07-06,4.212635543847484
Kien Giang,2022-07-07,23.845466175059336
Kien Giang,2022-07-08,25.44607010451657
Kien Giang,2022-07-09,24.73060811136308
Kien Giang,2022-07-10,1.8942890591604782
Kien Giang,2022-07-11,2.5400479777677045
Kien Giang,2022-07-12,45.014397159718456
Kien Giang,2022-07-13,33.067487834093214
Kien Giang,2022-07-14,8.911993724109767
Kien Giang,2022-07-15,3.9771990292046624
Kien Giang,2022-07-16,2.514876787169076
Kien Giang,2022-07-17,4.948914557790081
Kien Giang,2022-07-18,9.731698668752902
Kien Giang,2022-07-19,17.89924079484066
Kien Giang,2022-07-20,24.366186186213888
Kien Giang,2022-07-21,19.624219733355112
Kien Giang,2022-07-22,0.29965378387405983
Kien Giang,2022-07-23,14.573823371262877
Kien Giang,2022-07-24,1.8763625706228069
Kien Giang,2022-07-25,10.15900402222512
Kien Giang,2022-07-26,12.142796652091333
Kien Giang,2022-07-27,11.753697504991223
Kien Giang,2022-07-28,9.285973701676514
Kien Giang,2022-07-29,4.089309657451479
Kien Giang,2022-07-30,8.423259236058957
Kien Giang,2022-07-31,24.931827204112064
Kien Giang,2022-08-01,21.853011302071028
Kien Giang,2022-08-02,10.744877399086022
Kien Giang,2022-08-03,14.891915446682207
Kien Giang,2022-08-04,9.209633965515344
Kien Giang,2022-08-05,5.850797967024962
Kien Giang,2022-08-06,31.461154172056958
Kien Giang,2022-08-07,8.12313787198087
Kien Giang,2022-08-08,12.050557113324079
Kien Giang,2022-08-09,1.889155547593934
Kien Giang,2022-08-10,23.7367688104086
Kien Giang,2022-08-11,15.801338378190971
Kien Giang,2022-08-12,4.362059898117136
Kien Giang,2022-08-13,0.386873248195863
Kien Giang,2022-08-14,4.895697063232083
Kien Giang,2022-08-15,9.269404896364646
Kien Giang,2022-08-16,9.609234771656586
Kien Giang,2022-08-17,6.389056513589473
Kien Giang,2022-08-18,1.0823935052645945
Kien Giang,2022-08-19,5.060173017932258
Kien Giang,2022-08-20,13.011545990637714
Kien Giang,2022-08-21,5.2810160936453014
Kien Giang,2022-08-22,2.808798268232833
Kien Giang,2022-08-23,7.727541346256825
Kien Giang,2022-08-24,15.48635486079331
Kien Giang,2022-08-25,11.979459060092687
Kien Giang,2022-08-26,15.465809896380105
Kien Giang,2022-08-27,2.168341208468479
Kien Giang,2022-08-28,8.916094113956188
Kien Giang,2022-08-29,3.4388353286505997
Kien Giang,2022-08-30,6.194900809598781
Kien Giang,2022-08-31,7.172348641586559
Kien Giang,2022-09-01,7.8831578626864225
Kien Giang,2022-09-02,10.4200009951877
Kien Giang,2022-09-03,8.191228337881721
Kien Giang,2022-09-04,30.94996194866395
Kien Giang,2022-09-05,5.916687816452247
Kien Giang,2022-09-06,27.908095553268655
Kien Giang,2022-09-07,19.189144106830895
Kien Giang,2022-09-08,0.4145742401760616
Kien Giang,2022-09-09,1.466173094853212
Kien Giang,2022-09-10,11.069557831723301
Kien Giang,2022-09-11,19.21618872612304
Kien Giang,2022-09-12,6.883791124228286
Kien Giang,2022-09-13,3.325656953446939
Kien Giang,2022-09-14,5.2312413774538555
Kien Giang,2022-09-15,3.3741628737306533
Kien Giang,2022-09-16,10.22945890190328
Kien Giang,2022-09-17,14.599282671330934
Kien Giang,2022-09-18,8.20469294744421
Kien Giang,2022-09-19,0.6497681504334095
Kien Giang,2022-09-20,0.06675943028137318
Kien Giang,2022-09-21,12.161814208625268
Kien Giang,2022-09-22,10.75140829743376
Kien Giang,2022-09-23,5.876783619418446
Kien Giang,2022-09-24,5.164537110466797
Kien Giang,2022-09-25,13.266247551971547
Kien Giang,2022-09-26,7.952847787172362
Kien Giang,2022-09-27,8.76196689393088
Kien Giang,2022-09-28,23.150949620801942
Kien Giang,2022-09-29,12.354338332145115
Kien Giang,2022-09-30,13.050973923351876
Kien Giang,2022-10-01,6.334977040646216
Kien Giang,2022-10-02,13.332614554501918
Kien Giang,2022-10-03,10.199067993182014
Kien Giang,2022-10-04,5.090531372709942
Kien Giang,2022-10-05,14.78800093253545
Kien Giang,2022-10-06,5.074172569475183
Kien Giang,2022-10-07,7.414717005617647
Kien Giang,2022-10-08,17.68038695335946
Kien Giang,2022-10-09,6.042830161270651
Kien Giang,2022-10-10,8.76091119095145
Kien Giang,2022-10-11,4.621200817483068
Kien Giang,2022-10-12,10.77310268522306
Kien Giang,2022-10-13,5.840745379913227
Kien Giang,2022-10-14,5.442157022677304
Kien Giang,2022-10-15,0
Kien Giang,2022-10-16,0.009782289007589165
Kien Giang,2022-10-17,1.3030072839960936
Kien Giang,2022-10-18,6.229114205578287
Kien Giang,2022-10-19,3.9120951403804294
Kien Giang,2022-10-20,9.650822811448553
Kien Giang,2022-10-21,7.307496851523249
Kien Giang,2022-10-22,9.38686356136453
Kien Giang,2022-10-23,14.488117817215524
Kien Giang,2022-10-24,19.811938918673516
Kien Giang,2022-10-25,8.556717772749625
Kien Giang,2022-10-26,6.551435712213654
Kien Giang,2022-10-27,23.088560652526176
Kien Giang,2022-10-28,3.1741620292823023
Kien Giang,2022-10-29,0.339033483271133
Kien Giang,2022-10-30,0.6064128937732874
Kien Giang,2022-10-31,0
Kien Giang,2022-11-01,0.25736140971688753
Kien Giang,2022-11-02,0.005630095809570317
Kien Giang,2022-11-03,8.963900878868714
Kien Giang,2022-11-04,16.02707052188177
Kien Giang,2022-11-05,6.802885998154782
Kien Giang,2022-11-06,4.672840334534567
Kien Giang,2022-11-07,5.361451059222224
Kien Giang,2022-11-08,3.8775549009219397
Kien Giang,2022-11-09,3.2669098713560016
Kien Giang,2022-11-10,12.582697587440261
Kien Giang,2022-11-11,0.9121713156128965
Kien Giang,2022-11-12,10.52657959939785
Kien Giang,2022-11-13,4.770850580180709
Kien Giang,2022-11-14,8.778573252048085
Kien Giang,2022-11-15,4.0100879180798
Kien Giang,2022-11-16,3.392698790807382
Kien Giang,2022-11-17,2.8592127802473697
Kien Giang,2022-11-18,17.392816190073567
Kien Giang,2022-11-19,14.672863089523837
Kien Giang,2022-11-20,38.981714281194584
Kien Giang,2022-11-21,14.033940010878057
Kien Giang,2022-11-22,17.384861586341533
Kien Giang,2022-11-23,5.034863839677692
Kien Giang,2022-11-24,2.3998273930999874
Kien Giang,2022-11-25,1.2806762162226297
Kien Giang,2022-11-26,6.426913286272595
Kien Giang,2022-11-27,11.222386918157811
Kien Giang,2022-11-28,3.176757370465468
Kien Giang,2022-11-29,0.5396044129860794
Kien Giang,2022-11-30,2.6627096424428744
Kien Giang,2022-12-01,13.455024630863736
Kien Giang,2022-12-02,2.757258879342982
Kien Giang,2022-12-03,28.281145589269354
Kien Giang,2022-12-04,0.6481401906013636
Kien Giang,2022-12-05,0.5312203958253172
Kien Giang,2022-12-06,1.039377681995801
Kien Giang,2022-12-07,1.5446031188105813
Kien Giang,2022-12-08,2.375397518762121
Kien Giang,2022-12-09,2.4582499086564495
Kien Giang,2022-12-10,1.2860174991132285
Kien Giang,2022-12-11,0.003213749171060883
Kien Giang,2022-12-12,0.018194865180359267
Kien Giang,2022-12-13,0
Kien Giang,2022-12-14,0
Kien Giang,2022-12-15,0
Kien Giang,2022-12-16,0.6399674324058651
Kien Giang,2022-12-17,0.04682322603425698
Kien Giang,2022-12-18,0.0032245606357761453
Kien Giang,2022-12-19,0
Kien Giang,2022-12-20,0.0008461046664569264
Kien Giang,2022-12-21,0.5760437384517607
Kien Giang,2022-12-22,0.0012926127043710912
Kien Giang,2022-12-23,0
Kien Giang,2022-12-24,0.1155586695461104
Kien Giang,2022-12-25,0
Kien Giang,2022-12-26,0.16470518053933086
Kien Giang,2022-12-27,0.013544882399614358
Kien Giang,2022-12-28,0
Kien Giang,2022-12-29,0.012551235953887102
Kien Giang,2022-12-30,0.0013185594003697787
Kien Giang,2022-12-31,0.18372366499219772
Kien Giang,2023-01-01,0
Kien Giang,2023-01-02,0.10150851513715252
Kien Giang,2023-01-03,0.3749479168391844
Kien Giang,2023-01-04,4.482148267985841
Kien Giang,2023-01-05,2.2983490877966095
Kien Giang,2023-01-06,0.06657711210067575
Kien Giang,2023-01-07,0.7030669715714366
Kien Giang,2023-01-08,0.01856110400978816
Kien Giang,2023-01-09,2.5309284123831017
Kien Giang,2023-01-10,19.885243942203854
Kien Giang,2023-01-11,0.03175797007793405
Kien Giang,2023-01-12,0.4971530589878066
Kien Giang,2023-01-13,0.1498391554534121
Kien Giang,2023-01-14,0
Kien Giang,2023-01-15,0
Kien Giang,2023-01-16,0
Kien Giang,2023-01-17,0.24219532692076068
Kien Giang,2023-01-18,0.006700652815505211
Kien Giang,2023-01-19,0
Kien Giang,2023-01-20,0.7840842077394284
Kien Giang,2023-01-21,0.2469983305279315
Kien Giang,2023-01-22,0.7898930351837935
Kien Giang,2023-01-23,1.5347117573408047
Kien Giang,2023-01-24,1.6864671205376245
Kien Giang,2023-01-25,0.2404746010522154
Kien Giang,2023-01-26,0.5235387815134558
Kien Giang,2023-01-27,0.6203436114234832
Kien Giang,2023-01-28,0.7855954716481915
Kien Giang,2023-01-29,0.012342466362813359
Kien Giang,2023-01-30,3.8119995144245586
Kien Giang,2023-01-31,0.13413584188569627
Kien Giang,2023-02-01,1.9172293287411022
Kien Giang,2023-02-02,0.02872113931163234
Kien Giang,2023-02-03,0.3015527751292277
Kien Giang,2023-02-04,0
Kien Giang,2023-02-05,0
Kien Giang,2023-02-06,0
Kien Giang,2023-02-07,0.13976858370241668
Kien Giang,2023-02-08,0.008687020546967014
Kien Giang,2023-02-09,0.04579406721306512
Kien Giang,2023-02-10,0
Kien Giang,2023-02-11,0
Kien Giang,2023-02-12,0.6619920163687528
Kien Giang,2023-02-13,7.0847888883003
Kien Giang,2023-02-14,0.3270346212678333
Kien Giang,2023-02-15,0.048470307923328224
Kien Giang,2023-02-16,0
Kien Giang,2023-02-17,0
Kien Giang,2023-02-18,1.6058181654713033
Kien Giang,2023-02-19,2.5767707045251775
Kien Giang,2023-02-20,0.2845894057463058
Kien Giang,2023-02-21,0
Kien Giang,2023-02-22,0
Kien Giang,2023-02-23,0.12339794123147386
Kien Giang,2023-02-24,0.1148136546192051
Kien Giang,2023-02-25,0
Kien Giang,2023-02-26,0
Kien Giang,2023-02-27,0
Kien Giang,2023-02-28,4.526392002025842
Kien Giang,2023-03-01,0.31363046870187655
Kien Giang,2023-03-02,0.08844764318980138
Kien Giang,2023-03-03,0
Kien Giang,2023-03-04,0.26317558053001927
Kien Giang,2023-03-05,1.298747962730342
Kien Giang,2023-03-06,2.6270820900697167
Kien Giang,2023-03-07,0
Kien Giang,2023-03-08,0.8326167721819253
Kien Giang,2023-03-09,0
Kien Giang,2023-03-10,0
Kien Giang,2023-03-11,0
Kien Giang,2023-03-12,0.1575550815172646
Kien Giang,2023-03-13,0.00461346904467392
Kien Giang,2023-03-14,0
Kien Giang,2023-03-15,0
Kien Giang,2023-03-16,0
Kien Giang,2023-03-17,0
Kien Giang,2023-03-18,0
Kien Giang,2023-03-19,0.034346814150724485
Kien Giang,2023-03-20,0.004078680664281613
Kien Giang,2023-03-21,0
Kien Giang,2023-03-22,0
Kien Giang,2023-03-23,0
Kien Giang,2023-03-24,0
Kien Giang,2023-03-25,0.27751989829369994
Kien Giang,2023-03-26,0
Kien Giang,2023-03-27,0
Kien Giang,2023-03-28,0.8429491786022444
Kien Giang,2023-03-29,0
Kien Giang,2023-03-30,2.488723084814593
Kien Giang,2023-03-31,0.8028332501568034
Kien Giang,2023-04-01,0.21059870270902845
Kien Giang,2023-04-02,2.0376107641786936
Kien Giang,2023-04-03,3.970740777761765
Kien Giang,2023-04-04,3.6120539205620847
Kien Giang,2023-04-05,1.6452228764313561
Kien Giang,2023-04-06,0.006175119607604572
Kien Giang,2023-04-07,0
Kien Giang,2023-04-08,0.0027600869577310582
Kien Giang,2023-04-09,4.196705832080403
Kien Giang,2023-04-10,1.2276222471151337
Kien Giang,2023-04-11,0.0008420737986981357
Kien Giang,2023-04-12,0
Kien Giang,2023-04-13,0.580333267340269
Kien Giang,2023-04-14,0
Kien Giang,2023-04-15,13.482615587010208
Kien Giang,2023-04-16,8.472154396115789
Kien Giang,2023-04-17,6.19888596239142
Kien Giang,2023-04-18,1.452922476802679
Kien Giang,2023-04-19,0
Kien Giang,2023-04-20,0.0006166243092019478
Kien Giang,2023-04-21,0.5856565573708474
Kien Giang,2023-04-22,3.2142167736527347
Kien Giang,2023-04-23,0
Kien Giang,2023-04-24,4.758207153125914
Kien Giang,2023-04-25,14.028691331576162
Kien Giang,2023-04-26,1.4056487489453438
Kien Giang,2023-04-27,1.6107603096633216
Kien Giang,2023-04-28,5.749114415854988
Kien Giang,2023-04-29,5.9946435973267445
Kien Giang,2023-04-30,11.258137888516673
Kien Giang,2023-05-01,0.01880444836659909
Kien Giang,2023-05-02,0.03198263190428598
Kien Giang,2023-05-03,1.2964197287260317
Kien Giang,2023-05-04,0.4947708831495509
Kien Giang,2023-05-05,3.4459388613476545
Kien Giang,2023-05-06,0.8302058211694423
Kien Giang,2023-05-07,0.146892923204757
Kien Giang,2023-05-08,8.487650179103962
Kien Giang,2023-05-09,3.8205478809817333
Kien Giang,2023-05-10,3.9629106990195244
Kien Giang,2023-05-11,8.070981701754455
Kien Giang,2023-05-12,10.683217873030383
Kien Giang,2023-05-13,0.7355377423048763
Kien Giang,2023-05-14,5.500607895539294
Kien Giang,2023-05-15,0.889150757934059
Kien Giang,2023-05-16,0.3684582021384471
Kien Giang,2023-05-17,5.119199142573878
Kien Giang,2023-05-18,6.231726725490465
Kien Giang,2023-05-19,0.6669839859361819
Kien Giang,2023-05-20,7.6095983711725985
Kien Giang,2023-05-21,12.722203032807228
Kien Giang,2023-05-22,4.9029374069444875
Kien Giang,2023-05-23,5.0319836547021195
Kien Giang,2023-05-24,5.465687691523677
Kien Giang,2023-05-25,4.271120280307792
Kien Giang,2023-05-26,10.007422892835594
Kien Giang,2023-05-27,18.18071206298444
Kien Giang,2023-05-28,5.961204574753649
Kien Giang,2023-05-29,2.2692809430807928
Kien Giang,2023-05-30,2.0148168955717987
Kien Giang,2023-05-31,13.820478262052426
Kien Giang,2023-06-01,2.4716165452109826
Kien Giang,2023-06-02,4.566188520386715
Kien Giang,2023-06-03,3.556231129878095
Kien Giang,2023-06-04,12.206545419327027
Kien Giang,2023-06-05,11.42814086007723
Kien Giang,2023-06-06,8.014175026723548
Kien Giang,2023-06-07,14.791466121284955
Kien Giang,2023-06-08,10.502876283852771
Kien Giang,2023-06-09,3.983627931044302
Kien Giang,2023-06-10,10.2015224747314
Kien Giang,2023-06-11,1.1851869323669402
Kien Giang,2023-06-12,11.031593527303913
Kien Giang,2023-06-13,3.235763520485021
Kien Giang,2023-06-14,0.24222748153879042
Kien Giang,2023-06-15,6.2763238765553755
Kien Giang,2023-06-16,4.296887486148016
Kien Giang,2023-06-17,17.745249897604747
Kien Giang,2023-06-18,1.6286493556946722
Kien Giang,2023-06-19,0.07501241316987897
Kien Giang,2023-06-20,8.716812722646253
Kien Giang,2023-06-21,2.6505528237144005
Kien Giang,2023-06-22,4.980981069839829
Kien Giang,2023-06-23,1.8851131092087365
Kien Giang,2023-06-24,3.877932485919411
Kien Giang,2023-06-25,7.614150294487678
Kien Giang,2023-06-26,9.004338819082534
Kien Giang,2023-06-27,14.627341882419909
Kien Giang,2023-06-28,8.89394760240319
Kien Giang,2023-06-29,6.185397281878256
Kien Giang,2023-06-30,14.031864777107629
Kien Giang,2023-07-01,21.878937915358716
Kien Giang,2023-07-02,13.739931574314083
Kien Giang,2023-07-03,20.485583242196384
Kien Giang,2023-07-04,5.104472940000544
Kien Giang,2023-07-05,12.826447400606353
Kien Giang,2023-07-06,12.870939383542224
Kien Giang,2023-07-07,9.639249019797553
Kien Giang,2023-07-08,10.20057839339985
Kien Giang,2023-07-09,12.67187440761989
Kien Giang,2023-07-10,3.4408885850299464
Kien Giang,2023-07-11,4.011035276013837
Kien Giang,2023-07-12,3.82950339815017
Kien Giang,2023-07-13,10.257174992456903
Kien Giang,2023-07-14,8.324529412236465
Kien Giang,2023-07-15,4.986442575159198
Kien Giang,2023-07-16,45.88958860666758
Kien Giang,2023-07-17,34.70436711184397
Kien Giang,2023-07-18,26.298747937029205
Kien Giang,2023-07-19,34.24744465190992
Kien Giang,2023-07-20,2.858332887857765
Kien Giang,2023-07-21,4.094259278897895
Kien Giang,2023-07-22,9.040656025038947
Kien Giang,2023-07-23,21.413490039671178
Kien Giang,2023-07-24,43.25743400641277
Kien Giang,2023-07-25,7.193731540054836
Kien Giang,2023-07-26,5.282633005236001
Kien Giang,2023-07-27,18.503494129706922
Kien Giang,2023-07-28,28.654536901972293
Kien Giang,2023-07-29,33.13630740062332
Kien Giang,2023-07-30,22.00942609658545
Kien Giang,2023-07-31,7.3625840781909355
Kien Giang,2023-08-01,1.9135702964198043
Kien Giang,2023-08-02,2.848650772215889
Kien Giang,2023-08-03,3.555109143737038
Kien Giang,2023-08-04,2.7708903547516246
Kien Giang,2023-08-05,0.1784558610306136
Kien Giang,2023-08-06,0.000651567594257132
Kien Giang,2023-08-07,0.3745721212810071
Kien Giang,2023-08-08,0.17222821314602507
Kien Giang,2023-08-09,0.0006547716128214595
Kien Giang,2023-08-10,0.48335488086663614
Kien Giang,2023-08-11,0.8574821774109431
Kien Giang,2023-08-12,0.9354749206670414
Kien Giang,2023-08-13,8.002851087380618
Kien Giang,2023-08-14,23.186709000209177
Kien Giang,2023-08-15,7.113547999953659
Kien Giang,2023-08-16,5.54390493511444
Kien Giang,2023-08-17,10.984752442315534
Kien Giang,2023-08-18,17.19433760834964
Kien Giang,2023-08-19,37.461833616348486
Kien Giang,2023-08-20,13.541593882209208
Kien Giang,2023-08-21,7.433449306063523
Kien Giang,2023-08-22,15.33761540755722
Kien Giang,2023-08-23,0.17600255037224133
Kien Giang,2023-08-24,1.7167558458889385
Kien Giang,2023-08-25,0.6418546425971523
Kien Giang,2023-08-26,4.3586751336314755
Kien Giang,2023-08-27,7.600666526190082
Kien Giang,2023-08-28,9.181787921335998
Kien Giang,2023-08-29,5.767818543170875
Kien Giang,2023-08-30,8.954596872869109
Kien Giang,2023-08-31,16.04197118838116
Kien Giang,2023-09-01,19.05717684544004
Kien Giang,2023-09-02,16.953211197829702
Kien Giang,2023-09-03,18.514672360782225
Kien Giang,2023-09-04,12.790188073387494
Kien Giang,2023-09-05,4.289827341885117
Kien Giang,2023-09-06,8.258125058777312
Kien Giang,2023-09-07,6.349975061904982
Kien Giang,2023-09-08,20.575688227368058
Kien Giang,2023-09-09,16.02201580503366
Kien Giang,2023-09-10,1.3278402264710913
Kien Giang,2023-09-11,1.7101618232933578
Kien Giang,2023-09-12,8.361013324935803
Kien Giang,2023-09-13,6.1262545097645384
Kien Giang,2023-09-14,15.192668260984354
Kien Giang,2023-09-15,2.1763165903131148
Kien Giang,2023-09-16,5.029066992007549
Kien Giang,2023-09-17,5.743023869341657
Kien Giang,2023-09-18,4.2090398176935
Kien Giang,2023-09-19,14.551504945616738
Kien Giang,2023-09-20,10.363585745394328
Kien Giang,2023-09-21,8.063360066851782
Kien Giang,2023-09-22,11.872091461361332
Kien Giang,2023-09-23,8.03253418558909
Kien Giang,2023-09-24,17.012582084466775
Kien Giang,2023-09-25,14.49902771214059
Kien Giang,2023-09-26,29.561465432466854
Kien Giang,2023-09-27,18.18474200319293
Kien Giang,2023-09-28,0.0006514706587951041
Kien Giang,2023-09-29,11.713244723910357
Kien Giang,2023-09-30,5.07916136320741
Kien Giang,2023-10-01,32.34124560961728
Kien Giang,2023-10-02,26.984140301889248
Kien Giang,2023-10-03,1.3976639649860438
Kien Giang,2023-10-04,1.5449689499861248
Kien Giang,2023-10-05,3.9616748066721037
Kien Giang,2023-10-06,1.3044222849031777
Kien Giang,2023-10-07,1.2275081214543817
Kien Giang,2023-10-08,6.998016410313478
Kien Giang,2023-10-09,0.31149793114694396
Kien Giang,2023-10-10,4.675502391214829
Kien Giang,2023-10-11,4.471538442875055
Kien Giang,2023-10-12,7.455399482869557
Kien Giang,2023-10-13,2.784301152524823
Kien Giang,2023-10-14,14.925000686826731
Kien Giang,2023-10-15,14.615670922477907
Kien Giang,2023-10-16,11.273872360322816
Kien Giang,2023-10-17,12.302633424703542
Kien Giang,2023-10-18,1.7466100674788752
Kien Giang,2023-10-19,11.60337305455094
Kien Giang,2023-10-20,11.440268213694436
Kien Giang,2023-10-21,6.2579639416618855
Kien Giang,2023-10-22,14.722243032409265
Kien Giang,2023-10-23,7.820095004469677
Kien Giang,2023-10-24,5.864127705722871
Kien Giang,2023-10-25,8.86156480513941
Kien Giang,2023-10-26,3.5951177560522267
Kien Giang,2023-10-27,6.548788177815197
Kien Giang,2023-10-28,16.12598411380191
Kien Giang,2023-10-29,11.233804939610804
Kien Giang,2023-10-30,4.703686361486879
Kien Giang,2023-10-31,10.886837771059717
Kien Giang,2023-11-01,10.038175266102424
Kien Giang,2023-11-02,15.728156154607388
Kien Giang,2023-11-03,8.122477114110497
Kien Giang,2023-11-04,3.404551319610875
Kien Giang,2023-11-05,14.74069587156238
Kien Giang,2023-11-06,4.934568957062027
Kien Giang,2023-11-07,10.260669564143193
Kien Giang,2023-11-08,7.987858517311092
Kien Giang,2023-11-09,17.385576031476276
Kien Giang,2023-11-10,8.907028309868743
Kien Giang,2023-11-11,1.6188231335682994
Kien Giang,2023-11-12,1.0541501544172553
Kien Giang,2023-11-13,12.006984633027315
Kien Giang,2023-11-14,10.406194290307402
Kien Giang,2023-11-15,2.0809766369046607
Kien Giang,2023-11-16,9.431715149137657
Kien Giang,2023-11-17,5.607577754724775
Kien Giang,2023-11-18,3.086352507057618
Kien Giang,2023-11-19,0.5210278772699564
Kien Giang,2023-11-20,0.1870789775012302
Kien Giang,2023-11-21,1.2234287992288488
Kien Giang,2023-11-22,0.24452083540767383
Kien Giang,2023-11-23,3.8784074098231236
Kien Giang,2023-11-24,1.5599655241558357
Kien Giang,2023-11-25,4.8128197146259275
Kien Giang,2023-11-26,5.840696677889644
Kien Giang,2023-11-27,0.0006412802999625727
Kien Giang,2023-11-28,1.6605370080029385
Kien Giang,2023-11-29,0.20063255205150596
Kien Giang,2023-11-30,1.786458941192105
Kien Giang,2023-12-01,7.973940635921152
Kien Giang,2023-12-02,8.352111362067237
Kien Giang,2023-12-03,0.3860501826837303
Kien Giang,2023-12-04,1.7096916039809267
Kien Giang,2023-12-05,1.3553386605763735
Kien Giang,2023-12-06,2.1688476485271564
Kien Giang,2023-12-07,3.8297134013047547
Kien Giang,2023-12-08,2.1563447184678455
Kien Giang,2023-12-09,0
Kien Giang,2023-12-10,0
Kien Giang,2023-12-11,0
Kien Giang,2023-12-12,0
Kien Giang,2023-12-13,0
Kien Giang,2023-12-14,0.31320439890120366
Kien Giang,2023-12-15,0
Kien Giang,2023-12-16,0
Kien Giang,2023-12-17,0.04000883754120429
Kien Giang,2023-12-18,0.06619034111674461
Kien Giang,2023-12-19,0
Kien Giang,2023-12-20,0.7183374570944143
Kien Giang,2023-12-21,0
Kien Giang,2023-12-22,0.14668894105978125
Kien Giang,2023-12-23,0
Kien Giang,2023-12-24,0.04860590670850668
Kien Giang,2023-12-25,0
Kien Giang,2023-12-26,0
Kien Giang,2023-12-27,0
Kien Giang,2023-12-28,0.18893474732722243
Kien Giang,2023-12-29,0.026350630956181967
Kien Giang,2023-12-30,0
Kien Giang,2023-12-31,0
Kien Giang,2024-01-01,0.1915134952728564
Kien Giang,2024-01-02,0
Kien Giang,2024-01-03,0.4959935523654855
Kien Giang,2024-01-04,0
Kien Giang,2024-01-05,0.3846933380066734
Kien Giang,2024-01-06,0.17850643536301478
Kien Giang,2024-01-07,0
Kien Giang,2024-01-08,2.272907611933372
Kien Giang,2024-01-09,0.17039453861402085
Kien Giang,2024-01-10,0
Kien Giang,2024-01-11,0
Kien Giang,2024-01-12,0.01762690165947731
Kien Giang,2024-01-13,0
Kien Giang,2024-01-14,2.0297227675753624
Kien Giang,2024-01-15,0.9308139824442877
Kien Giang,2024-01-16,0.003878963647458137
Kien Giang,2024-01-17,0.5947229533033397
Kien Giang,2024-01-18,0
Kien Giang,2024-01-19,0
Kien Giang,2024-01-20,4.074271390216115
Kien Giang,2024-01-21,1.5687992890012714
Kien Giang,2024-01-22,1.0863983806838753
Kien Giang,2024-01-23,0
Kien Giang,2024-01-24,0
Kien Giang,2024-01-25,0
Kien Giang,2024-01-26,0
Kien Giang,2024-01-27,0.011571807026123947
Kien Giang,2024-01-28,0
Kien Giang,2024-01-29,0
Kien Giang,2024-01-30,0.5549536197701894
Kien Giang,2024-01-31,0
Kien Giang,2024-02-01,0
Kien Giang,2024-02-02,0
Kien Giang,2024-02-03,0
Kien Giang,2024-02-04,0
Kien Giang,2024-02-05,0.006642030339144387
Kien Giang,2024-02-06,0.00017595773608583708
Kien Giang,2024-02-07,0.01777841323734922
Kien Giang,2024-02-08,0
Kien Giang,2024-02-09,0
Kien Giang,2024-02-10,0
Kien Giang,2024-02-11,0
Kien Giang,2024-02-12,0
Kien Giang,2024-02-13,0
Kien Giang,2024-02-14,0
Kien Giang,2024-02-15,0
Kien Giang,2024-02-16,0
Kien Giang,2024-02-17,0
Kien Giang,2024-02-18,0.008024299814393874
Kien Giang,2024-02-19,0
Kien Giang,2024-02-20,0
Kien Giang,2024-02-21,0
Kien Giang,2024-02-22,0
Kien Giang,2024-02-23,0
Kien Giang,2024-02-24,0
Kien Giang,2024-02-25,0.12538647082047819
Kien Giang,2024-02-26,0
Kien Giang,2024-02-27,0.07608320551827331
Kien Giang,2024-02-28,0
Kien Giang,2024-02-29,0
Kien Giang,2024-03-01,0
Kien Giang,2024-03-02,0.47206003533097485
Kien Giang,2024-03-03,0
Kien Giang,2024-03-04,0
Kien Giang,2024-03-05,0
Kien Giang,2024-03-06,0.03540692637349667
Kien Giang,2024-03-07,1.001574820414851
Kien Giang,2024-03-08,0
Kien Giang,2024-03-09,0.8470680719188008
Kien Giang,2024-03-10,2.5861131570761895
Kien Giang,2024-03-11,0
Kien Giang,2024-03-12,0.002071244420174752
Kien Giang,2024-03-13,0.012609404222702751
Kien Giang,2024-03-14,0.033547307625879506
Kien Giang,2024-03-15,0
Kien Giang,2024-03-16,0.034980406483013204
Kien Giang,2024-03-17,0
Kien Giang,2024-03-18,0
Kien Giang,2024-03-19,0
Kien Giang,2024-03-20,0
Kien Giang,2024-03-21,0
Kien Giang,2024-03-22,0
Kien Giang,2024-03-23,0.08553829095885582
Kien Giang,2024-03-24,0
Kien Giang,2024-03-25,0
Kien Giang,2024-03-26,0.057173200799052575
Kien Giang,2024-03-27,1.324430855378064
Kien Giang,2024-03-28,3.922578322948833
Kien Giang,2024-03-29,5.03946887314178
Kien Giang,2024-03-30,2.3215114096612326
Kien Giang,2024-03-31,1.8276765671533022
Kien Giang,2024-04-01,0.024835207870719456
Kien Giang,2024-04-02,2.644765439552606
Kien Giang,2024-04-03,0.0036699844104642
Kien Giang,2024-04-04,0
Kien Giang,2024-04-05,0
Kien Giang,2024-04-06,0.026294644850424265
Kien Giang,2024-04-07,0.2703698641146914
Kien Giang,2024-04-08,1.0199619175588548
Kien Giang,2024-04-09,0
Kien Giang,2024-04-10,0
Kien Giang,2024-04-11,0.1965175980485021
Kien Giang,2024-04-12,0.058509361553311406
Kien Giang,2024-04-13,1.4372778000696138
Kien Giang,2024-04-14,0.07017997103325616
Kien Giang,2024-04-15,3.1976714343743977e-06
Kien Giang,2024-04-16,0.44559811309076974
Kien Giang,2024-04-17,0
Kien Giang,2024-04-18,0
Kien Giang,2024-04-19,0
Kien Giang,2024-04-20,0
Kien Giang,2024-04-21,0
Kien Giang,2024-04-22,0
Kien Giang,2024-04-23,0
Kien Giang,2024-04-24,0
Kien Giang,2024-04-25,0.15884904425019974
Kien Giang,2024-04-26,1.9712641467383818
Kien Giang,2024-04-27,0
Kien Giang,2024-04-28,0.03145374896021287
Kien Giang,2024-04-29,0
Kien Giang,2024-04-30,0.011492350333365875
Kien Giang,2024-05-01,0
Kien Giang,2024-05-02,0.07123354676658479
Kien Giang,2024-05-03,8.351337504114044
Kien Giang,2024-05-04,5.174739277719161
Kien Giang,2024-05-05,7.340492211327534
Kien Giang,2024-05-06,1.564018675990978
Kien Giang,2024-05-07,12.62787212825967
Kien Giang,2024-05-08,9.867275448426778
Kien Giang,2024-05-09,9.191443702442571
Kien Giang,2024-05-10,3.818393405731087
Kien Giang,2024-05-11,6.103232144382753
Kien Giang,2024-05-12,6.774192865840613
Kien Giang,2024-05-13,7.079529564649904
Kien Giang,2024-05-14,2.9268504277367673
Kien Giang,2024-05-15,14.167401319591981
Kien Giang,2024-05-16,9.45445097178597
Kien Giang,2024-05-17,9.342660168629584
Kien Giang,2024-05-18,1.1510158092126899
Kien Giang,2024-05-19,3.12295453432484
Kien Giang,2024-05-20,3.8846150871877567
Kien Giang,2024-05-21,6.146825668397507
Kien Giang,2024-05-22,1.9100208810614525
Kien Giang,2024-05-23,5.388317137415126
Kien Giang,2024-05-24,0.6391369252804013
Kien Giang,2024-05-25,4.51721310982909
Kien Giang,2024-05-26,1.1784412953172339
Kien Giang,2024-05-27,8.279737792244685
Kien Giang,2024-05-28,14.004645730644748
Kien Giang,2024-05-29,16.76936167102182
Kien Giang,2024-05-30,14.733920033026529
Kien Giang,2024-05-31,15.24686584552234
Kien Giang,2024-06-01,3.374947409010995
Kien Giang,2024-06-02,3.3995978881190654
Kien Giang,2024-06-03,6.800176177481722
Kien Giang,2024-06-04,1.9333978634434865
Kien Giang,2024-06-05,2.914114549198469
Kien Giang,2024-06-06,3.370345479441729
Kien Giang,2024-06-07,16.823804048943664
Kien Giang,2024-06-08,12.627098548183225
Kien Giang,2024-06-09,5.505653811416031
Kien Giang,2024-06-10,1.6457674661673958
Kien Giang,2024-06-11,2.9337716201135207
Kien Giang,2024-06-12,2.6250621662121656
Kien Giang,2024-06-13,4.0432449097356375
Kien Giang,2024-06-14,3.7142112266330805
Kien Giang,2024-06-15,14.327395558294727
Kien Giang,2024-06-16,1.9138343105833346
Kien Giang,2024-06-17,3.24791176876538
Kien Giang,2024-06-18,6.815910426259063
Kien Giang,2024-06-19,24.223541572239082
Kien Giang,2024-06-20,33.43957573279686
Kien Giang,2024-06-21,30.52762153274638
Kien Giang,2024-06-22,16.374815702320678
Kien Giang,2024-06-23,17.805932433438166
Kien Giang,2024-06-24,22.317569352918774
Kien Giang,2024-06-25,11.83391358746699
Kien Giang,2024-06-26,9.954528952742962
Kien Giang,2024-06-27,9.929834300501545
Kien Giang,2024-06-28,6.7539699739459165
Kien Giang,2024-06-29,0.916277811201952
Kien Giang,2024-06-30,4.028879957019347
Kien Giang,2024-07-01,2.4088243202869406
Kien Giang,2024-07-02,28.609770035395833
Kien Giang,2024-07-03,13.303359558864944
Kien Giang,2024-07-04,8.035422722532894
Kien Giang,2024-07-05,3.4856237585276806
Kien Giang,2024-07-06,2.908622368931619
Kien Giang,2024-07-07,10.912003343351044
Kien Giang,2024-07-08,14.072115820451573
Kien Giang,2024-07-09,19.11286004375042
Kien Giang,2024-07-10,8.754177150519801
Kien Giang,2024-07-11,29.59713845772676
Kien Giang,2024-07-12,2.651715928740301
Kien Giang,2024-07-13,6.581630280101919
Kien Giang,2024-07-14,10.763857451962654
Kien Giang,2024-07-15,30.861651265673032
Kien Giang,2024-07-16,31.21478498161848
Kien Giang,2024-07-17,33.57381518490129
Kien Giang,2024-07-18,44.28066723494614
Kien Giang,2024-07-19,5.533377864982506
Kien Giang,2024-07-20,26.495993487003915
Kien Giang,2024-07-21,13.472547250603473
Kien Giang,2024-07-22,21.506471602131317
Kien Giang,2024-07-23,0.0333098741552495
Kien Giang,2024-07-24,14.239067098450636
Kien Giang,2024-07-25,31.924323703416267
Kien Giang,2024-07-26,22.038488949228128
Kien Giang,2024-07-27,11.93104454995703
Kien Giang,2024-07-28,1.72241623072076
Kien Giang,2024-07-29,4.294756918879894
Kien Giang,2024-07-30,2.694242420969369
Kien Giang,2024-07-31,13.079898928626594
Kien Giang,2024-08-01,5.485016585801116
Kien Giang,2024-08-02,19.894098898400777
Kien Giang,2024-08-03,20.555247660115977
Kien Giang,2024-08-04,19.407984003726646
Kien Giang,2024-08-05,6.195798639961825
Kien Giang,2024-08-06,10.863187031562488
Kien Giang,2024-08-07,2.920134115480947
Kien Giang,2024-08-08,0.16860363835500322
Kien Giang,2024-08-09,1.8338071022549407
Kien Giang,2024-08-10,0.610489862000556
Kien Giang,2024-08-11,0.4939408337315689
Kien Giang,2024-08-12,11.849684850362852
Kien Giang,2024-08-13,3.836383772877485
Kien Giang,2024-08-14,4.986574935020221
Kien Giang,2024-08-15,2.704348739065712
Kien Giang,2024-08-16,5.245126034467923
Kien Giang,2024-08-17,2.586238758529503
Kien Giang,2024-08-18,0.8020854892746012
Kien Giang,2024-08-19,1.0059682911261745
Kien Giang,2024-08-20,5.347760577783901
Kien Giang,2024-08-21,5.098022579383274
Kien Giang,2024-08-22,5.9203544609322405
Kien Giang,2024-08-23,8.189298025855754
Kien Giang,2024-08-24,7.3473626130322325
Kien Giang,2024-08-25,8.760421854219153
Kien Giang,2024-08-26,11.921592015474612
Kien Giang,2024-08-27,18.041525098136567
Kien Giang,2024-08-28,38.20048442697247
Kien Giang,2024-08-29,16.85175471754928
Kien Giang,2024-08-30,5.643879422982033
Kien Giang,2024-08-31,10.12049144069031
Kien Giang,2024-09-01,30.972361727293645
Kien Giang,2024-09-02,9.417640553488047
Kien Giang,2024-09-03,7.936799142745857
Kien Giang,2024-09-04,28.75735808661773
Kien Giang,2024-09-05,23.108338034932206
Kien Giang,2024-09-06,16.76735062996633
Kien Giang,2024-09-07,5.489766890282551
Kien Giang,2024-09-08,3.4753792457725896
Kien Giang,2024-09-09,2.1444863484275514
Kien Giang,2024-09-10,31.95401262925894
Kien Giang,2024-09-11,12.010332385781089
Kien Giang,2024-09-12,28.91468921184144
Kien Giang,2024-09-13,25.678259726886
Kien Giang,2024-09-14,28.551781295858504
Kien Giang,2024-09-15,22.779927378393346
Kien Giang,2024-09-16,17.856895421307897
Kien Giang,2024-09-17,9.792921235671182
Kien Giang,2024-09-18,19.820306710908298
Kien Giang,2024-09-19,10.495530258201894
Kien Giang,2024-09-20,20.3593988646429
Kien Giang,2024-09-21,25.80313918487358
Kien Giang,2024-09-22,6.021967165804838
Kien Giang,2024-09-23,14.91659879428871
Kien Giang,2024-09-24,3.4117387046451237
Kien Giang,2024-09-25,7.325525620895884
Kien Giang,2024-09-26,10.67092747891578
Kien Giang,2024-09-27,4.511948218348803
Kien Giang,2024-09-28,1.9564724717953779
Kien Giang,2024-09-29,2.6984338196561675
Kien Giang,2024-09-30,1.1224633013661176
Kien Giang,2024-10-01,16.469079846113747
Kien Giang,2024-10-02,5.114169023575474
Kien Giang,2024-10-03,18.244181079345545
Kien Giang,2024-10-04,11.317122467729833
Kien Giang,2024-10-05,17.6615952579929
Kien Giang,2024-10-06,7.1375723779835845
Kien Giang,2024-10-07,13.94800286467043
Kien Giang,2024-10-08,21.866981487968165
Kien Giang,2024-10-09,11.254673942982842
Kien Giang,2024-10-10,14.901514142962224
Kien Giang,2024-10-11,7.9390662864756605
Kien Giang,2024-10-12,17.17889641002535
Kien Giang,2024-10-13,8.231652301917833
Kien Giang,2024-10-14,11.94959231917015
Kien Giang,2024-10-15,22.40170987055341
Kien Giang,2024-10-16,18.81542052633395
Kien Giang,2024-10-17,17.20546768339514
Kien Giang,2024-10-18,2.1336274877506387
Kien Giang,2024-10-19,10.494143409474825
Kien Giang,2024-10-20,22.64297223083771
Kien Giang,2024-10-21,16.127838837363857
Kien Giang,2024-10-22,23.046797370772385
Kien Giang,2024-10-23,6.356880356772189
Kien Giang,2024-10-24,0.7308634661118982
Kien Giang,2024-10-25,0
Kien Giang,2024-10-26,5.9871617107016
Kien Giang,2024-10-27,13.384191077808058
Kien Giang,2024-10-28,16.170621235322024
Kien Giang,2024-10-29,9.632582982280667
Kien Giang,2024-10-30,0.04993598264117662
Kien Giang,2024-10-31,1.9935147409565301
Kien Giang,2024-11-01,5.206614207047619
Kien Giang,2024-11-02,18.371691693867497
Kien Giang,2024-11-03,11.621614676259975
Kien Giang,2024-11-04,23.13977386688369
Kien Giang,2024-11-05,5.748668890575705
Kien Giang,2024-11-06,6.919261126650338
Kien Giang,2024-11-07,0.6574046951207102
Kien Giang,2024-11-08,4.364176045588064
Kien Giang,2024-11-09,2.868111921032652
Kien Giang,2024-11-10,3.5535590285988943
Kien Giang,2024-11-11,0.8644613180587981
Kien Giang,2024-11-12,0.02284153548771762
Kien Giang,2024-11-13,2.931292927963499
Kien Giang,2024-11-14,0.9523016033591241
Kien Giang,2024-11-15,0.5675041617207772
Kien Giang,2024-11-16,2.56469342477796
Kien Giang,2024-11-17,0
Kien Giang,2024-11-18,0
Kien Giang,2024-11-19,0.07174609075679769
Kien Giang,2024-11-20,2.4469143201366608
Kien Giang,2024-11-21,3.1282413795691073
Kien Giang,2024-11-22,2.89163626006322
Kien Giang,2024-11-23,0.09079877391839546
Kien Giang,2024-11-24,0.6656753822747882
Kien Giang,2024-11-25,3.9381910666088387
Kien Giang,2024-11-26,6.572391737624235
Kien Giang,2024-11-27,0.4724506807271375
Kien Giang,2024-11-28,1.782157996807946
Kien Giang,2024-11-29,7.338981129362145
Kien Giang,2024-11-30,0.0070435180476369555
Kien Giang,2024-12-01,0.5032303032547187
Kien Giang,2024-12-02,6.731285532216898
Kien Giang,2024-12-03,18.13160346395513
Kien Giang,2024-12-04,15.264068574214345
Kien Giang,2024-12-05,0
Kien Giang,2024-12-06,0.9020070872639405
Kien Giang,2024-12-07,0.030150622893413838
Kien Giang,2024-12-08,1.2690273856151022
Kien Giang,2024-12-09,0.06733563142176285
Kien Giang,2024-12-10,10.214202571097987
Kien Giang,2024-12-11,4.896235750381759
Kien Giang,2024-12-12,4.846315133377459
Kien Giang,2024-12-13,13.11218848098129
Kien Giang,2024-12-14,2.772653111921085
Kien Giang,2024-12-15,0
Kien Giang,2024-12-16,0
Kien Giang,2024-12-17,0
Kien Giang,2024-12-18,0
Kien Giang,2024-12-19,0
Kien Giang,2024-12-20,0.07704720486430203
Kien Giang,2024-12-21,4.143160926926842
Kien Giang,2024-12-22,0
Kien Giang,2024-12-23,0
Kien Giang,2024-12-24,0
Kien Giang,2024-12-25,0.0013251642907692158
Kien Giang,2024-12-26,2.18787212144859
Kien Giang,2024-12-27,2.2716494734857924
Kien Giang,2024-12-28,0.2509066452532726
Kien Giang,2024-12-29,0
Kien Giang,2024-12-30,0
Kien Giang,2024-12-31,1.885697262105551
Long An,2019-01-01,5.379654998635791
Long An,2019-01-02,12.431446953412216
Long An,2019-01-03,0.21320323446627318
Long An,2019-01-04,0
Long An,2019-01-05,0
Long An,2019-01-06,0
Long An,2019-01-07,0
Long An,2019-01-08,0
Long An,2019-01-09,0
Long An,2019-01-10,0
Long An,2019-01-11,0
Long An,2019-01-12,0
Long An,2019-01-13,0
Long An,2019-01-14,0
Long An,2019-01-15,0.015906732777786363
Long An,2019-01-16,0.07005058416992317
Long An,2019-01-17,0.030143926112975734
Long An,2019-01-18,0
Long An,2019-01-19,0
Long An,2019-01-20,0
Long An,2019-01-21,0
Long An,2019-01-22,0
Long An,2019-01-23,1.9123697950072518
Long An,2019-01-24,0
Long An,2019-01-25,0
Long An,2019-01-26,0.019602258571469702
Long An,2019-01-27,0
Long An,2019-01-28,0
Long An,2019-01-29,0
Long An,2019-01-30,0
Long An,2019-01-31,0
Long An,2019-02-01,0
Long An,2019-02-02,0
Long An,2019-02-03,0
Long An,2019-02-04,0
Long An,2019-02-05,0.004028788423106474
Long An,2019-02-06,0.0039053666892480683
Long An,2019-02-07,0.08856356603498776
Long An,2019-02-08,0.00012013357937311728
Long An,2019-02-09,0
Long An,2019-02-10,0
Long An,2019-02-11,0
Long An,2019-02-12,0
Long An,2019-02-13,0
Long An,2019-02-14,0
Long An,2019-02-15,0
Long An,2019-02-16,0
Long An,2019-02-17,0
Long An,2019-02-18,0
Long An,2019-02-19,0
Long An,2019-02-20,0.23762576312994713
Long An,2019-02-21,0
Long An,2019-02-22,0.14513033995769925
Long An,2019-02-23,0
Long An,2019-02-24,0
Long An,2019-02-25,0
Long An,2019-02-26,0
Long An,2019-02-27,0
Long An,2019-02-28,0
Long An,2019-03-01,0.5341903925804466
Long An,2019-03-02,0
Long An,2019-03-03,0
Long An,2019-03-04,0
Long An,2019-03-05,0
Long An,2019-03-06,0.09484317513008651
Long An,2019-03-07,0
Long An,2019-03-08,0.3107813823284098
Long An,2019-03-09,0.26843645690088064
Long An,2019-03-10,0.08593506760383812
Long An,2019-03-11,0
Long An,2019-03-12,0
Long An,2019-03-13,0
Long An,2019-03-14,0
Long An,2019-03-15,2.9981851854099593
Long An,2019-03-16,1.4660092934182423
Long An,2019-03-17,0.9351673359745267
Long An,2019-03-18,0
Long An,2019-03-19,0
Long An,2019-03-20,0.05677457651778335
Long An,2019-03-21,0
Long An,2019-03-22,0
Long An,2019-03-23,0.005107246910087376
Long An,2019-03-24,0.007590178387599715
Long An,2019-03-25,0
Long An,2019-03-26,0
Long An,2019-03-27,0
Long An,2019-03-28,0
Long An,2019-03-29,0
Long An,2019-03-30,1.0517888568862743
Long An,2019-03-31,0.807762688052744
Long An,2019-04-01,0.8752277791468197
Long An,2019-04-02,0
Long An,2019-04-03,3.64773537531942
Long An,2019-04-04,1.767748236464818
Long An,2019-04-05,0
Long An,2019-04-06,0.05494719513189472
Long An,2019-04-07,0
Long An,2019-04-08,0
Long An,2019-04-09,0.15859166377951103
Long An,2019-04-10,0
Long An,2019-04-11,0.7934273165171859
Long An,2019-04-12,0
Long An,2019-04-13,0
Long An,2019-04-14,1.1360735763333611
Long An,2019-04-15,0.5980297249446762
Long An,2019-04-16,0.6956198425968028
Long An,2019-04-17,3.382884335749061
Long An,2019-04-18,5.290895637322449
Long An,2019-04-19,0
Long An,2019-04-20,0.14973640278590641
Long An,2019-04-21,0.11561570148058269
Long An,2019-04-22,0.00038971144605330426
Long An,2019-04-23,0.9615645777493042
Long An,2019-04-24,0.11515322565205846
Long An,2019-04-25,0.5045364130164849
Long An,2019-04-26,0
Long An,2019-04-27,2.479427189320622
Long An,2019-04-28,10.99621651571151
Long An,2019-04-29,0.0025279635744538424
Long An,2019-04-30,0.0451924520704563
Long An,2019-05-01,0.844922575477756
Long An,2019-05-02,13.335591052854786
Long An,2019-05-03,4.217965145429934
Long An,2019-05-04,5.658167943503544
Long An,2019-05-05,0.9664134085159242
Long An,2019-05-06,1.0705248797224864
Long An,2019-05-07,4.854556991342645
Long An,2019-05-08,5.211018702523494
Long An,2019-05-09,9.897584951537075
Long An,2019-05-10,8.832215588897943
Long An,2019-05-11,9.893218309907525
Long An,2019-05-12,5.506745712237449
Long An,2019-05-13,3.831320222266802
Long An,2019-05-14,4.027665364491966
Long An,2019-05-15,3.894775036179006
Long An,2019-05-16,8.944455932005697
Long An,2019-05-17,5.234305310043669
Long An,2019-05-18,1.920016253616368
Long An,2019-05-19,6.262887335330872
Long An,2019-05-20,2.272653056277012
Long An,2019-05-21,13.672943752139977
Long An,2019-05-22,12.435446109047888
Long An,2019-05-23,5.4524442442205645
Long An,2019-05-24,5.726691360488332
Long An,2019-05-25,9.438478372754266
Long An,2019-05-26,3.0203275571587667
Long An,2019-05-27,3.846582640380664
Long An,2019-05-28,13.157145449507864
Long An,2019-05-29,12.847565794912734
Long An,2019-05-30,3.8062309760794677
Long An,2019-05-31,1.5776862767964477
Long An,2019-06-01,1.0506050887026503
Long An,2019-06-02,11.2842946599109
Long An,2019-06-03,12.624836943268425
Long An,2019-06-04,14.023271289982544
Long An,2019-06-05,8.441149538552693
Long An,2019-06-06,5.252399765890694
Long An,2019-06-07,1.8150249701936998
Long An,2019-06-08,7.5381414700907845
Long An,2019-06-09,7.815749860656505
Long An,2019-06-10,14.966827009895871
Long An,2019-06-11,3.8655805349140735
Long An,2019-06-12,8.287698745778574
Long An,2019-06-13,3.764512617438672
Long An,2019-06-14,1.7361603109389896
Long An,2019-06-15,10.490076343282276
Long An,2019-06-16,22.21533993260676
Long An,2019-06-17,3.4005791993783063
Long An,2019-06-18,2.724397187292271
Long An,2019-06-19,0.020716101755979842
Long An,2019-06-20,11.17621760379677
Long An,2019-06-21,24.636680344741833
Long An,2019-06-22,7.248149482713825
Long An,2019-06-23,0.4652700306105209
Long An,2019-06-24,1.0590150967355476
Long An,2019-06-25,4.073307888876146
Long An,2019-06-26,0.8997443961031613
Long An,2019-06-27,0
Long An,2019-06-28,9.125750513496676
Long An,2019-06-29,7.6523980482430085
Long An,2019-06-30,4.946303792710089
Long An,2019-07-01,20.835952375024917
Long An,2019-07-02,25.13922077828824
Long An,2019-07-03,0.828607639682301
Long An,2019-07-04,5.365787648871945
Long An,2019-07-05,1.9069270769203894
Long An,2019-07-06,0.005481748997969932
Long An,2019-07-07,5.432666042176171
Long An,2019-07-08,7.004244078481218
Long An,2019-07-09,0
Long An,2019-07-10,0.042218945293246476
Long An,2019-07-11,0
Long An,2019-07-12,4.9622149121876395
Long An,2019-07-13,2.3775225431355342
Long An,2019-07-14,3.2598991713812406
Long An,2019-07-15,14.531520726835433
Long An,2019-07-16,15.067508994998429
Long An,2019-07-17,12.00173575958928
Long An,2019-07-18,2.0082258162411417
Long An,2019-07-19,3.68026372725972
Long An,2019-07-20,5.554982995116328
Long An,2019-07-21,0
Long An,2019-07-22,13.67882719435725
Long An,2019-07-23,8.30264964809274
Long An,2019-07-24,10.390938243366056
Long An,2019-07-25,0.21092720011733557
Long An,2019-07-26,1.3673419501980033
Long An,2019-07-27,11.883538739312128
Long An,2019-07-28,11.543898396394122
Long An,2019-07-29,12.79482388837806
Long An,2019-07-30,3.5011785164937614
Long An,2019-07-31,11.779659881037377
Long An,2019-08-01,10.223144102628316
Long An,2019-08-02,3.6919131008060324
Long An,2019-08-03,0.2970833061477262
Long An,2019-08-04,0
Long An,2019-08-05,4.2498921209896405
Long An,2019-08-06,16.810490795769848
Long An,2019-08-07,11.488375248332646
Long An,2019-08-08,22.00473950943588
Long An,2019-08-09,0.0016482078921149586
Long An,2019-08-10,2.0203557274322645
Long An,2019-08-11,5.543803706173519
Long An,2019-08-12,0
Long An,2019-08-13,0.7100391064801878
Long An,2019-08-14,2.480322573358937
Long An,2019-08-15,0
Long An,2019-08-16,4.189284807780561
Long An,2019-08-17,2.9661154718992457
Long An,2019-08-18,0
Long An,2019-08-19,0.22654706214821993
Long An,2019-08-20,9.373232154063968
Long An,2019-08-21,7.880587991968701
Long An,2019-08-22,2.0532003753935806
Long An,2019-08-23,4.879333218844568
Long An,2019-08-24,17.36801951918364
Long An,2019-08-25,11.89278246773165
Long An,2019-08-26,2.90564884984633
Long An,2019-08-27,0
Long An,2019-08-28,18.369793042236598
Long An,2019-08-29,23.022527077495088
Long An,2019-08-30,5.720772607386882
Long An,2019-08-31,1.4638399120246626
Long An,2019-09-01,10.369994402217547
Long An,2019-09-02,4.902704468012066
Long An,2019-09-03,1.78141607830777
Long An,2019-09-04,2.5186391432207387
Long An,2019-09-05,1.0790595980488087
Long An,2019-09-06,0
Long An,2019-09-07,0.9529960607124389
Long An,2019-09-08,13.68475355236786
Long An,2019-09-09,2.0280699497466546
Long An,2019-09-10,0
Long An,2019-09-11,0
Long An,2019-09-12,2.8424871670122767
Long An,2019-09-13,29.06205912874809
Long An,2019-09-14,13.97171676954757
Long An,2019-09-15,2.566034484147929
Long An,2019-09-16,6.029184243907624
Long An,2019-09-17,12.184948108583031
Long An,2019-09-18,17.11461017820693
Long An,2019-09-19,0
Long An,2019-09-20,4.89921924995895
Long An,2019-09-21,3.5497150676355953
Long An,2019-09-22,2.809358217135519
Long An,2019-09-23,3.1791259506982263
Long An,2019-09-24,0.034228369410860285
Long An,2019-09-25,7.691649009160832
Long An,2019-09-26,12.536414150648826
Long An,2019-09-27,4.795509878608596
Long An,2019-09-28,8.4127128859768
Long An,2019-09-29,2.765159826235412
Long An,2019-09-30,5.519849224550278
Long An,2019-10-01,1.8266219317692343
Long An,2019-10-02,11.798010205525433
Long An,2019-10-03,17.8442792356411
Long An,2019-10-04,13.237300575742752
Long An,2019-10-05,5.659618817228182
Long An,2019-10-06,16.688307132813627
Long An,2019-10-07,3.9487236803143793
Long An,2019-10-08,0.8215586025090902
Long An,2019-10-09,7.645115396416593
Long An,2019-10-10,2.086867648226985
Long An,2019-10-11,1.860205896903157
Long An,2019-10-12,10.433588611959442
Long An,2019-10-13,6.678782236989695
Long An,2019-10-14,1.4141821836873572
Long An,2019-10-15,8.020063586394164
Long An,2019-10-16,13.40866966539873
Long An,2019-10-17,12.042473931011369
Long An,2019-10-18,15.655435051829546
Long An,2019-10-19,7.840154845659607
Long An,2019-10-20,8.35754979890989
Long An,2019-10-21,3.886200395399287
Long An,2019-10-22,1.8007000475122306
Long An,2019-10-23,0
Long An,2019-10-24,0.510282189432829
Long An,2019-10-25,0.6339981755832892
Long An,2019-10-26,3.10611129055596
Long An,2019-10-27,6.17492588869898
Long An,2019-10-28,13.309213441565303
Long An,2019-10-29,0.6792653962437447
Long An,2019-10-30,26.95536382107648
Long An,2019-10-31,9.635529566189815
Long An,2019-11-01,3.3566023237112916
Long An,2019-11-02,6.5642102517969185
Long An,2019-11-03,8.491629136823502
Long An,2019-11-04,0
Long An,2019-11-05,22.091393538147432
Long An,2019-11-06,4.6228341197908325
Long An,2019-11-07,14.107406165890248
Long An,2019-11-08,3.951950514662813
Long An,2019-11-09,6.8015916463398405
Long An,2019-11-10,45.183298231929285
Long An,2019-11-11,0.7657759579579871
Long An,2019-11-12,0.2881014359929422
Long An,2019-11-13,1.65314660249167
Long An,2019-11-14,1.575237540496243
Long An,2019-11-15,0.01575161533797174
Long An,2019-11-16,0
Long An,2019-11-17,0.05350573557554424
Long An,2019-11-18,0.1061343968905887
Long An,2019-11-19,0
Long An,2019-11-20,0.006243573672385802
Long An,2019-11-21,0
Long An,2019-11-22,0
Long An,2019-11-23,1.867363535813619
Long An,2019-11-24,1.0145688290521402
Long An,2019-11-25,0.5578200941831503
Long An,2019-11-26,2.415827788623878
Long An,2019-11-27,0
Long An,2019-11-28,0.04345603407305774
Long An,2019-11-29,0.17765585077898727
Long An,2019-11-30,0
Long An,2019-12-01,0.08955044142072462
Long An,2019-12-02,0
Long An,2019-12-03,0.6180789485216862
Long An,2019-12-04,0.00042398211844722365
Long An,2019-12-05,0
Long An,2019-12-06,0
Long An,2019-12-07,0
Long An,2019-12-08,0
Long An,2019-12-09,0
Long An,2019-12-10,0
Long An,2019-12-11,0
Long An,2019-12-12,0.3625105282590749
Long An,2019-12-13,0
Long An,2019-12-14,0.7493891524631672
Long An,2019-12-15,0.00546707714605996
Long An,2019-12-16,1.9868466100754203
Long An,2019-12-17,0
Long An,2019-12-18,3.3462120212740367
Long An,2019-12-19,0
Long An,2019-12-20,0
Long An,2019-12-21,0
Long An,2019-12-22,0
Long An,2019-12-23,0
Long An,2019-12-24,0
Long An,2019-12-25,0
Long An,2019-12-26,0
Long An,2019-12-27,0
Long An,2019-12-28,0
Long An,2019-12-29,0.19372812472614756
Long An,2019-12-30,0
Long An,2019-12-31,0.41207348017428314
Long An,2020-01-01,0
Long An,2020-01-02,2.118375802928576
Long An,2020-01-03,0.032913132081709214
Long An,2020-01-04,0
Long An,2020-01-05,0
Long An,2020-01-06,0
Long An,2020-01-07,0.09189756632223733
Long An,2020-01-08,0
Long An,2020-01-09,0
Long An,2020-01-10,0
Long An,2020-01-11,0.0014348716272873311
Long An,2020-01-12,2.4119532292074792
Long An,2020-01-13,0
Long An,2020-01-14,0
Long An,2020-01-15,0
Long An,2020-01-16,0
Long An,2020-01-17,0
Long An,2020-01-18,0
Long An,2020-01-19,0
Long An,2020-01-20,1.5936223503794102
Long An,2020-01-21,0
Long An,2020-01-22,0
Long An,2020-01-23,0.1146133276194461
Long An,2020-01-24,0
Long An,2020-01-25,0
Long An,2020-01-26,0
Long An,2020-01-27,0
Long An,2020-01-28,0
Long An,2020-01-29,0
Long An,2020-01-30,0.32815873826513825
Long An,2020-01-31,0.06976791230800251
Long An,2020-02-01,0
Long An,2020-02-02,0
Long An,2020-02-03,0
Long An,2020-02-04,0.030473752208466313
Long An,2020-02-05,0
Long An,2020-02-06,0
Long An,2020-02-07,0
Long An,2020-02-08,0
Long An,2020-02-09,0
Long An,2020-02-10,0
Long An,2020-02-11,0.0036976791672843484
Long An,2020-02-12,0
Long An,2020-02-13,0
Long An,2020-02-14,0
Long An,2020-02-15,0
Long An,2020-02-16,0
Long An,2020-02-17,0.23176728662796106
Long An,2020-02-18,0
Long An,2020-02-19,0
Long An,2020-02-20,0
Long An,2020-02-21,0.20237320174567494
Long An,2020-02-22,0
Long An,2020-02-23,0
Long An,2020-02-24,0
Long An,2020-02-25,0
Long An,2020-02-26,0
Long An,2020-02-27,0
Long An,2020-02-28,0
Long An,2020-02-29,0
Long An,2020-03-01,0
Long An,2020-03-02,0
Long An,2020-03-03,0
Long An,2020-03-04,0
Long An,2020-03-05,0.074371284214677
Long An,2020-03-06,0
Long An,2020-03-07,0
Long An,2020-03-08,0
Long An,2020-03-09,0
Long An,2020-03-10,0
Long An,2020-03-11,3.9400045495523273
Long An,2020-03-12,0
Long An,2020-03-13,0
Long An,2020-03-14,0
Long An,2020-03-15,0
Long An,2020-03-16,0
Long An,2020-03-17,0
Long An,2020-03-18,0
Long An,2020-03-19,0
Long An,2020-03-20,0
Long An,2020-03-21,0.12071277317561611
Long An,2020-03-22,0.6686536706002466
Long An,2020-03-23,0
Long An,2020-03-24,0.5215414382687819
Long An,2020-03-25,0.011375109303622484
Long An,2020-03-26,0
Long An,2020-03-27,0
Long An,2020-03-28,2.546406457357772
Long An,2020-03-29,0
Long An,2020-03-30,0
Long An,2020-03-31,0
Long An,2020-04-01,0
Long An,2020-04-02,0
Long An,2020-04-03,0
Long An,2020-04-04,0
Long An,2020-04-05,0
Long An,2020-04-06,0
Long An,2020-04-07,0
Long An,2020-04-08,5.058090562209984
Long An,2020-04-09,1.0712462121328492
Long An,2020-04-10,0.2697491032785488
Long An,2020-04-11,0
Long An,2020-04-12,9.509426028815392
Long An,2020-04-13,17.703168591544834
Long An,2020-04-14,0.212707452280666
Long An,2020-04-15,4.6616354301680625
Long An,2020-04-16,1.9376950517557379
Long An,2020-04-17,2.4100914289798285
Long An,2020-04-18,0
Long An,2020-04-19,0.5170504033556591
Long An,2020-04-20,0
Long An,2020-04-21,0
Long An,2020-04-22,0.005103243017607978
Long An,2020-04-23,0.1494287279269225
Long An,2020-04-24,5.497213476865539
Long An,2020-04-25,4.272827829511693
Long An,2020-04-26,5.959790771457235
Long An,2020-04-27,1.8742810041340696
Long An,2020-04-28,1.041351309339387
Long An,2020-04-29,0
Long An,2020-04-30,0.09569175650004379
Long An,2020-05-01,0
Long An,2020-05-02,0
Long An,2020-05-03,0.01536946447339735
Long An,2020-05-04,0.8805327422559823
Long An,2020-05-05,1.2630375204496813
Long An,2020-05-06,0
Long An,2020-05-07,0
Long An,2020-05-08,0
Long An,2020-05-09,0
Long An,2020-05-10,0
Long An,2020-05-11,0
Long An,2020-05-12,0
Long An,2020-05-13,0.10451262613541996
Long An,2020-05-14,0.9278529143850905
Long An,2020-05-15,1.491728720969591
Long An,2020-05-16,2.1010580605137195
Long An,2020-05-17,4.634394086660869
Long An,2020-05-18,0
Long An,2020-05-19,6.493401980409778
Long An,2020-05-20,8.871399865977896
Long An,2020-05-21,3.93474079115362
Long An,2020-05-22,5.308320378269215
Long An,2020-05-23,17.750401195040375
Long An,2020-05-24,7.669551698436715
Long An,2020-05-25,5.828363969842007
Long An,2020-05-26,0.25861936649559386
Long An,2020-05-27,11.634381425812187
Long An,2020-05-28,7.456839890504435
Long An,2020-05-29,10.77939428857837
Long An,2020-05-30,7.247630846286317
Long An,2020-05-31,8.274808543933654
Long An,2020-06-01,19.84535495146729
Long An,2020-06-02,6.531375291323572
Long An,2020-06-03,4.222074212636588
Long An,2020-06-04,7.025731761859867
Long An,2020-06-05,6.819335421316806
Long An,2020-06-06,4.039563222883623
Long An,2020-06-07,1.3219908232221345
Long An,2020-06-08,1.6130911167635669
Long An,2020-06-09,8.692474337707463
Long An,2020-06-10,10.858411332781632
Long An,2020-06-11,6.991103507003776
Long An,2020-06-12,2.3237683083758016
Long An,2020-06-13,28.381351851363686
Long An,2020-06-14,22.777335392800847
Long An,2020-06-15,10.639875737390723
Long An,2020-06-16,8.544640588511339
Long An,2020-06-17,9.947266604185442
Long An,2020-06-18,7.187160962896476
Long An,2020-06-19,11.668023199538956
Long An,2020-06-20,16.942943459869284
Long An,2020-06-21,8.92921229794243
Long An,2020-06-22,4.104291558952073
Long An,2020-06-23,0.7497520851260673
Long An,2020-06-24,9.278167973948905
Long An,2020-06-25,5.172129037555312
Long An,2020-06-26,4.439944533790005
Long An,2020-06-27,10.088924986697773
Long An,2020-06-28,13.781189156929953
Long An,2020-06-29,9.244281636706392
Long An,2020-06-30,8.738413538589146
Long An,2020-07-01,1.8516066533000115
Long An,2020-07-02,13.181319016468628
Long An,2020-07-03,0.7151957933960765
Long An,2020-07-04,0.08970700702672543
Long An,2020-07-05,11.363250541070546
Long An,2020-07-06,4.4276232229458685
Long An,2020-07-07,0
Long An,2020-07-08,5.344548938142669
Long An,2020-07-09,0.09635051811069818
Long An,2020-07-10,8.868337376787913
Long An,2020-07-11,3.2766556770987973
Long An,2020-07-12,9.191390511566995
Long An,2020-07-13,9.860999150932361
Long An,2020-07-14,17.67299380829391
Long An,2020-07-15,0.5579816626804318
Long An,2020-07-16,5.298404775005405
Long An,2020-07-17,5.437445411637427
Long An,2020-07-18,4.855021357676654
Long An,2020-07-19,3.641033583311607
Long An,2020-07-20,5.798565949409567
Long An,2020-07-21,4.074058132002814
Long An,2020-07-22,1.0114036019083834
Long An,2020-07-23,9.322788301703584
Long An,2020-07-24,8.578845120555146
Long An,2020-07-25,4.628735835050208
Long An,2020-07-26,3.135125180946674
Long An,2020-07-27,2.9449754734021343
Long An,2020-07-28,3.8847074168382516
Long An,2020-07-29,11.251554388734471
Long An,2020-07-30,12.399654652051249
Long An,2020-07-31,21.385397834768032
Long An,2020-08-01,0.33878403330107476
Long An,2020-08-02,16.49895452905996
Long An,2020-08-03,5.909358106892125
Long An,2020-08-04,0
Long An,2020-08-05,16.729730382454832
Long An,2020-08-06,19.922579578377697
Long An,2020-08-07,1.2895227393486715
Long An,2020-08-08,5.137598601664203
Long An,2020-08-09,9.130775633386767
Long An,2020-08-10,4.062346011508029
Long An,2020-08-11,3.4161408858265676
Long An,2020-08-12,9.6692381193791
Long An,2020-08-13,6.25248031542316
Long An,2020-08-14,8.98431530644646
Long An,2020-08-15,0.6816483512898749
Long An,2020-08-16,8.6009366706222
Long An,2020-08-17,1.5453799330985858
Long An,2020-08-18,7.949408250643085
Long An,2020-08-19,6.525904917788936
Long An,2020-08-20,0
Long An,2020-08-21,0.2785961780394182
Long An,2020-08-22,0.3937355299646534
Long An,2020-08-23,2.0852834463155236
Long An,2020-08-24,7.834129446910647
Long An,2020-08-25,0.15606440225869547
Long An,2020-08-26,1.1204285577448951
Long An,2020-08-27,1.8773674027183218
Long An,2020-08-28,5.587651833026551
Long An,2020-08-29,0.08083768089344405
Long An,2020-08-30,10.910771305240226
Long An,2020-08-31,7.253460273271341
Long An,2020-09-01,11.173370755941773
Long An,2020-09-02,15.753652716625044
Long An,2020-09-03,4.1333259769533095
Long An,2020-09-04,2.1148982067478044
Long An,2020-09-05,5.455723242287246
Long An,2020-09-06,9.5410451236537
Long An,2020-09-07,0
Long An,2020-09-08,2.834786247968772
Long An,2020-09-09,12.99697853940744
Long An,2020-09-10,9.885889939074419
Long An,2020-09-11,4.228977681946506
Long An,2020-09-12,11.210521661785414
Long An,2020-09-13,9.806632487924285
Long An,2020-09-14,17.063590366502176
Long An,2020-09-15,0.7642002412009754
Long An,2020-09-16,14.399822847660324
Long An,2020-09-17,17.327128350447662
Long An,2020-09-18,21.784583190126433
Long An,2020-09-19,12.825801942836303
Long An,2020-09-20,2.9506431380558142
Long An,2020-09-21,6.689601037719641
Long An,2020-09-22,16.312944778542494
Long An,2020-09-23,6.9818311457371784
Long An,2020-09-24,7.37810576097558
Long An,2020-09-25,14.167063845727528
Long An,2020-09-26,15.600978910230241
Long An,2020-09-27,9.607980377525758
Long An,2020-09-28,0.045712275717258916
Long An,2020-09-29,11.063074344197437
Long An,2020-09-30,7.363821997840831
Long An,2020-10-01,8.592377186872806
Long An,2020-10-02,8.547763232047403
Long An,2020-10-03,5.476971388490858
Long An,2020-10-04,17.801851554404706
Long An,2020-10-05,17.862277055777227
Long An,2020-10-06,8.75512191481719
Long An,2020-10-07,4.8348283009612905
Long An,2020-10-08,18.84215015343279
Long An,2020-10-09,12.801197024270907
Long An,2020-10-10,18.320915931437597
Long An,2020-10-11,18.631166687673918
Long An,2020-10-12,11.30522130133214
Long An,2020-10-13,13.24497623127611
Long An,2020-10-14,19.56180204523837
Long An,2020-10-15,28.045468119394684
Long An,2020-10-16,6.342237470380609
Long An,2020-10-17,15.617890286607391
Long An,2020-10-18,8.132605134921574
Long An,2020-10-19,12.311070907156502
Long An,2020-10-20,2.6333792774401554
Long An,2020-10-21,12.44415813291641
Long An,2020-10-22,1.7577397389710876
Long An,2020-10-23,7.286485060051456
Long An,2020-10-24,1.6744971796983465
Long An,2020-10-25,1.0025866258588105
Long An,2020-10-26,5.788234542301535
Long An,2020-10-27,0.38221537107639036
Long An,2020-10-28,10.76450803205931
Long An,2020-10-29,9.921136283979644
Long An,2020-10-30,19.67212615895679
Long An,2020-10-31,25.090279969724275
Long An,2020-11-01,10.752826000745507
Long An,2020-11-02,0
Long An,2020-11-03,0.17045614565732117
Long An,2020-11-04,0.26506862687534866
Long An,2020-11-05,11.524887794557175
Long An,2020-11-06,8.331846146906189
Long An,2020-11-07,3.077735624987188
Long An,2020-11-08,0.23541888069184358
Long An,2020-11-09,2.2136092485534697
Long An,2020-11-10,11.54895495371234
Long An,2020-11-11,0
Long An,2020-11-12,5.986417072460635
Long An,2020-11-13,0
Long An,2020-11-14,0
Long An,2020-11-15,0
Long An,2020-11-16,4.766535209464777
Long An,2020-11-17,0
Long An,2020-11-18,4.3996546419927505
Long An,2020-11-19,3.8020753804082768
Long An,2020-11-20,7.216468903608052
Long An,2020-11-21,8.223701868959713
Long An,2020-11-22,0.6709364557075375
Long An,2020-11-23,7.3747442727189085
Long An,2020-11-24,0
Long An,2020-11-25,8.150086922964933
Long An,2020-11-26,0.9539195213133339
Long An,2020-11-27,3.118633409296522
Long An,2020-11-28,11.784575168598437
Long An,2020-11-29,1.9716546103400048
Long An,2020-11-30,5.873033567100472
Long An,2020-12-01,0.5974172446138788
Long An,2020-12-02,0.10842957711285621
Long An,2020-12-03,0
Long An,2020-12-04,0
Long An,2020-12-05,0
Long An,2020-12-06,0
Long An,2020-12-07,0.9357626934099895
Long An,2020-12-08,0
Long An,2020-12-09,0
Long An,2020-12-10,3.548779746665971
Long An,2020-12-11,3.927678870829198
Long An,2020-12-12,2.9604644231996944
Long An,2020-12-13,1.119922536563459
Long An,2020-12-14,4.335966623442592
Long An,2020-12-15,4.520438211580012
Long An,2020-12-16,0.35716393688019576
Long An,2020-12-17,0.1371316880089144
Long An,2020-12-18,3.439823439381564
Long An,2020-12-19,12.88365586518083
Long An,2020-12-20,4.208273441625832
Long An,2020-12-21,2.5476070166159785
Long An,2020-12-22,21.386456436489226
Long An,2020-12-23,2.272844660942751
Long An,2020-12-24,0.004492161879660641
Long An,2020-12-25,0
Long An,2020-12-26,0
Long An,2020-12-27,0.4542028527520195
Long An,2020-12-28,1.1181963161158721
Long An,2020-12-29,0.2428769519770553
Long An,2020-12-30,9.69566667103656
Long An,2020-12-31,1.7360966288295039
Long An,2021-01-01,0.5321557889560021
Long An,2021-01-02,0
Long An,2021-01-03,0.002901242855551074
Long An,2021-01-04,0.3212722524719575
Long An,2021-01-05,0.777145700336929
Long An,2021-01-06,0.04994939175745011
Long An,2021-01-07,0
Long An,2021-01-08,0.640274353654686
Long An,2021-01-09,0
Long An,2021-01-10,0.12873957249452742
Long An,2021-01-11,0
Long An,2021-01-12,0.2794704117078166
Long An,2021-01-13,0.7607031581147632
Long An,2021-01-14,0.0007343896001436402
Long An,2021-01-15,0
Long An,2021-01-16,0.2995843969363791
Long An,2021-01-17,0
Long An,2021-01-18,0.705452823797627
Long An,2021-01-19,0.7459835020332131
Long An,2021-01-20,0.8270996115704168
Long An,2021-01-21,0.18597879566255585
Long An,2021-01-22,0
Long An,2021-01-23,0
Long An,2021-01-24,0
Long An,2021-01-25,0.12233481448705956
Long An,2021-01-26,0.19991816909742027
Long An,2021-01-27,1.116365356991768
Long An,2021-01-28,0.1401579848360343
Long An,2021-01-29,0
Long An,2021-01-30,0
Long An,2021-01-31,0.005712684278284644
Long An,2021-02-01,0.5858650500803115
Long An,2021-02-02,0
Long An,2021-02-03,0
Long An,2021-02-04,0
Long An,2021-02-05,0
Long An,2021-02-06,0
Long An,2021-02-07,0.07284301803006853
Long An,2021-02-08,0.014058222164731416
Long An,2021-02-09,0
Long An,2021-02-10,0
Long An,2021-02-11,1.4528003695301057
Long An,2021-02-12,0
Long An,2021-02-13,0
Long An,2021-02-14,0
Long An,2021-02-15,0
Long An,2021-02-16,0
Long An,2021-02-17,0
Long An,2021-02-18,0.4201863281285763
Long An,2021-02-19,0
Long An,2021-02-20,0
Long An,2021-02-21,0.7139853780947691
Long An,2021-02-22,0.810117745185649
Long An,2021-02-23,0.004963821243011457
Long An,2021-02-24,0.008987082145774367
Long An,2021-02-25,1.3194022440242323
Long An,2021-02-26,0
Long An,2021-02-27,0
Long An,2021-02-28,0.6918043490537454
Long An,2021-03-01,0.0005951808350612715
Long An,2021-03-02,0
Long An,2021-03-03,0
Long An,2021-03-04,0
Long An,2021-03-05,0
Long An,2021-03-06,0
Long An,2021-03-07,0
Long An,2021-03-08,0
Long An,2021-03-09,2.058195558268744
Long An,2021-03-10,0.18988847378633797
Long An,2021-03-11,0.003433762675710155
Long An,2021-03-12,0
Long An,2021-03-13,0
Long An,2021-03-14,0
Long An,2021-03-15,0
Long An,2021-03-16,0
Long An,2021-03-17,0
Long An,2021-03-18,0
Long An,2021-03-19,0
Long An,2021-03-20,0
Long An,2021-03-21,0
Long An,2021-03-22,0
Long An,2021-03-23,0.08640226387692329
Long An,2021-03-24,1.0683143105816462
Long An,2021-03-25,0
Long An,2021-03-26,0.0029798636006462846
Long An,2021-03-27,2.5651431692955815
Long An,2021-03-28,0
Long An,2021-03-29,0
Long An,2021-03-30,0
Long An,2021-03-31,0
Long An,2021-04-01,0
Long An,2021-04-02,12.273309931434278
Long An,2021-04-03,0.6970765228592378
Long An,2021-04-04,0.7609512472339489
Long An,2021-04-05,0.1649016464493215
Long An,2021-04-06,0
Long An,2021-04-07,0
Long An,2021-04-08,0.6028773192864972
Long An,2021-04-09,3.1622371897272052
Long An,2021-04-10,3.889314779171214
Long An,2021-04-11,0
Long An,2021-04-12,2.571034287137705
Long An,2021-04-13,0
Long An,2021-04-14,25.344528127225413
Long An,2021-04-15,8.143942625540625
Long An,2021-04-16,13.569122684152726
Long An,2021-04-17,4.58978552754916
Long An,2021-04-18,8.10930767261211
Long An,2021-04-19,11.203982969253968
Long An,2021-04-20,5.650316719129155
Long An,2021-04-21,29.899751010400706
Long An,2021-04-22,26.10846913195899
Long An,2021-04-23,23.343028103877362
Long An,2021-04-24,3.3699954296082586
Long An,2021-04-25,5.612957914897405
Long An,2021-04-26,3.371076767620008
Long An,2021-04-27,6.44922563612452
Long An,2021-04-28,2.3133008168212625
Long An,2021-04-29,0.31642647255375134
Long An,2021-04-30,0
Long An,2021-05-01,0.38299385252394724
Long An,2021-05-02,0
Long An,2021-05-03,0
Long An,2021-05-04,0.8476482555198431
Long An,2021-05-05,1.7025128465200292
Long An,2021-05-06,6.239752020257478
Long An,2021-05-07,9.144218853339115
Long An,2021-05-08,8.610018597050493
Long An,2021-05-09,2.0349122180588446
Long An,2021-05-10,0
Long An,2021-05-11,0.20399961427363505
Long An,2021-05-12,7.419490446872189
Long An,2021-05-13,1.9424514688702772
Long An,2021-05-14,8.1244429983646
Long An,2021-05-15,10.094561520906575
Long An,2021-05-16,4.28018276026841
Long An,2021-05-17,37.966584039771924
Long An,2021-05-18,11.478836033747887
Long An,2021-05-19,10.759123716246386
Long An,2021-05-20,4.949740827827385
Long An,2021-05-21,23.075390431889065
Long An,2021-05-22,11.333745457302971
Long An,2021-05-23,25.777085618232395
Long An,2021-05-24,20.604155127797377
Long An,2021-05-25,20.326849903522803
Long An,2021-05-26,11.62395207558229
Long An,2021-05-27,7.885437192256309
Long An,2021-05-28,1.590550202340887
Long An,2021-05-29,5.202454795882106
Long An,2021-05-30,0
Long An,2021-05-31,2.550202908225352
Long An,2021-06-01,4.984522507185043
Long An,2021-06-02,8.438129399833686
Long An,2021-06-03,3.16725182685341
Long An,2021-06-04,0
Long An,2021-06-05,10.496064544364517
Long An,2021-06-06,16.53646894971935
Long An,2021-06-07,10.44999483091537
Long An,2021-06-08,11.525981600851699
Long An,2021-06-09,2.123115774157235
Long An,2021-06-10,2.089050868247536
Long An,2021-06-11,12.848728416497748
Long An,2021-06-12,4.026775639668377
Long An,2021-06-13,1.9680136982286558
Long An,2021-06-14,4.349379787323815
Long An,2021-06-15,14.51379076112136
Long An,2021-06-16,2.1736963990897227
Long An,2021-06-17,9.775191310624837
Long An,2021-06-18,1.8974742376732145
Long An,2021-06-19,6.332950243458656
Long An,2021-06-20,1.653783725899666
Long An,2021-06-21,2.5370833470872975
Long An,2021-06-22,2.478178691643554
Long An,2021-06-23,5.912745002698082
Long An,2021-06-24,0.34553339937379884
Long An,2021-06-25,2.530647074531444
Long An,2021-06-26,0.14092052827211793
Long An,2021-06-27,0.18132431693532197
Long An,2021-06-28,0.04934411846118348
Long An,2021-06-29,5.621500617799118
Long An,2021-06-30,4.6596704202578225
Long An,2021-07-01,1.999819747919743
Long An,2021-07-02,0.08389143431522726
Long An,2021-07-03,7.726774715367326
Long An,2021-07-04,11.157304483931902
Long An,2021-07-05,13.798897907835421
Long An,2021-07-06,18.65608719202108
Long An,2021-07-07,13.23670171290504
Long An,2021-07-08,8.116027363818581
Long An,2021-07-09,3.3463902883546615
Long An,2021-07-10,1.268812463581518
Long An,2021-07-11,2.3750464824523907
Long An,2021-07-12,9.27181358250035
Long An,2021-07-13,20.06030172183985
Long An,2021-07-14,15.132103678007377
Long An,2021-07-15,20.04612531674032
Long An,2021-07-16,0.5972145997578999
Long An,2021-07-17,2.3564120508908544
Long An,2021-07-18,11.919255434939853
Long An,2021-07-19,3.8589354056722476
Long An,2021-07-20,1.1560535079243481
Long An,2021-07-21,1.535586948281892
Long An,2021-07-22,6.6330733822185035
Long An,2021-07-23,11.22351543779699
Long An,2021-07-24,4.053765482969787
Long An,2021-07-25,0
Long An,2021-07-26,0
Long An,2021-07-27,5.577261650729931
Long An,2021-07-28,3.0747990006542563
Long An,2021-07-29,14.703579838654212
Long An,2021-07-30,0.12139603106666658
Long An,2021-07-31,8.304677234431564
Long An,2021-08-01,4.58090754204839
Long An,2021-08-02,0.04867155724042909
Long An,2021-08-03,14.541329596798374
Long An,2021-08-04,5.125334247660639
Long An,2021-08-05,0.05903251842852414
Long An,2021-08-06,0
Long An,2021-08-07,4.459220571120299
Long An,2021-08-08,3.7435052810679483
Long An,2021-08-09,4.5597034369192935
Long An,2021-08-10,8.175544194436833
Long An,2021-08-11,4.681445452179945
Long An,2021-08-12,0.4202811045532253
Long An,2021-08-13,8.533434945014875
Long An,2021-08-14,11.559443288103672
Long An,2021-08-15,10.842205633368279
Long An,2021-08-16,5.432058769616699
Long An,2021-08-17,8.113330217146626
Long An,2021-08-18,5.607985231856422
Long An,2021-08-19,3.7799267148891977
Long An,2021-08-20,4.330001505273631
Long An,2021-08-21,1.3487604006468814
Long An,2021-08-22,12.640795708917212
Long An,2021-08-23,17.192573850077665
Long An,2021-08-24,12.108653250973344
Long An,2021-08-25,10.928275090537282
Long An,2021-08-26,7.396199194800507
Long An,2021-08-27,7.874339265119524
Long An,2021-08-28,11.631030229951715
Long An,2021-08-29,7.697268868495973
Long An,2021-08-30,11.536584479853873
Long An,2021-08-31,10.57538616593212
Long An,2021-09-01,8.903099341380166
Long An,2021-09-02,14.9068079730435
Long An,2021-09-03,17.510024038732183
Long An,2021-09-04,10.142239698117189
Long An,2021-09-05,16.640129796696073
Long An,2021-09-06,0.9338692593277006
Long An,2021-09-07,16.16427541430799
Long An,2021-09-08,2.8670785761203064
Long An,2021-09-09,8.267751819745158
Long An,2021-09-10,16.61711489818219
Long An,2021-09-11,6.556549923334067
Long An,2021-09-12,3.7672114579700406
Long An,2021-09-13,12.3555568113482
Long An,2021-09-14,14.381244320333511
Long An,2021-09-15,1.743469895007852
Long An,2021-09-16,9.785561117122308
Long An,2021-09-17,9.578428820961129
Long An,2021-09-18,17.76841959207928
Long An,2021-09-19,7.728276072004898
Long An,2021-09-20,0.0002578935276352305
Long An,2021-09-21,8.140133209262606
Long An,2021-09-22,11.410757081598808
Long An,2021-09-23,9.090379747412262
Long An,2021-09-24,18.725541006454993
Long An,2021-09-25,14.700992454116136
Long An,2021-09-26,11.223478543528492
Long An,2021-09-27,0.9127452430814101
Long An,2021-09-28,8.44957631474149
Long An,2021-09-29,13.26816553930608
Long An,2021-09-30,11.38194259674256
Long An,2021-10-01,14.843989484269681
Long An,2021-10-02,15.328018163256317
Long An,2021-10-03,7.3958989455200355
Long An,2021-10-04,16.330655835319327
Long An,2021-10-05,14.779700979237974
Long An,2021-10-06,22.091041881179393
Long An,2021-10-07,20.6762912968316
Long An,2021-10-08,0.5438554915727803
Long An,2021-10-09,15.878033500784396
Long An,2021-10-10,13.281576416728694
Long An,2021-10-11,22.900327977952692
Long An,2021-10-12,2.292787294145515
Long An,2021-10-13,11.274698114096092
Long An,2021-10-14,17.738283515770053
Long An,2021-10-15,17.899993504167185
Long An,2021-10-16,10.928865617563543
Long An,2021-10-17,4.752633880641651
Long An,2021-10-18,2.291441583289464
Long An,2021-10-19,2.8949793355177476
Long An,2021-10-20,19.07030315497561
Long An,2021-10-21,11.577545901087273
Long An,2021-10-22,12.969296919503169
Long An,2021-10-23,13.25143633393199
Long An,2021-10-24,8.579619601975232
Long An,2021-10-25,4.0145908410338045
Long An,2021-10-26,16.1950109193131
Long An,2021-10-27,7.24955946192375
Long An,2021-10-28,0
Long An,2021-10-29,17.574523848905933
Long An,2021-10-30,5.486866610959447
Long An,2021-10-31,4.471167680439916
Long An,2021-11-01,3.5799892188297378
Long An,2021-11-02,0.4160024698100225
Long An,2021-11-03,12.138369698468242
Long An,2021-11-04,0
Long An,2021-11-05,2.341598526710247
Long An,2021-11-06,5.454218858306815
Long An,2021-11-07,1.6255174024369574
Long An,2021-11-08,1.6890625961022994
Long An,2021-11-09,5.602121313211406
Long An,2021-11-10,12.582742225123834
Long An,2021-11-11,15.96219371751643
Long An,2021-11-12,3.6786237238316883
Long An,2021-11-13,2.213092665779573
Long An,2021-11-14,4.604571527542604
Long An,2021-11-15,8.413711060124077
Long An,2021-11-16,3.7962856356387604
Long An,2021-11-17,4.845739304482263
Long An,2021-11-18,3.4985805400856633
Long An,2021-11-19,0.018453493456937583
Long An,2021-11-20,6.966994755485341
Long An,2021-11-21,0.09668924522261095
Long An,2021-11-22,4.262877904770961
Long An,2021-11-23,2.858504275977198
Long An,2021-11-24,4.619813890282521
Long An,2021-11-25,1.0340840038201662
Long An,2021-11-26,3.47346139742104
Long An,2021-11-27,8.762635043142042
Long An,2021-11-28,9.130376761640248
Long An,2021-11-29,8.950344720557656
Long An,2021-11-30,8.007492887777051
Long An,2021-12-01,0.23928527649181935
Long An,2021-12-02,2.205681479051966
Long An,2021-12-03,0.012414115782548934
Long An,2021-12-04,1.418508724038095
Long An,2021-12-05,0
Long An,2021-12-06,0
Long An,2021-12-07,2.920709187255365
Long An,2021-12-08,0
Long An,2021-12-09,0.08392988138940458
Long An,2021-12-10,0
Long An,2021-12-11,0
Long An,2021-12-12,0
Long An,2021-12-13,0.18276293626700485
Long An,2021-12-14,0
Long An,2021-12-15,0
Long An,2021-12-16,0.04210027098724595
Long An,2021-12-17,2.8334367321881713
Long An,2021-12-18,0
Long An,2021-12-19,0
Long An,2021-12-20,0
Long An,2021-12-21,0
Long An,2021-12-22,0.14652511854536535
Long An,2021-12-23,0.06045502357260001
Long An,2021-12-24,0.046381317346190304
Long An,2021-12-25,0.3169021328879729
Long An,2021-12-26,0
Long An,2021-12-27,0.19177479777536885
Long An,2021-12-28,1.8861107830034836
Long An,2021-12-29,0.06783102511920741
Long An,2021-12-30,6.098146244915116
Long An,2021-12-31,0
Long An,2022-01-01,0
Long An,2022-01-02,0.1607915229509949
Long An,2022-01-03,0.02646367162917049
Long An,2022-01-04,0
Long An,2022-01-05,0.3085874029492809
Long An,2022-01-06,0
Long An,2022-01-07,0
Long An,2022-01-08,0
Long An,2022-01-09,0
Long An,2022-01-10,0
Long An,2022-01-11,0
Long An,2022-01-12,0
Long An,2022-01-13,0.11291294970657632
Long An,2022-01-14,0
Long An,2022-01-15,0.30471865198312603
Long An,2022-01-16,0
Long An,2022-01-17,0
Long An,2022-01-18,0
Long An,2022-01-19,0
Long An,2022-01-20,0
Long An,2022-01-21,0
Long An,2022-01-22,0
Long An,2022-01-23,0
Long An,2022-01-24,0
Long An,2022-01-25,1.0093787797099174
Long An,2022-01-26,0
Long An,2022-01-27,0
Long An,2022-01-28,0
Long An,2022-01-29,0
Long An,2022-01-30,1.8251879270661737
Long An,2022-01-31,0
Long An,2022-02-01,0
Long An,2022-02-02,0
Long An,2022-02-03,0.0025256711654501416
Long An,2022-02-04,0.04611791222544422
Long An,2022-02-05,0
Long An,2022-02-06,0.014611018087008673
Long An,2022-02-07,0
Long An,2022-02-08,0.6249387545134404
Long An,2022-02-09,0.017736272158265825
Long An,2022-02-10,0.016482372655094675
Long An,2022-02-11,0.1753104090392073
Long An,2022-02-12,0.06355786017352567
Long An,2022-02-13,0.3052967665025476
Long An,2022-02-14,0.9833304443782741
Long An,2022-02-15,0
Long An,2022-02-16,0
Long An,2022-02-17,0
Long An,2022-02-18,0
Long An,2022-02-19,0
Long An,2022-02-20,0
Long An,2022-02-21,0.5655043726774334
Long An,2022-02-22,3.837442357416276
Long An,2022-02-23,2.9745587789429835
Long An,2022-02-24,1.846941724282125
Long An,2022-02-25,0.4269775597209527
Long An,2022-02-26,0.003195178760348604
Long An,2022-02-27,0
Long An,2022-02-28,0
Long An,2022-03-01,0
Long An,2022-03-02,2.1262384387543993
Long An,2022-03-03,0
Long An,2022-03-04,0
Long An,2022-03-05,1.6325137770546678
Long An,2022-03-06,0
Long An,2022-03-07,3.0990899491972024
Long An,2022-03-08,0
Long An,2022-03-09,0
Long An,2022-03-10,0.013083029261302679
Long An,2022-03-11,0
Long An,2022-03-12,0.8117112852091579
Long An,2022-03-13,0
Long An,2022-03-14,0.933980000703164
Long An,2022-03-15,0
Long An,2022-03-16,0
Long An,2022-03-17,0
Long An,2022-03-18,3.6299777477580975
Long An,2022-03-19,0.7596039574780452
Long An,2022-03-20,3.5255417685238357
Long An,2022-03-21,1.6027027144053718
Long An,2022-03-22,5.77298729779334
Long An,2022-03-23,1.8279738132465622
Long An,2022-03-24,0
Long An,2022-03-25,0
Long An,2022-03-26,0
Long An,2022-03-27,6.400657909476145
Long An,2022-03-28,10.596410871309896
Long An,2022-03-29,4.878771934784036
Long An,2022-03-30,19.504800447487547
Long An,2022-03-31,19.622297143647312
Long An,2022-04-01,7.552703068046584
Long An,2022-04-02,4.864205087542
Long An,2022-04-03,2.459686295157766
Long An,2022-04-04,5.39483752641376
Long An,2022-04-05,6.618848159594443
Long An,2022-04-06,5.78133004303524
Long An,2022-04-07,1.6303715787140787
Long An,2022-04-08,0
Long An,2022-04-09,0.057384698704657275
Long An,2022-04-10,0.3341338653832272
Long An,2022-04-11,2.718933477372952
Long An,2022-04-12,0
Long An,2022-04-13,0.8895580227870709
Long An,2022-04-14,4.66365131831934
Long An,2022-04-15,8.6585603745905
Long An,2022-04-16,17.347734660501537
Long An,2022-04-17,0.18916874942939987
Long An,2022-04-18,1.916752801529055
Long An,2022-04-19,0.133453876556437
Long An,2022-04-20,5.194243951152965
Long An,2022-04-21,0
Long An,2022-04-22,0
Long An,2022-04-23,2.522809390756973
Long An,2022-04-24,5.40344919516449
Long An,2022-04-25,0.014888364486532664
Long An,2022-04-26,7.628044264388873
Long An,2022-04-27,1.8688745736621621
Long An,2022-04-28,3.3878622936741634
Long An,2022-04-29,14.789410961559955
Long An,2022-04-30,12.099964713092923
Long An,2022-05-01,10.193558470410167
Long An,2022-05-02,10.245609753670617
Long An,2022-05-03,13.674953497885822
Long An,2022-05-04,14.9516437882907
Long An,2022-05-05,4.151609430370472
Long An,2022-05-06,3.5830070700388554
Long An,2022-05-07,0.3122093943501967
Long An,2022-05-08,5.015316050674066
Long An,2022-05-09,4.6210426868275105
Long An,2022-05-10,5.716427131503331
Long An,2022-05-11,5.848491828264383
Long An,2022-05-12,6.352292246819465
Long An,2022-05-13,4.270952737388295
Long An,2022-05-14,1.1508560707727378
Long An,2022-05-15,10.872075755204392
Long An,2022-05-16,15.542952637264277
Long An,2022-05-17,6.951956748855235
Long An,2022-05-18,10.013067983943595
Long An,2022-05-19,8.42361909841164
Long An,2022-05-20,8.14430727001106
Long An,2022-05-21,7.296340596699092
Long An,2022-05-22,11.794097382222278
Long An,2022-05-23,0.0068784735505360815
Long An,2022-05-24,0.4779975589470581
Long An,2022-05-25,0.5913457663495717
Long An,2022-05-26,12.947694777850408
Long An,2022-05-27,9.425105102054214
Long An,2022-05-28,5.373055837444203
Long An,2022-05-29,7.4086234205279835
Long An,2022-05-30,7.757254773320836
Long An,2022-05-31,3.2810513006477056
Long An,2022-06-01,6.641245696073057
Long An,2022-06-02,14.106580975820211
Long An,2022-06-03,8.49092838696777
Long An,2022-06-04,5.593072230247539
Long An,2022-06-05,0.0486167078620984
Long An,2022-06-06,9.7172220892157
Long An,2022-06-07,4.870182634249655
Long An,2022-06-08,1.5361246196458023
Long An,2022-06-09,12.601238982364487
Long An,2022-06-10,5.124497196961611
Long An,2022-06-11,6.834896820329806
Long An,2022-06-12,8.022467805439101
Long An,2022-06-13,0.7859731692688505
Long An,2022-06-14,0
Long An,2022-06-15,5.519076732197109
Long An,2022-06-16,5.156284544825614
Long An,2022-06-17,5.334434024030036
Long An,2022-06-18,5.184091889860032
Long An,2022-06-19,5.97314050485986
Long An,2022-06-20,5.918979705228454
Long An,2022-06-21,12.018389163915135
Long An,2022-06-22,10.292146373553956
Long An,2022-06-23,12.53416888205911
Long An,2022-06-24,10.1773107241435
Long An,2022-06-25,4.289246852360306
Long An,2022-06-26,9.24752034916244
Long An,2022-06-27,8.841248017640991
Long An,2022-06-28,7.126552140601233
Long An,2022-06-29,10.993600558095572
Long An,2022-06-30,13.43232874806102
Long An,2022-07-01,7.514437884137621
Long An,2022-07-02,15.409220028572715
Long An,2022-07-03,13.249314084011498
Long An,2022-07-04,5.074517703433465
Long An,2022-07-05,0.21576351438570637
Long An,2022-07-06,6.036222456732407
Long An,2022-07-07,19.605929455213854
Long An,2022-07-08,16.816388300024038
Long An,2022-07-09,4.091631884934058
Long An,2022-07-10,0.08909233216719464
Long An,2022-07-11,0.0664578868743734
Long An,2022-07-12,8.35697733773901
Long An,2022-07-13,0.1020204537116761
Long An,2022-07-14,1.884673167444689
Long An,2022-07-15,11.96982794048449
Long An,2022-07-16,4.482638029675669
Long An,2022-07-17,6.301289144777195
Long An,2022-07-18,10.32366647874251
Long An,2022-07-19,11.703314879120276
Long An,2022-07-20,18.381840249518852
Long An,2022-07-21,15.778406184463538
Long An,2022-07-22,8.438907123958742
Long An,2022-07-23,11.589187612190427
Long An,2022-07-24,0.5131750454036424
Long An,2022-07-25,4.857025894712191
Long An,2022-07-26,12.682285745767661
Long An,2022-07-27,8.155548161575833
Long An,2022-07-28,1.4508579029362585
Long An,2022-07-29,5.110006596316964
Long An,2022-07-30,16.023979776457125
Long An,2022-07-31,19.723719434804092
Long An,2022-08-01,19.161200930778854
Long An,2022-08-02,6.415168885695395
Long An,2022-08-03,12.298023429119322
Long An,2022-08-04,4.558930232300892
Long An,2022-08-05,7.515250964167696
Long An,2022-08-06,12.572191866082248
Long An,2022-08-07,11.615528321913777
Long An,2022-08-08,3.066355199963267
Long An,2022-08-09,0.09424837308350603
Long An,2022-08-10,3.858513024870942
Long An,2022-08-11,8.080131870250094
Long An,2022-08-12,4.4506535137089305
Long An,2022-08-13,0
Long An,2022-08-14,0.23919894871395025
Long An,2022-08-15,7.427100252208523
Long An,2022-08-16,10.936149166923453
Long An,2022-08-17,3.3991186034483207
Long An,2022-08-18,5.3015070222323795
Long An,2022-08-19,7.473751695523688
Long An,2022-08-20,7.852144823940061
Long An,2022-08-21,4.25799996294733
Long An,2022-08-22,6.02230626228199
Long An,2022-08-23,7.571153215095478
Long An,2022-08-24,8.046273049080593
Long An,2022-08-25,7.669721490622015
Long An,2022-08-26,9.327604212839827
Long An,2022-08-27,2.7967505465682887
Long An,2022-08-28,6.746557303325587
Long An,2022-08-29,0.5147827433412998
Long An,2022-08-30,7.84634707946147
Long An,2022-08-31,3.1091643517121303
Long An,2022-09-01,3.4782555275332445
Long An,2022-09-02,17.858924889514
Long An,2022-09-03,8.21130214682303
Long An,2022-09-04,12.328474145303144
Long An,2022-09-05,8.226620907229195
Long An,2022-09-06,21.113024047237623
Long An,2022-09-07,11.549589365949762
Long An,2022-09-08,0
Long An,2022-09-09,3.226329517623748
Long An,2022-09-10,2.0922158366771018
Long An,2022-09-11,13.273328407141602
Long An,2022-09-12,12.404752854137977
Long An,2022-09-13,1.8252682154450985
Long An,2022-09-14,2.4084764149665694
Long An,2022-09-15,8.390261628667117
Long An,2022-09-16,11.775208091023423
Long An,2022-09-17,9.504141975034496
Long An,2022-09-18,12.704435537534996
Long An,2022-09-19,3.0651939730241176
Long An,2022-09-20,7.191767425992729
Long An,2022-09-21,6.529495336122537
Long An,2022-09-22,14.2524125092895
Long An,2022-09-23,9.602509034175233
Long An,2022-09-24,6.542120036739186
Long An,2022-09-25,13.313198317056418
Long An,2022-09-26,6.504647480272603
Long An,2022-09-27,4.371259398104079
Long An,2022-09-28,8.3482242214978
Long An,2022-09-29,10.632815564356706
Long An,2022-09-30,15.210559085362659
Long An,2022-10-01,12.875969137857926
Long An,2022-10-02,14.255653356270306
Long An,2022-10-03,14.13425147982247
Long An,2022-10-04,3.164378987045744
Long An,2022-10-05,18.526266458178988
Long An,2022-10-06,6.121452378722484
Long An,2022-10-07,9.093461570966534
Long An,2022-10-08,20.47834064839074
Long An,2022-10-09,20.722905888924156
Long An,2022-10-10,10.616821182297482
Long An,2022-10-11,11.603664717585158
Long An,2022-10-12,12.623415146730554
Long An,2022-10-13,7.464811237639317
Long An,2022-10-14,13.638857276786835
Long An,2022-10-15,0
Long An,2022-10-16,0
Long An,2022-10-17,0.08569310420246223
Long An,2022-10-18,4.349754536064367
Long An,2022-10-19,18.96592237129841
Long An,2022-10-20,14.24580081887726
Long An,2022-10-21,0.1356842734077343
Long An,2022-10-22,5.4690791162440915
Long An,2022-10-23,18.19041138309336
Long An,2022-10-24,20.42335767820888
Long An,2022-10-25,15.31317940952256
Long An,2022-10-26,4.044482077716131
Long An,2022-10-27,26.195137679264302
Long An,2022-10-28,13.212402768054348
Long An,2022-10-29,2.993385468773672
Long An,2022-10-30,1.100659963531893
Long An,2022-10-31,0
Long An,2022-11-01,0.86801382953315
Long An,2022-11-02,0
Long An,2022-11-03,3.9787437149651588
Long An,2022-11-04,8.918999940866925
Long An,2022-11-05,0
Long An,2022-11-06,10.237769001183816
Long An,2022-11-07,2.6126980951569845
Long An,2022-11-08,0.6767244365015816
Long An,2022-11-09,0.34962587379634064
Long An,2022-11-10,3.1944927269701213
Long An,2022-11-11,0.05224869865631083
Long An,2022-11-12,4.886128811301525
Long An,2022-11-13,2.797231005444485
Long An,2022-11-14,0.63228720399895
Long An,2022-11-15,4.981821527107317
Long An,2022-11-16,4.648455900225207
Long An,2022-11-17,3.4805542086515926
Long An,2022-11-18,7.827988482136037
Long An,2022-11-19,29.431540449309793
Long An,2022-11-20,23.5481071344995
Long An,2022-11-21,17.632338347210762
Long An,2022-11-22,27.033475858156436
Long An,2022-11-23,4.536989526294063
Long An,2022-11-24,2.7599524695205906
Long An,2022-11-25,1.2152583220786906
Long An,2022-11-26,7.362695924952876
Long An,2022-11-27,1.23014902743976
Long An,2022-11-28,0
Long An,2022-11-29,0
Long An,2022-11-30,2.172161672006066
Long An,2022-12-01,5.6114303317823575
Long An,2022-12-02,8.496535991994172
Long An,2022-12-03,24.239565925730428
Long An,2022-12-04,0.3986530071655292
Long An,2022-12-05,3.243673161770981
Long An,2022-12-06,2.2671623320894807
Long An,2022-12-07,4.277972342028021
Long An,2022-12-08,0.1624941284820492
Long An,2022-12-09,0.015696742767906856
Long An,2022-12-10,0.12455079027529581
Long An,2022-12-11,0
Long An,2022-12-12,0.00034133074113610717
Long An,2022-12-13,0
Long An,2022-12-14,0
Long An,2022-12-15,0
Long An,2022-12-16,2.0581869065599543
Long An,2022-12-17,2.396483810364035
Long An,2022-12-18,0.005774684070624801
Long An,2022-12-19,0
Long An,2022-12-20,0.013871962705849913
Long An,2022-12-21,0.2502758062920007
Long An,2022-12-22,0
Long An,2022-12-23,0
Long An,2022-12-24,0.3908872996605653
Long An,2022-12-25,0.010244605529440749
Long An,2022-12-26,1.7120678413148769
Long An,2022-12-27,0.10081136669871023
Long An,2022-12-28,0.30131737779064505
Long An,2022-12-29,0.11607735628973948
Long An,2022-12-30,0
Long An,2022-12-31,1.898568755330338
Long An,2023-01-01,0.011921559467577779
Long An,2023-01-02,0.09819607825747612
Long An,2023-01-03,0
Long An,2023-01-04,2.247895489944605
Long An,2023-01-05,4.89132169177698
Long An,2023-01-06,3.7585093688979136
Long An,2023-01-07,2.0437938994481937
Long An,2023-01-08,0.17734154180273087
Long An,2023-01-09,1.9458862877879057
Long An,2023-01-10,7.796712480420855
Long An,2023-01-11,0
Long An,2023-01-12,0.7544547710142312
Long An,2023-01-13,0
Long An,2023-01-14,0
Long An,2023-01-15,0
Long An,2023-01-16,0
Long An,2023-01-17,0
Long An,2023-01-18,0.4881225856213095
Long An,2023-01-19,0
Long An,2023-01-20,0.004226980604546005
Long An,2023-01-21,0.009901950624662275
Long An,2023-01-22,0.5776327561657505
Long An,2023-01-23,0.18236389866241456
Long An,2023-01-24,0.0021256752043146603
Long An,2023-01-25,0.02393362790249822
Long An,2023-01-26,0.07593742349600506
Long An,2023-01-27,0.08767137028062107
Long An,2023-01-28,0.3174189894995325
Long An,2023-01-29,0
Long An,2023-01-30,0.000839275449189695
Long An,2023-01-31,0
Long An,2023-02-01,0.10423928914243336
Long An,2023-02-02,0.1465396135672281
Long An,2023-02-03,0.14379180796115418
Long An,2023-02-04,0
Long An,2023-02-05,0
Long An,2023-02-06,0
Long An,2023-02-07,1.0073916822108622
Long An,2023-02-08,0.2648667219390981
Long An,2023-02-09,0
Long An,2023-02-10,0
Long An,2023-02-11,0
Long An,2023-02-12,0
Long An,2023-02-13,0.2182229336265597
Long An,2023-02-14,7.064502984755498
Long An,2023-02-15,0.16275580795525857
Long An,2023-02-16,0.015114758816347969
Long An,2023-02-17,0
Long An,2023-02-18,0
Long An,2023-02-19,0.09720656416535023
Long An,2023-02-20,0
Long An,2023-02-21,0.01836527011638385
Long An,2023-02-22,0
Long An,2023-02-23,0.004034420815168193
Long An,2023-02-24,0
Long An,2023-02-25,0
Long An,2023-02-26,0
Long An,2023-02-27,0.305453351187036
Long An,2023-02-28,0.9660162909696021
Long An,2023-03-01,0.16751002844363017
Long An,2023-03-02,0.47027076525410466
Long An,2023-03-03,0.08744045297904421
Long An,2023-03-04,4.450279678148436
Long An,2023-03-05,0
Long An,2023-03-06,0.03280240431660473
Long An,2023-03-07,0
Long An,2023-03-08,0.28722647348468155
Long An,2023-03-09,0
Long An,2023-03-10,0
Long An,2023-03-11,0
Long An,2023-03-12,0
Long An,2023-03-13,0
Long An,2023-03-14,0.026168834055967104
Long An,2023-03-15,0
Long An,2023-03-16,0
Long An,2023-03-17,0
Long An,2023-03-18,0
Long An,2023-03-19,0
Long An,2023-03-20,0
Long An,2023-03-21,0
Long An,2023-03-22,0
Long An,2023-03-23,0
Long An,2023-03-24,0.001771086385370069
Long An,2023-03-25,0
Long An,2023-03-26,0
Long An,2023-03-27,0
Long An,2023-03-28,0.00663888452906282
Long An,2023-03-29,0
Long An,2023-03-30,0
Long An,2023-03-31,0
Long An,2023-04-01,0.14925999135584653
Long An,2023-04-02,0.3767081339036401
Long An,2023-04-03,4.109385360677643
Long An,2023-04-04,1.4308301574086315
Long An,2023-04-05,0
Long An,2023-04-06,0
Long An,2023-04-07,0
Long An,2023-04-08,0
Long An,2023-04-09,0.086607958131994
Long An,2023-04-10,0
Long An,2023-04-11,0
Long An,2023-04-12,2.71835867923152
Long An,2023-04-13,0.15887558008853433
Long An,2023-04-14,0
Long An,2023-04-15,11.95994966472419
Long An,2023-04-16,13.437791036629195
Long An,2023-04-17,2.112952843153119
Long An,2023-04-18,0
Long An,2023-04-19,0
Long An,2023-04-20,0.4857653842228228
Long An,2023-04-21,1.3009558610126768
Long An,2023-04-22,0.01052154833105049
Long An,2023-04-23,0
Long An,2023-04-24,2.6581789993658558
Long An,2023-04-25,2.4635555596023893
Long An,2023-04-26,0.06355898982819871
Long An,2023-04-27,0.11609682083721859
Long An,2023-04-28,2.5589604442417473
Long An,2023-04-29,1.5240059469264624
Long An,2023-04-30,6.804647144296274
Long An,2023-05-01,0.1640681409910323
Long An,2023-05-02,0.5574273532245122
Long An,2023-05-03,0
Long An,2023-05-04,0
Long An,2023-05-05,1.7356010523353556
Long An,2023-05-06,0.02637728635557338
Long An,2023-05-07,0.5386320666939831
Long An,2023-05-08,11.677554083216489
Long An,2023-05-09,9.211707802361223
Long An,2023-05-10,4.7311840606533435
Long An,2023-05-11,18.656761500328106
Long An,2023-05-12,4.700488242622505
Long An,2023-05-13,3.0086179323608144
Long An,2023-05-14,4.216509247303837
Long An,2023-05-15,8.974201076281151
Long An,2023-05-16,5.645477340703099
Long An,2023-05-17,7.279626409363293
Long An,2023-05-18,6.387461925124991
Long An,2023-05-19,2.3060802485161593
Long An,2023-05-20,6.647879743206575
Long An,2023-05-21,9.481891116478664
Long An,2023-05-22,7.3399125811411645
Long An,2023-05-23,5.423558959278326
Long An,2023-05-24,5.63323656556674
Long An,2023-05-25,7.1395286107278135
Long An,2023-05-26,13.341017980021755
Long An,2023-05-27,8.643273499723438
Long An,2023-05-28,3.140415898582732
Long An,2023-05-29,6.4886801856187555
Long An,2023-05-30,3.9189356148820895
Long An,2023-05-31,8.021808488184405
Long An,2023-06-01,6.892606365540096
Long An,2023-06-02,9.252574631606409
Long An,2023-06-03,4.0726669049584
Long An,2023-06-04,13.832675435883498
Long An,2023-06-05,12.90531521468245
Long An,2023-06-06,5.714483703207757
Long An,2023-06-07,3.6645053789150674
Long An,2023-06-08,13.439914368034806
Long An,2023-06-09,1.2252715796869498
Long An,2023-06-10,4.40375814951457
Long An,2023-06-11,0.31364582014572756
Long An,2023-06-12,9.41760265078278
Long An,2023-06-13,1.0183444861391617
Long An,2023-06-14,0.05117149567771963
Long An,2023-06-15,4.245193856360431
Long An,2023-06-16,5.046001145854952
Long An,2023-06-17,14.415325171505692
Long An,2023-06-18,4.027184036619622
Long An,2023-06-19,0
Long An,2023-06-20,14.915888987980919
Long An,2023-06-21,3.516612602384044
Long An,2023-06-22,9.073791752934481
Long An,2023-06-23,3.1137256718408586
Long An,2023-06-24,3.793096531473173
Long An,2023-06-25,10.174073774440693
Long An,2023-06-26,8.61388363908927
Long An,2023-06-27,15.823932512877304
Long An,2023-06-28,8.4868363402815
Long An,2023-06-29,13.523919531620264
Long An,2023-06-30,15.174473194418798
Long An,2023-07-01,21.885194975805355
Long An,2023-07-02,7.784061301302893
Long An,2023-07-03,14.164895714578337
Long An,2023-07-04,2.448411039192666
Long An,2023-07-05,13.591940727561315
Long An,2023-07-06,6.486953710907012
Long An,2023-07-07,2.0564129568079683
Long An,2023-07-08,8.029572718952688
Long An,2023-07-09,7.677936796910442
Long An,2023-07-10,0.5826135270820451
Long An,2023-07-11,9.903783593745993
Long An,2023-07-12,5.523735876705359
Long An,2023-07-13,14.714176662582812
Long An,2023-07-14,10.47755250830967
Long An,2023-07-15,3.044965018724733
Long An,2023-07-16,22.701226368937196
Long An,2023-07-17,14.044260883870201
Long An,2023-07-18,1.12561091501196
Long An,2023-07-19,10.928744207279442
Long An,2023-07-20,11.287214864833595
Long An,2023-07-21,14.927605028141645
Long An,2023-07-22,9.371220079910808
Long An,2023-07-23,22.663485077789566
Long An,2023-07-24,14.0624836113011
Long An,2023-07-25,9.0287530133418
Long An,2023-07-26,14.978234366727197
Long An,2023-07-27,15.794929538627114
Long An,2023-07-28,19.57640247730368
Long An,2023-07-29,11.204649602701648
Long An,2023-07-30,12.996008574251999
Long An,2023-07-31,14.227304878574529
Long An,2023-08-01,4.6814349597722
Long An,2023-08-02,2.3992573919610423
Long An,2023-08-03,9.58645772436904
Long An,2023-08-04,5.481818886345597
Long An,2023-08-05,1.0129306321938272
Long An,2023-08-06,0
Long An,2023-08-07,2.2324231347160164
Long An,2023-08-08,0
Long An,2023-08-09,0
Long An,2023-08-10,3.1498008704572826
Long An,2023-08-11,0
Long An,2023-08-12,7.99376911386628
Long An,2023-08-13,5.401973365591689
Long An,2023-08-14,12.798293459922952
Long An,2023-08-15,4.64955159257252
Long An,2023-08-16,6.006078551047728
Long An,2023-08-17,11.609696932505882
Long An,2023-08-18,10.049167518254006
Long An,2023-08-19,16.117941613183955
Long An,2023-08-20,8.23139292280489
Long An,2023-08-21,6.316911920220958
Long An,2023-08-22,5.670500281458299
Long An,2023-08-23,0.6434758452484851
Long An,2023-08-24,1.891302069510476
Long An,2023-08-25,4.073349191451557
Long An,2023-08-26,7.11536952813844
Long An,2023-08-27,8.987319728997925
Long An,2023-08-28,10.42335004219033
Long An,2023-08-29,10.289548228606037
Long An,2023-08-30,6.780996264015949
Long An,2023-08-31,11.565756623453414
Long An,2023-09-01,13.823915508793206
Long An,2023-09-02,0.03751194496218475
Long An,2023-09-03,11.89128187699444
Long An,2023-09-04,2.019928898733056
Long An,2023-09-05,5.461002823302119
Long An,2023-09-06,2.31463461841438
Long An,2023-09-07,1.194299301930381
Long An,2023-09-08,12.02781042006202
Long An,2023-09-09,15.704691777957747
Long An,2023-09-10,2.621759765475128
Long An,2023-09-11,0
Long An,2023-09-12,3.41431898902741
Long An,2023-09-13,9.146499894585379
Long An,2023-09-14,15.0396520470345
Long An,2023-09-15,0
Long An,2023-09-16,6.712559707233303
Long An,2023-09-17,10.04506412530517
Long An,2023-09-18,11.06155506906583
Long An,2023-09-19,10.423731732295494
Long An,2023-09-20,6.52614284236866
Long An,2023-09-21,13.62110714700222
Long An,2023-09-22,8.843151562594448
Long An,2023-09-23,11.824930149030116
Long An,2023-09-24,15.536403375378335
Long An,2023-09-25,6.9839058072755975
Long An,2023-09-26,7.66069789223073
Long An,2023-09-27,4.699577944754187
Long An,2023-09-28,1.1218142826627227
Long An,2023-09-29,18.172147003249282
Long An,2023-09-30,8.851287217026805
Long An,2023-10-01,24.04048194841162
Long An,2023-10-02,40.06160533578993
Long An,2023-10-03,0
Long An,2023-10-04,0
Long An,2023-10-05,10.893718747652342
Long An,2023-10-06,4.2931456959011065
Long An,2023-10-07,3.058780386971551
Long An,2023-10-08,3.7084725801890506
Long An,2023-10-09,0.6858227039593466
Long An,2023-10-10,8.176920507442013
Long An,2023-10-11,3.5772099778011164
Long An,2023-10-12,8.993098487357765
Long An,2023-10-13,11.06609079642294
Long An,2023-10-14,14.019887491428817
Long An,2023-10-15,14.658907865732381
Long An,2023-10-16,10.064383433890335
Long An,2023-10-17,11.710782410038588
Long An,2023-10-18,9.586226291552801
Long An,2023-10-19,5.953297553700039
Long An,2023-10-20,1.949291630057037
Long An,2023-10-21,8.967508786345043
Long An,2023-10-22,10.58283798498493
Long An,2023-10-23,10.215375342994019
Long An,2023-10-24,0.49046512391995456
Long An,2023-10-25,7.515510825992033
Long An,2023-10-26,7.840507111342902
Long An,2023-10-27,6.040093005082437
Long An,2023-10-28,8.380723264931373
Long An,2023-10-29,25.02473404512679
Long An,2023-10-30,8.094243726781585
Long An,2023-10-31,11.275787819758445
Long An,2023-11-01,9.236985662701573
Long An,2023-11-02,8.906780105336393
Long An,2023-11-03,16.61313371344578
Long An,2023-11-04,3.1542336770980373
Long An,2023-11-05,16.276978194931765
Long An,2023-11-06,4.389249284120606
Long An,2023-11-07,6.629024045353424
Long An,2023-11-08,2.4786272725283474
Long An,2023-11-09,13.114210582085171
Long An,2023-11-10,3.353481183254866
Long An,2023-11-11,0
Long An,2023-11-12,4.070520677994997
Long An,2023-11-13,10.004497985143352
Long An,2023-11-14,10.350374982889756
Long An,2023-11-15,0.627348411572878
Long An,2023-11-16,5.111795046866411
Long An,2023-11-17,1.4452177354378481
Long An,2023-11-18,0.1670327845286031
Long An,2023-11-19,2.1571113489096665
Long An,2023-11-20,0.9339629728379354
Long An,2023-11-21,0
Long An,2023-11-22,0.36336252641850353
Long An,2023-11-23,3.396634361602516
Long An,2023-11-24,1.7735522639636871
Long An,2023-11-25,2.025331273504324
Long An,2023-11-26,2.9124930993511287
Long An,2023-11-27,0.008991715148636408
Long An,2023-11-28,0.6721223406515192
Long An,2023-11-29,0.9559898195427171
Long An,2023-11-30,0.1755306002477197
Long An,2023-12-01,0.004821363041775948
Long An,2023-12-02,19.354375200490637
Long An,2023-12-03,0.22584064432569287
Long An,2023-12-04,0
Long An,2023-12-05,0
Long An,2023-12-06,0
Long An,2023-12-07,0.19510475215255796
Long An,2023-12-08,3.5138535807324036
Long An,2023-12-09,0.46540499220880566
Long An,2023-12-10,0.38440858215988594
Long An,2023-12-11,0
Long An,2023-12-12,0
Long An,2023-12-13,0.28157387753178426
Long An,2023-12-14,0.03919995588151842
Long An,2023-12-15,0.03328242768301111
Long An,2023-12-16,0
Long An,2023-12-17,0
Long An,2023-12-18,0
Long An,2023-12-19,0
Long An,2023-12-20,0
Long An,2023-12-21,0
Long An,2023-12-22,1.2695017257981747
Long An,2023-12-23,0
Long An,2023-12-24,0.003958516734933279
Long An,2023-12-25,0
Long An,2023-12-26,0
Long An,2023-12-27,0
Long An,2023-12-28,0.3607485087941231
Long An,2023-12-29,0
Long An,2023-12-30,0
Long An,2023-12-31,0
Long An,2024-01-01,0.22952879095488843
Long An,2024-01-02,0
Long An,2024-01-03,1.2147474177740687
Long An,2024-01-04,0
Long An,2024-01-05,0.6667631642352372
Long An,2024-01-06,0.058689654739719724
Long An,2024-01-07,0
Long An,2024-01-08,0.5862864320206059
Long An,2024-01-09,0
Long An,2024-01-10,0
Long An,2024-01-11,0.055412567476568045
Long An,2024-01-12,0.011299677317078033
Long An,2024-01-13,2.259854470880506
Long An,2024-01-14,0.04730241058159525
Long An,2024-01-15,1.652358909183895
Long An,2024-01-16,0.7776221056073702
Long An,2024-01-17,0
Long An,2024-01-18,0
Long An,2024-01-19,0
Long An,2024-01-20,3.6102487750804513
Long An,2024-01-21,0.111237446803896
Long An,2024-01-22,0.007965785096178991
Long An,2024-01-23,0
Long An,2024-01-24,0
Long An,2024-01-25,0.04156650810296406
Long An,2024-01-26,0.49601153542615317
Long An,2024-01-27,0
Long An,2024-01-28,0.03700309988902181
Long An,2024-01-29,0
Long An,2024-01-30,0
Long An,2024-01-31,0
Long An,2024-02-01,0
Long An,2024-02-02,0
Long An,2024-02-03,0
Long An,2024-02-04,0.0001128578398330216
Long An,2024-02-05,0
Long An,2024-02-06,0
Long An,2024-02-07,0
Long An,2024-02-08,0
Long An,2024-02-09,0
Long An,2024-02-10,0
Long An,2024-02-11,0.20982258234987744
Long An,2024-02-12,0
Long An,2024-02-13,0
Long An,2024-02-14,0
Long An,2024-02-15,0
Long An,2024-02-16,0
Long An,2024-02-17,0
Long An,2024-02-18,0
Long An,2024-02-19,0
Long An,2024-02-20,0
Long An,2024-02-21,0
Long An,2024-02-22,0
Long An,2024-02-23,0
Long An,2024-02-24,0.19166572883588975
Long An,2024-02-25,0
Long An,2024-02-26,0
Long An,2024-02-27,0.39691729423523603
Long An,2024-02-28,0
Long An,2024-02-29,0
Long An,2024-03-01,0
Long An,2024-03-02,1.2273404168211008
Long An,2024-03-03,0
Long An,2024-03-04,0
Long An,2024-03-05,0
Long An,2024-03-06,0
Long An,2024-03-07,0.29481147266382957
Long An,2024-03-08,0
Long An,2024-03-09,0
Long An,2024-03-10,0
Long An,2024-03-11,0
Long An,2024-03-12,0.020314785870724127
Long An,2024-03-13,0
Long An,2024-03-14,0
Long An,2024-03-15,0
Long An,2024-03-16,0
Long An,2024-03-17,0
Long An,2024-03-18,0
Long An,2024-03-19,0
Long An,2024-03-20,0.06004310562613741
Long An,2024-03-21,0
Long An,2024-03-22,0
Long An,2024-03-23,0
Long An,2024-03-24,0
Long An,2024-03-25,0
Long An,2024-03-26,0.0668801711018423
Long An,2024-03-27,0
Long An,2024-03-28,6.212705281721882
Long An,2024-03-29,0.006864371968575156
Long An,2024-03-30,0
Long An,2024-03-31,0
Long An,2024-04-01,0
Long An,2024-04-02,1.566334139558484
Long An,2024-04-03,0
Long An,2024-04-04,0
Long An,2024-04-05,0
Long An,2024-04-06,0
Long An,2024-04-07,0
Long An,2024-04-08,2.177759468648585
Long An,2024-04-09,0
Long An,2024-04-10,0
Long An,2024-04-11,0.11664691317384801
Long An,2024-04-12,0.003176688541759271
Long An,2024-04-13,0.6196989198655561
Long An,2024-04-14,0.8558877148199043
Long An,2024-04-15,1.1625698919764166e-05
Long An,2024-04-16,0
Long An,2024-04-17,0
Long An,2024-04-18,0.24478428748431752
Long An,2024-04-19,0
Long An,2024-04-20,0
Long An,2024-04-21,0
Long An,2024-04-22,0
Long An,2024-04-23,0
Long An,2024-04-24,0
Long An,2024-04-25,0.006858744001028262
Long An,2024-04-26,0.0013723259508621256
Long An,2024-04-27,0
Long An,2024-04-28,0
Long An,2024-04-29,0
Long An,2024-04-30,0.020450820646051467
Long An,2024-05-01,0
Long An,2024-05-02,0
Long An,2024-05-03,2.5667132572139857
Long An,2024-05-04,2.0444678556567233
Long An,2024-05-05,8.83215909744284
Long An,2024-05-06,0
Long An,2024-05-07,8.016950086600241
Long An,2024-05-08,5.474416549224305
Long An,2024-05-09,3.360376198637422
Long An,2024-05-10,0.21419787327821066
Long An,2024-05-11,4.26700428635569
Long An,2024-05-12,4.477845301170148
Long An,2024-05-13,9.219905464434712
Long An,2024-05-14,3.419373637807933
Long An,2024-05-15,14.150659356935503
Long An,2024-05-16,7.374920533988856
Long An,2024-05-17,14.630979908878047
Long An,2024-05-18,3.8010816175890367
Long An,2024-05-19,3.9030459352816362
Long An,2024-05-20,41.21028383230471
Long An,2024-05-21,4.733705339944333
Long An,2024-05-22,2.053001571281838
Long An,2024-05-23,8.699509573262446
Long An,2024-05-24,1.0348942580294842
Long An,2024-05-25,3.892808547455063
Long An,2024-05-26,1.3584275114972362
Long An,2024-05-27,6.487025056427996
Long An,2024-05-28,9.570253881690318
Long An,2024-05-29,15.935924185697939
Long An,2024-05-30,11.319190252526129
Long An,2024-05-31,8.969600983868746
Long An,2024-06-01,2.950387038393365
Long An,2024-06-02,0.6119243239251083
Long An,2024-06-03,1.0562475394829076
Long An,2024-06-04,1.163254305734044
Long An,2024-06-05,6.024226931207572
Long An,2024-06-06,5.213556104368864
Long An,2024-06-07,7.057674961370361
Long An,2024-06-08,15.989149322355445
Long An,2024-06-09,3.58129504477698
Long An,2024-06-10,0.08075725134340839
Long An,2024-06-11,5.208421688638743
Long An,2024-06-12,2.6683330545329684
Long An,2024-06-13,0.9082410447423083
Long An,2024-06-14,3.4287231834853524
Long An,2024-06-15,9.897709766783871
Long An,2024-06-16,0.11891560071839331
Long An,2024-06-17,6.272573381609424
Long An,2024-06-18,7.6691713140227185
Long An,2024-06-19,15.601101501012659
Long An,2024-06-20,28.144800126326775
Long An,2024-06-21,20.366646654105395
Long An,2024-06-22,5.609321119666965
Long An,2024-06-23,6.10442191796795
Long An,2024-06-24,7.359674255606904
Long An,2024-06-25,2.7122977382886337
Long An,2024-06-26,5.358890548313022
Long An,2024-06-27,9.833056230470941
Long An,2024-06-28,0.10346566597615545
Long An,2024-06-29,0.22976632162010957
Long An,2024-06-30,0.8412395628371433
Long An,2024-07-01,0.0257167766864747
Long An,2024-07-02,20.72522937018807
Long An,2024-07-03,14.52992337758279
Long An,2024-07-04,18.452446920791772
Long An,2024-07-05,0.03240162476215638
Long An,2024-07-06,9.012859634306007
Long An,2024-07-07,14.148631628512083
Long An,2024-07-08,9.34450017765712
Long An,2024-07-09,19.880655495724792
Long An,2024-07-10,0.030546559595271215
Long An,2024-07-11,8.615410295791547
Long An,2024-07-12,8.94723440946104
Long An,2024-07-13,7.011572271450872
Long An,2024-07-14,1.5835479739982052
Long An,2024-07-15,11.980899886880424
Long An,2024-07-16,5.191518690159511
Long An,2024-07-17,5.030265281491243
Long An,2024-07-18,9.080901857715485
Long An,2024-07-19,16.49793235522667
Long An,2024-07-20,15.533458878011672
Long An,2024-07-21,8.806624972975165
Long An,2024-07-22,16.95210266270461
Long An,2024-07-23,2.4089535714604295
Long An,2024-07-24,3.730814559902802
Long An,2024-07-25,6.1250118902686514
Long An,2024-07-26,0
Long An,2024-07-27,28.236796748319453
Long An,2024-07-28,4.306236921458745
Long An,2024-07-29,3.043673472860812
Long An,2024-07-30,4.014079267055646
Long An,2024-07-31,16.569110897020693
Long An,2024-08-01,2.769362204128802
Long An,2024-08-02,12.192924217904368
Long An,2024-08-03,15.623571006455492
Long An,2024-08-04,9.893750690669316
Long An,2024-08-05,2.6823389291758204
Long An,2024-08-06,9.935207420634619
Long An,2024-08-07,2.0562614239880674
Long An,2024-08-08,0.08645551585230499
Long An,2024-08-09,9.589078067903941
Long An,2024-08-10,2.59972216280798
Long An,2024-08-11,2.4066129782961316
Long An,2024-08-12,8.56334339598403
Long An,2024-08-13,5.75938315527185
Long An,2024-08-14,5.515030213717351
Long An,2024-08-15,3.8340821515110703
Long An,2024-08-16,7.572091897405243
Long An,2024-08-17,3.5651530569124685
Long An,2024-08-18,0
Long An,2024-08-19,0.12924592327425014
Long An,2024-08-20,0.7662532087461309
Long An,2024-08-21,2.582681491051475
Long An,2024-08-22,3.0443107890139705
Long An,2024-08-23,7.7613413376607
Long An,2024-08-24,5.4511753457180285
Long An,2024-08-25,6.356963990166847
Long An,2024-08-26,6.183263795221042
Long An,2024-08-27,9.35927999364347
Long An,2024-08-28,17.499186084379637
Long An,2024-08-29,17.680491124025377
Long An,2024-08-30,11.861233060088823
Long An,2024-08-31,9.358612748566587
Long An,2024-09-01,13.660746412179854
Long An,2024-09-02,0.861671323295928
Long An,2024-09-03,2.4079232965752415
Long An,2024-09-04,10.558015972455609
Long An,2024-09-05,14.731641672641425
Long An,2024-09-06,10.747432698196924
Long An,2024-09-07,5.157520920214924
Long An,2024-09-08,0.021415832702594916
Long An,2024-09-09,1.2784134817387764
Long An,2024-09-10,21.93034471512535
Long An,2024-09-11,6.768661903272017
Long An,2024-09-12,20.9649560225689
Long An,2024-09-13,22.311580340537052
Long An,2024-09-14,11.18298684805871
Long An,2024-09-15,12.616215605786712
Long An,2024-09-16,5.094100037912011
Long An,2024-09-17,12.232277923583704
Long An,2024-09-18,13.328515673789083
Long An,2024-09-19,0.9390897468798051
Long An,2024-09-20,14.36639849419397
Long An,2024-09-21,24.507871135099357
Long An,2024-09-22,2.536228443320406
Long An,2024-09-23,13.838437706082162
Long An,2024-09-24,5.257127999478604
Long An,2024-09-25,3.5222004554934054
Long An,2024-09-26,7.432651815442194
Long An,2024-09-27,1.9521749404713793
Long An,2024-09-28,0.21565259651956184
Long An,2024-09-29,3.339895866069231
Long An,2024-09-30,2.870957382564438
Long An,2024-10-01,10.723342262725643
Long An,2024-10-02,8.36475269479951
Long An,2024-10-03,24.26020335038616
Long An,2024-10-04,11.604008824606
Long An,2024-10-05,14.3003450739187
Long An,2024-10-06,11.341027891230953
Long An,2024-10-07,18.526931215525206
Long An,2024-10-08,22.186377607573508
Long An,2024-10-09,14.377713060743396
Long An,2024-10-10,14.935624763893598
Long An,2024-10-11,6.5125223314540905
Long An,2024-10-12,13.321820106527579
Long An,2024-10-13,11.87720767792198
Long An,2024-10-14,12.666813918796544
Long An,2024-10-15,24.085980138401265
Long An,2024-10-16,21.762245678606202
Long An,2024-10-17,10.032406929525784
Long An,2024-10-18,6.148050659953506
Long An,2024-10-19,4.9136261658099105
Long An,2024-10-20,15.688248031267308
Long An,2024-10-21,23.41031223124344
Long An,2024-10-22,10.38440996673959
Long An,2024-10-23,2.1285439466388545
Long An,2024-10-24,0.2119225274797208
Long An,2024-10-25,0
Long An,2024-10-26,6.853263790802041
Long An,2024-10-27,25.879030089618308
Long An,2024-10-28,0.08330145526027745
Long An,2024-10-29,0
Long An,2024-10-30,0
Long An,2024-10-31,0.7309939615474219
Long An,2024-11-01,10.399768080393226
Long An,2024-11-02,9.623762769071808
Long An,2024-11-03,21.28041242205394
Long An,2024-11-04,16.46258791804699
Long An,2024-11-05,8.092648806551857
Long An,2024-11-06,6.421840280776036
Long An,2024-11-07,0.2924710088106977
Long An,2024-11-08,4.351636781122778
Long An,2024-11-09,6.171216229369358
Long An,2024-11-10,0.16075396612798487
Long An,2024-11-11,0
Long An,2024-11-12,0.8368992739087717
Long An,2024-11-13,2.4129698484604654
Long An,2024-11-14,0
Long An,2024-11-15,0
Long An,2024-11-16,0
Long An,2024-11-17,0
Long An,2024-11-18,0
Long An,2024-11-19,0.3033770912301217
Long An,2024-11-20,5.116897672312077
Long An,2024-11-21,3.853486587720625
Long An,2024-11-22,0.7919923486758382
Long An,2024-11-23,4.211512805439868
Long An,2024-11-24,3.414423046803244
Long An,2024-11-25,4.069648725835068
Long An,2024-11-26,10.802397191747774
Long An,2024-11-27,0.49514968425495415
Long An,2024-11-28,0.4610677064390082
Long An,2024-11-29,5.377395262428644
Long An,2024-11-30,0.01311227741448443
Long An,2024-12-01,0.3332646927014691
Long An,2024-12-02,1.2379011816198577
Long An,2024-12-03,13.989943187493322
Long An,2024-12-04,6.62148083340502
Long An,2024-12-05,4.5246790236618795
Long An,2024-12-06,0.1269796254937531
Long An,2024-12-07,0.5506564424106267
Long An,2024-12-08,0.8608927772266568
Long An,2024-12-09,2.6747569691050677
Long An,2024-12-10,4.067570421640032
Long An,2024-12-11,3.8645416813182125
Long An,2024-12-12,5.290598154203231
Long An,2024-12-13,11.58403987980871
Long An,2024-12-14,8.12754048341533
Long An,2024-12-15,0.6009995928289149
Long An,2024-12-16,0.15115738485326874
Long An,2024-12-17,0
Long An,2024-12-18,0
Long An,2024-12-19,0
Long An,2024-12-20,0
Long An,2024-12-21,6.78215276577229
Long An,2024-12-22,3.6966592502011206
Long An,2024-12-23,0
Long An,2024-12-24,0
Long An,2024-12-25,0
Long An,2024-12-26,0
Long An,2024-12-27,6.492721187514432
Long An,2024-12-28,5.457122180000498
Long An,2024-12-29,0
Long An,2024-12-30,0
Long An,2024-12-31,1.9960289949699104
Tien Giang,2019-01-01,5.730670228113209
Tien Giang,2019-01-02,9.043945360527042
Tien Giang,2019-01-03,0
Tien Giang,2019-01-04,0
Tien Giang,2019-01-05,0
Tien Giang,2019-01-06,0
Tien Giang,2019-01-07,0
Tien Giang,2019-01-08,0
Tien Giang,2019-01-09,0
Tien Giang,2019-01-10,0
Tien Giang,2019-01-11,0
Tien Giang,2019-01-12,0
Tien Giang,2019-01-13,0
Tien Giang,2019-01-14,0
Tien Giang,2019-01-15,0
Tien Giang,2019-01-16,0
Tien Giang,2019-01-17,0.0020000769148252307
Tien Giang,2019-01-18,0
Tien Giang,2019-01-19,0
Tien Giang,2019-01-20,0
Tien Giang,2019-01-21,0
Tien Giang,2019-01-22,0
Tien Giang,2019-01-23,0.936495011052095
Tien Giang,2019-01-24,0
Tien Giang,2019-01-25,0
Tien Giang,2019-01-26,0.022829302960440268
Tien Giang,2019-01-27,0
Tien Giang,2019-01-28,0
Tien Giang,2019-01-29,0
Tien Giang,2019-01-30,0
Tien Giang,2019-01-31,0
Tien Giang,2019-02-01,0
Tien Giang,2019-02-02,0
Tien Giang,2019-02-03,0
Tien Giang,2019-02-04,0
Tien Giang,2019-02-05,0
Tien Giang,2019-02-06,0
Tien Giang,2019-02-07,0.10032875310300098
Tien Giang,2019-02-08,0.03006809606790341
Tien Giang,2019-02-09,0
Tien Giang,2019-02-10,0.10685808075236264
Tien Giang,2019-02-11,0
Tien Giang,2019-02-12,0
Tien Giang,2019-02-13,0
Tien Giang,2019-02-14,0
Tien Giang,2019-02-15,0
Tien Giang,2019-02-16,0
Tien Giang,2019-02-17,0
Tien Giang,2019-02-18,0
Tien Giang,2019-02-19,0
Tien Giang,2019-02-20,1.0343455597965079
Tien Giang,2019-02-21,0
Tien Giang,2019-02-22,0.7805703452651821
Tien Giang,2019-02-23,0
Tien Giang,2019-02-24,0
Tien Giang,2019-02-25,0
Tien Giang,2019-02-26,0
Tien Giang,2019-02-27,0
Tien Giang,2019-02-28,0
Tien Giang,2019-03-01,0.8292301810615852
Tien Giang,2019-03-02,0
Tien Giang,2019-03-03,0
Tien Giang,2019-03-04,0
Tien Giang,2019-03-05,0
Tien Giang,2019-03-06,0.5231956682212487
Tien Giang,2019-03-07,0
Tien Giang,2019-03-08,0
Tien Giang,2019-03-09,1.0818305010097626
Tien Giang,2019-03-10,0
Tien Giang,2019-03-11,0
Tien Giang,2019-03-12,0
Tien Giang,2019-03-13,0
Tien Giang,2019-03-14,0
Tien Giang,2019-03-15,0.5565367402106297
Tien Giang,2019-03-16,0.06688123082871036
Tien Giang,2019-03-17,0.6385274056834768
Tien Giang,2019-03-18,0
Tien Giang,2019-03-19,0
Tien Giang,2019-03-20,0
Tien Giang,2019-03-21,0
Tien Giang,2019-03-22,0
Tien Giang,2019-03-23,0
Tien Giang,2019-03-24,0
Tien Giang,2019-03-25,0
Tien Giang,2019-03-26,0
Tien Giang,2019-03-27,0
Tien Giang,2019-03-28,0
Tien Giang,2019-03-29,0
Tien Giang,2019-03-30,0
Tien Giang,2019-03-31,0
Tien Giang,2019-04-01,0
Tien Giang,2019-04-02,0
Tien Giang,2019-04-03,0.7291323682346117
Tien Giang,2019-04-04,0.25710797083549974
Tien Giang,2019-04-05,0
Tien Giang,2019-04-06,0
Tien Giang,2019-04-07,0
Tien Giang,2019-04-08,0
Tien Giang,2019-04-09,0
Tien Giang,2019-04-10,0
Tien Giang,2019-04-11,0.014199727419073768
Tien Giang,2019-04-12,0
Tien Giang,2019-04-13,0
Tien Giang,2019-04-14,0
Tien Giang,2019-04-15,0
Tien Giang,2019-04-16,1.7532515959864172
Tien Giang,2019-04-17,0.013549475911338649
Tien Giang,2019-04-18,3.123393015736649
Tien Giang,2019-04-19,0
Tien Giang,2019-04-20,0.17405893822686055
Tien Giang,2019-04-21,0
Tien Giang,2019-04-22,1.2231289330378262e-06
Tien Giang,2019-04-23,0.7281063965936712
Tien Giang,2019-04-24,0.01937459839560121
Tien Giang,2019-04-25,0.12124649179054724
Tien Giang,2019-04-26,0
Tien Giang,2019-04-27,4.468522383026362
Tien Giang,2019-04-28,8.654901853038702
Tien Giang,2019-04-29,0.1453563397803678
Tien Giang,2019-04-30,0
Tien Giang,2019-05-01,0.41475773515544395
Tien Giang,2019-05-02,14.374279361110474
Tien Giang,2019-05-03,5.974046710222142
Tien Giang,2019-05-04,2.475948459983836
Tien Giang,2019-05-05,0.2727974461202988
Tien Giang,2019-05-06,2.5036798417388395
Tien Giang,2019-05-07,1.0231989660620195
Tien Giang,2019-05-08,2.774418402377936
Tien Giang,2019-05-09,7.429444303545561
Tien Giang,2019-05-10,8.503991405739779
Tien Giang,2019-05-11,10.085744052836477
Tien Giang,2019-05-12,4.495858393854371
Tien Giang,2019-05-13,2.0156275582742214
Tien Giang,2019-05-14,2.2370565479621973
Tien Giang,2019-05-15,3.4633505164864866
Tien Giang,2019-05-16,6.2796661883135885
Tien Giang,2019-05-17,4.030323929742759
Tien Giang,2019-05-18,5.515137905079265
Tien Giang,2019-05-19,3.601119592948266
Tien Giang,2019-05-20,5.22781732417923
Tien Giang,2019-05-21,10.31833247811215
Tien Giang,2019-05-22,10.789849757285088
Tien Giang,2019-05-23,0.9823316273007032
Tien Giang,2019-05-24,9.393373005580338
Tien Giang,2019-05-25,11.176097668289904
Tien Giang,2019-05-26,8.350140133107743
Tien Giang,2019-05-27,3.3200167521818185
Tien Giang,2019-05-28,9.346704590191607
Tien Giang,2019-05-29,9.257509771814046
Tien Giang,2019-05-30,4.38811437601556
Tien Giang,2019-05-31,0.02558773187576183
Tien Giang,2019-06-01,0
Tien Giang,2019-06-02,7.695582967728794
Tien Giang,2019-06-03,11.958570255824103
Tien Giang,2019-06-04,10.125056602187563
Tien Giang,2019-06-05,9.194633334991389
Tien Giang,2019-06-06,1.6061373751159935
Tien Giang,2019-06-07,1.273819227536251
Tien Giang,2019-06-08,7.740351406261362
Tien Giang,2019-06-09,15.278552720544896
Tien Giang,2019-06-10,11.846866610025172
Tien Giang,2019-06-11,4.9255038807529345
Tien Giang,2019-06-12,11.684858635009801
Tien Giang,2019-06-13,4.574858665773191
Tien Giang,2019-06-14,2.196653033740407
Tien Giang,2019-06-15,10.482574308394693
Tien Giang,2019-06-16,25.26421914012994
Tien Giang,2019-06-17,4.713729126197058
Tien Giang,2019-06-18,0.4343040440300341
Tien Giang,2019-06-19,0
Tien Giang,2019-06-20,7.923479194360316
Tien Giang,2019-06-21,20.761611765356733
Tien Giang,2019-06-22,4.848100115885503
Tien Giang,2019-06-23,0
Tien Giang,2019-06-24,5.726701019449064
Tien Giang,2019-06-25,5.324693272836027
Tien Giang,2019-06-26,0.07066781060232735
Tien Giang,2019-06-27,0
Tien Giang,2019-06-28,10.818374417091977
Tien Giang,2019-06-29,5.542859424681058
Tien Giang,2019-06-30,9.103357760291784
Tien Giang,2019-07-01,21.189641210473866
Tien Giang,2019-07-02,26.17564035508252
Tien Giang,2019-07-03,1.7733405934206403
Tien Giang,2019-07-04,5.550310419175552
Tien Giang,2019-07-05,0.1804338735575304
Tien Giang,2019-07-06,0
Tien Giang,2019-07-07,7.767215436857401
Tien Giang,2019-07-08,8.29433739824511
Tien Giang,2019-07-09,0
Tien Giang,2019-07-10,0
Tien Giang,2019-07-11,0
Tien Giang,2019-07-12,9.15377245255839
Tien Giang,2019-07-13,2.2074461158390934
Tien Giang,2019-07-14,5.481506599146088
Tien Giang,2019-07-15,9.144614055694614
Tien Giang,2019-07-16,11.128126121105325
Tien Giang,2019-07-17,13.164683382488409
Tien Giang,2019-07-18,7.145008097783993
Tien Giang,2019-07-19,0.19423239313871868
Tien Giang,2019-07-20,6.424803536251189
Tien Giang,2019-07-21,0
Tien Giang,2019-07-22,13.158735472267647
Tien Giang,2019-07-23,8.312931479685007
Tien Giang,2019-07-24,10.329154206580483
Tien Giang,2019-07-25,2.532774564453728
Tien Giang,2019-07-26,0.44076605407227204
Tien Giang,2019-07-27,10.100278320241914
Tien Giang,2019-07-28,11.988414048429307
Tien Giang,2019-07-29,12.989258944741307
Tien Giang,2019-07-30,3.3759234130902804
Tien Giang,2019-07-31,10.189127483370221
Tien Giang,2019-08-01,12.16522590772926
Tien Giang,2019-08-02,7.1574637958431016
Tien Giang,2019-08-03,4.243482035569427
Tien Giang,2019-08-04,0
Tien Giang,2019-08-05,3.512719440525418
Tien Giang,2019-08-06,19.452847380346775
Tien Giang,2019-08-07,6.376258807767114
Tien Giang,2019-08-08,24.221964031744402
Tien Giang,2019-08-09,0
Tien Giang,2019-08-10,0.9194990722897457
Tien Giang,2019-08-11,7.50330229623766
Tien Giang,2019-08-12,0
Tien Giang,2019-08-13,2.050490793355736
Tien Giang,2019-08-14,0
Tien Giang,2019-08-15,0
Tien Giang,2019-08-16,3.3356168098544834
Tien Giang,2019-08-17,3.012326296718145
Tien Giang,2019-08-18,0
Tien Giang,2019-08-19,0
Tien Giang,2019-08-20,11.473380842681072
Tien Giang,2019-08-21,5.388648698596625
Tien Giang,2019-08-22,1.0752843381374515
Tien Giang,2019-08-23,2.711086464457595
Tien Giang,2019-08-24,19.542840489301234
Tien Giang,2019-08-25,16.81728061880332
Tien Giang,2019-08-26,2.8553896873456934
Tien Giang,2019-08-27,0
Tien Giang,2019-08-28,21.117599604456906
Tien Giang,2019-08-29,24.881918453977477
Tien Giang,2019-08-30,3.7985077951148236
Tien Giang,2019-08-31,2.4767127666540127
Tien Giang,2019-09-01,10.807532339140954
Tien Giang,2019-09-02,4.985586425169711
Tien Giang,2019-09-03,0.7032174427594371
Tien Giang,2019-09-04,3.661995719824738
Tien Giang,2019-09-05,0.04118434890201434
Tien Giang,2019-09-06,0
Tien Giang,2019-09-07,5.693345244903919
Tien Giang,2019-09-08,13.48629716372798
Tien Giang,2019-09-09,0.5787151033796523
Tien Giang,2019-09-10,0
Tien Giang,2019-09-11,0
Tien Giang,2019-09-12,1.6710200853893642
Tien Giang,2019-09-13,36.184731631031376
Tien Giang,2019-09-14,5.542249919221128
Tien Giang,2019-09-15,5.175880012007386
Tien Giang,2019-09-16,7.515024172368334
Tien Giang,2019-09-17,11.029879243312202
Tien Giang,2019-09-18,11.756832478920169
Tien Giang,2019-09-19,0
Tien Giang,2019-09-20,2.3321468119389004
Tien Giang,2019-09-21,4.7676088978080875
Tien Giang,2019-09-22,1.2576999996314653
Tien Giang,2019-09-23,1.09597749439835
Tien Giang,2019-09-24,0
Tien Giang,2019-09-25,2.557950297046814
Tien Giang,2019-09-26,10.922841465793
Tien Giang,2019-09-27,5.377666519564829
Tien Giang,2019-09-28,0.655677429299876
Tien Giang,2019-09-29,1.30868640176529
Tien Giang,2019-09-30,7.036623269160098
Tien Giang,2019-10-01,4.561526168021359
Tien Giang,2019-10-02,10.220813999008776
Tien Giang,2019-10-03,18.087573258713093
Tien Giang,2019-10-04,15.955534909756514
Tien Giang,2019-10-05,7.145593801060107
Tien Giang,2019-10-06,13.837294925117975
Tien Giang,2019-10-07,2.7348904724856844
Tien Giang,2019-10-08,1.1048336712920193
Tien Giang,2019-10-09,7.580923344679365
Tien Giang,2019-10-10,2.3404984320741105
Tien Giang,2019-10-11,2.4498994712841857
Tien Giang,2019-10-12,6.686382812044128
Tien Giang,2019-10-13,0.966773104875768
Tien Giang,2019-10-14,0.3491355786592644
Tien Giang,2019-10-15,3.4884632129660744
Tien Giang,2019-10-16,11.23304501778975
Tien Giang,2019-10-17,10.575716480399972
Tien Giang,2019-10-18,15.322117227008297
Tien Giang,2019-10-19,1.0567212072958352
Tien Giang,2019-10-20,6.825319318892964
Tien Giang,2019-10-21,4.175717030923347
Tien Giang,2019-10-22,1.7511682234949337
Tien Giang,2019-10-23,0
Tien Giang,2019-10-24,0.3171680298801362
Tien Giang,2019-10-25,0.0002549590226665141
Tien Giang,2019-10-26,0
Tien Giang,2019-10-27,4.417669895394301
Tien Giang,2019-10-28,14.479082455855064
Tien Giang,2019-10-29,1.9168635947356865
Tien Giang,2019-10-30,14.258577725743544
Tien Giang,2019-10-31,7.076604283789579
Tien Giang,2019-11-01,2.347196634601863
Tien Giang,2019-11-02,5.328984688985598
Tien Giang,2019-11-03,12.696347156632985
Tien Giang,2019-11-04,0
Tien Giang,2019-11-05,19.333179224113323
Tien Giang,2019-11-06,3.329799924764307
Tien Giang,2019-11-07,10.237844143172364
Tien Giang,2019-11-08,10.34020476509841
Tien Giang,2019-11-09,6.407219634446022
Tien Giang,2019-11-10,49.106791918891794
Tien Giang,2019-11-11,0.42065487942613006
Tien Giang,2019-11-12,0.40170478488939626
Tien Giang,2019-11-13,2.311492911833854
Tien Giang,2019-11-14,1.9446698722658193
Tien Giang,2019-11-15,0.017030258823833598
Tien Giang,2019-11-16,0
Tien Giang,2019-11-17,0.24805926010722892
Tien Giang,2019-11-18,0.3112438854872569
Tien Giang,2019-11-19,0
Tien Giang,2019-11-20,0
Tien Giang,2019-11-21,0
Tien Giang,2019-11-22,0
Tien Giang,2019-11-23,0.02050404859171289
Tien Giang,2019-11-24,0
Tien Giang,2019-11-25,0.7301828208057316
Tien Giang,2019-11-26,0
Tien Giang,2019-11-27,0
Tien Giang,2019-11-28,0
Tien Giang,2019-11-29,0
Tien Giang,2019-11-30,0
Tien Giang,2019-12-01,0
Tien Giang,2019-12-02,0.05798697286530418
Tien Giang,2019-12-03,1.1908436335656527
Tien Giang,2019-12-04,0.07570320394425537
Tien Giang,2019-12-05,0
Tien Giang,2019-12-06,0
Tien Giang,2019-12-07,0
Tien Giang,2019-12-08,0
Tien Giang,2019-12-09,0
Tien Giang,2019-12-10,0
Tien Giang,2019-12-11,0
Tien Giang,2019-12-12,0.5663283472831047
Tien Giang,2019-12-13,0
Tien Giang,2019-12-14,0.33185091636180963
Tien Giang,2019-12-15,0.01605153543644834
Tien Giang,2019-12-16,4.492535993073837
Tien Giang,2019-12-17,0
Tien Giang,2019-12-18,1.17478830912372
Tien Giang,2019-12-19,0
Tien Giang,2019-12-20,0
Tien Giang,2019-12-21,0
Tien Giang,2019-12-22,0
Tien Giang,2019-12-23,0
Tien Giang,2019-12-24,0
Tien Giang,2019-12-25,0
Tien Giang,2019-12-26,0
Tien Giang,2019-12-27,0
Tien Giang,2019-12-28,0
Tien Giang,2019-12-29,0.06393917746873974
Tien Giang,2019-12-30,0
Tien Giang,2019-12-31,0.1746425330027519
Tien Giang,2020-01-01,0
Tien Giang,2020-01-02,0.7625747337205512
Tien Giang,2020-01-03,0.29361261260235694
Tien Giang,2020-01-04,0
Tien Giang,2020-01-05,0
Tien Giang,2020-01-06,0
Tien Giang,2020-01-07,0
Tien Giang,2020-01-08,0
Tien Giang,2020-01-09,0
Tien Giang,2020-01-10,0
Tien Giang,2020-01-11,0.1481561316339456
Tien Giang,2020-01-12,0.9187708342815223
Tien Giang,2020-01-13,0
Tien Giang,2020-01-14,0
Tien Giang,2020-01-15,0
Tien Giang,2020-01-16,0
Tien Giang,2020-01-17,0
Tien Giang,2020-01-18,0
Tien Giang,2020-01-19,0
Tien Giang,2020-01-20,0.16155743059017388
Tien Giang,2020-01-21,0
Tien Giang,2020-01-22,0
Tien Giang,2020-01-23,0
Tien Giang,2020-01-24,0
Tien Giang,2020-01-25,0
Tien Giang,2020-01-26,0
Tien Giang,2020-01-27,0
Tien Giang,2020-01-28,0
Tien Giang,2020-01-29,0
Tien Giang,2020-01-30,0
Tien Giang,2020-01-31,0
Tien Giang,2020-02-01,0
Tien Giang,2020-02-02,0
Tien Giang,2020-02-03,0
Tien Giang,2020-02-04,0.0764107396801049
Tien Giang,2020-02-05,0
Tien Giang,2020-02-06,0
Tien Giang,2020-02-07,0
Tien Giang,2020-02-08,0
Tien Giang,2020-02-09,0
Tien Giang,2020-02-10,0
Tien Giang,2020-02-11,0
Tien Giang,2020-02-12,0
Tien Giang,2020-02-13,0.052884131155730985
Tien Giang,2020-02-14,0
Tien Giang,2020-02-15,0.09059125471515977
Tien Giang,2020-02-16,0
Tien Giang,2020-02-17,0.9879352337903312
Tien Giang,2020-02-18,0
Tien Giang,2020-02-19,0
Tien Giang,2020-02-20,0
Tien Giang,2020-02-21,0.6325251257940805
Tien Giang,2020-02-22,0
Tien Giang,2020-02-23,0.11777600493656841
Tien Giang,2020-02-24,0
Tien Giang,2020-02-25,0
Tien Giang,2020-02-26,0
Tien Giang,2020-02-27,0
Tien Giang,2020-02-28,0
Tien Giang,2020-02-29,0
Tien Giang,2020-03-01,0
Tien Giang,2020-03-02,0
Tien Giang,2020-03-03,0
Tien Giang,2020-03-04,0
Tien Giang,2020-03-05,1.281702012913325
Tien Giang,2020-03-06,0
Tien Giang,2020-03-07,0
Tien Giang,2020-03-08,0
Tien Giang,2020-03-09,0
Tien Giang,2020-03-10,0
Tien Giang,2020-03-11,3.3794567419562855
Tien Giang,2020-03-12,0
Tien Giang,2020-03-13,0
Tien Giang,2020-03-14,0
Tien Giang,2020-03-15,0
Tien Giang,2020-03-16,0
Tien Giang,2020-03-17,0
Tien Giang,2020-03-18,0
Tien Giang,2020-03-19,0
Tien Giang,2020-03-20,0
Tien Giang,2020-03-21,0
Tien Giang,2020-03-22,0.1885890847338804
Tien Giang,2020-03-23,0
Tien Giang,2020-03-24,1.2381953132358263
Tien Giang,2020-03-25,0
Tien Giang,2020-03-26,0
Tien Giang,2020-03-27,0
Tien Giang,2020-03-28,0.009822418566879064
Tien Giang,2020-03-29,0
Tien Giang,2020-03-30,0.026110789507422495
Tien Giang,2020-03-31,0
Tien Giang,2020-04-01,0
Tien Giang,2020-04-02,0
Tien Giang,2020-04-03,0
Tien Giang,2020-04-04,0
Tien Giang,2020-04-05,0
Tien Giang,2020-04-06,0
Tien Giang,2020-04-07,0
Tien Giang,2020-04-08,0.5452232460144956
Tien Giang,2020-04-09,0
Tien Giang,2020-04-10,0
Tien Giang,2020-04-11,0
Tien Giang,2020-04-12,2.590462521782472
Tien Giang,2020-04-13,16.750360175718466
Tien Giang,2020-04-14,0
Tien Giang,2020-04-15,0.2029646570082859
Tien Giang,2020-04-16,0.039645985669734124
Tien Giang,2020-04-17,0
Tien Giang,2020-04-18,0
Tien Giang,2020-04-19,0
Tien Giang,2020-04-20,0
Tien Giang,2020-04-21,0
Tien Giang,2020-04-22,0.32395146655842655
Tien Giang,2020-04-23,0.0077367097440246765
Tien Giang,2020-04-24,2.819379419626605
Tien Giang,2020-04-25,2.2997459084782124
Tien Giang,2020-04-26,4.815430567934998
Tien Giang,2020-04-27,0.8726518701784888
Tien Giang,2020-04-28,0.3231923404096104
Tien Giang,2020-04-29,0.09212725712304468
Tien Giang,2020-04-30,0
Tien Giang,2020-05-01,0
Tien Giang,2020-05-02,0.03482301826138713
Tien Giang,2020-05-03,0
Tien Giang,2020-05-04,0.3328386193273878
Tien Giang,2020-05-05,0
Tien Giang,2020-05-06,0
Tien Giang,2020-05-07,0
Tien Giang,2020-05-08,0
Tien Giang,2020-05-09,0
Tien Giang,2020-05-10,0
Tien Giang,2020-05-11,0
Tien Giang,2020-05-12,0.0544812611105417
Tien Giang,2020-05-13,0
Tien Giang,2020-05-14,0.0018593997037744947
Tien Giang,2020-05-15,0.4201163047231082
Tien Giang,2020-05-16,2.0460104438939317
Tien Giang,2020-05-17,4.081142755953172
Tien Giang,2020-05-18,0.05685723329951223
Tien Giang,2020-05-19,7.359365859297708
Tien Giang,2020-05-20,8.028258686451963
Tien Giang,2020-05-21,3.232944786229746
Tien Giang,2020-05-22,4.142815353193237
Tien Giang,2020-05-23,14.883861185803239
Tien Giang,2020-05-24,6.300335579954952
Tien Giang,2020-05-25,3.2625232419006336
Tien Giang,2020-05-26,0
Tien Giang,2020-05-27,8.10381645677
Tien Giang,2020-05-28,7.24557968534529
Tien Giang,2020-05-29,9.61382571283654
Tien Giang,2020-05-30,7.8364484506746415
Tien Giang,2020-05-31,6.358150920424479
Tien Giang,2020-06-01,19.46521785843186
Tien Giang,2020-06-02,6.987330380355326
Tien Giang,2020-06-03,4.2443966643337765
Tien Giang,2020-06-04,8.687413237828615
Tien Giang,2020-06-05,8.003983377935631
Tien Giang,2020-06-06,2.535794306988641
Tien Giang,2020-06-07,0.6350548263240774
Tien Giang,2020-06-08,3.702045894792126
Tien Giang,2020-06-09,8.306163994421368
Tien Giang,2020-06-10,10.636185559573931
Tien Giang,2020-06-11,5.592008469172953
Tien Giang,2020-06-12,3.6412582249582144
Tien Giang,2020-06-13,27.34784881157865
Tien Giang,2020-06-14,22.092227985045586
Tien Giang,2020-06-15,9.240306241577223
Tien Giang,2020-06-16,6.433068836690972
Tien Giang,2020-06-17,7.286969037293997
Tien Giang,2020-06-18,8.930193489897611
Tien Giang,2020-06-19,11.555104343981581
Tien Giang,2020-06-20,19.92966500213201
Tien Giang,2020-06-21,7.368719063339921
Tien Giang,2020-06-22,2.309307647707533
Tien Giang,2020-06-23,0.3670360422312774
Tien Giang,2020-06-24,5.9533169041318255
Tien Giang,2020-06-25,4.36870838447768
Tien Giang,2020-06-26,1.9398905865449174
Tien Giang,2020-06-27,10.497506981061713
Tien Giang,2020-06-28,17.87647140158915
Tien Giang,2020-06-29,10.19972764451699
Tien Giang,2020-06-30,8.144788025332824
Tien Giang,2020-07-01,5.988904419948816
Tien Giang,2020-07-02,14.79593287772115
Tien Giang,2020-07-03,1.455380503474685
Tien Giang,2020-07-04,0
Tien Giang,2020-07-05,9.56338814026937
Tien Giang,2020-07-06,3.0102828631411227
Tien Giang,2020-07-07,0
Tien Giang,2020-07-08,7.313600351217696
Tien Giang,2020-07-09,0
Tien Giang,2020-07-10,5.929804402821641
Tien Giang,2020-07-11,2.947571272631575
Tien Giang,2020-07-12,7.827960686587561
Tien Giang,2020-07-13,7.326235608646796
Tien Giang,2020-07-14,16.924067554755435
Tien Giang,2020-07-15,0.33877431465496616
Tien Giang,2020-07-16,4.140319229510117
Tien Giang,2020-07-17,4.242228409198768
Tien Giang,2020-07-18,3.7006863940966133
Tien Giang,2020-07-19,2.8627847826522563
Tien Giang,2020-07-20,4.877767710658685
Tien Giang,2020-07-21,2.2864341771418983
Tien Giang,2020-07-22,0.34011743750644513
Tien Giang,2020-07-23,12.151624264833528
Tien Giang,2020-07-24,10.348160560130786
Tien Giang,2020-07-25,2.0999665388534097
Tien Giang,2020-07-26,0.5562074055527265
Tien Giang,2020-07-27,1.9274410536118416
Tien Giang,2020-07-28,0.9691057202227273
Tien Giang,2020-07-29,10.264947224131324
Tien Giang,2020-07-30,13.403172026520242
Tien Giang,2020-07-31,21.864630246276533
Tien Giang,2020-08-01,2.394422488231574
Tien Giang,2020-08-02,21.441364468930157
Tien Giang,2020-08-03,3.826164457958254
Tien Giang,2020-08-04,0
Tien Giang,2020-08-05,15.942263805368993
Tien Giang,2020-08-06,20.581359449642616
Tien Giang,2020-08-07,0
Tien Giang,2020-08-08,3.8264692734503933
Tien Giang,2020-08-09,11.077839273942468
Tien Giang,2020-08-10,2.5754334469350972
Tien Giang,2020-08-11,3.233484917176873
Tien Giang,2020-08-12,6.78355008549531
Tien Giang,2020-08-13,6.242588617446737
Tien Giang,2020-08-14,8.77648346481931
Tien Giang,2020-08-15,1.3099445210521252
Tien Giang,2020-08-16,6.341770049280013
Tien Giang,2020-08-17,3.9738749501442494
Tien Giang,2020-08-18,6.086595805075588
Tien Giang,2020-08-19,7.636034819477645
Tien Giang,2020-08-20,0.5489340729381815
Tien Giang,2020-08-21,0.6096946576025138
Tien Giang,2020-08-22,0.6094217614777334
Tien Giang,2020-08-23,2.7499768295232845
Tien Giang,2020-08-24,8.773580805706116
Tien Giang,2020-08-25,1.9372775661586203
Tien Giang,2020-08-26,7.805830586978396
Tien Giang,2020-08-27,0.5467476446224541
Tien Giang,2020-08-28,8.729213862708558
Tien Giang,2020-08-29,0.9543325513497011
Tien Giang,2020-08-30,5.649643170354562
Tien Giang,2020-08-31,8.945127737521647
Tien Giang,2020-09-01,6.540177393437181
Tien Giang,2020-09-02,10.71289723253486
Tien Giang,2020-09-03,1.5713477115044958
Tien Giang,2020-09-04,5.816088722954855
Tien Giang,2020-09-05,0.8759844610013148
Tien Giang,2020-09-06,9.271778740189898
Tien Giang,2020-09-07,0.39019877244775875
Tien Giang,2020-09-08,2.0900365823253404
Tien Giang,2020-09-09,10.925519109131905
Tien Giang,2020-09-10,6.972682859617492
Tien Giang,2020-09-11,5.634979062316106
Tien Giang,2020-09-12,10.099151493082635
Tien Giang,2020-09-13,6.14924070454484
Tien Giang,2020-09-14,17.61951323834089
Tien Giang,2020-09-15,2.204631613378892
Tien Giang,2020-09-16,12.274759304992893
Tien Giang,2020-09-17,16.951656580115174
Tien Giang,2020-09-18,23.89288681469575
Tien Giang,2020-09-19,11.439081249250103
Tien Giang,2020-09-20,1.2736473460343645
Tien Giang,2020-09-21,4.730851749322578
Tien Giang,2020-09-22,13.436424650520081
Tien Giang,2020-09-23,8.565705967632278
Tien Giang,2020-09-24,7.8135441623427075
Tien Giang,2020-09-25,17.064879547997744
Tien Giang,2020-09-26,18.54067952214489
Tien Giang,2020-09-27,10.217344669002784
Tien Giang,2020-09-28,0
Tien Giang,2020-09-29,15.469774913780173
Tien Giang,2020-09-30,0.49522346405131173
Tien Giang,2020-10-01,10.696399534148052
Tien Giang,2020-10-02,8.096015132666066
Tien Giang,2020-10-03,5.442909827672929
Tien Giang,2020-10-04,18.34749216450502
Tien Giang,2020-10-05,17.240040246500797
Tien Giang,2020-10-06,6.305608785237308
Tien Giang,2020-10-07,3.710136704383317
Tien Giang,2020-10-08,20.9432806126106
Tien Giang,2020-10-09,12.079332884796228
Tien Giang,2020-10-10,18.242563057874122
Tien Giang,2020-10-11,20.52153504183946
Tien Giang,2020-10-12,8.739524974169338
Tien Giang,2020-10-13,14.427162498409519
Tien Giang,2020-10-14,21.543287917722864
Tien Giang,2020-10-15,25.86533498209733
Tien Giang,2020-10-16,5.125873173478574
Tien Giang,2020-10-17,18.585884978346275
Tien Giang,2020-10-18,24.500032368268666
Tien Giang,2020-10-19,6.1985002907210225
Tien Giang,2020-10-20,9.72180045977817
Tien Giang,2020-10-21,11.953412984709388
Tien Giang,2020-10-22,2.9592215235285764
Tien Giang,2020-10-23,8.40762878830878
Tien Giang,2020-10-24,2.3637914253083876
Tien Giang,2020-10-25,7.893182867046408
Tien Giang,2020-10-26,6.3332769971357825
Tien Giang,2020-10-27,0.5601664965825532
Tien Giang,2020-10-28,13.362637520872148
Tien Giang,2020-10-29,10.64721553016182
Tien Giang,2020-10-30,19.537286858734923
Tien Giang,2020-10-31,17.84221463897559
Tien Giang,2020-11-01,16.115239013867363
Tien Giang,2020-11-02,0
Tien Giang,2020-11-03,0.1686944834383604
Tien Giang,2020-11-04,1.7288981957234406
Tien Giang,2020-11-05,20.667736561701822
Tien Giang,2020-11-06,18.44535851036474
Tien Giang,2020-11-07,0.25170919504952416
Tien Giang,2020-11-08,0.18892471819371615
Tien Giang,2020-11-09,2.665600541485635
Tien Giang,2020-11-10,2.904515309075061
Tien Giang,2020-11-11,0
Tien Giang,2020-11-12,0.8371639639147567
Tien Giang,2020-11-13,0
Tien Giang,2020-11-14,0
Tien Giang,2020-11-15,0
Tien Giang,2020-11-16,4.938840062633312
Tien Giang,2020-11-17,0
Tien Giang,2020-11-18,2.157319732771276
Tien Giang,2020-11-19,6.157486694623718
Tien Giang,2020-11-20,3.9731686246840563
Tien Giang,2020-11-21,3.023464322718298
Tien Giang,2020-11-22,0.37168436708101615
Tien Giang,2020-11-23,6.8005575799034785
Tien Giang,2020-11-24,0
Tien Giang,2020-11-25,9.317248714943098
Tien Giang,2020-11-26,0.09263103825631411
Tien Giang,2020-11-27,2.560882444887302
Tien Giang,2020-11-28,14.444635004602333
Tien Giang,2020-11-29,3.981671197297111
Tien Giang,2020-11-30,1.2056241057518573
Tien Giang,2020-12-01,0.991376950708112
Tien Giang,2020-12-02,0
Tien Giang,2020-12-03,0
Tien Giang,2020-12-04,0
Tien Giang,2020-12-05,0
Tien Giang,2020-12-06,0
Tien Giang,2020-12-07,0.2934344612383544
Tien Giang,2020-12-08,0
Tien Giang,2020-12-09,0
Tien Giang,2020-12-10,0.5581665015279141
Tien Giang,2020-12-11,1.9203304968683512
Tien Giang,2020-12-12,1.582877966875351
Tien Giang,2020-12-13,1.2129516987562572
Tien Giang,2020-12-14,0.5137502519167858
Tien Giang,2020-12-15,2.9447742678040125
Tien Giang,2020-12-16,0.23795271783864563
Tien Giang,2020-12-17,0
Tien Giang,2020-12-18,5.012131411073808
Tien Giang,2020-12-19,9.712621047507247
Tien Giang,2020-12-20,4.143139858127125
Tien Giang,2020-12-21,2.6425362751837898
Tien Giang,2020-12-22,16.189072919895985
Tien Giang,2020-12-23,8.714282136106137
Tien Giang,2020-12-24,0
Tien Giang,2020-12-25,0
Tien Giang,2020-12-26,0
Tien Giang,2020-12-27,0.6886964497886147
Tien Giang,2020-12-28,0.04991594481403947
Tien Giang,2020-12-29,0
Tien Giang,2020-12-30,10.041131988965535
Tien Giang,2020-12-31,0.7316427057398653
Tien Giang,2021-01-01,0.9217373616572364
Tien Giang,2021-01-02,0
Tien Giang,2021-01-03,0.048586524102037724
Tien Giang,2021-01-04,0.21706720883711733
Tien Giang,2021-01-05,1.6673329747464962
Tien Giang,2021-01-06,0.0594769787469042
Tien Giang,2021-01-07,0.034343771973636736
Tien Giang,2021-01-08,0.7327069775139756
Tien Giang,2021-01-09,0
Tien Giang,2021-01-10,0
Tien Giang,2021-01-11,0
Tien Giang,2021-01-12,0.020249893676725896
Tien Giang,2021-01-13,0
Tien Giang,2021-01-14,0.02593104931437515
Tien Giang,2021-01-15,0
Tien Giang,2021-01-16,0.008576166207348943
Tien Giang,2021-01-17,0.14995415141387713
Tien Giang,2021-01-18,0.1882944447502933
Tien Giang,2021-01-19,0.8176637182845264
Tien Giang,2021-01-20,0.0944521283878986
Tien Giang,2021-01-21,0.20274665289654778
Tien Giang,2021-01-22,0
Tien Giang,2021-01-23,0
Tien Giang,2021-01-24,0
Tien Giang,2021-01-25,0
Tien Giang,2021-01-26,0
Tien Giang,2021-01-27,0.011117796402849085
Tien Giang,2021-01-28,0
Tien Giang,2021-01-29,0
Tien Giang,2021-01-30,0
Tien Giang,2021-01-31,0
Tien Giang,2021-02-01,0.010863933687519648
Tien Giang,2021-02-02,0
Tien Giang,2021-02-03,0
Tien Giang,2021-02-04,0
Tien Giang,2021-02-05,0
Tien Giang,2021-02-06,0
Tien Giang,2021-02-07,0
Tien Giang,2021-02-08,0
Tien Giang,2021-02-09,0
Tien Giang,2021-02-10,0
Tien Giang,2021-02-11,2.459407680248783
Tien Giang,2021-02-12,0
Tien Giang,2021-02-13,0
Tien Giang,2021-02-14,0
Tien Giang,2021-02-15,0
Tien Giang,2021-02-16,0
Tien Giang,2021-02-17,0
Tien Giang,2021-02-18,0.03215514912042732
Tien Giang,2021-02-19,0.35566792608549336
Tien Giang,2021-02-20,0.3066915730776778
Tien Giang,2021-02-21,0.6645763814844899
Tien Giang,2021-02-22,0
Tien Giang,2021-02-23,0.06104506177907208
Tien Giang,2021-02-24,0
Tien Giang,2021-02-25,1.6595154058414916
Tien Giang,2021-02-26,0
Tien Giang,2021-02-27,0
Tien Giang,2021-02-28,0.15066079197480017
Tien Giang,2021-03-01,0.022648993685807393
Tien Giang,2021-03-02,0
Tien Giang,2021-03-03,0
Tien Giang,2021-03-04,0
Tien Giang,2021-03-05,0
Tien Giang,2021-03-06,0
Tien Giang,2021-03-07,0
Tien Giang,2021-03-08,0
Tien Giang,2021-03-09,1.3867871561656893
Tien Giang,2021-03-10,0
Tien Giang,2021-03-11,0
Tien Giang,2021-03-12,0
Tien Giang,2021-03-13,0
Tien Giang,2021-03-14,0
Tien Giang,2021-03-15,0
Tien Giang,2021-03-16,0
Tien Giang,2021-03-17,0
Tien Giang,2021-03-18,0
Tien Giang,2021-03-19,0
Tien Giang,2021-03-20,0
Tien Giang,2021-03-21,0
Tien Giang,2021-03-22,0
Tien Giang,2021-03-23,0
Tien Giang,2021-03-24,0
Tien Giang,2021-03-25,0
Tien Giang,2021-03-26,0.18492272407395477
Tien Giang,2021-03-27,1.7721455072935623
Tien Giang,2021-03-28,0
Tien Giang,2021-03-29,0
Tien Giang,2021-03-30,0
Tien Giang,2021-03-31,0
Tien Giang,2021-04-01,0
Tien Giang,2021-04-02,7.198589981904116
Tien Giang,2021-04-03,0.013344957814999737
Tien Giang,2021-04-04,0.40478972740191754
Tien Giang,2021-04-05,0.07474685697773044
Tien Giang,2021-04-06,0
Tien Giang,2021-04-07,0
Tien Giang,2021-04-08,0
Tien Giang,2021-04-09,0.2755068754863098
Tien Giang,2021-04-10,0.2954387703442879
Tien Giang,2021-04-11,0
Tien Giang,2021-04-12,0
Tien Giang,2021-04-13,0
Tien Giang,2021-04-14,17.81699526992301
Tien Giang,2021-04-15,8.655788906792194
Tien Giang,2021-04-16,9.456246255874095
Tien Giang,2021-04-17,5.5853448099019944
Tien Giang,2021-04-18,5.054815486499652
Tien Giang,2021-04-19,5.610504765861746
Tien Giang,2021-04-20,0.8136213673440895
Tien Giang,2021-04-21,27.605968375029725
Tien Giang,2021-04-22,22.755483482892974
Tien Giang,2021-04-23,17.06097597377902
Tien Giang,2021-04-24,5.446448412210436
Tien Giang,2021-04-25,5.104379600494828
Tien Giang,2021-04-26,5.008352804805396
Tien Giang,2021-04-27,4.89512598163081
Tien Giang,2021-04-28,0.6363013108590551
Tien Giang,2021-04-29,0
Tien Giang,2021-04-30,0
Tien Giang,2021-05-01,0.017179004199775003
Tien Giang,2021-05-02,0
Tien Giang,2021-05-03,0
Tien Giang,2021-05-04,0
Tien Giang,2021-05-05,0.42773039190600703
Tien Giang,2021-05-06,5.121469366939323
Tien Giang,2021-05-07,11.06759655335122
Tien Giang,2021-05-08,7.4536660700445445
Tien Giang,2021-05-09,0.01709028967838219
Tien Giang,2021-05-10,0
Tien Giang,2021-05-11,0
Tien Giang,2021-05-12,7.787871828812287
Tien Giang,2021-05-13,2.2270993515096893
Tien Giang,2021-05-14,1.2790081566794917
Tien Giang,2021-05-15,9.040039190680794
Tien Giang,2021-05-16,0.3494351767442581
Tien Giang,2021-05-17,36.62624589438163
Tien Giang,2021-05-18,5.74398520362909
Tien Giang,2021-05-19,8.664024788051826
Tien Giang,2021-05-20,5.574132838064502
Tien Giang,2021-05-21,17.695109733250728
Tien Giang,2021-05-22,8.61298072835349
Tien Giang,2021-05-23,23.029977788641702
Tien Giang,2021-05-24,23.266972334893875
Tien Giang,2021-05-25,22.141591589524012
Tien Giang,2021-05-26,7.693763560720559
Tien Giang,2021-05-27,6.424015628356982
Tien Giang,2021-05-28,3.057958278108989
Tien Giang,2021-05-29,2.0854498747583223
Tien Giang,2021-05-30,0
Tien Giang,2021-05-31,3.418600079894454
Tien Giang,2021-06-01,5.8121444218828415
Tien Giang,2021-06-02,6.59297935129588
Tien Giang,2021-06-03,1.4562124672594294
Tien Giang,2021-06-04,0
Tien Giang,2021-06-05,6.657124623918204
Tien Giang,2021-06-06,17.18628907981428
Tien Giang,2021-06-07,8.67191613320348
Tien Giang,2021-06-08,12.30681890271549
Tien Giang,2021-06-09,4.081014594454033
Tien Giang,2021-06-10,1.728531000941283
Tien Giang,2021-06-11,15.975636739636078
Tien Giang,2021-06-12,0.6233871328845583
Tien Giang,2021-06-13,0
Tien Giang,2021-06-14,7.593079023755165
Tien Giang,2021-06-15,13.579878205732504
Tien Giang,2021-06-16,0.21276441619131617
Tien Giang,2021-06-17,8.122337109977073
Tien Giang,2021-06-18,0
Tien Giang,2021-06-19,1.583854830623234
Tien Giang,2021-06-20,3.2574003689114845
Tien Giang,2021-06-21,2.342601123490426
Tien Giang,2021-06-22,6.964063359229449
Tien Giang,2021-06-23,4.703366598951179
Tien Giang,2021-06-24,0.6450727858339511
Tien Giang,2021-06-25,3.906795513456813
Tien Giang,2021-06-26,0.1222632470746027
Tien Giang,2021-06-27,0
Tien Giang,2021-06-28,0.02878351821667718
Tien Giang,2021-06-29,5.480203890991318
Tien Giang,2021-06-30,8.451453525702332
Tien Giang,2021-07-01,2.7986115176307234
Tien Giang,2021-07-02,2.1895473067544975
Tien Giang,2021-07-03,7.317747080797431
Tien Giang,2021-07-04,9.75786039571377
Tien Giang,2021-07-05,10.807819072768952
Tien Giang,2021-07-06,22.735610313395576
Tien Giang,2021-07-07,15.09045549403978
Tien Giang,2021-07-08,2.5505216612588955
Tien Giang,2021-07-09,4.490479897303869
Tien Giang,2021-07-10,0.6458845586405789
Tien Giang,2021-07-11,0.098313144827919
Tien Giang,2021-07-12,2.6338584674037158
Tien Giang,2021-07-13,13.25979409573242
Tien Giang,2021-07-14,17.199716845759777
Tien Giang,2021-07-15,19.30605556477603
Tien Giang,2021-07-16,1.2794531142978722
Tien Giang,2021-07-17,2.4601165488213064
Tien Giang,2021-07-18,14.266745192810607
Tien Giang,2021-07-19,0.5013799225256452
Tien Giang,2021-07-20,5.157547839442347
Tien Giang,2021-07-21,0.012117895211732701
Tien Giang,2021-07-22,7.495192221828778
Tien Giang,2021-07-23,9.647867227750499
Tien Giang,2021-07-24,4.933846343249799
Tien Giang,2021-07-25,0
Tien Giang,2021-07-26,0
Tien Giang,2021-07-27,6.7802813673512325
Tien Giang,2021-07-28,1.6668580515828404
Tien Giang,2021-07-29,9.227428954334547
Tien Giang,2021-07-30,1.0470633925668895
Tien Giang,2021-07-31,0.5298494629222953
Tien Giang,2021-08-01,13.19350319316077
Tien Giang,2021-08-02,0
Tien Giang,2021-08-03,3.1033142570574475
Tien Giang,2021-08-04,4.875011186963003
Tien Giang,2021-08-05,0
Tien Giang,2021-08-06,0
Tien Giang,2021-08-07,0.0805473772232082
Tien Giang,2021-08-08,3.4455681380183716
Tien Giang,2021-08-09,2.64011854659542
Tien Giang,2021-08-10,8.33694683412675
Tien Giang,2021-08-11,6.849715030134352
Tien Giang,2021-08-12,0.7933517433096072
Tien Giang,2021-08-13,8.16001264068205
Tien Giang,2021-08-14,11.05434660249654
Tien Giang,2021-08-15,8.37670930532567
Tien Giang,2021-08-16,3.0192228986033443
Tien Giang,2021-08-17,8.584587573909225
Tien Giang,2021-08-18,4.968921492361667
Tien Giang,2021-08-19,3.883550761226561
Tien Giang,2021-08-20,2.496032545809283
Tien Giang,2021-08-21,1.9363817240705556
Tien Giang,2021-08-22,10.14489989744668
Tien Giang,2021-08-23,8.082506452877048
Tien Giang,2021-08-24,13.070343013511936
Tien Giang,2021-08-25,11.212583931322609
Tien Giang,2021-08-26,7.59575584679836
Tien Giang,2021-08-27,11.946724820168674
Tien Giang,2021-08-28,12.607679597553027
Tien Giang,2021-08-29,4.320932577690248
Tien Giang,2021-08-30,5.523530076061325
Tien Giang,2021-08-31,9.687618724531
Tien Giang,2021-09-01,5.77269544738003
Tien Giang,2021-09-02,15.533947902157133
Tien Giang,2021-09-03,17.485829707282598
Tien Giang,2021-09-04,8.796633696135087
Tien Giang,2021-09-05,14.172231002774783
Tien Giang,2021-09-06,1.7488858929576514
Tien Giang,2021-09-07,13.67537668296891
Tien Giang,2021-09-08,2.5158801030366567
Tien Giang,2021-09-09,9.957820036919463
Tien Giang,2021-09-10,14.897644257383401
Tien Giang,2021-09-11,8.288169830698273
Tien Giang,2021-09-12,8.676942078606235
Tien Giang,2021-09-13,10.268203910120883
Tien Giang,2021-09-14,13.86254360259507
Tien Giang,2021-09-15,2.391580501789397
Tien Giang,2021-09-16,7.247351973655502
Tien Giang,2021-09-17,7.199709663521154
Tien Giang,2021-09-18,11.808364086266971
Tien Giang,2021-09-19,8.104652704445884
Tien Giang,2021-09-20,0.28343405918633674
Tien Giang,2021-09-21,5.683614922338946
Tien Giang,2021-09-22,12.913683108862255
Tien Giang,2021-09-23,5.843430288520505
Tien Giang,2021-09-24,19.457121030835804
Tien Giang,2021-09-25,14.264793123101235
Tien Giang,2021-09-26,8.536193892384306
Tien Giang,2021-09-27,1.5692642021819818
Tien Giang,2021-09-28,7.050445215253531
Tien Giang,2021-09-29,12.037208587030731
Tien Giang,2021-09-30,11.37797758340557
Tien Giang,2021-10-01,14.750882341829021
Tien Giang,2021-10-02,13.961797431978637
Tien Giang,2021-10-03,10.691128828247338
Tien Giang,2021-10-04,16.56587602441891
Tien Giang,2021-10-05,21.488816284307656
Tien Giang,2021-10-06,26.096255136789622
Tien Giang,2021-10-07,15.854013131949028
Tien Giang,2021-10-08,3.2833395626475794
Tien Giang,2021-10-09,12.531272118350802
Tien Giang,2021-10-10,14.26611953922703
Tien Giang,2021-10-11,28.19575958904845
Tien Giang,2021-10-12,0
Tien Giang,2021-10-13,12.368461624652785
Tien Giang,2021-10-14,15.571899125593374
Tien Giang,2021-10-15,19.931970307575828
Tien Giang,2021-10-16,11.489605052641577
Tien Giang,2021-10-17,2.569499709419068
Tien Giang,2021-10-18,1.3366767002376687
Tien Giang,2021-10-19,0.32127452424120995
Tien Giang,2021-10-20,20.642344487873327
Tien Giang,2021-10-21,6.9832767121804595
Tien Giang,2021-10-22,6.802701318337372
Tien Giang,2021-10-23,11.370525393193136
Tien Giang,2021-10-24,11.520083941245643
Tien Giang,2021-10-25,8.256378116479539
Tien Giang,2021-10-26,17.492928314792056
Tien Giang,2021-10-27,0.6055736731727213
Tien Giang,2021-10-28,0
Tien Giang,2021-10-29,14.611683294666756
Tien Giang,2021-10-30,0.43181908624054544
Tien Giang,2021-10-31,1.1986333564445895
Tien Giang,2021-11-01,1.837665353477886
Tien Giang,2021-11-02,1.749847926712205
Tien Giang,2021-11-03,12.123442790278201
Tien Giang,2021-11-04,0
Tien Giang,2021-11-05,0.9445542735454279
Tien Giang,2021-11-06,0.16769461200030228
Tien Giang,2021-11-07,2.8584558333037124
Tien Giang,2021-11-08,0
Tien Giang,2021-11-09,6.531997538558495
Tien Giang,2021-11-10,11.090583029307746
Tien Giang,2021-11-11,20.208278332437096
Tien Giang,2021-11-12,0
Tien Giang,2021-11-13,1.693514801089222
Tien Giang,2021-11-14,7.544732399983416
Tien Giang,2021-11-15,17.354491885412987
Tien Giang,2021-11-16,5.138079542702484
Tien Giang,2021-11-17,0.9538912873444393
Tien Giang,2021-11-18,4.604550112186147
Tien Giang,2021-11-19,0.843021250054984
Tien Giang,2021-11-20,9.739201803525022
Tien Giang,2021-11-21,0
Tien Giang,2021-11-22,0.033147013018143816
Tien Giang,2021-11-23,1.8303317829386943
Tien Giang,2021-11-24,0.6988763744950672
Tien Giang,2021-11-25,3.437121425494555
Tien Giang,2021-11-26,2.5092578924822835
Tien Giang,2021-11-27,6.675465714887854
Tien Giang,2021-11-28,8.645997446486055
Tien Giang,2021-11-29,7.390586713674128
Tien Giang,2021-11-30,12.226494997170379
Tien Giang,2021-12-01,1.460766802803278
Tien Giang,2021-12-02,2.8260995455967017
Tien Giang,2021-12-03,0.14374899529024043
Tien Giang,2021-12-04,4.797086287492298
Tien Giang,2021-12-05,0
Tien Giang,2021-12-06,0.030664183685801722
Tien Giang,2021-12-07,2.6028091893307925
Tien Giang,2021-12-08,0
Tien Giang,2021-12-09,0
Tien Giang,2021-12-10,0
Tien Giang,2021-12-11,0
Tien Giang,2021-12-12,0
Tien Giang,2021-12-13,0.33995843556049926
Tien Giang,2021-12-14,0
Tien Giang,2021-12-15,0
Tien Giang,2021-12-16,0.0451490009335941
Tien Giang,2021-12-17,1.2487455551797206
Tien Giang,2021-12-18,0
Tien Giang,2021-12-19,0
Tien Giang,2021-12-20,0
Tien Giang,2021-12-21,0
Tien Giang,2021-12-22,0
Tien Giang,2021-12-23,0
Tien Giang,2021-12-24,0
Tien Giang,2021-12-25,0
Tien Giang,2021-12-26,0
Tien Giang,2021-12-27,0
Tien Giang,2021-12-28,0.05316837757189311
Tien Giang,2021-12-29,0.15137697569464
Tien Giang,2021-12-30,3.8714905105560278
Tien Giang,2021-12-31,0
Tien Giang,2022-01-01,0
Tien Giang,2022-01-02,0.19021957640166273
Tien Giang,2022-01-03,0.02949163884093509
Tien Giang,2022-01-04,0
Tien Giang,2022-01-05,0
Tien Giang,2022-01-06,0
Tien Giang,2022-01-07,0
Tien Giang,2022-01-08,0
Tien Giang,2022-01-09,0
Tien Giang,2022-01-10,0
Tien Giang,2022-01-11,0
Tien Giang,2022-01-12,0
Tien Giang,2022-01-13,0
Tien Giang,2022-01-14,0
Tien Giang,2022-01-15,0
Tien Giang,2022-01-16,0
Tien Giang,2022-01-17,0
Tien Giang,2022-01-18,0
Tien Giang,2022-01-19,0
Tien Giang,2022-01-20,0
Tien Giang,2022-01-21,0
Tien Giang,2022-01-22,0
Tien Giang,2022-01-23,0
Tien Giang,2022-01-24,0
Tien Giang,2022-01-25,0
Tien Giang,2022-01-26,0
Tien Giang,2022-01-27,0
Tien Giang,2022-01-28,0
Tien Giang,2022-01-29,0
Tien Giang,2022-01-30,0
Tien Giang,2022-01-31,0
Tien Giang,2022-02-01,0
Tien Giang,2022-02-02,0
Tien Giang,2022-02-03,0
Tien Giang,2022-02-04,0.01804090688380226
Tien Giang,2022-02-05,0
Tien Giang,2022-02-06,0.27095316750185905
Tien Giang,2022-02-07,0
Tien Giang,2022-02-08,0
Tien Giang,2022-02-09,0
Tien Giang,2022-02-10,0.13908346197705923
Tien Giang,2022-02-11,0.340555582254709
Tien Giang,2022-02-12,0
Tien Giang,2022-02-13,0
Tien Giang,2022-02-14,0
Tien Giang,2022-02-15,0
Tien Giang,2022-02-16,0
Tien Giang,2022-02-17,0
Tien Giang,2022-02-18,0
Tien Giang,2022-02-19,0
Tien Giang,2022-02-20,0.054030353734990114
Tien Giang,2022-02-21,0.3908115180162752
Tien Giang,2022-02-22,2.8839753799784487
Tien Giang,2022-02-23,1.2520887615511813
Tien Giang,2022-02-24,2.363919019296314
Tien Giang,2022-02-25,0.24109345725102352
Tien Giang,2022-02-26,0.022849840408385957
Tien Giang,2022-02-27,0
Tien Giang,2022-02-28,0
Tien Giang,2022-03-01,0
Tien Giang,2022-03-02,0.029298202379927217
Tien Giang,2022-03-03,0
Tien Giang,2022-03-04,0
Tien Giang,2022-03-05,1.817009326774967
Tien Giang,2022-03-06,0
Tien Giang,2022-03-07,0.13690323526317155
Tien Giang,2022-03-08,0
Tien Giang,2022-03-09,0
Tien Giang,2022-03-10,0
Tien Giang,2022-03-11,0
Tien Giang,2022-03-12,0.3038939251596098
Tien Giang,2022-03-13,0
Tien Giang,2022-03-14,0
Tien Giang,2022-03-15,0
Tien Giang,2022-03-16,0
Tien Giang,2022-03-17,0
Tien Giang,2022-03-18,2.675441256104727
Tien Giang,2022-03-19,0.27022618699196543
Tien Giang,2022-03-20,0.06698623309068881
Tien Giang,2022-03-21,1.5032058597056963
Tien Giang,2022-03-22,0.0036880923681211967
Tien Giang,2022-03-23,0
Tien Giang,2022-03-24,0
Tien Giang,2022-03-25,0
Tien Giang,2022-03-26,0
Tien Giang,2022-03-27,2.157545088522921
Tien Giang,2022-03-28,8.600392525321034
Tien Giang,2022-03-29,3.0856244124064247
Tien Giang,2022-03-30,15.399315768219202
Tien Giang,2022-03-31,12.250113318142052
Tien Giang,2022-04-01,12.300893518452025
Tien Giang,2022-04-02,0
Tien Giang,2022-04-03,1.3316554464859838
Tien Giang,2022-04-04,3.9034787358390286
Tien Giang,2022-04-05,3.7679797818878344
Tien Giang,2022-04-06,4.899780116265941
Tien Giang,2022-04-07,0.004645811140544454
Tien Giang,2022-04-08,0
Tien Giang,2022-04-09,0.5428037002816347
Tien Giang,2022-04-10,0
Tien Giang,2022-04-11,0.8750901815374459
Tien Giang,2022-04-12,0
Tien Giang,2022-04-13,0.09128679509356813
Tien Giang,2022-04-14,5.325441420771157
Tien Giang,2022-04-15,8.699572941067855
Tien Giang,2022-04-16,10.203396169913274
Tien Giang,2022-04-17,0
Tien Giang,2022-04-18,0
Tien Giang,2022-04-19,1.0984139033139917
Tien Giang,2022-04-20,0.8285873102060984
Tien Giang,2022-04-21,0
Tien Giang,2022-04-22,0
Tien Giang,2022-04-23,0.013493337935614214
Tien Giang,2022-04-24,0.4078451705896712
Tien Giang,2022-04-25,0
Tien Giang,2022-04-26,4.743727270737192
Tien Giang,2022-04-27,0.44028466940165895
Tien Giang,2022-04-28,2.374363674228877
Tien Giang,2022-04-29,10.808657761048986
Tien Giang,2022-04-30,7.875152137982369
Tien Giang,2022-05-01,8.213185024311345
Tien Giang,2022-05-02,13.376476652225865
Tien Giang,2022-05-03,12.276512274387866
Tien Giang,2022-05-04,14.861509427460016
Tien Giang,2022-05-05,3.871577953468512
Tien Giang,2022-05-06,0.6340082036121139
Tien Giang,2022-05-07,0.05865459243432548
Tien Giang,2022-05-08,6.381238706468371
Tien Giang,2022-05-09,1.417595541988833
Tien Giang,2022-05-10,7.055564968177718
Tien Giang,2022-05-11,4.452918853472447
Tien Giang,2022-05-12,8.034025570838104
Tien Giang,2022-05-13,6.661081461831437
Tien Giang,2022-05-14,2.8687347826822096
Tien Giang,2022-05-15,7.702148361000059
Tien Giang,2022-05-16,9.344464337181801
Tien Giang,2022-05-17,10.051894765220323
Tien Giang,2022-05-18,13.656796825636487
Tien Giang,2022-05-19,8.29345703707117
Tien Giang,2022-05-20,8.308023219164014
Tien Giang,2022-05-21,9.559172613143843
Tien Giang,2022-05-22,13.491192766956555
Tien Giang,2022-05-23,0
Tien Giang,2022-05-24,1.372965147372421
Tien Giang,2022-05-25,0.07158603322395185
Tien Giang,2022-05-26,11.812969560697205
Tien Giang,2022-05-27,11.787629579693139
Tien Giang,2022-05-28,5.710105965907661
Tien Giang,2022-05-29,5.5085559266171975
Tien Giang,2022-05-30,9.496086165045828
Tien Giang,2022-05-31,1.9451621715188443
Tien Giang,2022-06-01,4.811375981242987
Tien Giang,2022-06-02,9.547906936430534
Tien Giang,2022-06-03,11.599800034657997
Tien Giang,2022-06-04,4.223104338304337
Tien Giang,2022-06-05,1.1969603139221283
Tien Giang,2022-06-06,6.217148546096349
Tien Giang,2022-06-07,7.8372455553154765
Tien Giang,2022-06-08,1.50142569252503
Tien Giang,2022-06-09,9.249262820455929
Tien Giang,2022-06-10,4.153121103012314
Tien Giang,2022-06-11,5.75957761655353
Tien Giang,2022-06-12,7.64025618416139
Tien Giang,2022-06-13,1.891575306909312
Tien Giang,2022-06-14,0
Tien Giang,2022-06-15,2.723254188107041
Tien Giang,2022-06-16,4.154486289867703
Tien Giang,2022-06-17,3.5008121873035756
Tien Giang,2022-06-18,3.9009331459061376
Tien Giang,2022-06-19,4.900704502953896
Tien Giang,2022-06-20,5.260507628633924
Tien Giang,2022-06-21,9.749103151012765
Tien Giang,2022-06-22,10.378812754568013
Tien Giang,2022-06-23,9.067999431361072
Tien Giang,2022-06-24,6.1017106360486935
Tien Giang,2022-06-25,2.979331082242055
Tien Giang,2022-06-26,5.140186901224106
Tien Giang,2022-06-27,6.516980183133654
Tien Giang,2022-06-28,6.375084068801932
Tien Giang,2022-06-29,10.982267248952267
Tien Giang,2022-06-30,11.875879746393297
Tien Giang,2022-07-01,8.144889068154699
Tien Giang,2022-07-02,17.485270662140106
Tien Giang,2022-07-03,11.136649299888717
Tien Giang,2022-07-04,4.758208233143711
Tien Giang,2022-07-05,0.2768571119307321
Tien Giang,2022-07-06,0.8807463086834331
Tien Giang,2022-07-07,18.16377217174751
Tien Giang,2022-07-08,22.91679020376026
Tien Giang,2022-07-09,10.723730215211727
Tien Giang,2022-07-10,0.8395628531725933
Tien Giang,2022-07-11,0.16778162251598253
Tien Giang,2022-07-12,11.244618528458231
Tien Giang,2022-07-13,0
Tien Giang,2022-07-14,0.02182142422179206
Tien Giang,2022-07-15,9.761363922736892
Tien Giang,2022-07-16,6.032212105641671
Tien Giang,2022-07-17,3.561733612285951
Tien Giang,2022-07-18,10.06867613390979
Tien Giang,2022-07-19,11.06770308555446
Tien Giang,2022-07-20,19.792925495052412
Tien Giang,2022-07-21,15.811007911683967
Tien Giang,2022-07-22,4.515243719504579
Tien Giang,2022-07-23,8.608886031247904
Tien Giang,2022-07-24,0
Tien Giang,2022-07-25,0
Tien Giang,2022-07-26,14.037575240933274
Tien Giang,2022-07-27,5.656303170229749
Tien Giang,2022-07-28,4.599384842833452
Tien Giang,2022-07-29,2.3407623739178494
Tien Giang,2022-07-30,15.00533059345238
Tien Giang,2022-07-31,22.312175326928323
Tien Giang,2022-08-01,16.177913175067093
Tien Giang,2022-08-02,6.872515450191013
Tien Giang,2022-08-03,7.681417227836699
Tien Giang,2022-08-04,6.057497560390548
Tien Giang,2022-08-05,9.709617249038594
Tien Giang,2022-08-06,9.126157683151584
Tien Giang,2022-08-07,17.870893616221956
Tien Giang,2022-08-08,2.981842233104604
Tien Giang,2022-08-09,0.10018875155750616
Tien Giang,2022-08-10,2.519954432822027
Tien Giang,2022-08-11,6.080486273996683
Tien Giang,2022-08-12,3.3026648093668127
Tien Giang,2022-08-13,0
Tien Giang,2022-08-14,1.5341685747928622
Tien Giang,2022-08-15,11.095416199973494
Tien Giang,2022-08-16,8.464589008000479
Tien Giang,2022-08-17,3.219052309704335
Tien Giang,2022-08-18,6.8230305355565
Tien Giang,2022-08-19,7.565512826315075
Tien Giang,2022-08-20,8.147672339181183
Tien Giang,2022-08-21,3.993825844971125
Tien Giang,2022-08-22,6.204591721925656
Tien Giang,2022-08-23,5.056441612223703
Tien Giang,2022-08-24,8.185903210281475
Tien Giang,2022-08-25,7.368733331993241
Tien Giang,2022-08-26,9.175336784371078
Tien Giang,2022-08-27,4.699155894074215
Tien Giang,2022-08-28,4.155990393593998
Tien Giang,2022-08-29,0.02050041075440607
Tien Giang,2022-08-30,0.90727066484481
Tien Giang,2022-08-31,6.376810798007855
Tien Giang,2022-09-01,0.005781179920416107
Tien Giang,2022-09-02,8.968021590684469
Tien Giang,2022-09-03,7.717525050778296
Tien Giang,2022-09-04,9.078148768513099
Tien Giang,2022-09-05,12.229974730727053
Tien Giang,2022-09-06,24.207978760015127
Tien Giang,2022-09-07,7.358920287637122
Tien Giang,2022-09-08,0
Tien Giang,2022-09-09,0.5153922167534388
Tien Giang,2022-09-10,1.410881514043092
Tien Giang,2022-09-11,6.615704385576689
Tien Giang,2022-09-12,7.958705239944055
Tien Giang,2022-09-13,4.372475609219873
Tien Giang,2022-09-14,6.370106527127406
Tien Giang,2022-09-15,8.55834778996725
Tien Giang,2022-09-16,12.156536104136213
Tien Giang,2022-09-17,8.48145622420899
Tien Giang,2022-09-18,9.86974067691057
Tien Giang,2022-09-19,3.790050329329055
Tien Giang,2022-09-20,5.4309720699202435
Tien Giang,2022-09-21,4.896377177198379
Tien Giang,2022-09-22,11.295244072818642
Tien Giang,2022-09-23,8.184537304238422
Tien Giang,2022-09-24,6.6548645669373165
Tien Giang,2022-09-25,11.784445341266045
Tien Giang,2022-09-26,7.867923515291131
Tien Giang,2022-09-27,3.29484424907153
Tien Giang,2022-09-28,8.034810828575685
Tien Giang,2022-09-29,11.503515741177871
Tien Giang,2022-09-30,13.858397013682392
Tien Giang,2022-10-01,15.285762065730788
Tien Giang,2022-10-02,13.622850600570555
Tien Giang,2022-10-03,8.308634551042026
Tien Giang,2022-10-04,2.6147484278372968
Tien Giang,2022-10-05,7.519448746104699
Tien Giang,2022-10-06,1.9958462032528177
Tien Giang,2022-10-07,5.490236472174358
Tien Giang,2022-10-08,24.763725582196617
Tien Giang,2022-10-09,19.25429181798283
Tien Giang,2022-10-10,9.924803925492698
Tien Giang,2022-10-11,10.547271297231273
Tien Giang,2022-10-12,20.266175048780244
Tien Giang,2022-10-13,4.222289987180255
Tien Giang,2022-10-14,8.954532701488393
Tien Giang,2022-10-15,0
Tien Giang,2022-10-16,0
Tien Giang,2022-10-17,0
Tien Giang,2022-10-18,1.0406154837258683
Tien Giang,2022-10-19,20.986959451259818
Tien Giang,2022-10-20,25.742146788644252
Tien Giang,2022-10-21,0
Tien Giang,2022-10-22,4.277659217070643
Tien Giang,2022-10-23,15.219051375852683
Tien Giang,2022-10-24,21.578896353084726
Tien Giang,2022-10-25,13.291930016247234
Tien Giang,2022-10-26,0.9095161253935773
Tien Giang,2022-10-27,34.203995484271196
Tien Giang,2022-10-28,9.441933330557987
Tien Giang,2022-10-29,10.548827480029841
Tien Giang,2022-10-30,0.6797368853384018
Tien Giang,2022-10-31,0
Tien Giang,2022-11-01,0
Tien Giang,2022-11-02,0
Tien Giang,2022-11-03,13.072293731923754
Tien Giang,2022-11-04,14.4078604905058
Tien Giang,2022-11-05,0
Tien Giang,2022-11-06,4.086536434975007
Tien Giang,2022-11-07,3.1088725551462373
Tien Giang,2022-11-08,0.8813879349979649
Tien Giang,2022-11-09,0
Tien Giang,2022-11-10,0
Tien Giang,2022-11-11,0.08100667187206743
Tien Giang,2022-11-12,5.155510869367014
Tien Giang,2022-11-13,1.1031539445813168
Tien Giang,2022-11-14,0
Tien Giang,2022-11-15,1.200281571605402
Tien Giang,2022-11-16,0.03428073481961807
Tien Giang,2022-11-17,0.038247269936968926
Tien Giang,2022-11-18,7.7821542641876835
Tien Giang,2022-11-19,30.43758905433092
Tien Giang,2022-11-20,29.32556980741142
Tien Giang,2022-11-21,26.89914541323913
Tien Giang,2022-11-22,27.331866837023522
Tien Giang,2022-11-23,3.332763613011187
Tien Giang,2022-11-24,2.8887960155579586
Tien Giang,2022-11-25,0.6590724636038139
Tien Giang,2022-11-26,1.632528545572514
Tien Giang,2022-11-27,0.1981913705568562
Tien Giang,2022-11-28,0.5708651646811668
Tien Giang,2022-11-29,0
Tien Giang,2022-11-30,2.201466198147055
Tien Giang,2022-12-01,5.491959869331751
Tien Giang,2022-12-02,6.853899473609046
Tien Giang,2022-12-03,26.90551104759835
Tien Giang,2022-12-04,1.43141957304847
Tien Giang,2022-12-05,0
Tien Giang,2022-12-06,0.6559842661569174
Tien Giang,2022-12-07,0.5968501362565257
Tien Giang,2022-12-08,2.0131550094999904
Tien Giang,2022-12-09,0.048378075767343084
Tien Giang,2022-12-10,0.10053319538029454
Tien Giang,2022-12-11,0
Tien Giang,2022-12-12,0
Tien Giang,2022-12-13,0
Tien Giang,2022-12-14,0
Tien Giang,2022-12-15,0
Tien Giang,2022-12-16,2.507498370829584
Tien Giang,2022-12-17,4.206194866806919
Tien Giang,2022-12-18,0
Tien Giang,2022-12-19,0
Tien Giang,2022-12-20,0
Tien Giang,2022-12-21,0.36210995833433857
Tien Giang,2022-12-22,0
Tien Giang,2022-12-23,0
Tien Giang,2022-12-24,0.3320436863181702
Tien Giang,2022-12-25,0
Tien Giang,2022-12-26,0.6452807115197522
Tien Giang,2022-12-27,0.15770828627527325
Tien Giang,2022-12-28,0.7317183246237958
Tien Giang,2022-12-29,0.05309704423099391
Tien Giang,2022-12-30,0
Tien Giang,2022-12-31,0.6749576100311104
Tien Giang,2023-01-01,0
Tien Giang,2023-01-02,0.10132319630594898
Tien Giang,2023-01-03,0.01602357400834553
Tien Giang,2023-01-04,0.8868014884682665
Tien Giang,2023-01-05,4.107848694120129
Tien Giang,2023-01-06,1.7834403741187566
Tien Giang,2023-01-07,3.425242928381461
Tien Giang,2023-01-08,0.5877714871804005
Tien Giang,2023-01-09,0.8975604351587918
Tien Giang,2023-01-10,5.394845482793453
Tien Giang,2023-01-11,0
Tien Giang,2023-01-12,0
Tien Giang,2023-01-13,0
Tien Giang,2023-01-14,0
Tien Giang,2023-01-15,0
Tien Giang,2023-01-16,0
Tien Giang,2023-01-17,0
Tien Giang,2023-01-18,0.17466998632769057
Tien Giang,2023-01-19,0.09390949670693347
Tien Giang,2023-01-20,0
Tien Giang,2023-01-21,0
Tien Giang,2023-01-22,0.837175191889668
Tien Giang,2023-01-23,0
Tien Giang,2023-01-24,0.10001569778958251
Tien Giang,2023-01-25,0.2675535952288235
Tien Giang,2023-01-26,0
Tien Giang,2023-01-27,0.05077636088471818
Tien Giang,2023-01-28,0.16813246807325707
Tien Giang,2023-01-29,0
Tien Giang,2023-01-30,0.06361586421297778
Tien Giang,2023-01-31,0
Tien Giang,2023-02-01,0
Tien Giang,2023-02-02,0.20991473540110495
Tien Giang,2023-02-03,0.3612939024541207
Tien Giang,2023-02-04,0
Tien Giang,2023-02-05,0
Tien Giang,2023-02-06,0
Tien Giang,2023-02-07,0
Tien Giang,2023-02-08,0.24013196330198808
Tien Giang,2023-02-09,0
Tien Giang,2023-02-10,0
Tien Giang,2023-02-11,0
Tien Giang,2023-02-12,0.06164657507153347
Tien Giang,2023-02-13,1.748094981488993
Tien Giang,2023-02-14,4.953606781027952
Tien Giang,2023-02-15,0.10261571434649798
Tien Giang,2023-02-16,0.03902201786595949
Tien Giang,2023-02-17,0
Tien Giang,2023-02-18,0
Tien Giang,2023-02-19,0.29984022616707146
Tien Giang,2023-02-20,0
Tien Giang,2023-02-21,0.037659413729864415
Tien Giang,2023-02-22,0
Tien Giang,2023-02-23,0
Tien Giang,2023-02-24,0
Tien Giang,2023-02-25,0
Tien Giang,2023-02-26,0
Tien Giang,2023-02-27,1.1159231703076464
Tien Giang,2023-02-28,0.19413849838606373
Tien Giang,2023-03-01,0
Tien Giang,2023-03-02,1.1950100886409853
Tien Giang,2023-03-03,0.6219567842396442
Tien Giang,2023-03-04,0.6633475968318052
Tien Giang,2023-03-05,0
Tien Giang,2023-03-06,1.0260258265327242
Tien Giang,2023-03-07,0
Tien Giang,2023-03-08,0.6452735193074648
Tien Giang,2023-03-09,0
Tien Giang,2023-03-10,0
Tien Giang,2023-03-11,0
Tien Giang,2023-03-12,0
Tien Giang,2023-03-13,0
Tien Giang,2023-03-14,0
Tien Giang,2023-03-15,0
Tien Giang,2023-03-16,0
Tien Giang,2023-03-17,0
Tien Giang,2023-03-18,0
Tien Giang,2023-03-19,0
Tien Giang,2023-03-20,0
Tien Giang,2023-03-21,0
Tien Giang,2023-03-22,0
Tien Giang,2023-03-23,0
Tien Giang,2023-03-24,0
Tien Giang,2023-03-25,0
Tien Giang,2023-03-26,0
Tien Giang,2023-03-27,0
Tien Giang,2023-03-28,0.22152689902359798
Tien Giang,2023-03-29,0
Tien Giang,2023-03-30,0
Tien Giang,2023-03-31,0
Tien Giang,2023-04-01,0.00943513835484866
Tien Giang,2023-04-02,0.1079937520891609
Tien Giang,2023-04-03,0.03098129992137694
Tien Giang,2023-04-04,1.3561215660202932
Tien Giang,2023-04-05,0
Tien Giang,2023-04-06,0
Tien Giang,2023-04-07,0
Tien Giang,2023-04-08,0
Tien Giang,2023-04-09,0.4227941265906396
Tien Giang,2023-04-10,0
Tien Giang,2023-04-11,0
Tien Giang,2023-04-12,0
Tien Giang,2023-04-13,0.0005192926588764683
Tien Giang,2023-04-14,0
Tien Giang,2023-04-15,11.586023316552719
Tien Giang,2023-04-16,10.439050391761754
Tien Giang,2023-04-17,2.9135850653232747
Tien Giang,2023-04-18,0
Tien Giang,2023-04-19,0
Tien Giang,2023-04-20,0.24029802958630894
Tien Giang,2023-04-21,1.2674886196963213
Tien Giang,2023-04-22,0.02222409468348117
Tien Giang,2023-04-23,0
Tien Giang,2023-04-24,3.721999346349224
Tien Giang,2023-04-25,0.027432741065271025
Tien Giang,2023-04-26,0
Tien Giang,2023-04-27,0
Tien Giang,2023-04-28,0
Tien Giang,2023-04-29,0
Tien Giang,2023-04-30,1.1672140279849454
Tien Giang,2023-05-01,0.8247324165567725
Tien Giang,2023-05-02,0.5233722135396444
Tien Giang,2023-05-03,0
Tien Giang,2023-05-04,0
Tien Giang,2023-05-05,1.4565504303375927
Tien Giang,2023-05-06,0
Tien Giang,2023-05-07,1.6514449966082814
Tien Giang,2023-05-08,10.381538027784119
Tien Giang,2023-05-09,6.087584780330968
Tien Giang,2023-05-10,0.7170624580872778
Tien Giang,2023-05-11,10.403988483478516
Tien Giang,2023-05-12,6.2076851830038065
Tien Giang,2023-05-13,0.4390424808029446
Tien Giang,2023-05-14,0.4822931436017227
Tien Giang,2023-05-15,5.3381903365354475
Tien Giang,2023-05-16,4.0073645020916056
Tien Giang,2023-05-17,7.171374683891085
Tien Giang,2023-05-18,5.843324098893533
Tien Giang,2023-05-19,1.244579329292531
Tien Giang,2023-05-20,7.214242083995359
Tien Giang,2023-05-21,10.405465583522
Tien Giang,2023-05-22,5.8597706770418325
Tien Giang,2023-05-23,4.833880845580037
Tien Giang,2023-05-24,6.146762132663832
Tien Giang,2023-05-25,7.16794911696221
Tien Giang,2023-05-26,12.462484335037207
Tien Giang,2023-05-27,11.93296783286229
Tien Giang,2023-05-28,0
Tien Giang,2023-05-29,7.283214859536471
Tien Giang,2023-05-30,2.583479282425489
Tien Giang,2023-05-31,11.220663670690648
Tien Giang,2023-06-01,4.611320910289422
Tien Giang,2023-06-02,6.095030405329494
Tien Giang,2023-06-03,1.935023455074905
Tien Giang,2023-06-04,13.991752739151341
Tien Giang,2023-06-05,13.884609300283426
Tien Giang,2023-06-06,4.895301591160359
Tien Giang,2023-06-07,7.8279405569379055
Tien Giang,2023-06-08,8.74676076463738
Tien Giang,2023-06-09,0.19540210788859222
Tien Giang,2023-06-10,7.6625555055886885
Tien Giang,2023-06-11,1.8997890147424021
Tien Giang,2023-06-12,7.206157069785289
Tien Giang,2023-06-13,4.458224347819128
Tien Giang,2023-06-14,0.004171898855936124
Tien Giang,2023-06-15,3.1442366485301094
Tien Giang,2023-06-16,2.6603043095775227
Tien Giang,2023-06-17,15.825499146132627
Tien Giang,2023-06-18,3.1039772479437566
Tien Giang,2023-06-19,0
Tien Giang,2023-06-20,21.100066017938648
Tien Giang,2023-06-21,2.425692489921008
Tien Giang,2023-06-22,9.537277338774366
Tien Giang,2023-06-23,1.3775372946714532
Tien Giang,2023-06-24,3.867675677638949
Tien Giang,2023-06-25,8.380484190217729
Tien Giang,2023-06-26,6.108866619884448
Tien Giang,2023-06-27,15.945054821753065
Tien Giang,2023-06-28,5.619876241095131
Tien Giang,2023-06-29,10.258738501390992
Tien Giang,2023-06-30,13.423387233050855
Tien Giang,2023-07-01,22.550263457514827
Tien Giang,2023-07-02,6.554286819284774
Tien Giang,2023-07-03,14.503941551332169
Tien Giang,2023-07-04,2.889324135237729
Tien Giang,2023-07-05,10.776449207077897
Tien Giang,2023-07-06,2.4931128290507893
Tien Giang,2023-07-07,1.029562367816006
Tien Giang,2023-07-08,8.803673376067877
Tien Giang,2023-07-09,7.646722442103258
Tien Giang,2023-07-10,0.8320812506081328
Tien Giang,2023-07-11,9.02232242228015
Tien Giang,2023-07-12,10.083418617081286
Tien Giang,2023-07-13,16.41100329385337
Tien Giang,2023-07-14,8.376320410194825
Tien Giang,2023-07-15,3.036675242875934
Tien Giang,2023-07-16,19.746903363872253
Tien Giang,2023-07-17,18.174775297214712
Tien Giang,2023-07-18,0.6339937971303922
Tien Giang,2023-07-19,14.068068833963173
Tien Giang,2023-07-20,0.6269193223071191
Tien Giang,2023-07-21,17.103984165736357
Tien Giang,2023-07-22,9.825733752316076
Tien Giang,2023-07-23,21.189770094987107
Tien Giang,2023-07-24,17.29992256039496
Tien Giang,2023-07-25,8.73860208633645
Tien Giang,2023-07-26,18.639054911762194
Tien Giang,2023-07-27,17.050772500907968
Tien Giang,2023-07-28,14.846669403077094
Tien Giang,2023-07-29,6.856317416760714
Tien Giang,2023-07-30,22.88462197105948
Tien Giang,2023-07-31,9.403449597225789
Tien Giang,2023-08-01,3.5745756869237253
Tien Giang,2023-08-02,3.32847833064732
Tien Giang,2023-08-03,9.016694654056026
Tien Giang,2023-08-04,5.192271283039124
Tien Giang,2023-08-05,2.197215274910758
Tien Giang,2023-08-06,0
Tien Giang,2023-08-07,0
Tien Giang,2023-08-08,0
Tien Giang,2023-08-09,0
Tien Giang,2023-08-10,8.58722174830786
Tien Giang,2023-08-11,0
Tien Giang,2023-08-12,11.10432119875095
Tien Giang,2023-08-13,6.169515511865021
Tien Giang,2023-08-14,16.301813236433134
Tien Giang,2023-08-15,0
Tien Giang,2023-08-16,5.107561824970131
Tien Giang,2023-08-17,10.729561910467774
Tien Giang,2023-08-18,6.559747321200693
Tien Giang,2023-08-19,16.72783597977852
Tien Giang,2023-08-20,5.16087073390978
Tien Giang,2023-08-21,3.772604211683577
Tien Giang,2023-08-22,9.196323484413718
Tien Giang,2023-08-23,0.3323858495086778
Tien Giang,2023-08-24,3.143046383011692
Tien Giang,2023-08-25,3.3989302625142486
Tien Giang,2023-08-26,8.585143488691825
Tien Giang,2023-08-27,8.342994553896762
Tien Giang,2023-08-28,11.076055242272922
Tien Giang,2023-08-29,8.42021973704367
Tien Giang,2023-08-30,6.994193874769737
Tien Giang,2023-08-31,11.903055101622284
Tien Giang,2023-09-01,7.837881550900701
Tien Giang,2023-09-02,0.12259156062085996
Tien Giang,2023-09-03,12.704147023545893
Tien Giang,2023-09-04,7.627330655205024
Tien Giang,2023-09-05,2.4626688072339156
Tien Giang,2023-09-06,0.6920658968022514
Tien Giang,2023-09-07,1.5879594949891305
Tien Giang,2023-09-08,12.448637542421181
Tien Giang,2023-09-09,6.873785931079827
Tien Giang,2023-09-10,2.6407474001627484
Tien Giang,2023-09-11,0
Tien Giang,2023-09-12,5.327165060801718
Tien Giang,2023-09-13,5.637694732723096
Tien Giang,2023-09-14,11.29844050471471
Tien Giang,2023-09-15,0
Tien Giang,2023-09-16,8.723913472970693
Tien Giang,2023-09-17,10.708766253484303
Tien Giang,2023-09-18,9.559828341071967
Tien Giang,2023-09-19,7.302838545928107
Tien Giang,2023-09-20,1.7094048655650234
Tien Giang,2023-09-21,5.820640484271412
Tien Giang,2023-09-22,6.950133157569526
Tien Giang,2023-09-23,10.51737854453028
Tien Giang,2023-09-24,18.257022613119382
Tien Giang,2023-09-25,4.055739857992151
Tien Giang,2023-09-26,9.229694054586199
Tien Giang,2023-09-27,4.998585778438127
Tien Giang,2023-09-28,0.061027281560813815
Tien Giang,2023-09-29,16.080695559898796
Tien Giang,2023-09-30,9.226161879558328
Tien Giang,2023-10-01,28.180273621690596
Tien Giang,2023-10-02,25.590658746698416
Tien Giang,2023-10-03,0
Tien Giang,2023-10-04,0
Tien Giang,2023-10-05,6.889891904844972
Tien Giang,2023-10-06,4.058631562260245
Tien Giang,2023-10-07,3.135685033500159
Tien Giang,2023-10-08,5.544385224872061
Tien Giang,2023-10-09,2.9379485373015393
Tien Giang,2023-10-10,5.528480892500554
Tien Giang,2023-10-11,0.6289475191618161
Tien Giang,2023-10-12,5.320334314796511
Tien Giang,2023-10-13,8.748705262713168
Tien Giang,2023-10-14,16.69092546944587
Tien Giang,2023-10-15,14.05631856733054
Tien Giang,2023-10-16,14.471112315631066
Tien Giang,2023-10-17,12.905650343008258
Tien Giang,2023-10-18,8.690383513931542
Tien Giang,2023-10-19,3.662775528631851
Tien Giang,2023-10-20,0.034164159997346476
Tien Giang,2023-10-21,10.713909711723073
Tien Giang,2023-10-22,8.181600562853218
Tien Giang,2023-10-23,5.803917619316151
Tien Giang,2023-10-24,0
Tien Giang,2023-10-25,8.493589085847093
Tien Giang,2023-10-26,2.9620412814301162
Tien Giang,2023-10-27,5.967100798836765
Tien Giang,2023-10-28,2.031740064733367
Tien Giang,2023-10-29,34.27676189220526
Tien Giang,2023-10-30,3.0740971665366854
Tien Giang,2023-10-31,8.40827637001465
Tien Giang,2023-11-01,1.5129590729189093
Tien Giang,2023-11-02,12.671820753228038
Tien Giang,2023-11-03,7.015303062378971
Tien Giang,2023-11-04,0.023509681188860255
Tien Giang,2023-11-05,14.464357400246413
Tien Giang,2023-11-06,1.4092239470067771
Tien Giang,2023-11-07,6.186745821396328
Tien Giang,2023-11-08,0.9398663510340638
Tien Giang,2023-11-09,9.500272919275195
Tien Giang,2023-11-10,8.298643370654018
Tien Giang,2023-11-11,0
Tien Giang,2023-11-12,0
Tien Giang,2023-11-13,3.081192841174438
Tien Giang,2023-11-14,6.935042616799409
Tien Giang,2023-11-15,2.1451640533406446
Tien Giang,2023-11-16,9.541099933917954
Tien Giang,2023-11-17,2.409617417643428
Tien Giang,2023-11-18,0.12850051799671516
Tien Giang,2023-11-19,2.037741512780619
Tien Giang,2023-11-20,2.9319837699828915
Tien Giang,2023-11-21,0
Tien Giang,2023-11-22,0.4243834939257511
Tien Giang,2023-11-23,5.299847357492043
Tien Giang,2023-11-24,4.961033487352551
Tien Giang,2023-11-25,1.233290578065483
Tien Giang,2023-11-26,3.161540122457197
Tien Giang,2023-11-27,0.02990036918729439
Tien Giang,2023-11-28,3.781588906280129
Tien Giang,2023-11-29,0.014212130982380689
Tien Giang,2023-11-30,0.1017502375751138
Tien Giang,2023-12-01,0.08725600293250282
Tien Giang,2023-12-02,20.50549323115458
Tien Giang,2023-12-03,0.9960790156052226
Tien Giang,2023-12-04,0
Tien Giang,2023-12-05,0
Tien Giang,2023-12-06,0.8002946599481822
Tien Giang,2023-12-07,0.8826691558233407
Tien Giang,2023-12-08,3.146159255496457
Tien Giang,2023-12-09,0.38660030684147567
Tien Giang,2023-12-10,0.8716757003916062
Tien Giang,2023-12-11,0.09648935853617413
Tien Giang,2023-12-12,0
Tien Giang,2023-12-13,0.07309243001125013
Tien Giang,2023-12-14,0.009402368538224596
Tien Giang,2023-12-15,0.005339006002697047
Tien Giang,2023-12-16,0
Tien Giang,2023-12-17,0
Tien Giang,2023-12-18,0
Tien Giang,2023-12-19,0
Tien Giang,2023-12-20,0
Tien Giang,2023-12-21,0
Tien Giang,2023-12-22,1.9308241189741693
Tien Giang,2023-12-23,0
Tien Giang,2023-12-24,0.06852720481076506
Tien Giang,2023-12-25,0
Tien Giang,2023-12-26,0
Tien Giang,2023-12-27,0
Tien Giang,2023-12-28,0
Tien Giang,2023-12-29,0.26599868124725595
Tien Giang,2023-12-30,0
Tien Giang,2023-12-31,0
Tien Giang,2024-01-01,0.2029676178829806
Tien Giang,2024-01-02,0
Tien Giang,2024-01-03,0.7248875599203612
Tien Giang,2024-01-04,0
Tien Giang,2024-01-05,0.8362085611187947
Tien Giang,2024-01-06,0.6235703325613012
Tien Giang,2024-01-07,0
Tien Giang,2024-01-08,1.287242327258725
Tien Giang,2024-01-09,0
Tien Giang,2024-01-10,0
Tien Giang,2024-01-11,0.24883518235872654
Tien Giang,2024-01-12,0
Tien Giang,2024-01-13,2.053260087923764
Tien Giang,2024-01-14,0.41316206263141725
Tien Giang,2024-01-15,0.6261168309561538
Tien Giang,2024-01-16,0.16247547086152803
Tien Giang,2024-01-17,0
Tien Giang,2024-01-18,0
Tien Giang,2024-01-19,0
Tien Giang,2024-01-20,0.11557461872722649
Tien Giang,2024-01-21,0.0080197121275051
Tien Giang,2024-01-22,0
Tien Giang,2024-01-23,0
Tien Giang,2024-01-24,0
Tien Giang,2024-01-25,0.00284484974756153
Tien Giang,2024-01-26,0.018602472616361165
Tien Giang,2024-01-27,0
Tien Giang,2024-01-28,0
Tien Giang,2024-01-29,0
Tien Giang,2024-01-30,0
Tien Giang,2024-01-31,0
Tien Giang,2024-02-01,0
Tien Giang,2024-02-02,0
Tien Giang,2024-02-03,0
Tien Giang,2024-02-04,0.05333511647452708
Tien Giang,2024-02-05,0
Tien Giang,2024-02-06,0
Tien Giang,2024-02-07,0
Tien Giang,2024-02-08,0.09130657675816639
Tien Giang,2024-02-09,0
Tien Giang,2024-02-10,0
Tien Giang,2024-02-11,0.6945305091368741
Tien Giang,2024-02-12,0
Tien Giang,2024-02-13,0
Tien Giang,2024-02-14,0
Tien Giang,2024-02-15,0
Tien Giang,2024-02-16,0
Tien Giang,2024-02-17,0
Tien Giang,2024-02-18,0
Tien Giang,2024-02-19,0
Tien Giang,2024-02-20,0
Tien Giang,2024-02-21,0
Tien Giang,2024-02-22,0
Tien Giang,2024-02-23,0
Tien Giang,2024-02-24,0.8195370014279362
Tien Giang,2024-02-25,0
Tien Giang,2024-02-26,0
Tien Giang,2024-02-27,0
Tien Giang,2024-02-28,0
Tien Giang,2024-02-29,0
Tien Giang,2024-03-01,0
Tien Giang,2024-03-02,0.6212156583986557
Tien Giang,2024-03-03,0
Tien Giang,2024-03-04,0
Tien Giang,2024-03-05,0
Tien Giang,2024-03-06,0
Tien Giang,2024-03-07,0.055559074431316136
Tien Giang,2024-03-08,0
Tien Giang,2024-03-09,0
Tien Giang,2024-03-10,0
Tien Giang,2024-03-11,0
Tien Giang,2024-03-12,0
Tien Giang,2024-03-13,0
Tien Giang,2024-03-14,0
Tien Giang,2024-03-15,0.08437551529427352
Tien Giang,2024-03-16,0
Tien Giang,2024-03-17,0
Tien Giang,2024-03-18,0
Tien Giang,2024-03-19,0
Tien Giang,2024-03-20,0
Tien Giang,2024-03-21,0
Tien Giang,2024-03-22,0
Tien Giang,2024-03-23,0
Tien Giang,2024-03-24,0
Tien Giang,2024-03-25,0
Tien Giang,2024-03-26,0
Tien Giang,2024-03-27,0
Tien Giang,2024-03-28,5.013621294068329
Tien Giang,2024-03-29,0.22739454223146713
Tien Giang,2024-03-30,0
Tien Giang,2024-03-31,0.38108485509641427
Tien Giang,2024-04-01,0
Tien Giang,2024-04-02,0.6708891719542535
Tien Giang,2024-04-03,0
Tien Giang,2024-04-04,0
Tien Giang,2024-04-05,0
Tien Giang,2024-04-06,0
Tien Giang,2024-04-07,0
Tien Giang,2024-04-08,0
Tien Giang,2024-04-09,0
Tien Giang,2024-04-10,0
Tien Giang,2024-04-11,0.0788066322509514
Tien Giang,2024-04-12,0
Tien Giang,2024-04-13,0.09282174880398829
Tien Giang,2024-04-14,1.6369524836152276
Tien Giang,2024-04-15,0.19632143124561735
Tien Giang,2024-04-16,0
Tien Giang,2024-04-17,0
Tien Giang,2024-04-18,0
Tien Giang,2024-04-19,0
Tien Giang,2024-04-20,0
Tien Giang,2024-04-21,0
Tien Giang,2024-04-22,0
Tien Giang,2024-04-23,0
Tien Giang,2024-04-24,0
Tien Giang,2024-04-25,0
Tien Giang,2024-04-26,0.0247017261532286
Tien Giang,2024-04-27,0
Tien Giang,2024-04-28,0
Tien Giang,2024-04-29,0
Tien Giang,2024-04-30,0
Tien Giang,2024-05-01,0
Tien Giang,2024-05-02,0
Tien Giang,2024-05-03,0.003233758448346095
Tien Giang,2024-05-04,1.1171914159683407
Tien Giang,2024-05-05,9.364113975274176
Tien Giang,2024-05-06,0
Tien Giang,2024-05-07,1.3637056788590325
Tien Giang,2024-05-08,0.04822023421913154
Tien Giang,2024-05-09,2.736511987896793
Tien Giang,2024-05-10,0.3093399421902416
Tien Giang,2024-05-11,1.389678954473951
Tien Giang,2024-05-12,1.4481575074465725
Tien Giang,2024-05-13,7.558329836255144
Tien Giang,2024-05-14,2.2577229750558705
Tien Giang,2024-05-15,14.146158865406223
Tien Giang,2024-05-16,11.767506672425828
Tien Giang,2024-05-17,19.675215904799277
Tien Giang,2024-05-18,3.2267736060818533
Tien Giang,2024-05-19,4.669918073853492
Tien Giang,2024-05-20,32.61354414902019
Tien Giang,2024-05-21,2.630411533227436
Tien Giang,2024-05-22,2.984981627069375
Tien Giang,2024-05-23,7.32327078287448
Tien Giang,2024-05-24,3.516659202591409
Tien Giang,2024-05-25,2.188365357758691
Tien Giang,2024-05-26,3.0828112291458267
Tien Giang,2024-05-27,10.451695169726813
Tien Giang,2024-05-28,10.392438631862154
Tien Giang,2024-05-29,19.05379167785927
Tien Giang,2024-05-30,10.32211708005975
Tien Giang,2024-05-31,7.081940276908268
Tien Giang,2024-06-01,3.1945210013269323
Tien Giang,2024-06-02,0.9632883007645986
Tien Giang,2024-06-03,1.587979472530784
Tien Giang,2024-06-04,2.42303731299469
Tien Giang,2024-06-05,5.8065217962921345
Tien Giang,2024-06-06,8.296022663160183
Tien Giang,2024-06-07,10.589453062073831
Tien Giang,2024-06-08,14.750367939335536
Tien Giang,2024-06-09,2.164655519478339
Tien Giang,2024-06-10,0.8572161846909679
Tien Giang,2024-06-11,4.33814700224927
Tien Giang,2024-06-12,3.041074521706258
Tien Giang,2024-06-13,1.7779561033205171
Tien Giang,2024-06-14,4.761254922703331
Tien Giang,2024-06-15,7.624677980920965
Tien Giang,2024-06-16,0.37142985431279407
Tien Giang,2024-06-17,6.741414221537323
Tien Giang,2024-06-18,11.412960269896981
Tien Giang,2024-06-19,11.180990467575587
Tien Giang,2024-06-20,25.662896993753787
Tien Giang,2024-06-21,16.739789277846192
Tien Giang,2024-06-22,6.896046866924092
Tien Giang,2024-06-23,9.055673988734016
Tien Giang,2024-06-24,6.469475791726768
Tien Giang,2024-06-25,1.0078619460435063
Tien Giang,2024-06-26,4.24301451667355
Tien Giang,2024-06-27,6.50749346408297
Tien Giang,2024-06-28,0.45846659474215384
Tien Giang,2024-06-29,0.256543775329998
Tien Giang,2024-06-30,3.594996483930804
Tien Giang,2024-07-01,0.7953709427663354
Tien Giang,2024-07-02,17.640172412737744
Tien Giang,2024-07-03,10.970474728804902
Tien Giang,2024-07-04,18.45198729715201
Tien Giang,2024-07-05,2.5869091281915417
Tien Giang,2024-07-06,3.612994469265596
Tien Giang,2024-07-07,8.895578056304148
Tien Giang,2024-07-08,5.315372100163531
Tien Giang,2024-07-09,10.39546930336817
Tien Giang,2024-07-10,2.433538863772163
Tien Giang,2024-07-11,7.4879666601133215
Tien Giang,2024-07-12,3.176318208995125
Tien Giang,2024-07-13,6.237783378225756
Tien Giang,2024-07-14,0.018002053929000516
Tien Giang,2024-07-15,11.665647194269585
Tien Giang,2024-07-16,6.741723094134777
Tien Giang,2024-07-17,14.962962417733731
Tien Giang,2024-07-18,9.870767136340522
Tien Giang,2024-07-19,13.781714460758753
Tien Giang,2024-07-20,8.237716559455398
Tien Giang,2024-07-21,7.4014238373501815
Tien Giang,2024-07-22,18.78279077001225
Tien Giang,2024-07-23,2.5461541928623936
Tien Giang,2024-07-24,0
Tien Giang,2024-07-25,7.91598737983547
Tien Giang,2024-07-26,2.1926592091707318
Tien Giang,2024-07-27,23.14452500659987
Tien Giang,2024-07-28,0.15795388618193965
Tien Giang,2024-07-29,2.165400580693162
Tien Giang,2024-07-30,7.195520168365203
Tien Giang,2024-07-31,15.199459878884603
Tien Giang,2024-08-01,10.321279795563694
Tien Giang,2024-08-02,14.696443368431389
Tien Giang,2024-08-03,14.610560368841368
Tien Giang,2024-08-04,7.0370879128205495
Tien Giang,2024-08-05,2.661655258045831
Tien Giang,2024-08-06,9.30418720132582
Tien Giang,2024-08-07,3.1070852641208484
Tien Giang,2024-08-08,0
Tien Giang,2024-08-09,6.595728371907765
Tien Giang,2024-08-10,0.5757219743366133
Tien Giang,2024-08-11,2.129916985446068
Tien Giang,2024-08-12,8.809195736610066
Tien Giang,2024-08-13,0.6963510697434889
Tien Giang,2024-08-14,0
Tien Giang,2024-08-15,5.220063248929674
Tien Giang,2024-08-16,6.181918779567811
Tien Giang,2024-08-17,2.323643693411457
Tien Giang,2024-08-18,0
Tien Giang,2024-08-19,0.9754647627076686
Tien Giang,2024-08-20,1.629343746740452
Tien Giang,2024-08-21,3.0712644243694927
Tien Giang,2024-08-22,2.6874944916734713
Tien Giang,2024-08-23,8.233390411901569
Tien Giang,2024-08-24,5.412855612071741
Tien Giang,2024-08-25,6.549728997325933
Tien Giang,2024-08-26,7.650668682401282
Tien Giang,2024-08-27,8.983199168707356
Tien Giang,2024-08-28,19.527050566670397
Tien Giang,2024-08-29,15.18679110297376
Tien Giang,2024-08-30,12.497952625462931
Tien Giang,2024-08-31,12.42165992643678
Tien Giang,2024-09-01,14.980373841567996
Tien Giang,2024-09-02,3.7949521423158163
Tien Giang,2024-09-03,5.030249665592017
Tien Giang,2024-09-04,14.490121221605657
Tien Giang,2024-09-05,8.751353787319031
Tien Giang,2024-09-06,8.118308954479408
Tien Giang,2024-09-07,0.588018719445412
Tien Giang,2024-09-08,0
Tien Giang,2024-09-09,0
Tien Giang,2024-09-10,20.865517037262272
Tien Giang,2024-09-11,6.918464343750463
Tien Giang,2024-09-12,22.857533966045427
Tien Giang,2024-09-13,16.689290600844146
Tien Giang,2024-09-14,13.67449892572749
Tien Giang,2024-09-15,10.79403299967141
Tien Giang,2024-09-16,6.956745193603123
Tien Giang,2024-09-17,10.17066342955041
Tien Giang,2024-09-18,9.333377730093105
Tien Giang,2024-09-19,0.31146966983803914
Tien Giang,2024-09-20,17.247679618592098
Tien Giang,2024-09-21,22.392410500042597
Tien Giang,2024-09-22,7.876300368840883
Tien Giang,2024-09-23,14.496348695059536
Tien Giang,2024-09-24,5.155077826520768
Tien Giang,2024-09-25,3.3151479179863665
Tien Giang,2024-09-26,8.314792621865037
Tien Giang,2024-09-27,0.2683357204571363
Tien Giang,2024-09-28,0.41285849945298064
Tien Giang,2024-09-29,3.7855757429873935
Tien Giang,2024-09-30,0.3887346824767828
Tien Giang,2024-10-01,11.363237642176415
Tien Giang,2024-10-02,7.913348249924749
Tien Giang,2024-10-03,16.78944594478105
Tien Giang,2024-10-04,12.388660212024588
Tien Giang,2024-10-05,17.688848173871012
Tien Giang,2024-10-06,14.303101194810655
Tien Giang,2024-10-07,18.856950960818708
Tien Giang,2024-10-08,25.64133506267932
Tien Giang,2024-10-09,15.37711864041187
Tien Giang,2024-10-10,14.256645929908805
Tien Giang,2024-10-11,15.744207787439889
Tien Giang,2024-10-12,13.798371298028027
Tien Giang,2024-10-13,14.105729587118086
Tien Giang,2024-10-14,11.732225677367792
Tien Giang,2024-10-15,21.058660255750677
Tien Giang,2024-10-16,30.677835220813197
Tien Giang,2024-10-17,9.430038365895404
Tien Giang,2024-10-18,8.287153077285701
Tien Giang,2024-10-19,3.842606461214514
Tien Giang,2024-10-20,10.470817007469366
Tien Giang,2024-10-21,25.79401105165932
Tien Giang,2024-10-22,21.498534517781906
Tien Giang,2024-10-23,3.56484163084138
Tien Giang,2024-10-24,8.103880259446072
Tien Giang,2024-10-25,0
Tien Giang,2024-10-26,4.798402798338364
Tien Giang,2024-10-27,45.71724754593732
Tien Giang,2024-10-28,1.4422906637047919
Tien Giang,2024-10-29,0
Tien Giang,2024-10-30,0
Tien Giang,2024-10-31,0
Tien Giang,2024-11-01,23.677512008806932
Tien Giang,2024-11-02,1.3929289636596212
Tien Giang,2024-11-03,19.65969428371278
Tien Giang,2024-11-04,17.750431539431112
Tien Giang,2024-11-05,8.46763487062807
Tien Giang,2024-11-06,4.404189845177936
Tien Giang,2024-11-07,0
Tien Giang,2024-11-08,4.172565125176194
Tien Giang,2024-11-09,1.9908068823289815
Tien Giang,2024-11-10,0.37932803113828506
Tien Giang,2024-11-11,0
Tien Giang,2024-11-12,0
Tien Giang,2024-11-13,5.301487607198509
Tien Giang,2024-11-14,0
Tien Giang,2024-11-15,0
Tien Giang,2024-11-16,0
Tien Giang,2024-11-17,0
Tien Giang,2024-11-18,0
Tien Giang,2024-11-19,0.09987615419361502
Tien Giang,2024-11-20,2.4626884158769786
Tien Giang,2024-11-21,2.964821364853618
Tien Giang,2024-11-22,0
Tien Giang,2024-11-23,1.4332525424593618
Tien Giang,2024-11-24,1.1943724788370242
Tien Giang,2024-11-25,6.2495931584934485
Tien Giang,2024-11-26,10.663065523821418
Tien Giang,2024-11-27,0.25897562266460616
Tien Giang,2024-11-28,0.22548000596082773
Tien Giang,2024-11-29,10.541190768615474
Tien Giang,2024-11-30,0.2710701514458475
Tien Giang,2024-12-01,1.1173416085103403
Tien Giang,2024-12-02,3.222071921334878
Tien Giang,2024-12-03,17.052058244997276
Tien Giang,2024-12-04,10.546802562027585
Tien Giang,2024-12-05,2.0274909501831253
Tien Giang,2024-12-06,0.3075328738109895
Tien Giang,2024-12-07,0.3392062443920835
Tien Giang,2024-12-08,1.8105092697700538
Tien Giang,2024-12-09,2.118370395976259
Tien Giang,2024-12-10,4.4976114709649355
Tien Giang,2024-12-11,5.003496999363902
Tien Giang,2024-12-12,5.8289163383703535
Tien Giang,2024-12-13,11.32607284153627
Tien Giang,2024-12-14,7.889169969282906
Tien Giang,2024-12-15,0.6975591003614295
Tien Giang,2024-12-16,0.12831014125519086
Tien Giang,2024-12-17,0
Tien Giang,2024-12-18,0
Tien Giang,2024-12-19,0
Tien Giang,2024-12-20,0
Tien Giang,2024-12-21,4.42769932571389
Tien Giang,2024-12-22,3.4108911361282352
Tien Giang,2024-12-23,0
Tien Giang,2024-12-24,0
Tien Giang,2024-12-25,0
Tien Giang,2024-12-26,0.23739272371137668
Tien Giang,2024-12-27,3.203309063094173
Tien Giang,2024-12-28,1.8459279027584932
Tien Giang,2024-12-29,0
Tien Giang,2024-12-30,0
Tien Giang,2024-12-31,2.1815050554737754
