CLOUDY_PIXEL_PERCENTAGE,THIN_CIRRUS_PERCENTAGE,VEGETATION_PERCENTAGE,MEAN_SOLAR_ZENITH_ANGLE,WATER_PERCENTAGE,SNOW_ICE_PERCENTAGE,product_id,time,province,date,rainfall_3_days
0.294384,0.0,76.144463,39.6891339559,2.540956,0.0,S2B_MSIL2A_20190106T032129_N0211_R118_T48PXT_20190106T090342,1546765422000,Dong Thap,2019-01-06 09:03:42,0.04835749167725517
0.294384,0.0,76.144463,39.6891339559,2.540956,0.0,S2B_MSIL2A_20190106T032129_N0211_R118_T48PXT_20190106T090342,1546765422000,Long An,2019-01-06 09:03:42,0.0
0.229114,0.0,66.735429,40.163948526,4.904585,0.0,S2B_MSIL2A_20190106T032129_N0211_R118_T48PWT_20190106T090342,1546765422000,An Giang,2019-01-06 09:03:42,0.529635068848966
0.229114,0.0,66.735429,40.163948526,4.904585,0.0,S2B_MSIL2A_20190106T032129_N0211_R118_T48PWT_20190106T090342,1546765422000,Dong Thap,2019-01-06 09:03:42,0.04835749167725517
0.229114,0.0,66.735429,40.163948526,4.904585,0.0,S2B_MSIL2A_20190106T032129_N0211_R118_T48PWT_20190106T090342,1546765422000,Long An,2019-01-06 09:03:42,0.0
4.792753,0.000379,46.540064,40.6502769899,3.244485,0.0,S2B_MSIL2A_20190106T032129_N0211_R118_T48PVT_20190106T090342,1546765422000,An Giang,2019-01-06 09:03:42,0.529635068848966
1.753549,0.45546,75.331354,38.8914824954,5.151255,9e-06,S2B_MSIL2A_20190106T032129_N0211_R118_T48PXS_20190106T090342,1546765422000,Soc Trang,2019-01-06 09:03:42,0.06652100004065063
1.753549,0.45546,75.331354,38.8914824954,5.151255,9e-06,S2B_MSIL2A_20190106T032129_N0211_R118_T48PXS_20190106T090342,1546765422000,Tra Vinh,2019-01-06 09:03:42,0.12194297702049733
1.753549,0.45546,75.331354,38.8914824954,5.151255,9e-06,S2B_MSIL2A_20190106T032129_N0211_R118_T48PXS_20190106T090342,1546765422000,Vinh Long,2019-01-06 09:03:42,0.3212790997974893
1.753549,0.45546,75.331354,38.8914824954,5.151255,9e-06,S2B_MSIL2A_20190106T032129_N0211_R118_T48PXS_20190106T090342,1546765422000,Ben Tre,2019-01-06 09:03:42,0.03411713819200177
1.753549,0.45546,75.331354,38.8914824954,5.151255,9e-06,S2B_MSIL2A_20190106T032129_N0211_R118_T48PXS_20190106T090342,1546765422000,Dong Thap,2019-01-06 09:03:42,0.04835749167725517
1.753549,0.45546,75.331354,38.8914824954,5.151255,9e-06,S2B_MSIL2A_20190106T032129_N0211_R118_T48PXS_20190106T090342,1546765422000,Long An,2019-01-06 09:03:42,0.0
1.753549,0.45546,75.331354,38.8914824954,5.151255,9e-06,S2B_MSIL2A_20190106T032129_N0211_R118_T48PXS_20190106T090342,1546765422000,Tien Giang,2019-01-06 09:03:42,0.0
2.419413,0.0,76.939338,39.3728311502,3.938752,0.0,S2B_MSIL2A_20190106T032129_N0211_R118_T48PWS_20190106T090342,1546765422000,Soc Trang,2019-01-06 09:03:42,0.06652100004065063
2.419413,0.0,76.939338,39.3728311502,3.938752,0.0,S2B_MSIL2A_20190106T032129_N0211_R118_T48PWS_20190106T090342,1546765422000,Tra Vinh,2019-01-06 09:03:42,0.12194297702049733
2.419413,0.0,76.939338,39.3728311502,3.938752,0.0,S2B_MSIL2A_20190106T032129_N0211_R118_T48PWS_20190106T090342,1546765422000,Vinh Long,2019-01-06 09:03:42,0.3212790997974893
2.419413,0.0,76.939338,39.3728311502,3.938752,0.0,S2B_MSIL2A_20190106T032129_N0211_R118_T48PWS_20190106T090342,1546765422000,Can Tho city,2019-01-06 09:03:42,0.32192374395825735
2.419413,0.0,76.939338,39.3728311502,3.938752,0.0,S2B_MSIL2A_20190106T032129_N0211_R118_T48PWS_20190106T090342,1546765422000,Hau Giang,2019-01-06 09:03:42,0.45826432891142205
2.419413,0.0,76.939338,39.3728311502,3.938752,0.0,S2B_MSIL2A_20190106T032129_N0211_R118_T48PWS_20190106T090342,1546765422000,An Giang,2019-01-06 09:03:42,0.529635068848966
2.419413,0.0,76.939338,39.3728311502,3.938752,0.0,S2B_MSIL2A_20190106T032129_N0211_R118_T48PWS_20190106T090342,1546765422000,Dong Thap,2019-01-06 09:03:42,0.04835749167725517
2.419413,0.0,76.939338,39.3728311502,3.938752,0.0,S2B_MSIL2A_20190106T032129_N0211_R118_T48PWS_20190106T090342,1546765422000,Kien Giang,2019-01-06 09:03:42,0.6474540702084431
2.419413,0.0,76.939338,39.3728311502,3.938752,0.0,S2B_MSIL2A_20190106T032129_N0211_R118_T48PWS_20190106T090342,1546765422000,Long An,2019-01-06 09:03:42,0.0
2.419413,0.0,76.939338,39.3728311502,3.938752,0.0,S2B_MSIL2A_20190106T032129_N0211_R118_T48PWS_20190106T090342,1546765422000,Tien Giang,2019-01-06 09:03:42,0.0
2.547676,0.0,36.330587,39.8658928297,43.7821,0.0,S2B_MSIL2A_20190106T032129_N0211_R118_T48PVS_20190106T090342,1546765422000,An Giang,2019-01-06 09:03:42,0.529635068848966
2.547676,0.0,36.330587,39.8658928297,43.7821,0.0,S2B_MSIL2A_20190106T032129_N0211_R118_T48PVS_20190106T090342,1546765422000,Kien Giang,2019-01-06 09:03:42,0.6474540702084431
4.339842,0.0,27.58241,40.3697976811,63.373739,7.2e-05,S2B_MSIL2A_20190106T032129_N0211_R118_T48PUS_20190106T090342,1546765422000,Kien Giang,2019-01-06 09:03:42,0.6474540702084431
10.384824,0.0,28.229439,38.0979736296,40.111545,0.006094,S2B_MSIL2A_20190106T032129_N0211_R118_T48PXR_20190106T090342,1546765422000,Soc Trang,2019-01-06 09:03:42,0.06652100004065063
10.384824,0.0,28.229439,38.0979736296,40.111545,0.006094,S2B_MSIL2A_20190106T032129_N0211_R118_T48PXR_20190106T090342,1546765422000,Tra Vinh,2019-01-06 09:03:42,0.12194297702049733
10.384824,0.0,28.229439,38.0979736296,40.111545,0.006094,S2B_MSIL2A_20190106T032129_N0211_R118_T48PXR_20190106T090342,1546765422000,Vinh Long,2019-01-06 09:03:42,0.3212790997974893
10.384824,0.0,28.229439,38.0979736296,40.111545,0.006094,S2B_MSIL2A_20190106T032129_N0211_R118_T48PXR_20190106T090342,1546765422000,Ben Tre,2019-01-06 09:03:42,0.03411713819200177
10.046656,0.0,40.5835,38.5861424957,17.173514,0.008888,S2B_MSIL2A_20190106T032129_N0211_R118_T48PWR_20190106T090342,1546765422000,Soc Trang,2019-01-06 09:03:42,0.06652100004065063
10.046656,0.0,40.5835,38.5861424957,17.173514,0.008888,S2B_MSIL2A_20190106T032129_N0211_R118_T48PWR_20190106T090342,1546765422000,Tra Vinh,2019-01-06 09:03:42,0.12194297702049733
10.046656,0.0,40.5835,38.5861424957,17.173514,0.008888,S2B_MSIL2A_20190106T032129_N0211_R118_T48PWR_20190106T090342,1546765422000,Vinh Long,2019-01-06 09:03:42,0.3212790997974893
10.046656,0.0,40.5835,38.5861424957,17.173514,0.008888,S2B_MSIL2A_20190106T032129_N0211_R118_T48PWR_20190106T090342,1546765422000,Bac Lieu,2019-01-06 09:03:42,0.43697999108137586
10.046656,0.0,40.5835,38.5861424957,17.173514,0.008888,S2B_MSIL2A_20190106T032129_N0211_R118_T48PWR_20190106T090342,1546765422000,Ca Mau,2019-01-06 09:03:42,0.6268419449347876
10.046656,0.0,40.5835,38.5861424957,17.173514,0.008888,S2B_MSIL2A_20190106T032129_N0211_R118_T48PWR_20190106T090342,1546765422000,Can Tho city,2019-01-06 09:03:42,0.32192374395825735
10.046656,0.0,40.5835,38.5861424957,17.173514,0.008888,S2B_MSIL2A_20190106T032129_N0211_R118_T48PWR_20190106T090342,1546765422000,Hau Giang,2019-01-06 09:03:42,0.45826432891142205
10.046656,0.0,40.5835,38.5861424957,17.173514,0.008888,S2B_MSIL2A_20190106T032129_N0211_R118_T48PWR_20190106T090342,1546765422000,Kien Giang,2019-01-06 09:03:42,0.6474540702084431
2.369972,0.000166,10.728034,39.0862143119,76.091933,0.0,S2B_MSIL2A_20190106T032129_N0211_R118_T48PVR_20190106T090342,1546765422000,Ca Mau,2019-01-06 09:03:42,0.6268419449347876
2.369972,0.000166,10.728034,39.0862143119,76.091933,0.0,S2B_MSIL2A_20190106T032129_N0211_R118_T48PVR_20190106T090342,1546765422000,Kien Giang,2019-01-06 09:03:42,0.6474540702084431
0.034456,0.0,0.051673,39.5972918086,99.91281,0.0,S2B_MSIL2A_20190106T032129_N0211_R118_T48PUR_20190106T090342,1546765422000,Kien Giang,2019-01-06 09:03:42,0.6474540702084431
14.120272,0.0,1.997896,37.8031936448,78.669614,0.015312,S2B_MSIL2A_20190106T032129_N0211_R118_T48PWQ_20190106T090342,1546765422000,Bac Lieu,2019-01-06 09:03:42,0.43697999108137586
14.120272,0.0,1.997896,37.8031936448,78.669614,0.015312,S2B_MSIL2A_20190106T032129_N0211_R118_T48PWQ_20190106T090342,1546765422000,Ca Mau,2019-01-06 09:03:42,0.6268419449347876
23.746742,0.000182,3.383536,38.3105697038,66.143388,0.010614,S2B_MSIL2A_20190106T032129_N0211_R118_T48PVQ_20190106T090342,1546765422000,Ca Mau,2019-01-06 09:03:42,0.6268419449347876
16.995956,8.755573,57.12716,39.4118030537,1.528072,0.0,S2A_MSIL2A_20190111T032111_N0211_R118_T48PXT_20190111T072711,1547191631000,Dong Thap,2019-01-11 07:27:11,0.0
16.995956,8.755573,57.12716,39.4118030537,1.528072,0.0,S2A_MSIL2A_20190111T032111_N0211_R118_T48PXT_20190111T072711,1547191631000,Long An,2019-01-11 07:27:11,0.0
43.751686,28.970584,31.412351,39.9028678414,1.292962,0.0,S2A_MSIL2A_20190111T032111_N0211_R118_T48PWT_20190111T072711,1547191631000,An Giang,2019-01-11 07:27:11,0.0
43.751686,28.970584,31.412351,39.9028678414,1.292962,0.0,S2A_MSIL2A_20190111T032111_N0211_R118_T48PWT_20190111T072711,1547191631000,Dong Thap,2019-01-11 07:27:11,0.0
43.751686,28.970584,31.412351,39.9028678414,1.292962,0.0,S2A_MSIL2A_20190111T032111_N0211_R118_T48PWT_20190111T072711,1547191631000,Long An,2019-01-11 07:27:11,0.0
18.87178,10.462702,34.539786,40.4052281829,1.421906,0.0,S2A_MSIL2A_20190111T032111_N0211_R118_T48PVT_20190111T072711,1547191631000,An Giang,2019-01-11 07:27:11,0.0
35.949718,19.466853,28.165779,39.6309649402,20.384014,0.0,S2A_MSIL2A_20190111T032111_N0211_R118_T48PVS_20190111T072711,1547191631000,An Giang,2019-01-11 07:27:11,0.0
35.949718,19.466853,28.165779,39.6309649402,20.384014,0.0,S2A_MSIL2A_20190111T032111_N0211_R118_T48PVS_20190111T072711,1547191631000,Kien Giang,2019-01-11 07:27:11,0.0
13.284651,6.018317,24.48418,40.150866603,57.936019,4.9e-05,S2A_MSIL2A_20190111T032111_N0211_R118_T48PUS_20190111T072711,1547191631000,Kien Giang,2019-01-11 07:27:11,0.0
43.765204,34.310445,13.961788,37.8403267224,27.967343,0.000623,S2A_MSIL2A_20190111T032111_N0211_R118_T48PXR_20190111T072711,1547191631000,Soc Trang,2019-01-11 07:27:11,0.0
43.765204,34.310445,13.961788,37.8403267224,27.967343,0.000623,S2A_MSIL2A_20190111T032111_N0211_R118_T48PXR_20190111T072711,1547191631000,Tra Vinh,2019-01-11 07:27:11,0.0
43.765204,34.310445,13.961788,37.8403267224,27.967343,0.000623,S2A_MSIL2A_20190111T032111_N0211_R118_T48PXR_20190111T072711,1547191631000,Vinh Long,2019-01-11 07:27:11,0.0
43.765204,34.310445,13.961788,37.8403267224,27.967343,0.000623,S2A_MSIL2A_20190111T032111_N0211_R118_T48PXR_20190111T072711,1547191631000,Ben Tre,2019-01-11 07:27:11,0.0
29.275242,18.306173,0.045309,39.3890600764,70.676959,0.0,S2A_MSIL2A_20190111T032111_N0211_R118_T48PUR_20190111T072711,1547191631000,Kien Giang,2019-01-11 07:27:11,0.0
1.021568,0.007134,47.204593,39.8780017937,28.152686,0.00099,S2B_MSIL2A_20190113T031059_N0211_R075_T48PXS_20190113T071314,1547363594000,Tra Vinh,2019-01-13 07:13:14,0.0
1.021568,0.007134,47.204593,39.8780017937,28.152686,0.00099,S2B_MSIL2A_20190113T031059_N0211_R075_T48PXS_20190113T071314,1547363594000,Ben Tre,2019-01-13 07:13:14,0.0
1.021568,0.007134,47.204593,39.8780017937,28.152686,0.00099,S2B_MSIL2A_20190113T031059_N0211_R075_T48PXS_20190113T071314,1547363594000,Long An,2019-01-13 07:13:14,0.014326219491284901
1.021568,0.007134,47.204593,39.8780017937,28.152686,0.00099,S2B_MSIL2A_20190113T031059_N0211_R075_T48PXS_20190113T071314,1547363594000,Tien Giang,2019-01-13 07:13:14,0.0
0.059224,0.014199,7.601288,39.1230103629,83.617955,0.001624,S2B_MSIL2A_20190113T031059_N0211_R075_T48PXR_20190113T071314,1547363594000,Soc Trang,2019-01-13 07:13:14,0.0113392365078033
0.059224,0.014199,7.601288,39.1230103629,83.617955,0.001624,S2B_MSIL2A_20190113T031059_N0211_R075_T48PXR_20190113T071314,1547363594000,Tra Vinh,2019-01-13 07:13:14,0.0
0.059224,0.014199,7.601288,39.1230103629,83.617955,0.001624,S2B_MSIL2A_20190113T031059_N0211_R075_T48PXR_20190113T071314,1547363594000,Vinh Long,2019-01-13 07:13:14,0.0
0.059224,0.014199,7.601288,39.1230103629,83.617955,0.001624,S2B_MSIL2A_20190113T031059_N0211_R075_T48PXR_20190113T071314,1547363594000,Ben Tre,2019-01-13 07:13:14,0.0
9.16872,0.000278,11.262766,38.5040756243,73.33352,0.057276,S2A_MSIL2A_20190114T033101_N0211_R018_T48PUS_20190114T070701,1547449621000,Kien Giang,2019-01-14 07:07:01,0.37850932551918887
0.499485,0.0,0.174411,37.7251466043,99.314547,0.0,S2A_MSIL2A_20190114T033101_N0211_R018_T48PUR_20190114T070701,1547449621000,Kien Giang,2019-01-14 07:07:01,0.37850932551918887
17.816045,8.883198,57.781243,38.9594107849,1.840698,0.0,S2B_MSIL2A_20190116T032059_N0211_R118_T48PXT_20190116T070337,1547622217000,Dong Thap,2019-01-16 07:03:37,0.11457071341977125
17.816045,8.883198,57.781243,38.9594107849,1.840698,0.0,S2B_MSIL2A_20190116T032059_N0211_R118_T48PXT_20190116T070337,1547622217000,Long An,2019-01-16 07:03:37,0.01935020717678085
35.59536,4.00005,20.702399,39.4674651954,1.307604,0.0,S2B_MSIL2A_20190116T032059_N0211_R118_T48PWT_20190116T070337,1547622217000,An Giang,2019-01-16 07:03:37,0.17472959436621113
35.59536,4.00005,20.702399,39.4674651954,1.307604,0.0,S2B_MSIL2A_20190116T032059_N0211_R118_T48PWT_20190116T070337,1547622217000,Dong Thap,2019-01-16 07:03:37,0.11457071341977125
35.59536,4.00005,20.702399,39.4674651954,1.307604,0.0,S2B_MSIL2A_20190116T032059_N0211_R118_T48PWT_20190116T070337,1547622217000,Long An,2019-01-16 07:03:37,0.01935020717678085
33.260892,16.592816,45.082518,38.1821197979,2.054191,0.005057,S2B_MSIL2A_20190116T032059_N0211_R118_T48PXS_20190116T070337,1547622217000,Soc Trang,2019-01-16 07:03:37,0.02291393574692377
33.260892,16.592816,45.082518,38.1821197979,2.054191,0.005057,S2B_MSIL2A_20190116T032059_N0211_R118_T48PXS_20190116T070337,1547622217000,Tra Vinh,2019-01-16 07:03:37,0.0
33.260892,16.592816,45.082518,38.1821197979,2.054191,0.005057,S2B_MSIL2A_20190116T032059_N0211_R118_T48PXS_20190116T070337,1547622217000,Vinh Long,2019-01-16 07:03:37,0.0
33.260892,16.592816,45.082518,38.1821197979,2.054191,0.005057,S2B_MSIL2A_20190116T032059_N0211_R118_T48PXS_20190116T070337,1547622217000,Ben Tre,2019-01-16 07:03:37,0.004829759103545284
33.260892,16.592816,45.082518,38.1821197979,2.054191,0.005057,S2B_MSIL2A_20190116T032059_N0211_R118_T48PXS_20190116T070337,1547622217000,Dong Thap,2019-01-16 07:03:37,0.11457071341977125
33.260892,16.592816,45.082518,38.1821197979,2.054191,0.005057,S2B_MSIL2A_20190116T032059_N0211_R118_T48PXS_20190116T070337,1547622217000,Long An,2019-01-16 07:03:37,0.01935020717678085
33.260892,16.592816,45.082518,38.1821197979,2.054191,0.005057,S2B_MSIL2A_20190116T032059_N0211_R118_T48PXS_20190116T070337,1547622217000,Tien Giang,2019-01-16 07:03:37,0.00033334615247086665
31.165019,30.962583,14.805646,37.9739206236,51.135415,7.7e-05,S2B_MSIL2A_20190119T033049_N0211_R018_T48PUS_20190119T072902,1547882942000,Kien Giang,2019-01-19 07:29:02,0.0024920948854668334
46.047761,35.567406,36.073279,38.368976016,1.013697,0.0,S2A_MSIL2A_20190121T032041_N0211_R118_T48PXT_20190121T070422,1548054262000,Dong Thap,2019-01-21 07:04:22,0.30456024344885696
46.047761,35.567406,36.073279,38.368976016,1.013697,0.0,S2A_MSIL2A_20190121T032041_N0211_R118_T48PXT_20190121T070422,1548054262000,Long An,2019-01-21 07:04:22,0.3187282991678753
35.848591,9.341744,28.208211,38.8955616702,1.956769,0.0,S2A_MSIL2A_20190121T032041_N0211_R118_T48PWT_20190121T070422,1548054262000,An Giang,2019-01-21 07:04:22,0.011029201098864983
35.848591,9.341744,28.208211,38.8955616702,1.956769,0.0,S2A_MSIL2A_20190121T032041_N0211_R118_T48PWT_20190121T070422,1548054262000,Dong Thap,2019-01-21 07:04:22,0.30456024344885696
35.848591,9.341744,28.208211,38.8955616702,1.956769,0.0,S2A_MSIL2A_20190121T032041_N0211_R118_T48PWT_20190121T070422,1548054262000,Long An,2019-01-21 07:04:22,0.3187282991678753
28.083391,7.072818,18.458398,39.4330759918,1.431515,0.0,S2A_MSIL2A_20190121T032041_N0211_R118_T48PVT_20190121T070422,1548054262000,An Giang,2019-01-21 07:04:22,0.011029201098864983
35.290972,16.237044,40.013155,37.604010289,2.325906,0.001935,S2A_MSIL2A_20190121T032041_N0211_R118_T48PXS_20190121T070422,1548054262000,Soc Trang,2019-01-21 07:04:22,0.4348169082225171
35.290972,16.237044,40.013155,37.604010289,2.325906,0.001935,S2A_MSIL2A_20190121T032041_N0211_R118_T48PXS_20190121T070422,1548054262000,Tra Vinh,2019-01-21 07:04:22,0.15297076584937247
35.290972,16.237044,40.013155,37.604010289,2.325906,0.001935,S2A_MSIL2A_20190121T032041_N0211_R118_T48PXS_20190121T070422,1548054262000,Vinh Long,2019-01-21 07:04:22,0.28716593212415875
35.290972,16.237044,40.013155,37.604010289,2.325906,0.001935,S2A_MSIL2A_20190121T032041_N0211_R118_T48PXS_20190121T070422,1548054262000,Ben Tre,2019-01-21 07:04:22,0.029835361311695435
35.290972,16.237044,40.013155,37.604010289,2.325906,0.001935,S2A_MSIL2A_20190121T032041_N0211_R118_T48PXS_20190121T070422,1548054262000,Dong Thap,2019-01-21 07:04:22,0.30456024344885696
35.290972,16.237044,40.013155,37.604010289,2.325906,0.001935,S2A_MSIL2A_20190121T032041_N0211_R118_T48PXS_20190121T070422,1548054262000,Long An,2019-01-21 07:04:22,0.3187282991678753
35.290972,16.237044,40.013155,37.604010289,2.325906,0.001935,S2A_MSIL2A_20190121T032041_N0211_R118_T48PXS_20190121T070422,1548054262000,Tien Giang,2019-01-21 07:04:22,0.15608250184201583
12.557716,6.045182,68.210483,38.138000394,2.716242,0.0,S2A_MSIL2A_20190121T032041_N0211_R118_T48PWS_20190121T070422,1548054262000,Soc Trang,2019-01-21 07:04:22,0.4348169082225171
12.557716,6.045182,68.210483,38.138000394,2.716242,0.0,S2A_MSIL2A_20190121T032041_N0211_R118_T48PWS_20190121T070422,1548054262000,Tra Vinh,2019-01-21 07:04:22,0.15297076584937247
12.557716,6.045182,68.210483,38.138000394,2.716242,0.0,S2A_MSIL2A_20190121T032041_N0211_R118_T48PWS_20190121T070422,1548054262000,Vinh Long,2019-01-21 07:04:22,0.28716593212415875
12.557716,6.045182,68.210483,38.138000394,2.716242,0.0,S2A_MSIL2A_20190121T032041_N0211_R118_T48PWS_20190121T070422,1548054262000,Can Tho city,2019-01-21 07:04:22,0.3420852320463445
12.557716,6.045182,68.210483,38.138000394,2.716242,0.0,S2A_MSIL2A_20190121T032041_N0211_R118_T48PWS_20190121T070422,1548054262000,Hau Giang,2019-01-21 07:04:22,0.39053601279729394
12.557716,6.045182,68.210483,38.138000394,2.716242,0.0,S2A_MSIL2A_20190121T032041_N0211_R118_T48PWS_20190121T070422,1548054262000,An Giang,2019-01-21 07:04:22,0.011029201098864983
12.557716,6.045182,68.210483,38.138000394,2.716242,0.0,S2A_MSIL2A_20190121T032041_N0211_R118_T48PWS_20190121T070422,1548054262000,Dong Thap,2019-01-21 07:04:22,0.30456024344885696
12.557716,6.045182,68.210483,38.138000394,2.716242,0.0,S2A_MSIL2A_20190121T032041_N0211_R118_T48PWS_20190121T070422,1548054262000,Kien Giang,2019-01-21 07:04:22,0.020992125924460415
12.557716,6.045182,68.210483,38.138000394,2.716242,0.0,S2A_MSIL2A_20190121T032041_N0211_R118_T48PWS_20190121T070422,1548054262000,Long An,2019-01-21 07:04:22,0.3187282991678753
12.557716,6.045182,68.210483,38.138000394,2.716242,0.0,S2A_MSIL2A_20190121T032041_N0211_R118_T48PWS_20190121T070422,1548054262000,Tien Giang,2019-01-21 07:04:22,0.15608250184201583
18.752217,15.246074,26.967889,38.6830507513,30.549613,0.0,S2A_MSIL2A_20190121T032041_N0211_R118_T48PVS_20190121T070422,1548054262000,An Giang,2019-01-21 07:04:22,0.011029201098864983
18.752217,15.246074,26.967889,38.6830507513,30.549613,0.0,S2A_MSIL2A_20190121T032041_N0211_R118_T48PVS_20190121T070422,1548054262000,Kien Giang,2019-01-21 07:04:22,0.020992125924460415
46.738236,24.224176,12.863654,39.2382161868,28.023064,0.07072,S2A_MSIL2A_20190121T032041_N0211_R118_T48PUS_20190121T070422,1548054262000,Kien Giang,2019-01-21 07:04:22,0.020992125924460415
46.424923,31.543642,29.297829,37.3862079355,2.075511,0.0,S2A_MSIL2A_20190121T032041_N0211_R118_T48PWR_20190121T070422,1548054262000,Soc Trang,2019-01-21 07:04:22,0.4348169082225171
46.424923,31.543642,29.297829,37.3862079355,2.075511,0.0,S2A_MSIL2A_20190121T032041_N0211_R118_T48PWR_20190121T070422,1548054262000,Tra Vinh,2019-01-21 07:04:22,0.15297076584937247
46.424923,31.543642,29.297829,37.3862079355,2.075511,0.0,S2A_MSIL2A_20190121T032041_N0211_R118_T48PWR_20190121T070422,1548054262000,Vinh Long,2019-01-21 07:04:22,0.28716593212415875
46.424923,31.543642,29.297829,37.3862079355,2.075511,0.0,S2A_MSIL2A_20190121T032041_N0211_R118_T48PWR_20190121T070422,1548054262000,Bac Lieu,2019-01-21 07:04:22,0.1208392493702331
46.424923,31.543642,29.297829,37.3862079355,2.075511,0.0,S2A_MSIL2A_20190121T032041_N0211_R118_T48PWR_20190121T070422,1548054262000,Ca Mau,2019-01-21 07:04:22,0.007348084067404034
46.424923,31.543642,29.297829,37.3862079355,2.075511,0.0,S2A_MSIL2A_20190121T032041_N0211_R118_T48PWR_20190121T070422,1548054262000,Can Tho city,2019-01-21 07:04:22,0.3420852320463445
46.424923,31.543642,29.297829,37.3862079355,2.075511,0.0,S2A_MSIL2A_20190121T032041_N0211_R118_T48PWR_20190121T070422,1548054262000,Hau Giang,2019-01-21 07:04:22,0.39053601279729394
46.424923,31.543642,29.297829,37.3862079355,2.075511,0.0,S2A_MSIL2A_20190121T032041_N0211_R118_T48PWR_20190121T070422,1548054262000,Kien Giang,2019-01-21 07:04:22,0.020992125924460415
4.21302,0.401988,17.401354,37.3131678394,72.753996,0.002668,S2A_MSIL2A_20190124T033031_N0211_R018_T48PUS_20190124T073544,1548315344000,Kien Giang,2019-01-24 07:35:44,0.020992125924460415
1.209488,0.047232,0.150968,36.5598893301,98.616922,0.0,S2A_MSIL2A_20190124T033031_N0211_R018_T48PUR_20190124T073544,1548315344000,Kien Giang,2019-01-24 07:35:44,0.020992125924460415
48.009909,41.617158,12.767206,38.5575868189,36.907849,0.0,S2B_MSIL2A_20190126T032019_N0211_R118_T48PUS_20190126T071818,1548487098000,Kien Giang,2019-01-26 07:18:18,0.0
44.319412,38.441756,0.03514,37.8366966771,55.638129,0.0,S2B_MSIL2A_20190126T032019_N0211_R118_T48PUR_20190126T071818,1548487098000,Kien Giang,2019-01-26 07:18:18,0.0
28.915431,4.943051,1.856862,37.4070018208,62.440056,0.009497,S2A_MSIL2A_20190128T031001_N0211_R075_T48PXR_20190128T070920,1548659360000,Soc Trang,2019-01-28 07:09:20,0.0
28.915431,4.943051,1.856862,37.4070018208,62.440056,0.009497,S2A_MSIL2A_20190128T031001_N0211_R075_T48PXR_20190128T070920,1548659360000,Tra Vinh,2019-01-28 07:09:20,0.009796265433488533
28.915431,4.943051,1.856862,37.4070018208,62.440056,0.009497,S2A_MSIL2A_20190128T031001_N0211_R075_T48PXR_20190128T070920,1548659360000,Vinh Long,2019-01-28 07:09:20,0.0
28.915431,4.943051,1.856862,37.4070018208,62.440056,0.009497,S2A_MSIL2A_20190128T031001_N0211_R075_T48PXR_20190128T070920,1548659360000,Ben Tre,2019-01-28 07:09:20,0.07121725713537701
5.2489,0.635512,15.904883,36.4982679246,72.267193,0.002273,S2B_MSIL2A_20190129T033009_N0211_R018_T48PUS_20190129T084030,1548751230000,Kien Giang,2019-01-29 08:40:30,0.0
25.991909,7.613591,0.090672,35.760130793,73.841852,0.0,S2B_MSIL2A_20190129T033009_N0211_R018_T48PUR_20190129T084030,1548751230000,Kien Giang,2019-01-29 08:40:30,0.0
38.632949,23.758581,29.192403,37.313624661,1.552769,0.0,S2A_MSIL2A_20190131T031951_N0211_R118_T48PWT_20190131T072612,1548919572000,An Giang,2019-01-31 07:26:12,0.0
38.632949,23.758581,29.192403,37.313624661,1.552769,0.0,S2A_MSIL2A_20190131T031951_N0211_R118_T48PWT_20190131T072612,1548919572000,Dong Thap,2019-01-31 07:26:12,0.0
38.632949,23.758581,29.192403,37.313624661,1.552769,0.0,S2A_MSIL2A_20190131T031951_N0211_R118_T48PWT_20190131T072612,1548919572000,Long An,2019-01-31 07:26:12,0.0
41.700136,28.353444,19.394374,37.8903794467,0.852053,0.0,S2A_MSIL2A_20190131T031951_N0211_R118_T48PVT_20190131T072612,1548919572000,An Giang,2019-01-31 07:26:12,0.0
46.964997,24.707539,40.333295,36.5859291398,2.2513,0.0,S2A_MSIL2A_20190131T031951_N0211_R118_T48PWS_20190131T072612,1548919572000,Soc Trang,2019-01-31 07:26:12,0.0
46.964997,24.707539,40.333295,36.5859291398,2.2513,0.0,S2A_MSIL2A_20190131T031951_N0211_R118_T48PWS_20190131T072612,1548919572000,Tra Vinh,2019-01-31 07:26:12,0.004543532803803333
46.964997,24.707539,40.333295,36.5859291398,2.2513,0.0,S2A_MSIL2A_20190131T031951_N0211_R118_T48PWS_20190131T072612,1548919572000,Vinh Long,2019-01-31 07:26:12,0.0
46.964997,24.707539,40.333295,36.5859291398,2.2513,0.0,S2A_MSIL2A_20190131T031951_N0211_R118_T48PWS_20190131T072612,1548919572000,Can Tho city,2019-01-31 07:26:12,0.0
46.964997,24.707539,40.333295,36.5859291398,2.2513,0.0,S2A_MSIL2A_20190131T031951_N0211_R118_T48PWS_20190131T072612,1548919572000,Hau Giang,2019-01-31 07:26:12,0.0
46.964997,24.707539,40.333295,36.5859291398,2.2513,0.0,S2A_MSIL2A_20190131T031951_N0211_R118_T48PWS_20190131T072612,1548919572000,An Giang,2019-01-31 07:26:12,0.0
46.964997,24.707539,40.333295,36.5859291398,2.2513,0.0,S2A_MSIL2A_20190131T031951_N0211_R118_T48PWS_20190131T072612,1548919572000,Dong Thap,2019-01-31 07:26:12,0.0
46.964997,24.707539,40.333295,36.5859291398,2.2513,0.0,S2A_MSIL2A_20190131T031951_N0211_R118_T48PWS_20190131T072612,1548919572000,Kien Giang,2019-01-31 07:26:12,0.0027830684037075167
46.964997,24.707539,40.333295,36.5859291398,2.2513,0.0,S2A_MSIL2A_20190131T031951_N0211_R118_T48PWS_20190131T072612,1548919572000,Long An,2019-01-31 07:26:12,0.0
46.964997,24.707539,40.333295,36.5859291398,2.2513,0.0,S2A_MSIL2A_20190131T031951_N0211_R118_T48PWS_20190131T072612,1548919572000,Tien Giang,2019-01-31 07:26:12,0.0
48.493704,38.360015,17.562602,37.7655795313,31.120068,0.0,S2A_MSIL2A_20190131T031951_N0211_R118_T48PUS_20190131T072612,1548919572000,Kien Giang,2019-01-31 07:26:12,0.0027830684037075167
38.82765,19.327502,12.767673,35.2824372097,35.63782,0.000132,S2A_MSIL2A_20190131T031951_N0211_R118_T48PXR_20190131T072612,1548919572000,Soc Trang,2019-01-31 07:26:12,0.0
38.82765,19.327502,12.767673,35.2824372097,35.63782,0.000132,S2A_MSIL2A_20190131T031951_N0211_R118_T48PXR_20190131T072612,1548919572000,Tra Vinh,2019-01-31 07:26:12,0.004543532803803333
38.82765,19.327502,12.767673,35.2824372097,35.63782,0.000132,S2A_MSIL2A_20190131T031951_N0211_R118_T48PXR_20190131T072612,1548919572000,Vinh Long,2019-01-31 07:26:12,0.0
38.82765,19.327502,12.767673,35.2824372097,35.63782,0.000132,S2A_MSIL2A_20190131T031951_N0211_R118_T48PXR_20190131T072612,1548919572000,Ben Tre,2019-01-31 07:26:12,0.0
22.050926,12.153216,26.69678,35.8652857023,16.288701,0.001221,S2A_MSIL2A_20190131T031951_N0211_R118_T48PWR_20190131T072612,1548919572000,Soc Trang,2019-01-31 07:26:12,0.0
22.050926,12.153216,26.69678,35.8652857023,16.288701,0.001221,S2A_MSIL2A_20190131T031951_N0211_R118_T48PWR_20190131T072612,1548919572000,Tra Vinh,2019-01-31 07:26:12,0.004543532803803333
22.050926,12.153216,26.69678,35.8652857023,16.288701,0.001221,S2A_MSIL2A_20190131T031951_N0211_R118_T48PWR_20190131T072612,1548919572000,Vinh Long,2019-01-31 07:26:12,0.0
22.050926,12.153216,26.69678,35.8652857023,16.288701,0.001221,S2A_MSIL2A_20190131T031951_N0211_R118_T48PWR_20190131T072612,1548919572000,Bac Lieu,2019-01-31 07:26:12,0.0
22.050926,12.153216,26.69678,35.8652857023,16.288701,0.001221,S2A_MSIL2A_20190131T031951_N0211_R118_T48PWR_20190131T072612,1548919572000,Ca Mau,2019-01-31 07:26:12,0.0037672560427792832
22.050926,12.153216,26.69678,35.8652857023,16.288701,0.001221,S2A_MSIL2A_20190131T031951_N0211_R118_T48PWR_20190131T072612,1548919572000,Can Tho city,2019-01-31 07:26:12,0.0
22.050926,12.153216,26.69678,35.8652857023,16.288701,0.001221,S2A_MSIL2A_20190131T031951_N0211_R118_T48PWR_20190131T072612,1548919572000,Hau Giang,2019-01-31 07:26:12,0.0
22.050926,12.153216,26.69678,35.8652857023,16.288701,0.001221,S2A_MSIL2A_20190131T031951_N0211_R118_T48PWR_20190131T072612,1548919572000,Kien Giang,2019-01-31 07:26:12,0.0027830684037075167
44.825697,26.096708,8.631046,36.4588355982,35.026655,0.0,S2A_MSIL2A_20190131T031951_N0211_R118_T48PVR_20190131T072612,1548919572000,Ca Mau,2019-01-31 07:26:12,0.0037672560427792832
44.825697,26.096708,8.631046,36.4588355982,35.026655,0.0,S2A_MSIL2A_20190131T031951_N0211_R118_T48PVR_20190131T072612,1548919572000,Kien Giang,2019-01-31 07:26:12,0.0027830684037075167
18.846343,10.248786,0.033199,37.0620503832,81.106848,0.0,S2A_MSIL2A_20190131T031951_N0211_R118_T48PUR_20190131T072612,1548919572000,Kien Giang,2019-01-31 07:26:12,0.0027830684037075167
11.168218,2.952747,2.577208,35.1513465179,80.290568,0.008484,S2A_MSIL2A_20190131T031951_N0211_R118_T48PWQ_20190131T072612,1548919572000,Bac Lieu,2019-01-31 07:26:12,0.0
11.168218,2.952747,2.577208,35.1513465179,80.290568,0.008484,S2A_MSIL2A_20190131T031951_N0211_R118_T48PWQ_20190131T072612,1548919572000,Ca Mau,2019-01-31 07:26:12,0.0037672560427792832
15.513542,8.010936,3.141821,35.7537264534,74.120545,0.002037,S2A_MSIL2A_20190131T031951_N0211_R118_T48PVQ_20190131T072612,1548919572000,Ca Mau,2019-01-31 07:26:12,0.0037672560427792832
11.425125,0.387808,14.767729,35.5752838399,66.95931,1.1e-05,S2A_MSIL2A_20190203T032941_N0211_R018_T48PUS_20190203T082804,1549182484000,Kien Giang,2019-02-03 08:28:04,0.0027830684037075167
13.026489,1.262868,0.122896,34.8545039083,86.821276,0.0,S2A_MSIL2A_20190203T032941_N0211_R018_T48PUR_20190203T082804,1549182484000,Kien Giang,2019-02-03 08:28:04,0.0027830684037075167
40.060686,0.51114,14.647485,36.9222014054,1.144027,0.0,S2B_MSIL2A_20190205T031929_N0211_R118_T48PVT_20190205T091216,1549357936000,An Giang,2019-02-05 09:12:16,0.0
24.801939,8.54457,17.297132,36.2206218776,34.440988,0.001029,S2B_MSIL2A_20190205T031929_N0211_R118_T48PVS_20190205T091216,1549357936000,An Giang,2019-02-05 09:12:16,0.0
24.801939,8.54457,17.297132,36.2206218776,34.440988,0.001029,S2B_MSIL2A_20190205T031929_N0211_R118_T48PVS_20190205T091216,1549357936000,Kien Giang,2019-02-05 09:12:16,0.0
34.049303,11.720336,11.224144,36.836197328,47.59284,2.4e-05,S2B_MSIL2A_20190205T031929_N0211_R118_T48PUS_20190205T091216,1549357936000,Kien Giang,2019-02-05 09:12:16,0.0
37.641882,21.045683,2.728156,35.5272702659,53.225088,0.0,S2B_MSIL2A_20190205T031929_N0211_R118_T48PVR_20190205T091216,1549357936000,Ca Mau,2019-02-05 09:12:16,0.0
37.641882,21.045683,2.728156,35.5272702659,53.225088,0.0,S2B_MSIL2A_20190205T031929_N0211_R118_T48PVR_20190205T091216,1549357936000,Kien Giang,2019-02-05 09:12:16,0.0
19.248641,13.457172,0.048175,36.1517753472,80.693138,0.0,S2B_MSIL2A_20190205T031929_N0211_R118_T48PUR_20190205T091216,1549357936000,Kien Giang,2019-02-05 09:12:16,0.0
45.018514,30.124158,1.166572,34.2174131974,47.910267,0.001606,S2B_MSIL2A_20190205T031929_N0211_R118_T48PWQ_20190205T091216,1549357936000,Bac Lieu,2019-02-05 09:12:16,0.0
45.018514,30.124158,1.166572,34.2174131974,47.910267,0.001606,S2B_MSIL2A_20190205T031929_N0211_R118_T48PWQ_20190205T091216,1549357936000,Ca Mau,2019-02-05 09:12:16,0.0
18.4385,1.3e-05,29.460314,36.2952263475,22.897364,0.035648,S2A_MSIL2A_20190207T030911_N0211_R075_T48PXS_20190207T071407,1549523647000,Tra Vinh,2019-02-07 07:14:07,0.027742499130412768
18.4385,1.3e-05,29.460314,36.2952263475,22.897364,0.035648,S2A_MSIL2A_20190207T030911_N0211_R075_T48PXS_20190207T071407,1549523647000,Ben Tre,2019-02-07 07:14:07,0.08099407590393894
18.4385,1.3e-05,29.460314,36.2952263475,22.897364,0.035648,S2A_MSIL2A_20190207T030911_N0211_R075_T48PXS_20190207T071407,1549523647000,Long An,2019-02-07 07:14:07,0.016102975787785866
18.4385,1.3e-05,29.460314,36.2952263475,22.897364,0.035648,S2A_MSIL2A_20190207T030911_N0211_R075_T48PXS_20190207T071407,1549523647000,Tien Giang,2019-02-07 07:14:07,0.03954248832054449
8.619929,0.0,5.442552,35.6219596786,78.150159,0.000616,S2A_MSIL2A_20190207T030911_N0211_R075_T48PXR_20190207T071407,1549523647000,Soc Trang,2019-02-07 07:14:07,0.04593159322300869
8.619929,0.0,5.442552,35.6219596786,78.150159,0.000616,S2A_MSIL2A_20190207T030911_N0211_R075_T48PXR_20190207T071407,1549523647000,Tra Vinh,2019-02-07 07:14:07,0.027742499130412768
8.619929,0.0,5.442552,35.6219596786,78.150159,0.000616,S2A_MSIL2A_20190207T030911_N0211_R075_T48PXR_20190207T071407,1549523647000,Vinh Long,2019-02-07 07:14:07,0.0
8.619929,0.0,5.442552,35.6219596786,78.150159,0.000616,S2A_MSIL2A_20190207T030911_N0211_R075_T48PXR_20190207T071407,1549523647000,Ben Tre,2019-02-07 07:14:07,0.08099407590393894
4.920259,0.0,14.272237,34.5211370182,74.342155,0.001929,S2B_MSIL2A_20190208T032909_N0211_R018_T48PUS_20190208T073154,1549611114000,Kien Giang,2019-02-08 07:31:54,0.00627011108520525
16.017294,0.000249,0.079885,33.8194200155,83.869648,0.0,S2B_MSIL2A_20190208T032909_N0211_R018_T48PUR_20190208T073154,1549611114000,Kien Giang,2019-02-08 07:31:54,0.00627011108520525
2.388121,0.000111,69.356936,34.6358113899,1.864037,0.0,S2A_MSIL2A_20190210T031851_N0211_R118_T48PXT_20190210T083901,1549787941000,Dong Thap,2019-02-10 08:39:01,0.0
2.388121,0.000111,69.356936,34.6358113899,1.864037,0.0,S2A_MSIL2A_20190210T031851_N0211_R118_T48PXT_20190210T083901,1549787941000,Long An,2019-02-10 08:39:01,2.002226322885e-05
25.168186,1.7e-05,27.713314,35.2451716093,1.123663,0.0,S2A_MSIL2A_20190210T031851_N0211_R118_T48PWT_20190210T083901,1549787941000,An Giang,2019-02-10 08:39:01,0.031143066510782833
25.168186,1.7e-05,27.713314,35.2451716093,1.123663,0.0,S2A_MSIL2A_20190210T031851_N0211_R118_T48PWT_20190210T083901,1549787941000,Dong Thap,2019-02-10 08:39:01,0.0
25.168186,1.7e-05,27.713314,35.2451716093,1.123663,0.0,S2A_MSIL2A_20190210T031851_N0211_R118_T48PWT_20190210T083901,1549787941000,Long An,2019-02-10 08:39:01,2.002226322885e-05
23.706369,0.000487,14.557694,35.8646976012,1.068481,0.0,S2A_MSIL2A_20190210T031851_N0211_R118_T48PVT_20190210T083901,1549787941000,An Giang,2019-02-10 08:39:01,0.031143066510782833
7.906962,2.629428,68.12107,33.9363031372,3.537001,5.9e-05,S2A_MSIL2A_20190210T031851_N0211_R118_T48PXS_20190210T083901,1549787941000,Soc Trang,2019-02-10 08:39:01,0.048407220960864
7.906962,2.629428,68.12107,33.9363031372,3.537001,5.9e-05,S2A_MSIL2A_20190210T031851_N0211_R118_T48PXS_20190210T083901,1549787941000,Tra Vinh,2019-02-10 08:39:01,0.027742499130412768
7.906962,2.629428,68.12107,33.9363031372,3.537001,5.9e-05,S2A_MSIL2A_20190210T031851_N0211_R118_T48PXS_20190210T083901,1549787941000,Vinh Long,2019-02-10 08:39:01,0.0
7.906962,2.629428,68.12107,33.9363031372,3.537001,5.9e-05,S2A_MSIL2A_20190210T031851_N0211_R118_T48PXS_20190210T083901,1549787941000,Ben Tre,2019-02-10 08:39:01,0.08099407590393894
7.906962,2.629428,68.12107,33.9363031372,3.537001,5.9e-05,S2A_MSIL2A_20190210T031851_N0211_R118_T48PXS_20190210T083901,1549787941000,Dong Thap,2019-02-10 08:39:01,0.0
7.906962,2.629428,68.12107,33.9363031372,3.537001,5.9e-05,S2A_MSIL2A_20190210T031851_N0211_R118_T48PXS_20190210T083901,1549787941000,Long An,2019-02-10 08:39:01,2.002226322885e-05
7.906962,2.629428,68.12107,33.9363031372,3.537001,5.9e-05,S2A_MSIL2A_20190210T031851_N0211_R118_T48PXS_20190210T083901,1549787941000,Tien Giang,2019-02-10 08:39:01,0.022821029470044333
17.633743,0.180865,56.089264,34.5547882464,3.622873,0.0,S2A_MSIL2A_20190210T031851_N0211_R118_T48PWS_20190210T083901,1549787941000,Soc Trang,2019-02-10 08:39:01,0.048407220960864
17.633743,0.180865,56.089264,34.5547882464,3.622873,0.0,S2A_MSIL2A_20190210T031851_N0211_R118_T48PWS_20190210T083901,1549787941000,Tra Vinh,2019-02-10 08:39:01,0.027742499130412768
17.633743,0.180865,56.089264,34.5547882464,3.622873,0.0,S2A_MSIL2A_20190210T031851_N0211_R118_T48PWS_20190210T083901,1549787941000,Vinh Long,2019-02-10 08:39:01,0.0
17.633743,0.180865,56.089264,34.5547882464,3.622873,0.0,S2A_MSIL2A_20190210T031851_N0211_R118_T48PWS_20190210T083901,1549787941000,Can Tho city,2019-02-10 08:39:01,0.0
17.633743,0.180865,56.089264,34.5547882464,3.622873,0.0,S2A_MSIL2A_20190210T031851_N0211_R118_T48PWS_20190210T083901,1549787941000,Hau Giang,2019-02-10 08:39:01,0.03049271301231725
17.633743,0.180865,56.089264,34.5547882464,3.622873,0.0,S2A_MSIL2A_20190210T031851_N0211_R118_T48PWS_20190210T083901,1549787941000,An Giang,2019-02-10 08:39:01,0.031143066510782833
17.633743,0.180865,56.089264,34.5547882464,3.622873,0.0,S2A_MSIL2A_20190210T031851_N0211_R118_T48PWS_20190210T083901,1549787941000,Dong Thap,2019-02-10 08:39:01,0.0
17.633743,0.180865,56.089264,34.5547882464,3.622873,0.0,S2A_MSIL2A_20190210T031851_N0211_R118_T48PWS_20190210T083901,1549787941000,Kien Giang,2019-02-10 08:39:01,0.0099260663491232
17.633743,0.180865,56.089264,34.5547882464,3.622873,0.0,S2A_MSIL2A_20190210T031851_N0211_R118_T48PWS_20190210T083901,1549787941000,Long An,2019-02-10 08:39:01,2.002226322885e-05
17.633743,0.180865,56.089264,34.5547882464,3.622873,0.0,S2A_MSIL2A_20190210T031851_N0211_R118_T48PWS_20190210T083901,1549787941000,Tien Giang,2019-02-10 08:39:01,0.022821029470044333
30.933643,0.000236,15.739536,35.1834176452,32.345495,0.000365,S2A_MSIL2A_20190210T031851_N0211_R118_T48PVS_20190210T083901,1549787941000,An Giang,2019-02-10 08:39:01,0.031143066510782833
30.933643,0.000236,15.739536,35.1834176452,32.345495,0.000365,S2A_MSIL2A_20190210T031851_N0211_R118_T48PVS_20190210T083901,1549787941000,Kien Giang,2019-02-10 08:39:01,0.0099260663491232
20.447904,7.615024,28.54054,33.2454404483,32.872239,0.00052,S2A_MSIL2A_20190210T031851_N0211_R118_T48PXR_20190210T083901,1549787941000,Soc Trang,2019-02-10 08:39:01,0.048407220960864
20.447904,7.615024,28.54054,33.2454404483,32.872239,0.00052,S2A_MSIL2A_20190210T031851_N0211_R118_T48PXR_20190210T083901,1549787941000,Tra Vinh,2019-02-10 08:39:01,0.027742499130412768
20.447904,7.615024,28.54054,33.2454404483,32.872239,0.00052,S2A_MSIL2A_20190210T031851_N0211_R118_T48PXR_20190210T083901,1549787941000,Vinh Long,2019-02-10 08:39:01,0.0
20.447904,7.615024,28.54054,33.2454404483,32.872239,0.00052,S2A_MSIL2A_20190210T031851_N0211_R118_T48PXR_20190210T083901,1549787941000,Ben Tre,2019-02-10 08:39:01,0.08099407590393894
21.575355,0.369783,30.626518,33.8733287233,15.560761,0.007906,S2A_MSIL2A_20190210T031851_N0211_R118_T48PWR_20190210T083901,1549787941000,Soc Trang,2019-02-10 08:39:01,0.048407220960864
21.575355,0.369783,30.626518,33.8733287233,15.560761,0.007906,S2A_MSIL2A_20190210T031851_N0211_R118_T48PWR_20190210T083901,1549787941000,Tra Vinh,2019-02-10 08:39:01,0.027742499130412768
21.575355,0.369783,30.626518,33.8733287233,15.560761,0.007906,S2A_MSIL2A_20190210T031851_N0211_R118_T48PWR_20190210T083901,1549787941000,Vinh Long,2019-02-10 08:39:01,0.0
21.575355,0.369783,30.626518,33.8733287233,15.560761,0.007906,S2A_MSIL2A_20190210T031851_N0211_R118_T48PWR_20190210T083901,1549787941000,Bac Lieu,2019-02-10 08:39:01,0.0126632320610982
21.575355,0.369783,30.626518,33.8733287233,15.560761,0.007906,S2A_MSIL2A_20190210T031851_N0211_R118_T48PWR_20190210T083901,1549787941000,Ca Mau,2019-02-10 08:39:01,0.03048546089731075
21.575355,0.369783,30.626518,33.8733287233,15.560761,0.007906,S2A_MSIL2A_20190210T031851_N0211_R118_T48PWR_20190210T083901,1549787941000,Can Tho city,2019-02-10 08:39:01,0.0
21.575355,0.369783,30.626518,33.8733287233,15.560761,0.007906,S2A_MSIL2A_20190210T031851_N0211_R118_T48PWR_20190210T083901,1549787941000,Hau Giang,2019-02-10 08:39:01,0.03049271301231725
21.575355,0.369783,30.626518,33.8733287233,15.560761,0.007906,S2A_MSIL2A_20190210T031851_N0211_R118_T48PWR_20190210T083901,1549787941000,Kien Giang,2019-02-10 08:39:01,0.0099260663491232
10.539975,3.6e-05,7.375556,34.5113279662,69.871008,0.0,S2A_MSIL2A_20190210T031851_N0211_R118_T48PVR_20190210T083901,1549787941000,Ca Mau,2019-02-10 08:39:01,0.03048546089731075
10.539975,3.6e-05,7.375556,34.5113279662,69.871008,0.0,S2A_MSIL2A_20190210T031851_N0211_R118_T48PVR_20190210T083901,1549787941000,Kien Giang,2019-02-10 08:39:01,0.0099260663491232
24.146363,0.0,0.012519,35.1583310067,75.833738,0.0,S2A_MSIL2A_20190210T031851_N0211_R118_T48PUR_20190210T083901,1549787941000,Kien Giang,2019-02-10 08:39:01,0.0099260663491232
7.851865,0.090823,2.388791,33.2005975427,84.732395,0.003338,S2A_MSIL2A_20190210T031851_N0211_R118_T48PWQ_20190210T083901,1549787941000,Bac Lieu,2019-02-10 08:39:01,0.0126632320610982
7.851865,0.090823,2.388791,33.2005975427,84.732395,0.003338,S2A_MSIL2A_20190210T031851_N0211_R118_T48PWQ_20190210T083901,1549787941000,Ca Mau,2019-02-10 08:39:01,0.03048546089731075
7.780678,0.03278,2.660479,33.8482428777,83.742487,0.002153,S2A_MSIL2A_20190210T031851_N0211_R118_T48PVQ_20190210T083901,1549787941000,Ca Mau,2019-02-10 08:39:01,0.03048546089731075
16.009991,0.000268,40.045881,35.2170528764,19.278406,0.043635,S2B_MSIL2A_20190212T030839_N0211_R075_T48PXS_20190212T075536,1549958136000,Tra Vinh,2019-02-12 07:55:36,0.027742499130412768
16.009991,0.000268,40.045881,35.2170528764,19.278406,0.043635,S2B_MSIL2A_20190212T030839_N0211_R075_T48PXS_20190212T075536,1549958136000,Ben Tre,2019-02-12 07:55:36,0.08099407590393894
16.009991,0.000268,40.045881,35.2170528764,19.278406,0.043635,S2B_MSIL2A_20190212T030839_N0211_R075_T48PXS_20190212T075536,1549958136000,Long An,2019-02-12 07:55:36,0.0
16.009991,0.000268,40.045881,35.2170528764,19.278406,0.043635,S2B_MSIL2A_20190212T030839_N0211_R075_T48PXS_20190212T075536,1549958136000,Tien Giang,2019-02-12 07:55:36,0.017809680125393766
21.856109,0.000721,3.153557,34.5661370031,71.100843,0.026238,S2B_MSIL2A_20190212T030839_N0211_R075_T48PXR_20190212T075536,1549958136000,Soc Trang,2019-02-12 07:55:36,0.048407220960864
21.856109,0.000721,3.153557,34.5661370031,71.100843,0.026238,S2B_MSIL2A_20190212T030839_N0211_R075_T48PXR_20190212T075536,1549958136000,Tra Vinh,2019-02-12 07:55:36,0.027742499130412768
21.856109,0.000721,3.153557,34.5661370031,71.100843,0.026238,S2B_MSIL2A_20190212T030839_N0211_R075_T48PXR_20190212T075536,1549958136000,Vinh Long,2019-02-12 07:55:36,0.0
21.856109,0.000721,3.153557,34.5661370031,71.100843,0.026238,S2B_MSIL2A_20190212T030839_N0211_R075_T48PXR_20190212T075536,1549958136000,Ben Tre,2019-02-12 07:55:36,0.08099407590393894
10.92705,4.747322,13.467783,33.3869077372,71.066135,0.000355,S2A_MSIL2A_20190213T032841_N0211_R018_T48PUS_20190213T091704,1550049424000,Kien Giang,2019-02-13 09:17:04,0.0036559552639179502
6.9308,0.0,0.122564,32.7069932418,92.90154,0.0,S2A_MSIL2A_20190213T032841_N0211_R018_T48PUR_20190213T091704,1550049424000,Kien Giang,2019-02-13 09:17:04,0.0036559552639179502
0.900826,0.000795,70.634121,33.4206121877,1.701604,0.0,S2B_MSIL2A_20190215T031829_N0211_R118_T48PXT_20190215T071726,1550215046000,Dong Thap,2019-02-15 07:17:26,0.0
0.900826,0.000795,70.634121,33.4206121877,1.701604,0.0,S2B_MSIL2A_20190215T031829_N0211_R118_T48PXT_20190215T071726,1550215046000,Long An,2019-02-15 07:17:26,0.0
1.971732,0.000365,41.961658,34.0525905535,2.317872,0.0,S2B_MSIL2A_20190215T031829_N0211_R118_T48PWT_20190215T071726,1550215046000,An Giang,2019-02-15 07:17:26,0.0
1.971732,0.000365,41.961658,34.0525905535,2.317872,0.0,S2B_MSIL2A_20190215T031829_N0211_R118_T48PWT_20190215T071726,1550215046000,Dong Thap,2019-02-15 07:17:26,0.0
1.971732,0.000365,41.961658,34.0525905535,2.317872,0.0,S2B_MSIL2A_20190215T031829_N0211_R118_T48PWT_20190215T071726,1550215046000,Long An,2019-02-15 07:17:26,0.0
3.867245,0.192023,25.694078,34.6944688016,1.622811,0.0,S2B_MSIL2A_20190215T031829_N0211_R118_T48PVT_20190215T071726,1550215046000,An Giang,2019-02-15 07:17:26,0.0
0.310639,0.000307,74.616587,32.7424021599,5.014245,0.0,S2B_MSIL2A_20190215T031829_N0211_R118_T48PXS_20190215T071726,1550215046000,Soc Trang,2019-02-15 07:17:26,0.0
0.310639,0.000307,74.616587,32.7424021599,5.014245,0.0,S2B_MSIL2A_20190215T031829_N0211_R118_T48PXS_20190215T071726,1550215046000,Tra Vinh,2019-02-15 07:17:26,0.0
0.310639,0.000307,74.616587,32.7424021599,5.014245,0.0,S2B_MSIL2A_20190215T031829_N0211_R118_T48PXS_20190215T071726,1550215046000,Vinh Long,2019-02-15 07:17:26,0.0
0.310639,0.000307,74.616587,32.7424021599,5.014245,0.0,S2B_MSIL2A_20190215T031829_N0211_R118_T48PXS_20190215T071726,1550215046000,Ben Tre,2019-02-15 07:17:26,0.0
0.310639,0.000307,74.616587,32.7424021599,5.014245,0.0,S2B_MSIL2A_20190215T031829_N0211_R118_T48PXS_20190215T071726,1550215046000,Dong Thap,2019-02-15 07:17:26,0.0
0.310639,0.000307,74.616587,32.7424021599,5.014245,0.0,S2B_MSIL2A_20190215T031829_N0211_R118_T48PXS_20190215T071726,1550215046000,Long An,2019-02-15 07:17:26,0.0
0.310639,0.000307,74.616587,32.7424021599,5.014245,0.0,S2B_MSIL2A_20190215T031829_N0211_R118_T48PXS_20190215T071726,1550215046000,Tien Giang,2019-02-15 07:17:26,0.0
0.351508,0.0,75.553083,33.3840016237,3.91654,0.0,S2B_MSIL2A_20190215T031829_N0211_R118_T48PWS_20190215T071726,1550215046000,Soc Trang,2019-02-15 07:17:26,0.0
0.351508,0.0,75.553083,33.3840016237,3.91654,0.0,S2B_MSIL2A_20190215T031829_N0211_R118_T48PWS_20190215T071726,1550215046000,Tra Vinh,2019-02-15 07:17:26,0.0
0.351508,0.0,75.553083,33.3840016237,3.91654,0.0,S2B_MSIL2A_20190215T031829_N0211_R118_T48PWS_20190215T071726,1550215046000,Vinh Long,2019-02-15 07:17:26,0.0
0.351508,0.0,75.553083,33.3840016237,3.91654,0.0,S2B_MSIL2A_20190215T031829_N0211_R118_T48PWS_20190215T071726,1550215046000,Can Tho city,2019-02-15 07:17:26,0.0
0.351508,0.0,75.553083,33.3840016237,3.91654,0.0,S2B_MSIL2A_20190215T031829_N0211_R118_T48PWS_20190215T071726,1550215046000,Hau Giang,2019-02-15 07:17:26,0.0
0.351508,0.0,75.553083,33.3840016237,3.91654,0.0,S2B_MSIL2A_20190215T031829_N0211_R118_T48PWS_20190215T071726,1550215046000,An Giang,2019-02-15 07:17:26,0.0
0.351508,0.0,75.553083,33.3840016237,3.91654,0.0,S2B_MSIL2A_20190215T031829_N0211_R118_T48PWS_20190215T071726,1550215046000,Dong Thap,2019-02-15 07:17:26,0.0
0.351508,0.0,75.553083,33.3840016237,3.91654,0.0,S2B_MSIL2A_20190215T031829_N0211_R118_T48PWS_20190215T071726,1550215046000,Kien Giang,2019-02-15 07:17:26,0.0
0.351508,0.0,75.553083,33.3840016237,3.91654,0.0,S2B_MSIL2A_20190215T031829_N0211_R118_T48PWS_20190215T071726,1550215046000,Long An,2019-02-15 07:17:26,0.0
0.351508,0.0,75.553083,33.3840016237,3.91654,0.0,S2B_MSIL2A_20190215T031829_N0211_R118_T48PWS_20190215T071726,1550215046000,Tien Giang,2019-02-15 07:17:26,0.0
2.659975,0.000139,27.938142,34.0354359303,42.615625,0.000926,S2B_MSIL2A_20190215T031829_N0211_R118_T48PVS_20190215T071726,1550215046000,An Giang,2019-02-15 07:17:26,0.0
2.659975,0.000139,27.938142,34.0354359303,42.615625,0.000926,S2B_MSIL2A_20190215T031829_N0211_R118_T48PVS_20190215T071726,1550215046000,Kien Giang,2019-02-15 07:17:26,0.0
6.479544,0.0,25.161234,34.6955832656,60.974365,8.6e-05,S2B_MSIL2A_20190215T031829_N0211_R118_T48PUS_20190215T071726,1550215046000,Kien Giang,2019-02-15 07:17:26,0.0
3.638259,0.0,34.982893,32.0740659507,43.636131,0.00073,S2B_MSIL2A_20190215T031829_N0211_R118_T48PXR_20190215T071726,1550215046000,Soc Trang,2019-02-15 07:17:26,0.0
3.638259,0.0,34.982893,32.0740659507,43.636131,0.00073,S2B_MSIL2A_20190215T031829_N0211_R118_T48PXR_20190215T071726,1550215046000,Tra Vinh,2019-02-15 07:17:26,0.0
3.638259,0.0,34.982893,32.0740659507,43.636131,0.00073,S2B_MSIL2A_20190215T031829_N0211_R118_T48PXR_20190215T071726,1550215046000,Vinh Long,2019-02-15 07:17:26,0.0
3.638259,0.0,34.982893,32.0740659507,43.636131,0.00073,S2B_MSIL2A_20190215T031829_N0211_R118_T48PXR_20190215T071726,1550215046000,Ben Tre,2019-02-15 07:17:26,0.0
9.407732,3.6e-05,40.088636,32.7255639429,15.457179,0.004034,S2B_MSIL2A_20190215T031829_N0211_R118_T48PWR_20190215T071726,1550215046000,Soc Trang,2019-02-15 07:17:26,0.0
9.407732,3.6e-05,40.088636,32.7255639429,15.457179,0.004034,S2B_MSIL2A_20190215T031829_N0211_R118_T48PWR_20190215T071726,1550215046000,Tra Vinh,2019-02-15 07:17:26,0.0
9.407732,3.6e-05,40.088636,32.7255639429,15.457179,0.004034,S2B_MSIL2A_20190215T031829_N0211_R118_T48PWR_20190215T071726,1550215046000,Vinh Long,2019-02-15 07:17:26,0.0
9.407732,3.6e-05,40.088636,32.7255639429,15.457179,0.004034,S2B_MSIL2A_20190215T031829_N0211_R118_T48PWR_20190215T071726,1550215046000,Bac Lieu,2019-02-15 07:17:26,0.0
9.407732,3.6e-05,40.088636,32.7255639429,15.457179,0.004034,S2B_MSIL2A_20190215T031829_N0211_R118_T48PWR_20190215T071726,1550215046000,Ca Mau,2019-02-15 07:17:26,0.0003730917964333334
9.407732,3.6e-05,40.088636,32.7255639429,15.457179,0.004034,S2B_MSIL2A_20190215T031829_N0211_R118_T48PWR_20190215T071726,1550215046000,Can Tho city,2019-02-15 07:17:26,0.0
9.407732,3.6e-05,40.088636,32.7255639429,15.457179,0.004034,S2B_MSIL2A_20190215T031829_N0211_R118_T48PWR_20190215T071726,1550215046000,Hau Giang,2019-02-15 07:17:26,0.0
9.407732,3.6e-05,40.088636,32.7255639429,15.457179,0.004034,S2B_MSIL2A_20190215T031829_N0211_R118_T48PWR_20190215T071726,1550215046000,Kien Giang,2019-02-15 07:17:26,0.0
6.985348,0.000182,8.778116,33.3868014354,71.253288,0.0,S2B_MSIL2A_20190215T031829_N0211_R118_T48PVR_20190215T071726,1550215046000,Ca Mau,2019-02-15 07:17:26,0.0003730917964333334
6.985348,0.000182,8.778116,33.3868014354,71.253288,0.0,S2B_MSIL2A_20190215T031829_N0211_R118_T48PVR_20190215T071726,1550215046000,Kien Giang,2019-02-15 07:17:26,0.0
8.595436,0.0,0.037609,34.0566365531,91.306561,0.0,S2B_MSIL2A_20190215T031829_N0211_R118_T48PUR_20190215T071726,1550215046000,Kien Giang,2019-02-15 07:17:26,0.0
5.617772,0.001553,2.444952,32.0770819956,86.178517,0.011267,S2B_MSIL2A_20190215T031829_N0211_R118_T48PWQ_20190215T071726,1550215046000,Bac Lieu,2019-02-15 07:17:26,0.0
5.617772,0.001553,2.444952,32.0770819956,86.178517,0.011267,S2B_MSIL2A_20190215T031829_N0211_R118_T48PWQ_20190215T071726,1550215046000,Ca Mau,2019-02-15 07:17:26,0.0003730917964333334
4.156244,0.0,4.295317,32.7483801177,83.993083,0.001447,S2B_MSIL2A_20190215T031829_N0211_R118_T48PVQ_20190215T071726,1550215046000,Ca Mau,2019-02-15 07:17:26,0.0003730917964333334
21.840673,0.002569,25.749415,34.0748959758,25.414917,0.075153,S2A_MSIL2A_20190217T030801_N0211_R075_T48PXS_20190217T083044,1550392244000,Tra Vinh,2019-02-17 08:30:44,0.023074271330151917
21.840673,0.002569,25.749415,34.0748959758,25.414917,0.075153,S2A_MSIL2A_20190217T030801_N0211_R075_T48PXS_20190217T083044,1550392244000,Ben Tre,2019-02-17 08:30:44,0.1452436327517608
21.840673,0.002569,25.749415,34.0748959758,25.414917,0.075153,S2A_MSIL2A_20190217T030801_N0211_R075_T48PXS_20190217T083044,1550392244000,Long An,2019-02-17 08:30:44,0.03960429385499118
21.840673,0.002569,25.749415,34.0748959758,25.414917,0.075153,S2A_MSIL2A_20190217T030801_N0211_R075_T48PXS_20190217T083044,1550392244000,Tien Giang,2019-02-17 08:30:44,0.17239092663275135
6.011034,1.343367,5.244918,33.4493073715,81.35156,0.001525,S2A_MSIL2A_20190217T030801_N0211_R075_T48PXR_20190217T083044,1550392244000,Soc Trang,2019-02-17 08:30:44,0.09881939104884913
6.011034,1.343367,5.244918,33.4493073715,81.35156,0.001525,S2A_MSIL2A_20190217T030801_N0211_R075_T48PXR_20190217T083044,1550392244000,Tra Vinh,2019-02-17 08:30:44,0.023074271330151917
6.011034,1.343367,5.244918,33.4493073715,81.35156,0.001525,S2A_MSIL2A_20190217T030801_N0211_R075_T48PXR_20190217T083044,1550392244000,Vinh Long,2019-02-17 08:30:44,0.0
6.011034,1.343367,5.244918,33.4493073715,81.35156,0.001525,S2A_MSIL2A_20190217T030801_N0211_R075_T48PXR_20190217T083044,1550392244000,Ben Tre,2019-02-17 08:30:44,0.1452436327517608
20.202135,0.006352,10.407408,32.1511615603,62.58924,0.777438,S2B_MSIL2A_20190218T032809_N0211_R018_T48PUS_20190218T073351,1550475231000,Kien Giang,2019-02-18 07:33:51,0.03878490522972258
15.258009,4.305176,0.137991,31.4953289176,84.563828,0.0,S2B_MSIL2A_20190218T032809_N0211_R018_T48PUR_20190218T073351,1550475231000,Kien Giang,2019-02-18 07:33:51,0.03878490522972258
18.582186,0.000185,50.494629,32.1466343558,0.66322,0.0,S2A_MSIL2A_20190220T031751_N0211_R118_T48PXT_20190220T070941,1550646581000,Dong Thap,2019-02-20 07:09:41,0.0
18.582186,0.000185,50.494629,32.1466343558,0.66322,0.0,S2A_MSIL2A_20190220T031751_N0211_R118_T48PXT_20190220T070941,1550646581000,Long An,2019-02-20 07:09:41,0.06379268384794105
28.105902,9e-05,23.138291,32.802408713,1.204525,0.0,S2A_MSIL2A_20190220T031751_N0211_R118_T48PWT_20190220T070941,1550646581000,An Giang,2019-02-20 07:09:41,0.05588535998135328
28.105902,9e-05,23.138291,32.802408713,1.204525,0.0,S2A_MSIL2A_20190220T031751_N0211_R118_T48PWT_20190220T070941,1550646581000,Dong Thap,2019-02-20 07:09:41,0.0
28.105902,9e-05,23.138291,32.802408713,1.204525,0.0,S2A_MSIL2A_20190220T031751_N0211_R118_T48PWT_20190220T070941,1550646581000,Long An,2019-02-20 07:09:41,0.06379268384794105
20.456754,0.000532,12.619451,33.4677442592,0.885573,0.0,S2A_MSIL2A_20190220T031751_N0211_R118_T48PVT_20190220T070941,1550646581000,An Giang,2019-02-20 07:09:41,0.05588535998135328
28.033666,0.000108,42.290035,31.4927650881,2.57921,0.18987,S2A_MSIL2A_20190220T031751_N0211_R118_T48PXS_20190220T070941,1550646581000,Soc Trang,2019-02-20 07:09:41,0.28754355115880875
28.033666,0.000108,42.290035,31.4927650881,2.57921,0.18987,S2A_MSIL2A_20190220T031751_N0211_R118_T48PXS_20190220T070941,1550646581000,Tra Vinh,2019-02-20 07:09:41,0.028829610186002098
28.033666,0.000108,42.290035,31.4927650881,2.57921,0.18987,S2A_MSIL2A_20190220T031751_N0211_R118_T48PXS_20190220T070941,1550646581000,Vinh Long,2019-02-20 07:09:41,0.0
28.033666,0.000108,42.290035,31.4927650881,2.57921,0.18987,S2A_MSIL2A_20190220T031751_N0211_R118_T48PXS_20190220T070941,1550646581000,Ben Tre,2019-02-20 07:09:41,0.22741295557899863
28.033666,0.000108,42.290035,31.4927650881,2.57921,0.18987,S2A_MSIL2A_20190220T031751_N0211_R118_T48PXS_20190220T070941,1550646581000,Dong Thap,2019-02-20 07:09:41,0.0
28.033666,0.000108,42.290035,31.4927650881,2.57921,0.18987,S2A_MSIL2A_20190220T031751_N0211_R118_T48PXS_20190220T070941,1550646581000,Long An,2019-02-20 07:09:41,0.06379268384794105
28.033666,0.000108,42.290035,31.4927650881,2.57921,0.18987,S2A_MSIL2A_20190220T031751_N0211_R118_T48PXS_20190220T070941,1550646581000,Tien Giang,2019-02-20 07:09:41,0.30248598417694833
31.886221,0.0,37.218404,32.1586582629,2.413041,0.0,S2A_MSIL2A_20190220T031751_N0211_R118_T48PWS_20190220T070941,1550646581000,Soc Trang,2019-02-20 07:09:41,0.28754355115880875
31.886221,0.0,37.218404,32.1586582629,2.413041,0.0,S2A_MSIL2A_20190220T031751_N0211_R118_T48PWS_20190220T070941,1550646581000,Tra Vinh,2019-02-20 07:09:41,0.028829610186002098
31.886221,0.0,37.218404,32.1586582629,2.413041,0.0,S2A_MSIL2A_20190220T031751_N0211_R118_T48PWS_20190220T070941,1550646581000,Vinh Long,2019-02-20 07:09:41,0.0
31.886221,0.0,37.218404,32.1586582629,2.413041,0.0,S2A_MSIL2A_20190220T031751_N0211_R118_T48PWS_20190220T070941,1550646581000,Can Tho city,2019-02-20 07:09:41,0.0
31.886221,0.0,37.218404,32.1586582629,2.413041,0.0,S2A_MSIL2A_20190220T031751_N0211_R118_T48PWS_20190220T070941,1550646581000,Hau Giang,2019-02-20 07:09:41,0.09011354620447964
31.886221,0.0,37.218404,32.1586582629,2.413041,0.0,S2A_MSIL2A_20190220T031751_N0211_R118_T48PWS_20190220T070941,1550646581000,An Giang,2019-02-20 07:09:41,0.05588535998135328
31.886221,0.0,37.218404,32.1586582629,2.413041,0.0,S2A_MSIL2A_20190220T031751_N0211_R118_T48PWS_20190220T070941,1550646581000,Dong Thap,2019-02-20 07:09:41,0.0
31.886221,0.0,37.218404,32.1586582629,2.413041,0.0,S2A_MSIL2A_20190220T031751_N0211_R118_T48PWS_20190220T070941,1550646581000,Kien Giang,2019-02-20 07:09:41,0.10642407096711641
31.886221,0.0,37.218404,32.1586582629,2.413041,0.0,S2A_MSIL2A_20190220T031751_N0211_R118_T48PWS_20190220T070941,1550646581000,Long An,2019-02-20 07:09:41,0.06379268384794105
31.886221,0.0,37.218404,32.1586582629,2.413041,0.0,S2A_MSIL2A_20190220T031751_N0211_R118_T48PWS_20190220T070941,1550646581000,Tien Giang,2019-02-20 07:09:41,0.30248598417694833
21.037642,0.000196,14.837334,32.833982161,38.705096,0.007694,S2A_MSIL2A_20190220T031751_N0211_R118_T48PVS_20190220T070941,1550646581000,An Giang,2019-02-20 07:09:41,0.05588535998135328
21.037642,0.000196,14.837334,32.833982161,38.705096,0.007694,S2A_MSIL2A_20190220T031751_N0211_R118_T48PVS_20190220T070941,1550646581000,Kien Giang,2019-02-20 07:09:41,0.10642407096711641
18.316722,0.0,18.834041,33.5175816096,55.109131,0.009222,S2A_MSIL2A_20190220T031751_N0211_R118_T48PUS_20190220T070941,1550646581000,Kien Giang,2019-02-20 07:09:41,0.10642407096711641
24.789983,0.0,20.88398,30.8501263888,37.177095,0.052305,S2A_MSIL2A_20190220T031751_N0211_R118_T48PXR_20190220T070941,1550646581000,Soc Trang,2019-02-20 07:09:41,0.28754355115880875
24.789983,0.0,20.88398,30.8501263888,37.177095,0.052305,S2A_MSIL2A_20190220T031751_N0211_R118_T48PXR_20190220T070941,1550646581000,Tra Vinh,2019-02-20 07:09:41,0.028829610186002098
24.789983,0.0,20.88398,30.8501263888,37.177095,0.052305,S2A_MSIL2A_20190220T031751_N0211_R118_T48PXR_20190220T070941,1550646581000,Vinh Long,2019-02-20 07:09:41,0.0
24.789983,0.0,20.88398,30.8501263888,37.177095,0.052305,S2A_MSIL2A_20190220T031751_N0211_R118_T48PXR_20190220T070941,1550646581000,Ben Tre,2019-02-20 07:09:41,0.22741295557899863
27.61136,0.000119,24.531116,31.5263902057,15.189886,0.074894,S2A_MSIL2A_20190220T031751_N0211_R118_T48PWR_20190220T070941,1550646581000,Soc Trang,2019-02-20 07:09:41,0.28754355115880875
27.61136,0.000119,24.531116,31.5263902057,15.189886,0.074894,S2A_MSIL2A_20190220T031751_N0211_R118_T48PWR_20190220T070941,1550646581000,Tra Vinh,2019-02-20 07:09:41,0.028829610186002098
27.61136,0.000119,24.531116,31.5263902057,15.189886,0.074894,S2A_MSIL2A_20190220T031751_N0211_R118_T48PWR_20190220T070941,1550646581000,Vinh Long,2019-02-20 07:09:41,0.0
27.61136,0.000119,24.531116,31.5263902057,15.189886,0.074894,S2A_MSIL2A_20190220T031751_N0211_R118_T48PWR_20190220T070941,1550646581000,Bac Lieu,2019-02-20 07:09:41,0.040600812696061035
27.61136,0.000119,24.531116,31.5263902057,15.189886,0.074894,S2A_MSIL2A_20190220T031751_N0211_R118_T48PWR_20190220T070941,1550646581000,Ca Mau,2019-02-20 07:09:41,0.004093719369302783
27.61136,0.000119,24.531116,31.5263902057,15.189886,0.074894,S2A_MSIL2A_20190220T031751_N0211_R118_T48PWR_20190220T070941,1550646581000,Can Tho city,2019-02-20 07:09:41,0.0
27.61136,0.000119,24.531116,31.5263902057,15.189886,0.074894,S2A_MSIL2A_20190220T031751_N0211_R118_T48PWR_20190220T070941,1550646581000,Hau Giang,2019-02-20 07:09:41,0.09011354620447964
27.61136,0.000119,24.531116,31.5263902057,15.189886,0.074894,S2A_MSIL2A_20190220T031751_N0211_R118_T48PWR_20190220T070941,1550646581000,Kien Giang,2019-02-20 07:09:41,0.10642407096711641
13.24416,0.068201,5.099383,32.2119337874,70.345742,0.0,S2A_MSIL2A_20190220T031751_N0211_R118_T48PVR_20190220T070941,1550646581000,Ca Mau,2019-02-20 07:09:41,0.004093719369302783
13.24416,0.068201,5.099383,32.2119337874,70.345742,0.0,S2A_MSIL2A_20190220T031751_N0211_R118_T48PVR_20190220T070941,1550646581000,Kien Giang,2019-02-20 07:09:41,0.10642407096711641
3.901754,0.0,0.04666,32.9055824556,96.030873,0.0,S2A_MSIL2A_20190220T031751_N0211_R118_T48PUR_20190220T070941,1550646581000,Kien Giang,2019-02-20 07:09:41,0.10642407096711641
9.717171,0.000166,1.744888,30.905621721,83.611017,0.003109,S2A_MSIL2A_20190220T031751_N0211_R118_T48PWQ_20190220T070941,1550646581000,Bac Lieu,2019-02-20 07:09:41,0.040600812696061035
9.717171,0.000166,1.744888,30.905621721,83.611017,0.003109,S2A_MSIL2A_20190220T031751_N0211_R118_T48PWQ_20190220T070941,1550646581000,Ca Mau,2019-02-20 07:09:41,0.004093719369302783
7.084257,0.180155,2.935014,31.6015985872,83.701515,0.004336,S2A_MSIL2A_20190220T031751_N0211_R118_T48PVQ_20190220T070941,1550646581000,Ca Mau,2019-02-20 07:09:41,0.004093719369302783
0.261313,0.032617,68.835443,30.7959738829,1.495574,0.0,S2B_MSIL2A_20190225T031719_N0211_R118_T48PXT_20190225T072327,1551079407000,Dong Thap,2019-02-25 07:23:27,0.0
0.261313,0.032617,68.835443,30.7959738829,1.495574,0.0,S2B_MSIL2A_20190225T031719_N0211_R118_T48PXT_20190225T072327,1551079407000,Long An,2019-02-25 07:23:27,0.0
9.279244,0.000541,23.457095,31.4759441344,1.174651,0.0,S2B_MSIL2A_20190225T031719_N0211_R118_T48PWT_20190225T072327,1551079407000,An Giang,2019-02-25 07:23:27,0.015629869687979265
9.279244,0.000541,23.457095,31.4759441344,1.174651,0.0,S2B_MSIL2A_20190225T031719_N0211_R118_T48PWT_20190225T072327,1551079407000,Dong Thap,2019-02-25 07:23:27,0.0
9.279244,0.000541,23.457095,31.4759441344,1.174651,0.0,S2B_MSIL2A_20190225T031719_N0211_R118_T48PWT_20190225T072327,1551079407000,Long An,2019-02-25 07:23:27,0.0
34.376322,1.692307,5.042339,32.1650599023,0.482458,0.0,S2B_MSIL2A_20190225T031719_N0211_R118_T48PVT_20190225T072327,1551079407000,An Giang,2019-02-25 07:23:27,0.015629869687979265
18.98222,0.000117,45.395786,30.1691338499,2.308073,8.6e-05,S2B_MSIL2A_20190225T031719_N0211_R118_T48PXS_20190225T072327,1551079407000,Soc Trang,2019-02-25 07:23:27,0.008327941789181234
18.98222,0.000117,45.395786,30.1691338499,2.308073,8.6e-05,S2B_MSIL2A_20190225T031719_N0211_R118_T48PXS_20190225T072327,1551079407000,Tra Vinh,2019-02-25 07:23:27,0.0
18.98222,0.000117,45.395786,30.1691338499,2.308073,8.6e-05,S2B_MSIL2A_20190225T031719_N0211_R118_T48PXS_20190225T072327,1551079407000,Vinh Long,2019-02-25 07:23:27,0.0
18.98222,0.000117,45.395786,30.1691338499,2.308073,8.6e-05,S2B_MSIL2A_20190225T031719_N0211_R118_T48PXS_20190225T072327,1551079407000,Ben Tre,2019-02-25 07:23:27,0.0
18.98222,0.000117,45.395786,30.1691338499,2.308073,8.6e-05,S2B_MSIL2A_20190225T031719_N0211_R118_T48PXS_20190225T072327,1551079407000,Dong Thap,2019-02-25 07:23:27,0.0
18.98222,0.000117,45.395786,30.1691338499,2.308073,8.6e-05,S2B_MSIL2A_20190225T031719_N0211_R118_T48PXS_20190225T072327,1551079407000,Long An,2019-02-25 07:23:27,0.0
18.98222,0.000117,45.395786,30.1691338499,2.308073,8.6e-05,S2B_MSIL2A_20190225T031719_N0211_R118_T48PXS_20190225T072327,1551079407000,Tien Giang,2019-02-25 07:23:27,0.0
12.714356,0.000123,44.97222,30.8597148895,3.264512,0.0,S2B_MSIL2A_20190225T031719_N0211_R118_T48PWS_20190225T072327,1551079407000,Soc Trang,2019-02-25 07:23:27,0.008327941789181234
12.714356,0.000123,44.97222,30.8597148895,3.264512,0.0,S2B_MSIL2A_20190225T031719_N0211_R118_T48PWS_20190225T072327,1551079407000,Tra Vinh,2019-02-25 07:23:27,0.0
12.714356,0.000123,44.97222,30.8597148895,3.264512,0.0,S2B_MSIL2A_20190225T031719_N0211_R118_T48PWS_20190225T072327,1551079407000,Vinh Long,2019-02-25 07:23:27,0.0
12.714356,0.000123,44.97222,30.8597148895,3.264512,0.0,S2B_MSIL2A_20190225T031719_N0211_R118_T48PWS_20190225T072327,1551079407000,Can Tho city,2019-02-25 07:23:27,0.0
12.714356,0.000123,44.97222,30.8597148895,3.264512,0.0,S2B_MSIL2A_20190225T031719_N0211_R118_T48PWS_20190225T072327,1551079407000,Hau Giang,2019-02-25 07:23:27,0.0
12.714356,0.000123,44.97222,30.8597148895,3.264512,0.0,S2B_MSIL2A_20190225T031719_N0211_R118_T48PWS_20190225T072327,1551079407000,An Giang,2019-02-25 07:23:27,0.015629869687979265
12.714356,0.000123,44.97222,30.8597148895,3.264512,0.0,S2B_MSIL2A_20190225T031719_N0211_R118_T48PWS_20190225T072327,1551079407000,Dong Thap,2019-02-25 07:23:27,0.0
12.714356,0.000123,44.97222,30.8597148895,3.264512,0.0,S2B_MSIL2A_20190225T031719_N0211_R118_T48PWS_20190225T072327,1551079407000,Kien Giang,2019-02-25 07:23:27,0.015239323700347448
12.714356,0.000123,44.97222,30.8597148895,3.264512,0.0,S2B_MSIL2A_20190225T031719_N0211_R118_T48PWS_20190225T072327,1551079407000,Long An,2019-02-25 07:23:27,0.0
12.714356,0.000123,44.97222,30.8597148895,3.264512,0.0,S2B_MSIL2A_20190225T031719_N0211_R118_T48PWS_20190225T072327,1551079407000,Tien Giang,2019-02-25 07:23:27,0.0
15.466565,3.415815,15.194067,31.5592479985,38.236347,0.003723,S2B_MSIL2A_20190225T031719_N0211_R118_T48PVS_20190225T072327,1551079407000,An Giang,2019-02-25 07:23:27,0.015629869687979265
15.466565,3.415815,15.194067,31.5592479985,38.236347,0.003723,S2B_MSIL2A_20190225T031719_N0211_R118_T48PVS_20190225T072327,1551079407000,Kien Giang,2019-02-25 07:23:27,0.015239323700347448
36.161269,8.794501,9.13748,32.2665448167,46.454281,0.0,S2B_MSIL2A_20190225T031719_N0211_R118_T48PUS_20190225T072327,1551079407000,Kien Giang,2019-02-25 07:23:27,0.015239323700347448
33.785972,0.028307,16.42908,29.5552243256,33.0993,0.001622,S2B_MSIL2A_20190225T031719_N0211_R118_T48PXR_20190225T072327,1551079407000,Soc Trang,2019-02-25 07:23:27,0.008327941789181234
33.785972,0.028307,16.42908,29.5552243256,33.0993,0.001622,S2B_MSIL2A_20190225T031719_N0211_R118_T48PXR_20190225T072327,1551079407000,Tra Vinh,2019-02-25 07:23:27,0.0
33.785972,0.028307,16.42908,29.5552243256,33.0993,0.001622,S2B_MSIL2A_20190225T031719_N0211_R118_T48PXR_20190225T072327,1551079407000,Vinh Long,2019-02-25 07:23:27,0.0
33.785972,0.028307,16.42908,29.5552243256,33.0993,0.001622,S2B_MSIL2A_20190225T031719_N0211_R118_T48PXR_20190225T072327,1551079407000,Ben Tre,2019-02-25 07:23:27,0.0
20.029529,0.118095,26.37718,30.2566177583,15.594101,0.00208,S2B_MSIL2A_20190225T031719_N0211_R118_T48PWR_20190225T072327,1551079407000,Soc Trang,2019-02-25 07:23:27,0.008327941789181234
20.029529,0.118095,26.37718,30.2566177583,15.594101,0.00208,S2B_MSIL2A_20190225T031719_N0211_R118_T48PWR_20190225T072327,1551079407000,Tra Vinh,2019-02-25 07:23:27,0.0
20.029529,0.118095,26.37718,30.2566177583,15.594101,0.00208,S2B_MSIL2A_20190225T031719_N0211_R118_T48PWR_20190225T072327,1551079407000,Vinh Long,2019-02-25 07:23:27,0.0
20.029529,0.118095,26.37718,30.2566177583,15.594101,0.00208,S2B_MSIL2A_20190225T031719_N0211_R118_T48PWR_20190225T072327,1551079407000,Bac Lieu,2019-02-25 07:23:27,0.012053073825326352
20.029529,0.118095,26.37718,30.2566177583,15.594101,0.00208,S2B_MSIL2A_20190225T031719_N0211_R118_T48PWR_20190225T072327,1551079407000,Ca Mau,2019-02-25 07:23:27,0.00045529868587376667
20.029529,0.118095,26.37718,30.2566177583,15.594101,0.00208,S2B_MSIL2A_20190225T031719_N0211_R118_T48PWR_20190225T072327,1551079407000,Can Tho city,2019-02-25 07:23:27,0.0
20.029529,0.118095,26.37718,30.2566177583,15.594101,0.00208,S2B_MSIL2A_20190225T031719_N0211_R118_T48PWR_20190225T072327,1551079407000,Hau Giang,2019-02-25 07:23:27,0.0
20.029529,0.118095,26.37718,30.2566177583,15.594101,0.00208,S2B_MSIL2A_20190225T031719_N0211_R118_T48PWR_20190225T072327,1551079407000,Kien Giang,2019-02-25 07:23:27,0.015239323700347448
8.547095,1.482281,5.65817,30.9667364061,71.095371,0.0,S2B_MSIL2A_20190225T031719_N0211_R118_T48PVR_20190225T072327,1551079407000,Ca Mau,2019-02-25 07:23:27,0.00045529868587376667
8.547095,1.482281,5.65817,30.9667364061,71.095371,0.0,S2B_MSIL2A_20190225T031719_N0211_R118_T48PVR_20190225T072327,1551079407000,Kien Giang,2019-02-25 07:23:27,0.015239323700347448
12.04946,0.0,0.041141,31.6843820378,87.851471,0.0,S2B_MSIL2A_20190225T031719_N0211_R118_T48PUR_20190225T072327,1551079407000,Kien Giang,2019-02-25 07:23:27,0.015239323700347448
13.850213,3.86502,2.211041,29.6667093504,77.874613,0.000474,S2B_MSIL2A_20190225T031719_N0211_R118_T48PWQ_20190225T072327,1551079407000,Bac Lieu,2019-02-25 07:23:27,0.012053073825326352
13.850213,3.86502,2.211041,29.6667093504,77.874613,0.000474,S2B_MSIL2A_20190225T031719_N0211_R118_T48PWQ_20190225T072327,1551079407000,Ca Mau,2019-02-25 07:23:27,0.00045529868587376667
21.848265,10.923792,2.851059,30.387602393,67.624551,0.0,S2B_MSIL2A_20190225T031719_N0211_R118_T48PVQ_20190225T072327,1551079407000,Ca Mau,2019-02-25 07:23:27,0.00045529868587376667
4.820232,0.000203,37.371755,31.5967825814,27.174169,0.06636,S2A_MSIL2A_20190227T030651_N0211_R075_T48PXS_20190227T083207,1551256327000,Tra Vinh,2019-02-27 08:32:07,0.051304284106651395
4.820232,0.000203,37.371755,31.5967825814,27.174169,0.06636,S2A_MSIL2A_20190227T030651_N0211_R075_T48PXS_20190227T083207,1551256327000,Ben Tre,2019-02-27 08:32:07,0.1147653148804159
4.820232,0.000203,37.371755,31.5967825814,27.174169,0.06636,S2A_MSIL2A_20190227T030651_N0211_R075_T48PXS_20190227T083207,1551256327000,Long An,2019-02-27 08:32:07,0.0890317320967411
4.820232,0.000203,37.371755,31.5967825814,27.174169,0.06636,S2A_MSIL2A_20190227T030651_N0211_R075_T48PXS_20190227T083207,1551256327000,Tien Giang,2019-02-27 08:32:07,0.13820503017693087
13.488569,3.320332,4.531427,31.0308555851,74.683678,0.010732,S2A_MSIL2A_20190227T030651_N0211_R075_T48PXR_20190227T083207,1551256327000,Soc Trang,2019-02-27 08:32:07,0.3588822150257705
13.488569,3.320332,4.531427,31.0308555851,74.683678,0.010732,S2A_MSIL2A_20190227T030651_N0211_R075_T48PXR_20190227T083207,1551256327000,Tra Vinh,2019-02-27 08:32:07,0.051304284106651395
13.488569,3.320332,4.531427,31.0308555851,74.683678,0.010732,S2A_MSIL2A_20190227T030651_N0211_R075_T48PXR_20190227T083207,1551256327000,Vinh Long,2019-02-27 08:32:07,0.015175485482618782
13.488569,3.320332,4.531427,31.0308555851,74.683678,0.010732,S2A_MSIL2A_20190227T030651_N0211_R075_T48PXR_20190227T083207,1551256327000,Ben Tre,2019-02-27 08:32:07,0.1147653148804159
14.615905,0.334232,9.798935,29.5330289611,68.310457,0.001215,S2B_MSIL2A_20190228T032659_N0211_R018_T48PUS_20190228T085153,1551343913000,Kien Giang,2019-02-28 08:51:53,0.015858189939975714
0.425822,0.109829,0.172871,28.9357160625,99.387163,0.0,S2B_MSIL2A_20190228T032659_N0211_R018_T48PUR_20190228T085153,1551343913000,Kien Giang,2019-02-28 08:51:53,0.015858189939975714
2.989089,0.070766,64.579779,29.4295561288,1.396799,0.0,S2A_MSIL2A_20190302T031641_N0211_R118_T48PXT_20190302T084119,1551516079000,Dong Thap,2019-03-02 08:41:19,0.0
2.989089,0.070766,64.579779,29.4295561288,1.396799,0.0,S2A_MSIL2A_20190302T031641_N0211_R118_T48PXT_20190302T084119,1551516079000,Long An,2019-03-02 08:41:19,0.0890317320967411
2.632264,0.004459,29.86263,30.134844077,1.713329,0.0,S2A_MSIL2A_20190302T031641_N0211_R118_T48PWT_20190302T084119,1551516079000,An Giang,2019-03-02 08:41:19,0.015629869687979265
2.632264,0.004459,29.86263,30.134844077,1.713329,0.0,S2A_MSIL2A_20190302T031641_N0211_R118_T48PWT_20190302T084119,1551516079000,Dong Thap,2019-03-02 08:41:19,0.0
2.632264,0.004459,29.86263,30.134844077,1.713329,0.0,S2A_MSIL2A_20190302T031641_N0211_R118_T48PWT_20190302T084119,1551516079000,Long An,2019-03-02 08:41:19,0.0890317320967411
11.61596,0.000308,16.455206,30.8487341185,1.25457,0.0,S2A_MSIL2A_20190302T031641_N0211_R118_T48PVT_20190302T084119,1551516079000,An Giang,2019-03-02 08:41:19,0.015629869687979265
45.339378,0.481378,25.193658,28.8338550763,1.318984,0.004901,S2A_MSIL2A_20190302T031641_N0211_R118_T48PXS_20190302T084119,1551516079000,Soc Trang,2019-03-02 08:41:19,0.35055427323658933
45.339378,0.481378,25.193658,28.8338550763,1.318984,0.004901,S2A_MSIL2A_20190302T031641_N0211_R118_T48PXS_20190302T084119,1551516079000,Tra Vinh,2019-03-02 08:41:19,0.051304284106651395
45.339378,0.481378,25.193658,28.8338550763,1.318984,0.004901,S2A_MSIL2A_20190302T031641_N0211_R118_T48PXS_20190302T084119,1551516079000,Vinh Long,2019-03-02 08:41:19,0.015175485482618782
45.339378,0.481378,25.193658,28.8338550763,1.318984,0.004901,S2A_MSIL2A_20190302T031641_N0211_R118_T48PXS_20190302T084119,1551516079000,Ben Tre,2019-03-02 08:41:19,0.1147653148804159
45.339378,0.481378,25.193658,28.8338550763,1.318984,0.004901,S2A_MSIL2A_20190302T031641_N0211_R118_T48PXS_20190302T084119,1551516079000,Dong Thap,2019-03-02 08:41:19,0.0
45.339378,0.481378,25.193658,28.8338550763,1.318984,0.004901,S2A_MSIL2A_20190302T031641_N0211_R118_T48PXS_20190302T084119,1551516079000,Long An,2019-03-02 08:41:19,0.0890317320967411
45.339378,0.481378,25.193658,28.8338550763,1.318984,0.004901,S2A_MSIL2A_20190302T031641_N0211_R118_T48PXS_20190302T084119,1551516079000,Tien Giang,2019-03-02 08:41:19,0.13820503017693087
14.241192,0.172972,38.536784,29.5501548478,3.035465,0.0,S2A_MSIL2A_20190302T031641_N0211_R118_T48PWS_20190302T084119,1551516079000,Soc Trang,2019-03-02 08:41:19,0.35055427323658933
14.241192,0.172972,38.536784,29.5501548478,3.035465,0.0,S2A_MSIL2A_20190302T031641_N0211_R118_T48PWS_20190302T084119,1551516079000,Tra Vinh,2019-03-02 08:41:19,0.051304284106651395
14.241192,0.172972,38.536784,29.5501548478,3.035465,0.0,S2A_MSIL2A_20190302T031641_N0211_R118_T48PWS_20190302T084119,1551516079000,Vinh Long,2019-03-02 08:41:19,0.015175485482618782
14.241192,0.172972,38.536784,29.5501548478,3.035465,0.0,S2A_MSIL2A_20190302T031641_N0211_R118_T48PWS_20190302T084119,1551516079000,Can Tho city,2019-03-02 08:41:19,0.0028660922414156
14.241192,0.172972,38.536784,29.5501548478,3.035465,0.0,S2A_MSIL2A_20190302T031641_N0211_R118_T48PWS_20190302T084119,1551516079000,Hau Giang,2019-03-02 08:41:19,0.41468885342440026
14.241192,0.172972,38.536784,29.5501548478,3.035465,0.0,S2A_MSIL2A_20190302T031641_N0211_R118_T48PWS_20190302T084119,1551516079000,An Giang,2019-03-02 08:41:19,0.015629869687979265
14.241192,0.172972,38.536784,29.5501548478,3.035465,0.0,S2A_MSIL2A_20190302T031641_N0211_R118_T48PWS_20190302T084119,1551516079000,Dong Thap,2019-03-02 08:41:19,0.0
14.241192,0.172972,38.536784,29.5501548478,3.035465,0.0,S2A_MSIL2A_20190302T031641_N0211_R118_T48PWS_20190302T084119,1551516079000,Kien Giang,2019-03-02 08:41:19,0.014950554551267349
14.241192,0.172972,38.536784,29.5501548478,3.035465,0.0,S2A_MSIL2A_20190302T031641_N0211_R118_T48PWS_20190302T084119,1551516079000,Long An,2019-03-02 08:41:19,0.0890317320967411
14.241192,0.172972,38.536784,29.5501548478,3.035465,0.0,S2A_MSIL2A_20190302T031641_N0211_R118_T48PWS_20190302T084119,1551516079000,Tien Giang,2019-03-02 08:41:19,0.13820503017693087
22.040013,8.379577,17.432481,30.2747891013,32.484698,0.001354,S2A_MSIL2A_20190302T031641_N0211_R118_T48PVS_20190302T084119,1551516079000,An Giang,2019-03-02 08:41:19,0.015629869687979265
22.040013,8.379577,17.432481,30.2747891013,32.484698,0.001354,S2A_MSIL2A_20190302T031641_N0211_R118_T48PVS_20190302T084119,1551516079000,Kien Giang,2019-03-02 08:41:19,0.014950554551267349
26.61967,0.407149,13.543451,31.0065505788,50.766057,0.0,S2A_MSIL2A_20190302T031641_N0211_R118_T48PUS_20190302T084119,1551516079000,Kien Giang,2019-03-02 08:41:19,0.014950554551267349
30.491276,0.433377,19.636001,28.2529565926,30.543751,0.000379,S2A_MSIL2A_20190302T031641_N0211_R118_T48PXR_20190302T084119,1551516079000,Soc Trang,2019-03-02 08:41:19,0.35055427323658933
30.491276,0.433377,19.636001,28.2529565926,30.543751,0.000379,S2A_MSIL2A_20190302T031641_N0211_R118_T48PXR_20190302T084119,1551516079000,Tra Vinh,2019-03-02 08:41:19,0.051304284106651395
30.491276,0.433377,19.636001,28.2529565926,30.543751,0.000379,S2A_MSIL2A_20190302T031641_N0211_R118_T48PXR_20190302T084119,1551516079000,Vinh Long,2019-03-02 08:41:19,0.015175485482618782
30.491276,0.433377,19.636001,28.2529565926,30.543751,0.000379,S2A_MSIL2A_20190302T031641_N0211_R118_T48PXR_20190302T084119,1551516079000,Ben Tre,2019-03-02 08:41:19,0.1147653148804159
16.615648,0.221124,27.514336,28.9804434461,13.320747,0.002644,S2A_MSIL2A_20190302T031641_N0211_R118_T48PWR_20190302T084119,1551516079000,Soc Trang,2019-03-02 08:41:19,0.35055427323658933
16.615648,0.221124,27.514336,28.9804434461,13.320747,0.002644,S2A_MSIL2A_20190302T031641_N0211_R118_T48PWR_20190302T084119,1551516079000,Tra Vinh,2019-03-02 08:41:19,0.051304284106651395
16.615648,0.221124,27.514336,28.9804434461,13.320747,0.002644,S2A_MSIL2A_20190302T031641_N0211_R118_T48PWR_20190302T084119,1551516079000,Vinh Long,2019-03-02 08:41:19,0.015175485482618782
16.615648,0.221124,27.514336,28.9804434461,13.320747,0.002644,S2A_MSIL2A_20190302T031641_N0211_R118_T48PWR_20190302T084119,1551516079000,Bac Lieu,2019-03-02 08:41:19,0.22386359770642886
16.615648,0.221124,27.514336,28.9804434461,13.320747,0.002644,S2A_MSIL2A_20190302T031641_N0211_R118_T48PWR_20190302T084119,1551516079000,Ca Mau,2019-03-02 08:41:19,0.19128385364201494
16.615648,0.221124,27.514336,28.9804434461,13.320747,0.002644,S2A_MSIL2A_20190302T031641_N0211_R118_T48PWR_20190302T084119,1551516079000,Can Tho city,2019-03-02 08:41:19,0.0028660922414156
16.615648,0.221124,27.514336,28.9804434461,13.320747,0.002644,S2A_MSIL2A_20190302T031641_N0211_R118_T48PWR_20190302T084119,1551516079000,Hau Giang,2019-03-02 08:41:19,0.41468885342440026
16.615648,0.221124,27.514336,28.9804434461,13.320747,0.002644,S2A_MSIL2A_20190302T031641_N0211_R118_T48PWR_20190302T084119,1551516079000,Kien Giang,2019-03-02 08:41:19,0.014950554551267349
12.105862,8.906354,7.209793,29.7159608018,65.036505,0.0,S2A_MSIL2A_20190302T031641_N0211_R118_T48PVR_20190302T084119,1551516079000,Ca Mau,2019-03-02 08:41:19,0.19128385364201494
12.105862,8.906354,7.209793,29.7159608018,65.036505,0.0,S2A_MSIL2A_20190302T031641_N0211_R118_T48PVR_20190302T084119,1551516079000,Kien Giang,2019-03-02 08:41:19,0.014950554551267349
15.330286,0.315757,0.030163,30.4582933497,84.6196,0.0,S2A_MSIL2A_20190302T031641_N0211_R118_T48PUR_20190302T084119,1551516079000,Kien Giang,2019-03-02 08:41:19,0.014950554551267349
19.371571,2.094967,2.66526,28.4259525737,71.020627,0.008902,S2A_MSIL2A_20190302T031641_N0211_R118_T48PWQ_20190302T084119,1551516079000,Bac Lieu,2019-03-02 08:41:19,0.22386359770642886
19.371571,2.094967,2.66526,28.4259525737,71.020627,0.008902,S2A_MSIL2A_20190302T031641_N0211_R118_T48PWQ_20190302T084119,1551516079000,Ca Mau,2019-03-02 08:41:19,0.19128385364201494
14.283719,3.373695,2.418565,29.1724376595,76.140201,5.3e-05,S2A_MSIL2A_20190302T031641_N0211_R118_T48PVQ_20190302T084119,1551516079000,Ca Mau,2019-03-02 08:41:19,0.19128385364201494
20.644604,14.37431,5.174734,29.772851837,66.21452,0.000121,S2B_MSIL2A_20190304T030619_N0211_R075_T48PXR_20190304T081516,1551687316000,Soc Trang,2019-03-04 08:15:16,0.0
20.644604,14.37431,5.174734,29.772851837,66.21452,0.000121,S2B_MSIL2A_20190304T030619_N0211_R075_T48PXR_20190304T081516,1551687316000,Tra Vinh,2019-03-04 08:15:16,0.008801709052047217
20.644604,14.37431,5.174734,29.772851837,66.21452,0.000121,S2B_MSIL2A_20190304T030619_N0211_R075_T48PXR_20190304T081516,1551687316000,Vinh Long,2019-03-04 08:15:16,0.0027931064440954168
20.644604,14.37431,5.174734,29.772851837,66.21452,0.000121,S2B_MSIL2A_20190304T030619_N0211_R075_T48PXR_20190304T081516,1551687316000,Ben Tre,2019-03-04 08:15:16,0.09358144380407724
18.475187,10.410957,13.438678,28.196204908,61.515433,6.3e-05,S2A_MSIL2A_20190305T032621_N0211_R018_T48PUS_20190305T092455,1551777895000,Kien Giang,2019-03-05 09:24:55,0.0
16.616897,14.091444,0.172511,27.6344693006,83.195716,0.0,S2A_MSIL2A_20190305T032621_N0211_R018_T48PUR_20190305T092455,1551777895000,Kien Giang,2019-03-05 09:24:55,0.0
21.773971,3.772382,24.809135,29.0312378152,23.264903,0.067852,S2A_MSIL2A_20190309T030541_N0211_R075_T48PXS_20190309T082705,1552120025000,Tra Vinh,2019-03-09 08:27:05,0.022832913130231235
21.773971,3.772382,24.809135,29.0312378152,23.264903,0.067852,S2A_MSIL2A_20190309T030541_N0211_R075_T48PXS_20190309T082705,1552120025000,Ben Tre,2019-03-09 08:27:05,0.031331441637738135
21.773971,3.772382,24.809135,29.0312378152,23.264903,0.067852,S2A_MSIL2A_20190309T030541_N0211_R075_T48PXS_20190309T082705,1552120025000,Long An,2019-03-09 08:27:05,0.11085881780552141
21.773971,3.772382,24.809135,29.0312378152,23.264903,0.067852,S2A_MSIL2A_20190309T030541_N0211_R075_T48PXS_20190309T082705,1552120025000,Tien Giang,2019-03-09 08:27:05,0.1803050835016271
3.773043,0.724719,6.291458,28.5406178576,81.662273,0.000326,S2A_MSIL2A_20190309T030541_N0211_R075_T48PXR_20190309T082705,1552120025000,Soc Trang,2019-03-09 08:27:05,0.2947615870489112
3.773043,0.724719,6.291458,28.5406178576,81.662273,0.000326,S2A_MSIL2A_20190309T030541_N0211_R075_T48PXR_20190309T082705,1552120025000,Tra Vinh,2019-03-09 08:27:05,0.022832913130231235
3.773043,0.724719,6.291458,28.5406178576,81.662273,0.000326,S2A_MSIL2A_20190309T030541_N0211_R075_T48PXR_20190309T082705,1552120025000,Vinh Long,2019-03-09 08:27:05,0.030998154622579283
3.773043,0.724719,6.291458,28.5406178576,81.662273,0.000326,S2A_MSIL2A_20190309T030541_N0211_R075_T48PXR_20190309T082705,1552120025000,Ben Tre,2019-03-09 08:27:05,0.031331441637738135
4.85362,2.1e-05,16.150829,26.8423999959,72.255981,0.000602,S2B_MSIL2A_20190310T032549_N0211_R018_T48PUS_20190310T092710,1552210030000,Kien Giang,2019-03-10 09:27:10,0.00058045535196385
4.632459,0.0,0.147618,26.3208367475,95.193809,0.0,S2B_MSIL2A_20190310T032549_N0211_R018_T48PUR_20190310T092710,1552210030000,Kien Giang,2019-03-10 09:27:10,0.00058045535196385
29.798967,0.046569,11.425521,27.4112530074,2.090262,0.0,S2A_MSIL2A_20190312T031541_N0211_R118_T48PWT_20190312T083550,1552379750000,An Giang,2019-03-12 08:35:50,0.0025851699712078667
29.798967,0.046569,11.425521,27.4112530074,2.090262,0.0,S2A_MSIL2A_20190312T031541_N0211_R118_T48PWT_20190312T083550,1552379750000,Dong Thap,2019-03-12 08:35:50,0.22682038304255017
29.798967,0.046569,11.425521,27.4112530074,2.090262,0.0,S2A_MSIL2A_20190312T031541_N0211_R118_T48PWT_20190312T083550,1552379750000,Long An,2019-03-12 08:35:50,0.5140200421689664
1.204892,0.040354,17.151293,28.1753448806,1.42388,0.0,S2A_MSIL2A_20190312T031541_N0211_R118_T48PVT_20190312T083550,1552379750000,An Giang,2019-03-12 08:35:50,0.0025851699712078667
48.322962,0.957182,5.770741,26.133788094,1.749375,0.058048,S2A_MSIL2A_20190312T031541_N0211_R118_T48PXS_20190312T083550,1552379750000,Soc Trang,2019-03-12 08:35:50,0.005691338866120316
48.322962,0.957182,5.770741,26.133788094,1.749375,0.058048,S2A_MSIL2A_20190312T031541_N0211_R118_T48PXS_20190312T083550,1552379750000,Tra Vinh,2019-03-12 08:35:50,0.0187138383968629
48.322962,0.957182,5.770741,26.133788094,1.749375,0.058048,S2A_MSIL2A_20190312T031541_N0211_R118_T48PXS_20190312T083550,1552379750000,Vinh Long,2019-03-12 08:35:50,0.01507353222838075
48.322962,0.957182,5.770741,26.133788094,1.749375,0.058048,S2A_MSIL2A_20190312T031541_N0211_R118_T48PXS_20190312T083550,1552379750000,Ben Tre,2019-03-12 08:35:50,0.0090925635598212
48.322962,0.957182,5.770741,26.133788094,1.749375,0.058048,S2A_MSIL2A_20190312T031541_N0211_R118_T48PXS_20190312T083550,1552379750000,Dong Thap,2019-03-12 08:35:50,0.22682038304255017
48.322962,0.957182,5.770741,26.133788094,1.749375,0.058048,S2A_MSIL2A_20190312T031541_N0211_R118_T48PXS_20190312T083550,1552379750000,Long An,2019-03-12 08:35:50,0.5140200421689664
48.322962,0.957182,5.770741,26.133788094,1.749375,0.058048,S2A_MSIL2A_20190312T031541_N0211_R118_T48PXS_20190312T083550,1552379750000,Tien Giang,2019-03-12 08:35:50,0.09275612336843829
29.466764,1.100716,16.399646,26.9022547349,3.523555,0.0,S2A_MSIL2A_20190312T031541_N0211_R118_T48PWS_20190312T083550,1552379750000,Soc Trang,2019-03-12 08:35:50,0.005691338866120316
29.466764,1.100716,16.399646,26.9022547349,3.523555,0.0,S2A_MSIL2A_20190312T031541_N0211_R118_T48PWS_20190312T083550,1552379750000,Tra Vinh,2019-03-12 08:35:50,0.0187138383968629
29.466764,1.100716,16.399646,26.9022547349,3.523555,0.0,S2A_MSIL2A_20190312T031541_N0211_R118_T48PWS_20190312T083550,1552379750000,Vinh Long,2019-03-12 08:35:50,0.01507353222838075
29.466764,1.100716,16.399646,26.9022547349,3.523555,0.0,S2A_MSIL2A_20190312T031541_N0211_R118_T48PWS_20190312T083550,1552379750000,Can Tho city,2019-03-12 08:35:50,0.0
29.466764,1.100716,16.399646,26.9022547349,3.523555,0.0,S2A_MSIL2A_20190312T031541_N0211_R118_T48PWS_20190312T083550,1552379750000,Hau Giang,2019-03-12 08:35:50,0.0
29.466764,1.100716,16.399646,26.9022547349,3.523555,0.0,S2A_MSIL2A_20190312T031541_N0211_R118_T48PWS_20190312T083550,1552379750000,An Giang,2019-03-12 08:35:50,0.0025851699712078667
29.466764,1.100716,16.399646,26.9022547349,3.523555,0.0,S2A_MSIL2A_20190312T031541_N0211_R118_T48PWS_20190312T083550,1552379750000,Dong Thap,2019-03-12 08:35:50,0.22682038304255017
29.466764,1.100716,16.399646,26.9022547349,3.523555,0.0,S2A_MSIL2A_20190312T031541_N0211_R118_T48PWS_20190312T083550,1552379750000,Kien Giang,2019-03-12 08:35:50,0.07099952103895493
29.466764,1.100716,16.399646,26.9022547349,3.523555,0.0,S2A_MSIL2A_20190312T031541_N0211_R118_T48PWS_20190312T083550,1552379750000,Long An,2019-03-12 08:35:50,0.5140200421689664
29.466764,1.100716,16.399646,26.9022547349,3.523555,0.0,S2A_MSIL2A_20190312T031541_N0211_R118_T48PWS_20190312T083550,1552379750000,Tien Giang,2019-03-12 08:35:50,0.09275612336843829
8.674895,2.37466,13.124231,27.6774078777,41.652861,0.00293,S2A_MSIL2A_20190312T031541_N0211_R118_T48PVS_20190312T083550,1552379750000,An Giang,2019-03-12 08:35:50,0.0025851699712078667
8.674895,2.37466,13.124231,27.6774078777,41.652861,0.00293,S2A_MSIL2A_20190312T031541_N0211_R118_T48PVS_20190312T083550,1552379750000,Kien Giang,2019-03-12 08:35:50,0.07099952103895493
4.529134,1.168178,26.810408,28.4580368863,60.82353,0.001525,S2A_MSIL2A_20190312T031541_N0211_R118_T48PUS_20190312T083550,1552379750000,Kien Giang,2019-03-12 08:35:50,0.07099952103895493
48.115269,7.786327,4.915235,25.6329442697,27.038488,0.016785,S2A_MSIL2A_20190312T031541_N0211_R118_T48PXR_20190312T083550,1552379750000,Soc Trang,2019-03-12 08:35:50,0.005691338866120316
48.115269,7.786327,4.915235,25.6329442697,27.038488,0.016785,S2A_MSIL2A_20190312T031541_N0211_R118_T48PXR_20190312T083550,1552379750000,Tra Vinh,2019-03-12 08:35:50,0.0187138383968629
48.115269,7.786327,4.915235,25.6329442697,27.038488,0.016785,S2A_MSIL2A_20190312T031541_N0211_R118_T48PXR_20190312T083550,1552379750000,Vinh Long,2019-03-12 08:35:50,0.01507353222838075
48.115269,7.786327,4.915235,25.6329442697,27.038488,0.016785,S2A_MSIL2A_20190312T031541_N0211_R118_T48PXR_20190312T083550,1552379750000,Ben Tre,2019-03-12 08:35:50,0.0090925635598212
32.246086,4.259978,12.509802,26.4128450821,16.372432,0.004044,S2A_MSIL2A_20190312T031541_N0211_R118_T48PWR_20190312T083550,1552379750000,Soc Trang,2019-03-12 08:35:50,0.005691338866120316
32.246086,4.259978,12.509802,26.4128450821,16.372432,0.004044,S2A_MSIL2A_20190312T031541_N0211_R118_T48PWR_20190312T083550,1552379750000,Tra Vinh,2019-03-12 08:35:50,0.0187138383968629
32.246086,4.259978,12.509802,26.4128450821,16.372432,0.004044,S2A_MSIL2A_20190312T031541_N0211_R118_T48PWR_20190312T083550,1552379750000,Vinh Long,2019-03-12 08:35:50,0.01507353222838075
32.246086,4.259978,12.509802,26.4128450821,16.372432,0.004044,S2A_MSIL2A_20190312T031541_N0211_R118_T48PWR_20190312T083550,1552379750000,Bac Lieu,2019-03-12 08:35:50,0.0002844416330445333
32.246086,4.259978,12.509802,26.4128450821,16.372432,0.004044,S2A_MSIL2A_20190312T031541_N0211_R118_T48PWR_20190312T083550,1552379750000,Ca Mau,2019-03-12 08:35:50,0.1140603255360406
32.246086,4.259978,12.509802,26.4128450821,16.372432,0.004044,S2A_MSIL2A_20190312T031541_N0211_R118_T48PWR_20190312T083550,1552379750000,Can Tho city,2019-03-12 08:35:50,0.0
32.246086,4.259978,12.509802,26.4128450821,16.372432,0.004044,S2A_MSIL2A_20190312T031541_N0211_R118_T48PWR_20190312T083550,1552379750000,Hau Giang,2019-03-12 08:35:50,0.0
32.246086,4.259978,12.509802,26.4128450821,16.372432,0.004044,S2A_MSIL2A_20190312T031541_N0211_R118_T48PWR_20190312T083550,1552379750000,Kien Giang,2019-03-12 08:35:50,0.07099952103895493
12.532825,4.457095,3.939801,27.1989651856,68.990576,0.0,S2A_MSIL2A_20190312T031541_N0211_R118_T48PVR_20190312T083550,1552379750000,Ca Mau,2019-03-12 08:35:50,0.1140603255360406
12.532825,4.457095,3.939801,27.1989651856,68.990576,0.0,S2A_MSIL2A_20190312T031541_N0211_R118_T48PVR_20190312T083550,1552379750000,Kien Giang,2019-03-12 08:35:50,0.07099952103895493
18.950428,12.785734,0.048719,27.9901111494,80.910712,0.0,S2A_MSIL2A_20190312T031541_N0211_R118_T48PUR_20190312T083550,1552379750000,Kien Giang,2019-03-12 08:35:50,0.07099952103895493
7.626601,2.731869,2.775064,25.9435123564,83.012319,0.000474,S2A_MSIL2A_20190312T031541_N0211_R118_T48PWQ_20190312T083550,1552379750000,Bac Lieu,2019-03-12 08:35:50,0.0002844416330445333
7.626601,2.731869,2.775064,25.9435123564,83.012319,0.000474,S2A_MSIL2A_20190312T031541_N0211_R118_T48PWQ_20190312T083550,1552379750000,Ca Mau,2019-03-12 08:35:50,0.1140603255360406
15.044456,10.318045,3.496229,26.7404853906,73.545742,4e-05,S2A_MSIL2A_20190312T031541_N0211_R118_T48PVQ_20190312T083550,1552379750000,Ca Mau,2019-03-12 08:35:50,0.1140603255360406
42.84747,29.041138,9.850862,25.5322111802,40.038171,0.004963,S2A_MSIL2A_20190315T032531_N0211_R018_T48PUS_20190315T090238,1552640558000,Kien Giang,2019-03-15 09:02:38,0.38881663373157216
43.396435,33.568329,0.090425,25.0566523283,56.475616,0.0,S2A_MSIL2A_20190315T032531_N0211_R018_T48PUR_20190315T090238,1552640558000,Kien Giang,2019-03-15 09:02:38,0.38881663373157216
14.036645,0.704909,20.907691,25.2982435517,0.720816,0.0,S2B_MSIL2A_20190317T031539_N0211_R118_T48PXT_20190317T083236,1552811556000,Dong Thap,2019-03-17 08:32:36,0.929508854118222
14.036645,0.704909,20.907691,25.2982435517,0.720816,0.0,S2B_MSIL2A_20190317T031539_N0211_R118_T48PXT_20190317T083236,1552811556000,Long An,2019-03-17 08:32:36,0.9093560652200855
22.937,0.188934,0.904028,26.081059198,1.156303,0.0,S2B_MSIL2A_20190317T031539_N0211_R118_T48PWT_20190317T083236,1552811556000,An Giang,2019-03-17 08:32:36,0.14471172382399927
22.937,0.188934,0.904028,26.081059198,1.156303,0.0,S2B_MSIL2A_20190317T031539_N0211_R118_T48PWT_20190317T083236,1552811556000,Dong Thap,2019-03-17 08:32:36,0.929508854118222
22.937,0.188934,0.904028,26.081059198,1.156303,0.0,S2B_MSIL2A_20190317T031539_N0211_R118_T48PWT_20190317T083236,1552811556000,Long An,2019-03-17 08:32:36,0.9093560652200855
25.738078,0.065825,0.767845,26.8700182549,0.986158,0.0,S2B_MSIL2A_20190317T031539_N0211_R118_T48PVT_20190317T083236,1552811556000,An Giang,2019-03-17 08:32:36,0.14471172382399927
5.424902,0.0,31.036144,24.823360509,3.160185,0.0,S2B_MSIL2A_20190317T031539_N0211_R118_T48PXS_20190317T083236,1552811556000,Soc Trang,2019-03-17 08:32:36,0.005691338866120316
5.424902,0.0,31.036144,24.823360509,3.160185,0.0,S2B_MSIL2A_20190317T031539_N0211_R118_T48PXS_20190317T083236,1552811556000,Tra Vinh,2019-03-17 08:32:36,0.0187138383968629
5.424902,0.0,31.036144,24.823360509,3.160185,0.0,S2B_MSIL2A_20190317T031539_N0211_R118_T48PXS_20190317T083236,1552811556000,Vinh Long,2019-03-17 08:32:36,0.01507353222838075
5.424902,0.0,31.036144,24.823360509,3.160185,0.0,S2B_MSIL2A_20190317T031539_N0211_R118_T48PXS_20190317T083236,1552811556000,Ben Tre,2019-03-17 08:32:36,0.0088061388354053
5.424902,0.0,31.036144,24.823360509,3.160185,0.0,S2B_MSIL2A_20190317T031539_N0211_R118_T48PXS_20190317T083236,1552811556000,Dong Thap,2019-03-17 08:32:36,0.929508854118222
5.424902,0.0,31.036144,24.823360509,3.160185,0.0,S2B_MSIL2A_20190317T031539_N0211_R118_T48PXS_20190317T083236,1552811556000,Long An,2019-03-17 08:32:36,0.9093560652200855
5.424902,0.0,31.036144,24.823360509,3.160185,0.0,S2B_MSIL2A_20190317T031539_N0211_R118_T48PXS_20190317T083236,1552811556000,Tien Giang,2019-03-17 08:32:36,0.2103242294538028
40.015415,0.003965,10.146658,25.6175493825,2.020498,0.0,S2B_MSIL2A_20190317T031539_N0211_R118_T48PWS_20190317T083236,1552811556000,Soc Trang,2019-03-17 08:32:36,0.005691338866120316
40.015415,0.003965,10.146658,25.6175493825,2.020498,0.0,S2B_MSIL2A_20190317T031539_N0211_R118_T48PWS_20190317T083236,1552811556000,Tra Vinh,2019-03-17 08:32:36,0.0187138383968629
40.015415,0.003965,10.146658,25.6175493825,2.020498,0.0,S2B_MSIL2A_20190317T031539_N0211_R118_T48PWS_20190317T083236,1552811556000,Vinh Long,2019-03-17 08:32:36,0.01507353222838075
40.015415,0.003965,10.146658,25.6175493825,2.020498,0.0,S2B_MSIL2A_20190317T031539_N0211_R118_T48PWS_20190317T083236,1552811556000,Can Tho city,2019-03-17 08:32:36,0.0
40.015415,0.003965,10.146658,25.6175493825,2.020498,0.0,S2B_MSIL2A_20190317T031539_N0211_R118_T48PWS_20190317T083236,1552811556000,Hau Giang,2019-03-17 08:32:36,0.0
40.015415,0.003965,10.146658,25.6175493825,2.020498,0.0,S2B_MSIL2A_20190317T031539_N0211_R118_T48PWS_20190317T083236,1552811556000,An Giang,2019-03-17 08:32:36,0.14471172382399927
40.015415,0.003965,10.146658,25.6175493825,2.020498,0.0,S2B_MSIL2A_20190317T031539_N0211_R118_T48PWS_20190317T083236,1552811556000,Dong Thap,2019-03-17 08:32:36,0.929508854118222
40.015415,0.003965,10.146658,25.6175493825,2.020498,0.0,S2B_MSIL2A_20190317T031539_N0211_R118_T48PWS_20190317T083236,1552811556000,Kien Giang,2019-03-17 08:32:36,0.38881663373157216
40.015415,0.003965,10.146658,25.6175493825,2.020498,0.0,S2B_MSIL2A_20190317T031539_N0211_R118_T48PWS_20190317T083236,1552811556000,Long An,2019-03-17 08:32:36,0.9093560652200855
40.015415,0.003965,10.146658,25.6175493825,2.020498,0.0,S2B_MSIL2A_20190317T031539_N0211_R118_T48PWS_20190317T083236,1552811556000,Tien Giang,2019-03-17 08:32:36,0.2103242294538028
38.765152,0.004151,0.166101,26.4173745267,31.988466,0.123473,S2B_MSIL2A_20190317T031539_N0211_R118_T48PVS_20190317T083236,1552811556000,An Giang,2019-03-17 08:32:36,0.14471172382399927
38.765152,0.004151,0.166101,26.4173745267,31.988466,0.123473,S2B_MSIL2A_20190317T031539_N0211_R118_T48PVS_20190317T083236,1552811556000,Kien Giang,2019-03-17 08:32:36,0.38881663373157216
39.100708,0.011775,1.20887,27.2216582713,47.73325,0.703522,S2B_MSIL2A_20190317T031539_N0211_R118_T48PUS_20190317T083236,1552811556000,Kien Giang,2019-03-17 08:32:36,0.38881663373157216
23.950028,3.7e-05,23.709425,24.3709562573,29.259118,0.0,S2B_MSIL2A_20190317T031539_N0211_R118_T48PXR_20190317T083236,1552811556000,Soc Trang,2019-03-17 08:32:36,0.005691338866120316
23.950028,3.7e-05,23.709425,24.3709562573,29.259118,0.0,S2B_MSIL2A_20190317T031539_N0211_R118_T48PXR_20190317T083236,1552811556000,Tra Vinh,2019-03-17 08:32:36,0.0187138383968629
23.950028,3.7e-05,23.709425,24.3709562573,29.259118,0.0,S2B_MSIL2A_20190317T031539_N0211_R118_T48PXR_20190317T083236,1552811556000,Vinh Long,2019-03-17 08:32:36,0.01507353222838075
23.950028,3.7e-05,23.709425,24.3709562573,29.259118,0.0,S2B_MSIL2A_20190317T031539_N0211_R118_T48PXR_20190317T083236,1552811556000,Ben Tre,2019-03-17 08:32:36,0.0088061388354053
46.132318,0.000246,9.92498,25.1763226808,14.138752,0.10339,S2B_MSIL2A_20190317T031539_N0211_R118_T48PWR_20190317T083236,1552811556000,Soc Trang,2019-03-17 08:32:36,0.005691338866120316
46.132318,0.000246,9.92498,25.1763226808,14.138752,0.10339,S2B_MSIL2A_20190317T031539_N0211_R118_T48PWR_20190317T083236,1552811556000,Tra Vinh,2019-03-17 08:32:36,0.0187138383968629
46.132318,0.000246,9.92498,25.1763226808,14.138752,0.10339,S2B_MSIL2A_20190317T031539_N0211_R118_T48PWR_20190317T083236,1552811556000,Vinh Long,2019-03-17 08:32:36,0.01507353222838075
46.132318,0.000246,9.92498,25.1763226808,14.138752,0.10339,S2B_MSIL2A_20190317T031539_N0211_R118_T48PWR_20190317T083236,1552811556000,Bac Lieu,2019-03-17 08:32:36,0.0
46.132318,0.000246,9.92498,25.1763226808,14.138752,0.10339,S2B_MSIL2A_20190317T031539_N0211_R118_T48PWR_20190317T083236,1552811556000,Ca Mau,2019-03-17 08:32:36,3.30990488937e-05
46.132318,0.000246,9.92498,25.1763226808,14.138752,0.10339,S2B_MSIL2A_20190317T031539_N0211_R118_T48PWR_20190317T083236,1552811556000,Can Tho city,2019-03-17 08:32:36,0.0
46.132318,0.000246,9.92498,25.1763226808,14.138752,0.10339,S2B_MSIL2A_20190317T031539_N0211_R118_T48PWR_20190317T083236,1552811556000,Hau Giang,2019-03-17 08:32:36,0.0
46.132318,0.000246,9.92498,25.1763226808,14.138752,0.10339,S2B_MSIL2A_20190317T031539_N0211_R118_T48PWR_20190317T083236,1552811556000,Kien Giang,2019-03-17 08:32:36,0.38881663373157216
31.976739,0.023709,0.783806,25.9867915653,58.401799,0.0,S2B_MSIL2A_20190317T031539_N0211_R118_T48PVR_20190317T083236,1552811556000,Ca Mau,2019-03-17 08:32:36,3.30990488937e-05
31.976739,0.023709,0.783806,25.9867915653,58.401799,0.0,S2B_MSIL2A_20190317T031539_N0211_R118_T48PVR_20190317T083236,1552811556000,Kien Giang,2019-03-17 08:32:36,0.38881663373157216
24.559111,4.025497,0.045096,26.8012101913,75.337166,0.0,S2B_MSIL2A_20190317T031539_N0211_R118_T48PUR_20190317T083236,1552811556000,Kien Giang,2019-03-17 08:32:36,0.38881663373157216
18.427554,1.668246,1.135132,24.7580772939,74.479616,0.032117,S2B_MSIL2A_20190317T031539_N0211_R118_T48PWQ_20190317T083236,1552811556000,Bac Lieu,2019-03-17 08:32:36,0.0
18.427554,1.668246,1.135132,24.7580772939,74.479616,0.032117,S2B_MSIL2A_20190317T031539_N0211_R118_T48PWQ_20190317T083236,1552811556000,Ca Mau,2019-03-17 08:32:36,3.30990488937e-05
25.589123,0.00082,1.021271,25.5788801242,66.233116,0.005929,S2B_MSIL2A_20190317T031539_N0211_R118_T48PVQ_20190317T083236,1552811556000,Ca Mau,2019-03-17 08:32:36,3.30990488937e-05
13.756367,0.172743,28.068215,26.553789973,25.788996,0.047641,S2A_MSIL2A_20190319T030541_N0211_R075_T48PXS_20190319T084648,1552985208000,Tra Vinh,2019-03-19 08:46:48,0.0
13.756367,0.172743,28.068215,26.553789973,25.788996,0.047641,S2A_MSIL2A_20190319T030541_N0211_R075_T48PXS_20190319T084648,1552985208000,Ben Tre,2019-03-19 08:46:48,0.0
13.756367,0.172743,28.068215,26.553789973,25.788996,0.047641,S2A_MSIL2A_20190319T030541_N0211_R075_T48PXS_20190319T084648,1552985208000,Long An,2019-03-19 08:46:48,0.1653236520820517
13.756367,0.172743,28.068215,26.553789973,25.788996,0.047641,S2A_MSIL2A_20190319T030541_N0211_R075_T48PXS_20190319T084648,1552985208000,Tien Giang,2019-03-19 08:46:48,0.10642123428057947
13.049148,10.303448,5.599185,26.1578450236,72.614706,4.4e-05,S2A_MSIL2A_20190319T030541_N0211_R075_T48PXR_20190319T084648,1552985208000,Soc Trang,2019-03-19 08:46:48,0.0036729444401367504
13.049148,10.303448,5.599185,26.1578450236,72.614706,4.4e-05,S2A_MSIL2A_20190319T030541_N0211_R075_T48PXR_20190319T084648,1552985208000,Tra Vinh,2019-03-19 08:46:48,0.0
13.049148,10.303448,5.599185,26.1578450236,72.614706,4.4e-05,S2A_MSIL2A_20190319T030541_N0211_R075_T48PXR_20190319T084648,1552985208000,Vinh Long,2019-03-19 08:46:48,0.00029913084002903336
13.049148,10.303448,5.599185,26.1578450236,72.614706,4.4e-05,S2A_MSIL2A_20190319T030541_N0211_R075_T48PXR_20190319T084648,1552985208000,Ben Tre,2019-03-19 08:46:48,0.0
15.686063,7.020244,11.986978,24.2658155517,64.660537,0.021841,S2B_MSIL2A_20190320T032539_N0211_R018_T48PUS_20190320T091316,1553073196000,Kien Giang,2019-03-20 09:13:16,1.1602207774934603
19.044033,16.214763,0.140916,23.8423140698,80.778754,0.0,S2B_MSIL2A_20190320T032539_N0211_R018_T48PUR_20190320T091316,1553073196000,Kien Giang,2019-03-20 09:13:16,1.1602207774934603
48.190572,1.186139,4.699806,24.0156322862,0.349072,0.0,S2A_MSIL2A_20190322T031541_N0211_R118_T48PXT_20190322T085533,1553244933000,Dong Thap,2019-03-22 08:55:33,0.038489900028396314
48.190572,1.186139,4.699806,24.0156322862,0.349072,0.0,S2A_MSIL2A_20190322T031541_N0211_R118_T48PXT_20190322T085533,1553244933000,Long An,2019-03-22 08:55:33,0.011578666969245052
23.890479,0.50109,13.935561,24.8237532475,2.364053,0.0,S2A_MSIL2A_20190322T031541_N0211_R118_T48PWT_20190322T085533,1553244933000,An Giang,2019-03-22 08:55:33,0.8388830708537917
23.890479,0.50109,13.935561,24.8237532475,2.364053,0.0,S2A_MSIL2A_20190322T031541_N0211_R118_T48PWT_20190322T085533,1553244933000,Dong Thap,2019-03-22 08:55:33,0.038489900028396314
23.890479,0.50109,13.935561,24.8237532475,2.364053,0.0,S2A_MSIL2A_20190322T031541_N0211_R118_T48PWT_20190322T085533,1553244933000,Long An,2019-03-22 08:55:33,0.011578666969245052
4.762231,2.866724,18.427177,25.6368972524,1.296591,0.0,S2A_MSIL2A_20190322T031541_N0211_R118_T48PVT_20190322T085533,1553244933000,An Giang,2019-03-22 08:55:33,0.8388830708537917
47.618544,0.149256,8.420578,23.5928508718,1.947652,0.287432,S2A_MSIL2A_20190322T031541_N0211_R118_T48PXS_20190322T085533,1553244933000,Soc Trang,2019-03-22 08:55:33,0.0920189829694938
47.618544,0.149256,8.420578,23.5928508718,1.947652,0.287432,S2A_MSIL2A_20190322T031541_N0211_R118_T48PXS_20190322T085533,1553244933000,Tra Vinh,2019-03-22 08:55:33,0.0
47.618544,0.149256,8.420578,23.5928508718,1.947652,0.287432,S2A_MSIL2A_20190322T031541_N0211_R118_T48PXS_20190322T085533,1553244933000,Vinh Long,2019-03-22 08:55:33,0.00029913084002903336
47.618544,0.149256,8.420578,23.5928508718,1.947652,0.287432,S2A_MSIL2A_20190322T031541_N0211_R118_T48PXS_20190322T085533,1553244933000,Ben Tre,2019-03-22 08:55:33,0.0
47.618544,0.149256,8.420578,23.5928508718,1.947652,0.287432,S2A_MSIL2A_20190322T031541_N0211_R118_T48PXS_20190322T085533,1553244933000,Dong Thap,2019-03-22 08:55:33,0.038489900028396314
47.618544,0.149256,8.420578,23.5928508718,1.947652,0.287432,S2A_MSIL2A_20190322T031541_N0211_R118_T48PXS_20190322T085533,1553244933000,Long An,2019-03-22 08:55:33,0.011578666969245052
47.618544,0.149256,8.420578,23.5928508718,1.947652,0.287432,S2A_MSIL2A_20190322T031541_N0211_R118_T48PXS_20190322T085533,1553244933000,Tien Giang,2019-03-22 08:55:33,0.0
30.158055,0.446007,10.775158,24.4118807203,3.616979,0.0,S2A_MSIL2A_20190322T031541_N0211_R118_T48PWS_20190322T085533,1553244933000,Soc Trang,2019-03-22 08:55:33,0.0920189829694938
30.158055,0.446007,10.775158,24.4118807203,3.616979,0.0,S2A_MSIL2A_20190322T031541_N0211_R118_T48PWS_20190322T085533,1553244933000,Tra Vinh,2019-03-22 08:55:33,0.0
30.158055,0.446007,10.775158,24.4118807203,3.616979,0.0,S2A_MSIL2A_20190322T031541_N0211_R118_T48PWS_20190322T085533,1553244933000,Vinh Long,2019-03-22 08:55:33,0.00029913084002903336
30.158055,0.446007,10.775158,24.4118807203,3.616979,0.0,S2A_MSIL2A_20190322T031541_N0211_R118_T48PWS_20190322T085533,1553244933000,Can Tho city,2019-03-22 08:55:33,0.22103161657100265
30.158055,0.446007,10.775158,24.4118807203,3.616979,0.0,S2A_MSIL2A_20190322T031541_N0211_R118_T48PWS_20190322T085533,1553244933000,Hau Giang,2019-03-22 08:55:33,0.274018528826303
30.158055,0.446007,10.775158,24.4118807203,3.616979,0.0,S2A_MSIL2A_20190322T031541_N0211_R118_T48PWS_20190322T085533,1553244933000,An Giang,2019-03-22 08:55:33,0.8388830708537917
30.158055,0.446007,10.775158,24.4118807203,3.616979,0.0,S2A_MSIL2A_20190322T031541_N0211_R118_T48PWS_20190322T085533,1553244933000,Dong Thap,2019-03-22 08:55:33,0.038489900028396314
30.158055,0.446007,10.775158,24.4118807203,3.616979,0.0,S2A_MSIL2A_20190322T031541_N0211_R118_T48PWS_20190322T085533,1553244933000,Kien Giang,2019-03-22 08:55:33,1.3128614230697304
30.158055,0.446007,10.775158,24.4118807203,3.616979,0.0,S2A_MSIL2A_20190322T031541_N0211_R118_T48PWS_20190322T085533,1553244933000,Long An,2019-03-22 08:55:33,0.011578666969245052
30.158055,0.446007,10.775158,24.4118807203,3.616979,0.0,S2A_MSIL2A_20190322T031541_N0211_R118_T48PWS_20190322T085533,1553244933000,Tien Giang,2019-03-22 08:55:33,0.0
11.012698,4.282056,12.454305,25.2353602684,39.765909,0.021413,S2A_MSIL2A_20190322T031541_N0211_R118_T48PVS_20190322T085533,1553244933000,An Giang,2019-03-22 08:55:33,0.8388830708537917
11.012698,4.282056,12.454305,25.2353602684,39.765909,0.021413,S2A_MSIL2A_20190322T031541_N0211_R118_T48PVS_20190322T085533,1553244933000,Kien Giang,2019-03-22 08:55:33,1.3128614230697304
12.578202,9.750217,25.64413,26.0621692796,53.899705,0.0,S2A_MSIL2A_20190322T031541_N0211_R118_T48PUS_20190322T085533,1553244933000,Kien Giang,2019-03-22 08:55:33,1.3128614230697304
47.195651,3.725007,10.465853,23.1957108798,22.773744,0.144047,S2A_MSIL2A_20190322T031541_N0211_R118_T48PXR_20190322T085533,1553244933000,Soc Trang,2019-03-22 08:55:33,0.0920189829694938
47.195651,3.725007,10.465853,23.1957108798,22.773744,0.144047,S2A_MSIL2A_20190322T031541_N0211_R118_T48PXR_20190322T085533,1553244933000,Tra Vinh,2019-03-22 08:55:33,0.0
47.195651,3.725007,10.465853,23.1957108798,22.773744,0.144047,S2A_MSIL2A_20190322T031541_N0211_R118_T48PXR_20190322T085533,1553244933000,Vinh Long,2019-03-22 08:55:33,0.00029913084002903336
47.195651,3.725007,10.465853,23.1957108798,22.773744,0.144047,S2A_MSIL2A_20190322T031541_N0211_R118_T48PXR_20190322T085533,1553244933000,Ben Tre,2019-03-22 08:55:33,0.0
38.993975,2.691351,7.026742,24.0252163083,14.191048,0.632702,S2A_MSIL2A_20190322T031541_N0211_R118_T48PWR_20190322T085533,1553244933000,Soc Trang,2019-03-22 08:55:33,0.0920189829694938
38.993975,2.691351,7.026742,24.0252163083,14.191048,0.632702,S2A_MSIL2A_20190322T031541_N0211_R118_T48PWR_20190322T085533,1553244933000,Tra Vinh,2019-03-22 08:55:33,0.0
38.993975,2.691351,7.026742,24.0252163083,14.191048,0.632702,S2A_MSIL2A_20190322T031541_N0211_R118_T48PWR_20190322T085533,1553244933000,Vinh Long,2019-03-22 08:55:33,0.00029913084002903336
38.993975,2.691351,7.026742,24.0252163083,14.191048,0.632702,S2A_MSIL2A_20190322T031541_N0211_R118_T48PWR_20190322T085533,1553244933000,Bac Lieu,2019-03-22 08:55:33,0.9092563770822011
38.993975,2.691351,7.026742,24.0252163083,14.191048,0.632702,S2A_MSIL2A_20190322T031541_N0211_R118_T48PWR_20190322T085533,1553244933000,Ca Mau,2019-03-22 08:55:33,0.5206418216877148
38.993975,2.691351,7.026742,24.0252163083,14.191048,0.632702,S2A_MSIL2A_20190322T031541_N0211_R118_T48PWR_20190322T085533,1553244933000,Can Tho city,2019-03-22 08:55:33,0.22103161657100265
38.993975,2.691351,7.026742,24.0252163083,14.191048,0.632702,S2A_MSIL2A_20190322T031541_N0211_R118_T48PWR_20190322T085533,1553244933000,Hau Giang,2019-03-22 08:55:33,0.274018528826303
38.993975,2.691351,7.026742,24.0252163083,14.191048,0.632702,S2A_MSIL2A_20190322T031541_N0211_R118_T48PWR_20190322T085533,1553244933000,Kien Giang,2019-03-22 08:55:33,1.3128614230697304
20.573439,12.7894,2.192319,24.8586028195,64.596903,0.0,S2A_MSIL2A_20190322T031541_N0211_R118_T48PVR_20190322T085533,1553244933000,Ca Mau,2019-03-22 08:55:33,0.5206418216877148
20.573439,12.7894,2.192319,24.8586028195,64.596903,0.0,S2A_MSIL2A_20190322T031541_N0211_R118_T48PVR_20190322T085533,1553244933000,Kien Giang,2019-03-22 08:55:33,1.3128614230697304
17.367975,17.353524,0.051653,25.6947867327,82.578295,0.0,S2A_MSIL2A_20190322T031541_N0211_R118_T48PUR_20190322T085533,1553244933000,Kien Giang,2019-03-22 08:55:33,1.3128614230697304
18.41334,10.199814,0.979675,23.664646388,76.134932,0.097773,S2A_MSIL2A_20190322T031541_N0211_R118_T48PWQ_20190322T085533,1553244933000,Bac Lieu,2019-03-22 08:55:33,0.9092563770822011
18.41334,10.199814,0.979675,23.664646388,76.134932,0.097773,S2A_MSIL2A_20190322T031541_N0211_R118_T48PWQ_20190322T085533,1553244933000,Ca Mau,2019-03-22 08:55:33,0.5206418216877148
18.500429,15.254435,2.568472,24.5074281402,71.726024,0.003003,S2A_MSIL2A_20190322T031541_N0211_R118_T48PVQ_20190322T085533,1553244933000,Ca Mau,2019-03-22 08:55:33,0.5206418216877148
37.820205,4.860178,16.544776,25.4116081897,18.266441,0.122147,S2B_MSIL2A_20190324T030539_N0211_R075_T48PXS_20190324T071519,1553411719000,Tra Vinh,2019-03-24 07:15:19,0.0
37.820205,4.860178,16.544776,25.4116081897,18.266441,0.122147,S2B_MSIL2A_20190324T030539_N0211_R075_T48PXS_20190324T071519,1553411719000,Ben Tre,2019-03-24 07:15:19,0.0
37.820205,4.860178,16.544776,25.4116081897,18.266441,0.122147,S2B_MSIL2A_20190324T030539_N0211_R075_T48PXS_20190324T071519,1553411719000,Long An,2019-03-24 07:15:19,0.0021162375496145
37.820205,4.860178,16.544776,25.4116081897,18.266441,0.122147,S2B_MSIL2A_20190324T030539_N0211_R075_T48PXS_20190324T071519,1553411719000,Tien Giang,2019-03-24 07:15:19,0.0
16.073866,12.465369,53.762347,22.81470203,0.846641,0.0,S2B_MSIL2A_20190327T031729_N0211_R118_T48PXT_20190327T091421,1553678061000,Dong Thap,2019-03-27 09:14:21,0.07429696003841692
16.073866,12.465369,53.762347,22.81470203,0.846641,0.0,S2B_MSIL2A_20190327T031729_N0211_R118_T48PXT_20190327T091421,1553678061000,Long An,2019-03-27 09:14:21,0.17529814281437905
24.77597,12.898058,15.879153,23.6465112151,0.671952,0.0,S2B_MSIL2A_20190327T031729_N0211_R118_T48PWT_20190327T091421,1553678061000,An Giang,2019-03-27 09:14:21,0.19575857212219808
24.77597,12.898058,15.879153,23.6465112151,0.671952,0.0,S2B_MSIL2A_20190327T031729_N0211_R118_T48PWT_20190327T091421,1553678061000,Dong Thap,2019-03-27 09:14:21,0.07429696003841692
24.77597,12.898058,15.879153,23.6465112151,0.671952,0.0,S2B_MSIL2A_20190327T031729_N0211_R118_T48PWT_20190327T091421,1553678061000,Long An,2019-03-27 09:14:21,0.17529814281437905
42.079426,14.804615,27.759761,23.2924923563,1.989283,0.0,S2B_MSIL2A_20190327T031729_N0211_R118_T48PWS_20190327T091421,1553678061000,Soc Trang,2019-03-27 09:14:21,0.06781340724332642
42.079426,14.804615,27.759761,23.2924923563,1.989283,0.0,S2B_MSIL2A_20190327T031729_N0211_R118_T48PWS_20190327T091421,1553678061000,Tra Vinh,2019-03-27 09:14:21,0.0
42.079426,14.804615,27.759761,23.2924923563,1.989283,0.0,S2B_MSIL2A_20190327T031729_N0211_R118_T48PWS_20190327T091421,1553678061000,Vinh Long,2019-03-27 09:14:21,0.0306597224783425
42.079426,14.804615,27.759761,23.2924923563,1.989283,0.0,S2B_MSIL2A_20190327T031729_N0211_R118_T48PWS_20190327T091421,1553678061000,Can Tho city,2019-03-27 09:14:21,0.9633322754728909
42.079426,14.804615,27.759761,23.2924923563,1.989283,0.0,S2B_MSIL2A_20190327T031729_N0211_R118_T48PWS_20190327T091421,1553678061000,Hau Giang,2019-03-27 09:14:21,0.1941296069323645
42.079426,14.804615,27.759761,23.2924923563,1.989283,0.0,S2B_MSIL2A_20190327T031729_N0211_R118_T48PWS_20190327T091421,1553678061000,An Giang,2019-03-27 09:14:21,0.19575857212219808
42.079426,14.804615,27.759761,23.2924923563,1.989283,0.0,S2B_MSIL2A_20190327T031729_N0211_R118_T48PWS_20190327T091421,1553678061000,Dong Thap,2019-03-27 09:14:21,0.07429696003841692
42.079426,14.804615,27.759761,23.2924923563,1.989283,0.0,S2B_MSIL2A_20190327T031729_N0211_R118_T48PWS_20190327T091421,1553678061000,Kien Giang,2019-03-27 09:14:21,0.6870483905201094
42.079426,14.804615,27.759761,23.2924923563,1.989283,0.0,S2B_MSIL2A_20190327T031729_N0211_R118_T48PWS_20190327T091421,1553678061000,Long An,2019-03-27 09:14:21,0.17529814281437905
42.079426,14.804615,27.759761,23.2924923563,1.989283,0.0,S2B_MSIL2A_20190327T031729_N0211_R118_T48PWS_20190327T091421,1553678061000,Tien Giang,2019-03-27 09:14:21,0.0
44.935551,12.938662,13.587366,22.9668518145,8.875274,0.002969,S2B_MSIL2A_20190327T031729_N0211_R118_T48PWR_20190327T091421,1553678061000,Soc Trang,2019-03-27 09:14:21,0.06781340724332642
44.935551,12.938662,13.587366,22.9668518145,8.875274,0.002969,S2B_MSIL2A_20190327T031729_N0211_R118_T48PWR_20190327T091421,1553678061000,Tra Vinh,2019-03-27 09:14:21,0.0
44.935551,12.938662,13.587366,22.9668518145,8.875274,0.002969,S2B_MSIL2A_20190327T031729_N0211_R118_T48PWR_20190327T091421,1553678061000,Vinh Long,2019-03-27 09:14:21,0.0306597224783425
44.935551,12.938662,13.587366,22.9668518145,8.875274,0.002969,S2B_MSIL2A_20190327T031729_N0211_R118_T48PWR_20190327T091421,1553678061000,Bac Lieu,2019-03-27 09:14:21,0.600518884177478
44.935551,12.938662,13.587366,22.9668518145,8.875274,0.002969,S2B_MSIL2A_20190327T031729_N0211_R118_T48PWR_20190327T091421,1553678061000,Ca Mau,2019-03-27 09:14:21,0.9978681047278485
44.935551,12.938662,13.587366,22.9668518145,8.875274,0.002969,S2B_MSIL2A_20190327T031729_N0211_R118_T48PWR_20190327T091421,1553678061000,Can Tho city,2019-03-27 09:14:21,0.9633322754728909
44.935551,12.938662,13.587366,22.9668518145,8.875274,0.002969,S2B_MSIL2A_20190327T031729_N0211_R118_T48PWR_20190327T091421,1553678061000,Hau Giang,2019-03-27 09:14:21,0.1941296069323645
44.935551,12.938662,13.587366,22.9668518145,8.875274,0.002969,S2B_MSIL2A_20190327T031729_N0211_R118_T48PWR_20190327T091421,1553678061000,Kien Giang,2019-03-27 09:14:21,0.6870483905201094
25.31786,17.064562,5.994605,23.8205184594,52.586234,0.0,S2B_MSIL2A_20190327T031729_N0211_R118_T48PVR_20190327T091421,1553678061000,Ca Mau,2019-03-27 09:14:21,0.9978681047278485
25.31786,17.064562,5.994605,23.8205184594,52.586234,0.0,S2B_MSIL2A_20190327T031729_N0211_R118_T48PVR_20190327T091421,1553678061000,Kien Giang,2019-03-27 09:14:21,0.6870483905201094
21.015982,2.738385,1.439129,22.6704219634,72.153401,0.01417,S2B_MSIL2A_20190327T031729_N0211_R118_T48PWQ_20190327T091421,1553678061000,Bac Lieu,2019-03-27 09:14:21,0.600518884177478
21.015982,2.738385,1.439129,22.6704219634,72.153401,0.01417,S2B_MSIL2A_20190327T031729_N0211_R118_T48PWQ_20190327T091421,1553678061000,Ca Mau,2019-03-27 09:14:21,0.9978681047278485
29.685504,2.242703,17.540509,24.3885248482,24.227986,0.060893,S2A_MSIL2A_20190329T030541_N0211_R075_T48PXS_20190329T082826,1553848106000,Tra Vinh,2019-03-29 08:28:26,0.0
29.685504,2.242703,17.540509,24.3885248482,24.227986,0.060893,S2A_MSIL2A_20190329T030541_N0211_R075_T48PXS_20190329T082826,1553848106000,Ben Tre,2019-03-29 08:28:26,0.0
29.685504,2.242703,17.540509,24.3885248482,24.227986,0.060893,S2A_MSIL2A_20190329T030541_N0211_R075_T48PXS_20190329T082826,1553848106000,Long An,2019-03-29 08:28:26,0.4557965540143063
29.685504,2.242703,17.540509,24.3885248482,24.227986,0.060893,S2A_MSIL2A_20190329T030541_N0211_R075_T48PXS_20190329T082826,1553848106000,Tien Giang,2019-03-29 08:28:26,0.0
22.962068,16.251872,4.521265,24.1095938653,64.59651,0.000666,S2A_MSIL2A_20190329T030541_N0211_R075_T48PXR_20190329T082826,1553848106000,Soc Trang,2019-03-29 08:28:26,0.12785018536252943
22.962068,16.251872,4.521265,24.1095938653,64.59651,0.000666,S2A_MSIL2A_20190329T030541_N0211_R075_T48PXR_20190329T082826,1553848106000,Tra Vinh,2019-03-29 08:28:26,0.0
22.962068,16.251872,4.521265,24.1095938653,64.59651,0.000666,S2A_MSIL2A_20190329T030541_N0211_R075_T48PXR_20190329T082826,1553848106000,Vinh Long,2019-03-29 08:28:26,0.0306597224783425
22.962068,16.251872,4.521265,24.1095938653,64.59651,0.000666,S2A_MSIL2A_20190329T030541_N0211_R075_T48PXR_20190329T082826,1553848106000,Ben Tre,2019-03-29 08:28:26,0.0
7.499826,0.015662,14.640312,22.0360025173,70.580554,0.008382,S2B_MSIL2A_20190330T032539_N0211_R018_T48PUS_20190330T085822,1553936302000,Kien Giang,2019-03-30 08:58:22,1.8453918751370362
13.657573,7.280505,0.125196,21.7376036733,86.19507,0.0,S2B_MSIL2A_20190330T032539_N0211_R018_T48PUR_20190330T085822,1553936302000,Kien Giang,2019-03-30 08:58:22,1.8453918751370362
45.003291,1.105607,16.949823,21.7506164597,0.236982,0.0,S2A_MSIL2A_20190401T031541_N0211_R118_T48PXT_20190401T071907,1554103147000,Dong Thap,2019-04-01 07:19:07,2.3210462570082235
45.003291,1.105607,16.949823,21.7506164597,0.236982,0.0,S2A_MSIL2A_20190401T031541_N0211_R118_T48PXT_20190401T071907,1554103147000,Long An,2019-04-01 07:19:07,1.358377155978346
49.897124,1.547463,5.690137,22.6036343482,0.757901,0.0,S2A_MSIL2A_20190401T031541_N0211_R118_T48PWT_20190401T071907,1554103147000,An Giang,2019-04-01 07:19:07,4.928601973326223
49.897124,1.547463,5.690137,22.6036343482,0.757901,0.0,S2A_MSIL2A_20190401T031541_N0211_R118_T48PWT_20190401T071907,1554103147000,Dong Thap,2019-04-01 07:19:07,2.3210462570082235
49.897124,1.547463,5.690137,22.6036343482,0.757901,0.0,S2A_MSIL2A_20190401T031541_N0211_R118_T48PWT_20190401T071907,1554103147000,Long An,2019-04-01 07:19:07,1.358377155978346
34.416156,13.823286,6.492206,23.4591931021,0.634136,0.0,S2A_MSIL2A_20190401T031541_N0211_R118_T48PVT_20190401T071907,1554103147000,An Giang,2019-04-01 07:19:07,4.928601973326223
32.348807,0.127686,30.505723,21.4528570164,1.050735,1.010891,S2A_MSIL2A_20190401T031541_N0211_R118_T48PXS_20190401T071907,1554103147000,Soc Trang,2019-04-01 07:19:07,0.29306137685562367
32.348807,0.127686,30.505723,21.4528570164,1.050735,1.010891,S2A_MSIL2A_20190401T031541_N0211_R118_T48PXS_20190401T071907,1554103147000,Tra Vinh,2019-04-01 07:19:07,0.0036710149277086337
32.348807,0.127686,30.505723,21.4528570164,1.050735,1.010891,S2A_MSIL2A_20190401T031541_N0211_R118_T48PXS_20190401T071907,1554103147000,Vinh Long,2019-04-01 07:19:07,0.4302405234763192
32.348807,0.127686,30.505723,21.4528570164,1.050735,1.010891,S2A_MSIL2A_20190401T031541_N0211_R118_T48PXS_20190401T071907,1554103147000,Ben Tre,2019-04-01 07:19:07,0.00026302353978128334
32.348807,0.127686,30.505723,21.4528570164,1.050735,1.010891,S2A_MSIL2A_20190401T031541_N0211_R118_T48PXS_20190401T071907,1554103147000,Dong Thap,2019-04-01 07:19:07,2.3210462570082235
32.348807,0.127686,30.505723,21.4528570164,1.050735,1.010891,S2A_MSIL2A_20190401T031541_N0211_R118_T48PXS_20190401T071907,1554103147000,Long An,2019-04-01 07:19:07,1.358377155978346
32.348807,0.127686,30.505723,21.4528570164,1.050735,1.010891,S2A_MSIL2A_20190401T031541_N0211_R118_T48PXS_20190401T071907,1554103147000,Tien Giang,2019-04-01 07:19:07,0.16437338984501856
25.2093,0.642559,30.141801,22.3142671084,2.362587,0.0,S2A_MSIL2A_20190401T031541_N0211_R118_T48PWS_20190401T071907,1554103147000,Soc Trang,2019-04-01 07:19:07,0.29306137685562367
25.2093,0.642559,30.141801,22.3142671084,2.362587,0.0,S2A_MSIL2A_20190401T031541_N0211_R118_T48PWS_20190401T071907,1554103147000,Tra Vinh,2019-04-01 07:19:07,0.0036710149277086337
25.2093,0.642559,30.141801,22.3142671084,2.362587,0.0,S2A_MSIL2A_20190401T031541_N0211_R118_T48PWS_20190401T071907,1554103147000,Vinh Long,2019-04-01 07:19:07,0.4302405234763192
25.2093,0.642559,30.141801,22.3142671084,2.362587,0.0,S2A_MSIL2A_20190401T031541_N0211_R118_T48PWS_20190401T071907,1554103147000,Can Tho city,2019-04-01 07:19:07,2.308984970465873
25.2093,0.642559,30.141801,22.3142671084,2.362587,0.0,S2A_MSIL2A_20190401T031541_N0211_R118_T48PWS_20190401T071907,1554103147000,Hau Giang,2019-04-01 07:19:07,1.6216192470021984
25.2093,0.642559,30.141801,22.3142671084,2.362587,0.0,S2A_MSIL2A_20190401T031541_N0211_R118_T48PWS_20190401T071907,1554103147000,An Giang,2019-04-01 07:19:07,4.928601973326223
25.2093,0.642559,30.141801,22.3142671084,2.362587,0.0,S2A_MSIL2A_20190401T031541_N0211_R118_T48PWS_20190401T071907,1554103147000,Dong Thap,2019-04-01 07:19:07,2.3210462570082235
25.2093,0.642559,30.141801,22.3142671084,2.362587,0.0,S2A_MSIL2A_20190401T031541_N0211_R118_T48PWS_20190401T071907,1554103147000,Kien Giang,2019-04-01 07:19:07,3.6566496686565677
25.2093,0.642559,30.141801,22.3142671084,2.362587,0.0,S2A_MSIL2A_20190401T031541_N0211_R118_T48PWS_20190401T071907,1554103147000,Long An,2019-04-01 07:19:07,1.358377155978346
25.2093,0.642559,30.141801,22.3142671084,2.362587,0.0,S2A_MSIL2A_20190401T031541_N0211_R118_T48PWS_20190401T071907,1554103147000,Tien Giang,2019-04-01 07:19:07,0.16437338984501856
17.868258,8.158822,10.183002,23.1776630226,35.295057,0.000378,S2A_MSIL2A_20190401T031541_N0211_R118_T48PVS_20190401T071907,1554103147000,An Giang,2019-04-01 07:19:07,4.928601973326223
17.868258,8.158822,10.183002,23.1776630226,35.295057,0.000378,S2A_MSIL2A_20190401T031541_N0211_R118_T48PVS_20190401T071907,1554103147000,Kien Giang,2019-04-01 07:19:07,3.6566496686565677
43.806489,28.459638,12.395175,24.042104453,36.348638,0.000159,S2A_MSIL2A_20190401T031541_N0211_R118_T48PUS_20190401T071907,1554103147000,Kien Giang,2019-04-01 07:19:07,3.6566496686565677
40.727713,0.531831,12.548667,21.1874548959,24.793382,3.033934,S2A_MSIL2A_20190401T031541_N0211_R118_T48PXR_20190401T071907,1554103147000,Soc Trang,2019-04-01 07:19:07,0.29306137685562367
40.727713,0.531831,12.548667,21.1874548959,24.793382,3.033934,S2A_MSIL2A_20190401T031541_N0211_R118_T48PXR_20190401T071907,1554103147000,Tra Vinh,2019-04-01 07:19:07,0.0036710149277086337
40.727713,0.531831,12.548667,21.1874548959,24.793382,3.033934,S2A_MSIL2A_20190401T031541_N0211_R118_T48PXR_20190401T071907,1554103147000,Vinh Long,2019-04-01 07:19:07,0.4302405234763192
40.727713,0.531831,12.548667,21.1874548959,24.793382,3.033934,S2A_MSIL2A_20190401T031541_N0211_R118_T48PXR_20190401T071907,1554103147000,Ben Tre,2019-04-01 07:19:07,0.00026302353978128334
26.461755,1.84605,15.951592,22.0563145382,12.682679,0.240719,S2A_MSIL2A_20190401T031541_N0211_R118_T48PWR_20190401T071907,1554103147000,Soc Trang,2019-04-01 07:19:07,0.29306137685562367
26.461755,1.84605,15.951592,22.0563145382,12.682679,0.240719,S2A_MSIL2A_20190401T031541_N0211_R118_T48PWR_20190401T071907,1554103147000,Tra Vinh,2019-04-01 07:19:07,0.0036710149277086337
26.461755,1.84605,15.951592,22.0563145382,12.682679,0.240719,S2A_MSIL2A_20190401T031541_N0211_R118_T48PWR_20190401T071907,1554103147000,Vinh Long,2019-04-01 07:19:07,0.4302405234763192
26.461755,1.84605,15.951592,22.0563145382,12.682679,0.240719,S2A_MSIL2A_20190401T031541_N0211_R118_T48PWR_20190401T071907,1554103147000,Bac Lieu,2019-04-01 07:19:07,0.4755162105365371
26.461755,1.84605,15.951592,22.0563145382,12.682679,0.240719,S2A_MSIL2A_20190401T031541_N0211_R118_T48PWR_20190401T071907,1554103147000,Ca Mau,2019-04-01 07:19:07,0.2503546640916561
26.461755,1.84605,15.951592,22.0563145382,12.682679,0.240719,S2A_MSIL2A_20190401T031541_N0211_R118_T48PWR_20190401T071907,1554103147000,Can Tho city,2019-04-01 07:19:07,2.308984970465873
26.461755,1.84605,15.951592,22.0563145382,12.682679,0.240719,S2A_MSIL2A_20190401T031541_N0211_R118_T48PWR_20190401T071907,1554103147000,Hau Giang,2019-04-01 07:19:07,1.6216192470021984
26.461755,1.84605,15.951592,22.0563145382,12.682679,0.240719,S2A_MSIL2A_20190401T031541_N0211_R118_T48PWR_20190401T071907,1554103147000,Kien Giang,2019-04-01 07:19:07,3.6566496686565677
18.499305,13.245925,5.010295,22.9266545995,62.452769,0.0,S2A_MSIL2A_20190401T031541_N0211_R118_T48PVR_20190401T071907,1554103147000,Ca Mau,2019-04-01 07:19:07,0.2503546640916561
18.499305,13.245925,5.010295,22.9266545995,62.452769,0.0,S2A_MSIL2A_20190401T031541_N0211_R118_T48PVR_20190401T071907,1554103147000,Kien Giang,2019-04-01 07:19:07,3.6566496686565677
32.673164,29.409501,0.047119,23.7975775851,67.257106,0.0,S2A_MSIL2A_20190401T031541_N0211_R118_T48PUR_20190401T071907,1554103147000,Kien Giang,2019-04-01 07:19:07,3.6566496686565677
15.997405,1.026738,2.31911,21.8306844802,75.133675,0.474119,S2A_MSIL2A_20190401T031541_N0211_R118_T48PWQ_20190401T071907,1554103147000,Bac Lieu,2019-04-01 07:19:07,0.4755162105365371
15.997405,1.026738,2.31911,21.8306844802,75.133675,0.474119,S2A_MSIL2A_20190401T031541_N0211_R118_T48PWQ_20190401T071907,1554103147000,Ca Mau,2019-04-01 07:19:07,0.2503546640916561
19.911735,12.797044,3.006795,22.7069274548,69.954664,0.006287,S2A_MSIL2A_20190401T031541_N0211_R118_T48PVQ_20190401T071907,1554103147000,Ca Mau,2019-04-01 07:19:07,0.2503546640916561
44.336256,0.13435,23.963474,20.8199733959,0.402683,0.0,S2B_MSIL2A_20190406T031549_N0211_R118_T48PXT_20190406T072445,1554535485000,Dong Thap,2019-04-06 07:24:45,0.7418367267894762
44.336256,0.13435,23.963474,20.8199733959,0.402683,0.0,S2B_MSIL2A_20190406T031549_N0211_R118_T48PXT_20190406T072445,1554535485000,Long An,2019-04-06 07:24:45,0.3302145158960373
43.058886,0.74168,15.462348,21.6901517019,1.585148,0.0,S2B_MSIL2A_20190406T031549_N0211_R118_T48PWT_20190406T072445,1554535485000,An Giang,2019-04-06 07:24:45,1.5243465146219315
43.058886,0.74168,15.462348,21.6901517019,1.585148,0.0,S2B_MSIL2A_20190406T031549_N0211_R118_T48PWT_20190406T072445,1554535485000,Dong Thap,2019-04-06 07:24:45,0.7418367267894762
43.058886,0.74168,15.462348,21.6901517019,1.585148,0.0,S2B_MSIL2A_20190406T031549_N0211_R118_T48PWT_20190406T072445,1554535485000,Long An,2019-04-06 07:24:45,0.3302145158960373
33.398153,1.364553,9.729994,22.5617350649,1.251565,0.0,S2B_MSIL2A_20190406T031549_N0211_R118_T48PVT_20190406T072445,1554535485000,An Giang,2019-04-06 07:24:45,1.5243465146219315
33.000232,0.560234,21.722481,21.4713286002,2.426509,0.0,S2B_MSIL2A_20190406T031549_N0211_R118_T48PWS_20190406T072445,1554535485000,Soc Trang,2019-04-06 07:24:45,0.16521119149309427
33.000232,0.560234,21.722481,21.4713286002,2.426509,0.0,S2B_MSIL2A_20190406T031549_N0211_R118_T48PWS_20190406T072445,1554535485000,Tra Vinh,2019-04-06 07:24:45,0.0036710149277086337
33.000232,0.560234,21.722481,21.4713286002,2.426509,0.0,S2B_MSIL2A_20190406T031549_N0211_R118_T48PWS_20190406T072445,1554535485000,Vinh Long,2019-04-06 07:24:45,0.34934525120808163
33.000232,0.560234,21.722481,21.4713286002,2.426509,0.0,S2B_MSIL2A_20190406T031549_N0211_R118_T48PWS_20190406T072445,1554535485000,Can Tho city,2019-04-06 07:24:45,1.0397731051619175
33.000232,0.560234,21.722481,21.4713286002,2.426509,0.0,S2B_MSIL2A_20190406T031549_N0211_R118_T48PWS_20190406T072445,1554535485000,Hau Giang,2019-04-06 07:24:45,1.210378643562258
33.000232,0.560234,21.722481,21.4713286002,2.426509,0.0,S2B_MSIL2A_20190406T031549_N0211_R118_T48PWS_20190406T072445,1554535485000,An Giang,2019-04-06 07:24:45,1.5243465146219315
33.000232,0.560234,21.722481,21.4713286002,2.426509,0.0,S2B_MSIL2A_20190406T031549_N0211_R118_T48PWS_20190406T072445,1554535485000,Dong Thap,2019-04-06 07:24:45,0.7418367267894762
33.000232,0.560234,21.722481,21.4713286002,2.426509,0.0,S2B_MSIL2A_20190406T031549_N0211_R118_T48PWS_20190406T072445,1554535485000,Kien Giang,2019-04-06 07:24:45,1.7199797080049928
33.000232,0.560234,21.722481,21.4713286002,2.426509,0.0,S2B_MSIL2A_20190406T031549_N0211_R118_T48PWS_20190406T072445,1554535485000,Long An,2019-04-06 07:24:45,0.3302145158960373
33.000232,0.560234,21.722481,21.4713286002,2.426509,0.0,S2B_MSIL2A_20190406T031549_N0211_R118_T48PWS_20190406T072445,1554535485000,Tien Giang,2019-04-06 07:24:45,0.04285132847258328
25.12564,4.255195,9.661318,22.3486925994,31.401214,0.037382,S2B_MSIL2A_20190406T031549_N0211_R118_T48PVS_20190406T072445,1554535485000,An Giang,2019-04-06 07:24:45,1.5243465146219315
25.12564,4.255195,9.661318,22.3486925994,31.401214,0.037382,S2B_MSIL2A_20190406T031549_N0211_R118_T48PVS_20190406T072445,1554535485000,Kien Giang,2019-04-06 07:24:45,1.7199797080049928
43.199532,4.862114,4.683985,23.226165407,45.211297,0.106813,S2B_MSIL2A_20190406T031549_N0211_R118_T48PUS_20190406T072445,1554535485000,Kien Giang,2019-04-06 07:24:45,1.7199797080049928
35.014595,0.26825,16.59057,20.4054402882,22.939922,0.011051,S2B_MSIL2A_20190406T031549_N0211_R118_T48PXR_20190406T072445,1554535485000,Soc Trang,2019-04-06 07:24:45,0.16521119149309427
35.014595,0.26825,16.59057,20.4054402882,22.939922,0.011051,S2B_MSIL2A_20190406T031549_N0211_R118_T48PXR_20190406T072445,1554535485000,Tra Vinh,2019-04-06 07:24:45,0.0036710149277086337
35.014595,0.26825,16.59057,20.4054402882,22.939922,0.011051,S2B_MSIL2A_20190406T031549_N0211_R118_T48PXR_20190406T072445,1554535485000,Vinh Long,2019-04-06 07:24:45,0.34934525120808163
35.014595,0.26825,16.59057,20.4054402882,22.939922,0.011051,S2B_MSIL2A_20190406T031549_N0211_R118_T48PXR_20190406T072445,1554535485000,Ben Tre,2019-04-06 07:24:45,0.00026302353978128334
18.953713,1.502789,19.220714,21.2868074141,12.38719,0.004821,S2B_MSIL2A_20190406T031549_N0211_R118_T48PWR_20190406T072445,1554535485000,Soc Trang,2019-04-06 07:24:45,0.16521119149309427
18.953713,1.502789,19.220714,21.2868074141,12.38719,0.004821,S2B_MSIL2A_20190406T031549_N0211_R118_T48PWR_20190406T072445,1554535485000,Tra Vinh,2019-04-06 07:24:45,0.0036710149277086337
18.953713,1.502789,19.220714,21.2868074141,12.38719,0.004821,S2B_MSIL2A_20190406T031549_N0211_R118_T48PWR_20190406T072445,1554535485000,Vinh Long,2019-04-06 07:24:45,0.34934525120808163
18.953713,1.502789,19.220714,21.2868074141,12.38719,0.004821,S2B_MSIL2A_20190406T031549_N0211_R118_T48PWR_20190406T072445,1554535485000,Bac Lieu,2019-04-06 07:24:45,0.14728551794298048
18.953713,1.502789,19.220714,21.2868074141,12.38719,0.004821,S2B_MSIL2A_20190406T031549_N0211_R118_T48PWR_20190406T072445,1554535485000,Ca Mau,2019-04-06 07:24:45,0.25293239380252897
18.953713,1.502789,19.220714,21.2868074141,12.38719,0.004821,S2B_MSIL2A_20190406T031549_N0211_R118_T48PWR_20190406T072445,1554535485000,Can Tho city,2019-04-06 07:24:45,1.0397731051619175
18.953713,1.502789,19.220714,21.2868074141,12.38719,0.004821,S2B_MSIL2A_20190406T031549_N0211_R118_T48PWR_20190406T072445,1554535485000,Hau Giang,2019-04-06 07:24:45,1.210378643562258
18.953713,1.502789,19.220714,21.2868074141,12.38719,0.004821,S2B_MSIL2A_20190406T031549_N0211_R118_T48PWR_20190406T072445,1554535485000,Kien Giang,2019-04-06 07:24:45,1.7199797080049928
23.457885,0.589222,2.932581,22.1687663935,61.870497,0.0,S2B_MSIL2A_20190406T031549_N0211_R118_T48PVR_20190406T072445,1554535485000,Ca Mau,2019-04-06 07:24:45,0.25293239380252897
23.457885,0.589222,2.932581,22.1687663935,61.870497,0.0,S2B_MSIL2A_20190406T031549_N0211_R118_T48PVR_20190406T072445,1554535485000,Kien Giang,2019-04-06 07:24:45,1.7199797080049928
7.407026,0.002687,0.048434,23.050508752,92.270797,0.0,S2B_MSIL2A_20190406T031549_N0211_R118_T48PUR_20190406T072445,1554535485000,Kien Giang,2019-04-06 07:24:45,1.7199797080049928
17.202773,3.330258,1.684835,21.1372825548,76.025987,0.007827,S2B_MSIL2A_20190406T031549_N0211_R118_T48PWQ_20190406T072445,1554535485000,Bac Lieu,2019-04-06 07:24:45,0.14728551794298048
17.202773,3.330258,1.684835,21.1372825548,76.025987,0.007827,S2B_MSIL2A_20190406T031549_N0211_R118_T48PWQ_20190406T072445,1554535485000,Ca Mau,2019-04-06 07:24:45,0.25293239380252897
23.683508,0.296894,1.354949,22.0225893771,69.131333,0.026337,S2B_MSIL2A_20190406T031549_N0211_R118_T48PVQ_20190406T072445,1554535485000,Ca Mau,2019-04-06 07:24:45,0.25293239380252897
19.191963,5.344554,20.692393,22.743376043,21.49737,0.054026,S2A_MSIL2A_20190408T030541_N0211_R075_T48PXS_20190408T071621,1554707781000,Tra Vinh,2019-04-08 07:16:21,0.0
19.191963,5.344554,20.692393,22.743376043,21.49737,0.054026,S2A_MSIL2A_20190408T030541_N0211_R075_T48PXS_20190408T071621,1554707781000,Ben Tre,2019-04-08 07:16:21,0.0
19.191963,5.344554,20.692393,22.743376043,21.49737,0.054026,S2A_MSIL2A_20190408T030541_N0211_R075_T48PXS_20190408T071621,1554707781000,Long An,2019-04-08 07:16:21,0.1678276959047653
19.191963,5.344554,20.692393,22.743376043,21.49737,0.054026,S2A_MSIL2A_20190408T030541_N0211_R075_T48PXS_20190408T071621,1554707781000,Tien Giang,2019-04-08 07:16:21,0.0023666212365122835
7.429391,3.025623,5.310286,22.6023085069,77.308929,7.7e-05,S2A_MSIL2A_20190408T030541_N0211_R075_T48PXR_20190408T071621,1554707781000,Soc Trang,2019-04-08 07:16:21,0.0
7.429391,3.025623,5.310286,22.6023085069,77.308929,7.7e-05,S2A_MSIL2A_20190408T030541_N0211_R075_T48PXR_20190408T071621,1554707781000,Tra Vinh,2019-04-08 07:16:21,0.0
7.429391,3.025623,5.310286,22.6023085069,77.308929,7.7e-05,S2A_MSIL2A_20190408T030541_N0211_R075_T48PXR_20190408T071621,1554707781000,Vinh Long,2019-04-08 07:16:21,0.0
7.429391,3.025623,5.310286,22.6023085069,77.308929,7.7e-05,S2A_MSIL2A_20190408T030541_N0211_R075_T48PXR_20190408T071621,1554707781000,Ben Tre,2019-04-08 07:16:21,0.0
19.262942,11.271056,20.787324,21.844446033,0.752311,0.0,S2A_MSIL2A_20190411T031541_N0211_R118_T48PVT_20190411T074617,1554968777000,An Giang,2019-04-11 07:46:17,1.1815037319777633
20.054253,7.629547,11.903832,21.7044537075,34.512502,0.011473,S2A_MSIL2A_20190411T031541_N0211_R118_T48PVS_20190411T074617,1554968777000,An Giang,2019-04-11 07:46:17,1.1815037319777633
20.054253,7.629547,11.903832,21.7044537075,34.512502,0.011473,S2A_MSIL2A_20190411T031541_N0211_R118_T48PVS_20190411T074617,1554968777000,Kien Giang,2019-04-11 07:46:17,2.705603529602932
31.704757,16.187748,17.122059,22.5898068117,43.712795,0.009431,S2A_MSIL2A_20190411T031541_N0211_R118_T48PUS_20190411T074617,1554968777000,Kien Giang,2019-04-11 07:46:17,2.705603529602932
38.062029,11.757305,15.826538,20.7120658178,5.830091,0.069247,S2A_MSIL2A_20190411T031541_N0211_R118_T48PWR_20190411T074617,1554968777000,Soc Trang,2019-04-11 07:46:17,0.0045031876141700495
38.062029,11.757305,15.826538,20.7120658178,5.830091,0.069247,S2A_MSIL2A_20190411T031541_N0211_R118_T48PWR_20190411T074617,1554968777000,Tra Vinh,2019-04-11 07:46:17,0.00010541211742541667
38.062029,11.757305,15.826538,20.7120658178,5.830091,0.069247,S2A_MSIL2A_20190411T031541_N0211_R118_T48PWR_20190411T074617,1554968777000,Vinh Long,2019-04-11 07:46:17,0.0
38.062029,11.757305,15.826538,20.7120658178,5.830091,0.069247,S2A_MSIL2A_20190411T031541_N0211_R118_T48PWR_20190411T074617,1554968777000,Bac Lieu,2019-04-11 07:46:17,0.5088375459047235
38.062029,11.757305,15.826538,20.7120658178,5.830091,0.069247,S2A_MSIL2A_20190411T031541_N0211_R118_T48PWR_20190411T074617,1554968777000,Ca Mau,2019-04-11 07:46:17,1.3869670478973195
38.062029,11.757305,15.826538,20.7120658178,5.830091,0.069247,S2A_MSIL2A_20190411T031541_N0211_R118_T48PWR_20190411T074617,1554968777000,Can Tho city,2019-04-11 07:46:17,0.7125544436465945
38.062029,11.757305,15.826538,20.7120658178,5.830091,0.069247,S2A_MSIL2A_20190411T031541_N0211_R118_T48PWR_20190411T074617,1554968777000,Hau Giang,2019-04-11 07:46:17,0.4623891507022841
38.062029,11.757305,15.826538,20.7120658178,5.830091,0.069247,S2A_MSIL2A_20190411T031541_N0211_R118_T48PWR_20190411T074617,1554968777000,Kien Giang,2019-04-11 07:46:17,2.705603529602932
46.086397,36.747155,1.583462,21.5996901991,46.621776,0.0,S2A_MSIL2A_20190411T031541_N0211_R118_T48PVR_20190411T074617,1554968777000,Ca Mau,2019-04-11 07:46:17,1.3869670478973195
46.086397,36.747155,1.583462,21.5996901991,46.621776,0.0,S2A_MSIL2A_20190411T031541_N0211_R118_T48PVR_20190411T074617,1554968777000,Kien Giang,2019-04-11 07:46:17,2.705603529602932
23.261953,8.628505,15.36641,19.836465363,55.101931,0.011276,S2A_MSIL2A_20190414T032541_N0211_R018_T48PUS_20190414T073626,1555227386000,Kien Giang,2019-04-14 07:36:26,2.060083531700928
13.307054,1.529771,0.126833,19.7714335311,86.531746,0.0,S2A_MSIL2A_20190414T032541_N0211_R018_T48PUR_20190414T073626,1555227386000,Kien Giang,2019-04-14 07:36:26,2.060083531700928
32.946776,2.042096,33.86451,19.5039732637,0.606339,0.0,S2B_MSIL2A_20190416T031549_N0211_R118_T48PXT_20190416T082714,1555403234000,Dong Thap,2019-04-16 08:27:14,1.5764577897432785
32.946776,2.042096,33.86451,19.5039732637,0.606339,0.0,S2B_MSIL2A_20190416T031549_N0211_R118_T48PXT_20190416T082714,1555403234000,Long An,2019-04-16 08:27:14,1.8505838528243916
39.194826,5.271197,14.121829,20.3916222087,0.840256,0.0,S2B_MSIL2A_20190416T031549_N0211_R118_T48PWT_20190416T082714,1555403234000,An Giang,2019-04-16 08:27:14,1.358884156041795
39.194826,5.271197,14.121829,20.3916222087,0.840256,0.0,S2B_MSIL2A_20190416T031549_N0211_R118_T48PWT_20190416T082714,1555403234000,Dong Thap,2019-04-16 08:27:14,1.5764577897432785
39.194826,5.271197,14.121829,20.3916222087,0.840256,0.0,S2B_MSIL2A_20190416T031549_N0211_R118_T48PWT_20190416T082714,1555403234000,Long An,2019-04-16 08:27:14,1.8505838528243916
29.757974,13.60406,18.915193,21.279397065,0.433982,0.0,S2B_MSIL2A_20190416T031549_N0211_R118_T48PVT_20190416T082714,1555403234000,An Giang,2019-04-16 08:27:14,1.358884156041795
41.725216,0.05121,23.415583,19.4393311226,1.347696,0.200929,S2B_MSIL2A_20190416T031549_N0211_R118_T48PXS_20190416T082714,1555403234000,Soc Trang,2019-04-16 08:27:14,0.0
41.725216,0.05121,23.415583,19.4393311226,1.347696,0.200929,S2B_MSIL2A_20190416T031549_N0211_R118_T48PXS_20190416T082714,1555403234000,Tra Vinh,2019-04-16 08:27:14,0.3215214310462509
41.725216,0.05121,23.415583,19.4393311226,1.347696,0.200929,S2B_MSIL2A_20190416T031549_N0211_R118_T48PXS_20190416T082714,1555403234000,Vinh Long,2019-04-16 08:27:14,0.3032278876381333
41.725216,0.05121,23.415583,19.4393311226,1.347696,0.200929,S2B_MSIL2A_20190416T031549_N0211_R118_T48PXS_20190416T082714,1555403234000,Ben Tre,2019-04-16 08:27:14,0.5627692743427415
41.725216,0.05121,23.415583,19.4393311226,1.347696,0.200929,S2B_MSIL2A_20190416T031549_N0211_R118_T48PXS_20190416T082714,1555403234000,Dong Thap,2019-04-16 08:27:14,1.5764577897432785
41.725216,0.05121,23.415583,19.4393311226,1.347696,0.200929,S2B_MSIL2A_20190416T031549_N0211_R118_T48PXS_20190416T082714,1555403234000,Long An,2019-04-16 08:27:14,1.8505838528243916
41.725216,0.05121,23.415583,19.4393311226,1.347696,0.200929,S2B_MSIL2A_20190416T031549_N0211_R118_T48PXS_20190416T082714,1555403234000,Tien Giang,2019-04-16 08:27:14,0.8150323479390674
11.705412,1.214615,47.027981,20.32713361,3.072609,0.0,S2B_MSIL2A_20190416T031549_N0211_R118_T48PWS_20190416T082714,1555403234000,Soc Trang,2019-04-16 08:27:14,0.0
11.705412,1.214615,47.027981,20.32713361,3.072609,0.0,S2B_MSIL2A_20190416T031549_N0211_R118_T48PWS_20190416T082714,1555403234000,Tra Vinh,2019-04-16 08:27:14,0.3215214310462509
11.705412,1.214615,47.027981,20.32713361,3.072609,0.0,S2B_MSIL2A_20190416T031549_N0211_R118_T48PWS_20190416T082714,1555403234000,Vinh Long,2019-04-16 08:27:14,0.3032278876381333
11.705412,1.214615,47.027981,20.32713361,3.072609,0.0,S2B_MSIL2A_20190416T031549_N0211_R118_T48PWS_20190416T082714,1555403234000,Can Tho city,2019-04-16 08:27:14,0.7829022980492165
11.705412,1.214615,47.027981,20.32713361,3.072609,0.0,S2B_MSIL2A_20190416T031549_N0211_R118_T48PWS_20190416T082714,1555403234000,Hau Giang,2019-04-16 08:27:14,0.3204737126816957
11.705412,1.214615,47.027981,20.32713361,3.072609,0.0,S2B_MSIL2A_20190416T031549_N0211_R118_T48PWS_20190416T082714,1555403234000,An Giang,2019-04-16 08:27:14,1.358884156041795
11.705412,1.214615,47.027981,20.32713361,3.072609,0.0,S2B_MSIL2A_20190416T031549_N0211_R118_T48PWS_20190416T082714,1555403234000,Dong Thap,2019-04-16 08:27:14,1.5764577897432785
11.705412,1.214615,47.027981,20.32713361,3.072609,0.0,S2B_MSIL2A_20190416T031549_N0211_R118_T48PWS_20190416T082714,1555403234000,Kien Giang,2019-04-16 08:27:14,1.5193716076620778
11.705412,1.214615,47.027981,20.32713361,3.072609,0.0,S2B_MSIL2A_20190416T031549_N0211_R118_T48PWS_20190416T082714,1555403234000,Long An,2019-04-16 08:27:14,1.8505838528243916
11.705412,1.214615,47.027981,20.32713361,3.072609,0.0,S2B_MSIL2A_20190416T031549_N0211_R118_T48PWS_20190416T082714,1555403234000,Tien Giang,2019-04-16 08:27:14,0.8150323479390674
40.037923,13.124479,9.100033,21.2150478972,23.282136,0.200527,S2B_MSIL2A_20190416T031549_N0211_R118_T48PVS_20190416T082714,1555403234000,An Giang,2019-04-16 08:27:14,1.358884156041795
40.037923,13.124479,9.100033,21.2150478972,23.282136,0.200527,S2B_MSIL2A_20190416T031549_N0211_R118_T48PVS_20190416T082714,1555403234000,Kien Giang,2019-04-16 08:27:14,1.5193716076620778
47.218674,31.272706,13.17057,22.1023140172,35.855848,0.014794,S2B_MSIL2A_20190416T031549_N0211_R118_T48PUS_20190416T082714,1555403234000,Kien Giang,2019-04-16 08:27:14,1.5193716076620778
15.495406,0.000129,22.875383,20.3007815638,14.128545,0.094442,S2B_MSIL2A_20190416T031549_N0211_R118_T48PWR_20190416T082714,1555403234000,Soc Trang,2019-04-16 08:27:14,0.0
15.495406,0.000129,22.875383,20.3007815638,14.128545,0.094442,S2B_MSIL2A_20190416T031549_N0211_R118_T48PWR_20190416T082714,1555403234000,Tra Vinh,2019-04-16 08:27:14,0.3215214310462509
15.495406,0.000129,22.875383,20.3007815638,14.128545,0.094442,S2B_MSIL2A_20190416T031549_N0211_R118_T48PWR_20190416T082714,1555403234000,Vinh Long,2019-04-16 08:27:14,0.3032278876381333
15.495406,0.000129,22.875383,20.3007815638,14.128545,0.094442,S2B_MSIL2A_20190416T031549_N0211_R118_T48PWR_20190416T082714,1555403234000,Bac Lieu,2019-04-16 08:27:14,0.09179200359785335
15.495406,0.000129,22.875383,20.3007815638,14.128545,0.094442,S2B_MSIL2A_20190416T031549_N0211_R118_T48PWR_20190416T082714,1555403234000,Ca Mau,2019-04-16 08:27:14,0.4051803094370563
15.495406,0.000129,22.875383,20.3007815638,14.128545,0.094442,S2B_MSIL2A_20190416T031549_N0211_R118_T48PWR_20190416T082714,1555403234000,Can Tho city,2019-04-16 08:27:14,0.7829022980492165
15.495406,0.000129,22.875383,20.3007815638,14.128545,0.094442,S2B_MSIL2A_20190416T031549_N0211_R118_T48PWR_20190416T082714,1555403234000,Hau Giang,2019-04-16 08:27:14,0.3204737126816957
15.495406,0.000129,22.875383,20.3007815638,14.128545,0.094442,S2B_MSIL2A_20190416T031549_N0211_R118_T48PWR_20190416T082714,1555403234000,Kien Giang,2019-04-16 08:27:14,1.5193716076620778
1.829543,0.295696,7.287175,21.1873049639,75.691015,0.0,S2B_MSIL2A_20190416T031549_N0211_R118_T48PVR_20190416T082714,1555403234000,Ca Mau,2019-04-16 08:27:14,0.4051803094370563
1.829543,0.295696,7.287175,21.1873049639,75.691015,0.0,S2B_MSIL2A_20190416T031549_N0211_R118_T48PVR_20190416T082714,1555403234000,Kien Giang,2019-04-16 08:27:14,1.5193716076620778
4.201253,2.743483,0.03546,22.0732943259,95.695329,0.0,S2B_MSIL2A_20190416T031549_N0211_R118_T48PUR_20190416T082714,1555403234000,Kien Giang,2019-04-16 08:27:14,1.5193716076620778
15.763637,1.3e-05,2.826514,20.312744438,74.67038,0.000342,S2B_MSIL2A_20190416T031549_N0211_R118_T48PWQ_20190416T082714,1555403234000,Bac Lieu,2019-04-16 08:27:14,0.09179200359785335
15.763637,1.3e-05,2.826514,20.312744438,74.67038,0.000342,S2B_MSIL2A_20190416T031549_N0211_R118_T48PWQ_20190416T082714,1555403234000,Ca Mau,2019-04-16 08:27:14,0.4051803094370563
10.046841,7.924642,3.743896,21.1963629416,78.127384,8.3e-05,S2B_MSIL2A_20190416T031549_N0211_R118_T48PVQ_20190416T082714,1555403234000,Ca Mau,2019-04-16 08:27:14,0.4051803094370563
48.837863,9.696822,7.543445,21.7579359188,20.930372,0.198109,S2A_MSIL2A_20190418T030551_N0211_R075_T48PXS_20190418T070643,1555571203000,Tra Vinh,2019-04-18 07:06:43,0.44478215047401815
48.837863,9.696822,7.543445,21.7579359188,20.930372,0.198109,S2A_MSIL2A_20190418T030551_N0211_R075_T48PXS_20190418T070643,1555571203000,Ben Tre,2019-04-18 07:06:43,0.5810595132363633
48.837863,9.696822,7.543445,21.7579359188,20.930372,0.198109,S2A_MSIL2A_20190418T030551_N0211_R075_T48PXS_20190418T070643,1555571203000,Long An,2019-04-18 07:06:43,1.6057919866558004
48.837863,9.696822,7.543445,21.7579359188,20.930372,0.198109,S2A_MSIL2A_20190418T030551_N0211_R075_T48PXS_20190418T070643,1555571203000,Tien Giang,2019-04-18 07:06:43,0.8440421709768775
16.977188,11.70755,2.732922,21.7658027492,71.112806,0.002002,S2A_MSIL2A_20190418T030551_N0211_R075_T48PXR_20190418T070643,1555571203000,Soc Trang,2019-04-18 07:06:43,0.0037203381904925667
16.977188,11.70755,2.732922,21.7658027492,71.112806,0.002002,S2A_MSIL2A_20190418T030551_N0211_R075_T48PXR_20190418T070643,1555571203000,Tra Vinh,2019-04-18 07:06:43,0.44478215047401815
16.977188,11.70755,2.732922,21.7658027492,71.112806,0.002002,S2A_MSIL2A_20190418T030551_N0211_R075_T48PXR_20190418T070643,1555571203000,Vinh Long,2019-04-18 07:06:43,0.46104091526217034
16.977188,11.70755,2.732922,21.7658027492,71.112806,0.002002,S2A_MSIL2A_20190418T030551_N0211_R075_T48PXR_20190418T070643,1555571203000,Ben Tre,2019-04-18 07:06:43,0.5810595132363633
24.429853,2.035677,34.065446,19.1472629697,0.209824,0.0,S2A_MSIL2A_20190421T031541_N0211_R118_T48PXT_20190421T072735,1555831655000,Dong Thap,2019-04-21 07:27:35,0.3759669468641937
24.429853,2.035677,34.065446,19.1472629697,0.209824,0.0,S2A_MSIL2A_20190421T031541_N0211_R118_T48PXT_20190421T072735,1555831655000,Long An,2019-04-21 07:27:35,0.2237432698523175
21.63835,2e-05,17.979659,20.0335136165,1.453775,0.0,S2A_MSIL2A_20190421T031541_N0211_R118_T48PWT_20190421T072735,1555831655000,An Giang,2019-04-21 07:27:35,0.7822688493204604
21.63835,2e-05,17.979659,20.0335136165,1.453775,0.0,S2A_MSIL2A_20190421T031541_N0211_R118_T48PWT_20190421T072735,1555831655000,Dong Thap,2019-04-21 07:27:35,0.3759669468641937
21.63835,2e-05,17.979659,20.0335136165,1.453775,0.0,S2A_MSIL2A_20190421T031541_N0211_R118_T48PWT_20190421T072735,1555831655000,Long An,2019-04-21 07:27:35,0.2237432698523175
20.217488,0.260912,17.035225,20.9200126218,1.018618,0.0,S2A_MSIL2A_20190421T031541_N0211_R118_T48PVT_20190421T072735,1555831655000,An Giang,2019-04-21 07:27:35,0.7822688493204604
9.790258,0.000118,52.432275,19.1654548634,0.729523,0.0,S2A_MSIL2A_20190421T031541_N0211_R118_T48PXS_20190421T072735,1555831655000,Soc Trang,2019-04-21 07:27:35,0.4151467645672465
9.790258,0.000118,52.432275,19.1654548634,0.729523,0.0,S2A_MSIL2A_20190421T031541_N0211_R118_T48PXS_20190421T072735,1555831655000,Tra Vinh,2019-04-21 07:27:35,0.3660479077929857
9.790258,0.000118,52.432275,19.1654548634,0.729523,0.0,S2A_MSIL2A_20190421T031541_N0211_R118_T48PXS_20190421T072735,1555831655000,Vinh Long,2019-04-21 07:27:35,0.2988537476429852
9.790258,0.000118,52.432275,19.1654548634,0.729523,0.0,S2A_MSIL2A_20190421T031541_N0211_R118_T48PXS_20190421T072735,1555831655000,Ben Tre,2019-04-21 07:27:35,0.16500041989728706
9.790258,0.000118,52.432275,19.1654548634,0.729523,0.0,S2A_MSIL2A_20190421T031541_N0211_R118_T48PXS_20190421T072735,1555831655000,Dong Thap,2019-04-21 07:27:35,0.3759669468641937
9.790258,0.000118,52.432275,19.1654548634,0.729523,0.0,S2A_MSIL2A_20190421T031541_N0211_R118_T48PXS_20190421T072735,1555831655000,Long An,2019-04-21 07:27:35,0.2237432698523175
9.790258,0.000118,52.432275,19.1654548634,0.729523,0.0,S2A_MSIL2A_20190421T031541_N0211_R118_T48PXS_20190421T072735,1555831655000,Tien Giang,2019-04-21 07:27:35,0.15359019272417765
4.572852,0.059107,57.806164,20.0483535236,3.351022,0.0,S2A_MSIL2A_20190421T031541_N0211_R118_T48PWS_20190421T072735,1555831655000,Soc Trang,2019-04-21 07:27:35,0.4151467645672465
4.572852,0.059107,57.806164,20.0483535236,3.351022,0.0,S2A_MSIL2A_20190421T031541_N0211_R118_T48PWS_20190421T072735,1555831655000,Tra Vinh,2019-04-21 07:27:35,0.3660479077929857
4.572852,0.059107,57.806164,20.0483535236,3.351022,0.0,S2A_MSIL2A_20190421T031541_N0211_R118_T48PWS_20190421T072735,1555831655000,Vinh Long,2019-04-21 07:27:35,0.2988537476429852
4.572852,0.059107,57.806164,20.0483535236,3.351022,0.0,S2A_MSIL2A_20190421T031541_N0211_R118_T48PWS_20190421T072735,1555831655000,Can Tho city,2019-04-21 07:27:35,0.6098389153287277
4.572852,0.059107,57.806164,20.0483535236,3.351022,0.0,S2A_MSIL2A_20190421T031541_N0211_R118_T48PWS_20190421T072735,1555831655000,Hau Giang,2019-04-21 07:27:35,0.5577933924590476
4.572852,0.059107,57.806164,20.0483535236,3.351022,0.0,S2A_MSIL2A_20190421T031541_N0211_R118_T48PWS_20190421T072735,1555831655000,An Giang,2019-04-21 07:27:35,0.7822688493204604
4.572852,0.059107,57.806164,20.0483535236,3.351022,0.0,S2A_MSIL2A_20190421T031541_N0211_R118_T48PWS_20190421T072735,1555831655000,Dong Thap,2019-04-21 07:27:35,0.3759669468641937
4.572852,0.059107,57.806164,20.0483535236,3.351022,0.0,S2A_MSIL2A_20190421T031541_N0211_R118_T48PWS_20190421T072735,1555831655000,Kien Giang,2019-04-21 07:27:35,0.7048908352698374
4.572852,0.059107,57.806164,20.0483535236,3.351022,0.0,S2A_MSIL2A_20190421T031541_N0211_R118_T48PWS_20190421T072735,1555831655000,Long An,2019-04-21 07:27:35,0.2237432698523175
4.572852,0.059107,57.806164,20.0483535236,3.351022,0.0,S2A_MSIL2A_20190421T031541_N0211_R118_T48PWS_20190421T072735,1555831655000,Tien Giang,2019-04-21 07:27:35,0.15359019272417765
22.616355,3.875412,9.798529,20.9317751303,33.87692,0.032465,S2A_MSIL2A_20190421T031541_N0211_R118_T48PVS_20190421T072735,1555831655000,An Giang,2019-04-21 07:27:35,0.7822688493204604
22.616355,3.875412,9.798529,20.9317751303,33.87692,0.032465,S2A_MSIL2A_20190421T031541_N0211_R118_T48PVS_20190421T072735,1555831655000,Kien Giang,2019-04-21 07:27:35,0.7048908352698374
29.831811,6.726726,17.55539,21.8149155889,44.154522,0.137661,S2A_MSIL2A_20190421T031541_N0211_R118_T48PUS_20190421T072735,1555831655000,Kien Giang,2019-04-21 07:27:35,0.7048908352698374
27.065483,2.474653,20.333542,19.2240417895,22.85267,0.000346,S2A_MSIL2A_20190421T031541_N0211_R118_T48PXR_20190421T072735,1555831655000,Soc Trang,2019-04-21 07:27:35,0.4151467645672465
27.065483,2.474653,20.333542,19.2240417895,22.85267,0.000346,S2A_MSIL2A_20190421T031541_N0211_R118_T48PXR_20190421T072735,1555831655000,Tra Vinh,2019-04-21 07:27:35,0.3660479077929857
27.065483,2.474653,20.333542,19.2240417895,22.85267,0.000346,S2A_MSIL2A_20190421T031541_N0211_R118_T48PXR_20190421T072735,1555831655000,Vinh Long,2019-04-21 07:27:35,0.2988537476429852
27.065483,2.474653,20.333542,19.2240417895,22.85267,0.000346,S2A_MSIL2A_20190421T031541_N0211_R118_T48PXR_20190421T072735,1555831655000,Ben Tre,2019-04-21 07:27:35,0.16500041989728706
12.536735,2.710119,27.143013,20.1019384297,12.609339,0.00286,S2A_MSIL2A_20190421T031541_N0211_R118_T48PWR_20190421T072735,1555831655000,Soc Trang,2019-04-21 07:27:35,0.4151467645672465
12.536735,2.710119,27.143013,20.1019384297,12.609339,0.00286,S2A_MSIL2A_20190421T031541_N0211_R118_T48PWR_20190421T072735,1555831655000,Tra Vinh,2019-04-21 07:27:35,0.3660479077929857
12.536735,2.710119,27.143013,20.1019384297,12.609339,0.00286,S2A_MSIL2A_20190421T031541_N0211_R118_T48PWR_20190421T072735,1555831655000,Vinh Long,2019-04-21 07:27:35,0.2988537476429852
12.536735,2.710119,27.143013,20.1019384297,12.609339,0.00286,S2A_MSIL2A_20190421T031541_N0211_R118_T48PWR_20190421T072735,1555831655000,Bac Lieu,2019-04-21 07:27:35,0.4259918758482246
12.536735,2.710119,27.143013,20.1019384297,12.609339,0.00286,S2A_MSIL2A_20190421T031541_N0211_R118_T48PWR_20190421T072735,1555831655000,Ca Mau,2019-04-21 07:27:35,0.6955970170098159
12.536735,2.710119,27.143013,20.1019384297,12.609339,0.00286,S2A_MSIL2A_20190421T031541_N0211_R118_T48PWR_20190421T072735,1555831655000,Can Tho city,2019-04-21 07:27:35,0.6098389153287277
12.536735,2.710119,27.143013,20.1019384297,12.609339,0.00286,S2A_MSIL2A_20190421T031541_N0211_R118_T48PWR_20190421T072735,1555831655000,Hau Giang,2019-04-21 07:27:35,0.5577933924590476
12.536735,2.710119,27.143013,20.1019384297,12.609339,0.00286,S2A_MSIL2A_20190421T031541_N0211_R118_T48PWR_20190421T072735,1555831655000,Kien Giang,2019-04-21 07:27:35,0.7048908352698374
28.023185,19.67871,4.579948,20.9807591756,53.945559,0.0,S2A_MSIL2A_20190421T031541_N0211_R118_T48PVR_20190421T072735,1555831655000,Ca Mau,2019-04-21 07:27:35,0.6955970170098159
28.023185,19.67871,4.579948,20.9807591756,53.945559,0.0,S2A_MSIL2A_20190421T031541_N0211_R118_T48PVR_20190421T072735,1555831655000,Kien Giang,2019-04-21 07:27:35,0.7048908352698374
29.697803,26.467746,0.051021,21.8596528606,70.164073,0.0,S2A_MSIL2A_20190421T031541_N0211_R118_T48PUR_20190421T072735,1555831655000,Kien Giang,2019-04-21 07:27:35,0.7048908352698374
38.970384,26.521006,1.502082,20.1940583059,54.102045,0.001918,S2A_MSIL2A_20190421T031541_N0211_R118_T48PWQ_20190421T072735,1555831655000,Bac Lieu,2019-04-21 07:27:35,0.4259918758482246
38.970384,26.521006,1.502082,20.1940583059,54.102045,0.001918,S2A_MSIL2A_20190421T031541_N0211_R118_T48PWQ_20190421T072735,1555831655000,Ca Mau,2019-04-21 07:27:35,0.6955970170098159
47.416202,39.579317,2.839762,21.0667488621,43.378329,0.0,S2A_MSIL2A_20190421T031541_N0211_R118_T48PVQ_20190421T072735,1555831655000,Ca Mau,2019-04-21 07:27:35,0.6955970170098159
14.449115,4.820107,47.684583,21.4696591927,1.284963,0.0,S2B_MSIL2A_20190423T030549_N0211_R075_T48PXT_20190423T071400,1556003640000,Long An,2019-04-23 07:14:00,0.28287660489074723
10.431648,4.102201,27.686214,21.5156694009,22.537512,0.046006,S2B_MSIL2A_20190423T030549_N0211_R075_T48PXS_20190423T071400,1556003640000,Tra Vinh,2019-04-23 07:14:00,0.24929604586999346
10.431648,4.102201,27.686214,21.5156694009,22.537512,0.046006,S2B_MSIL2A_20190423T030549_N0211_R075_T48PXS_20190423T071400,1556003640000,Ben Tre,2019-04-23 07:14:00,0.15267950112986992
10.431648,4.102201,27.686214,21.5156694009,22.537512,0.046006,S2B_MSIL2A_20190423T030549_N0211_R075_T48PXS_20190423T071400,1556003640000,Long An,2019-04-23 07:14:00,0.28287660489074723
10.431648,4.102201,27.686214,21.5156694009,22.537512,0.046006,S2B_MSIL2A_20190423T030549_N0211_R075_T48PXS_20190423T071400,1556003640000,Tien Giang,2019-04-23 07:14:00,0.14478811831812544
24.333508,18.14601,3.412958,21.5971204467,61.131477,6.2e-05,S2B_MSIL2A_20190423T030549_N0211_R075_T48PXR_20190423T071400,1556003640000,Soc Trang,2019-04-23 07:14:00,0.4294736847057201
24.333508,18.14601,3.412958,21.5971204467,61.131477,6.2e-05,S2B_MSIL2A_20190423T030549_N0211_R075_T48PXR_20190423T071400,1556003640000,Tra Vinh,2019-04-23 07:14:00,0.24929604586999346
24.333508,18.14601,3.412958,21.5971204467,61.131477,6.2e-05,S2B_MSIL2A_20190423T030549_N0211_R075_T48PXR_20190423T071400,1556003640000,Vinh Long,2019-04-23 07:14:00,0.15800192233086216
24.333508,18.14601,3.412958,21.5971204467,61.131477,6.2e-05,S2B_MSIL2A_20190423T030549_N0211_R075_T48PXR_20190423T071400,1556003640000,Ben Tre,2019-04-23 07:14:00,0.15267950112986992
34.120806,0.676937,32.415929,18.9574440106,0.202573,0.0,S2B_MSIL2A_20190426T031549_N0211_R118_T48PXT_20190426T072234,1556263354000,Dong Thap,2019-04-26 07:22:34,2.0314895908235
34.120806,0.676937,32.415929,18.9574440106,0.202573,0.0,S2B_MSIL2A_20190426T031549_N0211_R118_T48PXT_20190426T072234,1556263354000,Long An,2019-04-26 07:22:34,2.3496435512125218
49.142518,4.745756,7.631639,20.7143738301,0.358736,0.0,S2B_MSIL2A_20190426T031549_N0211_R118_T48PVT_20190426T072234,1556263354000,An Giang,2019-04-26 07:22:34,2.038099832748404
38.162469,22.736837,13.740203,19.2949756219,43.446216,0.001326,S2B_MSIL2A_20190429T032549_N0211_R018_T48PUS_20190429T073720,1556523440000,Kien Giang,2019-04-29 07:37:20,5.576542835577787
21.925156,1.475227,42.461634,18.977960391,0.782717,0.0,S2A_MSIL2A_20190501T031541_N0211_R118_T48PXT_20190501T071150,1556694710000,Dong Thap,2019-05-01 07:11:50,3.4048268101519406
21.925156,1.475227,42.461634,18.977960391,0.782717,0.0,S2A_MSIL2A_20190501T031541_N0211_R118_T48PXT_20190501T071150,1556694710000,Long An,2019-05-01 07:11:50,4.017394522151822
32.213283,9.813357,25.113276,19.8419804295,0.946105,0.0,S2A_MSIL2A_20190501T031541_N0211_R118_T48PWT_20190501T071150,1556694710000,An Giang,2019-05-01 07:11:50,3.6889193622246808
32.213283,9.813357,25.113276,19.8419804295,0.946105,0.0,S2A_MSIL2A_20190501T031541_N0211_R118_T48PWT_20190501T071150,1556694710000,Dong Thap,2019-05-01 07:11:50,3.4048268101519406
32.213283,9.813357,25.113276,19.8419804295,0.946105,0.0,S2A_MSIL2A_20190501T031541_N0211_R118_T48PWT_20190501T071150,1556694710000,Long An,2019-05-01 07:11:50,4.017394522151822
34.413028,10.174738,32.126868,19.1524838793,1.190049,0.01974,S2A_MSIL2A_20190501T031541_N0211_R118_T48PXS_20190501T071150,1556694710000,Soc Trang,2019-05-01 07:11:50,5.080676334789494
34.413028,10.174738,32.126868,19.1524838793,1.190049,0.01974,S2A_MSIL2A_20190501T031541_N0211_R118_T48PXS_20190501T071150,1556694710000,Tra Vinh,2019-05-01 07:11:50,3.558905605558698
34.413028,10.174738,32.126868,19.1524838793,1.190049,0.01974,S2A_MSIL2A_20190501T031541_N0211_R118_T48PXS_20190501T071150,1556694710000,Vinh Long,2019-05-01 07:11:50,3.298814633385907
34.413028,10.174738,32.126868,19.1524838793,1.190049,0.01974,S2A_MSIL2A_20190501T031541_N0211_R118_T48PXS_20190501T071150,1556694710000,Ben Tre,2019-05-01 07:11:50,3.2412659883067447
34.413028,10.174738,32.126868,19.1524838793,1.190049,0.01974,S2A_MSIL2A_20190501T031541_N0211_R118_T48PXS_20190501T071150,1556694710000,Dong Thap,2019-05-01 07:11:50,3.4048268101519406
34.413028,10.174738,32.126868,19.1524838793,1.190049,0.01974,S2A_MSIL2A_20190501T031541_N0211_R118_T48PXS_20190501T071150,1556694710000,Long An,2019-05-01 07:11:50,4.017394522151822
34.413028,10.174738,32.126868,19.1524838793,1.190049,0.01974,S2A_MSIL2A_20190501T031541_N0211_R118_T48PXS_20190501T071150,1556694710000,Tien Giang,2019-05-01 07:11:50,3.8973981010420435
33.986237,13.993636,40.268475,20.006749826,1.729848,0.0,S2A_MSIL2A_20190501T031541_N0211_R118_T48PWS_20190501T071150,1556694710000,Soc Trang,2019-05-01 07:11:50,5.080676334789494
33.986237,13.993636,40.268475,20.006749826,1.729848,0.0,S2A_MSIL2A_20190501T031541_N0211_R118_T48PWS_20190501T071150,1556694710000,Tra Vinh,2019-05-01 07:11:50,3.558905605558698
33.986237,13.993636,40.268475,20.006749826,1.729848,0.0,S2A_MSIL2A_20190501T031541_N0211_R118_T48PWS_20190501T071150,1556694710000,Vinh Long,2019-05-01 07:11:50,3.298814633385907
33.986237,13.993636,40.268475,20.006749826,1.729848,0.0,S2A_MSIL2A_20190501T031541_N0211_R118_T48PWS_20190501T071150,1556694710000,Can Tho city,2019-05-01 07:11:50,3.197787967731616
33.986237,13.993636,40.268475,20.006749826,1.729848,0.0,S2A_MSIL2A_20190501T031541_N0211_R118_T48PWS_20190501T071150,1556694710000,Hau Giang,2019-05-01 07:11:50,5.028056145920913
33.986237,13.993636,40.268475,20.006749826,1.729848,0.0,S2A_MSIL2A_20190501T031541_N0211_R118_T48PWS_20190501T071150,1556694710000,An Giang,2019-05-01 07:11:50,3.6889193622246808
33.986237,13.993636,40.268475,20.006749826,1.729848,0.0,S2A_MSIL2A_20190501T031541_N0211_R118_T48PWS_20190501T071150,1556694710000,Dong Thap,2019-05-01 07:11:50,3.4048268101519406
33.986237,13.993636,40.268475,20.006749826,1.729848,0.0,S2A_MSIL2A_20190501T031541_N0211_R118_T48PWS_20190501T071150,1556694710000,Kien Giang,2019-05-01 07:11:50,5.212374772780087
33.986237,13.993636,40.268475,20.006749826,1.729848,0.0,S2A_MSIL2A_20190501T031541_N0211_R118_T48PWS_20190501T071150,1556694710000,Long An,2019-05-01 07:11:50,4.017394522151822
33.986237,13.993636,40.268475,20.006749826,1.729848,0.0,S2A_MSIL2A_20190501T031541_N0211_R118_T48PWS_20190501T071150,1556694710000,Tien Giang,2019-05-01 07:11:50,3.8973981010420435
33.367451,26.76447,14.106476,20.8638358799,26.477641,0.001344,S2A_MSIL2A_20190501T031541_N0211_R118_T48PVS_20190501T071150,1556694710000,An Giang,2019-05-01 07:11:50,3.6889193622246808
33.367451,26.76447,14.106476,20.8638358799,26.477641,0.001344,S2A_MSIL2A_20190501T031541_N0211_R118_T48PVS_20190501T071150,1556694710000,Kien Giang,2019-05-01 07:11:50,5.212374772780087
28.450107,22.397992,21.808027,21.7226871894,45.604482,0.0,S2A_MSIL2A_20190501T031541_N0211_R118_T48PUS_20190501T071150,1556694710000,Kien Giang,2019-05-01 07:11:50,5.212374772780087
47.309373,7.404532,4.135532,19.4810567077,42.936778,1.642252,S2A_MSIL2A_20190504T032541_N0211_R018_T48PUS_20190504T074456,1556955896000,Kien Giang,2019-05-04 07:44:56,5.964219994999066
32.75758,20.033765,0.104017,19.7256792996,67.104995,0.0,S2A_MSIL2A_20190504T032541_N0211_R018_T48PUR_20190504T074456,1556955896000,Kien Giang,2019-05-04 07:44:56,5.964219994999066
24.243411,0.902397,43.709496,19.1255706506791,0.19679,0.0,S2B_MSIL2A_20190506T031549_N0212_R118_T48PXT_20190521T170459,1558458299000,Dong Thap,2019-05-21 17:04:59,6.5053020832490525
24.243411,0.902397,43.709496,19.1255706506791,0.19679,0.0,S2B_MSIL2A_20190506T031549_N0212_R118_T48PXT_20190521T170459,1558458299000,Long An,2019-05-21 17:04:59,7.6371776429174405
11.656145,2.98326,34.763083,19.9712991596688,1.263265,0.0,S2B_MSIL2A_20190506T031549_N0212_R118_T48PWT_20190521T170459,1558458299000,An Giang,2019-05-21 17:04:59,6.478934859071832
11.656145,2.98326,34.763083,19.9712991596688,1.263265,0.0,S2B_MSIL2A_20190506T031549_N0212_R118_T48PWT_20190521T170459,1558458299000,Dong Thap,2019-05-21 17:04:59,6.5053020832490525
11.656145,2.98326,34.763083,19.9712991596688,1.263265,0.0,S2B_MSIL2A_20190506T031549_N0212_R118_T48PWT_20190521T170459,1558458299000,Long An,2019-05-21 17:04:59,7.6371776429174405
7.617478,2.491526,33.364782,20.8205279584307,1.019109,0.0,S2B_MSIL2A_20190506T031549_N0212_R118_T48PVT_20190521T170459,1558458299000,An Giang,2019-05-21 17:04:59,6.478934859071832
24.5277,13.814706,17.574601,21.0400377916125,28.948361,0.006911,S2B_MSIL2A_20190506T031549_N0212_R118_T48PVS_20190521T170459,1558458299000,An Giang,2019-05-21 17:04:59,6.478934859071832
24.5277,13.814706,17.574601,21.0400377916125,28.948361,0.006911,S2B_MSIL2A_20190506T031549_N0212_R118_T48PVS_20190521T170459,1558458299000,Kien Giang,2019-05-21 17:04:59,6.868142299874656
38.702763,13.442299,13.747981,21.8811147230533,39.929676,1.649099,S2B_MSIL2A_20190506T031549_N0212_R118_T48PUS_20190521T170459,1558458299000,Kien Giang,2019-05-21 17:04:59,6.868142299874656
20.952284,19.996288,0.041107,22.1234796067787,78.99977,0.0,S2B_MSIL2A_20190506T031549_N0212_R118_T48PUR_20190521T170459,1558458299000,Kien Giang,2019-05-21 17:04:59,6.868142299874656
31.678628,19.08301,0.619616,20.7691591997794,65.889907,0.059724,S2B_MSIL2A_20190506T031549_N0212_R118_T48PWQ_20190521T170459,1558458299000,Bac Lieu,2019-05-21 17:04:59,6.247226300086616
31.678628,19.08301,0.619616,20.7691591997794,65.889907,0.059724,S2B_MSIL2A_20190506T031549_N0212_R118_T48PWQ_20190521T170459,1558458299000,Ca Mau,2019-05-21 17:04:59,6.7800962961947455
46.531734,22.838527,2.184485,21.5813216524517,46.156809,0.082956,S2B_MSIL2A_20190506T031549_N0212_R118_T48PVQ_20190521T170459,1558458299000,Ca Mau,2019-05-21 17:04:59,6.7800962961947455
48.09615,21.285425,0.07478,22.0707499220126,51.566714,0.0,S2A_MSIL2A_20190508T030551_N0212_R075_T48PXR_20190520T185833,1558378713000,Soc Trang,2019-05-20 18:58:33,7.6675451499995555
48.09615,21.285425,0.07478,22.0707499220126,51.566714,0.0,S2A_MSIL2A_20190508T030551_N0212_R075_T48PXR_20190520T185833,1558378713000,Tra Vinh,2019-05-20 18:58:33,6.230088601305847
48.09615,21.285425,0.07478,22.0707499220126,51.566714,0.0,S2A_MSIL2A_20190508T030551_N0212_R075_T48PXR_20190520T185833,1558378713000,Vinh Long,2019-05-20 18:58:33,5.673761826671967
48.09615,21.285425,0.07478,22.0707499220126,51.566714,0.0,S2A_MSIL2A_20190508T030551_N0212_R075_T48PXR_20190520T185833,1558378713000,Ben Tre,2019-05-20 18:58:33,5.170838808702464
30.049985,0.790331,40.16884,19.7363478085,1.377718,1.548353,S2A_MSIL2A_20190511T031541_N0212_R118_T48PXS_20190511T073816,1557560296000,Soc Trang,2019-05-11 07:38:16,7.632649923247208
30.049985,0.790331,40.16884,19.7363478085,1.377718,1.548353,S2A_MSIL2A_20190511T031541_N0212_R118_T48PXS_20190511T073816,1557560296000,Tra Vinh,2019-05-11 07:38:16,6.10753076818193
30.049985,0.790331,40.16884,19.7363478085,1.377718,1.548353,S2A_MSIL2A_20190511T031541_N0212_R118_T48PXS_20190511T073816,1557560296000,Vinh Long,2019-05-11 07:38:16,5.219814411783632
30.049985,0.790331,40.16884,19.7363478085,1.377718,1.548353,S2A_MSIL2A_20190511T031541_N0212_R118_T48PXS_20190511T073816,1557560296000,Ben Tre,2019-05-11 07:38:16,5.408022579926448
30.049985,0.790331,40.16884,19.7363478085,1.377718,1.548353,S2A_MSIL2A_20190511T031541_N0212_R118_T48PXS_20190511T073816,1557560296000,Dong Thap,2019-05-11 07:38:16,6.630063733948348
30.049985,0.790331,40.16884,19.7363478085,1.377718,1.548353,S2A_MSIL2A_20190511T031541_N0212_R118_T48PXS_20190511T073816,1557560296000,Long An,2019-05-11 07:38:16,6.998125024889794
30.049985,0.790331,40.16884,19.7363478085,1.377718,1.548353,S2A_MSIL2A_20190511T031541_N0212_R118_T48PXS_20190511T073816,1557560296000,Tien Giang,2019-05-11 07:38:16,5.794620377035433
17.269455,1.309113,58.044213,20.5475813897,2.69168,0.0,S2A_MSIL2A_20190511T031541_N0212_R118_T48PWS_20190511T073816,1557560296000,Soc Trang,2019-05-11 07:38:16,7.632649923247208
17.269455,1.309113,58.044213,20.5475813897,2.69168,0.0,S2A_MSIL2A_20190511T031541_N0212_R118_T48PWS_20190511T073816,1557560296000,Tra Vinh,2019-05-11 07:38:16,6.10753076818193
17.269455,1.309113,58.044213,20.5475813897,2.69168,0.0,S2A_MSIL2A_20190511T031541_N0212_R118_T48PWS_20190511T073816,1557560296000,Vinh Long,2019-05-11 07:38:16,5.219814411783632
17.269455,1.309113,58.044213,20.5475813897,2.69168,0.0,S2A_MSIL2A_20190511T031541_N0212_R118_T48PWS_20190511T073816,1557560296000,Can Tho city,2019-05-11 07:38:16,6.619751724661724
17.269455,1.309113,58.044213,20.5475813897,2.69168,0.0,S2A_MSIL2A_20190511T031541_N0212_R118_T48PWS_20190511T073816,1557560296000,Hau Giang,2019-05-11 07:38:16,6.832485795315843
17.269455,1.309113,58.044213,20.5475813897,2.69168,0.0,S2A_MSIL2A_20190511T031541_N0212_R118_T48PWS_20190511T073816,1557560296000,An Giang,2019-05-11 07:38:16,7.669493631593446
17.269455,1.309113,58.044213,20.5475813897,2.69168,0.0,S2A_MSIL2A_20190511T031541_N0212_R118_T48PWS_20190511T073816,1557560296000,Dong Thap,2019-05-11 07:38:16,6.630063733948348
17.269455,1.309113,58.044213,20.5475813897,2.69168,0.0,S2A_MSIL2A_20190511T031541_N0212_R118_T48PWS_20190511T073816,1557560296000,Kien Giang,2019-05-11 07:38:16,10.20254449456594
17.269455,1.309113,58.044213,20.5475813897,2.69168,0.0,S2A_MSIL2A_20190511T031541_N0212_R118_T48PWS_20190511T073816,1557560296000,Long An,2019-05-11 07:38:16,6.998125024889794
17.269455,1.309113,58.044213,20.5475813897,2.69168,0.0,S2A_MSIL2A_20190511T031541_N0212_R118_T48PWS_20190511T073816,1557560296000,Tien Giang,2019-05-11 07:38:16,5.794620377035433
43.499457,15.973975,2.132654,21.6727129759,45.397359,0.0,S2A_MSIL2A_20190511T031541_N0212_R118_T48PVR_20190511T073816,1557560296000,Ca Mau,2019-05-11 07:38:16,9.262505257417367
43.499457,15.973975,2.132654,21.6727129759,45.397359,0.0,S2A_MSIL2A_20190511T031541_N0212_R118_T48PVR_20190511T073816,1557560296000,Kien Giang,2019-05-11 07:38:16,10.20254449456594
28.517101,2.404363,40.522316,21.8179623956,0.932639,0.0,S2B_MSIL2A_20190513T030549_N0212_R075_T48PXT_20190513T071415,1557731655000,Long An,2019-05-13 07:14:15,6.01636342951474
48.680764,12.606996,14.58531,22.1108230878,10.018532,0.175075,S2B_MSIL2A_20190513T030549_N0212_R075_T48PXS_20190513T071415,1557731655000,Tra Vinh,2019-05-13 07:14:15,3.0901386949927807
48.680764,12.606996,14.58531,22.1108230878,10.018532,0.175075,S2B_MSIL2A_20190513T030549_N0212_R075_T48PXS_20190513T071415,1557731655000,Ben Tre,2019-05-13 07:14:15,3.274878434895537
48.680764,12.606996,14.58531,22.1108230878,10.018532,0.175075,S2B_MSIL2A_20190513T030549_N0212_R075_T48PXS_20190513T071415,1557731655000,Long An,2019-05-13 07:14:15,6.01636342951474
48.680764,12.606996,14.58531,22.1108230878,10.018532,0.175075,S2B_MSIL2A_20190513T030549_N0212_R075_T48PXS_20190513T071415,1557731655000,Tien Giang,2019-05-13 07:14:15,4.76288387628789
23.488765,11.253674,1.440304,22.4341029594,70.621616,0.001345,S2B_MSIL2A_20190513T030549_N0212_R075_T48PXR_20190513T071415,1557731655000,Soc Trang,2019-05-13 07:14:15,4.149362907011124
23.488765,11.253674,1.440304,22.4341029594,70.621616,0.001345,S2B_MSIL2A_20190513T030549_N0212_R075_T48PXR_20190513T071415,1557731655000,Tra Vinh,2019-05-13 07:14:15,3.0901386949927807
23.488765,11.253674,1.440304,22.4341029594,70.621616,0.001345,S2B_MSIL2A_20190513T030549_N0212_R075_T48PXR_20190513T071415,1557731655000,Vinh Long,2019-05-13 07:14:15,4.417382371654848
23.488765,11.253674,1.440304,22.4341029594,70.621616,0.001345,S2B_MSIL2A_20190513T030549_N0212_R075_T48PXR_20190513T071415,1557731655000,Ben Tre,2019-05-13 07:14:15,3.274878434895537
28.288407,6.628899,0.176243,20.5412879896,71.521795,0.0,S2A_MSIL2A_20190514T032541_N0212_R018_T48PUR_20190514T090135,1557824495000,Kien Giang,2019-05-14 09:01:35,4.812700667467314
32.572579,3.825404,11.934335,20.5396563169,28.214407,1.79301,S2B_MSIL2A_20190516T031549_N0212_R118_T48PXR_20190516T072149,1557991309000,Soc Trang,2019-05-16 07:21:49,3.8112028159588776
32.572579,3.825404,11.934335,20.5396563169,28.214407,1.79301,S2B_MSIL2A_20190516T031549_N0212_R118_T48PXR_20190516T072149,1557991309000,Tra Vinh,2019-05-16 07:21:49,2.5545836126941626
32.572579,3.825404,11.934335,20.5396563169,28.214407,1.79301,S2B_MSIL2A_20190516T031549_N0212_R118_T48PXR_20190516T072149,1557991309000,Vinh Long,2019-05-16 07:21:49,4.39481724430442
32.572579,3.825404,11.934335,20.5396563169,28.214407,1.79301,S2B_MSIL2A_20190516T031549_N0212_R118_T48PXR_20190516T072149,1557991309000,Ben Tre,2019-05-16 07:21:49,2.920332636086019
30.501851,5.611658,17.939705,21.312601296,11.723599,1.231685,S2B_MSIL2A_20190516T031549_N0212_R118_T48PWR_20190516T072149,1557991309000,Soc Trang,2019-05-16 07:21:49,3.8112028159588776
30.501851,5.611658,17.939705,21.312601296,11.723599,1.231685,S2B_MSIL2A_20190516T031549_N0212_R118_T48PWR_20190516T072149,1557991309000,Tra Vinh,2019-05-16 07:21:49,2.5545836126941626
30.501851,5.611658,17.939705,21.312601296,11.723599,1.231685,S2B_MSIL2A_20190516T031549_N0212_R118_T48PWR_20190516T072149,1557991309000,Vinh Long,2019-05-16 07:21:49,4.39481724430442
30.501851,5.611658,17.939705,21.312601296,11.723599,1.231685,S2B_MSIL2A_20190516T031549_N0212_R118_T48PWR_20190516T072149,1557991309000,Bac Lieu,2019-05-16 07:21:49,4.5938586114757465
30.501851,5.611658,17.939705,21.312601296,11.723599,1.231685,S2B_MSIL2A_20190516T031549_N0212_R118_T48PWR_20190516T072149,1557991309000,Ca Mau,2019-05-16 07:21:49,4.438543782542818
30.501851,5.611658,17.939705,21.312601296,11.723599,1.231685,S2B_MSIL2A_20190516T031549_N0212_R118_T48PWR_20190516T072149,1557991309000,Can Tho city,2019-05-16 07:21:49,4.895334402490095
30.501851,5.611658,17.939705,21.312601296,11.723599,1.231685,S2B_MSIL2A_20190516T031549_N0212_R118_T48PWR_20190516T072149,1557991309000,Hau Giang,2019-05-16 07:21:49,4.092996928220529
30.501851,5.611658,17.939705,21.312601296,11.723599,1.231685,S2B_MSIL2A_20190516T031549_N0212_R118_T48PWR_20190516T072149,1557991309000,Kien Giang,2019-05-16 07:21:49,3.5815640088672236
25.960618,15.438974,1.085849,21.7117008344,67.915517,0.964619,S2B_MSIL2A_20190516T031549_N0212_R118_T48PWQ_20190516T072149,1557991309000,Bac Lieu,2019-05-16 07:21:49,4.5938586114757465
25.960618,15.438974,1.085849,21.7117008344,67.915517,0.964619,S2B_MSIL2A_20190516T031549_N0212_R118_T48PWQ_20190516T072149,1557991309000,Ca Mau,2019-05-16 07:21:49,4.438543782542818
41.6651,8.911044,17.432381,22.5321646241,13.923143,0.008394,S2A_MSIL2A_20190518T030551_N0212_R075_T48PXS_20190518T073920,1558165160000,Tra Vinh,2019-05-18 07:39:20,3.794579435713947
41.6651,8.911044,17.432381,22.5321646241,13.923143,0.008394,S2A_MSIL2A_20190518T030551_N0212_R075_T48PXS_20190518T073920,1558165160000,Ben Tre,2019-05-18 07:39:20,4.349315141515759
41.6651,8.911044,17.432381,22.5321646241,13.923143,0.008394,S2A_MSIL2A_20190518T030551_N0212_R075_T48PXS_20190518T073920,1558165160000,Long An,2019-05-18 07:39:20,6.384543606568932
41.6651,8.911044,17.432381,22.5321646241,13.923143,0.008394,S2A_MSIL2A_20190518T030551_N0212_R075_T48PXS_20190518T073920,1558165160000,Tien Giang,2019-05-18 07:39:20,5.828732903062543
32.375559,13.679628,2.107347,22.8970774745,57.36829,0.010336,S2A_MSIL2A_20190518T030551_N0212_R075_T48PXR_20190518T073920,1558165160000,Soc Trang,2019-05-18 07:39:20,5.354403943755112
32.375559,13.679628,2.107347,22.8970774745,57.36829,0.010336,S2A_MSIL2A_20190518T030551_N0212_R075_T48PXR_20190518T073920,1558165160000,Tra Vinh,2019-05-18 07:39:20,3.794579435713947
32.375559,13.679628,2.107347,22.8970774745,57.36829,0.010336,S2A_MSIL2A_20190518T030551_N0212_R075_T48PXR_20190518T073920,1558165160000,Vinh Long,2019-05-18 07:39:20,4.895520609632965
32.375559,13.679628,2.107347,22.8970774745,57.36829,0.010336,S2A_MSIL2A_20190518T030551_N0212_R075_T48PXR_20190518T073920,1558165160000,Ben Tre,2019-05-18 07:39:20,4.349315141515759
22.672278,8.805388,9.728863,20.6320797875,60.876441,0.640925,S2B_MSIL2A_20190519T032549_N0212_R018_T48PUS_20190519T084504,1558255504000,Kien Giang,2019-05-19 08:45:04,7.813929410603772
19.069685,14.768793,0.146371,21.0317498713,80.764264,0.0,S2B_MSIL2A_20190519T032549_N0212_R018_T48PUR_20190519T084504,1558255504000,Kien Giang,2019-05-19 08:45:04,7.813929410603772
29.350965,2.633109,40.634999,20.266329396,0.503977,0.0,S2A_MSIL2A_20190521T031541_N0212_R118_T48PXT_20190521T072549,1558423549000,Dong Thap,2019-05-21 07:25:49,6.5053020832490525
29.350965,2.633109,40.634999,20.266329396,0.503977,0.0,S2A_MSIL2A_20190521T031541_N0212_R118_T48PXT_20190521T072549,1558423549000,Long An,2019-05-21 07:25:49,7.6371776429174405
43.425386,16.028418,22.009239,21.0507059052,0.659052,0.0,S2A_MSIL2A_20190521T031541_N0212_R118_T48PWT_20190521T072549,1558423549000,An Giang,2019-05-21 07:25:49,6.478934859071832
43.425386,16.028418,22.009239,21.0507059052,0.659052,0.0,S2A_MSIL2A_20190521T031541_N0212_R118_T48PWT_20190521T072549,1558423549000,Dong Thap,2019-05-21 07:25:49,6.5053020832490525
43.425386,16.028418,22.009239,21.0507059052,0.659052,0.0,S2A_MSIL2A_20190521T031541_N0212_R118_T48PWT_20190521T072549,1558423549000,Long An,2019-05-21 07:25:49,7.6371776429174405
20.342258,4.527098,34.028184,21.8428015386,0.632612,0.0,S2A_MSIL2A_20190521T031541_N0212_R118_T48PVT_20190521T072549,1558423549000,An Giang,2019-05-21 07:25:49,6.478934859071832
25.353656,3.941186,39.24534,20.6605321254,1.324619,0.026853,S2A_MSIL2A_20190521T031541_N0212_R118_T48PXS_20190521T072549,1558423549000,Tra Vinh,2019-05-21 07:25:49,5.175735382076597
25.353656,3.941186,39.24534,20.6605321254,1.324619,0.026853,S2A_MSIL2A_20190521T031541_N0212_R118_T48PXS_20190521T072549,1558423549000,Vinh Long,2019-05-21 07:25:49,5.232054629367217
25.353656,3.941186,39.24534,20.6605321254,1.324619,0.026853,S2A_MSIL2A_20190521T031541_N0212_R118_T48PXS_20190521T072549,1558423549000,Ben Tre,2019-05-21 07:25:49,5.071593975696524
25.353656,3.941186,39.24534,20.6605321254,1.324619,0.026853,S2A_MSIL2A_20190521T031541_N0212_R118_T48PXS_20190521T072549,1558423549000,Dong Thap,2019-05-21 07:25:49,6.5053020832490525
25.353656,3.941186,39.24534,20.6605321254,1.324619,0.026853,S2A_MSIL2A_20190521T031541_N0212_R118_T48PXS_20190521T072549,1558423549000,Long An,2019-05-21 07:25:49,7.6371776429174405
25.353656,3.941186,39.24534,20.6605321254,1.324619,0.026853,S2A_MSIL2A_20190521T031541_N0212_R118_T48PXS_20190521T072549,1558423549000,Tien Giang,2019-05-21 07:25:49,6.718803964234296
34.802494,10.926031,44.91592,21.4288968609,2.059723,0.0,S2A_MSIL2A_20190521T031541_N0212_R118_T48PWS_20190521T072549,1558423549000,Vinh Long,2019-05-21 07:25:49,5.232054629367217
34.802494,10.926031,44.91592,21.4288968609,2.059723,0.0,S2A_MSIL2A_20190521T031541_N0212_R118_T48PWS_20190521T072549,1558423549000,Can Tho city,2019-05-21 07:25:49,6.6468003748669835
34.802494,10.926031,44.91592,21.4288968609,2.059723,0.0,S2A_MSIL2A_20190521T031541_N0212_R118_T48PWS_20190521T072549,1558423549000,An Giang,2019-05-21 07:25:49,6.478934859071832
34.802494,10.926031,44.91592,21.4288968609,2.059723,0.0,S2A_MSIL2A_20190521T031541_N0212_R118_T48PWS_20190521T072549,1558423549000,Dong Thap,2019-05-21 07:25:49,6.5053020832490525
34.802494,10.926031,44.91592,21.4288968609,2.059723,0.0,S2A_MSIL2A_20190521T031541_N0212_R118_T48PWS_20190521T072549,1558423549000,Kien Giang,2019-05-21 07:25:49,6.868142299874656
34.802494,10.926031,44.91592,21.4288968609,2.059723,0.0,S2A_MSIL2A_20190521T031541_N0212_R118_T48PWS_20190521T072549,1558423549000,Long An,2019-05-21 07:25:49,7.6371776429174405
34.802494,10.926031,44.91592,21.4288968609,2.059723,0.0,S2A_MSIL2A_20190521T031541_N0212_R118_T48PWS_20190521T072549,1558423549000,Tien Giang,2019-05-21 07:25:49,6.718803964234296
38.882635,20.146608,25.270614,22.2059041466,0.046138,0.9497,S2A_MSIL2A_20190521T031541_N0212_R118_T48PVS_20190521T072549,1558423549000,An Giang,2019-05-21 07:25:49,6.478934859071832
38.882635,20.146608,25.270614,22.2059041466,0.046138,0.9497,S2A_MSIL2A_20190521T031541_N0212_R118_T48PVS_20190521T072549,1558423549000,Kien Giang,2019-05-21 07:25:49,6.868142299874656
25.851303,0.677971,52.252871,20.6605321254,2.638167,0.122665,S2A_MSIL2A_20190521T031541_N0212_R118_T48PXS_20190521T074252,1558424572000,Soc Trang,2019-05-21 07:42:52,4.917459060678438
25.851303,0.677971,52.252871,20.6605321254,2.638167,0.122665,S2A_MSIL2A_20190521T031541_N0212_R118_T48PXS_20190521T074252,1558424572000,Tra Vinh,2019-05-21 07:42:52,5.175735382076597
25.851303,0.677971,52.252871,20.6605321254,2.638167,0.122665,S2A_MSIL2A_20190521T031541_N0212_R118_T48PXS_20190521T074252,1558424572000,Vinh Long,2019-05-21 07:42:52,5.232054629367217
25.851303,0.677971,52.252871,20.6605321254,2.638167,0.122665,S2A_MSIL2A_20190521T031541_N0212_R118_T48PXS_20190521T074252,1558424572000,Ben Tre,2019-05-21 07:42:52,5.071593975696524
25.851303,0.677971,52.252871,20.6605321254,2.638167,0.122665,S2A_MSIL2A_20190521T031541_N0212_R118_T48PXS_20190521T074252,1558424572000,Dong Thap,2019-05-21 07:42:52,6.5053020832490525
25.851303,0.677971,52.252871,20.6605321254,2.638167,0.122665,S2A_MSIL2A_20190521T031541_N0212_R118_T48PXS_20190521T074252,1558424572000,Long An,2019-05-21 07:42:52,7.6371776429174405
25.851303,0.677971,52.252871,20.6605321254,2.638167,0.122665,S2A_MSIL2A_20190521T031541_N0212_R118_T48PXS_20190521T074252,1558424572000,Tien Giang,2019-05-21 07:42:52,6.718803964234296
23.771651,2.482365,54.636109,21.4288968609,2.975897,0.0,S2A_MSIL2A_20190521T031541_N0212_R118_T48PWS_20190521T074252,1558424572000,Soc Trang,2019-05-21 07:42:52,4.917459060678438
23.771651,2.482365,54.636109,21.4288968609,2.975897,0.0,S2A_MSIL2A_20190521T031541_N0212_R118_T48PWS_20190521T074252,1558424572000,Tra Vinh,2019-05-21 07:42:52,5.175735382076597
23.771651,2.482365,54.636109,21.4288968609,2.975897,0.0,S2A_MSIL2A_20190521T031541_N0212_R118_T48PWS_20190521T074252,1558424572000,Vinh Long,2019-05-21 07:42:52,5.232054629367217
23.771651,2.482365,54.636109,21.4288968609,2.975897,0.0,S2A_MSIL2A_20190521T031541_N0212_R118_T48PWS_20190521T074252,1558424572000,Can Tho city,2019-05-21 07:42:52,6.6468003748669835
23.771651,2.482365,54.636109,21.4288968609,2.975897,0.0,S2A_MSIL2A_20190521T031541_N0212_R118_T48PWS_20190521T074252,1558424572000,Hau Giang,2019-05-21 07:42:52,5.93837109347101
23.771651,2.482365,54.636109,21.4288968609,2.975897,0.0,S2A_MSIL2A_20190521T031541_N0212_R118_T48PWS_20190521T074252,1558424572000,An Giang,2019-05-21 07:42:52,6.478934859071832
23.771651,2.482365,54.636109,21.4288968609,2.975897,0.0,S2A_MSIL2A_20190521T031541_N0212_R118_T48PWS_20190521T074252,1558424572000,Dong Thap,2019-05-21 07:42:52,6.5053020832490525
23.771651,2.482365,54.636109,21.4288968609,2.975897,0.0,S2A_MSIL2A_20190521T031541_N0212_R118_T48PWS_20190521T074252,1558424572000,Kien Giang,2019-05-21 07:42:52,6.868142299874656
23.771651,2.482365,54.636109,21.4288968609,2.975897,0.0,S2A_MSIL2A_20190521T031541_N0212_R118_T48PWS_20190521T074252,1558424572000,Long An,2019-05-21 07:42:52,7.6371776429174405
23.771651,2.482365,54.636109,21.4288968609,2.975897,0.0,S2A_MSIL2A_20190521T031541_N0212_R118_T48PWS_20190521T074252,1558424572000,Tien Giang,2019-05-21 07:42:52,6.718803964234296
37.839589,14.432018,8.870373,22.2059041466,33.651334,1.651445,S2A_MSIL2A_20190521T031541_N0212_R118_T48PVS_20190521T074252,1558424572000,An Giang,2019-05-21 07:42:52,6.478934859071832
37.839589,14.432018,8.870373,22.2059041466,33.651334,1.651445,S2A_MSIL2A_20190521T031541_N0212_R118_T48PVS_20190521T074252,1558424572000,Kien Giang,2019-05-21 07:42:52,6.868142299874656
37.897922,13.121828,21.035928,22.990014895,36.522466,0.127971,S2A_MSIL2A_20190521T031541_N0212_R118_T48PUS_20190521T074252,1558424572000,Kien Giang,2019-05-21 07:42:52,6.868142299874656
28.481939,11.507653,3.025249,22.5975923376,60.237306,0.0,S2A_MSIL2A_20190521T031541_N0212_R118_T48PVR_20190521T074252,1558424572000,Ca Mau,2019-05-21 07:42:52,6.7800962961947455
28.481939,11.507653,3.025249,22.5975923376,60.237306,0.0,S2A_MSIL2A_20190521T031541_N0212_R118_T48PVR_20190521T074252,1558424572000,Kien Giang,2019-05-21 07:42:52,6.868142299874656
29.914065,12.257788,0.010393,23.3670312717,70.069313,0.0,S2A_MSIL2A_20190521T031541_N0212_R118_T48PUR_20190521T074252,1558424572000,Kien Giang,2019-05-21 07:42:52,6.868142299874656
40.226083,28.456828,0.489524,22.2712755362,57.399035,0.491737,S2A_MSIL2A_20190521T031541_N0212_R118_T48PWQ_20190521T074252,1558424572000,Bac Lieu,2019-05-21 07:42:52,6.247226300086616
40.226083,28.456828,0.489524,22.2712755362,57.399035,0.491737,S2A_MSIL2A_20190521T031541_N0212_R118_T48PWQ_20190521T074252,1558424572000,Ca Mau,2019-05-21 07:42:52,6.7800962961947455
35.88085,23.369448,1.995574,23.0169525904,57.896715,0.625761,S2A_MSIL2A_20190521T031541_N0212_R118_T48PVQ_20190521T074252,1558424572000,Ca Mau,2019-05-21 07:42:52,6.7800962961947455
34.894464,1.33168,39.02812,20.7264159706,0.423844,0.0,S2B_MSIL2A_20190526T031549_N0212_R118_T48PXT_20190526T082540,1558859140000,Dong Thap,2019-05-26 08:25:40,7.693627068080741
34.894464,1.33168,39.02812,20.7264159706,0.423844,0.0,S2B_MSIL2A_20190526T031549_N0212_R118_T48PXT_20190526T082540,1558859140000,Long An,2019-05-26 08:25:40,8.00613186253377
38.631646,6.871773,27.134183,21.4929826531,0.616969,0.0,S2B_MSIL2A_20190526T031549_N0212_R118_T48PWT_20190526T082540,1558859140000,An Giang,2019-05-26 08:25:40,7.248802543931364
38.631646,6.871773,27.134183,21.4929826531,0.616969,0.0,S2B_MSIL2A_20190526T031549_N0212_R118_T48PWT_20190526T082540,1558859140000,Dong Thap,2019-05-26 08:25:40,7.693627068080741
38.631646,6.871773,27.134183,21.4929826531,0.616969,0.0,S2B_MSIL2A_20190526T031549_N0212_R118_T48PWT_20190526T082540,1558859140000,Long An,2019-05-26 08:25:40,8.00613186253377
40.199566,8.899859,26.347956,22.2682906258,0.68176,0.0,S2B_MSIL2A_20190526T031549_N0212_R118_T48PVT_20190526T082540,1558859140000,An Giang,2019-05-26 08:25:40,7.248802543931364
32.624401,2.869678,37.689054,21.1535655134,1.436138,0.083131,S2B_MSIL2A_20190526T031549_N0212_R118_T48PXS_20190526T082540,1558859140000,Soc Trang,2019-05-26 08:25:40,7.653437502870314
32.624401,2.869678,37.689054,21.1535655134,1.436138,0.083131,S2B_MSIL2A_20190526T031549_N0212_R118_T48PXS_20190526T082540,1558859140000,Tra Vinh,2019-05-26 08:25:40,5.754010091109772
32.624401,2.869678,37.689054,21.1535655134,1.436138,0.083131,S2B_MSIL2A_20190526T031549_N0212_R118_T48PXS_20190526T082540,1558859140000,Vinh Long,2019-05-26 08:25:40,8.72755525419127
32.624401,2.869678,37.689054,21.1535655134,1.436138,0.083131,S2B_MSIL2A_20190526T031549_N0212_R118_T48PXS_20190526T082540,1558859140000,Ben Tre,2019-05-26 08:25:40,7.104350470463808
32.624401,2.869678,37.689054,21.1535655134,1.436138,0.083131,S2B_MSIL2A_20190526T031549_N0212_R118_T48PXS_20190526T082540,1558859140000,Dong Thap,2019-05-26 08:25:40,7.693627068080741
32.624401,2.869678,37.689054,21.1535655134,1.436138,0.083131,S2B_MSIL2A_20190526T031549_N0212_R118_T48PXS_20190526T082540,1558859140000,Long An,2019-05-26 08:25:40,8.00613186253377
32.624401,2.869678,37.689054,21.1535655134,1.436138,0.083131,S2B_MSIL2A_20190526T031549_N0212_R118_T48PXS_20190526T082540,1558859140000,Tien Giang,2019-05-26 08:25:40,8.473973653527578
45.445926,8.725236,19.880186,22.341658645,5.050657,1.342381,S2B_MSIL2A_20190526T031549_N0212_R118_T48PWR_20190526T082540,1558859140000,Soc Trang,2019-05-26 08:25:40,7.653437502870314
45.445926,8.725236,19.880186,22.341658645,5.050657,1.342381,S2B_MSIL2A_20190526T031549_N0212_R118_T48PWR_20190526T082540,1558859140000,Tra Vinh,2019-05-26 08:25:40,5.754010091109772
45.445926,8.725236,19.880186,22.341658645,5.050657,1.342381,S2B_MSIL2A_20190526T031549_N0212_R118_T48PWR_20190526T082540,1558859140000,Vinh Long,2019-05-26 08:25:40,8.72755525419127
45.445926,8.725236,19.880186,22.341658645,5.050657,1.342381,S2B_MSIL2A_20190526T031549_N0212_R118_T48PWR_20190526T082540,1558859140000,Bac Lieu,2019-05-26 08:25:40,7.63466296787382
45.445926,8.725236,19.880186,22.341658645,5.050657,1.342381,S2B_MSIL2A_20190526T031549_N0212_R118_T48PWR_20190526T082540,1558859140000,Ca Mau,2019-05-26 08:25:40,6.5347451283125375
45.445926,8.725236,19.880186,22.341658645,5.050657,1.342381,S2B_MSIL2A_20190526T031549_N0212_R118_T48PWR_20190526T082540,1558859140000,Can Tho city,2019-05-26 08:25:40,7.58902313921223
45.445926,8.725236,19.880186,22.341658645,5.050657,1.342381,S2B_MSIL2A_20190526T031549_N0212_R118_T48PWR_20190526T082540,1558859140000,Hau Giang,2019-05-26 08:25:40,8.489776373334584
45.445926,8.725236,19.880186,22.341658645,5.050657,1.342381,S2B_MSIL2A_20190526T031549_N0212_R118_T48PWR_20190526T082540,1558859140000,Kien Giang,2019-05-26 08:25:40,7.807478344093809
27.403024,11.121623,54.098791,21.2293361759,0.840739,0.0,S2A_MSIL2A_20190531T031541_N0212_R118_T48PXT_20190531T085136,1559292696000,Dong Thap,2019-05-31 08:51:36,6.681475637883691
27.403024,11.121623,54.098791,21.2293361759,0.840739,0.0,S2A_MSIL2A_20190531T031541_N0212_R118_T48PXT_20190531T085136,1559292696000,Long An,2019-05-31 08:51:36,7.1985366232784385
37.779509,9.523675,22.554675,21.9815870259,0.841421,0.0,S2A_MSIL2A_20190531T031541_N0212_R118_T48PWT_20190531T085136,1559292696000,An Giang,2019-05-31 08:51:36,5.2240448039021725
37.779509,9.523675,22.554675,21.9815870259,0.841421,0.0,S2A_MSIL2A_20190531T031541_N0212_R118_T48PWT_20190531T085136,1559292696000,Dong Thap,2019-05-31 08:51:36,6.681475637883691
37.779509,9.523675,22.554675,21.9815870259,0.841421,0.0,S2A_MSIL2A_20190531T031541_N0212_R118_T48PWT_20190531T085136,1559292696000,Long An,2019-05-31 08:51:36,7.1985366232784385
24.819039,2.489337,34.606603,22.7432937626,0.639001,0.0,S2A_MSIL2A_20190531T031541_N0212_R118_T48PVT_20190531T085136,1559292696000,An Giang,2019-05-31 08:51:36,5.2240448039021725
28.60013,16.560532,16.942273,23.1625489343,29.727641,0.11138,S2A_MSIL2A_20190531T031541_N0212_R118_T48PVS_20190531T085136,1559292696000,An Giang,2019-05-31 08:51:36,5.2240448039021725
28.60013,16.560532,16.942273,23.1625489343,29.727641,0.11138,S2A_MSIL2A_20190531T031541_N0212_R118_T48PVS_20190531T085136,1559292696000,Kien Giang,2019-05-31 08:51:36,6.066898306541801
40.429632,27.269229,23.484963,23.9172358648,31.333205,0.103784,S2A_MSIL2A_20190531T031541_N0212_R118_T48PUS_20190531T085136,1559292696000,Kien Giang,2019-05-31 08:51:36,6.066898306541801
46.440274,34.047222,1.445191,23.6072380411,46.76961,0.0,S2A_MSIL2A_20190531T031541_N0212_R118_T48PVR_20190531T085136,1559292696000,Ca Mau,2019-05-31 08:51:36,6.1842414033589845
46.440274,34.047222,1.445191,23.6072380411,46.76961,0.0,S2A_MSIL2A_20190531T031541_N0212_R118_T48PVR_20190531T085136,1559292696000,Kien Giang,2019-05-31 08:51:36,6.066898306541801
43.123561,6.351672,25.274473,22.841671854,0.85088,0.0,S2A_MSIL2A_20190610T031541_N0212_R118_T48PWT_20190610T074010,1560152410000,An Giang,2019-06-10 07:40:10,6.425259533382288
43.123561,6.351672,25.274473,22.841671854,0.85088,0.0,S2A_MSIL2A_20190610T031541_N0212_R118_T48PWT_20190610T074010,1560152410000,Dong Thap,2019-06-10 07:40:10,5.924496672025843
43.123561,6.351672,25.274473,22.841671854,0.85088,0.0,S2A_MSIL2A_20190610T031541_N0212_R118_T48PWT_20190610T074010,1560152410000,Long An,2019-06-10 07:40:10,7.70641837312908
31.048846,2.144841,37.001985,23.5857459647,0.767795,0.0,S2A_MSIL2A_20190610T031541_N0212_R118_T48PVT_20190610T074010,1560152410000,An Giang,2019-06-10 07:40:10,6.425259533382288
37.050546,18.941912,4.239173,25.1916618771,52.188569,0.298924,S2B_MSIL2A_20190612T030549_N0212_R075_T48PXR_20190612T071155,1560323515000,Soc Trang,2019-06-12 07:11:55,10.496615138323815
37.050546,18.941912,4.239173,25.1916618771,52.188569,0.298924,S2B_MSIL2A_20190612T030549_N0212_R075_T48PXR_20190612T071155,1560323515000,Tra Vinh,2019-06-12 07:11:55,7.73961320247011
37.050546,18.941912,4.239173,25.1916618771,52.188569,0.298924,S2B_MSIL2A_20190612T030549_N0212_R075_T48PXR_20190612T071155,1560323515000,Vinh Long,2019-06-12 07:11:55,8.511889380770421
37.050546,18.941912,4.239173,25.1916618771,52.188569,0.298924,S2B_MSIL2A_20190612T030549_N0212_R075_T48PXR_20190612T071155,1560323515000,Ben Tre,2019-06-12 07:11:55,8.325136200019198
30.866151,12.652376,17.3797,22.9859227895,47.972661,0.025717,S2A_MSIL2A_20190613T032541_N0212_R018_T48PUS_20190613T073215,1560411135000,Kien Giang,2019-06-13 07:32:15,11.225330688679042
15.974733,10.912199,0.133154,23.4835759759,83.864272,0.0,S2A_MSIL2A_20190613T032541_N0212_R018_T48PUR_20190613T073215,1560411135000,Kien Giang,2019-06-13 07:32:15,11.225330688679042
34.006947,2.965807,42.210588,22.4475973857,0.636252,0.0,S2B_MSIL2A_20190615T031549_N0212_R118_T48PXT_20190615T082300,1560586980000,Dong Thap,2019-06-15 08:23:00,5.9892429901962805
34.006947,2.965807,42.210588,22.4475973857,0.636252,0.0,S2B_MSIL2A_20190615T031549_N0212_R118_T48PXT_20190615T082300,1560586980000,Long An,2019-06-15 08:23:00,7.3885109318228785
20.864034,4.536542,40.447253,23.1776271945,1.124914,0.0,S2B_MSIL2A_20190615T031549_N0212_R118_T48PWT_20190615T082300,1560586980000,An Giang,2019-06-15 08:23:00,6.9658730214716575
20.864034,4.536542,40.447253,23.1776271945,1.124914,0.0,S2B_MSIL2A_20190615T031549_N0212_R118_T48PWT_20190615T082300,1560586980000,Dong Thap,2019-06-15 08:23:00,5.9892429901962805
20.864034,4.536542,40.447253,23.1776271945,1.124914,0.0,S2B_MSIL2A_20190615T031549_N0212_R118_T48PWT_20190615T082300,1560586980000,Long An,2019-06-15 08:23:00,7.3885109318228785
30.806203,3.115288,30.576557,23.9179035791,0.952539,0.0,S2B_MSIL2A_20190615T031549_N0212_R118_T48PVT_20190615T082300,1560586980000,An Giang,2019-06-15 08:23:00,6.9658730214716575
33.653111,4.339034,20.974337,23.4416187576,23.184974,1.19411,S2B_MSIL2A_20190615T031549_N0212_R118_T48PXR_20190615T082300,1560586980000,Soc Trang,2019-06-15 08:23:00,9.099614925455404
33.653111,4.339034,20.974337,23.4416187576,23.184974,1.19411,S2B_MSIL2A_20190615T031549_N0212_R118_T48PXR_20190615T082300,1560586980000,Tra Vinh,2019-06-15 08:23:00,6.925028505286612
33.653111,4.339034,20.974337,23.4416187576,23.184974,1.19411,S2B_MSIL2A_20190615T031549_N0212_R118_T48PXR_20190615T082300,1560586980000,Vinh Long,2019-06-15 08:23:00,8.731230180096775
33.653111,4.339034,20.974337,23.4416187576,23.184974,1.19411,S2B_MSIL2A_20190615T031549_N0212_R118_T48PXR_20190615T082300,1560586980000,Ben Tre,2019-06-15 08:23:00,7.1836269399998685
33.301166,16.713144,48.216364,22.7413756872,0.755664,0.0,S2A_MSIL2A_20190620T031541_N0212_R118_T48PXT_20190620T072445,1561015485000,Dong Thap,2019-06-20 07:24:45,6.204123168697958
33.301166,16.713144,48.216364,22.7413756872,0.755664,0.0,S2A_MSIL2A_20190620T031541_N0212_R118_T48PXT_20190620T072445,1561015485000,Long An,2019-06-20 07:24:45,7.711905125151866
10.584654,6.009417,53.011191,23.4714574524,1.442417,0.0,S2A_MSIL2A_20190620T031541_N0212_R118_T48PWT_20190620T072445,1561015485000,An Giang,2019-06-20 07:24:45,7.0062310019600895
10.584654,6.009417,53.011191,23.4714574524,1.442417,0.0,S2A_MSIL2A_20190620T031541_N0212_R118_T48PWT_20190620T072445,1561015485000,Dong Thap,2019-06-20 07:24:45,6.204123168697958
10.584654,6.009417,53.011191,23.4714574524,1.442417,0.0,S2A_MSIL2A_20190620T031541_N0212_R118_T48PWT_20190620T072445,1561015485000,Long An,2019-06-20 07:24:45,7.711905125151866
7.781772,3.779736,52.681112,24.2116487536,1.16955,0.0,S2A_MSIL2A_20190620T031541_N0212_R118_T48PVT_20190620T072445,1561015485000,An Giang,2019-06-20 07:24:45,7.0062310019600895
10.007722,5.236153,62.144673,23.2266090488,4.088471,5e-05,S2A_MSIL2A_20190620T031541_N0212_R118_T48PXS_20190620T072445,1561015485000,Soc Trang,2019-06-20 07:24:45,11.240125599883427
10.007722,5.236153,62.144673,23.2266090488,4.088471,5e-05,S2A_MSIL2A_20190620T031541_N0212_R118_T48PXS_20190620T072445,1561015485000,Tra Vinh,2019-06-20 07:24:45,7.006746351351915
10.007722,5.236153,62.144673,23.2266090488,4.088471,5e-05,S2A_MSIL2A_20190620T031541_N0212_R118_T48PXS_20190620T072445,1561015485000,Vinh Long,2019-06-20 07:24:45,6.639148721341978
10.007722,5.236153,62.144673,23.2266090488,4.088471,5e-05,S2A_MSIL2A_20190620T031541_N0212_R118_T48PXS_20190620T072445,1561015485000,Ben Tre,2019-06-20 07:24:45,4.751699117320985
10.007722,5.236153,62.144673,23.2266090488,4.088471,5e-05,S2A_MSIL2A_20190620T031541_N0212_R118_T48PXS_20190620T072445,1561015485000,Dong Thap,2019-06-20 07:24:45,6.204123168697958
10.007722,5.236153,62.144673,23.2266090488,4.088471,5e-05,S2A_MSIL2A_20190620T031541_N0212_R118_T48PXS_20190620T072445,1561015485000,Long An,2019-06-20 07:24:45,7.711905125151866
10.007722,5.236153,62.144673,23.2266090488,4.088471,5e-05,S2A_MSIL2A_20190620T031541_N0212_R118_T48PXS_20190620T072445,1561015485000,Tien Giang,2019-06-20 07:24:45,5.661249186605431
11.322767,5.521628,57.461947,23.9408099178,3.326348,0.0,S2A_MSIL2A_20190620T031541_N0212_R118_T48PWS_20190620T072445,1561015485000,Soc Trang,2019-06-20 07:24:45,11.240125599883427
11.322767,5.521628,57.461947,23.9408099178,3.326348,0.0,S2A_MSIL2A_20190620T031541_N0212_R118_T48PWS_20190620T072445,1561015485000,Tra Vinh,2019-06-20 07:24:45,7.006746351351915
11.322767,5.521628,57.461947,23.9408099178,3.326348,0.0,S2A_MSIL2A_20190620T031541_N0212_R118_T48PWS_20190620T072445,1561015485000,Vinh Long,2019-06-20 07:24:45,6.639148721341978
11.322767,5.521628,57.461947,23.9408099178,3.326348,0.0,S2A_MSIL2A_20190620T031541_N0212_R118_T48PWS_20190620T072445,1561015485000,Can Tho city,2019-06-20 07:24:45,7.858765259945827
11.322767,5.521628,57.461947,23.9408099178,3.326348,0.0,S2A_MSIL2A_20190620T031541_N0212_R118_T48PWS_20190620T072445,1561015485000,Hau Giang,2019-06-20 07:24:45,11.037982673987976
11.322767,5.521628,57.461947,23.9408099178,3.326348,0.0,S2A_MSIL2A_20190620T031541_N0212_R118_T48PWS_20190620T072445,1561015485000,An Giang,2019-06-20 07:24:45,7.0062310019600895
11.322767,5.521628,57.461947,23.9408099178,3.326348,0.0,S2A_MSIL2A_20190620T031541_N0212_R118_T48PWS_20190620T072445,1561015485000,Dong Thap,2019-06-20 07:24:45,6.204123168697958
11.322767,5.521628,57.461947,23.9408099178,3.326348,0.0,S2A_MSIL2A_20190620T031541_N0212_R118_T48PWS_20190620T072445,1561015485000,Kien Giang,2019-06-20 07:24:45,11.163668127152166
11.322767,5.521628,57.461947,23.9408099178,3.326348,0.0,S2A_MSIL2A_20190620T031541_N0212_R118_T48PWS_20190620T072445,1561015485000,Long An,2019-06-20 07:24:45,7.711905125151866
11.322767,5.521628,57.461947,23.9408099178,3.326348,0.0,S2A_MSIL2A_20190620T031541_N0212_R118_T48PWS_20190620T072445,1561015485000,Tien Giang,2019-06-20 07:24:45,5.661249186605431
5.527619,1.138238,31.786782,24.6657808313,40.501201,0.001914,S2A_MSIL2A_20190620T031541_N0212_R118_T48PVS_20190620T072445,1561015485000,An Giang,2019-06-20 07:24:45,7.0062310019600895
5.527619,1.138238,31.786782,24.6657808313,40.501201,0.001914,S2A_MSIL2A_20190620T031541_N0212_R118_T48PVS_20190620T072445,1561015485000,Kien Giang,2019-06-20 07:24:45,11.163668127152166
18.496609,0.501574,26.660207,25.399976304,50.462645,0.023394,S2A_MSIL2A_20190620T031541_N0212_R118_T48PUS_20190620T072445,1561015485000,Kien Giang,2019-06-20 07:24:45,11.163668127152166
34.351763,17.18913,24.291472,23.7343602756,22.666472,0.017524,S2A_MSIL2A_20190620T031541_N0212_R118_T48PXR_20190620T072445,1561015485000,Soc Trang,2019-06-20 07:24:45,11.240125599883427
34.351763,17.18913,24.291472,23.7343602756,22.666472,0.017524,S2A_MSIL2A_20190620T031541_N0212_R118_T48PXR_20190620T072445,1561015485000,Tra Vinh,2019-06-20 07:24:45,7.006746351351915
34.351763,17.18913,24.291472,23.7343602756,22.666472,0.017524,S2A_MSIL2A_20190620T031541_N0212_R118_T48PXR_20190620T072445,1561015485000,Vinh Long,2019-06-20 07:24:45,6.639148721341978
34.351763,17.18913,24.291472,23.7343602756,22.666472,0.017524,S2A_MSIL2A_20190620T031541_N0212_R118_T48PXR_20190620T072445,1561015485000,Ben Tre,2019-06-20 07:24:45,4.751699117320985
29.508293,4.088692,24.691948,24.4327037146,12.623098,1.496293,S2A_MSIL2A_20190620T031541_N0212_R118_T48PWR_20190620T072445,1561015485000,Soc Trang,2019-06-20 07:24:45,11.240125599883427
29.508293,4.088692,24.691948,24.4327037146,12.623098,1.496293,S2A_MSIL2A_20190620T031541_N0212_R118_T48PWR_20190620T072445,1561015485000,Tra Vinh,2019-06-20 07:24:45,7.006746351351915
29.508293,4.088692,24.691948,24.4327037146,12.623098,1.496293,S2A_MSIL2A_20190620T031541_N0212_R118_T48PWR_20190620T072445,1561015485000,Vinh Long,2019-06-20 07:24:45,6.639148721341978
29.508293,4.088692,24.691948,24.4327037146,12.623098,1.496293,S2A_MSIL2A_20190620T031541_N0212_R118_T48PWR_20190620T072445,1561015485000,Bac Lieu,2019-06-20 07:24:45,12.540066290000702
29.508293,4.088692,24.691948,24.4327037146,12.623098,1.496293,S2A_MSIL2A_20190620T031541_N0212_R118_T48PWR_20190620T072445,1561015485000,Ca Mau,2019-06-20 07:24:45,12.638750712815584
29.508293,4.088692,24.691948,24.4327037146,12.623098,1.496293,S2A_MSIL2A_20190620T031541_N0212_R118_T48PWR_20190620T072445,1561015485000,Can Tho city,2019-06-20 07:24:45,7.858765259945827
29.508293,4.088692,24.691948,24.4327037146,12.623098,1.496293,S2A_MSIL2A_20190620T031541_N0212_R118_T48PWR_20190620T072445,1561015485000,Hau Giang,2019-06-20 07:24:45,11.037982673987976
29.508293,4.088692,24.691948,24.4327037146,12.623098,1.496293,S2A_MSIL2A_20190620T031541_N0212_R118_T48PWR_20190620T072445,1561015485000,Kien Giang,2019-06-20 07:24:45,11.163668127152166
6.108782,0.316064,8.146486,25.1424246643,74.247068,0.0,S2A_MSIL2A_20190620T031541_N0212_R118_T48PVR_20190620T072445,1561015485000,Ca Mau,2019-06-20 07:24:45,12.638750712815584
6.108782,0.316064,8.146486,25.1424246643,74.247068,0.0,S2A_MSIL2A_20190620T031541_N0212_R118_T48PVR_20190620T072445,1561015485000,Kien Giang,2019-06-20 07:24:45,11.163668127152166
24.942284,7.068441,0.027897,25.8619764571,75.014657,0.0,S2A_MSIL2A_20190620T031541_N0212_R118_T48PUR_20190620T072445,1561015485000,Kien Giang,2019-06-20 07:24:45,11.163668127152166
20.634311,10.934685,1.911543,24.9464321664,73.09826,0.389438,S2A_MSIL2A_20190620T031541_N0212_R118_T48PWQ_20190620T072445,1561015485000,Bac Lieu,2019-06-20 07:24:45,12.540066290000702
20.634311,10.934685,1.911543,24.9464321664,73.09826,0.389438,S2A_MSIL2A_20190620T031541_N0212_R118_T48PWQ_20190620T072445,1561015485000,Ca Mau,2019-06-20 07:24:45,12.638750712815584
38.904447,1.768262,1.344949,25.6409566087,54.427624,1.158035,S2A_MSIL2A_20190620T031541_N0212_R118_T48PVQ_20190620T072445,1561015485000,Ca Mau,2019-06-20 07:24:45,12.638750712815584
32.432556,6.184212,43.001536,23.4075150815,2.266051,0.082691,S2B_MSIL2A_20190625T031549_N0212_R118_T48PXS_20190625T082300,1561450980000,Soc Trang,2019-06-25 08:23:00,5.69227137329142
32.432556,6.184212,43.001536,23.4075150815,2.266051,0.082691,S2B_MSIL2A_20190625T031549_N0212_R118_T48PXS_20190625T082300,1561450980000,Tra Vinh,2019-06-25 08:23:00,5.367893132881552
32.432556,6.184212,43.001536,23.4075150815,2.266051,0.082691,S2B_MSIL2A_20190625T031549_N0212_R118_T48PXS_20190625T082300,1561450980000,Vinh Long,2019-06-25 08:23:00,5.621355457113343
32.432556,6.184212,43.001536,23.4075150815,2.266051,0.082691,S2B_MSIL2A_20190625T031549_N0212_R118_T48PXS_20190625T082300,1561450980000,Ben Tre,2019-06-25 08:23:00,4.698087482892748
32.432556,6.184212,43.001536,23.4075150815,2.266051,0.082691,S2B_MSIL2A_20190625T031549_N0212_R118_T48PXS_20190625T082300,1561450980000,Dong Thap,2019-06-25 08:23:00,3.274103583668122
32.432556,6.184212,43.001536,23.4075150815,2.266051,0.082691,S2B_MSIL2A_20190625T031549_N0212_R118_T48PXS_20190625T082300,1561450980000,Long An,2019-06-25 08:23:00,2.6038479876370086
32.432556,6.184212,43.001536,23.4075150815,2.266051,0.082691,S2B_MSIL2A_20190625T031549_N0212_R118_T48PXS_20190625T082300,1561450980000,Tien Giang,2019-06-25 08:23:00,3.6567394199965655
33.778521,5.188961,13.615629,24.8529959247,32.701311,0.127408,S2B_MSIL2A_20190625T031549_N0212_R118_T48PVS_20190625T082300,1561450980000,An Giang,2019-06-25 08:23:00,2.6791241055639063
33.778521,5.188961,13.615629,24.8529959247,32.701311,0.127408,S2B_MSIL2A_20190625T031549_N0212_R118_T48PVS_20190625T082300,1561450980000,Kien Giang,2019-06-25 08:23:00,6.089988249809205
44.84757,6.500661,12.74097,25.5899674374,35.350096,0.444647,S2B_MSIL2A_20190625T031549_N0212_R118_T48PUS_20190625T082300,1561450980000,Kien Giang,2019-06-25 08:23:00,6.089988249809205
42.270557,7.16776,20.0956,23.9103462316,22.532095,0.392259,S2B_MSIL2A_20190625T031549_N0212_R118_T48PXR_20190625T082300,1561450980000,Soc Trang,2019-06-25 08:23:00,5.69227137329142
42.270557,7.16776,20.0956,23.9103462316,22.532095,0.392259,S2B_MSIL2A_20190625T031549_N0212_R118_T48PXR_20190625T082300,1561450980000,Tra Vinh,2019-06-25 08:23:00,5.367893132881552
42.270557,7.16776,20.0956,23.9103462316,22.532095,0.392259,S2B_MSIL2A_20190625T031549_N0212_R118_T48PXR_20190625T082300,1561450980000,Vinh Long,2019-06-25 08:23:00,5.621355457113343
42.270557,7.16776,20.0956,23.9103462316,22.532095,0.392259,S2B_MSIL2A_20190625T031549_N0212_R118_T48PXR_20190625T082300,1561450980000,Ben Tre,2019-06-25 08:23:00,4.698087482892748
34.552383,13.18634,1.171247,25.3251447853,56.959462,0.0,S2B_MSIL2A_20190625T031549_N0212_R118_T48PVR_20190625T082300,1561450980000,Ca Mau,2019-06-25 08:23:00,14.094788219264709
34.552383,13.18634,1.171247,25.3251447853,56.959462,0.0,S2B_MSIL2A_20190625T031549_N0212_R118_T48PVR_20190625T082300,1561450980000,Kien Giang,2019-06-25 08:23:00,6.089988249809205
35.444782,21.267615,0.01097,26.0476666833,64.51261,0.0,S2B_MSIL2A_20190625T031549_N0212_R118_T48PUR_20190625T082300,1561450980000,Kien Giang,2019-06-25 08:23:00,6.089988249809205
45.064186,16.250871,1.407109,25.1211966008,50.097477,0.404737,S2B_MSIL2A_20190625T031549_N0212_R118_T48PWQ_20190625T082300,1561450980000,Bac Lieu,2019-06-25 08:23:00,8.604299399261958
45.064186,16.250871,1.407109,25.1211966008,50.097477,0.404737,S2B_MSIL2A_20190625T031549_N0212_R118_T48PWQ_20190625T082300,1561450980000,Ca Mau,2019-06-25 08:23:00,14.094788219264709
34.372099,16.439059,1.821062,25.8191192678,59.376568,0.212677,S2B_MSIL2A_20190625T031549_N0212_R118_T48PVQ_20190625T082300,1561450980000,Ca Mau,2019-06-25 08:23:00,14.094788219264709
49.687492,4.398655,5.478578,24.98133274,30.731359,1.098576,S2A_MSIL2A_20190630T031541_N0212_R118_T48PVS_20190630T070842,1561878522000,An Giang,2019-06-30 07:08:42,8.465172227049665
49.687492,4.398655,5.478578,24.98133274,30.731359,1.098576,S2A_MSIL2A_20190630T031541_N0212_R118_T48PVS_20190630T070842,1561878522000,Kien Giang,2019-06-30 07:08:42,14.58959039963335
25.193115,6.248387,1.843013,25.4438658109,66.208386,0.0,S2A_MSIL2A_20190630T031541_N0212_R118_T48PVR_20190630T070842,1561878522000,Ca Mau,2019-06-30 07:08:42,16.052205558804705
25.193115,6.248387,1.843013,25.4438658109,66.208386,0.0,S2A_MSIL2A_20190630T031541_N0212_R118_T48PVR_20190630T070842,1561878522000,Kien Giang,2019-06-30 07:08:42,14.58959039963335
18.527574,16.291545,0.049896,26.1725922962,81.412679,0.0,S2A_MSIL2A_20190630T031541_N0212_R118_T48PUR_20190630T070842,1561878522000,Kien Giang,2019-06-30 07:08:42,14.58959039963335
46.359566,18.986502,1.408794,25.223759031,47.714829,0.661006,S2A_MSIL2A_20190630T031541_N0212_R118_T48PWQ_20190630T070842,1561878522000,Bac Lieu,2019-06-30 07:08:42,12.872748235561566
46.359566,18.986502,1.408794,25.223759031,47.714829,0.661006,S2A_MSIL2A_20190630T031541_N0212_R118_T48PWQ_20190630T070842,1561878522000,Ca Mau,2019-06-30 07:08:42,16.052205558804705
21.798126,8.695844,3.332142,25.9284802479,69.281197,0.003517,S2A_MSIL2A_20190630T031541_N0212_R118_T48PVQ_20190630T070842,1561878522000,Ca Mau,2019-06-30 07:08:42,16.052205558804705
37.118015,0.034902,41.491368,23.0620738527,0.745472,0.0,S2B_MSIL2A_20190705T031549_N0212_R118_T48PXT_20190705T072433,1562311473000,Dong Thap,2019-07-05 07:24:33,1.8419458877153527
37.118015,0.034902,41.491368,23.0620738527,0.745472,0.0,S2B_MSIL2A_20190705T031549_N0212_R118_T48PXT_20190705T072433,1562311473000,Long An,2019-07-05 07:24:33,3.4239523725216654
10.737369,0.003802,50.030392,23.8108112368,1.433672,0.0,S2B_MSIL2A_20190705T031549_N0212_R118_T48PWT_20190705T072433,1562311473000,An Giang,2019-07-05 07:24:33,2.4615578516737564
10.737369,0.003802,50.030392,23.8108112368,1.433672,0.0,S2B_MSIL2A_20190705T031549_N0212_R118_T48PWT_20190705T072433,1562311473000,Dong Thap,2019-07-05 07:24:33,1.8419458877153527
10.737369,0.003802,50.030392,23.8108112368,1.433672,0.0,S2B_MSIL2A_20190705T031549_N0212_R118_T48PWT_20190705T072433,1562311473000,Long An,2019-07-05 07:24:33,3.4239523725216654
16.164079,0.851425,42.396206,24.5684336095,0.997049,0.0,S2B_MSIL2A_20190705T031549_N0212_R118_T48PVT_20190705T072433,1562311473000,An Giang,2019-07-05 07:24:33,2.4615578516737564
31.197478,2.477117,39.04168,23.5174511629,2.230554,0.62083,S2B_MSIL2A_20190705T031549_N0212_R118_T48PXS_20190705T072433,1562311473000,Soc Trang,2019-07-05 07:24:33,7.546834940147491
31.197478,2.477117,39.04168,23.5174511629,2.230554,0.62083,S2B_MSIL2A_20190705T031549_N0212_R118_T48PXS_20190705T072433,1562311473000,Tra Vinh,2019-07-05 07:24:33,3.386825151990834
31.197478,2.477117,39.04168,23.5174511629,2.230554,0.62083,S2B_MSIL2A_20190705T031549_N0212_R118_T48PXS_20190705T072433,1562311473000,Vinh Long,2019-07-05 07:24:33,5.043749800515832
31.197478,2.477117,39.04168,23.5174511629,2.230554,0.62083,S2B_MSIL2A_20190705T031549_N0212_R118_T48PXS_20190705T072433,1562311473000,Ben Tre,2019-07-05 07:24:33,2.9263441809601787
31.197478,2.477117,39.04168,23.5174511629,2.230554,0.62083,S2B_MSIL2A_20190705T031549_N0212_R118_T48PXS_20190705T072433,1562311473000,Dong Thap,2019-07-05 07:24:33,1.8419458877153527
31.197478,2.477117,39.04168,23.5174511629,2.230554,0.62083,S2B_MSIL2A_20190705T031549_N0212_R118_T48PXS_20190705T072433,1562311473000,Long An,2019-07-05 07:24:33,3.4239523725216654
31.197478,2.477117,39.04168,23.5174511629,2.230554,0.62083,S2B_MSIL2A_20190705T031549_N0212_R118_T48PXS_20190705T072433,1562311473000,Tien Giang,2019-07-05 07:24:33,3.927606286876039
18.267628,4.282489,45.609349,24.2510351392,2.924606,0.0,S2B_MSIL2A_20190705T031549_N0212_R118_T48PWS_20190705T072433,1562311473000,Soc Trang,2019-07-05 07:24:33,7.546834940147491
18.267628,4.282489,45.609349,24.2510351392,2.924606,0.0,S2B_MSIL2A_20190705T031549_N0212_R118_T48PWS_20190705T072433,1562311473000,Tra Vinh,2019-07-05 07:24:33,3.386825151990834
18.267628,4.282489,45.609349,24.2510351392,2.924606,0.0,S2B_MSIL2A_20190705T031549_N0212_R118_T48PWS_20190705T072433,1562311473000,Vinh Long,2019-07-05 07:24:33,5.043749800515832
18.267628,4.282489,45.609349,24.2510351392,2.924606,0.0,S2B_MSIL2A_20190705T031549_N0212_R118_T48PWS_20190705T072433,1562311473000,Can Tho city,2019-07-05 07:24:33,4.073391251585385
18.267628,4.282489,45.609349,24.2510351392,2.924606,0.0,S2B_MSIL2A_20190705T031549_N0212_R118_T48PWS_20190705T072433,1562311473000,Hau Giang,2019-07-05 07:24:33,8.852094820155562
18.267628,4.282489,45.609349,24.2510351392,2.924606,0.0,S2B_MSIL2A_20190705T031549_N0212_R118_T48PWS_20190705T072433,1562311473000,An Giang,2019-07-05 07:24:33,2.4615578516737564
18.267628,4.282489,45.609349,24.2510351392,2.924606,0.0,S2B_MSIL2A_20190705T031549_N0212_R118_T48PWS_20190705T072433,1562311473000,Dong Thap,2019-07-05 07:24:33,1.8419458877153527
18.267628,4.282489,45.609349,24.2510351392,2.924606,0.0,S2B_MSIL2A_20190705T031549_N0212_R118_T48PWS_20190705T072433,1562311473000,Kien Giang,2019-07-05 07:24:33,5.920010632569287
18.267628,4.282489,45.609349,24.2510351392,2.924606,0.0,S2B_MSIL2A_20190705T031549_N0212_R118_T48PWS_20190705T072433,1562311473000,Long An,2019-07-05 07:24:33,3.4239523725216654
18.267628,4.282489,45.609349,24.2510351392,2.924606,0.0,S2B_MSIL2A_20190705T031549_N0212_R118_T48PWS_20190705T072433,1562311473000,Tien Giang,2019-07-05 07:24:33,3.927606286876039
9.735669,4.643807,28.89289,24.994172594,40.091315,0.001871,S2B_MSIL2A_20190705T031549_N0212_R118_T48PVS_20190705T072433,1562311473000,An Giang,2019-07-05 07:24:33,2.4615578516737564
9.735669,4.643807,28.89289,24.994172594,40.091315,0.001871,S2B_MSIL2A_20190705T031549_N0212_R118_T48PVS_20190705T072433,1562311473000,Kien Giang,2019-07-05 07:24:33,5.920010632569287
13.014152,0.093712,20.758812,25.7453999211,60.935581,0.082346,S2B_MSIL2A_20190705T031549_N0212_R118_T48PUS_20190705T072433,1562311473000,Kien Giang,2019-07-05 07:24:33,5.920010632569287
29.921787,7.714994,23.098767,23.9961353828,31.969681,0.701514,S2B_MSIL2A_20190705T031549_N0212_R118_T48PXR_20190705T072433,1562311473000,Soc Trang,2019-07-05 07:24:33,7.546834940147491
29.921787,7.714994,23.098767,23.9961353828,31.969681,0.701514,S2B_MSIL2A_20190705T031549_N0212_R118_T48PXR_20190705T072433,1562311473000,Tra Vinh,2019-07-05 07:24:33,3.386825151990834
29.921787,7.714994,23.098767,23.9961353828,31.969681,0.701514,S2B_MSIL2A_20190705T031549_N0212_R118_T48PXR_20190705T072433,1562311473000,Vinh Long,2019-07-05 07:24:33,5.043749800515832
29.921787,7.714994,23.098767,23.9961353828,31.969681,0.701514,S2B_MSIL2A_20190705T031549_N0212_R118_T48PXR_20190705T072433,1562311473000,Ben Tre,2019-07-05 07:24:33,2.9263441809601787
33.093098,8.56653,24.278104,24.7145025913,13.454856,0.23203,S2B_MSIL2A_20190705T031549_N0212_R118_T48PWR_20190705T072433,1562311473000,Soc Trang,2019-07-05 07:24:33,7.546834940147491
33.093098,8.56653,24.278104,24.7145025913,13.454856,0.23203,S2B_MSIL2A_20190705T031549_N0212_R118_T48PWR_20190705T072433,1562311473000,Tra Vinh,2019-07-05 07:24:33,3.386825151990834
33.093098,8.56653,24.278104,24.7145025913,13.454856,0.23203,S2B_MSIL2A_20190705T031549_N0212_R118_T48PWR_20190705T072433,1562311473000,Vinh Long,2019-07-05 07:24:33,5.043749800515832
33.093098,8.56653,24.278104,24.7145025913,13.454856,0.23203,S2B_MSIL2A_20190705T031549_N0212_R118_T48PWR_20190705T072433,1562311473000,Bac Lieu,2019-07-05 07:24:33,7.662156188996335
33.093098,8.56653,24.278104,24.7145025913,13.454856,0.23203,S2B_MSIL2A_20190705T031549_N0212_R118_T48PWR_20190705T072433,1562311473000,Ca Mau,2019-07-05 07:24:33,5.71714685505676
33.093098,8.56653,24.278104,24.7145025913,13.454856,0.23203,S2B_MSIL2A_20190705T031549_N0212_R118_T48PWR_20190705T072433,1562311473000,Can Tho city,2019-07-05 07:24:33,4.073391251585385
33.093098,8.56653,24.278104,24.7145025913,13.454856,0.23203,S2B_MSIL2A_20190705T031549_N0212_R118_T48PWR_20190705T072433,1562311473000,Hau Giang,2019-07-05 07:24:33,8.852094820155562
33.093098,8.56653,24.278104,24.7145025913,13.454856,0.23203,S2B_MSIL2A_20190705T031549_N0212_R118_T48PWR_20190705T072433,1562311473000,Kien Giang,2019-07-05 07:24:33,5.920010632569287
23.817147,10.568877,5.035806,25.4430479568,60.075581,0.0,S2B_MSIL2A_20190705T031549_N0212_R118_T48PVR_20190705T072433,1562311473000,Ca Mau,2019-07-05 07:24:33,5.71714685505676
23.817147,10.568877,5.035806,25.4430479568,60.075581,0.0,S2B_MSIL2A_20190705T031549_N0212_R118_T48PVR_20190705T072433,1562311473000,Kien Giang,2019-07-05 07:24:33,5.920010632569287
37.326235,10.71654,0.054298,26.1802954921,62.611151,0.0,S2B_MSIL2A_20190705T031549_N0212_R118_T48PUR_20190705T072433,1562311473000,Kien Giang,2019-07-05 07:24:33,5.920010632569287
9.371188,5.298552,42.209253,25.563096723,23.107374,0.0,S2A_MSIL2A_20190707T030551_N0212_R075_T48PXS_20190707T071338,1562483618000,Tra Vinh,2019-07-07 07:13:38,1.8881652768087331
9.371188,5.298552,42.209253,25.563096723,23.107374,0.0,S2A_MSIL2A_20190707T030551_N0212_R075_T48PXS_20190707T071338,1562483618000,Ben Tre,2019-07-07 07:13:38,2.300474633595378
9.371188,5.298552,42.209253,25.563096723,23.107374,0.0,S2A_MSIL2A_20190707T030551_N0212_R075_T48PXS_20190707T071338,1562483618000,Long An,2019-07-07 07:13:38,2.3985896486448324
9.371188,5.298552,42.209253,25.563096723,23.107374,0.0,S2A_MSIL2A_20190707T030551_N0212_R075_T48PXS_20190707T071338,1562483618000,Tien Giang,2019-07-07 07:13:38,2.7069977847766737
13.751962,11.112962,8.941458,26.0000313518,69.899243,0.001008,S2A_MSIL2A_20190707T030551_N0212_R075_T48PXR_20190707T071338,1562483618000,Soc Trang,2019-07-07 07:13:38,3.4112884259032406
13.751962,11.112962,8.941458,26.0000313518,69.899243,0.001008,S2A_MSIL2A_20190707T030551_N0212_R075_T48PXR_20190707T071338,1562483618000,Tra Vinh,2019-07-07 07:13:38,1.8881652768087331
13.751962,11.112962,8.941458,26.0000313518,69.899243,0.001008,S2A_MSIL2A_20190707T030551_N0212_R075_T48PXR_20190707T071338,1562483618000,Vinh Long,2019-07-07 07:13:38,1.6703828564487615
13.751962,11.112962,8.941458,26.0000313518,69.899243,0.001008,S2A_MSIL2A_20190707T030551_N0212_R075_T48PXR_20190707T071338,1562483618000,Ben Tre,2019-07-07 07:13:38,2.300474633595378
30.675274,5.787374,11.192623,23.6555182464,53.734034,0.777982,S2B_MSIL2A_20190708T032549_N0213_R018_T48PUS_20190708T084525,1562575525000,Kien Giang,2019-07-08 08:45:25,0.6337919127346194
2.094917,0.913718,0.170072,24.1141672491,97.723287,0.0,S2B_MSIL2A_20190708T032549_N0213_R018_T48PUR_20190708T084525,1562575525000,Kien Giang,2019-07-08 08:45:25,0.6337919127346194
33.397546,2.117035,43.440309,23.0061701267,0.564421,0.0,S2A_MSIL2A_20190710T031541_N0213_R118_T48PXT_20190710T074639,1562744799000,Dong Thap,2019-07-10 07:46:39,1.008437114302879
33.397546,2.117035,43.440309,23.0061701267,0.564421,0.0,S2A_MSIL2A_20190710T031541_N0213_R118_T48PXT_20190710T074639,1562744799000,Long An,2019-07-10 07:46:39,2.3977000798496064
17.497742,0.644666,41.783097,23.7667095739,1.296466,0.0,S2A_MSIL2A_20190710T031541_N0213_R118_T48PWT_20190710T074639,1562744799000,An Giang,2019-07-10 07:46:39,0.5520268680522255
17.497742,0.644666,41.783097,23.7667095739,1.296466,0.0,S2A_MSIL2A_20190710T031541_N0213_R118_T48PWT_20190710T074639,1562744799000,Dong Thap,2019-07-10 07:46:39,1.008437114302879
17.497742,0.644666,41.783097,23.7667095739,1.296466,0.0,S2A_MSIL2A_20190710T031541_N0213_R118_T48PWT_20190710T074639,1562744799000,Long An,2019-07-10 07:46:39,2.3977000798496064
6.406034,0.234747,53.560603,24.5354603048,0.906305,0.0,S2A_MSIL2A_20190710T031541_N0213_R118_T48PVT_20190710T074639,1562744799000,An Giang,2019-07-10 07:46:39,0.5520268680522255
11.376113,1.170794,60.778373,23.4415685597,3.589746,0.000539,S2A_MSIL2A_20190710T031541_N0213_R118_T48PXS_20190710T074639,1562744799000,Soc Trang,2019-07-10 07:46:39,2.192938377240654
11.376113,1.170794,60.778373,23.4415685597,3.589746,0.000539,S2A_MSIL2A_20190710T031541_N0213_R118_T48PXS_20190710T074639,1562744799000,Tra Vinh,2019-07-10 07:46:39,2.146137853946009
11.376113,1.170794,60.778373,23.4415685597,3.589746,0.000539,S2A_MSIL2A_20190710T031541_N0213_R118_T48PXS_20190710T074639,1562744799000,Vinh Long,2019-07-10 07:46:39,1.667510889209334
11.376113,1.170794,60.778373,23.4415685597,3.589746,0.000539,S2A_MSIL2A_20190710T031541_N0213_R118_T48PXS_20190710T074639,1562744799000,Ben Tre,2019-07-10 07:46:39,1.7562098822098593
11.376113,1.170794,60.778373,23.4415685597,3.589746,0.000539,S2A_MSIL2A_20190710T031541_N0213_R118_T48PXS_20190710T074639,1562744799000,Dong Thap,2019-07-10 07:46:39,1.008437114302879
11.376113,1.170794,60.778373,23.4415685597,3.589746,0.000539,S2A_MSIL2A_20190710T031541_N0213_R118_T48PXS_20190710T074639,1562744799000,Long An,2019-07-10 07:46:39,2.3977000798496064
11.376113,1.170794,60.778373,23.4415685597,3.589746,0.000539,S2A_MSIL2A_20190710T031541_N0213_R118_T48PXS_20190710T074639,1562744799000,Tien Giang,2019-07-10 07:46:39,3.2759259944404326
16.108579,0.429912,50.297588,24.187278422,2.512033,0.0,S2A_MSIL2A_20190710T031541_N0213_R118_T48PWS_20190710T074639,1562744799000,Soc Trang,2019-07-10 07:46:39,2.192938377240654
16.108579,0.429912,50.297588,24.187278422,2.512033,0.0,S2A_MSIL2A_20190710T031541_N0213_R118_T48PWS_20190710T074639,1562744799000,Tra Vinh,2019-07-10 07:46:39,2.146137853946009
16.108579,0.429912,50.297588,24.187278422,2.512033,0.0,S2A_MSIL2A_20190710T031541_N0213_R118_T48PWS_20190710T074639,1562744799000,Vinh Long,2019-07-10 07:46:39,1.667510889209334
16.108579,0.429912,50.297588,24.187278422,2.512033,0.0,S2A_MSIL2A_20190710T031541_N0213_R118_T48PWS_20190710T074639,1562744799000,Can Tho city,2019-07-10 07:46:39,1.1940502444519654
16.108579,0.429912,50.297588,24.187278422,2.512033,0.0,S2A_MSIL2A_20190710T031541_N0213_R118_T48PWS_20190710T074639,1562744799000,Hau Giang,2019-07-10 07:46:39,2.891731542729453
16.108579,0.429912,50.297588,24.187278422,2.512033,0.0,S2A_MSIL2A_20190710T031541_N0213_R118_T48PWS_20190710T074639,1562744799000,An Giang,2019-07-10 07:46:39,0.5520268680522255
16.108579,0.429912,50.297588,24.187278422,2.512033,0.0,S2A_MSIL2A_20190710T031541_N0213_R118_T48PWS_20190710T074639,1562744799000,Dong Thap,2019-07-10 07:46:39,1.008437114302879
16.108579,0.429912,50.297588,24.187278422,2.512033,0.0,S2A_MSIL2A_20190710T031541_N0213_R118_T48PWS_20190710T074639,1562744799000,Kien Giang,2019-07-10 07:46:39,0.9473442793112486
16.108579,0.429912,50.297588,24.187278422,2.512033,0.0,S2A_MSIL2A_20190710T031541_N0213_R118_T48PWS_20190710T074639,1562744799000,Long An,2019-07-10 07:46:39,2.3977000798496064
16.108579,0.429912,50.297588,24.187278422,2.512033,0.0,S2A_MSIL2A_20190710T031541_N0213_R118_T48PWS_20190710T074639,1562744799000,Tien Giang,2019-07-10 07:46:39,3.2759259944404326
16.636372,2.830525,27.115616,24.9418945379,37.444481,0.007704,S2A_MSIL2A_20190710T031541_N0213_R118_T48PVS_20190710T074639,1562744799000,An Giang,2019-07-10 07:46:39,0.5520268680522255
16.636372,2.830525,27.115616,24.9418945379,37.444481,0.007704,S2A_MSIL2A_20190710T031541_N0213_R118_T48PVS_20190710T074639,1562744799000,Kien Giang,2019-07-10 07:46:39,0.9473442793112486
20.423447,8.048607,25.319019,25.703986743,49.593955,0.043702,S2A_MSIL2A_20190710T031541_N0213_R118_T48PUS_20190710T074639,1562744799000,Kien Giang,2019-07-10 07:46:39,0.9473442793112486
15.221286,1.935649,31.24131,23.9011333384,38.348976,0.00592,S2A_MSIL2A_20190710T031541_N0213_R118_T48PXR_20190710T074639,1562744799000,Soc Trang,2019-07-10 07:46:39,2.192938377240654
15.221286,1.935649,31.24131,23.9011333384,38.348976,0.00592,S2A_MSIL2A_20190710T031541_N0213_R118_T48PXR_20190710T074639,1562744799000,Tra Vinh,2019-07-10 07:46:39,2.146137853946009
15.221286,1.935649,31.24131,23.9011333384,38.348976,0.00592,S2A_MSIL2A_20190710T031541_N0213_R118_T48PXR_20190710T074639,1562744799000,Vinh Long,2019-07-10 07:46:39,1.667510889209334
15.221286,1.935649,31.24131,23.9011333384,38.348976,0.00592,S2A_MSIL2A_20190710T031541_N0213_R118_T48PXR_20190710T074639,1562744799000,Ben Tre,2019-07-10 07:46:39,1.7562098822098593
20.627641,1.733403,28.448573,24.6318914966,16.755757,0.054804,S2A_MSIL2A_20190710T031541_N0213_R118_T48PWR_20190710T074639,1562744799000,Soc Trang,2019-07-10 07:46:39,2.192938377240654
20.627641,1.733403,28.448573,24.6318914966,16.755757,0.054804,S2A_MSIL2A_20190710T031541_N0213_R118_T48PWR_20190710T074639,1562744799000,Tra Vinh,2019-07-10 07:46:39,2.146137853946009
20.627641,1.733403,28.448573,24.6318914966,16.755757,0.054804,S2A_MSIL2A_20190710T031541_N0213_R118_T48PWR_20190710T074639,1562744799000,Vinh Long,2019-07-10 07:46:39,1.667510889209334
20.627641,1.733403,28.448573,24.6318914966,16.755757,0.054804,S2A_MSIL2A_20190710T031541_N0213_R118_T48PWR_20190710T074639,1562744799000,Bac Lieu,2019-07-10 07:46:39,1.5821374912336943
20.627641,1.733403,28.448573,24.6318914966,16.755757,0.054804,S2A_MSIL2A_20190710T031541_N0213_R118_T48PWR_20190710T074639,1562744799000,Ca Mau,2019-07-10 07:46:39,1.0808121179488028
20.627641,1.733403,28.448573,24.6318914966,16.755757,0.054804,S2A_MSIL2A_20190710T031541_N0213_R118_T48PWR_20190710T074639,1562744799000,Can Tho city,2019-07-10 07:46:39,1.1940502444519654
20.627641,1.733403,28.448573,24.6318914966,16.755757,0.054804,S2A_MSIL2A_20190710T031541_N0213_R118_T48PWR_20190710T074639,1562744799000,Hau Giang,2019-07-10 07:46:39,2.891731542729453
20.627641,1.733403,28.448573,24.6318914966,16.755757,0.054804,S2A_MSIL2A_20190710T031541_N0213_R118_T48PWR_20190710T074639,1562744799000,Kien Giang,2019-07-10 07:46:39,0.9473442793112486
11.233841,0.067372,6.980428,25.372194204,70.571923,0.0,S2A_MSIL2A_20190710T031541_N0213_R118_T48PVR_20190710T074639,1562744799000,Ca Mau,2019-07-10 07:46:39,1.0808121179488028
11.233841,0.067372,6.980428,25.372194204,70.571923,0.0,S2A_MSIL2A_20190710T031541_N0213_R118_T48PVR_20190710T074639,1562744799000,Kien Giang,2019-07-10 07:46:39,0.9473442793112486
16.173631,7.768365,0.045383,26.1205950693,83.763909,0.0,S2A_MSIL2A_20190710T031541_N0213_R118_T48PUR_20190710T074639,1562744799000,Kien Giang,2019-07-10 07:46:39,0.9473442793112486
16.634689,10.760465,2.601886,25.0997436028,75.410593,0.010017,S2A_MSIL2A_20190710T031541_N0213_R118_T48PWQ_20190710T074639,1562744799000,Bac Lieu,2019-07-10 07:46:39,1.5821374912336943
16.634689,10.760465,2.601886,25.0997436028,75.410593,0.010017,S2A_MSIL2A_20190710T031541_N0213_R118_T48PWQ_20190710T074639,1562744799000,Ca Mau,2019-07-10 07:46:39,1.0808121179488028
21.168875,14.760107,3.662075,25.8256178879,68.502259,0.004662,S2A_MSIL2A_20190710T031541_N0213_R118_T48PVQ_20190710T074639,1562744799000,Ca Mau,2019-07-10 07:46:39,1.0808121179488028
16.381577,1.188607,52.662438,25.0636630079,1.181554,0.0,S2B_MSIL2A_20190712T030549_N0213_R075_T48PXT_20190712T071225,1562915545000,Long An,2019-07-12 07:12:25,4.195562716472182
15.261658,3.654622,37.529731,25.4576686214,21.817932,0.0,S2B_MSIL2A_20190712T030549_N0213_R075_T48PXS_20190712T071225,1562915545000,Tra Vinh,2019-07-12 07:12:25,2.8724247898633983
15.261658,3.654622,37.529731,25.4576686214,21.817932,0.0,S2B_MSIL2A_20190712T030549_N0213_R075_T48PXS_20190712T071225,1562915545000,Ben Tre,2019-07-12 07:12:25,3.3950139165378097
15.261658,3.654622,37.529731,25.4576686214,21.817932,0.0,S2B_MSIL2A_20190712T030549_N0213_R075_T48PXS_20190712T071225,1562915545000,Long An,2019-07-12 07:12:25,4.195562716472182
15.261658,3.654622,37.529731,25.4576686214,21.817932,0.0,S2B_MSIL2A_20190712T030549_N0213_R075_T48PXS_20190712T071225,1562915545000,Tien Giang,2019-07-12 07:12:25,4.331223203873031
29.015714,17.846067,5.040154,25.8749062323,59.819031,0.000385,S2B_MSIL2A_20190712T030549_N0213_R075_T48PXR_20190712T071225,1562915545000,Soc Trang,2019-07-12 07:12:25,2.844382107706633
29.015714,17.846067,5.040154,25.8749062323,59.819031,0.000385,S2B_MSIL2A_20190712T030549_N0213_R075_T48PXR_20190712T071225,1562915545000,Tra Vinh,2019-07-12 07:12:25,2.8724247898633983
29.015714,17.846067,5.040154,25.8749062323,59.819031,0.000385,S2B_MSIL2A_20190712T030549_N0213_R075_T48PXR_20190712T071225,1562915545000,Vinh Long,2019-07-12 07:12:25,4.186972456790201
29.015714,17.846067,5.040154,25.8749062323,59.819031,0.000385,S2B_MSIL2A_20190712T030549_N0213_R075_T48PXR_20190712T071225,1562915545000,Ben Tre,2019-07-12 07:12:25,3.3950139165378097
19.392911,2.260036,11.275096,23.5261454873,64.126116,0.862149,S2A_MSIL2A_20190713T032541_N0213_R018_T48PUS_20190713T085832,1563008312000,Kien Giang,2019-07-13 08:58:32,6.410724430450446
15.448597,8.526731,0.173211,23.9628100889,84.356987,0.0,S2A_MSIL2A_20190713T032541_N0213_R018_T48PUR_20190713T085832,1563008312000,Kien Giang,2019-07-13 08:58:32,6.410724430450446
42.205073,28.405628,31.672639,24.3921160261,0.373969,0.0,S2B_MSIL2A_20190715T031549_N0213_R118_T48PVT_20190715T082206,1563178926000,An Giang,2019-07-15 08:22:06,6.257238392946113
41.208227,28.053635,15.768318,24.7748517734,32.295048,0.054174,S2B_MSIL2A_20190715T031549_N0213_R118_T48PVS_20190715T082206,1563178926000,An Giang,2019-07-15 08:22:06,6.257238392946113
41.208227,28.053635,15.768318,24.7748517734,32.295048,0.054174,S2B_MSIL2A_20190715T031549_N0213_R118_T48PVS_20190715T082206,1563178926000,Kien Giang,2019-07-15 08:22:06,11.685727564503134
33.502177,5.820788,25.999558,23.4001065135,26.801825,0.011879,S2A_MSIL2A_20190720T031541_N0213_R118_T48PXR_20190720T074514,1563608714000,Soc Trang,2019-07-20 07:45:14,4.8308165495662285
33.502177,5.820788,25.999558,23.4001065135,26.801825,0.011879,S2A_MSIL2A_20190720T031541_N0213_R118_T48PXR_20190720T074514,1563608714000,Tra Vinh,2019-07-20 07:45:14,4.400930041685036
33.502177,5.820788,25.999558,23.4001065135,26.801825,0.011879,S2A_MSIL2A_20190720T031541_N0213_R118_T48PXR_20190720T074514,1563608714000,Vinh Long,2019-07-20 07:45:14,5.196552156383285
33.502177,5.820788,25.999558,23.4001065135,26.801825,0.011879,S2A_MSIL2A_20190720T031541_N0213_R118_T48PXR_20190720T074514,1563608714000,Ben Tre,2019-07-20 07:45:14,5.204913671343228
43.595313,8.687536,19.118744,24.1616411863,11.611847,0.025073,S2A_MSIL2A_20190720T031541_N0213_R118_T48PWR_20190720T074514,1563608714000,Soc Trang,2019-07-20 07:45:14,4.8308165495662285
43.595313,8.687536,19.118744,24.1616411863,11.611847,0.025073,S2A_MSIL2A_20190720T031541_N0213_R118_T48PWR_20190720T074514,1563608714000,Tra Vinh,2019-07-20 07:45:14,4.400930041685036
43.595313,8.687536,19.118744,24.1616411863,11.611847,0.025073,S2A_MSIL2A_20190720T031541_N0213_R118_T48PWR_20190720T074514,1563608714000,Vinh Long,2019-07-20 07:45:14,5.196552156383285
43.595313,8.687536,19.118744,24.1616411863,11.611847,0.025073,S2A_MSIL2A_20190720T031541_N0213_R118_T48PWR_20190720T074514,1563608714000,Bac Lieu,2019-07-20 07:45:14,4.808403175303023
43.595313,8.687536,19.118744,24.1616411863,11.611847,0.025073,S2A_MSIL2A_20190720T031541_N0213_R118_T48PWR_20190720T074514,1563608714000,Ca Mau,2019-07-20 07:45:14,6.1392378375010805
43.595313,8.687536,19.118744,24.1616411863,11.611847,0.025073,S2A_MSIL2A_20190720T031541_N0213_R118_T48PWR_20190720T074514,1563608714000,Can Tho city,2019-07-20 07:45:14,3.9734317296350405
43.595313,8.687536,19.118744,24.1616411863,11.611847,0.025073,S2A_MSIL2A_20190720T031541_N0213_R118_T48PWR_20190720T074514,1563608714000,Hau Giang,2019-07-20 07:45:14,5.79450747081363
43.595313,8.687536,19.118744,24.1616411863,11.611847,0.025073,S2A_MSIL2A_20190720T031541_N0213_R118_T48PWR_20190720T074514,1563608714000,Kien Giang,2019-07-20 07:45:14,7.125738133659812
31.211177,11.033022,2.04498,24.5801008582,61.954182,0.174953,S2A_MSIL2A_20190720T031541_N0213_R118_T48PWQ_20190720T074514,1563608714000,Bac Lieu,2019-07-20 07:45:14,4.808403175303023
31.211177,11.033022,2.04498,24.5801008582,61.954182,0.174953,S2A_MSIL2A_20190720T031541_N0213_R118_T48PWQ_20190720T074514,1563608714000,Ca Mau,2019-07-20 07:45:14,6.1392378375010805
34.226432,21.62842,29.74337,25.0256439629,21.50345,0.0,S2B_MSIL2A_20190722T030549_N0213_R075_T48PXS_20190722T075014,1563781814000,Tra Vinh,2019-07-22 07:50:14,5.923258587824197
34.226432,21.62842,29.74337,25.0256439629,21.50345,0.0,S2B_MSIL2A_20190722T030549_N0213_R075_T48PXS_20190722T075014,1563781814000,Ben Tre,2019-07-22 07:50:14,6.196403268312573
34.226432,21.62842,29.74337,25.0256439629,21.50345,0.0,S2B_MSIL2A_20190722T030549_N0213_R075_T48PXS_20190722T075014,1563781814000,Long An,2019-07-22 07:50:14,6.356387546841618
34.226432,21.62842,29.74337,25.0256439629,21.50345,0.0,S2B_MSIL2A_20190722T030549_N0213_R075_T48PXS_20190722T075014,1563781814000,Tien Giang,2019-07-22 07:50:14,6.7930665432063435
35.841992,32.201186,6.978588,25.3890441789,50.026494,6.7e-05,S2B_MSIL2A_20190722T030549_N0213_R075_T48PXR_20190722T075014,1563781814000,Soc Trang,2019-07-22 07:50:14,7.625675968463054
35.841992,32.201186,6.978588,25.3890441789,50.026494,6.7e-05,S2B_MSIL2A_20190722T030549_N0213_R075_T48PXR_20190722T075014,1563781814000,Tra Vinh,2019-07-22 07:50:14,5.923258587824197
35.841992,32.201186,6.978588,25.3890441789,50.026494,6.7e-05,S2B_MSIL2A_20190722T030549_N0213_R075_T48PXR_20190722T075014,1563781814000,Vinh Long,2019-07-22 07:50:14,6.820467549711522
35.841992,32.201186,6.978588,25.3890441789,50.026494,6.7e-05,S2B_MSIL2A_20190722T030549_N0213_R075_T48PXR_20190722T075014,1563781814000,Ben Tre,2019-07-22 07:50:14,6.196403268312573
25.091127,3.352033,30.755216,24.7188900443,20.978896,0.002912,S2A_MSIL2A_20190727T030551_N0213_R075_T48PXS_20190727T071442,1564211682000,Tra Vinh,2019-07-27 07:14:42,5.252736082617514
25.091127,3.352033,30.755216,24.7188900443,20.978896,0.002912,S2A_MSIL2A_20190727T030551_N0213_R075_T48PXS_20190727T071442,1564211682000,Ben Tre,2019-07-27 07:14:42,6.309907590607838
25.091127,3.352033,30.755216,24.7188900443,20.978896,0.002912,S2A_MSIL2A_20190727T030551_N0213_R075_T48PXS_20190727T071442,1564211682000,Long An,2019-07-27 07:14:42,6.883618115148901
25.091127,3.352033,30.755216,24.7188900443,20.978896,0.002912,S2A_MSIL2A_20190727T030551_N0213_R075_T48PXS_20190727T071442,1564211682000,Tien Giang,2019-07-27 07:14:42,6.904569224171468
11.315493,3.58515,6.409031,25.0476887694,75.573021,0.001352,S2A_MSIL2A_20190727T030551_N0213_R075_T48PXR_20190727T071442,1564211682000,Soc Trang,2019-07-27 07:14:42,6.857021745207223
11.315493,3.58515,6.409031,25.0476887694,75.573021,0.001352,S2A_MSIL2A_20190727T030551_N0213_R075_T48PXR_20190727T071442,1564211682000,Tra Vinh,2019-07-27 07:14:42,5.252736082617514
11.315493,3.58515,6.409031,25.0476887694,75.573021,0.001352,S2A_MSIL2A_20190727T030551_N0213_R075_T48PXR_20190727T071442,1564211682000,Vinh Long,2019-07-27 07:14:42,5.8707658252624775
11.315493,3.58515,6.409031,25.0476887694,75.573021,0.001352,S2A_MSIL2A_20190727T030551_N0213_R075_T48PXR_20190727T071442,1564211682000,Ben Tre,2019-07-27 07:14:42,6.309907590607838
19.376338,13.448304,0.119078,22.9418947422,80.458611,0.0,S2B_MSIL2A_20190728T032549_N0213_R018_T48PUR_20190728T073527,1564299327000,Kien Giang,2019-07-28 07:35:27,9.03219914224769
36.181648,16.730142,31.158873,22.7724727776,0.922419,0.0,S2A_MSIL2A_20190730T031541_N0213_R118_T48PWT_20190730T071342,1564470822000,An Giang,2019-07-30 07:13:42,7.710136211478038
36.181648,16.730142,31.158873,22.7724727776,0.922419,0.0,S2A_MSIL2A_20190730T031541_N0213_R118_T48PWT_20190730T071342,1564470822000,Dong Thap,2019-07-30 07:13:42,6.608272147281437
36.181648,16.730142,31.158873,22.7724727776,0.922419,0.0,S2A_MSIL2A_20190730T031541_N0213_R118_T48PWT_20190730T071342,1564470822000,Long An,2019-07-30 07:13:42,8.92243631428961
10.655364,3.192928,47.917706,23.6007273047,0.836011,0.0,S2A_MSIL2A_20190730T031541_N0213_R118_T48PVT_20190730T071342,1564470822000,An Giang,2019-07-30 07:13:42,7.710136211478038
46.983702,5.277063,27.999106,23.063681786,1.084751,0.0,S2A_MSIL2A_20190730T031541_N0213_R118_T48PWS_20190730T071342,1564470822000,Soc Trang,2019-07-30 07:13:42,14.160955921887998
46.983702,5.277063,27.999106,23.063681786,1.084751,0.0,S2A_MSIL2A_20190730T031541_N0213_R118_T48PWS_20190730T071342,1564470822000,Tra Vinh,2019-07-30 07:13:42,10.729686850129616
46.983702,5.277063,27.999106,23.063681786,1.084751,0.0,S2A_MSIL2A_20190730T031541_N0213_R118_T48PWS_20190730T071342,1564470822000,Vinh Long,2019-07-30 07:13:42,7.003344577306937
46.983702,5.277063,27.999106,23.063681786,1.084751,0.0,S2A_MSIL2A_20190730T031541_N0213_R118_T48PWS_20190730T071342,1564470822000,Can Tho city,2019-07-30 07:13:42,8.01436089490327
46.983702,5.277063,27.999106,23.063681786,1.084751,0.0,S2A_MSIL2A_20190730T031541_N0213_R118_T48PWS_20190730T071342,1564470822000,Hau Giang,2019-07-30 07:13:42,13.296154843869003
46.983702,5.277063,27.999106,23.063681786,1.084751,0.0,S2A_MSIL2A_20190730T031541_N0213_R118_T48PWS_20190730T071342,1564470822000,An Giang,2019-07-30 07:13:42,7.710136211478038
46.983702,5.277063,27.999106,23.063681786,1.084751,0.0,S2A_MSIL2A_20190730T031541_N0213_R118_T48PWS_20190730T071342,1564470822000,Dong Thap,2019-07-30 07:13:42,6.608272147281437
46.983702,5.277063,27.999106,23.063681786,1.084751,0.0,S2A_MSIL2A_20190730T031541_N0213_R118_T48PWS_20190730T071342,1564470822000,Kien Giang,2019-07-30 07:13:42,13.626980929413627
46.983702,5.277063,27.999106,23.063681786,1.084751,0.0,S2A_MSIL2A_20190730T031541_N0213_R118_T48PWS_20190730T071342,1564470822000,Long An,2019-07-30 07:13:42,8.92243631428961
46.983702,5.277063,27.999106,23.063681786,1.084751,0.0,S2A_MSIL2A_20190730T031541_N0213_R118_T48PWS_20190730T071342,1564470822000,Tien Giang,2019-07-30 07:13:42,9.644235598867246
41.460676,20.126142,20.492481,23.8803102113,24.459985,0.028819,S2A_MSIL2A_20190730T031541_N0213_R118_T48PVS_20190730T071342,1564470822000,An Giang,2019-07-30 07:13:42,7.710136211478038
41.460676,20.126142,20.492481,23.8803102113,24.459985,0.028819,S2A_MSIL2A_20190730T031541_N0213_R118_T48PVS_20190730T071342,1564470822000,Kien Giang,2019-07-30 07:13:42,13.626980929413627
35.816727,23.532128,17.259757,24.7010137755,40.340626,0.143843,S2A_MSIL2A_20190730T031541_N0213_R118_T48PUS_20190730T071342,1564470822000,Kien Giang,2019-07-30 07:13:42,13.626980929413627
41.90209,16.430961,34.805459,24.0738997804,0.876533,0.0,S2B_MSIL2A_20190801T030549_N0213_R075_T48PXT_20190801T080619,1564646779000,Long An,2019-08-01 08:06:19,4.915496484518869
38.124993,6.692078,1.480267,23.2076920328,53.434736,3.025431,S2B_MSIL2A_20190804T031549_N0213_R118_T48PWQ_20190804T072328,1564903408000,Bac Lieu,2019-08-04 07:23:28,23.202103548949623
38.124993,6.692078,1.480267,23.2076920328,53.434736,3.025431,S2B_MSIL2A_20190804T031549_N0213_R118_T48PWQ_20190804T072328,1564903408000,Ca Mau,2019-08-04 07:23:28,25.581188091477454
22.838015,10.791117,0.168433,21.4586008008,76.960337,0.0,S2A_MSIL2A_20190812T032541_N0213_R018_T48PUR_20190812T090338,1565600618000,Kien Giang,2019-08-12 09:03:38,2.8683145633920692
46.18133,3.884103,31.663489,20.7239705667,0.227009,0.0,S2B_MSIL2A_20190814T031549_N0213_R118_T48PXT_20190814T082907,1565771347000,Dong Thap,2019-08-14 08:29:07,0.9063435419582445
46.18133,3.884103,31.663489,20.7239705667,0.227009,0.0,S2B_MSIL2A_20190814T031549_N0213_R118_T48PXT_20190814T082907,1565771347000,Long An,2019-08-14 08:29:07,1.724293659919822
27.216293,11.309826,35.424706,21.5949862462,1.597384,0.0,S2B_MSIL2A_20190814T031549_N0213_R118_T48PWT_20190814T082907,1565771347000,An Giang,2019-08-14 08:29:07,0.3905762580494884
27.216293,11.309826,35.424706,21.5949862462,1.597384,0.0,S2B_MSIL2A_20190814T031549_N0213_R118_T48PWT_20190814T082907,1565771347000,Dong Thap,2019-08-14 08:29:07,0.9063435419582445
27.216293,11.309826,35.424706,21.5949862462,1.597384,0.0,S2B_MSIL2A_20190814T031549_N0213_R118_T48PWT_20190814T082907,1565771347000,Long An,2019-08-14 08:29:07,1.724293659919822
19.436233,5.233651,46.758059,22.4673810191,1.285401,0.0,S2B_MSIL2A_20190814T031549_N0213_R118_T48PVT_20190814T082907,1565771347000,An Giang,2019-08-14 08:29:07,0.3905762580494884
42.689894,2.625491,34.909013,20.8625860383,0.544549,0.318381,S2B_MSIL2A_20190814T031549_N0213_R118_T48PXS_20190814T082907,1565771347000,Soc Trang,2019-08-14 08:29:07,1.035162886992406
42.689894,2.625491,34.909013,20.8625860383,0.544549,0.318381,S2B_MSIL2A_20190814T031549_N0213_R118_T48PXS_20190814T082907,1565771347000,Tra Vinh,2019-08-14 08:29:07,1.3659680053497432
42.689894,2.625491,34.909013,20.8625860383,0.544549,0.318381,S2B_MSIL2A_20190814T031549_N0213_R118_T48PXS_20190814T082907,1565771347000,Vinh Long,2019-08-14 08:29:07,3.45755708571688
42.689894,2.625491,34.909013,20.8625860383,0.544549,0.318381,S2B_MSIL2A_20190814T031549_N0213_R118_T48PXS_20190814T082907,1565771347000,Ben Tre,2019-08-14 08:29:07,3.0000039003881995
42.689894,2.625491,34.909013,20.8625860383,0.544549,0.318381,S2B_MSIL2A_20190814T031549_N0213_R118_T48PXS_20190814T082907,1565771347000,Dong Thap,2019-08-14 08:29:07,0.9063435419582445
42.689894,2.625491,34.909013,20.8625860383,0.544549,0.318381,S2B_MSIL2A_20190814T031549_N0213_R118_T48PXS_20190814T082907,1565771347000,Long An,2019-08-14 08:29:07,1.724293659919822
42.689894,2.625491,34.909013,20.8625860383,0.544549,0.318381,S2B_MSIL2A_20190814T031549_N0213_R118_T48PXS_20190814T082907,1565771347000,Tien Giang,2019-08-14 08:29:07,1.399738983321394
38.051488,3.389379,29.649696,21.7259958734,1.320596,0.0,S2B_MSIL2A_20190814T031549_N0213_R118_T48PWS_20190814T082907,1565771347000,Soc Trang,2019-08-14 08:29:07,1.035162886992406
38.051488,3.389379,29.649696,21.7259958734,1.320596,0.0,S2B_MSIL2A_20190814T031549_N0213_R118_T48PWS_20190814T082907,1565771347000,Tra Vinh,2019-08-14 08:29:07,1.3659680053497432
38.051488,3.389379,29.649696,21.7259958734,1.320596,0.0,S2B_MSIL2A_20190814T031549_N0213_R118_T48PWS_20190814T082907,1565771347000,Vinh Long,2019-08-14 08:29:07,3.45755708571688
38.051488,3.389379,29.649696,21.7259958734,1.320596,0.0,S2B_MSIL2A_20190814T031549_N0213_R118_T48PWS_20190814T082907,1565771347000,Can Tho city,2019-08-14 08:29:07,1.137044342350691
38.051488,3.389379,29.649696,21.7259958734,1.320596,0.0,S2B_MSIL2A_20190814T031549_N0213_R118_T48PWS_20190814T082907,1565771347000,Hau Giang,2019-08-14 08:29:07,0.9203585639836213
38.051488,3.389379,29.649696,21.7259958734,1.320596,0.0,S2B_MSIL2A_20190814T031549_N0213_R118_T48PWS_20190814T082907,1565771347000,An Giang,2019-08-14 08:29:07,0.3905762580494884
38.051488,3.389379,29.649696,21.7259958734,1.320596,0.0,S2B_MSIL2A_20190814T031549_N0213_R118_T48PWS_20190814T082907,1565771347000,Dong Thap,2019-08-14 08:29:07,0.9063435419582445
38.051488,3.389379,29.649696,21.7259958734,1.320596,0.0,S2B_MSIL2A_20190814T031549_N0213_R118_T48PWS_20190814T082907,1565771347000,Kien Giang,2019-08-14 08:29:07,0.5840461819368351
38.051488,3.389379,29.649696,21.7259958734,1.320596,0.0,S2B_MSIL2A_20190814T031549_N0213_R118_T48PWS_20190814T082907,1565771347000,Long An,2019-08-14 08:29:07,1.724293659919822
38.051488,3.389379,29.649696,21.7259958734,1.320596,0.0,S2B_MSIL2A_20190814T031549_N0213_R118_T48PWS_20190814T082907,1565771347000,Tien Giang,2019-08-14 08:29:07,1.399738983321394
28.941271,15.619616,25.141305,22.5913377742,28.361925,0.003026,S2B_MSIL2A_20190814T031549_N0213_R118_T48PVS_20190814T082907,1565771347000,An Giang,2019-08-14 08:29:07,0.3905762580494884
28.941271,15.619616,25.141305,22.5913377742,28.361925,0.003026,S2B_MSIL2A_20190814T031549_N0213_R118_T48PVS_20190814T082907,1565771347000,Kien Giang,2019-08-14 08:29:07,0.5840461819368351
44.902943,32.74408,24.488734,23.4576680593,26.342833,0.000586,S2B_MSIL2A_20190814T031549_N0213_R118_T48PUS_20190814T082907,1565771347000,Kien Giang,2019-08-14 08:29:07,0.5840461819368351
26.886867,0.864829,44.821858,20.366540807,0.271875,0.0,S2A_MSIL2A_20190819T031541_N0213_R118_T48PXT_20190819T091330,1566206010000,Dong Thap,2019-08-19 09:13:30,2.6145743476733414
26.886867,0.864829,44.821858,20.366540807,0.271875,0.0,S2A_MSIL2A_20190819T031541_N0213_R118_T48PXT_20190819T091330,1566206010000,Long An,2019-08-19 09:13:30,3.749947175912286
19.799995,7.534167,43.219253,21.2481745215,1.558273,0.0,S2A_MSIL2A_20190819T031541_N0213_R118_T48PWT_20190819T091330,1566206010000,An Giang,2019-08-19 09:13:30,2.2449086998444003
19.799995,7.534167,43.219253,21.2481745215,1.558273,0.0,S2A_MSIL2A_20190819T031541_N0213_R118_T48PWT_20190819T091330,1566206010000,Dong Thap,2019-08-19 09:13:30,2.6145743476733414
19.799995,7.534167,43.219253,21.2481745215,1.558273,0.0,S2A_MSIL2A_20190819T031541_N0213_R118_T48PWT_20190819T091330,1566206010000,Long An,2019-08-19 09:13:30,3.749947175912286
26.116638,14.309776,45.643118,22.1304097602,0.763406,0.0,S2A_MSIL2A_20190819T031541_N0213_R118_T48PVT_20190819T091330,1566206010000,An Giang,2019-08-19 09:13:30,2.2449086998444003
29.990949,4.057096,36.016306,20.4360408586,0.795909,0.007775,S2A_MSIL2A_20190819T031541_N0213_R118_T48PXS_20190819T091330,1566206010000,Soc Trang,2019-08-19 09:13:30,5.115444326518273
29.990949,4.057096,36.016306,20.4360408586,0.795909,0.007775,S2A_MSIL2A_20190819T031541_N0213_R118_T48PXS_20190819T091330,1566206010000,Tra Vinh,2019-08-19 09:13:30,4.840126494643054
29.990949,4.057096,36.016306,20.4360408586,0.795909,0.007775,S2A_MSIL2A_20190819T031541_N0213_R118_T48PXS_20190819T091330,1566206010000,Vinh Long,2019-08-19 09:13:30,3.85830846223747
29.990949,4.057096,36.016306,20.4360408586,0.795909,0.007775,S2A_MSIL2A_20190819T031541_N0213_R118_T48PXS_20190819T091330,1566206010000,Ben Tre,2019-08-19 09:13:30,3.5657612402922614
29.990949,4.057096,36.016306,20.4360408586,0.795909,0.007775,S2A_MSIL2A_20190819T031541_N0213_R118_T48PXS_20190819T091330,1566206010000,Dong Thap,2019-08-19 09:13:30,2.6145743476733414
29.990949,4.057096,36.016306,20.4360408586,0.795909,0.007775,S2A_MSIL2A_20190819T031541_N0213_R118_T48PXS_20190819T091330,1566206010000,Long An,2019-08-19 09:13:30,3.749947175912286
29.990949,4.057096,36.016306,20.4360408586,0.795909,0.007775,S2A_MSIL2A_20190819T031541_N0213_R118_T48PXS_20190819T091330,1566206010000,Tien Giang,2019-08-19 09:13:30,3.4916066960222154
33.444203,1.904029,30.302706,21.3125500639,1.129167,0.0,S2A_MSIL2A_20190819T031541_N0213_R118_T48PWS_20190819T091330,1566206010000,Soc Trang,2019-08-19 09:13:30,5.115444326518273
33.444203,1.904029,30.302706,21.3125500639,1.129167,0.0,S2A_MSIL2A_20190819T031541_N0213_R118_T48PWS_20190819T091330,1566206010000,Tra Vinh,2019-08-19 09:13:30,4.840126494643054
33.444203,1.904029,30.302706,21.3125500639,1.129167,0.0,S2A_MSIL2A_20190819T031541_N0213_R118_T48PWS_20190819T091330,1566206010000,Vinh Long,2019-08-19 09:13:30,3.85830846223747
33.444203,1.904029,30.302706,21.3125500639,1.129167,0.0,S2A_MSIL2A_20190819T031541_N0213_R118_T48PWS_20190819T091330,1566206010000,Can Tho city,2019-08-19 09:13:30,2.902500903455794
33.444203,1.904029,30.302706,21.3125500639,1.129167,0.0,S2A_MSIL2A_20190819T031541_N0213_R118_T48PWS_20190819T091330,1566206010000,Hau Giang,2019-08-19 09:13:30,5.3565520659327035
33.444203,1.904029,30.302706,21.3125500639,1.129167,0.0,S2A_MSIL2A_20190819T031541_N0213_R118_T48PWS_20190819T091330,1566206010000,An Giang,2019-08-19 09:13:30,2.2449086998444003
33.444203,1.904029,30.302706,21.3125500639,1.129167,0.0,S2A_MSIL2A_20190819T031541_N0213_R118_T48PWS_20190819T091330,1566206010000,Dong Thap,2019-08-19 09:13:30,2.6145743476733414
33.444203,1.904029,30.302706,21.3125500639,1.129167,0.0,S2A_MSIL2A_20190819T031541_N0213_R118_T48PWS_20190819T091330,1566206010000,Kien Giang,2019-08-19 09:13:30,3.1664777045210664
33.444203,1.904029,30.302706,21.3125500639,1.129167,0.0,S2A_MSIL2A_20190819T031541_N0213_R118_T48PWS_20190819T091330,1566206010000,Long An,2019-08-19 09:13:30,3.749947175912286
33.444203,1.904029,30.302706,21.3125500639,1.129167,0.0,S2A_MSIL2A_20190819T031541_N0213_R118_T48PWS_20190819T091330,1566206010000,Tien Giang,2019-08-19 09:13:30,3.4916066960222154
26.114612,6.57322,24.881443,22.1900400608,31.585813,0.000561,S2A_MSIL2A_20190819T031541_N0213_R118_T48PVS_20190819T091330,1566206010000,An Giang,2019-08-19 09:13:30,2.2449086998444003
26.114612,6.57322,24.881443,22.1900400608,31.585813,0.000561,S2A_MSIL2A_20190819T031541_N0213_R118_T48PVS_20190819T091330,1566206010000,Kien Giang,2019-08-19 09:13:30,3.1664777045210664
20.343253,6.385154,22.993976,23.0676615852,49.806145,0.000492,S2A_MSIL2A_20190819T031541_N0213_R118_T48PUS_20190819T091330,1566206010000,Kien Giang,2019-08-19 09:13:30,3.1664777045210664
48.928109,8.752155,18.263695,20.5428239052,18.65471,0.003684,S2A_MSIL2A_20190819T031541_N0213_R118_T48PXR_20190819T091330,1566206010000,Soc Trang,2019-08-19 09:13:30,5.115444326518273
48.928109,8.752155,18.263695,20.5428239052,18.65471,0.003684,S2A_MSIL2A_20190819T031541_N0213_R118_T48PXR_20190819T091330,1566206010000,Tra Vinh,2019-08-19 09:13:30,4.840126494643054
48.928109,8.752155,18.263695,20.5428239052,18.65471,0.003684,S2A_MSIL2A_20190819T031541_N0213_R118_T48PXR_20190819T091330,1566206010000,Vinh Long,2019-08-19 09:13:30,3.85830846223747
48.928109,8.752155,18.263695,20.5428239052,18.65471,0.003684,S2A_MSIL2A_20190819T031541_N0213_R118_T48PXR_20190819T091330,1566206010000,Ben Tre,2019-08-19 09:13:30,3.5657612402922614
32.963328,3.929093,21.615823,21.4127988061,10.49073,0.007313,S2A_MSIL2A_20190819T031541_N0213_R118_T48PWR_20190819T091330,1566206010000,Soc Trang,2019-08-19 09:13:30,5.115444326518273
32.963328,3.929093,21.615823,21.4127988061,10.49073,0.007313,S2A_MSIL2A_20190819T031541_N0213_R118_T48PWR_20190819T091330,1566206010000,Tra Vinh,2019-08-19 09:13:30,4.840126494643054
32.963328,3.929093,21.615823,21.4127988061,10.49073,0.007313,S2A_MSIL2A_20190819T031541_N0213_R118_T48PWR_20190819T091330,1566206010000,Vinh Long,2019-08-19 09:13:30,3.85830846223747
32.963328,3.929093,21.615823,21.4127988061,10.49073,0.007313,S2A_MSIL2A_20190819T031541_N0213_R118_T48PWR_20190819T091330,1566206010000,Bac Lieu,2019-08-19 09:13:30,1.6490824902792396
32.963328,3.929093,21.615823,21.4127988061,10.49073,0.007313,S2A_MSIL2A_20190819T031541_N0213_R118_T48PWR_20190819T091330,1566206010000,Ca Mau,2019-08-19 09:13:30,0.9745564899527079
32.963328,3.929093,21.615823,21.4127988061,10.49073,0.007313,S2A_MSIL2A_20190819T031541_N0213_R118_T48PWR_20190819T091330,1566206010000,Can Tho city,2019-08-19 09:13:30,2.902500903455794
32.963328,3.929093,21.615823,21.4127988061,10.49073,0.007313,S2A_MSIL2A_20190819T031541_N0213_R118_T48PWR_20190819T091330,1566206010000,Hau Giang,2019-08-19 09:13:30,5.3565520659327035
32.963328,3.929093,21.615823,21.4127988061,10.49073,0.007313,S2A_MSIL2A_20190819T031541_N0213_R118_T48PWR_20190819T091330,1566206010000,Kien Giang,2019-08-19 09:13:30,3.1664777045210664
15.878842,6.589556,6.420197,22.2842456433,66.722411,0.0,S2A_MSIL2A_20190819T031541_N0213_R118_T48PVR_20190819T091330,1566206010000,Ca Mau,2019-08-19 09:13:30,0.9745564899527079
15.878842,6.589556,6.420197,22.2842456433,66.722411,0.0,S2A_MSIL2A_20190819T031541_N0213_R118_T48PVR_20190819T091330,1566206010000,Kien Giang,2019-08-19 09:13:30,3.1664777045210664
13.615372,8.875048,0.044012,23.1562636396,86.325407,0.0,S2A_MSIL2A_20190819T031541_N0213_R118_T48PUR_20190819T091330,1566206010000,Kien Giang,2019-08-19 09:13:30,3.1664777045210664
18.052548,10.571093,2.574364,21.5486625826,74.267608,0.002485,S2A_MSIL2A_20190819T031541_N0213_R118_T48PWQ_20190819T091330,1566206010000,Bac Lieu,2019-08-19 09:13:30,1.6490824902792396
18.052548,10.571093,2.574364,21.5486625826,74.267608,0.002485,S2A_MSIL2A_20190819T031541_N0213_R118_T48PWQ_20190819T091330,1566206010000,Ca Mau,2019-08-19 09:13:30,0.9745564899527079
15.395443,8.699735,4.202873,22.4128058816,73.66842,0.000236,S2A_MSIL2A_20190819T031541_N0213_R118_T48PVQ_20190819T091330,1566206010000,Ca Mau,2019-08-19 09:13:30,0.9745564899527079
49.041633,6.497677,17.756034,22.6918991506,15.738915,0.130483,S2B_MSIL2A_20190821T030549_N0213_R075_T48PXS_20190821T083241,1566376361000,Tra Vinh,2019-08-21 08:32:41,6.419815260949016
49.041633,6.497677,17.756034,22.6918991506,15.738915,0.130483,S2B_MSIL2A_20190821T030549_N0213_R075_T48PXS_20190821T083241,1566376361000,Ben Tre,2019-08-21 08:32:41,6.407536116058805
49.041633,6.497677,17.756034,22.6918991506,15.738915,0.130483,S2B_MSIL2A_20190821T030549_N0213_R075_T48PXS_20190821T083241,1566376361000,Long An,2019-08-21 08:32:41,6.963486720267113
49.041633,6.497677,17.756034,22.6918991506,15.738915,0.130483,S2B_MSIL2A_20190821T030549_N0213_R075_T48PXS_20190821T083241,1566376361000,Tien Giang,2019-08-21 08:32:41,6.69854013886233
29.025451,13.468727,4.12505,22.7623773434,60.583204,0.003126,S2B_MSIL2A_20190821T030549_N0213_R075_T48PXR_20190821T083241,1566376361000,Soc Trang,2019-08-21 08:32:41,6.112206020813453
29.025451,13.468727,4.12505,22.7623773434,60.583204,0.003126,S2B_MSIL2A_20190821T030549_N0213_R075_T48PXR_20190821T083241,1566376361000,Tra Vinh,2019-08-21 08:32:41,6.419815260949016
29.025451,13.468727,4.12505,22.7623773434,60.583204,0.003126,S2B_MSIL2A_20190821T030549_N0213_R075_T48PXR_20190821T083241,1566376361000,Vinh Long,2019-08-21 08:32:41,5.826518316257136
29.025451,13.468727,4.12505,22.7623773434,60.583204,0.003126,S2B_MSIL2A_20190821T030549_N0213_R075_T48PXR_20190821T083241,1566376361000,Ben Tre,2019-08-21 08:32:41,6.407536116058805
40.698177,10.618062,1.316306,22.0483003387,55.154014,0.039282,S2B_MSIL2A_20190831T030549_N0213_R075_T48PXR_20190831T090354,1567242234000,Soc Trang,2019-08-31 09:03:54,11.621138911459992
40.698177,10.618062,1.316306,22.0483003387,55.154014,0.039282,S2B_MSIL2A_20190831T030549_N0213_R075_T48PXR_20190831T090354,1567242234000,Tra Vinh,2019-08-31 09:03:54,9.273639816155177
40.698177,10.618062,1.316306,22.0483003387,55.154014,0.039282,S2B_MSIL2A_20190831T030549_N0213_R075_T48PXR_20190831T090354,1567242234000,Vinh Long,2019-08-31 09:03:54,7.985492632678814
40.698177,10.618062,1.316306,22.0483003387,55.154014,0.039282,S2B_MSIL2A_20190831T030549_N0213_R075_T48PXR_20190831T090354,1567242234000,Ben Tre,2019-08-31 09:03:54,7.583199670886699
46.416602,10.564277,0.050018,19.7650996896,53.492624,0.0,S2A_MSIL2A_20190901T032541_N0213_R018_T48PUR_20190901T073044,1567323044000,Kien Giang,2019-09-01 07:30:44,13.540256538023598
39.838193,11.35615,4.684668,21.8534864592,47.311607,0.000144,S2A_MSIL2A_20190905T030541_N0213_R075_T48PXR_20190905T070954,1567667394000,Soc Trang,2019-09-05 07:09:54,6.789861580608208
39.838193,11.35615,4.684668,21.8534864592,47.311607,0.000144,S2A_MSIL2A_20190905T030541_N0213_R075_T48PXR_20190905T070954,1567667394000,Tra Vinh,2019-09-05 07:09:54,4.673303842711058
39.838193,11.35615,4.684668,21.8534864592,47.311607,0.000144,S2A_MSIL2A_20190905T030541_N0213_R075_T48PXR_20190905T070954,1567667394000,Vinh Long,2019-09-05 07:09:54,3.9475581059232745
39.838193,11.35615,4.684668,21.8534864592,47.311607,0.000144,S2A_MSIL2A_20190905T030541_N0213_R075_T48PXR_20190905T070954,1567667394000,Ben Tre,2019-09-05 07:09:54,5.25802070239344
47.205755,40.408751,0.162834,19.586044567,52.617258,0.0,S2B_MSIL2A_20190906T032539_N0213_R018_T48PUR_20190906T092042,1567761642000,Kien Giang,2019-09-06 09:20:42,6.714250372421603
31.190756,26.866421,0.169126,19.5874786232,65.239578,0.0,S2A_MSIL2A_20190911T032541_N0213_R018_T48PUR_20190911T091616,1568193376000,Kien Giang,2019-09-11 09:16:16,6.605988522722458
44.002293,1.418047,30.468684,21.0793114201,0.660339,0.0,S2B_MSIL2A_20190923T031539_N0213_R118_T48PXT_20190923T091155,1569229915000,Dong Thap,2019-09-23 09:11:55,4.840262675536003
44.002293,1.418047,30.468684,21.0793114201,0.660339,0.0,S2B_MSIL2A_20190923T031539_N0213_R118_T48PXT_20190923T091155,1569229915000,Long An,2019-09-23 09:11:55,4.966748460781642
40.683208,15.548651,19.861016,21.8480982496,15.528399,0.0,S2B_MSIL2A_20190923T031539_N0213_R118_T48PWT_20190923T091155,1569229915000,An Giang,2019-09-23 09:11:55,4.768790035078115
40.683208,15.548651,19.861016,21.8480982496,15.528399,0.0,S2B_MSIL2A_20190923T031539_N0213_R118_T48PWT_20190923T091155,1569229915000,Dong Thap,2019-09-23 09:11:55,4.840262675536003
40.683208,15.548651,19.861016,21.8480982496,15.528399,0.0,S2B_MSIL2A_20190923T031539_N0213_R118_T48PWT_20190923T091155,1569229915000,Long An,2019-09-23 09:11:55,4.966748460781642
45.863829,18.552101,28.093514,20.5801731052,1.47231,0.034071,S2B_MSIL2A_20190923T031539_N0213_R118_T48PXS_20190923T091155,1569229915000,Soc Trang,2019-09-23 09:11:55,2.4748688826222107
45.863829,18.552101,28.093514,20.5801731052,1.47231,0.034071,S2B_MSIL2A_20190923T031539_N0213_R118_T48PXS_20190923T091155,1569229915000,Tra Vinh,2019-09-23 09:11:55,1.809132534814977
45.863829,18.552101,28.093514,20.5801731052,1.47231,0.034071,S2B_MSIL2A_20190923T031539_N0213_R118_T48PXS_20190923T091155,1569229915000,Vinh Long,2019-09-23 09:11:55,3.8267058127062565
45.863829,18.552101,28.093514,20.5801731052,1.47231,0.034071,S2B_MSIL2A_20190923T031539_N0213_R118_T48PXS_20190923T091155,1569229915000,Ben Tre,2019-09-23 09:11:55,1.7181799567894835
45.863829,18.552101,28.093514,20.5801731052,1.47231,0.034071,S2B_MSIL2A_20190923T031539_N0213_R118_T48PXS_20190923T091155,1569229915000,Dong Thap,2019-09-23 09:11:55,4.840262675536003
45.863829,18.552101,28.093514,20.5801731052,1.47231,0.034071,S2B_MSIL2A_20190923T031539_N0213_R118_T48PXS_20190923T091155,1569229915000,Long An,2019-09-23 09:11:55,4.966748460781642
45.863829,18.552101,28.093514,20.5801731052,1.47231,0.034071,S2B_MSIL2A_20190923T031539_N0213_R118_T48PXS_20190923T091155,1569229915000,Tien Giang,2019-09-23 09:11:55,3.4336796924462867
27.237796,2.653764,25.474256,21.3634895263,14.510401,0.0,S2B_MSIL2A_20190923T031539_N0213_R118_T48PWS_20190923T091155,1569229915000,Soc Trang,2019-09-23 09:11:55,2.4748688826222107
27.237796,2.653764,25.474256,21.3634895263,14.510401,0.0,S2B_MSIL2A_20190923T031539_N0213_R118_T48PWS_20190923T091155,1569229915000,Tra Vinh,2019-09-23 09:11:55,1.809132534814977
27.237796,2.653764,25.474256,21.3634895263,14.510401,0.0,S2B_MSIL2A_20190923T031539_N0213_R118_T48PWS_20190923T091155,1569229915000,Vinh Long,2019-09-23 09:11:55,3.8267058127062565
27.237796,2.653764,25.474256,21.3634895263,14.510401,0.0,S2B_MSIL2A_20190923T031539_N0213_R118_T48PWS_20190923T091155,1569229915000,Can Tho city,2019-09-23 09:11:55,4.459360437893795
27.237796,2.653764,25.474256,21.3634895263,14.510401,0.0,S2B_MSIL2A_20190923T031539_N0213_R118_T48PWS_20190923T091155,1569229915000,Hau Giang,2019-09-23 09:11:55,4.196881557314383
27.237796,2.653764,25.474256,21.3634895263,14.510401,0.0,S2B_MSIL2A_20190923T031539_N0213_R118_T48PWS_20190923T091155,1569229915000,An Giang,2019-09-23 09:11:55,4.768790035078115
27.237796,2.653764,25.474256,21.3634895263,14.510401,0.0,S2B_MSIL2A_20190923T031539_N0213_R118_T48PWS_20190923T091155,1569229915000,Dong Thap,2019-09-23 09:11:55,4.840262675536003
27.237796,2.653764,25.474256,21.3634895263,14.510401,0.0,S2B_MSIL2A_20190923T031539_N0213_R118_T48PWS_20190923T091155,1569229915000,Kien Giang,2019-09-23 09:11:55,6.160664157403299
27.237796,2.653764,25.474256,21.3634895263,14.510401,0.0,S2B_MSIL2A_20190923T031539_N0213_R118_T48PWS_20190923T091155,1569229915000,Long An,2019-09-23 09:11:55,4.966748460781642
27.237796,2.653764,25.474256,21.3634895263,14.510401,0.0,S2B_MSIL2A_20190923T031539_N0213_R118_T48PWS_20190923T091155,1569229915000,Tien Giang,2019-09-23 09:11:55,3.4336796924462867
36.094753,5.180318,11.890007,22.1543984088,34.35044,1.302394,S2B_MSIL2A_20190923T031539_N0213_R118_T48PVS_20190923T091155,1569229915000,An Giang,2019-09-23 09:11:55,4.768790035078115
36.094753,5.180318,11.890007,22.1543984088,34.35044,1.302394,S2B_MSIL2A_20190923T031539_N0213_R118_T48PVS_20190923T091155,1569229915000,Kien Giang,2019-09-23 09:11:55,6.160664157403299
43.826392,8.643816,18.911536,20.1078714625,15.737852,0.081215,S2B_MSIL2A_20190923T031539_N0213_R118_T48PXR_20190923T091155,1569229915000,Soc Trang,2019-09-23 09:11:55,2.4748688826222107
43.826392,8.643816,18.911536,20.1078714625,15.737852,0.081215,S2B_MSIL2A_20190923T031539_N0213_R118_T48PXR_20190923T091155,1569229915000,Tra Vinh,2019-09-23 09:11:55,1.809132534814977
43.826392,8.643816,18.911536,20.1078714625,15.737852,0.081215,S2B_MSIL2A_20190923T031539_N0213_R118_T48PXR_20190923T091155,1569229915000,Vinh Long,2019-09-23 09:11:55,3.8267058127062565
43.826392,8.643816,18.911536,20.1078714625,15.737852,0.081215,S2B_MSIL2A_20190923T031539_N0213_R118_T48PXR_20190923T091155,1569229915000,Ben Tre,2019-09-23 09:11:55,1.7181799567894835
29.407806,7.495646,11.699442,20.9054495298,14.699708,0.620741,S2B_MSIL2A_20190923T031539_N0213_R118_T48PWR_20190923T091155,1569229915000,Soc Trang,2019-09-23 09:11:55,2.4748688826222107
29.407806,7.495646,11.699442,20.9054495298,14.699708,0.620741,S2B_MSIL2A_20190923T031539_N0213_R118_T48PWR_20190923T091155,1569229915000,Tra Vinh,2019-09-23 09:11:55,1.809132534814977
29.407806,7.495646,11.699442,20.9054495298,14.699708,0.620741,S2B_MSIL2A_20190923T031539_N0213_R118_T48PWR_20190923T091155,1569229915000,Vinh Long,2019-09-23 09:11:55,3.8267058127062565
29.407806,7.495646,11.699442,20.9054495298,14.699708,0.620741,S2B_MSIL2A_20190923T031539_N0213_R118_T48PWR_20190923T091155,1569229915000,Bac Lieu,2019-09-23 09:11:55,4.328166168787196
29.407806,7.495646,11.699442,20.9054495298,14.699708,0.620741,S2B_MSIL2A_20190923T031539_N0213_R118_T48PWR_20190923T091155,1569229915000,Ca Mau,2019-09-23 09:11:55,5.18786709280501
29.407806,7.495646,11.699442,20.9054495298,14.699708,0.620741,S2B_MSIL2A_20190923T031539_N0213_R118_T48PWR_20190923T091155,1569229915000,Can Tho city,2019-09-23 09:11:55,4.459360437893795
29.407806,7.495646,11.699442,20.9054495298,14.699708,0.620741,S2B_MSIL2A_20190923T031539_N0213_R118_T48PWR_20190923T091155,1569229915000,Hau Giang,2019-09-23 09:11:55,4.196881557314383
29.407806,7.495646,11.699442,20.9054495298,14.699708,0.620741,S2B_MSIL2A_20190923T031539_N0213_R118_T48PWR_20190923T091155,1569229915000,Kien Giang,2019-09-23 09:11:55,6.160664157403299
33.039824,7.448409,0.93725,21.7098040011,56.506968,0.0,S2B_MSIL2A_20190923T031539_N0213_R118_T48PVR_20190923T091155,1569229915000,Ca Mau,2019-09-23 09:11:55,5.18786709280501
33.039824,7.448409,0.93725,21.7098040011,56.506968,0.0,S2B_MSIL2A_20190923T031539_N0213_R118_T48PVR_20190923T091155,1569229915000,Kien Giang,2019-09-23 09:11:55,6.160664157403299
15.377835,12.278879,0.046682,22.5195261015,84.57166,0.0,S2B_MSIL2A_20190923T031539_N0213_R118_T48PUR_20190923T091155,1569229915000,Kien Giang,2019-09-23 09:11:55,6.160664157403299
21.559487,17.164353,0.719098,20.4752399109,71.144408,0.034446,S2B_MSIL2A_20190923T031539_N0213_R118_T48PWQ_20190923T091155,1569229915000,Bac Lieu,2019-09-23 09:11:55,4.328166168787196
21.559487,17.164353,0.719098,20.4752399109,71.144408,0.034446,S2B_MSIL2A_20190923T031539_N0213_R118_T48PWQ_20190923T091155,1569229915000,Ca Mau,2019-09-23 09:11:55,5.18786709280501
29.686988,12.073878,0.265119,21.2926291266,62.832838,0.113055,S2B_MSIL2A_20190923T031539_N0213_R118_T48PVQ_20190923T091155,1569229915000,Ca Mau,2019-09-23 09:11:55,5.18786709280501
6.430343,2.273327,40.983853,22.9679095678,26.261252,0.0001,S2A_MSIL2A_20190925T030541_N0213_R075_T48PXS_20190925T091801,1569403081000,Tra Vinh,2019-09-25 09:18:01,0.14328026048107242
6.430343,2.273327,40.983853,22.9679095678,26.261252,0.0001,S2A_MSIL2A_20190925T030541_N0213_R075_T48PXS_20190925T091801,1569403081000,Ben Tre,2019-09-25 09:18:01,0.9959326237517505
6.430343,2.273327,40.983853,22.9679095678,26.261252,0.0001,S2A_MSIL2A_20190925T030541_N0213_R075_T48PXS_20190925T091801,1569403081000,Long An,2019-09-25 09:18:01,6.108273374084024
6.430343,2.273327,40.983853,22.9679095678,26.261252,0.0001,S2A_MSIL2A_20190925T030541_N0213_R075_T48PXS_20190925T091801,1569403081000,Tien Giang,2019-09-25 09:18:01,3.435018867683812
15.425707,12.149684,6.817185,22.5115663125,68.759412,0.0,S2A_MSIL2A_20190925T030541_N0213_R075_T48PXR_20190925T091801,1569403081000,Soc Trang,2019-09-25 09:18:01,0.4641187785783627
15.425707,12.149684,6.817185,22.5115663125,68.759412,0.0,S2A_MSIL2A_20190925T030541_N0213_R075_T48PXR_20190925T091801,1569403081000,Tra Vinh,2019-09-25 09:18:01,0.14328026048107242
15.425707,12.149684,6.817185,22.5115663125,68.759412,0.0,S2A_MSIL2A_20190925T030541_N0213_R075_T48PXR_20190925T091801,1569403081000,Vinh Long,2019-09-25 09:18:01,2.626425375464895
15.425707,12.149684,6.817185,22.5115663125,68.759412,0.0,S2A_MSIL2A_20190925T030541_N0213_R075_T48PXR_20190925T091801,1569403081000,Ben Tre,2019-09-25 09:18:01,0.9959326237517505
19.60729,2.190187,59.594023,21.839039701,1.980225,0.0,S2A_MSIL2A_20190928T031541_N0213_R118_T48PXT_20190928T072156,1569655316000,Dong Thap,2019-09-28 07:21:56,5.995109530952919
19.60729,2.190187,59.594023,21.839039701,1.980225,0.0,S2A_MSIL2A_20190928T031541_N0213_R118_T48PXT_20190928T072156,1569655316000,Long An,2019-09-28 07:21:56,5.9760446496315245
27.296413,22.222637,39.658636,22.5663021629,13.497251,0.0,S2A_MSIL2A_20190928T031541_N0213_R118_T48PWT_20190928T072156,1569655316000,An Giang,2019-09-28 07:21:56,6.868610910756093
27.296413,22.222637,39.658636,22.5663021629,13.497251,0.0,S2A_MSIL2A_20190928T031541_N0213_R118_T48PWT_20190928T072156,1569655316000,Dong Thap,2019-09-28 07:21:56,5.995109530952919
27.296413,22.222637,39.658636,22.5663021629,13.497251,0.0,S2A_MSIL2A_20190928T031541_N0213_R118_T48PWT_20190928T072156,1569655316000,Long An,2019-09-28 07:21:56,5.9760446496315245
47.247456,1.01532,10.303085,20.7319809258,23.123816,1.873064,S2A_MSIL2A_20190928T031541_N0213_R118_T48PXR_20190928T072156,1569655316000,Soc Trang,2019-09-28 07:21:56,2.9227659987167063
47.247456,1.01532,10.303085,20.7319809258,23.123816,1.873064,S2A_MSIL2A_20190928T031541_N0213_R118_T48PXR_20190928T072156,1569655316000,Tra Vinh,2019-09-28 07:21:56,2.2875389310090477
47.247456,1.01532,10.303085,20.7319809258,23.123816,1.873064,S2A_MSIL2A_20190928T031541_N0213_R118_T48PXR_20190928T072156,1569655316000,Vinh Long,2019-09-28 07:21:56,5.155477792590172
47.247456,1.01532,10.303085,20.7319809258,23.123816,1.873064,S2A_MSIL2A_20190928T031541_N0213_R118_T48PXR_20190928T072156,1569655316000,Ben Tre,2019-09-28 07:21:56,2.1237383236427054
45.355798,2.840705,6.258152,21.4896709685,13.295679,3.232303,S2A_MSIL2A_20190928T031541_N0213_R118_T48PWR_20190928T072156,1569655316000,Soc Trang,2019-09-28 07:21:56,2.9227659987167063
45.355798,2.840705,6.258152,21.4896709685,13.295679,3.232303,S2A_MSIL2A_20190928T031541_N0213_R118_T48PWR_20190928T072156,1569655316000,Tra Vinh,2019-09-28 07:21:56,2.2875389310090477
45.355798,2.840705,6.258152,21.4896709685,13.295679,3.232303,S2A_MSIL2A_20190928T031541_N0213_R118_T48PWR_20190928T072156,1569655316000,Vinh Long,2019-09-28 07:21:56,5.155477792590172
45.355798,2.840705,6.258152,21.4896709685,13.295679,3.232303,S2A_MSIL2A_20190928T031541_N0213_R118_T48PWR_20190928T072156,1569655316000,Bac Lieu,2019-09-28 07:21:56,4.117669063538127
45.355798,2.840705,6.258152,21.4896709685,13.295679,3.232303,S2A_MSIL2A_20190928T031541_N0213_R118_T48PWR_20190928T072156,1569655316000,Ca Mau,2019-09-28 07:21:56,5.987323382874621
45.355798,2.840705,6.258152,21.4896709685,13.295679,3.232303,S2A_MSIL2A_20190928T031541_N0213_R118_T48PWR_20190928T072156,1569655316000,Can Tho city,2019-09-28 07:21:56,6.501904958016894
45.355798,2.840705,6.258152,21.4896709685,13.295679,3.232303,S2A_MSIL2A_20190928T031541_N0213_R118_T48PWR_20190928T072156,1569655316000,Hau Giang,2019-09-28 07:21:56,5.6646372060676855
45.355798,2.840705,6.258152,21.4896709685,13.295679,3.232303,S2A_MSIL2A_20190928T031541_N0213_R118_T48PWR_20190928T072156,1569655316000,Kien Giang,2019-09-28 07:21:56,8.91021690374867
17.27032,0.606406,52.508509,22.7632757306,4.233051,0.0,S2B_MSIL2A_20191003T031549_N0213_R118_T48PXT_20191003T082409,1570091049000,Dong Thap,2019-10-03 08:24:09,10.362663567133817
17.27032,0.606406,52.508509,22.7632757306,4.233051,0.0,S2B_MSIL2A_20191003T031549_N0213_R118_T48PXT_20191003T082409,1570091049000,Long An,2019-10-03 08:24:09,11.175689649786724
18.297545,3.678076,34.887919,23.4474551857,20.438939,0.0,S2B_MSIL2A_20191003T031549_N0213_R118_T48PWT_20191003T082409,1570091049000,An Giang,2019-10-03 08:24:09,10.906840813519592
18.297545,3.678076,34.887919,23.4474551857,20.438939,0.0,S2B_MSIL2A_20191003T031549_N0213_R118_T48PWT_20191003T082409,1570091049000,Dong Thap,2019-10-03 08:24:09,10.362663567133817
18.297545,3.678076,34.887919,23.4474551857,20.438939,0.0,S2B_MSIL2A_20191003T031549_N0213_R118_T48PWT_20191003T082409,1570091049000,Long An,2019-10-03 08:24:09,11.175689649786724
11.21649,3.981514,60.084969,24.1442074743,9.534677,0.0,S2B_MSIL2A_20191003T031549_N0213_R118_T48PVT_20191003T082409,1570091049000,An Giang,2019-10-03 08:24:09,10.906840813519592
12.693882,1.862825,47.44809,22.1419401403,10.092133,0.017392,S2B_MSIL2A_20191003T031549_N0213_R118_T48PXS_20191003T082409,1570091049000,Soc Trang,2019-10-03 08:24:09,11.820293122513908
12.693882,1.862825,47.44809,22.1419401403,10.092133,0.017392,S2B_MSIL2A_20191003T031549_N0213_R118_T48PXS_20191003T082409,1570091049000,Tra Vinh,2019-10-03 08:24:09,8.970616747689254
12.693882,1.862825,47.44809,22.1419401403,10.092133,0.017392,S2B_MSIL2A_20191003T031549_N0213_R118_T48PXS_20191003T082409,1570091049000,Vinh Long,2019-10-03 08:24:09,12.457097677350328
12.693882,1.862825,47.44809,22.1419401403,10.092133,0.017392,S2B_MSIL2A_20191003T031549_N0213_R118_T48PXS_20191003T082409,1570091049000,Ben Tre,2019-10-03 08:24:09,9.705366191764153
12.693882,1.862825,47.44809,22.1419401403,10.092133,0.017392,S2B_MSIL2A_20191003T031549_N0213_R118_T48PXS_20191003T082409,1570091049000,Dong Thap,2019-10-03 08:24:09,10.362663567133817
12.693882,1.862825,47.44809,22.1419401403,10.092133,0.017392,S2B_MSIL2A_20191003T031549_N0213_R118_T48PXS_20191003T082409,1570091049000,Long An,2019-10-03 08:24:09,11.175689649786724
12.693882,1.862825,47.44809,22.1419401403,10.092133,0.017392,S2B_MSIL2A_20191003T031549_N0213_R118_T48PXS_20191003T082409,1570091049000,Tien Giang,2019-10-03 08:24:09,11.634722843612971
15.982681,3.897453,30.139762,22.8412425631,25.542989,0.0,S2B_MSIL2A_20191003T031549_N0213_R118_T48PWS_20191003T082409,1570091049000,Soc Trang,2019-10-03 08:24:09,11.820293122513908
15.982681,3.897453,30.139762,22.8412425631,25.542989,0.0,S2B_MSIL2A_20191003T031549_N0213_R118_T48PWS_20191003T082409,1570091049000,Tra Vinh,2019-10-03 08:24:09,8.970616747689254
15.982681,3.897453,30.139762,22.8412425631,25.542989,0.0,S2B_MSIL2A_20191003T031549_N0213_R118_T48PWS_20191003T082409,1570091049000,Vinh Long,2019-10-03 08:24:09,12.457097677350328
15.982681,3.897453,30.139762,22.8412425631,25.542989,0.0,S2B_MSIL2A_20191003T031549_N0213_R118_T48PWS_20191003T082409,1570091049000,Can Tho city,2019-10-03 08:24:09,10.797854792044786
15.982681,3.897453,30.139762,22.8412425631,25.542989,0.0,S2B_MSIL2A_20191003T031549_N0213_R118_T48PWS_20191003T082409,1570091049000,Hau Giang,2019-10-03 08:24:09,11.523824839735761
15.982681,3.897453,30.139762,22.8412425631,25.542989,0.0,S2B_MSIL2A_20191003T031549_N0213_R118_T48PWS_20191003T082409,1570091049000,An Giang,2019-10-03 08:24:09,10.906840813519592
15.982681,3.897453,30.139762,22.8412425631,25.542989,0.0,S2B_MSIL2A_20191003T031549_N0213_R118_T48PWS_20191003T082409,1570091049000,Dong Thap,2019-10-03 08:24:09,10.362663567133817
15.982681,3.897453,30.139762,22.8412425631,25.542989,0.0,S2B_MSIL2A_20191003T031549_N0213_R118_T48PWS_20191003T082409,1570091049000,Kien Giang,2019-10-03 08:24:09,11.969635633919436
15.982681,3.897453,30.139762,22.8412425631,25.542989,0.0,S2B_MSIL2A_20191003T031549_N0213_R118_T48PWS_20191003T082409,1570091049000,Long An,2019-10-03 08:24:09,11.175689649786724
15.982681,3.897453,30.139762,22.8412425631,25.542989,0.0,S2B_MSIL2A_20191003T031549_N0213_R118_T48PWS_20191003T082409,1570091049000,Tien Giang,2019-10-03 08:24:09,11.634722843612971
21.012365,13.527554,26.371866,23.5526387307,37.934843,0.105039,S2B_MSIL2A_20191003T031549_N0213_R118_T48PVS_20191003T082409,1570091049000,An Giang,2019-10-03 08:24:09,10.906840813519592
21.012365,13.527554,26.371866,23.5526387307,37.934843,0.105039,S2B_MSIL2A_20191003T031549_N0213_R118_T48PVS_20191003T082409,1570091049000,Kien Giang,2019-10-03 08:24:09,11.969635633919436
18.7059,8.517275,22.085948,24.2744519093,53.964573,1.058394,S2B_MSIL2A_20191003T031549_N0213_R118_T48PUS_20191003T082409,1570091049000,Kien Giang,2019-10-03 08:24:09,11.969635633919436
28.871795,9.32467,22.330011,21.5395678281,28.766987,0.029562,S2B_MSIL2A_20191003T031549_N0213_R118_T48PXR_20191003T082409,1570091049000,Soc Trang,2019-10-03 08:24:09,11.820293122513908
28.871795,9.32467,22.330011,21.5395678281,28.766987,0.029562,S2B_MSIL2A_20191003T031549_N0213_R118_T48PXR_20191003T082409,1570091049000,Tra Vinh,2019-10-03 08:24:09,8.970616747689254
28.871795,9.32467,22.330011,21.5395678281,28.766987,0.029562,S2B_MSIL2A_20191003T031549_N0213_R118_T48PXR_20191003T082409,1570091049000,Vinh Long,2019-10-03 08:24:09,12.457097677350328
28.871795,9.32467,22.330011,21.5395678281,28.766987,0.029562,S2B_MSIL2A_20191003T031549_N0213_R118_T48PXR_20191003T082409,1570091049000,Ben Tre,2019-10-03 08:24:09,9.705366191764153
24.214097,11.881749,18.006742,22.2543031228,19.758475,0.008504,S2B_MSIL2A_20191003T031549_N0213_R118_T48PWR_20191003T082409,1570091049000,Soc Trang,2019-10-03 08:24:09,11.820293122513908
24.214097,11.881749,18.006742,22.2543031228,19.758475,0.008504,S2B_MSIL2A_20191003T031549_N0213_R118_T48PWR_20191003T082409,1570091049000,Tra Vinh,2019-10-03 08:24:09,8.970616747689254
24.214097,11.881749,18.006742,22.2543031228,19.758475,0.008504,S2B_MSIL2A_20191003T031549_N0213_R118_T48PWR_20191003T082409,1570091049000,Vinh Long,2019-10-03 08:24:09,12.457097677350328
24.214097,11.881749,18.006742,22.2543031228,19.758475,0.008504,S2B_MSIL2A_20191003T031549_N0213_R118_T48PWR_20191003T082409,1570091049000,Bac Lieu,2019-10-03 08:24:09,10.752198368369411
24.214097,11.881749,18.006742,22.2543031228,19.758475,0.008504,S2B_MSIL2A_20191003T031549_N0213_R118_T48PWR_20191003T082409,1570091049000,Ca Mau,2019-10-03 08:24:09,12.618723276877951
24.214097,11.881749,18.006742,22.2543031228,19.758475,0.008504,S2B_MSIL2A_20191003T031549_N0213_R118_T48PWR_20191003T082409,1570091049000,Can Tho city,2019-10-03 08:24:09,10.797854792044786
24.214097,11.881749,18.006742,22.2543031228,19.758475,0.008504,S2B_MSIL2A_20191003T031549_N0213_R118_T48PWR_20191003T082409,1570091049000,Hau Giang,2019-10-03 08:24:09,11.523824839735761
24.214097,11.881749,18.006742,22.2543031228,19.758475,0.008504,S2B_MSIL2A_20191003T031549_N0213_R118_T48PWR_20191003T082409,1570091049000,Kien Giang,2019-10-03 08:24:09,11.969635633919436
28.948012,19.487698,5.467872,22.9805665932,54.468805,0.0,S2B_MSIL2A_20191003T031549_N0213_R118_T48PVR_20191003T082409,1570091049000,Ca Mau,2019-10-03 08:24:09,12.618723276877951
28.948012,19.487698,5.467872,22.9805665932,54.468805,0.0,S2B_MSIL2A_20191003T031549_N0213_R118_T48PVR_20191003T082409,1570091049000,Kien Giang,2019-10-03 08:24:09,11.969635633919436
29.235482,20.459978,0.061805,23.716674884,70.676947,0.0,S2B_MSIL2A_20191003T031549_N0213_R118_T48PUR_20191003T082409,1570091049000,Kien Giang,2019-10-03 08:24:09,11.969635633919436
4.465387,0.810054,2.964542,21.6874498823,87.35851,0.219097,S2B_MSIL2A_20191003T031549_N0213_R118_T48PWQ_20191003T082409,1570091049000,Bac Lieu,2019-10-03 08:24:09,10.752198368369411
4.465387,0.810054,2.964542,21.6874498823,87.35851,0.219097,S2B_MSIL2A_20191003T031549_N0213_R118_T48PWQ_20191003T082409,1570091049000,Ca Mau,2019-10-03 08:24:09,12.618723276877951
18.176818,7.62734,3.410533,22.4287545877,72.433656,0.552045,S2B_MSIL2A_20191003T031549_N0213_R118_T48PVQ_20191003T082409,1570091049000,Ca Mau,2019-10-03 08:24:09,12.618723276877951
44.817951,25.530168,24.77823,24.4318213904,10.325542,0.045409,S2A_MSIL2A_20191005T030601_N0213_R075_T48PXS_20191005T070810,1570259290000,Tra Vinh,2019-10-05 07:08:10,9.753164595827313
44.817951,25.530168,24.77823,24.4318213904,10.325542,0.045409,S2A_MSIL2A_20191005T030601_N0213_R075_T48PXS_20191005T070810,1570259290000,Ben Tre,2019-10-05 07:08:10,9.520329832287748
44.817951,25.530168,24.77823,24.4318213904,10.325542,0.045409,S2A_MSIL2A_20191005T030601_N0213_R075_T48PXS_20191005T070810,1570259290000,Long An,2019-10-05 07:08:10,9.699964674041523
44.817951,25.530168,24.77823,24.4318213904,10.325542,0.045409,S2A_MSIL2A_20191005T030601_N0213_R075_T48PXS_20191005T070810,1570259290000,Tien Giang,2019-10-05 07:08:10,9.810953506404234
35.205818,21.258776,4.389458,23.8545696892,53.863889,0.10826,S2A_MSIL2A_20191005T030601_N0213_R075_T48PXR_20191005T070810,1570259290000,Soc Trang,2019-10-05 07:08:10,12.150118925095079
35.205818,21.258776,4.389458,23.8545696892,53.863889,0.10826,S2A_MSIL2A_20191005T030601_N0213_R075_T48PXR_20191005T070810,1570259290000,Tra Vinh,2019-10-05 07:08:10,9.753164595827313
35.205818,21.258776,4.389458,23.8545696892,53.863889,0.10826,S2A_MSIL2A_20191005T030601_N0213_R075_T48PXR_20191005T070810,1570259290000,Vinh Long,2019-10-05 07:08:10,10.564573064137454
35.205818,21.258776,4.389458,23.8545696892,53.863889,0.10826,S2A_MSIL2A_20191005T030601_N0213_R075_T48PXR_20191005T070810,1570259290000,Ben Tre,2019-10-05 07:08:10,9.520329832287748
19.561468,8.761059,2.305994,22.5405331902,76.177371,0.062797,S2A_MSIL2A_20191008T031621_N0213_R118_T48PWQ_20191008T074113,1570520473000,Bac Lieu,2019-10-08 07:41:13,7.857438630409963
19.561468,8.761059,2.305994,22.5405331902,76.177371,0.062797,S2A_MSIL2A_20191008T031621_N0213_R118_T48PWQ_20191008T074113,1570520473000,Ca Mau,2019-10-08 07:41:13,8.825072212366209
11.334293,3.714162,16.415343,23.9603512169,68.599313,0.106535,S2A_MSIL2A_20191011T032651_N0213_R018_T48PUS_20191011T091243,1570785163000,Kien Giang,2019-10-11 09:12:43,6.673617402748666
23.260785,1.465303,49.77279,24.98162566,3.584469,0.0,S2B_MSIL2A_20191013T031649_N0213_R118_T48PXT_20191013T090722,1570957642000,Dong Thap,2019-10-13 09:07:22,5.667596843631533
23.260785,1.465303,49.77279,24.98162566,3.584469,0.0,S2B_MSIL2A_20191013T031649_N0213_R118_T48PXT_20191013T090722,1570957642000,Long An,2019-10-13 09:07:22,6.969248696888758
26.089284,0.003958,29.187626,25.5821362693,14.70636,0.0,S2B_MSIL2A_20191013T031649_N0213_R118_T48PWT_20191013T090722,1570957642000,An Giang,2019-10-13 09:07:22,5.738045417500963
26.089284,0.003958,29.187626,25.5821362693,14.70636,0.0,S2B_MSIL2A_20191013T031649_N0213_R118_T48PWT_20191013T090722,1570957642000,Dong Thap,2019-10-13 09:07:22,5.667596843631533
26.089284,0.003958,29.187626,25.5821362693,14.70636,0.0,S2B_MSIL2A_20191013T031649_N0213_R118_T48PWT_20191013T090722,1570957642000,Long An,2019-10-13 09:07:22,6.969248696888758
23.000991,0.112754,47.57809,26.1979201291,7.793728,0.0,S2B_MSIL2A_20191013T031649_N0213_R118_T48PVT_20191013T090722,1570957642000,An Giang,2019-10-13 09:07:22,5.738045417500963
39.029164,8.595332,18.960433,24.8882156886,11.787595,0.0,S2B_MSIL2A_20191013T031649_N0213_R118_T48PWS_20191013T090722,1570957642000,Soc Trang,2019-10-13 09:07:22,1.6592465871502056
39.029164,8.595332,18.960433,24.8882156886,11.787595,0.0,S2B_MSIL2A_20191013T031649_N0213_R118_T48PWS_20191013T090722,1570957642000,Tra Vinh,2019-10-13 09:07:22,1.1142871433931758
39.029164,8.595332,18.960433,24.8882156886,11.787595,0.0,S2B_MSIL2A_20191013T031649_N0213_R118_T48PWS_20191013T090722,1570957642000,Vinh Long,2019-10-13 09:07:22,3.086120873441205
39.029164,8.595332,18.960433,24.8882156886,11.787595,0.0,S2B_MSIL2A_20191013T031649_N0213_R118_T48PWS_20191013T090722,1570957642000,Can Tho city,2019-10-13 09:07:22,4.721596315431232
39.029164,8.595332,18.960433,24.8882156886,11.787595,0.0,S2B_MSIL2A_20191013T031649_N0213_R118_T48PWS_20191013T090722,1570957642000,Hau Giang,2019-10-13 09:07:22,4.328213883919752
39.029164,8.595332,18.960433,24.8882156886,11.787595,0.0,S2B_MSIL2A_20191013T031649_N0213_R118_T48PWS_20191013T090722,1570957642000,An Giang,2019-10-13 09:07:22,5.738045417500963
39.029164,8.595332,18.960433,24.8882156886,11.787595,0.0,S2B_MSIL2A_20191013T031649_N0213_R118_T48PWS_20191013T090722,1570957642000,Dong Thap,2019-10-13 09:07:22,5.667596843631533
39.029164,8.595332,18.960433,24.8882156886,11.787595,0.0,S2B_MSIL2A_20191013T031649_N0213_R118_T48PWS_20191013T090722,1570957642000,Kien Giang,2019-10-13 09:07:22,6.40281740579714
39.029164,8.595332,18.960433,24.8882156886,11.787595,0.0,S2B_MSIL2A_20191013T031649_N0213_R118_T48PWS_20191013T090722,1570957642000,Long An,2019-10-13 09:07:22,6.969248696888758
39.029164,8.595332,18.960433,24.8882156886,11.787595,0.0,S2B_MSIL2A_20191013T031649_N0213_R118_T48PWS_20191013T090722,1570957642000,Tien Giang,2019-10-13 09:07:22,4.195616532936529
28.810476,16.072658,21.352762,25.5175045266,31.218439,0.30339,S2B_MSIL2A_20191013T031649_N0213_R118_T48PVS_20191013T090722,1570957642000,An Giang,2019-10-13 09:07:22,5.738045417500963
28.810476,16.072658,21.352762,25.5175045266,31.218439,0.30339,S2B_MSIL2A_20191013T031649_N0213_R118_T48PVS_20191013T090722,1570957642000,Kien Giang,2019-10-13 09:07:22,6.40281740579714
33.391832,19.809274,19.161044,26.1602912098,41.954944,0.0,S2B_MSIL2A_20191013T031649_N0213_R118_T48PUS_20191013T090722,1570957642000,Kien Giang,2019-10-13 09:07:22,6.40281740579714
20.500087,14.205095,0.001992,25.5072831756,79.467446,0.0,S2B_MSIL2A_20191013T031649_N0213_R118_T48PUR_20191013T090722,1570957642000,Kien Giang,2019-10-13 09:07:22,6.40281740579714
8.712891,3.295254,3.07426,23.5402385582,83.383811,0.029831,S2B_MSIL2A_20191013T031649_N0213_R118_T48PWQ_20191013T090722,1570957642000,Bac Lieu,2019-10-13 09:07:22,4.300925922582736
8.712891,3.295254,3.07426,23.5402385582,83.383811,0.029831,S2B_MSIL2A_20191013T031649_N0213_R118_T48PWQ_20191013T090722,1570957642000,Ca Mau,2019-10-13 09:07:22,6.934037153244604
14.719848,7.940402,3.478057,24.1979750059,76.410282,0.007983,S2B_MSIL2A_20191013T031649_N0213_R118_T48PVQ_20191013T090722,1570957642000,Ca Mau,2019-10-13 09:07:22,6.934037153244604
14.797459,4.133844,39.161775,26.4286036441,20.702931,0.003279,S2A_MSIL2A_20191015T030701_N0213_R075_T48PXS_20191015T073109,1571124669000,Tra Vinh,2019-10-15 07:31:09,2.875225424907558
14.797459,4.133844,39.161775,26.4286036441,20.702931,0.003279,S2A_MSIL2A_20191015T030701_N0213_R075_T48PXS_20191015T073109,1571124669000,Ben Tre,2019-10-15 07:31:09,3.98617740626773
14.797459,4.133844,39.161775,26.4286036441,20.702931,0.003279,S2A_MSIL2A_20191015T030701_N0213_R075_T48PXS_20191015T073109,1571124669000,Long An,2019-10-15 07:31:09,9.536601109218475
14.797459,4.133844,39.161775,26.4286036441,20.702931,0.003279,S2A_MSIL2A_20191015T030701_N0213_R075_T48PXS_20191015T073109,1571124669000,Tien Giang,2019-10-15 07:31:09,6.989208436949855
21.761756,12.194394,6.709924,25.761850798,65.094823,0.000476,S2A_MSIL2A_20191015T030701_N0213_R075_T48PXR_20191015T073109,1571124669000,Soc Trang,2019-10-15 07:31:09,4.094021013981322
21.761756,12.194394,6.709924,25.761850798,65.094823,0.000476,S2A_MSIL2A_20191015T030701_N0213_R075_T48PXR_20191015T073109,1571124669000,Tra Vinh,2019-10-15 07:31:09,2.875225424907558
21.761756,12.194394,6.709924,25.761850798,65.094823,0.000476,S2A_MSIL2A_20191015T030701_N0213_R075_T48PXR_20191015T073109,1571124669000,Vinh Long,2019-10-15 07:31:09,4.658675878552127
21.761756,12.194394,6.709924,25.761850798,65.094823,0.000476,S2A_MSIL2A_20191015T030701_N0213_R075_T48PXR_20191015T073109,1571124669000,Ben Tre,2019-10-15 07:31:09,3.98617740626773
20.530088,11.223,15.812823,25.1381476306,59.958333,0.05087,S2B_MSIL2A_20191016T032719_N0213_R018_T48PUS_20191016T090634,1571216794000,Kien Giang,2019-10-16 09:06:34,9.532796208719317
20.951952,12.207925,0.033968,24.4209223658,79.000497,0.0,S2B_MSIL2A_20191016T032719_N0213_R018_T48PUR_20191016T090634,1571216794000,Kien Giang,2019-10-16 09:06:34,9.532796208719317
45.407406,20.187478,0.000804,24.4209223658,54.583287,0.0,S2B_MSIL2A_20191016T032719_N0213_R018_T48PUR_20191016T091640,1571217400000,Kien Giang,2019-10-16 09:16:40,9.532796208719317
28.435009,19.453429,38.434443,26.7868512032,8.652239,0.0,S2A_MSIL2A_20191018T031731_N0213_R118_T48PWT_20191018T091001,1571389801000,An Giang,2019-10-18 09:10:01,10.768110236809415
28.435009,19.453429,38.434443,26.7868512032,8.652239,0.0,S2A_MSIL2A_20191018T031731_N0213_R118_T48PWT_20191018T091001,1571389801000,Dong Thap,2019-10-18 09:10:01,10.273760786044614
28.435009,19.453429,38.434443,26.7868512032,8.652239,0.0,S2A_MSIL2A_20191018T031731_N0213_R118_T48PWT_20191018T091001,1571389801000,Long An,2019-10-18 09:10:01,10.198413948034739
37.246263,9.445724,33.24129,25.4851579704,5.86115,0.04473,S2A_MSIL2A_20191018T031731_N0213_R118_T48PXS_20191018T091001,1571389801000,Soc Trang,2019-10-18 09:10:01,7.264634747386143
37.246263,9.445724,33.24129,25.4851579704,5.86115,0.04473,S2A_MSIL2A_20191018T031731_N0213_R118_T48PXS_20191018T091001,1571389801000,Tra Vinh,2019-10-18 09:10:01,7.058987657828854
37.246263,9.445724,33.24129,25.4851579704,5.86115,0.04473,S2A_MSIL2A_20191018T031731_N0213_R118_T48PXS_20191018T091001,1571389801000,Vinh Long,2019-10-18 09:10:01,8.35068335799217
37.246263,9.445724,33.24129,25.4851579704,5.86115,0.04473,S2A_MSIL2A_20191018T031731_N0213_R118_T48PXS_20191018T091001,1571389801000,Ben Tre,2019-10-18 09:10:01,6.272719200020787
37.246263,9.445724,33.24129,25.4851579704,5.86115,0.04473,S2A_MSIL2A_20191018T031731_N0213_R118_T48PXS_20191018T091001,1571389801000,Dong Thap,2019-10-18 09:10:01,10.273760786044614
37.246263,9.445724,33.24129,25.4851579704,5.86115,0.04473,S2A_MSIL2A_20191018T031731_N0213_R118_T48PXS_20191018T091001,1571389801000,Long An,2019-10-18 09:10:01,10.198413948034739
37.246263,9.445724,33.24129,25.4851579704,5.86115,0.04473,S2A_MSIL2A_20191018T031731_N0213_R118_T48PXS_20191018T091001,1571389801000,Tien Giang,2019-10-18 09:10:01,8.198106047051693
34.323949,21.58251,26.777041,26.0603880921,10.29347,0.0,S2A_MSIL2A_20191018T031731_N0213_R118_T48PWS_20191018T091001,1571389801000,Soc Trang,2019-10-18 09:10:01,7.264634747386143
34.323949,21.58251,26.777041,26.0603880921,10.29347,0.0,S2A_MSIL2A_20191018T031731_N0213_R118_T48PWS_20191018T091001,1571389801000,Tra Vinh,2019-10-18 09:10:01,7.058987657828854
34.323949,21.58251,26.777041,26.0603880921,10.29347,0.0,S2A_MSIL2A_20191018T031731_N0213_R118_T48PWS_20191018T091001,1571389801000,Vinh Long,2019-10-18 09:10:01,8.35068335799217
34.323949,21.58251,26.777041,26.0603880921,10.29347,0.0,S2A_MSIL2A_20191018T031731_N0213_R118_T48PWS_20191018T091001,1571389801000,Can Tho city,2019-10-18 09:10:01,11.216340445935408
34.323949,21.58251,26.777041,26.0603880921,10.29347,0.0,S2A_MSIL2A_20191018T031731_N0213_R118_T48PWS_20191018T091001,1571389801000,Hau Giang,2019-10-18 09:10:01,8.266673007357753
34.323949,21.58251,26.777041,26.0603880921,10.29347,0.0,S2A_MSIL2A_20191018T031731_N0213_R118_T48PWS_20191018T091001,1571389801000,An Giang,2019-10-18 09:10:01,10.768110236809415
34.323949,21.58251,26.777041,26.0603880921,10.29347,0.0,S2A_MSIL2A_20191018T031731_N0213_R118_T48PWS_20191018T091001,1571389801000,Dong Thap,2019-10-18 09:10:01,10.273760786044614
34.323949,21.58251,26.777041,26.0603880921,10.29347,0.0,S2A_MSIL2A_20191018T031731_N0213_R118_T48PWS_20191018T091001,1571389801000,Kien Giang,2019-10-18 09:10:01,10.746690390177461
34.323949,21.58251,26.777041,26.0603880921,10.29347,0.0,S2A_MSIL2A_20191018T031731_N0213_R118_T48PWS_20191018T091001,1571389801000,Long An,2019-10-18 09:10:01,10.198413948034739
34.323949,21.58251,26.777041,26.0603880921,10.29347,0.0,S2A_MSIL2A_20191018T031731_N0213_R118_T48PWS_20191018T091001,1571389801000,Tien Giang,2019-10-18 09:10:01,8.198106047051693
37.112455,25.213662,18.114373,26.6516307266,31.155276,0.020591,S2A_MSIL2A_20191018T031731_N0213_R118_T48PVS_20191018T091001,1571389801000,An Giang,2019-10-18 09:10:01,10.768110236809415
37.112455,25.213662,18.114373,26.6516307266,31.155276,0.020591,S2A_MSIL2A_20191018T031731_N0213_R118_T48PVS_20191018T091001,1571389801000,Kien Giang,2019-10-18 09:10:01,10.746690390177461
32.334852,15.583286,16.501005,27.2573240211,47.463986,0.586629,S2A_MSIL2A_20191018T031731_N0213_R118_T48PUS_20191018T091001,1571389801000,Kien Giang,2019-10-18 09:10:01,10.746690390177461
35.061001,16.766247,14.70965,26.3823673428,46.13502,0.008408,S2A_MSIL2A_20191021T032751_N0213_R018_T48PUS_20191021T071108,1571641868000,Kien Giang,2019-10-21 07:11:08,9.561864740475828
27.858605,1.11028,39.53985,27.5351206814,3.376222,0.0,S2B_MSIL2A_20191023T031759_N0213_R118_T48PXT_20191025T165922,1572022762000,Dong Thap,2019-10-25 16:59:22,4.748941097889516
27.858605,1.11028,39.53985,27.5351206814,3.376222,0.0,S2B_MSIL2A_20191023T031759_N0213_R118_T48PXT_20191025T165922,1572022762000,Long An,2019-10-25 16:59:22,3.9557551643060602
28.32461,2.881815,31.382161,28.0641690799,10.603486,0.0,S2B_MSIL2A_20191023T031759_N0213_R118_T48PWT_20191025T165922,1572022762000,An Giang,2019-10-25 16:59:22,4.0605854070002305
28.32461,2.881815,31.382161,28.0641690799,10.603486,0.0,S2B_MSIL2A_20191023T031759_N0213_R118_T48PWT_20191025T165922,1572022762000,Dong Thap,2019-10-25 16:59:22,4.748941097889516
28.32461,2.881815,31.382161,28.0641690799,10.603486,0.0,S2B_MSIL2A_20191023T031759_N0213_R118_T48PWT_20191025T165922,1572022762000,Long An,2019-10-25 16:59:22,3.9557551643060602
24.348588,2.254935,49.356756,28.6095788339,5.578026,0.0,S2B_MSIL2A_20191023T031759_N0213_R118_T48PVT_20191025T165922,1572022762000,An Giang,2019-10-25 16:59:22,4.0605854070002305
32.016576,8.684911,31.320113,26.7713745687,4.457586,0.099402,S2B_MSIL2A_20191023T031759_N0213_R118_T48PXS_20191025T165922,1572022762000,Soc Trang,2019-10-25 16:59:22,2.4999203485357238
32.016576,8.684911,31.320113,26.7713745687,4.457586,0.099402,S2B_MSIL2A_20191023T031759_N0213_R118_T48PXS_20191025T165922,1572022762000,Tra Vinh,2019-10-25 16:59:22,0.3085119371695268
32.016576,8.684911,31.320113,26.7713745687,4.457586,0.099402,S2B_MSIL2A_20191023T031759_N0213_R118_T48PXS_20191025T165922,1572022762000,Vinh Long,2019-10-25 16:59:22,3.4526705478154676
32.016576,8.684911,31.320113,26.7713745687,4.457586,0.099402,S2B_MSIL2A_20191023T031759_N0213_R118_T48PXS_20191025T165922,1572022762000,Ben Tre,2019-10-25 16:59:22,1.1262948840935623
32.016576,8.684911,31.320113,26.7713745687,4.457586,0.099402,S2B_MSIL2A_20191023T031759_N0213_R118_T48PXS_20191025T165922,1572022762000,Dong Thap,2019-10-25 16:59:22,4.748941097889516
32.016576,8.684911,31.320113,26.7713745687,4.457586,0.099402,S2B_MSIL2A_20191023T031759_N0213_R118_T48PXS_20191025T165922,1572022762000,Long An,2019-10-25 16:59:22,3.9557551643060602
32.016576,8.684911,31.320113,26.7713745687,4.457586,0.099402,S2B_MSIL2A_20191023T031759_N0213_R118_T48PXS_20191025T165922,1572022762000,Tien Giang,2019-10-25 16:59:22,3.202362556692028
36.959592,16.943395,23.243083,27.3119071691,9.345493,0.0,S2B_MSIL2A_20191023T031759_N0213_R118_T48PWS_20191025T165922,1572022762000,Soc Trang,2019-10-25 16:59:22,2.4999203485357238
36.959592,16.943395,23.243083,27.3119071691,9.345493,0.0,S2B_MSIL2A_20191023T031759_N0213_R118_T48PWS_20191025T165922,1572022762000,Tra Vinh,2019-10-25 16:59:22,0.3085119371695268
36.959592,16.943395,23.243083,27.3119071691,9.345493,0.0,S2B_MSIL2A_20191023T031759_N0213_R118_T48PWS_20191025T165922,1572022762000,Vinh Long,2019-10-25 16:59:22,3.4526705478154676
36.959592,16.943395,23.243083,27.3119071691,9.345493,0.0,S2B_MSIL2A_20191023T031759_N0213_R118_T48PWS_20191025T165922,1572022762000,Can Tho city,2019-10-25 16:59:22,4.4612072153144
36.959592,16.943395,23.243083,27.3119071691,9.345493,0.0,S2B_MSIL2A_20191023T031759_N0213_R118_T48PWS_20191025T165922,1572022762000,Hau Giang,2019-10-25 16:59:22,2.080152153500356
36.959592,16.943395,23.243083,27.3119071691,9.345493,0.0,S2B_MSIL2A_20191023T031759_N0213_R118_T48PWS_20191025T165922,1572022762000,An Giang,2019-10-25 16:59:22,4.0605854070002305
36.959592,16.943395,23.243083,27.3119071691,9.345493,0.0,S2B_MSIL2A_20191023T031759_N0213_R118_T48PWS_20191025T165922,1572022762000,Dong Thap,2019-10-25 16:59:22,4.748941097889516
36.959592,16.943395,23.243083,27.3119071691,9.345493,0.0,S2B_MSIL2A_20191023T031759_N0213_R118_T48PWS_20191025T165922,1572022762000,Kien Giang,2019-10-25 16:59:22,6.46981622345695
36.959592,16.943395,23.243083,27.3119071691,9.345493,0.0,S2B_MSIL2A_20191023T031759_N0213_R118_T48PWS_20191025T165922,1572022762000,Long An,2019-10-25 16:59:22,3.9557551643060602
36.959592,16.943395,23.243083,27.3119071691,9.345493,0.0,S2B_MSIL2A_20191023T031759_N0213_R118_T48PWS_20191025T165922,1572022762000,Tien Giang,2019-10-25 16:59:22,3.202362556692028
36.119644,10.305516,18.674284,27.8689117383,27.501759,0.122017,S2B_MSIL2A_20191023T031759_N0213_R118_T48PVS_20191025T165922,1572022762000,An Giang,2019-10-25 16:59:22,4.0605854070002305
36.119644,10.305516,18.674284,27.8689117383,27.501759,0.122017,S2B_MSIL2A_20191023T031759_N0213_R118_T48PVS_20191025T165922,1572022762000,Kien Giang,2019-10-25 16:59:22,6.46981622345695
25.138459,0.137309,45.404351,29.5179106313,1.590638,0.0,S2A_MSIL2A_20191025T030811_N0213_R075_T48PXT_20191025T071355,1571987635000,Long An,2019-10-25 07:13:55,3.9557551643060602
24.529865,3.984135,37.196293,28.7811555362,15.885125,0.001259,S2A_MSIL2A_20191025T030811_N0213_R075_T48PXS_20191025T071355,1571987635000,Tra Vinh,2019-10-25 07:13:55,0.3085119371695268
24.529865,3.984135,37.196293,28.7811555362,15.885125,0.001259,S2A_MSIL2A_20191025T030811_N0213_R075_T48PXS_20191025T071355,1571987635000,Ben Tre,2019-10-25 07:13:55,1.1262948840935623
24.529865,3.984135,37.196293,28.7811555362,15.885125,0.001259,S2A_MSIL2A_20191025T030811_N0213_R075_T48PXS_20191025T071355,1571987635000,Long An,2019-10-25 07:13:55,3.9557551643060602
24.529865,3.984135,37.196293,28.7811555362,15.885125,0.001259,S2A_MSIL2A_20191025T030811_N0213_R075_T48PXS_20191025T071355,1571987635000,Tien Giang,2019-10-25 07:13:55,3.202362556692028
15.909388,9.488693,16.622216,27.6867725404,63.301641,0.003331,S2B_MSIL2A_20191026T032819_N0213_R018_T48PUS_20191026T073604,1572075364000,Kien Giang,2019-10-26 07:36:04,5.245297245573034
30.440994,26.28679,0.035769,26.9170999914,69.501573,0.0,S2B_MSIL2A_20191026T032819_N0213_R018_T48PUR_20191026T073604,1572075364000,Kien Giang,2019-10-26 07:36:04,5.245297245573034
30.613466,12.779854,32.405031,30.0345005407,16.004667,0.000107,S2B_MSIL2A_20191030T030839_N0213_R075_T48PXS_20191030T075920,1572422360000,Tra Vinh,2019-10-30 07:59:20,2.8171319516577307
30.613466,12.779854,32.405031,30.0345005407,16.004667,0.000107,S2B_MSIL2A_20191030T030839_N0213_R075_T48PXS_20191030T075920,1572422360000,Ben Tre,2019-10-30 07:59:20,6.099335234625458
30.613466,12.779854,32.405031,30.0345005407,16.004667,0.000107,S2B_MSIL2A_20191030T030839_N0213_R075_T48PXS_20191030T075920,1572422360000,Long An,2019-10-30 07:59:20,10.083364133430594
30.613466,12.779854,32.405031,30.0345005407,16.004667,0.000107,S2B_MSIL2A_20191030T030839_N0213_R075_T48PXS_20191030T075920,1572422360000,Tien Giang,2019-10-30 07:59:20,7.567884897285222
37.043886,15.713303,5.069646,30.5207820113,53.521889,0.000209,S2A_MSIL2A_20191104T030911_N0213_R075_T48PXR_20191104T071119,1572851479000,Soc Trang,2019-11-04 07:11:19,10.958665198272643
37.043886,15.713303,5.069646,30.5207820113,53.521889,0.000209,S2A_MSIL2A_20191104T030911_N0213_R075_T48PXR_20191104T071119,1572851479000,Tra Vinh,2019-11-04 07:11:19,9.798773915022412
37.043886,15.713303,5.069646,30.5207820113,53.521889,0.000209,S2A_MSIL2A_20191104T030911_N0213_R075_T48PXR_20191104T071119,1572851479000,Vinh Long,2019-11-04 07:11:19,9.231867317719713
37.043886,15.713303,5.069646,30.5207820113,53.521889,0.000209,S2A_MSIL2A_20191104T030911_N0213_R075_T48PXR_20191104T071119,1572851479000,Ben Tre,2019-11-04 07:11:19,8.538495675803416
48.770887,8.073466,15.86813,30.7263608212,4.545546,1.948344,S2A_MSIL2A_20191107T031931_N0213_R118_T48PXS_20191107T071820,1573111100000,Soc Trang,2019-11-07 07:18:20,13.448847943296974
48.770887,8.073466,15.86813,30.7263608212,4.545546,1.948344,S2A_MSIL2A_20191107T031931_N0213_R118_T48PXS_20191107T071820,1573111100000,Tra Vinh,2019-11-07 07:18:20,15.770807994655007
48.770887,8.073466,15.86813,30.7263608212,4.545546,1.948344,S2A_MSIL2A_20191107T031931_N0213_R118_T48PXS_20191107T071820,1573111100000,Vinh Long,2019-11-07 07:18:20,16.868340995543353
48.770887,8.073466,15.86813,30.7263608212,4.545546,1.948344,S2A_MSIL2A_20191107T031931_N0213_R118_T48PXS_20191107T071820,1573111100000,Ben Tre,2019-11-07 07:18:20,16.572948512542936
48.770887,8.073466,15.86813,30.7263608212,4.545546,1.948344,S2A_MSIL2A_20191107T031931_N0213_R118_T48PXS_20191107T071820,1573111100000,Dong Thap,2019-11-07 07:18:20,12.62110553601264
48.770887,8.073466,15.86813,30.7263608212,4.545546,1.948344,S2A_MSIL2A_20191107T031931_N0213_R118_T48PXS_20191107T071820,1573111100000,Long An,2019-11-07 07:18:20,16.126412369460073
48.770887,8.073466,15.86813,30.7263608212,4.545546,1.948344,S2A_MSIL2A_20191107T031931_N0213_R118_T48PXS_20191107T071820,1573111100000,Tien Giang,2019-11-07 07:18:20,16.45917326841437
36.424489,0.099897,31.523928,32.8251216899,3.149254,0.0,S2B_MSIL2A_20191112T031949_N0213_R118_T48PXT_20191112T072803,1573543683000,Dong Thap,2019-11-12 07:28:03,7.611720976635745
36.424489,0.099897,31.523928,32.8251216899,3.149254,0.0,S2B_MSIL2A_20191112T031949_N0213_R118_T48PXT_20191112T072803,1573543683000,Long An,2019-11-12 07:28:03,8.246885230701016
19.768409,2.35626,36.390805,32.0071774902,6.827229,0.002354,S2B_MSIL2A_20191112T031949_N0213_R118_T48PXS_20191112T072803,1573543683000,Soc Trang,2019-11-12 07:28:03,5.475152168854883
19.768409,2.35626,36.390805,32.0071774902,6.827229,0.002354,S2B_MSIL2A_20191112T031949_N0213_R118_T48PXS_20191112T072803,1573543683000,Tra Vinh,2019-11-12 07:28:03,7.138208198884907
19.768409,2.35626,36.390805,32.0071774902,6.827229,0.002354,S2B_MSIL2A_20191112T031949_N0213_R118_T48PXS_20191112T072803,1573543683000,Vinh Long,2019-11-12 07:28:03,8.192516558118372
19.768409,2.35626,36.390805,32.0071774902,6.827229,0.002354,S2B_MSIL2A_20191112T031949_N0213_R118_T48PXS_20191112T072803,1573543683000,Ben Tre,2019-11-12 07:28:03,9.305077182466398
19.768409,2.35626,36.390805,32.0071774902,6.827229,0.002354,S2B_MSIL2A_20191112T031949_N0213_R118_T48PXS_20191112T072803,1573543683000,Dong Thap,2019-11-12 07:28:03,7.611720976635745
19.768409,2.35626,36.390805,32.0071774902,6.827229,0.002354,S2B_MSIL2A_20191112T031949_N0213_R118_T48PXS_20191112T072803,1573543683000,Long An,2019-11-12 07:28:03,8.246885230701016
19.768409,2.35626,36.390805,32.0071774902,6.827229,0.002354,S2B_MSIL2A_20191112T031949_N0213_R118_T48PXS_20191112T072803,1573543683000,Tien Giang,2019-11-12 07:28:03,9.033724104355137
23.173061,2.817238,21.161628,32.4535245944,6.392997,0.0,S2B_MSIL2A_20191112T031949_N0213_R118_T48PWS_20191112T072803,1573543683000,Soc Trang,2019-11-12 07:28:03,5.475152168854883
23.173061,2.817238,21.161628,32.4535245944,6.392997,0.0,S2B_MSIL2A_20191112T031949_N0213_R118_T48PWS_20191112T072803,1573543683000,Tra Vinh,2019-11-12 07:28:03,7.138208198884907
23.173061,2.817238,21.161628,32.4535245944,6.392997,0.0,S2B_MSIL2A_20191112T031949_N0213_R118_T48PWS_20191112T072803,1573543683000,Vinh Long,2019-11-12 07:28:03,8.192516558118372
23.173061,2.817238,21.161628,32.4535245944,6.392997,0.0,S2B_MSIL2A_20191112T031949_N0213_R118_T48PWS_20191112T072803,1573543683000,Can Tho city,2019-11-12 07:28:03,6.970929251634338
23.173061,2.817238,21.161628,32.4535245944,6.392997,0.0,S2B_MSIL2A_20191112T031949_N0213_R118_T48PWS_20191112T072803,1573543683000,Hau Giang,2019-11-12 07:28:03,6.664162195838454
23.173061,2.817238,21.161628,32.4535245944,6.392997,0.0,S2B_MSIL2A_20191112T031949_N0213_R118_T48PWS_20191112T072803,1573543683000,An Giang,2019-11-12 07:28:03,6.1741435318367515
23.173061,2.817238,21.161628,32.4535245944,6.392997,0.0,S2B_MSIL2A_20191112T031949_N0213_R118_T48PWS_20191112T072803,1573543683000,Dong Thap,2019-11-12 07:28:03,7.611720976635745
23.173061,2.817238,21.161628,32.4535245944,6.392997,0.0,S2B_MSIL2A_20191112T031949_N0213_R118_T48PWS_20191112T072803,1573543683000,Kien Giang,2019-11-12 07:28:03,4.194090002622995
23.173061,2.817238,21.161628,32.4535245944,6.392997,0.0,S2B_MSIL2A_20191112T031949_N0213_R118_T48PWS_20191112T072803,1573543683000,Long An,2019-11-12 07:28:03,8.246885230701016
23.173061,2.817238,21.161628,32.4535245944,6.392997,0.0,S2B_MSIL2A_20191112T031949_N0213_R118_T48PWS_20191112T072803,1573543683000,Tien Giang,2019-11-12 07:28:03,9.033724104355137
26.460719,0.079094,13.768017,32.9158333714,42.716902,0.013258,S2B_MSIL2A_20191112T031949_N0213_R118_T48PVS_20191112T072803,1573543683000,An Giang,2019-11-12 07:28:03,6.1741435318367515
26.460719,0.079094,13.768017,32.9158333714,42.716902,0.013258,S2B_MSIL2A_20191112T031949_N0213_R118_T48PVS_20191112T072803,1573543683000,Kien Giang,2019-11-12 07:28:03,4.194090002622995
22.519792,0.002135,13.956694,33.3930263233,57.183039,0.015461,S2B_MSIL2A_20191112T031949_N0213_R118_T48PUS_20191112T072803,1573543683000,Kien Giang,2019-11-12 07:28:03,4.194090002622995
11.949721,9.730691,33.740321,31.1936825146,37.357688,0.000833,S2B_MSIL2A_20191112T031949_N0213_R118_T48PXR_20191112T072803,1573543683000,Soc Trang,2019-11-12 07:28:03,5.475152168854883
11.949721,9.730691,33.740321,31.1936825146,37.357688,0.000833,S2B_MSIL2A_20191112T031949_N0213_R118_T48PXR_20191112T072803,1573543683000,Tra Vinh,2019-11-12 07:28:03,7.138208198884907
11.949721,9.730691,33.740321,31.1936825146,37.357688,0.000833,S2B_MSIL2A_20191112T031949_N0213_R118_T48PXR_20191112T072803,1573543683000,Vinh Long,2019-11-12 07:28:03,8.192516558118372
11.949721,9.730691,33.740321,31.1936825146,37.357688,0.000833,S2B_MSIL2A_20191112T031949_N0213_R118_T48PXR_20191112T072803,1573543683000,Ben Tre,2019-11-12 07:28:03,9.305077182466398
8.653419,4.409207,31.32315,31.6484203578,18.356094,0.000939,S2B_MSIL2A_20191112T031949_N0213_R118_T48PWR_20191112T072803,1573543683000,Soc Trang,2019-11-12 07:28:03,5.475152168854883
8.653419,4.409207,31.32315,31.6484203578,18.356094,0.000939,S2B_MSIL2A_20191112T031949_N0213_R118_T48PWR_20191112T072803,1573543683000,Tra Vinh,2019-11-12 07:28:03,7.138208198884907
8.653419,4.409207,31.32315,31.6484203578,18.356094,0.000939,S2B_MSIL2A_20191112T031949_N0213_R118_T48PWR_20191112T072803,1573543683000,Vinh Long,2019-11-12 07:28:03,8.192516558118372
8.653419,4.409207,31.32315,31.6484203578,18.356094,0.000939,S2B_MSIL2A_20191112T031949_N0213_R118_T48PWR_20191112T072803,1573543683000,Bac Lieu,2019-11-12 07:28:03,3.8211763181278973
8.653419,4.409207,31.32315,31.6484203578,18.356094,0.000939,S2B_MSIL2A_20191112T031949_N0213_R118_T48PWR_20191112T072803,1573543683000,Ca Mau,2019-11-12 07:28:03,2.65120762039972
8.653419,4.409207,31.32315,31.6484203578,18.356094,0.000939,S2B_MSIL2A_20191112T031949_N0213_R118_T48PWR_20191112T072803,1573543683000,Can Tho city,2019-11-12 07:28:03,6.970929251634338
8.653419,4.409207,31.32315,31.6484203578,18.356094,0.000939,S2B_MSIL2A_20191112T031949_N0213_R118_T48PWR_20191112T072803,1573543683000,Hau Giang,2019-11-12 07:28:03,6.664162195838454
8.653419,4.409207,31.32315,31.6484203578,18.356094,0.000939,S2B_MSIL2A_20191112T031949_N0213_R118_T48PWR_20191112T072803,1573543683000,Kien Giang,2019-11-12 07:28:03,4.194090002622995
15.608246,5.844904,9.180242,32.1194097535,63.822639,0.0,S2B_MSIL2A_20191112T031949_N0213_R118_T48PVR_20191112T072803,1573543683000,Ca Mau,2019-11-12 07:28:03,2.65120762039972
15.608246,5.844904,9.180242,32.1194097535,63.822639,0.0,S2B_MSIL2A_20191112T031949_N0213_R118_T48PVR_20191112T072803,1573543683000,Kien Giang,2019-11-12 07:28:03,4.194090002622995
21.793045,12.874267,0.045756,32.6055253801,78.143942,0.0,S2B_MSIL2A_20191112T031949_N0213_R118_T48PUR_20191112T072803,1573543683000,Kien Giang,2019-11-12 07:28:03,4.194090002622995
25.493592,17.147979,2.308702,30.847568016,67.017293,0.036287,S2B_MSIL2A_20191112T031949_N0213_R118_T48PWQ_20191112T072803,1573543683000,Bac Lieu,2019-11-12 07:28:03,3.8211763181278973
25.493592,17.147979,2.308702,30.847568016,67.017293,0.036287,S2B_MSIL2A_20191112T031949_N0213_R118_T48PWQ_20191112T072803,1573543683000,Ca Mau,2019-11-12 07:28:03,2.65120762039972
42.156107,37.940812,2.589736,31.3276718598,48.811471,0.123105,S2B_MSIL2A_20191112T031949_N0213_R118_T48PVQ_20191112T072803,1573543683000,Ca Mau,2019-11-12 07:28:03,2.65120762039972
37.033074,36.23496,8.026764,32.8519058298,53.736484,0.000171,S2B_MSIL2A_20191115T033009_N0213_R018_T48PUS_20191115T082828,1573806508000,Kien Giang,2019-11-15 08:28:28,2.0799449374099255
28.176252,27.238017,0.17504,32.0329437801,71.6407,0.0,S2B_MSIL2A_20191115T033009_N0213_R018_T48PUR_20191115T082828,1573806508000,Kien Giang,2019-11-15 08:28:28,2.0799449374099255
24.490133,2.787176,39.646736,34.0414074999,2.713241,0.0,S2A_MSIL2A_20191117T032021_N0213_R118_T48PXT_20191117T072120,1573975280000,Dong Thap,2019-11-17 07:21:20,0.04823599970395895
24.490133,2.787176,39.646736,34.0414074999,2.713241,0.0,S2A_MSIL2A_20191117T032021_N0213_R118_T48PXT_20191117T072120,1573975280000,Long An,2019-11-17 07:21:20,0.030272553579415065
25.170826,0.041599,29.913825,34.4675827762,6.14494,0.0,S2A_MSIL2A_20191117T032021_N0213_R118_T48PWT_20191117T072120,1573975280000,An Giang,2019-11-17 07:21:20,0.026578292856044766
25.170826,0.041599,29.913825,34.4675827762,6.14494,0.0,S2A_MSIL2A_20191117T032021_N0213_R118_T48PWT_20191117T072120,1573975280000,Dong Thap,2019-11-17 07:21:20,0.04823599970395895
25.170826,0.041599,29.913825,34.4675827762,6.14494,0.0,S2A_MSIL2A_20191117T032021_N0213_R118_T48PWT_20191117T072120,1573975280000,Long An,2019-11-17 07:21:20,0.030272553579415065
34.001487,0.879356,36.841765,34.9090016017,4.192127,0.0,S2A_MSIL2A_20191117T032021_N0213_R118_T48PVT_20191117T072120,1573975280000,An Giang,2019-11-17 07:21:20,0.026578292856044766
22.57033,0.882539,35.209343,33.217435618,4.86161,0.558249,S2A_MSIL2A_20191117T032021_N0213_R118_T48PXS_20191117T072120,1573975280000,Soc Trang,2019-11-17 07:21:20,0.7760538851292829
22.57033,0.882539,35.209343,33.217435618,4.86161,0.558249,S2A_MSIL2A_20191117T032021_N0213_R118_T48PXS_20191117T072120,1573975280000,Tra Vinh,2019-11-17 07:21:20,0.11082485932740786
22.57033,0.882539,35.209343,33.217435618,4.86161,0.558249,S2A_MSIL2A_20191117T032021_N0213_R118_T48PXS_20191117T072120,1573975280000,Vinh Long,2019-11-17 07:21:20,0.37624514991854147
22.57033,0.882539,35.209343,33.217435618,4.86161,0.558249,S2A_MSIL2A_20191117T032021_N0213_R118_T48PXS_20191117T072120,1573975280000,Ben Tre,2019-11-17 07:21:20,0.022450531712682065
22.57033,0.882539,35.209343,33.217435618,4.86161,0.558249,S2A_MSIL2A_20191117T032021_N0213_R118_T48PXS_20191117T072120,1573975280000,Dong Thap,2019-11-17 07:21:20,0.04823599970395895
22.57033,0.882539,35.209343,33.217435618,4.86161,0.558249,S2A_MSIL2A_20191117T032021_N0213_R118_T48PXS_20191117T072120,1573975280000,Long An,2019-11-17 07:21:20,0.030272553579415065
22.57033,0.882539,35.209343,33.217435618,4.86161,0.558249,S2A_MSIL2A_20191117T032021_N0213_R118_T48PXS_20191117T072120,1573975280000,Tien Giang,2019-11-17 07:21:20,0.09605556740305321
30.586033,1.742088,23.266704,33.6510144805,3.322889,0.0,S2A_MSIL2A_20191117T032021_N0213_R118_T48PWS_20191117T072120,1573975280000,Soc Trang,2019-11-17 07:21:20,0.7760538851292829
30.586033,1.742088,23.266704,33.6510144805,3.322889,0.0,S2A_MSIL2A_20191117T032021_N0213_R118_T48PWS_20191117T072120,1573975280000,Tra Vinh,2019-11-17 07:21:20,0.11082485932740786
30.586033,1.742088,23.266704,33.6510144805,3.322889,0.0,S2A_MSIL2A_20191117T032021_N0213_R118_T48PWS_20191117T072120,1573975280000,Vinh Long,2019-11-17 07:21:20,0.37624514991854147
30.586033,1.742088,23.266704,33.6510144805,3.322889,0.0,S2A_MSIL2A_20191117T032021_N0213_R118_T48PWS_20191117T072120,1573975280000,Can Tho city,2019-11-17 07:21:20,0.4287271252396634
30.586033,1.742088,23.266704,33.6510144805,3.322889,0.0,S2A_MSIL2A_20191117T032021_N0213_R118_T48PWS_20191117T072120,1573975280000,Hau Giang,2019-11-17 07:21:20,0.0322653827134217
30.586033,1.742088,23.266704,33.6510144805,3.322889,0.0,S2A_MSIL2A_20191117T032021_N0213_R118_T48PWS_20191117T072120,1573975280000,An Giang,2019-11-17 07:21:20,0.026578292856044766
30.586033,1.742088,23.266704,33.6510144805,3.322889,0.0,S2A_MSIL2A_20191117T032021_N0213_R118_T48PWS_20191117T072120,1573975280000,Dong Thap,2019-11-17 07:21:20,0.04823599970395895
30.586033,1.742088,23.266704,33.6510144805,3.322889,0.0,S2A_MSIL2A_20191117T032021_N0213_R118_T48PWS_20191117T072120,1573975280000,Kien Giang,2019-11-17 07:21:20,0.6573548333650346
30.586033,1.742088,23.266704,33.6510144805,3.322889,0.0,S2A_MSIL2A_20191117T032021_N0213_R118_T48PWS_20191117T072120,1573975280000,Long An,2019-11-17 07:21:20,0.030272553579415065
30.586033,1.742088,23.266704,33.6510144805,3.322889,0.0,S2A_MSIL2A_20191117T032021_N0213_R118_T48PWS_20191117T072120,1573975280000,Tien Giang,2019-11-17 07:21:20,0.09605556740305321
43.794673,4.029214,14.432035,34.1001435505,21.80375,0.301927,S2A_MSIL2A_20191117T032021_N0213_R118_T48PVS_20191117T072120,1573975280000,An Giang,2019-11-17 07:21:20,0.026578292856044766
43.794673,4.029214,14.432035,34.1001435505,21.80375,0.301927,S2A_MSIL2A_20191117T032021_N0213_R118_T48PVS_20191117T072120,1573975280000,Kien Giang,2019-11-17 07:21:20,0.6573548333650346
27.676115,9.460781,27.599877,32.3974240198,28.373221,0.043547,S2A_MSIL2A_20191117T032021_N0213_R118_T48PXR_20191117T072120,1573975280000,Soc Trang,2019-11-17 07:21:20,0.7760538851292829
27.676115,9.460781,27.599877,32.3974240198,28.373221,0.043547,S2A_MSIL2A_20191117T032021_N0213_R118_T48PXR_20191117T072120,1573975280000,Tra Vinh,2019-11-17 07:21:20,0.11082485932740786
27.676115,9.460781,27.599877,32.3974240198,28.373221,0.043547,S2A_MSIL2A_20191117T032021_N0213_R118_T48PXR_20191117T072120,1573975280000,Vinh Long,2019-11-17 07:21:20,0.37624514991854147
27.676115,9.460781,27.599877,32.3974240198,28.373221,0.043547,S2A_MSIL2A_20191117T032021_N0213_R118_T48PXR_20191117T072120,1573975280000,Ben Tre,2019-11-17 07:21:20,0.022450531712682065
20.473306,3.137737,26.521853,32.8387928184,13.836469,0.088865,S2A_MSIL2A_20191117T032021_N0213_R118_T48PWR_20191117T072120,1573975280000,Soc Trang,2019-11-17 07:21:20,0.7760538851292829
20.473306,3.137737,26.521853,32.8387928184,13.836469,0.088865,S2A_MSIL2A_20191117T032021_N0213_R118_T48PWR_20191117T072120,1573975280000,Tra Vinh,2019-11-17 07:21:20,0.11082485932740786
20.473306,3.137737,26.521853,32.8387928184,13.836469,0.088865,S2A_MSIL2A_20191117T032021_N0213_R118_T48PWR_20191117T072120,1573975280000,Vinh Long,2019-11-17 07:21:20,0.37624514991854147
20.473306,3.137737,26.521853,32.8387928184,13.836469,0.088865,S2A_MSIL2A_20191117T032021_N0213_R118_T48PWR_20191117T072120,1573975280000,Bac Lieu,2019-11-17 07:21:20,0.6795031814318645
20.473306,3.137737,26.521853,32.8387928184,13.836469,0.088865,S2A_MSIL2A_20191117T032021_N0213_R118_T48PWR_20191117T072120,1573975280000,Ca Mau,2019-11-17 07:21:20,0.5582687681342272
20.473306,3.137737,26.521853,32.8387928184,13.836469,0.088865,S2A_MSIL2A_20191117T032021_N0213_R118_T48PWR_20191117T072120,1573975280000,Can Tho city,2019-11-17 07:21:20,0.4287271252396634
20.473306,3.137737,26.521853,32.8387928184,13.836469,0.088865,S2A_MSIL2A_20191117T032021_N0213_R118_T48PWR_20191117T072120,1573975280000,Hau Giang,2019-11-17 07:21:20,0.0322653827134217
20.473306,3.137737,26.521853,32.8387928184,13.836469,0.088865,S2A_MSIL2A_20191117T032021_N0213_R118_T48PWR_20191117T072120,1573975280000,Kien Giang,2019-11-17 07:21:20,0.6573548333650346
38.196768,22.847201,10.277501,33.2960176984,39.951393,0.0,S2A_MSIL2A_20191117T032021_N0213_R118_T48PVR_20191117T072120,1573975280000,Ca Mau,2019-11-17 07:21:20,0.5582687681342272
38.196768,22.847201,10.277501,33.2960176984,39.951393,0.0,S2A_MSIL2A_20191117T032021_N0213_R118_T48PVR_20191117T072120,1573975280000,Kien Giang,2019-11-17 07:21:20,0.6573548333650346
23.840263,17.206585,3.082342,32.0303059065,67.566603,0.004161,S2A_MSIL2A_20191117T032021_N0213_R118_T48PWQ_20191117T072120,1573975280000,Bac Lieu,2019-11-17 07:21:20,0.6795031814318645
23.840263,17.206585,3.082342,32.0303059065,67.566603,0.004161,S2A_MSIL2A_20191117T032021_N0213_R118_T48PWQ_20191117T072120,1573975280000,Ca Mau,2019-11-17 07:21:20,0.5582687681342272
31.354796,25.038663,4.063148,32.4960183652,57.604086,0.003169,S2A_MSIL2A_20191117T032021_N0213_R118_T48PVQ_20191117T072120,1573975280000,Ca Mau,2019-11-17 07:21:20,0.5582687681342272
8.041554,3.720489,43.090782,34.9093287831,24.889006,0.000487,S2B_MSIL2A_20191119T031019_N0213_R075_T48PXS_20191119T070815,1574147295000,Tra Vinh,2019-11-19 07:08:15,0.1039793023252479
8.041554,3.720489,43.090782,34.9093287831,24.889006,0.000487,S2B_MSIL2A_20191119T031019_N0213_R075_T48PXS_20191119T070815,1574147295000,Ben Tre,2019-11-19 07:08:15,0.016369088120664715
8.041554,3.720489,43.090782,34.9093287831,24.889006,0.000487,S2B_MSIL2A_20191119T031019_N0213_R075_T48PXS_20191119T070815,1574147295000,Long An,2019-11-19 07:08:15,0.02764728435641978
8.041554,3.720489,43.090782,34.9093287831,24.889006,0.000487,S2B_MSIL2A_20191119T031019_N0213_R075_T48PXS_20191119T070815,1574147295000,Tien Giang,2019-11-19 07:08:15,0.0932171909324143
12.728744,11.960959,10.035922,34.1128835102,71.53073,0.000382,S2B_MSIL2A_20191119T031019_N0213_R075_T48PXR_20191119T070815,1574147295000,Soc Trang,2019-11-19 07:08:15,0.7637309319404233
12.728744,11.960959,10.035922,34.1128835102,71.53073,0.000382,S2B_MSIL2A_20191119T031019_N0213_R075_T48PXR_20191119T070815,1574147295000,Tra Vinh,2019-11-19 07:08:15,0.1039793023252479
12.728744,11.960959,10.035922,34.1128835102,71.53073,0.000382,S2B_MSIL2A_20191119T031019_N0213_R075_T48PXR_20191119T070815,1574147295000,Vinh Long,2019-11-19 07:08:15,0.3719759874892003
12.728744,11.960959,10.035922,34.1128835102,71.53073,0.000382,S2B_MSIL2A_20191119T031019_N0213_R075_T48PXR_20191119T070815,1574147295000,Ben Tre,2019-11-19 07:08:15,0.016369088120664715
36.462191,15.126394,0.058839,33.1917861125,63.436502,0.0,S2A_MSIL2A_20191120T033031_N0213_R018_T48PUR_20191120T071054,1574233854000,Kien Giang,2019-11-20 07:10:54,0.46819703835702914
2.526693,0.559644,71.066773,35.192342279,2.700099,0.0,S2B_MSIL2A_20191122T032029_N0213_R118_T48PXT_20191122T081629,1574410589000,Dong Thap,2019-11-22 08:16:29,1.139094372251131
2.526693,0.559644,71.066773,35.192342279,2.700099,0.0,S2B_MSIL2A_20191122T032029_N0213_R118_T48PXT_20191122T081629,1574410589000,Long An,2019-11-22 08:16:29,0.5743326721202159
1.720204,1.263865,57.431573,35.6107576225,5.427831,0.0,S2B_MSIL2A_20191122T032029_N0213_R118_T48PWT_20191122T081629,1574410589000,An Giang,2019-11-22 08:16:29,0.7098209614067419
1.720204,1.263865,57.431573,35.6107576225,5.427831,0.0,S2B_MSIL2A_20191122T032029_N0213_R118_T48PWT_20191122T081629,1574410589000,Dong Thap,2019-11-22 08:16:29,1.139094372251131
1.720204,1.263865,57.431573,35.6107576225,5.427831,0.0,S2B_MSIL2A_20191122T032029_N0213_R118_T48PWT_20191122T081629,1574410589000,Long An,2019-11-22 08:16:29,0.5743326721202159
1.932896,1.303093,74.729037,36.04394623,3.882264,0.0,S2B_MSIL2A_20191122T032029_N0213_R118_T48PVT_20191122T081629,1574410589000,An Giang,2019-11-22 08:16:29,0.7098209614067419
20.297821,1.49479,38.242051,34.3646780162,4.960459,0.1203,S2B_MSIL2A_20191122T032029_N0213_R118_T48PXS_20191122T081629,1574410589000,Soc Trang,2019-11-22 08:16:29,1.472945045220535
20.297821,1.49479,38.242051,34.3646780162,4.960459,0.1203,S2B_MSIL2A_20191122T032029_N0213_R118_T48PXS_20191122T081629,1574410589000,Tra Vinh,2019-11-22 08:16:29,1.07315498747118
20.297821,1.49479,38.242051,34.3646780162,4.960459,0.1203,S2B_MSIL2A_20191122T032029_N0213_R118_T48PXS_20191122T081629,1574410589000,Vinh Long,2019-11-22 08:16:29,0.07325618941035518
20.297821,1.49479,38.242051,34.3646780162,4.960459,0.1203,S2B_MSIL2A_20191122T032029_N0213_R118_T48PXS_20191122T081629,1574410589000,Ben Tre,2019-11-22 08:16:29,0.3495752640518552
20.297821,1.49479,38.242051,34.3646780162,4.960459,0.1203,S2B_MSIL2A_20191122T032029_N0213_R118_T48PXS_20191122T081629,1574410589000,Dong Thap,2019-11-22 08:16:29,1.139094372251131
20.297821,1.49479,38.242051,34.3646780162,4.960459,0.1203,S2B_MSIL2A_20191122T032029_N0213_R118_T48PXS_20191122T081629,1574410589000,Long An,2019-11-22 08:16:29,0.5743326721202159
20.297821,1.49479,38.242051,34.3646780162,4.960459,0.1203,S2B_MSIL2A_20191122T032029_N0213_R118_T48PXS_20191122T081629,1574410589000,Tien Giang,2019-11-22 08:16:29,0.12511447823290742
19.503843,2.840263,34.330824,34.7900516609,3.058537,0.0,S2B_MSIL2A_20191122T032029_N0213_R118_T48PWS_20191122T081629,1574410589000,Soc Trang,2019-11-22 08:16:29,1.472945045220535
19.503843,2.840263,34.330824,34.7900516609,3.058537,0.0,S2B_MSIL2A_20191122T032029_N0213_R118_T48PWS_20191122T081629,1574410589000,Tra Vinh,2019-11-22 08:16:29,1.07315498747118
19.503843,2.840263,34.330824,34.7900516609,3.058537,0.0,S2B_MSIL2A_20191122T032029_N0213_R118_T48PWS_20191122T081629,1574410589000,Vinh Long,2019-11-22 08:16:29,0.07325618941035518
19.503843,2.840263,34.330824,34.7900516609,3.058537,0.0,S2B_MSIL2A_20191122T032029_N0213_R118_T48PWS_20191122T081629,1574410589000,Can Tho city,2019-11-22 08:16:29,1.2965310109502384
19.503843,2.840263,34.330824,34.7900516609,3.058537,0.0,S2B_MSIL2A_20191122T032029_N0213_R118_T48PWS_20191122T081629,1574410589000,Hau Giang,2019-11-22 08:16:29,0.7950535313143036
19.503843,2.840263,34.330824,34.7900516609,3.058537,0.0,S2B_MSIL2A_20191122T032029_N0213_R118_T48PWS_20191122T081629,1574410589000,An Giang,2019-11-22 08:16:29,0.7098209614067419
19.503843,2.840263,34.330824,34.7900516609,3.058537,0.0,S2B_MSIL2A_20191122T032029_N0213_R118_T48PWS_20191122T081629,1574410589000,Dong Thap,2019-11-22 08:16:29,1.139094372251131
19.503843,2.840263,34.330824,34.7900516609,3.058537,0.0,S2B_MSIL2A_20191122T032029_N0213_R118_T48PWS_20191122T081629,1574410589000,Kien Giang,2019-11-22 08:16:29,2.0020315363256835
19.503843,2.840263,34.330824,34.7900516609,3.058537,0.0,S2B_MSIL2A_20191122T032029_N0213_R118_T48PWS_20191122T081629,1574410589000,Long An,2019-11-22 08:16:29,0.5743326721202159
19.503843,2.840263,34.330824,34.7900516609,3.058537,0.0,S2B_MSIL2A_20191122T032029_N0213_R118_T48PWS_20191122T081629,1574410589000,Tien Giang,2019-11-22 08:16:29,0.12511447823290742
9.363021,7.927147,34.346667,35.2305065368,37.24592,0.000259,S2B_MSIL2A_20191122T032029_N0213_R118_T48PVS_20191122T081629,1574410589000,An Giang,2019-11-22 08:16:29,0.7098209614067419
9.363021,7.927147,34.346667,35.2305065368,37.24592,0.000259,S2B_MSIL2A_20191122T032029_N0213_R118_T48PVS_20191122T081629,1574410589000,Kien Giang,2019-11-22 08:16:29,2.0020315363256835
10.54768,10.387236,33.802325,35.6850880845,52.955997,0.0,S2B_MSIL2A_20191122T032029_N0213_R118_T48PUS_20191122T081629,1574410589000,Kien Giang,2019-11-22 08:16:29,2.0020315363256835
17.131319,6.589653,27.582505,33.5406843875,37.870502,0.06758,S2B_MSIL2A_20191122T032029_N0213_R118_T48PXR_20191122T081629,1574410589000,Soc Trang,2019-11-22 08:16:29,1.472945045220535
17.131319,6.589653,27.582505,33.5406843875,37.870502,0.06758,S2B_MSIL2A_20191122T032029_N0213_R118_T48PXR_20191122T081629,1574410589000,Tra Vinh,2019-11-22 08:16:29,1.07315498747118
17.131319,6.589653,27.582505,33.5406843875,37.870502,0.06758,S2B_MSIL2A_20191122T032029_N0213_R118_T48PXR_20191122T081629,1574410589000,Vinh Long,2019-11-22 08:16:29,0.07325618941035518
17.131319,6.589653,27.582505,33.5406843875,37.870502,0.06758,S2B_MSIL2A_20191122T032029_N0213_R118_T48PXR_20191122T081629,1574410589000,Ben Tre,2019-11-22 08:16:29,0.3495752640518552
25.660121,3.323486,22.995086,33.9733668338,13.942558,0.34683,S2B_MSIL2A_20191122T032029_N0213_R118_T48PWR_20191122T081629,1574410589000,Soc Trang,2019-11-22 08:16:29,1.472945045220535
25.660121,3.323486,22.995086,33.9733668338,13.942558,0.34683,S2B_MSIL2A_20191122T032029_N0213_R118_T48PWR_20191122T081629,1574410589000,Tra Vinh,2019-11-22 08:16:29,1.07315498747118
25.660121,3.323486,22.995086,33.9733668338,13.942558,0.34683,S2B_MSIL2A_20191122T032029_N0213_R118_T48PWR_20191122T081629,1574410589000,Vinh Long,2019-11-22 08:16:29,0.07325618941035518
25.660121,3.323486,22.995086,33.9733668338,13.942558,0.34683,S2B_MSIL2A_20191122T032029_N0213_R118_T48PWR_20191122T081629,1574410589000,Bac Lieu,2019-11-22 08:16:29,0.42953969836085104
25.660121,3.323486,22.995086,33.9733668338,13.942558,0.34683,S2B_MSIL2A_20191122T032029_N0213_R118_T48PWR_20191122T081629,1574410589000,Ca Mau,2019-11-22 08:16:29,0.883660175787651
25.660121,3.323486,22.995086,33.9733668338,13.942558,0.34683,S2B_MSIL2A_20191122T032029_N0213_R118_T48PWR_20191122T081629,1574410589000,Can Tho city,2019-11-22 08:16:29,1.2965310109502384
25.660121,3.323486,22.995086,33.9733668338,13.942558,0.34683,S2B_MSIL2A_20191122T032029_N0213_R118_T48PWR_20191122T081629,1574410589000,Hau Giang,2019-11-22 08:16:29,0.7950535313143036
25.660121,3.323486,22.995086,33.9733668338,13.942558,0.34683,S2B_MSIL2A_20191122T032029_N0213_R118_T48PWR_20191122T081629,1574410589000,Kien Giang,2019-11-22 08:16:29,2.0020315363256835
21.530817,7.510336,6.12358,34.4214387217,62.436557,0.0,S2B_MSIL2A_20191122T032029_N0213_R118_T48PVR_20191122T081629,1574410589000,Ca Mau,2019-11-22 08:16:29,0.883660175787651
21.530817,7.510336,6.12358,34.4214387217,62.436557,0.0,S2B_MSIL2A_20191122T032029_N0213_R118_T48PVR_20191122T081629,1574410589000,Kien Giang,2019-11-22 08:16:29,2.0020315363256835
33.697262,25.590023,0.053367,34.8839045911,66.241843,0.0,S2B_MSIL2A_20191122T032029_N0213_R118_T48PUR_20191122T081629,1574410589000,Kien Giang,2019-11-22 08:16:29,2.0020315363256835
34.911842,14.161374,28.468049,35.9869234114,11.534068,0.003001,S2A_MSIL2A_20191124T031041_N0213_R075_T48PXS_20191124T062301,1574576581000,Tra Vinh,2019-11-24 06:23:01,1.4999686531965928
34.911842,14.161374,28.468049,35.9869234114,11.534068,0.003001,S2A_MSIL2A_20191124T031041_N0213_R075_T48PXS_20191124T062301,1574576581000,Ben Tre,2019-11-24 06:23:01,0.38670264619727496
34.911842,14.161374,28.468049,35.9869234114,11.534068,0.003001,S2A_MSIL2A_20191124T031041_N0213_R075_T48PXS_20191124T062301,1574576581000,Long An,2019-11-24 06:23:01,0.9759300412787978
34.911842,14.161374,28.468049,35.9869234114,11.534068,0.003001,S2A_MSIL2A_20191124T031041_N0213_R075_T48PXS_20191124T062301,1574576581000,Tien Giang,2019-11-24 06:23:01,0.12511447823290742
45.878306,3.338846,7.26155,35.1078187676,43.6683,0.001376,S2B_MSIL2A_20191125T033049_N0213_R018_T48PUS_20191125T072919,1574666959000,Kien Giang,2019-11-25 07:29:19,2.1342800423073753
15.270064,0.22592,0.143165,34.2808230406,84.552044,0.0,S2B_MSIL2A_20191125T033049_N0213_R018_T48PUR_20191125T072919,1574666959000,Kien Giang,2019-11-25 07:29:19,2.1342800423073753
3.703826,0.512106,69.348258,36.2346950714,3.028415,0.0,S2A_MSIL2A_20191127T032051_N0213_R118_T48PXT_20191127T071155,1574838715000,Dong Thap,2019-11-27 07:11:55,1.0250631965187937
3.703826,0.512106,69.348258,36.2346950714,3.028415,0.0,S2A_MSIL2A_20191127T032051_N0213_R118_T48PXT_20191127T071155,1574838715000,Long An,2019-11-27 07:11:55,0.5324599612765122
0.566956,0.000833,59.16754,36.6484119932,6.339344,0.0,S2A_MSIL2A_20191127T032051_N0213_R118_T48PWT_20191127T071155,1574838715000,An Giang,2019-11-27 07:11:55,1.1438405781255254
0.566956,0.000833,59.16754,36.6484119932,6.339344,0.0,S2A_MSIL2A_20191127T032051_N0213_R118_T48PWT_20191127T071155,1574838715000,Dong Thap,2019-11-27 07:11:55,1.0250631965187937
0.566956,0.000833,59.16754,36.6484119932,6.339344,0.0,S2A_MSIL2A_20191127T032051_N0213_R118_T48PWT_20191127T071155,1574838715000,Long An,2019-11-27 07:11:55,0.5324599612765122
8.046513,0.000317,63.361394,37.0764496838,4.284118,0.0,S2A_MSIL2A_20191127T032051_N0213_R118_T48PVT_20191127T071155,1574838715000,An Giang,2019-11-27 07:11:55,1.1438405781255254
28.662347,2.527939,32.723475,35.825201395,3.199758,0.0,S2A_MSIL2A_20191127T032051_N0213_R118_T48PWS_20191127T071155,1574838715000,Soc Trang,2019-11-27 07:11:55,1.994013800066476
28.662347,2.527939,32.723475,35.825201395,3.199758,0.0,S2A_MSIL2A_20191127T032051_N0213_R118_T48PWS_20191127T071155,1574838715000,Tra Vinh,2019-11-27 07:11:55,1.4950035013907055
28.662347,2.527939,32.723475,35.825201395,3.199758,0.0,S2A_MSIL2A_20191127T032051_N0213_R118_T48PWS_20191127T071155,1574838715000,Vinh Long,2019-11-27 07:11:55,0.05088596173502533
28.662347,2.527939,32.723475,35.825201395,3.199758,0.0,S2A_MSIL2A_20191127T032051_N0213_R118_T48PWS_20191127T071155,1574838715000,Can Tho city,2019-11-27 07:11:55,0.9738366719746954
28.662347,2.527939,32.723475,35.825201395,3.199758,0.0,S2A_MSIL2A_20191127T032051_N0213_R118_T48PWS_20191127T071155,1574838715000,Hau Giang,2019-11-27 07:11:55,0.6862948678060703
28.662347,2.527939,32.723475,35.825201395,3.199758,0.0,S2A_MSIL2A_20191127T032051_N0213_R118_T48PWS_20191127T071155,1574838715000,An Giang,2019-11-27 07:11:55,1.1438405781255254
28.662347,2.527939,32.723475,35.825201395,3.199758,0.0,S2A_MSIL2A_20191127T032051_N0213_R118_T48PWS_20191127T071155,1574838715000,Dong Thap,2019-11-27 07:11:55,1.0250631965187937
28.662347,2.527939,32.723475,35.825201395,3.199758,0.0,S2A_MSIL2A_20191127T032051_N0213_R118_T48PWS_20191127T071155,1574838715000,Kien Giang,2019-11-27 07:11:55,0.35298857558197855
28.662347,2.527939,32.723475,35.825201395,3.199758,0.0,S2A_MSIL2A_20191127T032051_N0213_R118_T48PWS_20191127T071155,1574838715000,Long An,2019-11-27 07:11:55,0.5324599612765122
28.662347,2.527939,32.723475,35.825201395,3.199758,0.0,S2A_MSIL2A_20191127T032051_N0213_R118_T48PWS_20191127T071155,1574838715000,Tien Giang,2019-11-27 07:11:55,0.12169713680095527
10.592716,3.161224,31.363326,36.2601555413,39.971042,0.004814,S2A_MSIL2A_20191127T032051_N0213_R118_T48PVS_20191127T071155,1574838715000,An Giang,2019-11-27 07:11:55,1.1438405781255254
10.592716,3.161224,31.363326,36.2601555413,39.971042,0.004814,S2A_MSIL2A_20191127T032051_N0213_R118_T48PVS_20191127T071155,1574838715000,Kien Giang,2019-11-27 07:11:55,0.35298857558197855
12.566755,1.265101,21.658105,36.7088216404,61.763346,0.004743,S2A_MSIL2A_20191127T032051_N0213_R118_T48PUS_20191127T071155,1574838715000,Kien Giang,2019-11-27 07:11:55,0.35298857558197855
22.856656,3.735953,2.584905,35.4479495608,68.936187,0.0,S2A_MSIL2A_20191127T032051_N0213_R118_T48PVR_20191127T071155,1574838715000,Ca Mau,2019-11-27 07:11:55,1.2195234720432644
22.856656,3.735953,2.584905,35.4479495608,68.936187,0.0,S2A_MSIL2A_20191127T032051_N0213_R118_T48PVR_20191127T071155,1574838715000,Kien Giang,2019-11-27 07:11:55,0.35298857558197855
3.941275,0.911213,0.049536,35.9041242689,96.004879,0.0,S2A_MSIL2A_20191127T032051_N0213_R118_T48PUR_20191127T071155,1574838715000,Kien Giang,2019-11-27 07:11:55,0.35298857558197855
24.659156,6.531803,1.616428,34.6391840441,69.97661,0.08629,S2A_MSIL2A_20191127T032051_N0213_R118_T48PVQ_20191127T071155,1574838715000,Ca Mau,2019-11-27 07:11:55,1.2195234720432644
11.482392,4.740014,41.410506,36.9897396228,22.29047,0.004667,S2B_MSIL2A_20191129T031049_N0213_R075_T48PXS_20191129T071406,1575011646000,Tra Vinh,2019-11-29 07:14:06,0.19694712490130495
11.482392,4.740014,41.410506,36.9897396228,22.29047,0.004667,S2B_MSIL2A_20191129T031049_N0213_R075_T48PXS_20191129T071406,1575011646000,Ben Tre,2019-11-29 07:14:06,0.0417165066799281
11.482392,4.740014,41.410506,36.9897396228,22.29047,0.004667,S2B_MSIL2A_20191129T031049_N0213_R075_T48PXS_20191129T071406,1575011646000,Long An,2019-11-29 07:14:06,0.05177705437879492
11.482392,4.740014,41.410506,36.9897396228,22.29047,0.004667,S2B_MSIL2A_20191129T031049_N0213_R075_T48PXS_20191129T071406,1575011646000,Tien Giang,2019-11-29 07:14:06,0.009664495477550683
44.994602,20.344257,5.001368,36.1861858154,44.314471,0.019878,S2B_MSIL2A_20191129T031049_N0213_R075_T48PXR_20191129T071406,1575011646000,Soc Trang,2019-11-29 07:14:06,0.6487027308964991
44.994602,20.344257,5.001368,36.1861858154,44.314471,0.019878,S2B_MSIL2A_20191129T031049_N0213_R075_T48PXR_20191129T071406,1575011646000,Tra Vinh,2019-11-29 07:14:06,0.19694712490130495
44.994602,20.344257,5.001368,36.1861858154,44.314471,0.019878,S2B_MSIL2A_20191129T031049_N0213_R075_T48PXR_20191129T071406,1575011646000,Vinh Long,2019-11-29 07:14:06,0.020773023857578368
44.994602,20.344257,5.001368,36.1861858154,44.314471,0.019878,S2B_MSIL2A_20191129T031049_N0213_R075_T48PXR_20191129T071406,1575011646000,Ben Tre,2019-11-29 07:14:06,0.0417165066799281
11.291153,11.040083,21.610993,36.0828740047,64.285064,0.000306,S2A_MSIL2A_20191130T033111_N0213_R018_T48PUS_20191130T073458,1575099298000,Kien Giang,2019-11-30 07:34:58,0.4244650141523388
18.277001,14.098215,0.093549,35.2544620729,81.60007,0.0,S2A_MSIL2A_20191130T033111_N0213_R018_T48PUR_20191130T073458,1575099298000,Kien Giang,2019-11-30 07:34:58,0.4244650141523388
27.997871,27.03802,43.293872,37.5925389595,4.05705,0.0,S2B_MSIL2A_20191202T032109_N0213_R118_T48PWT_20191202T072407,1575271447000,An Giang,2019-12-02 07:24:07,0.07937993381730592
27.997871,27.03802,43.293872,37.5925389595,4.05705,0.0,S2B_MSIL2A_20191202T032109_N0213_R118_T48PWT_20191202T072407,1575271447000,Dong Thap,2019-12-02 07:24:07,0.07360640265908079
27.997871,27.03802,43.293872,37.5925389595,4.05705,0.0,S2B_MSIL2A_20191202T032109_N0213_R118_T48PWT_20191202T072407,1575271447000,Long An,2019-12-02 07:24:07,0.11800889534347635
5.057686,3.939907,68.107432,38.0193067424,3.06684,0.0,S2B_MSIL2A_20191202T032109_N0213_R118_T48PVT_20191202T072407,1575271447000,An Giang,2019-12-02 07:24:07,0.07937993381730592
29.062913,26.403937,42.786276,36.7687537725,2.361787,0.0,S2B_MSIL2A_20191202T032109_N0213_R118_T48PWS_20191202T072407,1575271447000,Soc Trang,2019-12-02 07:24:07,0.6532521918376983
29.062913,26.403937,42.786276,36.7687537725,2.361787,0.0,S2B_MSIL2A_20191202T032109_N0213_R118_T48PWS_20191202T072407,1575271447000,Tra Vinh,2019-12-02 07:24:07,0.14979432487146627
29.062913,26.403937,42.786276,36.7687537725,2.361787,0.0,S2B_MSIL2A_20191202T032109_N0213_R118_T48PWS_20191202T072407,1575271447000,Vinh Long,2019-12-02 07:24:07,0.020773023857578368
29.062913,26.403937,42.786276,36.7687537725,2.361787,0.0,S2B_MSIL2A_20191202T032109_N0213_R118_T48PWS_20191202T072407,1575271447000,Can Tho city,2019-12-02 07:24:07,0.06742845959918624
29.062913,26.403937,42.786276,36.7687537725,2.361787,0.0,S2B_MSIL2A_20191202T032109_N0213_R118_T48PWS_20191202T072407,1575271447000,Hau Giang,2019-12-02 07:24:07,0.28459099879293076
29.062913,26.403937,42.786276,36.7687537725,2.361787,0.0,S2B_MSIL2A_20191202T032109_N0213_R118_T48PWS_20191202T072407,1575271447000,An Giang,2019-12-02 07:24:07,0.07937993381730592
29.062913,26.403937,42.786276,36.7687537725,2.361787,0.0,S2B_MSIL2A_20191202T032109_N0213_R118_T48PWS_20191202T072407,1575271447000,Dong Thap,2019-12-02 07:24:07,0.07360640265908079
29.062913,26.403937,42.786276,36.7687537725,2.361787,0.0,S2B_MSIL2A_20191202T032109_N0213_R118_T48PWS_20191202T072407,1575271447000,Kien Giang,2019-12-02 07:24:07,0.40400061257851383
29.062913,26.403937,42.786276,36.7687537725,2.361787,0.0,S2B_MSIL2A_20191202T032109_N0213_R118_T48PWS_20191202T072407,1575271447000,Long An,2019-12-02 07:24:07,0.11800889534347635
29.062913,26.403937,42.786276,36.7687537725,2.361787,0.0,S2B_MSIL2A_20191202T032109_N0213_R118_T48PWS_20191202T072407,1575271447000,Tien Giang,2019-12-02 07:24:07,0.22075563506253537
8.726435,8.508572,34.535721,37.202178468,39.687893,0.000455,S2B_MSIL2A_20191202T032109_N0213_R118_T48PVS_20191202T072407,1575271447000,An Giang,2019-12-02 07:24:07,0.07937993381730592
8.726435,8.508572,34.535721,37.202178468,39.687893,0.000455,S2B_MSIL2A_20191202T032109_N0213_R118_T48PVS_20191202T072407,1575271447000,Kien Giang,2019-12-02 07:24:07,0.40400061257851383
9.406698,9.23678,33.366016,37.6488759042,54.606938,7.6e-05,S2B_MSIL2A_20191202T032109_N0213_R118_T48PUS_20191202T072407,1575271447000,Kien Giang,2019-12-02 07:24:07,0.40400061257851383
38.628824,22.689179,4.922508,36.3889980166,48.429701,0.0,S2B_MSIL2A_20191202T032109_N0213_R118_T48PVR_20191202T072407,1575271447000,Ca Mau,2019-12-02 07:24:07,0.5428768754852297
38.628824,22.689179,4.922508,36.3889980166,48.429701,0.0,S2B_MSIL2A_20191202T032109_N0213_R118_T48PVR_20191202T072407,1575271447000,Kien Giang,2019-12-02 07:24:07,0.40400061257851383
42.898734,26.214388,0.054121,36.8429242978,57.045645,0.0,S2B_MSIL2A_20191202T032109_N0213_R118_T48PUR_20191202T072407,1575271447000,Kien Giang,2019-12-02 07:24:07,0.40400061257851383
15.783579,14.862087,18.902567,36.9542446795,62.457108,0.00023,S2B_MSIL2A_20191205T033119_N0213_R018_T48PUS_20191205T070306,1575529386000,Kien Giang,2019-12-05 07:03:06,0.04158731608747218
10.389878,10.386036,0.173283,36.126224578,89.430165,0.0,S2B_MSIL2A_20191205T033119_N0213_R018_T48PUR_20191205T070306,1575529386000,Kien Giang,2019-12-05 07:03:06,0.04158731608747218
10.373294,0.072981,61.80988,37.9835547807,2.201527,0.0,S2A_MSIL2A_20191207T032121_N0213_R118_T48PXT_20191207T071912,1575703152000,Dong Thap,2019-12-07 07:19:12,0.01401780323563505
10.373294,0.072981,61.80988,37.9835547807,2.201527,0.0,S2A_MSIL2A_20191207T032121_N0213_R118_T48PXT_20191207T071912,1575703152000,Long An,2019-12-07 07:19:12,0.0
6.083719,0.00359,51.640713,38.3980584008,4.600694,0.0,S2A_MSIL2A_20191207T032121_N0213_R118_T48PWT_20191207T071912,1575703152000,An Giang,2019-12-07 07:19:12,0.00601485257653655
6.083719,0.00359,51.640713,38.3980584008,4.600694,0.0,S2A_MSIL2A_20191207T032121_N0213_R118_T48PWT_20191207T071912,1575703152000,Dong Thap,2019-12-07 07:19:12,0.01401780323563505
6.083719,0.00359,51.640713,38.3980584008,4.600694,0.0,S2A_MSIL2A_20191207T032121_N0213_R118_T48PWT_20191207T071912,1575703152000,Long An,2019-12-07 07:19:12,0.0
1.782177,1.139993,64.990997,38.8259981785,2.650821,0.0,S2A_MSIL2A_20191207T032121_N0213_R118_T48PVT_20191207T071912,1575703152000,An Giang,2019-12-07 07:19:12,0.00601485257653655
22.166522,0.357899,28.718027,38.0093103805,33.745241,0.000202,S2A_MSIL2A_20191207T032121_N0213_R118_T48PVS_20191207T071912,1575703152000,An Giang,2019-12-07 07:19:12,0.00601485257653655
22.166522,0.357899,28.718027,38.0093103805,33.745241,0.000202,S2A_MSIL2A_20191207T032121_N0213_R118_T48PVS_20191207T071912,1575703152000,Kien Giang,2019-12-07 07:19:12,0.09481091989938745
0.212723,0.0,33.393618,38.4565867178,63.367647,0.001136,S2A_MSIL2A_20191207T032121_N0213_R118_T48PUS_20191207T071912,1575703152000,Kien Giang,2019-12-07 07:19:12,0.09481091989938745
47.668857,4.951924,1.478349,37.1964619259,46.694553,0.0,S2A_MSIL2A_20191207T032121_N0213_R118_T48PVR_20191207T071912,1575703152000,Ca Mau,2019-12-07 07:19:12,0.5654868591871116
47.668857,4.951924,1.478349,37.1964619259,46.694553,0.0,S2A_MSIL2A_20191207T032121_N0213_R118_T48PVR_20191207T071912,1575703152000,Kien Giang,2019-12-07 07:19:12,0.09481091989938745
12.45031,12.448473,0.051623,37.6507696497,87.497067,0.0,S2A_MSIL2A_20191207T032121_N0213_R118_T48PUR_20191207T071912,1575703152000,Kien Giang,2019-12-07 07:19:12,0.09481091989938745
1.015354,0.002467,43.448043,38.6407945228,28.457659,0.005057,S2B_MSIL2A_20191209T031119_N0213_R075_T48PXS_20191209T063000,1575873000000,Tra Vinh,2019-12-09 06:30:00,0.16092425861731607
1.015354,0.002467,43.448043,38.6407945228,28.457659,0.005057,S2B_MSIL2A_20191209T031119_N0213_R075_T48PXS_20191209T063000,1575873000000,Ben Tre,2019-12-09 06:30:00,0.008419146973313583
1.015354,0.002467,43.448043,38.6407945228,28.457659,0.005057,S2B_MSIL2A_20191209T031119_N0213_R075_T48PXS_20191209T063000,1575873000000,Long An,2019-12-09 06:30:00,0.06041842137651249
1.015354,0.002467,43.448043,38.6407945228,28.457659,0.005057,S2B_MSIL2A_20191209T031119_N0213_R075_T48PXS_20191209T063000,1575873000000,Tien Giang,2019-12-09 06:30:00,0.09438805788051745
19.391359,13.293082,7.518104,37.8375243571,65.243661,0.009255,S2B_MSIL2A_20191209T031119_N0213_R075_T48PXR_20191209T063000,1575873000000,Soc Trang,2019-12-09 06:30:00,0.23306953036961633
19.391359,13.293082,7.518104,37.8375243571,65.243661,0.009255,S2B_MSIL2A_20191209T031119_N0213_R075_T48PXR_20191209T063000,1575873000000,Tra Vinh,2019-12-09 06:30:00,0.16092425861731607
19.391359,13.293082,7.518104,37.8375243571,65.243661,0.009255,S2B_MSIL2A_20191209T031119_N0213_R075_T48PXR_20191209T063000,1575873000000,Vinh Long,2019-12-09 06:30:00,0.0337227156203112
19.391359,13.293082,7.518104,37.8375243571,65.243661,0.009255,S2B_MSIL2A_20191209T031119_N0213_R075_T48PXR_20191209T063000,1575873000000,Ben Tre,2019-12-09 06:30:00,0.008419146973313583
0.483488,0.415923,21.308516,37.6790495639,74.991167,7e-05,S2A_MSIL2A_20191210T033131_N0213_R018_T48PUS_20191210T070124,1575961284000,Kien Giang,2019-12-10 07:01:24,0.21445293556189982
0.827224,0.825964,0.15939,36.8525267679,99.005669,0.0,S2A_MSIL2A_20191210T033131_N0213_R018_T48PUR_20191210T070124,1575961284000,Kien Giang,2019-12-10 07:01:24,0.21445293556189982
26.348969,12.393665,49.644202,38.660414325,1.848612,0.0,S2B_MSIL2A_20191212T032129_N0213_R118_T48PXT_20191212T065639,1576133799000,Dong Thap,2019-12-12 06:56:39,0.060453287055088255
26.348969,12.393665,49.644202,38.660414325,1.848612,0.0,S2B_MSIL2A_20191212T032129_N0213_R118_T48PXT_20191212T065639,1576133799000,Long An,2019-12-12 06:56:39,0.18622779297805034
35.690362,3.391164,24.629997,37.8333473114,3.27122,0.048388,S2B_MSIL2A_20191212T032129_N0213_R118_T48PXS_20191212T065639,1576133799000,Soc Trang,2019-12-12 06:56:39,0.4430492717383574
35.690362,3.391164,24.629997,37.8333473114,3.27122,0.048388,S2B_MSIL2A_20191212T032129_N0213_R118_T48PXS_20191212T065639,1576133799000,Tra Vinh,2019-12-12 06:56:39,0.7050978477049713
35.690362,3.391164,24.629997,37.8333473114,3.27122,0.048388,S2B_MSIL2A_20191212T032129_N0213_R118_T48PXS_20191212T065639,1576133799000,Vinh Long,2019-12-12 06:56:39,0.20788225932463059
35.690362,3.391164,24.629997,37.8333473114,3.27122,0.048388,S2B_MSIL2A_20191212T032129_N0213_R118_T48PXS_20191212T065639,1576133799000,Ben Tre,2019-12-12 06:56:39,0.37240531684972805
35.690362,3.391164,24.629997,37.8333473114,3.27122,0.048388,S2B_MSIL2A_20191212T032129_N0213_R118_T48PXS_20191212T065639,1576133799000,Dong Thap,2019-12-12 06:56:39,0.060453287055088255
35.690362,3.391164,24.629997,37.8333473114,3.27122,0.048388,S2B_MSIL2A_20191212T032129_N0213_R118_T48PXS_20191212T065639,1576133799000,Long An,2019-12-12 06:56:39,0.18622779297805034
35.690362,3.391164,24.629997,37.8333473114,3.27122,0.048388,S2B_MSIL2A_20191212T032129_N0213_R118_T48PXS_20191212T065639,1576133799000,Tien Giang,2019-12-12 06:56:39,0.15237179984689375
22.483152,0.024446,15.583935,37.00954026,42.837793,0.173419,S2B_MSIL2A_20191212T032129_N0213_R118_T48PXR_20191212T065639,1576133799000,Soc Trang,2019-12-12 06:56:39,0.4430492717383574
22.483152,0.024446,15.583935,37.00954026,42.837793,0.173419,S2B_MSIL2A_20191212T032129_N0213_R118_T48PXR_20191212T065639,1576133799000,Tra Vinh,2019-12-12 06:56:39,0.7050978477049713
22.483152,0.024446,15.583935,37.00954026,42.837793,0.173419,S2B_MSIL2A_20191212T032129_N0213_R118_T48PXR_20191212T065639,1576133799000,Vinh Long,2019-12-12 06:56:39,0.20788225932463059
22.483152,0.024446,15.583935,37.00954026,42.837793,0.173419,S2B_MSIL2A_20191212T032129_N0213_R118_T48PXR_20191212T065639,1576133799000,Ben Tre,2019-12-12 06:56:39,0.37240531684972805
46.791441,38.966304,0.03332,38.3445066904,53.174269,0.0,S2B_MSIL2A_20191212T032129_N0213_R118_T48PUR_20191212T065639,1576133799000,Kien Giang,2019-12-12 06:56:39,0.16579420685632065
19.073411,2.475997,0.837608,36.6266289379,77.94764,0.147962,S2B_MSIL2A_20191212T032129_N0213_R118_T48PWQ_20191212T065639,1576133799000,Bac Lieu,2019-12-12 06:56:39,0.3430319091883846
19.073411,2.475997,0.837608,36.6266289379,77.94764,0.147962,S2B_MSIL2A_20191212T032129_N0213_R118_T48PWQ_20191212T065639,1576133799000,Ca Mau,2019-12-12 06:56:39,0.7428299168065488
2.700319,1.625435,41.856828,39.2688466189,26.642832,0.004477,S2A_MSIL2A_20191214T031121_N0213_R075_T48PXS_20191214T070247,1576306967000,Tra Vinh,2019-12-14 07:02:47,0.9476838420043748
2.700319,1.625435,41.856828,39.2688466189,26.642832,0.004477,S2A_MSIL2A_20191214T031121_N0213_R075_T48PXS_20191214T070247,1576306967000,Ben Tre,2019-12-14 07:02:47,0.9717665733833729
2.700319,1.625435,41.856828,39.2688466189,26.642832,0.004477,S2A_MSIL2A_20191214T031121_N0213_R075_T48PXS_20191214T070247,1576306967000,Long An,2019-12-14 07:02:47,0.5173688946572871
2.700319,1.625435,41.856828,39.2688466189,26.642832,0.004477,S2A_MSIL2A_20191214T031121_N0213_R075_T48PXS_20191214T070247,1576306967000,Tien Giang,2019-12-14 07:02:47,0.9011277986925332
6.000078,1.31936,6.635111,38.4680279902,78.804553,0.010387,S2A_MSIL2A_20191214T031121_N0213_R075_T48PXR_20191214T070247,1576306967000,Soc Trang,2019-12-14 07:02:47,0.46462496447791274
6.000078,1.31936,6.635111,38.4680279902,78.804553,0.010387,S2A_MSIL2A_20191214T031121_N0213_R075_T48PXR_20191214T070247,1576306967000,Tra Vinh,2019-12-14 07:02:47,0.9476838420043748
6.000078,1.31936,6.635111,38.4680279902,78.804553,0.010387,S2A_MSIL2A_20191214T031121_N0213_R075_T48PXR_20191214T070247,1576306967000,Vinh Long,2019-12-14 07:02:47,0.8450426132636738
6.000078,1.31936,6.635111,38.4680279902,78.804553,0.010387,S2A_MSIL2A_20191214T031121_N0213_R075_T48PXR_20191214T070247,1576306967000,Ben Tre,2019-12-14 07:02:47,0.9717665733833729
13.078458,12.095904,18.897325,38.271305981,63.785446,7.3e-05,S2B_MSIL2A_20191215T033139_N0213_R018_T48PUS_20191215T073452,1576395292000,Kien Giang,2019-12-15 07:34:52,0.3062015209320234
25.310236,13.329245,0.059466,37.4477439415,74.598062,0.0,S2B_MSIL2A_20191215T033139_N0213_R018_T48PUR_20191215T073452,1576395292000,Kien Giang,2019-12-15 07:34:52,0.3062015209320234
5.894643,5.655329,65.684205,39.1852937793,1.857223,0.0,S2A_MSIL2A_20191217T032131_N0213_R118_T48PXT_20191217T064024,1576564824000,Dong Thap,2019-12-17 06:40:24,0.7581808846597456
5.894643,5.655329,65.684205,39.1852937793,1.857223,0.0,S2A_MSIL2A_20191217T032131_N0213_R118_T48PXT_20191217T064024,1576564824000,Long An,2019-12-17 06:40:24,0.8897542847492529
1.811594,1.439966,53.94336,39.6115157918,3.713987,0.0,S2A_MSIL2A_20191217T032131_N0213_R118_T48PWT_20191217T064024,1576564824000,An Giang,2019-12-17 06:40:24,0.6145309635670558
1.811594,1.439966,53.94336,39.6115157918,3.713987,0.0,S2A_MSIL2A_20191217T032131_N0213_R118_T48PWT_20191217T064024,1576564824000,Dong Thap,2019-12-17 06:40:24,0.7581808846597456
1.811594,1.439966,53.94336,39.6115157918,3.713987,0.0,S2A_MSIL2A_20191217T032131_N0213_R118_T48PWT_20191217T064024,1576564824000,Long An,2019-12-17 06:40:24,0.8897542847492529
7.754105,1.790874,42.156103,40.0503981507,1.884336,0.0,S2A_MSIL2A_20191217T032131_N0213_R118_T48PVT_20191217T064024,1576564824000,An Giang,2019-12-17 06:40:24,0.6145309635670558
10.804762,4.41858,61.614311,38.3616220451,4.088034,0.000184,S2A_MSIL2A_20191217T032131_N0213_R118_T48PXS_20191217T064024,1576564824000,Soc Trang,2019-12-17 06:40:24,0.44875860612129764
10.804762,4.41858,61.614311,38.3616220451,4.088034,0.000184,S2A_MSIL2A_20191217T032131_N0213_R118_T48PXS_20191217T064024,1576564824000,Tra Vinh,2019-12-17 06:40:24,0.8192845697390313
10.804762,4.41858,61.614311,38.3616220451,4.088034,0.000184,S2A_MSIL2A_20191217T032131_N0213_R118_T48PXS_20191217T064024,1576564824000,Vinh Long,2019-12-17 06:40:24,1.0940572351915168
10.804762,4.41858,61.614311,38.3616220451,4.088034,0.000184,S2A_MSIL2A_20191217T032131_N0213_R118_T48PXS_20191217T064024,1576564824000,Ben Tre,2019-12-17 06:40:24,1.1551051008174398
10.804762,4.41858,61.614311,38.3616220451,4.088034,0.000184,S2A_MSIL2A_20191217T032131_N0213_R118_T48PXS_20191217T064024,1576564824000,Dong Thap,2019-12-17 06:40:24,0.7581808846597456
10.804762,4.41858,61.614311,38.3616220451,4.088034,0.000184,S2A_MSIL2A_20191217T032131_N0213_R118_T48PXS_20191217T064024,1576564824000,Long An,2019-12-17 06:40:24,0.8897542847492529
10.804762,4.41858,61.614311,38.3616220451,4.088034,0.000184,S2A_MSIL2A_20191217T032131_N0213_R118_T48PXS_20191217T064024,1576564824000,Tien Giang,2019-12-17 06:40:24,0.9472293062723341
12.774969,5.186264,60.798651,38.793906215,2.947535,0.0,S2A_MSIL2A_20191217T032131_N0213_R118_T48PWS_20191217T064024,1576564824000,Soc Trang,2019-12-17 06:40:24,0.44875860612129764
12.774969,5.186264,60.798651,38.793906215,2.947535,0.0,S2A_MSIL2A_20191217T032131_N0213_R118_T48PWS_20191217T064024,1576564824000,Tra Vinh,2019-12-17 06:40:24,0.8192845697390313
12.774969,5.186264,60.798651,38.793906215,2.947535,0.0,S2A_MSIL2A_20191217T032131_N0213_R118_T48PWS_20191217T064024,1576564824000,Vinh Long,2019-12-17 06:40:24,1.0940572351915168
12.774969,5.186264,60.798651,38.793906215,2.947535,0.0,S2A_MSIL2A_20191217T032131_N0213_R118_T48PWS_20191217T064024,1576564824000,Can Tho city,2019-12-17 06:40:24,0.3633229723832208
12.774969,5.186264,60.798651,38.793906215,2.947535,0.0,S2A_MSIL2A_20191217T032131_N0213_R118_T48PWS_20191217T064024,1576564824000,Hau Giang,2019-12-17 06:40:24,0.44102725522871494
12.774969,5.186264,60.798651,38.793906215,2.947535,0.0,S2A_MSIL2A_20191217T032131_N0213_R118_T48PWS_20191217T064024,1576564824000,An Giang,2019-12-17 06:40:24,0.6145309635670558
12.774969,5.186264,60.798651,38.793906215,2.947535,0.0,S2A_MSIL2A_20191217T032131_N0213_R118_T48PWS_20191217T064024,1576564824000,Dong Thap,2019-12-17 06:40:24,0.7581808846597456
12.774969,5.186264,60.798651,38.793906215,2.947535,0.0,S2A_MSIL2A_20191217T032131_N0213_R118_T48PWS_20191217T064024,1576564824000,Kien Giang,2019-12-17 06:40:24,0.22200058482559681
12.774969,5.186264,60.798651,38.793906215,2.947535,0.0,S2A_MSIL2A_20191217T032131_N0213_R118_T48PWS_20191217T064024,1576564824000,Long An,2019-12-17 06:40:24,0.8897542847492529
12.774969,5.186264,60.798651,38.793906215,2.947535,0.0,S2A_MSIL2A_20191217T032131_N0213_R118_T48PWS_20191217T064024,1576564824000,Tien Giang,2019-12-17 06:40:24,0.9472293062723341
28.970489,4.28981,24.736699,39.2391171679,24.958314,0.000601,S2A_MSIL2A_20191217T032131_N0213_R118_T48PVS_20191217T064024,1576564824000,An Giang,2019-12-17 06:40:24,0.6145309635670558
28.970489,4.28981,24.736699,39.2391171679,24.958314,0.000601,S2A_MSIL2A_20191217T032131_N0213_R118_T48PVS_20191217T064024,1576564824000,Kien Giang,2019-12-17 06:40:24,0.22200058482559681
39.620787,0.140131,21.833616,39.6964190841,32.702705,0.002585,S2A_MSIL2A_20191217T032131_N0213_R118_T48PUS_20191217T064024,1576564824000,Kien Giang,2019-12-17 06:40:24,0.22200058482559681
26.722736,0.298502,26.794431,39.7594625824,25.701618,0.342683,S2B_MSIL2A_20191219T031129_N0213_R075_T48PXS_20191219T064247,1576737767000,Tra Vinh,2019-12-19 06:42:47,0.5736325492007887
26.722736,0.298502,26.794431,39.7594625824,25.701618,0.342683,S2B_MSIL2A_20191219T031129_N0213_R075_T48PXS_20191219T064247,1576737767000,Ben Tre,2019-12-19 06:42:47,0.5201328387602263
26.722736,0.298502,26.794431,39.7594625824,25.701618,0.342683,S2B_MSIL2A_20191219T031129_N0213_R075_T48PXS_20191219T064247,1576737767000,Long An,2019-12-19 06:42:47,0.5577020035456728
26.722736,0.298502,26.794431,39.7594625824,25.701618,0.342683,S2B_MSIL2A_20191219T031129_N0213_R075_T48PXS_20191219T064247,1576737767000,Tien Giang,2019-12-19 06:42:47,0.19579805152062
0.163106,0.061677,7.11401,38.9626374186,83.991122,0.000586,S2B_MSIL2A_20191219T031129_N0213_R075_T48PXR_20191219T064247,1576737767000,Soc Trang,2019-12-19 06:42:47,0.42718291338174236
0.163106,0.061677,7.11401,38.9626374186,83.991122,0.000586,S2B_MSIL2A_20191219T031129_N0213_R075_T48PXR_20191219T064247,1576737767000,Tra Vinh,2019-12-19 06:42:47,0.5736325492007887
0.163106,0.061677,7.11401,38.9626374186,83.991122,0.000586,S2B_MSIL2A_20191219T031129_N0213_R075_T48PXR_20191219T064247,1576737767000,Vinh Long,2019-12-19 06:42:47,0.40275496934586963
0.163106,0.061677,7.11401,38.9626374186,83.991122,0.000586,S2B_MSIL2A_20191219T031129_N0213_R075_T48PXR_20191219T064247,1576737767000,Ben Tre,2019-12-19 06:42:47,0.5201328387602263
12.525436,0.000694,8.840647,38.7124494577,71.871692,0.010405,S2A_MSIL2A_20191220T033141_N0213_R018_T48PUS_20191220T070111,1576825271000,Kien Giang,2019-12-20 07:01:11,0.20576545476577587
1.920128,0.0,0.159314,37.8930966613,97.903514,0.0,S2A_MSIL2A_20191220T033141_N0213_R018_T48PUR_20191220T070111,1576825271000,Kien Giang,2019-12-20 07:01:11,0.20576545476577587
19.312739,6.883412,47.404769,39.5561877726,1.145642,0.0,S2B_MSIL2A_20191222T032139_N0213_R118_T48PXT_20191222T072524,1576999524000,Dong Thap,2019-12-22 07:25:24,0.0
19.312739,6.883412,47.404769,39.5561877726,1.145642,0.0,S2B_MSIL2A_20191222T032139_N0213_R118_T48PXT_20191222T072524,1576999524000,Long An,2019-12-22 07:25:24,0.0
22.70463,2.448708,33.904254,39.9915976059,2.431446,0.0,S2B_MSIL2A_20191222T032139_N0213_R118_T48PWT_20191222T072524,1576999524000,An Giang,2019-12-22 07:25:24,0.0
22.70463,2.448708,33.904254,39.9915976059,2.431446,0.0,S2B_MSIL2A_20191222T032139_N0213_R118_T48PWT_20191222T072524,1576999524000,Dong Thap,2019-12-22 07:25:24,0.0
22.70463,2.448708,33.904254,39.9915976059,2.431446,0.0,S2B_MSIL2A_20191222T032139_N0213_R118_T48PWT_20191222T072524,1576999524000,Long An,2019-12-22 07:25:24,0.0
6.008348,3.979928,40.515566,40.4393352407,1.519455,0.0,S2B_MSIL2A_20191222T032139_N0213_R118_T48PVT_20191222T072524,1576999524000,An Giang,2019-12-22 07:25:24,0.0
24.021374,0.828423,40.404069,38.737137939,3.132746,0.017557,S2B_MSIL2A_20191222T032139_N0213_R118_T48PXS_20191222T072524,1576999524000,Soc Trang,2019-12-22 07:25:24,0.041959195687740265
24.021374,0.828423,40.404069,38.737137939,3.132746,0.017557,S2B_MSIL2A_20191222T032139_N0213_R118_T48PXS_20191222T072524,1576999524000,Tra Vinh,2019-12-22 07:25:24,0.0
24.021374,0.828423,40.404069,38.737137939,3.132746,0.017557,S2B_MSIL2A_20191222T032139_N0213_R118_T48PXS_20191222T072524,1576999524000,Vinh Long,2019-12-22 07:25:24,0.0
24.021374,0.828423,40.404069,38.737137939,3.132746,0.017557,S2B_MSIL2A_20191222T032139_N0213_R118_T48PXS_20191222T072524,1576999524000,Ben Tre,2019-12-22 07:25:24,0.0
24.021374,0.828423,40.404069,38.737137939,3.132746,0.017557,S2B_MSIL2A_20191222T032139_N0213_R118_T48PXS_20191222T072524,1576999524000,Dong Thap,2019-12-22 07:25:24,0.0
24.021374,0.828423,40.404069,38.737137939,3.132746,0.017557,S2B_MSIL2A_20191222T032139_N0213_R118_T48PXS_20191222T072524,1576999524000,Long An,2019-12-22 07:25:24,0.0
24.021374,0.828423,40.404069,38.737137939,3.132746,0.017557,S2B_MSIL2A_20191222T032139_N0213_R118_T48PXS_20191222T072524,1576999524000,Tien Giang,2019-12-22 07:25:24,0.0
14.118815,1.899241,56.488991,39.1786474556,3.077302,0.0,S2B_MSIL2A_20191222T032139_N0213_R118_T48PWS_20191222T072524,1576999524000,Soc Trang,2019-12-22 07:25:24,0.041959195687740265
14.118815,1.899241,56.488991,39.1786474556,3.077302,0.0,S2B_MSIL2A_20191222T032139_N0213_R118_T48PWS_20191222T072524,1576999524000,Tra Vinh,2019-12-22 07:25:24,0.0
14.118815,1.899241,56.488991,39.1786474556,3.077302,0.0,S2B_MSIL2A_20191222T032139_N0213_R118_T48PWS_20191222T072524,1576999524000,Vinh Long,2019-12-22 07:25:24,0.0
14.118815,1.899241,56.488991,39.1786474556,3.077302,0.0,S2B_MSIL2A_20191222T032139_N0213_R118_T48PWS_20191222T072524,1576999524000,Can Tho city,2019-12-22 07:25:24,0.0
14.118815,1.899241,56.488991,39.1786474556,3.077302,0.0,S2B_MSIL2A_20191222T032139_N0213_R118_T48PWS_20191222T072524,1576999524000,Hau Giang,2019-12-22 07:25:24,0.0
14.118815,1.899241,56.488991,39.1786474556,3.077302,0.0,S2B_MSIL2A_20191222T032139_N0213_R118_T48PWS_20191222T072524,1576999524000,An Giang,2019-12-22 07:25:24,0.0
14.118815,1.899241,56.488991,39.1786474556,3.077302,0.0,S2B_MSIL2A_20191222T032139_N0213_R118_T48PWS_20191222T072524,1576999524000,Dong Thap,2019-12-22 07:25:24,0.0
14.118815,1.899241,56.488991,39.1786474556,3.077302,0.0,S2B_MSIL2A_20191222T032139_N0213_R118_T48PWS_20191222T072524,1576999524000,Kien Giang,2019-12-22 07:25:24,0.0
14.118815,1.899241,56.488991,39.1786474556,3.077302,0.0,S2B_MSIL2A_20191222T032139_N0213_R118_T48PWS_20191222T072524,1576999524000,Long An,2019-12-22 07:25:24,0.0
14.118815,1.899241,56.488991,39.1786474556,3.077302,0.0,S2B_MSIL2A_20191222T032139_N0213_R118_T48PWS_20191222T072524,1576999524000,Tien Giang,2019-12-22 07:25:24,0.0
28.758981,20.769718,25.050879,39.6327325463,29.507214,0.0,S2B_MSIL2A_20191222T032139_N0213_R118_T48PVS_20191222T072524,1576999524000,An Giang,2019-12-22 07:25:24,0.0
28.758981,20.769718,25.050879,39.6327325463,29.507214,0.0,S2B_MSIL2A_20191222T032139_N0213_R118_T48PVS_20191222T072524,1576999524000,Kien Giang,2019-12-22 07:25:24,0.0
9.465907,2.167792,19.678015,40.0985577841,61.866796,0.014273,S2B_MSIL2A_20191222T032139_N0213_R118_T48PUS_20191222T072524,1576999524000,Kien Giang,2019-12-22 07:25:24,0.0
20.233649,9.017489,20.022105,37.9215229006,36.234254,0.019013,S2B_MSIL2A_20191222T032139_N0213_R118_T48PXR_20191222T072524,1576999524000,Soc Trang,2019-12-22 07:25:24,0.041959195687740265
20.233649,9.017489,20.022105,37.9215229006,36.234254,0.019013,S2B_MSIL2A_20191222T032139_N0213_R118_T48PXR_20191222T072524,1576999524000,Tra Vinh,2019-12-22 07:25:24,0.0
20.233649,9.017489,20.022105,37.9215229006,36.234254,0.019013,S2B_MSIL2A_20191222T032139_N0213_R118_T48PXR_20191222T072524,1576999524000,Vinh Long,2019-12-22 07:25:24,0.0
20.233649,9.017489,20.022105,37.9215229006,36.234254,0.019013,S2B_MSIL2A_20191222T032139_N0213_R118_T48PXR_20191222T072524,1576999524000,Ben Tre,2019-12-22 07:25:24,0.0
15.737609,7.896938,33.349955,38.3694115858,14.933664,0.000438,S2B_MSIL2A_20191222T032139_N0213_R118_T48PWR_20191222T072524,1576999524000,Soc Trang,2019-12-22 07:25:24,0.041959195687740265
15.737609,7.896938,33.349955,38.3694115858,14.933664,0.000438,S2B_MSIL2A_20191222T032139_N0213_R118_T48PWR_20191222T072524,1576999524000,Tra Vinh,2019-12-22 07:25:24,0.0
15.737609,7.896938,33.349955,38.3694115858,14.933664,0.000438,S2B_MSIL2A_20191222T032139_N0213_R118_T48PWR_20191222T072524,1576999524000,Vinh Long,2019-12-22 07:25:24,0.0
15.737609,7.896938,33.349955,38.3694115858,14.933664,0.000438,S2B_MSIL2A_20191222T032139_N0213_R118_T48PWR_20191222T072524,1576999524000,Bac Lieu,2019-12-22 07:25:24,0.5445307487211888
15.737609,7.896938,33.349955,38.3694115858,14.933664,0.000438,S2B_MSIL2A_20191222T032139_N0213_R118_T48PWR_20191222T072524,1576999524000,Ca Mau,2019-12-22 07:25:24,0.7414432675883641
15.737609,7.896938,33.349955,38.3694115858,14.933664,0.000438,S2B_MSIL2A_20191222T032139_N0213_R118_T48PWR_20191222T072524,1576999524000,Can Tho city,2019-12-22 07:25:24,0.0
15.737609,7.896938,33.349955,38.3694115858,14.933664,0.000438,S2B_MSIL2A_20191222T032139_N0213_R118_T48PWR_20191222T072524,1576999524000,Hau Giang,2019-12-22 07:25:24,0.0
15.737609,7.896938,33.349955,38.3694115858,14.933664,0.000438,S2B_MSIL2A_20191222T032139_N0213_R118_T48PWR_20191222T072524,1576999524000,Kien Giang,2019-12-22 07:25:24,0.0
29.603469,24.80595,8.684798,38.830123899,55.576861,0.0,S2B_MSIL2A_20191222T032139_N0213_R118_T48PVR_20191222T072524,1576999524000,Ca Mau,2019-12-22 07:25:24,0.7414432675883641
29.603469,24.80595,8.684798,38.830123899,55.576861,0.0,S2B_MSIL2A_20191222T032139_N0213_R118_T48PVR_20191222T072524,1576999524000,Kien Giang,2019-12-22 07:25:24,0.0
10.995936,10.7721,0.049152,39.3027954152,88.952851,0.0,S2B_MSIL2A_20191222T032139_N0213_R118_T48PUR_20191222T072524,1576999524000,Kien Giang,2019-12-22 07:25:24,0.0
11.427192,10.895236,3.780356,37.5631743877,78.78834,9e-05,S2B_MSIL2A_20191222T032139_N0213_R118_T48PWQ_20191222T072524,1576999524000,Bac Lieu,2019-12-22 07:25:24,0.5445307487211888
11.427192,10.895236,3.780356,37.5631743877,78.78834,9e-05,S2B_MSIL2A_20191222T032139_N0213_R118_T48PWQ_20191222T072524,1576999524000,Ca Mau,2019-12-22 07:25:24,0.7414432675883641
17.851995,16.63813,4.526097,38.0308137645,71.68045,0.0,S2B_MSIL2A_20191222T032139_N0213_R118_T48PVQ_20191222T072524,1576999524000,Ca Mau,2019-12-22 07:25:24,0.7414432675883641
4.813139,3.988273,39.974606,40.1022764798,24.985807,0.008492,S2A_MSIL2A_20191224T031131_N0213_R075_T48PXS_20191224T062655,1577168815000,Tra Vinh,2019-12-24 06:26:55,0.0056204710071412
4.813139,3.988273,39.974606,40.1022764798,24.985807,0.008492,S2A_MSIL2A_20191224T031131_N0213_R075_T48PXS_20191224T062655,1577168815000,Ben Tre,2019-12-24 06:26:55,0.0
4.813139,3.988273,39.974606,40.1022764798,24.985807,0.008492,S2A_MSIL2A_20191224T031131_N0213_R075_T48PXS_20191224T062655,1577168815000,Long An,2019-12-24 06:26:55,0.0
4.813139,3.988273,39.974606,40.1022764798,24.985807,0.008492,S2A_MSIL2A_20191224T031131_N0213_R075_T48PXS_20191224T062655,1577168815000,Tien Giang,2019-12-24 06:26:55,0.0
2.058419,1.995862,5.609218,39.3109154656,82.38017,0.000626,S2A_MSIL2A_20191224T031131_N0213_R075_T48PXR_20191224T062655,1577168815000,Soc Trang,2019-12-24 06:26:55,0.21014109592037442
2.058419,1.995862,5.609218,39.3109154656,82.38017,0.000626,S2A_MSIL2A_20191224T031131_N0213_R075_T48PXR_20191224T062655,1577168815000,Tra Vinh,2019-12-24 06:26:55,0.0056204710071412
2.058419,1.995862,5.609218,39.3109154656,82.38017,0.000626,S2A_MSIL2A_20191224T031131_N0213_R075_T48PXR_20191224T062655,1577168815000,Vinh Long,2019-12-24 06:26:55,0.0
2.058419,1.995862,5.609218,39.3109154656,82.38017,0.000626,S2A_MSIL2A_20191224T031131_N0213_R075_T48PXR_20191224T062655,1577168815000,Ben Tre,2019-12-24 06:26:55,0.0
17.473905,0.000588,10.652766,38.9956060656,65.213466,0.202368,S2B_MSIL2A_20191225T033139_N0213_R018_T48PUS_20191225T072730,1577258850000,Kien Giang,2019-12-25 07:27:30,0.0
7.984616,0.0,0.155953,38.1816445809,91.842186,0.0,S2B_MSIL2A_20191225T033139_N0213_R018_T48PUR_20191225T072730,1577258850000,Kien Giang,2019-12-25 07:27:30,0.0
11.095902,0.775135,56.387389,39.7705521941,2.195685,0.0,S2A_MSIL2A_20191227T032131_N0213_R118_T48PXT_20191227T065256,1577429576000,Dong Thap,2019-12-27 06:52:56,0.0
11.095902,0.775135,56.387389,39.7705521941,2.195685,0.0,S2A_MSIL2A_20191227T032131_N0213_R118_T48PXT_20191227T065256,1577429576000,Long An,2019-12-27 06:52:56,0.03228802078769125
37.672619,0.049505,17.219207,40.2172600583,2.01357,0.0,S2A_MSIL2A_20191227T032131_N0213_R118_T48PWT_20191227T065256,1577429576000,An Giang,2019-12-27 06:52:56,0.0
37.672619,0.049505,17.219207,40.2172600583,2.01357,0.0,S2A_MSIL2A_20191227T032131_N0213_R118_T48PWT_20191227T065256,1577429576000,Dong Thap,2019-12-27 06:52:56,0.0
37.672619,0.049505,17.219207,40.2172600583,2.01357,0.0,S2A_MSIL2A_20191227T032131_N0213_R118_T48PWT_20191227T065256,1577429576000,Long An,2019-12-27 06:52:56,0.03228802078769125
45.594642,0.000525,8.116356,40.6759933721,1.253809,0.0,S2A_MSIL2A_20191227T032131_N0213_R118_T48PVT_20191227T065256,1577429576000,An Giang,2019-12-27 06:52:56,0.0
36.368134,1.284355,29.78231,38.9573342651,3.105583,0.24725,S2A_MSIL2A_20191227T032131_N0213_R118_T48PXS_20191227T065256,1577429576000,Soc Trang,2019-12-27 06:52:56,0.23942422936915828
36.368134,1.284355,29.78231,38.9573342651,3.105583,0.24725,S2A_MSIL2A_20191227T032131_N0213_R118_T48PXS_20191227T065256,1577429576000,Tra Vinh,2019-12-27 06:52:56,0.03838785102535803
36.368134,1.284355,29.78231,38.9573342651,3.105583,0.24725,S2A_MSIL2A_20191227T032131_N0213_R118_T48PXS_20191227T065256,1577429576000,Vinh Long,2019-12-27 06:52:56,0.0
36.368134,1.284355,29.78231,38.9573342651,3.105583,0.24725,S2A_MSIL2A_20191227T032131_N0213_R118_T48PXS_20191227T065256,1577429576000,Ben Tre,2019-12-27 06:52:56,0.03406869206533145
36.368134,1.284355,29.78231,38.9573342651,3.105583,0.24725,S2A_MSIL2A_20191227T032131_N0213_R118_T48PXS_20191227T065256,1577429576000,Dong Thap,2019-12-27 06:52:56,0.0
36.368134,1.284355,29.78231,38.9573342651,3.105583,0.24725,S2A_MSIL2A_20191227T032131_N0213_R118_T48PXS_20191227T065256,1577429576000,Long An,2019-12-27 06:52:56,0.03228802078769125
36.368134,1.284355,29.78231,38.9573342651,3.105583,0.24725,S2A_MSIL2A_20191227T032131_N0213_R118_T48PXS_20191227T065256,1577429576000,Tien Giang,2019-12-27 06:52:56,0.010656529578123283
42.533759,0.412165,25.843099,39.4102319407,1.914138,0.0,S2A_MSIL2A_20191227T032131_N0213_R118_T48PWS_20191227T065256,1577429576000,Soc Trang,2019-12-27 06:52:56,0.23942422936915828
42.533759,0.412165,25.843099,39.4102319407,1.914138,0.0,S2A_MSIL2A_20191227T032131_N0213_R118_T48PWS_20191227T065256,1577429576000,Tra Vinh,2019-12-27 06:52:56,0.03838785102535803
42.533759,0.412165,25.843099,39.4102319407,1.914138,0.0,S2A_MSIL2A_20191227T032131_N0213_R118_T48PWS_20191227T065256,1577429576000,Vinh Long,2019-12-27 06:52:56,0.0
42.533759,0.412165,25.843099,39.4102319407,1.914138,0.0,S2A_MSIL2A_20191227T032131_N0213_R118_T48PWS_20191227T065256,1577429576000,Can Tho city,2019-12-27 06:52:56,0.0
42.533759,0.412165,25.843099,39.4102319407,1.914138,0.0,S2A_MSIL2A_20191227T032131_N0213_R118_T48PWS_20191227T065256,1577429576000,Hau Giang,2019-12-27 06:52:56,0.0
42.533759,0.412165,25.843099,39.4102319407,1.914138,0.0,S2A_MSIL2A_20191227T032131_N0213_R118_T48PWS_20191227T065256,1577429576000,An Giang,2019-12-27 06:52:56,0.0
42.533759,0.412165,25.843099,39.4102319407,1.914138,0.0,S2A_MSIL2A_20191227T032131_N0213_R118_T48PWS_20191227T065256,1577429576000,Dong Thap,2019-12-27 06:52:56,0.0
42.533759,0.412165,25.843099,39.4102319407,1.914138,0.0,S2A_MSIL2A_20191227T032131_N0213_R118_T48PWS_20191227T065256,1577429576000,Kien Giang,2019-12-27 06:52:56,0.0
42.533759,0.412165,25.843099,39.4102319407,1.914138,0.0,S2A_MSIL2A_20191227T032131_N0213_R118_T48PWS_20191227T065256,1577429576000,Long An,2019-12-27 06:52:56,0.03228802078769125
42.533759,0.412165,25.843099,39.4102319407,1.914138,0.0,S2A_MSIL2A_20191227T032131_N0213_R118_T48PWS_20191227T065256,1577429576000,Tien Giang,2019-12-27 06:52:56,0.010656529578123283
44.907654,3.491213,8.517818,39.8753915353,25.840944,0.116891,S2A_MSIL2A_20191227T032131_N0213_R118_T48PVS_20191227T065256,1577429576000,An Giang,2019-12-27 06:52:56,0.0
44.907654,3.491213,8.517818,39.8753915353,25.840944,0.116891,S2A_MSIL2A_20191227T032131_N0213_R118_T48PVS_20191227T065256,1577429576000,Kien Giang,2019-12-27 06:52:56,0.0
38.450364,4.83546,9.306286,40.3519708723,42.0973,0.226722,S2A_MSIL2A_20191227T032131_N0213_R118_T48PUS_20191227T065256,1577429576000,Kien Giang,2019-12-27 06:52:56,0.0
39.211628,9.306061,2.755575,39.0789759875,52.485847,0.0,S2A_MSIL2A_20191227T032131_N0213_R118_T48PVR_20191227T065256,1577429576000,Ca Mau,2019-12-27 06:52:56,0.5655043824639282
39.211628,9.306061,2.755575,39.0789759875,52.485847,0.0,S2A_MSIL2A_20191227T032131_N0213_R118_T48PVR_20191227T065256,1577429576000,Kien Giang,2019-12-27 06:52:56,0.0
25.160654,8.495338,0.004056,39.5624515588,74.816281,0.0,S2A_MSIL2A_20191227T032131_N0213_R118_T48PUR_20191227T065256,1577429576000,Kien Giang,2019-12-27 06:52:56,0.0
40.029545,10.385619,0.414856,37.8071540799,58.458358,0.04922,S2A_MSIL2A_20191227T032131_N0213_R118_T48PWQ_20191227T065256,1577429576000,Bac Lieu,2019-12-27 06:52:56,0.3035821202416091
40.029545,10.385619,0.414856,37.8071540799,58.458358,0.04922,S2A_MSIL2A_20191227T032131_N0213_R118_T48PWQ_20191227T065256,1577429576000,Ca Mau,2019-12-27 06:52:56,0.5655043824639282
42.035045,4.540108,2.089061,38.2860091267,52.258384,0.015166,S2A_MSIL2A_20191227T032131_N0213_R118_T48PVQ_20191227T065256,1577429576000,Ca Mau,2019-12-27 06:52:56,0.5655043824639282
16.429173,1.148981,26.053831,40.2886060507,21.648401,0.012424,S2B_MSIL2A_20191229T031129_N0213_R075_T48PXS_20191229T071302,1577603582000,Tra Vinh,2019-12-29 07:13:02,0.1840897682105099
16.429173,1.148981,26.053831,40.2886060507,21.648401,0.012424,S2B_MSIL2A_20191229T031129_N0213_R075_T48PXS_20191229T071302,1577603582000,Ben Tre,2019-12-29 07:13:02,0.047004248833171385
16.429173,1.148981,26.053831,40.2886060507,21.648401,0.012424,S2B_MSIL2A_20191229T031129_N0213_R075_T48PXS_20191229T071302,1577603582000,Long An,2019-12-29 07:13:02,0.10096693415007175
16.429173,1.148981,26.053831,40.2886060507,21.648401,0.012424,S2B_MSIL2A_20191229T031129_N0213_R075_T48PXS_20191229T071302,1577603582000,Tien Giang,2019-12-29 07:13:02,0.039763618411915266
16.418613,2.397801,3.408296,39.5040517641,70.389247,0.000116,S2B_MSIL2A_20191229T031129_N0213_R075_T48PXR_20191229T071302,1577603582000,Soc Trang,2019-12-29 07:13:02,0.5021575610199193
16.418613,2.397801,3.408296,39.5040517641,70.389247,0.000116,S2B_MSIL2A_20191229T031129_N0213_R075_T48PXR_20191229T071302,1577603582000,Tra Vinh,2019-12-29 07:13:02,0.1840897682105099
16.418613,2.397801,3.408296,39.5040517641,70.389247,0.000116,S2B_MSIL2A_20191229T031129_N0213_R075_T48PXR_20191229T071302,1577603582000,Vinh Long,2019-12-29 07:13:02,0.16094631883516863
16.418613,2.397801,3.408296,39.5040517641,70.389247,0.000116,S2B_MSIL2A_20191229T031129_N0213_R075_T48PXR_20191229T071302,1577603582000,Ben Tre,2019-12-29 07:13:02,0.047004248833171385
21.696291,2.076342,14.116164,39.1219791824,57.705879,0.01286,S2A_MSIL2A_20191230T033141_N0213_R018_T48PUS_20191230T071815,1577690295000,Kien Giang,2019-12-30 07:18:15,0.7237702654529183
5.209179,1.3e-05,0.166784,38.3147328949,94.611704,0.0,S2A_MSIL2A_20191230T033141_N0213_R018_T48PUR_20191230T071815,1577690295000,Kien Giang,2019-12-30 07:18:15,0.7237702654529183
3.669449,3.511098,68.609285,39.8203003737,2.112371,0.0,S2B_MSIL2A_20200101T032129_N0213_R118_T48PXT_20200101T063538,1577860538000,Dong Thap,2020-01-01 06:35:38,0.4790766153834824
3.669449,3.511098,68.609285,39.8203003737,2.112371,0.0,S2B_MSIL2A_20200101T032129_N0213_R118_T48PXT_20200101T063538,1577860538000,Long An,2020-01-01 06:35:38,0.42722706919742803
3.795155,3.483679,54.055929,40.2799940847,2.780158,0.0,S2B_MSIL2A_20200101T032129_N0213_R118_T48PWT_20200101T063538,1577860538000,An Giang,2020-01-01 06:35:38,0.44594021106155207
3.795155,3.483679,54.055929,40.2799940847,2.780158,0.0,S2B_MSIL2A_20200101T032129_N0213_R118_T48PWT_20200101T063538,1577860538000,Dong Thap,2020-01-01 06:35:38,0.4790766153834824
3.795155,3.483679,54.055929,40.2799940847,2.780158,0.0,S2B_MSIL2A_20200101T032129_N0213_R118_T48PWT_20200101T063538,1577860538000,Long An,2020-01-01 06:35:38,0.42722706919742803
4.28967,2.417782,38.911423,40.751445811,1.701079,0.0,S2B_MSIL2A_20200101T032129_N0213_R118_T48PVT_20200101T063538,1577860538000,An Giang,2020-01-01 06:35:38,0.44594021106155207
14.207622,10.060217,64.205247,39.014107409,4.426309,0.0,S2B_MSIL2A_20200101T032129_N0213_R118_T48PXS_20200101T063538,1577860538000,Soc Trang,2020-01-01 06:35:38,0.4463088703711647
14.207622,10.060217,64.205247,39.014107409,4.426309,0.0,S2B_MSIL2A_20200101T032129_N0213_R118_T48PXS_20200101T063538,1577860538000,Tra Vinh,2020-01-01 06:35:38,0.19969916732931992
14.207622,10.060217,64.205247,39.014107409,4.426309,0.0,S2B_MSIL2A_20200101T032129_N0213_R118_T48PXS_20200101T063538,1577860538000,Vinh Long,2020-01-01 06:35:38,0.16094631883516863
14.207622,10.060217,64.205247,39.014107409,4.426309,0.0,S2B_MSIL2A_20200101T032129_N0213_R118_T48PXS_20200101T063538,1577860538000,Ben Tre,2020-01-01 06:35:38,0.02346396818542662
14.207622,10.060217,64.205247,39.014107409,4.426309,0.0,S2B_MSIL2A_20200101T032129_N0213_R118_T48PXS_20200101T063538,1577860538000,Dong Thap,2020-01-01 06:35:38,0.4790766153834824
14.207622,10.060217,64.205247,39.014107409,4.426309,0.0,S2B_MSIL2A_20200101T032129_N0213_R118_T48PXS_20200101T063538,1577860538000,Long An,2020-01-01 06:35:38,0.42722706919742803
14.207622,10.060217,64.205247,39.014107409,4.426309,0.0,S2B_MSIL2A_20200101T032129_N0213_R118_T48PXS_20200101T063538,1577860538000,Tien Giang,2020-01-01 06:35:38,0.20513831322094334
2.201802,1.927522,78.290981,39.4801321707,3.95458,0.0,S2B_MSIL2A_20200101T032129_N0213_R118_T48PWS_20200101T063538,1577860538000,Soc Trang,2020-01-01 06:35:38,0.4463088703711647
2.201802,1.927522,78.290981,39.4801321707,3.95458,0.0,S2B_MSIL2A_20200101T032129_N0213_R118_T48PWS_20200101T063538,1577860538000,Tra Vinh,2020-01-01 06:35:38,0.19969916732931992
2.201802,1.927522,78.290981,39.4801321707,3.95458,0.0,S2B_MSIL2A_20200101T032129_N0213_R118_T48PWS_20200101T063538,1577860538000,Vinh Long,2020-01-01 06:35:38,0.16094631883516863
2.201802,1.927522,78.290981,39.4801321707,3.95458,0.0,S2B_MSIL2A_20200101T032129_N0213_R118_T48PWS_20200101T063538,1577860538000,Can Tho city,2020-01-01 06:35:38,0.4957891679292103
2.201802,1.927522,78.290981,39.4801321707,3.95458,0.0,S2B_MSIL2A_20200101T032129_N0213_R118_T48PWS_20200101T063538,1577860538000,Hau Giang,2020-01-01 06:35:38,0.8116752674826099
2.201802,1.927522,78.290981,39.4801321707,3.95458,0.0,S2B_MSIL2A_20200101T032129_N0213_R118_T48PWS_20200101T063538,1577860538000,An Giang,2020-01-01 06:35:38,0.44594021106155207
2.201802,1.927522,78.290981,39.4801321707,3.95458,0.0,S2B_MSIL2A_20200101T032129_N0213_R118_T48PWS_20200101T063538,1577860538000,Dong Thap,2020-01-01 06:35:38,0.4790766153834824
2.201802,1.927522,78.290981,39.4801321707,3.95458,0.0,S2B_MSIL2A_20200101T032129_N0213_R118_T48PWS_20200101T063538,1577860538000,Kien Giang,2020-01-01 06:35:38,0.7457879329835592
2.201802,1.927522,78.290981,39.4801321707,3.95458,0.0,S2B_MSIL2A_20200101T032129_N0213_R118_T48PWS_20200101T063538,1577860538000,Long An,2020-01-01 06:35:38,0.42722706919742803
2.201802,1.927522,78.290981,39.4801321707,3.95458,0.0,S2B_MSIL2A_20200101T032129_N0213_R118_T48PWS_20200101T063538,1577860538000,Tien Giang,2020-01-01 06:35:38,0.20513831322094334
9.266041,8.612204,33.891961,39.9581302207,36.733773,0.000385,S2B_MSIL2A_20200101T032129_N0213_R118_T48PVS_20200101T063538,1577860538000,An Giang,2020-01-01 06:35:38,0.44594021106155207
9.266041,8.612204,33.891961,39.9581302207,36.733773,0.000385,S2B_MSIL2A_20200101T032129_N0213_R118_T48PVS_20200101T063538,1577860538000,Kien Giang,2020-01-01 06:35:38,0.7457879329835592
10.195145,6.282064,26.720744,40.4472493595,56.976753,0.0,S2B_MSIL2A_20200101T032129_N0213_R118_T48PUS_20200101T063538,1577860538000,Kien Giang,2020-01-01 06:35:38,0.7457879329835592
4.361422,4.112536,29.329675,38.2117414714,44.234246,0.000471,S2B_MSIL2A_20200101T032129_N0213_R118_T48PXR_20200101T063538,1577860538000,Soc Trang,2020-01-01 06:35:38,0.4463088703711647
4.361422,4.112536,29.329675,38.2117414714,44.234246,0.000471,S2B_MSIL2A_20200101T032129_N0213_R118_T48PXR_20200101T063538,1577860538000,Tra Vinh,2020-01-01 06:35:38,0.19969916732931992
4.361422,4.112536,29.329675,38.2117414714,44.234246,0.000471,S2B_MSIL2A_20200101T032129_N0213_R118_T48PXR_20200101T063538,1577860538000,Vinh Long,2020-01-01 06:35:38,0.16094631883516863
4.361422,4.112536,29.329675,38.2117414714,44.234246,0.000471,S2B_MSIL2A_20200101T032129_N0213_R118_T48PXR_20200101T063538,1577860538000,Ben Tre,2020-01-01 06:35:38,0.02346396818542662
13.957921,10.662571,42.127308,38.6843798711,15.337203,0.00135,S2B_MSIL2A_20200101T032129_N0213_R118_T48PWR_20200101T063538,1577860538000,Soc Trang,2020-01-01 06:35:38,0.4463088703711647
13.957921,10.662571,42.127308,38.6843798711,15.337203,0.00135,S2B_MSIL2A_20200101T032129_N0213_R118_T48PWR_20200101T063538,1577860538000,Tra Vinh,2020-01-01 06:35:38,0.19969916732931992
13.957921,10.662571,42.127308,38.6843798711,15.337203,0.00135,S2B_MSIL2A_20200101T032129_N0213_R118_T48PWR_20200101T063538,1577860538000,Vinh Long,2020-01-01 06:35:38,0.16094631883516863
13.957921,10.662571,42.127308,38.6843798711,15.337203,0.00135,S2B_MSIL2A_20200101T032129_N0213_R118_T48PWR_20200101T063538,1577860538000,Bac Lieu,2020-01-01 06:35:38,1.0117047358938736
13.957921,10.662571,42.127308,38.6843798711,15.337203,0.00135,S2B_MSIL2A_20200101T032129_N0213_R118_T48PWR_20200101T063538,1577860538000,Ca Mau,2020-01-01 06:35:38,1.4332667102016954
13.957921,10.662571,42.127308,38.6843798711,15.337203,0.00135,S2B_MSIL2A_20200101T032129_N0213_R118_T48PWR_20200101T063538,1577860538000,Can Tho city,2020-01-01 06:35:38,0.4957891679292103
13.957921,10.662571,42.127308,38.6843798711,15.337203,0.00135,S2B_MSIL2A_20200101T032129_N0213_R118_T48PWR_20200101T063538,1577860538000,Hau Giang,2020-01-01 06:35:38,0.8116752674826099
13.957921,10.662571,42.127308,38.6843798711,15.337203,0.00135,S2B_MSIL2A_20200101T032129_N0213_R118_T48PWR_20200101T063538,1577860538000,Kien Giang,2020-01-01 06:35:38,0.7457879329835592
11.819473,11.400314,11.901782,39.1692051059,66.018075,0.0,S2B_MSIL2A_20200101T032129_N0213_R118_T48PVR_20200101T063538,1577860538000,Ca Mau,2020-01-01 06:35:38,1.4332667102016954
11.819473,11.400314,11.901782,39.1692051059,66.018075,0.0,S2B_MSIL2A_20200101T032129_N0213_R118_T48PVR_20200101T063538,1577860538000,Kien Giang,2020-01-01 06:35:38,0.7457879329835592
16.446561,13.332799,0.051225,39.6653363198,83.500564,0.0,S2B_MSIL2A_20200101T032129_N0213_R118_T48PUR_20200101T063538,1577860538000,Kien Giang,2020-01-01 06:35:38,0.7457879329835592
11.141493,9.077007,2.488857,37.8920567113,83.160919,0.001758,S2B_MSIL2A_20200101T032129_N0213_R118_T48PWQ_20200101T063538,1577860538000,Bac Lieu,2020-01-01 06:35:38,1.0117047358938736
11.141493,9.077007,2.488857,37.8920567113,83.160919,0.001758,S2B_MSIL2A_20200101T032129_N0213_R118_T48PWQ_20200101T063538,1577860538000,Ca Mau,2020-01-01 06:35:38,1.4332667102016954
18.967249,13.075401,1.894204,38.3840002593,75.412375,0.000816,S2B_MSIL2A_20200101T032129_N0213_R118_T48PVQ_20200101T063538,1577860538000,Ca Mau,2020-01-01 06:35:38,1.4332667102016954
17.480769,15.332665,13.977396,39.0844210775,64.504069,5.6e-05,S2B_MSIL2A_20200104T033129_N0213_R018_T48PUS_20200104T082854,1578126534000,Kien Giang,2020-01-04 08:28:54,0.16407700281473123
6.95659,1.251024,0.172817,38.2850926816,92.852956,0.0,S2B_MSIL2A_20200104T033129_N0213_R018_T48PUR_20200104T082854,1578126534000,Kien Giang,2020-01-04 08:28:54,0.16407700281473123
0.23862,6.4e-05,69.653815,39.7075596626,2.19381,0.0,S2A_MSIL2A_20200106T032121_N0213_R118_T48PXT_20200106T070716,1578294436000,Dong Thap,2020-01-06 07:07:16,0.0
0.23862,6.4e-05,69.653815,39.7075596626,2.19381,0.0,S2A_MSIL2A_20200106T032121_N0213_R118_T48PXT_20200106T070716,1578294436000,Long An,2020-01-06 07:07:16,0.015316261053706218
0.664815,0.53688,54.769033,40.181868619,3.184317,0.0,S2A_MSIL2A_20200106T032121_N0213_R118_T48PWT_20200106T070716,1578294436000,An Giang,2020-01-06 07:07:16,2.665626130205e-05
0.664815,0.53688,54.769033,40.181868619,3.184317,0.0,S2A_MSIL2A_20200106T032121_N0213_R118_T48PWT_20200106T070716,1578294436000,Dong Thap,2020-01-06 07:07:16,0.0
0.664815,0.53688,54.769033,40.181868619,3.184317,0.0,S2A_MSIL2A_20200106T032121_N0213_R118_T48PWT_20200106T070716,1578294436000,Long An,2020-01-06 07:07:16,0.015316261053706218
2.436446,2.224532,38.930115,40.6676984766,2.020161,0.0,S2A_MSIL2A_20200106T032121_N0213_R118_T48PVT_20200106T070716,1578294436000,An Giang,2020-01-06 07:07:16,2.665626130205e-05
1.495212,0.046642,72.407806,38.9096200142,5.200005,3.6e-05,S2A_MSIL2A_20200106T032121_N0213_R118_T48PXS_20200106T070716,1578294436000,Soc Trang,2020-01-06 07:07:16,0.03744290352552427
1.495212,0.046642,72.407806,38.9096200142,5.200005,3.6e-05,S2A_MSIL2A_20200106T032121_N0213_R118_T48PXS_20200106T070716,1578294436000,Tra Vinh,2020-01-06 07:07:16,0.0
1.495212,0.046642,72.407806,38.9096200142,5.200005,3.6e-05,S2A_MSIL2A_20200106T032121_N0213_R118_T48PXS_20200106T070716,1578294436000,Vinh Long,2020-01-06 07:07:16,0.0
1.495212,0.046642,72.407806,38.9096200142,5.200005,3.6e-05,S2A_MSIL2A_20200106T032121_N0213_R118_T48PXS_20200106T070716,1578294436000,Ben Tre,2020-01-06 07:07:16,0.0
1.495212,0.046642,72.407806,38.9096200142,5.200005,3.6e-05,S2A_MSIL2A_20200106T032121_N0213_R118_T48PXS_20200106T070716,1578294436000,Dong Thap,2020-01-06 07:07:16,0.0
1.495212,0.046642,72.407806,38.9096200142,5.200005,3.6e-05,S2A_MSIL2A_20200106T032121_N0213_R118_T48PXS_20200106T070716,1578294436000,Long An,2020-01-06 07:07:16,0.015316261053706218
1.495212,0.046642,72.407806,38.9096200142,5.200005,3.6e-05,S2A_MSIL2A_20200106T032121_N0213_R118_T48PXS_20200106T070716,1578294436000,Tien Giang,2020-01-06 07:07:16,0.0
0.201463,0.014383,80.900055,39.3904541525,4.112107,0.0,S2A_MSIL2A_20200106T032121_N0213_R118_T48PWS_20200106T070716,1578294436000,Soc Trang,2020-01-06 07:07:16,0.03744290352552427
0.201463,0.014383,80.900055,39.3904541525,4.112107,0.0,S2A_MSIL2A_20200106T032121_N0213_R118_T48PWS_20200106T070716,1578294436000,Tra Vinh,2020-01-06 07:07:16,0.0
0.201463,0.014383,80.900055,39.3904541525,4.112107,0.0,S2A_MSIL2A_20200106T032121_N0213_R118_T48PWS_20200106T070716,1578294436000,Vinh Long,2020-01-06 07:07:16,0.0
0.201463,0.014383,80.900055,39.3904541525,4.112107,0.0,S2A_MSIL2A_20200106T032121_N0213_R118_T48PWS_20200106T070716,1578294436000,Can Tho city,2020-01-06 07:07:16,0.0
0.201463,0.014383,80.900055,39.3904541525,4.112107,0.0,S2A_MSIL2A_20200106T032121_N0213_R118_T48PWS_20200106T070716,1578294436000,Hau Giang,2020-01-06 07:07:16,0.10711674664927145
0.201463,0.014383,80.900055,39.3904541525,4.112107,0.0,S2A_MSIL2A_20200106T032121_N0213_R118_T48PWS_20200106T070716,1578294436000,An Giang,2020-01-06 07:07:16,2.665626130205e-05
0.201463,0.014383,80.900055,39.3904541525,4.112107,0.0,S2A_MSIL2A_20200106T032121_N0213_R118_T48PWS_20200106T070716,1578294436000,Dong Thap,2020-01-06 07:07:16,0.0
0.201463,0.014383,80.900055,39.3904541525,4.112107,0.0,S2A_MSIL2A_20200106T032121_N0213_R118_T48PWS_20200106T070716,1578294436000,Kien Giang,2020-01-06 07:07:16,0.011173312672869917
0.201463,0.014383,80.900055,39.3904541525,4.112107,0.0,S2A_MSIL2A_20200106T032121_N0213_R118_T48PWS_20200106T070716,1578294436000,Long An,2020-01-06 07:07:16,0.015316261053706218
0.201463,0.014383,80.900055,39.3904541525,4.112107,0.0,S2A_MSIL2A_20200106T032121_N0213_R118_T48PWS_20200106T070716,1578294436000,Tien Giang,2020-01-06 07:07:16,0.0
11.214438,11.091805,34.349775,39.8830039463,34.988326,0.000823,S2A_MSIL2A_20200106T032121_N0213_R118_T48PVS_20200106T070716,1578294436000,An Giang,2020-01-06 07:07:16,2.665626130205e-05
11.214438,11.091805,34.349775,39.8830039463,34.988326,0.000823,S2A_MSIL2A_20200106T032121_N0213_R118_T48PVS_20200106T070716,1578294436000,Kien Giang,2020-01-06 07:07:16,0.011173312672869917
1.030159,0.966732,31.977394,40.3864012661,62.392741,0.0,S2A_MSIL2A_20200106T032121_N0213_R118_T48PUS_20200106T070716,1578294436000,Kien Giang,2020-01-06 07:07:16,0.011173312672869917
12.863257,5.130723,26.350179,38.1157799612,38.149613,0.000172,S2A_MSIL2A_20200106T032121_N0213_R118_T48PXR_20200106T070716,1578294436000,Soc Trang,2020-01-06 07:07:16,0.03744290352552427
12.863257,5.130723,26.350179,38.1157799612,38.149613,0.000172,S2A_MSIL2A_20200106T032121_N0213_R118_T48PXR_20200106T070716,1578294436000,Tra Vinh,2020-01-06 07:07:16,0.0
12.863257,5.130723,26.350179,38.1157799612,38.149613,0.000172,S2A_MSIL2A_20200106T032121_N0213_R118_T48PXR_20200106T070716,1578294436000,Vinh Long,2020-01-06 07:07:16,0.0
12.863257,5.130723,26.350179,38.1157799612,38.149613,0.000172,S2A_MSIL2A_20200106T032121_N0213_R118_T48PXR_20200106T070716,1578294436000,Ben Tre,2020-01-06 07:07:16,0.0
3.838127,3.640367,46.197689,38.6034204638,15.420492,0.002047,S2A_MSIL2A_20200106T032121_N0213_R118_T48PWR_20200106T070716,1578294436000,Soc Trang,2020-01-06 07:07:16,0.03744290352552427
3.838127,3.640367,46.197689,38.6034204638,15.420492,0.002047,S2A_MSIL2A_20200106T032121_N0213_R118_T48PWR_20200106T070716,1578294436000,Tra Vinh,2020-01-06 07:07:16,0.0
3.838127,3.640367,46.197689,38.6034204638,15.420492,0.002047,S2A_MSIL2A_20200106T032121_N0213_R118_T48PWR_20200106T070716,1578294436000,Vinh Long,2020-01-06 07:07:16,0.0
3.838127,3.640367,46.197689,38.6034204638,15.420492,0.002047,S2A_MSIL2A_20200106T032121_N0213_R118_T48PWR_20200106T070716,1578294436000,Bac Lieu,2020-01-06 07:07:16,0.33959868097305307
3.838127,3.640367,46.197689,38.6034204638,15.420492,0.002047,S2A_MSIL2A_20200106T032121_N0213_R118_T48PWR_20200106T070716,1578294436000,Ca Mau,2020-01-06 07:07:16,0.2826021054038138
3.838127,3.640367,46.197689,38.6034204638,15.420492,0.002047,S2A_MSIL2A_20200106T032121_N0213_R118_T48PWR_20200106T070716,1578294436000,Can Tho city,2020-01-06 07:07:16,0.0
3.838127,3.640367,46.197689,38.6034204638,15.420492,0.002047,S2A_MSIL2A_20200106T032121_N0213_R118_T48PWR_20200106T070716,1578294436000,Hau Giang,2020-01-06 07:07:16,0.10711674664927145
3.838127,3.640367,46.197689,38.6034204638,15.420492,0.002047,S2A_MSIL2A_20200106T032121_N0213_R118_T48PWR_20200106T070716,1578294436000,Kien Giang,2020-01-06 07:07:16,0.011173312672869917
9.272789,8.973885,11.193135,39.1029727188,67.936945,0.0,S2A_MSIL2A_20200106T032121_N0213_R118_T48PVR_20200106T070716,1578294436000,Ca Mau,2020-01-06 07:07:16,0.2826021054038138
9.272789,8.973885,11.193135,39.1029727188,67.936945,0.0,S2A_MSIL2A_20200106T032121_N0213_R118_T48PVR_20200106T070716,1578294436000,Kien Giang,2020-01-06 07:07:16,0.011173312672869917
4.474428,3.164991,0.051287,39.6135399578,95.472449,0.0,S2A_MSIL2A_20200106T032121_N0213_R118_T48PUR_20200106T070716,1578294436000,Kien Giang,2020-01-06 07:07:16,0.011173312672869917
28.929409,13.35043,3.472503,37.8201534317,61.630636,0.000557,S2A_MSIL2A_20200106T032121_N0213_R118_T48PWQ_20200106T070716,1578294436000,Bac Lieu,2020-01-06 07:07:16,0.33959868097305307
28.929409,13.35043,3.472503,37.8201534317,61.630636,0.000557,S2A_MSIL2A_20200106T032121_N0213_R118_T48PWQ_20200106T070716,1578294436000,Ca Mau,2020-01-06 07:07:16,0.2826021054038138
12.825737,12.770943,5.482935,38.3269984305,74.835044,2.7e-05,S2A_MSIL2A_20200106T032121_N0213_R118_T48PVQ_20200106T070716,1578294436000,Ca Mau,2020-01-06 07:07:16,0.2826021054038138
30.93872,9.483677,3.490965,39.4238984679,57.445741,0.00483,S2B_MSIL2A_20200108T031109_N0213_R075_T48PXR_20200108T063318,1578465198000,Soc Trang,2020-01-08 06:33:18,0.0395466475572488
30.93872,9.483677,3.490965,39.4238984679,57.445741,0.00483,S2B_MSIL2A_20200108T031109_N0213_R075_T48PXR_20200108T063318,1578465198000,Tra Vinh,2020-01-08 06:33:18,0.0493260230776671
30.93872,9.483677,3.490965,39.4238984679,57.445741,0.00483,S2B_MSIL2A_20200108T031109_N0213_R075_T48PXR_20200108T063318,1578465198000,Vinh Long,2020-01-08 06:33:18,0.1844925515453245
30.93872,9.483677,3.490965,39.4238984679,57.445741,0.00483,S2B_MSIL2A_20200108T031109_N0213_R075_T48PXR_20200108T063318,1578465198000,Ben Tre,2020-01-08 06:33:18,0.02825462864664165
8.742685,1.333526,17.833698,38.8858701172,68.045247,0.000133,S2A_MSIL2A_20200109T033121_N0213_R018_T48PUS_20200109T070926,1578553766000,Kien Giang,2020-01-09 07:09:26,1.1938827969834473
36.94378,3.919458,0.011973,38.0957812483,63.03488,0.0,S2A_MSIL2A_20200109T033121_N0213_R018_T48PUR_20200109T070926,1578553766000,Kien Giang,2020-01-09 07:09:26,1.1938827969834473
47.898633,38.302222,17.603676,37.8576296705,14.982331,0.000142,S2B_MSIL2A_20200111T032109_N0213_R118_T48PXR_20200111T072550,1578727550000,Soc Trang,2020-01-11 07:25:50,0.050983444488651615
47.898633,38.302222,17.603676,37.8576296705,14.982331,0.000142,S2B_MSIL2A_20200111T032109_N0213_R118_T48PXR_20200111T072550,1578727550000,Tra Vinh,2020-01-11 07:25:50,0.0493260230776671
47.898633,38.302222,17.603676,37.8576296705,14.982331,0.000142,S2B_MSIL2A_20200111T032109_N0213_R118_T48PXR_20200111T072550,1578727550000,Vinh Long,2020-01-11 07:25:50,0.29214514918373474
47.898633,38.302222,17.603676,37.8576296705,14.982331,0.000142,S2B_MSIL2A_20200111T032109_N0213_R118_T48PXR_20200111T072550,1578727550000,Ben Tre,2020-01-11 07:25:50,0.02825462864664165
6.654881,5.363657,39.621088,39.9059903993,23.206168,0.041177,S2A_MSIL2A_20200113T031101_N0213_R075_T48PXS_20200113T071306,1578899586000,Tra Vinh,2020-01-13 07:13:06,0.0493260230776671
6.654881,5.363657,39.621088,39.9059903993,23.206168,0.041177,S2A_MSIL2A_20200113T031101_N0213_R075_T48PXS_20200113T071306,1578899586000,Ben Tre,2020-01-13 07:13:06,0.02825462864664165
6.654881,5.363657,39.621088,39.9059903993,23.206168,0.041177,S2A_MSIL2A_20200113T031101_N0213_R075_T48PXS_20200113T071306,1578899586000,Long An,2020-01-13 07:13:06,0.40223135013912775
6.654881,5.363657,39.621088,39.9059903993,23.206168,0.041177,S2A_MSIL2A_20200113T031101_N0213_R075_T48PXS_20200113T071306,1578899586000,Tien Giang,2020-01-13 07:13:06,0.17782116098591136
27.988044,26.707852,4.481445,39.15057321,56.62775,0.000483,S2A_MSIL2A_20200113T031101_N0213_R075_T48PXR_20200113T071306,1578899586000,Soc Trang,2020-01-13 07:13:06,0.050983444488651615
27.988044,26.707852,4.481445,39.15057321,56.62775,0.000483,S2A_MSIL2A_20200113T031101_N0213_R075_T48PXR_20200113T071306,1578899586000,Tra Vinh,2020-01-13 07:13:06,0.0493260230776671
27.988044,26.707852,4.481445,39.15057321,56.62775,0.000483,S2A_MSIL2A_20200113T031101_N0213_R075_T48PXR_20200113T071306,1578899586000,Vinh Long,2020-01-13 07:13:06,0.29214514918373474
27.988044,26.707852,4.481445,39.15057321,56.62775,0.000483,S2A_MSIL2A_20200113T031101_N0213_R075_T48PXR_20200113T071306,1578899586000,Ben Tre,2020-01-13 07:13:06,0.02825462864664165
10.831091,0.56576,12.721923,38.5270643649,69.08614,0.019901,S2B_MSIL2A_20200114T033109_N0213_R018_T48PUS_20200114T073447,1578987287000,Kien Giang,2020-01-14 07:34:47,0.7642306582450701
0.164731,0.114548,0.171394,37.7475619291,99.653047,0.0,S2B_MSIL2A_20200114T033109_N0213_R018_T48PUR_20200114T073447,1578987287000,Kien Giang,2020-01-14 07:34:47,0.7642306582450701
0.200839,0.037344,58.255488,38.9952374293,2.037056,0.0,S2A_MSIL2A_20200116T032051_N0213_R118_T48PXT_20200116T071005,1579158605000,Dong Thap,2020-01-16 07:10:05,0.0
0.200839,0.037344,58.255488,38.9952374293,2.037056,0.0,S2A_MSIL2A_20200116T032051_N0213_R118_T48PXT_20200116T071005,1579158605000,Long An,2020-01-16 07:10:05,0.0
0.599361,0.0393,40.186158,39.502683552,2.499328,0.0,S2A_MSIL2A_20200116T032051_N0213_R118_T48PWT_20200116T071005,1579158605000,An Giang,2020-01-16 07:10:05,0.0
0.599361,0.0393,40.186158,39.502683552,2.499328,0.0,S2A_MSIL2A_20200116T032051_N0213_R118_T48PWT_20200116T071005,1579158605000,Dong Thap,2020-01-16 07:10:05,0.0
0.599361,0.0393,40.186158,39.502683552,2.499328,0.0,S2A_MSIL2A_20200116T032051_N0213_R118_T48PWT_20200116T071005,1579158605000,Long An,2020-01-16 07:10:05,0.0
0.939921,0.000281,30.498543,40.0212451713,1.614124,0.0,S2A_MSIL2A_20200116T032051_N0213_R118_T48PVT_20200116T071005,1579158605000,An Giang,2020-01-16 07:10:05,0.0
5.296144,5.047291,62.825465,38.2175468944,4.613746,0.0,S2A_MSIL2A_20200116T032051_N0213_R118_T48PXS_20200116T071005,1579158605000,Soc Trang,2020-01-16 07:10:05,0.02152229776210055
5.296144,5.047291,62.825465,38.2175468944,4.613746,0.0,S2A_MSIL2A_20200116T032051_N0213_R118_T48PXS_20200116T071005,1579158605000,Tra Vinh,2020-01-16 07:10:05,0.05675040843902565
5.296144,5.047291,62.825465,38.2175468944,4.613746,0.0,S2A_MSIL2A_20200116T032051_N0213_R118_T48PXS_20200116T071005,1579158605000,Vinh Long,2020-01-16 07:10:05,0.008924856440501899
5.296144,5.047291,62.825465,38.2175468944,4.613746,0.0,S2A_MSIL2A_20200116T032051_N0213_R118_T48PXS_20200116T071005,1579158605000,Ben Tre,2020-01-16 07:10:05,0.006010611632804617
5.296144,5.047291,62.825465,38.2175468944,4.613746,0.0,S2A_MSIL2A_20200116T032051_N0213_R118_T48PXS_20200116T071005,1579158605000,Dong Thap,2020-01-16 07:10:05,0.0
5.296144,5.047291,62.825465,38.2175468944,4.613746,0.0,S2A_MSIL2A_20200116T032051_N0213_R118_T48PXS_20200116T071005,1579158605000,Long An,2020-01-16 07:10:05,0.0
5.296144,5.047291,62.825465,38.2175468944,4.613746,0.0,S2A_MSIL2A_20200116T032051_N0213_R118_T48PXS_20200116T071005,1579158605000,Tien Giang,2020-01-16 07:10:05,0.0
4.235825,3.245281,74.704862,38.7320505842,3.524239,0.0,S2A_MSIL2A_20200116T032051_N0213_R118_T48PWS_20200116T071005,1579158605000,Soc Trang,2020-01-16 07:10:05,0.02152229776210055
4.235825,3.245281,74.704862,38.7320505842,3.524239,0.0,S2A_MSIL2A_20200116T032051_N0213_R118_T48PWS_20200116T071005,1579158605000,Tra Vinh,2020-01-16 07:10:05,0.05675040843902565
4.235825,3.245281,74.704862,38.7320505842,3.524239,0.0,S2A_MSIL2A_20200116T032051_N0213_R118_T48PWS_20200116T071005,1579158605000,Vinh Long,2020-01-16 07:10:05,0.008924856440501899
4.235825,3.245281,74.704862,38.7320505842,3.524239,0.0,S2A_MSIL2A_20200116T032051_N0213_R118_T48PWS_20200116T071005,1579158605000,Can Tho city,2020-01-16 07:10:05,0.0
4.235825,3.245281,74.704862,38.7320505842,3.524239,0.0,S2A_MSIL2A_20200116T032051_N0213_R118_T48PWS_20200116T071005,1579158605000,Hau Giang,2020-01-16 07:10:05,0.0
4.235825,3.245281,74.704862,38.7320505842,3.524239,0.0,S2A_MSIL2A_20200116T032051_N0213_R118_T48PWS_20200116T071005,1579158605000,An Giang,2020-01-16 07:10:05,0.0
4.235825,3.245281,74.704862,38.7320505842,3.524239,0.0,S2A_MSIL2A_20200116T032051_N0213_R118_T48PWS_20200116T071005,1579158605000,Dong Thap,2020-01-16 07:10:05,0.0
4.235825,3.245281,74.704862,38.7320505842,3.524239,0.0,S2A_MSIL2A_20200116T032051_N0213_R118_T48PWS_20200116T071005,1579158605000,Kien Giang,2020-01-16 07:10:05,0.036882493460662934
4.235825,3.245281,74.704862,38.7320505842,3.524239,0.0,S2A_MSIL2A_20200116T032051_N0213_R118_T48PWS_20200116T071005,1579158605000,Long An,2020-01-16 07:10:05,0.0
4.235825,3.245281,74.704862,38.7320505842,3.524239,0.0,S2A_MSIL2A_20200116T032051_N0213_R118_T48PWS_20200116T071005,1579158605000,Tien Giang,2020-01-16 07:10:05,0.0
1.79375,0.0,32.00981,39.2578216196,43.020555,0.000737,S2A_MSIL2A_20200116T032051_N0213_R118_T48PVS_20200116T071005,1579158605000,An Giang,2020-01-16 07:10:05,0.0
1.79375,0.0,32.00981,39.2578216196,43.020555,0.000737,S2A_MSIL2A_20200116T032051_N0213_R118_T48PVS_20200116T071005,1579158605000,Kien Giang,2020-01-16 07:10:05,0.036882493460662934
15.112821,0.0,17.812029,39.7939458493,56.428248,0.008274,S2A_MSIL2A_20200116T032051_N0213_R118_T48PUS_20200116T071005,1579158605000,Kien Giang,2020-01-16 07:10:05,0.036882493460662934
7.673945,6.104918,28.149208,37.4447531666,40.816459,0.000105,S2A_MSIL2A_20200116T032051_N0213_R118_T48PXR_20200116T071005,1579158605000,Soc Trang,2020-01-16 07:10:05,0.02152229776210055
7.673945,6.104918,28.149208,37.4447531666,40.816459,0.000105,S2A_MSIL2A_20200116T032051_N0213_R118_T48PXR_20200116T071005,1579158605000,Tra Vinh,2020-01-16 07:10:05,0.05675040843902565
7.673945,6.104918,28.149208,37.4447531666,40.816459,0.000105,S2A_MSIL2A_20200116T032051_N0213_R118_T48PXR_20200116T071005,1579158605000,Vinh Long,2020-01-16 07:10:05,0.008924856440501899
7.673945,6.104918,28.149208,37.4447531666,40.816459,0.000105,S2A_MSIL2A_20200116T032051_N0213_R118_T48PXR_20200116T071005,1579158605000,Ben Tre,2020-01-16 07:10:05,0.006010611632804617
10.200365,3.652108,37.983131,37.9665903196,15.050207,0.003895,S2A_MSIL2A_20200116T032051_N0213_R118_T48PWR_20200116T071005,1579158605000,Soc Trang,2020-01-16 07:10:05,0.02152229776210055
10.200365,3.652108,37.983131,37.9665903196,15.050207,0.003895,S2A_MSIL2A_20200116T032051_N0213_R118_T48PWR_20200116T071005,1579158605000,Tra Vinh,2020-01-16 07:10:05,0.05675040843902565
10.200365,3.652108,37.983131,37.9665903196,15.050207,0.003895,S2A_MSIL2A_20200116T032051_N0213_R118_T48PWR_20200116T071005,1579158605000,Vinh Long,2020-01-16 07:10:05,0.008924856440501899
10.200365,3.652108,37.983131,37.9665903196,15.050207,0.003895,S2A_MSIL2A_20200116T032051_N0213_R118_T48PWR_20200116T071005,1579158605000,Bac Lieu,2020-01-16 07:10:05,0.0
10.200365,3.652108,37.983131,37.9665903196,15.050207,0.003895,S2A_MSIL2A_20200116T032051_N0213_R118_T48PWR_20200116T071005,1579158605000,Ca Mau,2020-01-16 07:10:05,0.0
10.200365,3.652108,37.983131,37.9665903196,15.050207,0.003895,S2A_MSIL2A_20200116T032051_N0213_R118_T48PWR_20200116T071005,1579158605000,Can Tho city,2020-01-16 07:10:05,0.0
10.200365,3.652108,37.983131,37.9665903196,15.050207,0.003895,S2A_MSIL2A_20200116T032051_N0213_R118_T48PWR_20200116T071005,1579158605000,Hau Giang,2020-01-16 07:10:05,0.0
10.200365,3.652108,37.983131,37.9665903196,15.050207,0.003895,S2A_MSIL2A_20200116T032051_N0213_R118_T48PWR_20200116T071005,1579158605000,Kien Giang,2020-01-16 07:10:05,0.036882493460662934
2.810193,0.0,8.54538,38.4998446564,75.786889,0.0,S2A_MSIL2A_20200116T032051_N0213_R118_T48PVR_20200116T071005,1579158605000,Ca Mau,2020-01-16 07:10:05,0.0
2.810193,0.0,8.54538,38.4998446564,75.786889,0.0,S2A_MSIL2A_20200116T032051_N0213_R118_T48PVR_20200116T071005,1579158605000,Kien Giang,2020-01-16 07:10:05,0.036882493460662934
9.068563,0.09898,0.041232,39.043575734,90.884423,0.0,S2A_MSIL2A_20200116T032051_N0213_R118_T48PUR_20200116T071005,1579158605000,Kien Giang,2020-01-16 07:10:05,0.036882493460662934
24.231552,8.507198,1.640645,37.2057494331,68.350434,0.022638,S2A_MSIL2A_20200116T032051_N0213_R118_T48PWQ_20200116T071005,1579158605000,Bac Lieu,2020-01-16 07:10:05,0.0
24.231552,8.507198,1.640645,37.2057494331,68.350434,0.022638,S2A_MSIL2A_20200116T032051_N0213_R118_T48PWQ_20200116T071005,1579158605000,Ca Mau,2020-01-16 07:10:05,0.0
15.884901,1.035139,2.25477,37.7467932864,74.569529,0.004127,S2A_MSIL2A_20200116T032051_N0213_R118_T48PVQ_20200116T071005,1579158605000,Ca Mau,2020-01-16 07:10:05,0.0
8.843161,0.0,23.106007,39.4694536507,26.858127,0.022394,S2B_MSIL2A_20200118T031039_N0213_R075_T48PXS_20200118T065538,1579330538000,Tra Vinh,2020-01-18 06:55:38,0.05675040843902565
8.843161,0.0,23.106007,39.4694536507,26.858127,0.022394,S2B_MSIL2A_20200118T031039_N0213_R075_T48PXS_20200118T065538,1579330538000,Ben Tre,2020-01-18 06:55:38,0.006010611632804617
8.843161,0.0,23.106007,39.4694536507,26.858127,0.022394,S2B_MSIL2A_20200118T031039_N0213_R075_T48PXS_20200118T065538,1579330538000,Long An,2020-01-18 06:55:38,0.26560372506323504
8.843161,0.0,23.106007,39.4694536507,26.858127,0.022394,S2B_MSIL2A_20200118T031039_N0213_R075_T48PXS_20200118T065538,1579330538000,Tien Giang,2020-01-18 06:55:38,0.026926238431695632
7.017459,0.442436,6.606932,38.7267451161,71.099597,0.00819,S2B_MSIL2A_20200118T031039_N0213_R075_T48PXR_20200118T065538,1579330538000,Soc Trang,2020-01-18 06:55:38,0.02152229776210055
7.017459,0.442436,6.606932,38.7267451161,71.099597,0.00819,S2B_MSIL2A_20200118T031039_N0213_R075_T48PXR_20200118T065538,1579330538000,Tra Vinh,2020-01-18 06:55:38,0.05675040843902565
7.017459,0.442436,6.606932,38.7267451161,71.099597,0.00819,S2B_MSIL2A_20200118T031039_N0213_R075_T48PXR_20200118T065538,1579330538000,Vinh Long,2020-01-18 06:55:38,0.017187819309954933
7.017459,0.442436,6.606932,38.7267451161,71.099597,0.00819,S2B_MSIL2A_20200118T031039_N0213_R075_T48PXR_20200118T065538,1579330538000,Ben Tre,2020-01-18 06:55:38,0.006010611632804617
0.107719,0.0,64.092147,38.4077624864,1.951682,0.0,S2B_MSIL2A_20200121T032039_N0213_R118_T48PXT_20200121T070515,1579590315000,Dong Thap,2020-01-21 07:05:15,0.11731329725341118
0.107719,0.0,64.092147,38.4077624864,1.951682,0.0,S2B_MSIL2A_20200121T032039_N0213_R118_T48PXT_20200121T070515,1579590315000,Long An,2020-01-21 07:05:15,0.2847059463331427
0.132534,0.0,42.209351,38.9335479232,2.420331,0.0,S2B_MSIL2A_20200121T032039_N0213_R118_T48PWT_20200121T070515,1579590315000,An Giang,2020-01-21 07:05:15,0.011502509684663266
0.132534,0.0,42.209351,38.9335479232,2.420331,0.0,S2B_MSIL2A_20200121T032039_N0213_R118_T48PWT_20200121T070515,1579590315000,Dong Thap,2020-01-21 07:05:15,0.11731329725341118
0.132534,0.0,42.209351,38.9335479232,2.420331,0.0,S2B_MSIL2A_20200121T032039_N0213_R118_T48PWT_20200121T070515,1579590315000,Long An,2020-01-21 07:05:15,0.2847059463331427
0.156719,0.000211,31.981155,39.4702654277,1.613804,0.0,S2B_MSIL2A_20200121T032039_N0213_R118_T48PVT_20200121T070515,1579590315000,An Giang,2020-01-21 07:05:15,0.011502509684663266
0.152665,0.0,71.756589,37.6422776158,5.356155,0.0,S2B_MSIL2A_20200121T032039_N0213_R118_T48PXS_20200121T070515,1579590315000,Soc Trang,2020-01-21 07:05:15,0.0
0.152665,0.0,71.756589,37.6422776158,5.356155,0.0,S2B_MSIL2A_20200121T032039_N0213_R118_T48PXS_20200121T070515,1579590315000,Tra Vinh,2020-01-21 07:05:15,0.0
0.152665,0.0,71.756589,37.6422776158,5.356155,0.0,S2B_MSIL2A_20200121T032039_N0213_R118_T48PXS_20200121T070515,1579590315000,Vinh Long,2020-01-21 07:05:15,0.008262962869453034
0.152665,0.0,71.756589,37.6422776158,5.356155,0.0,S2B_MSIL2A_20200121T032039_N0213_R118_T48PXS_20200121T070515,1579590315000,Ben Tre,2020-01-21 07:05:15,0.0
0.152665,0.0,71.756589,37.6422776158,5.356155,0.0,S2B_MSIL2A_20200121T032039_N0213_R118_T48PXS_20200121T070515,1579590315000,Dong Thap,2020-01-21 07:05:15,0.11731329725341118
0.152665,0.0,71.756589,37.6422776158,5.356155,0.0,S2B_MSIL2A_20200121T032039_N0213_R118_T48PXS_20200121T070515,1579590315000,Long An,2020-01-21 07:05:15,0.2847059463331427
0.152665,0.0,71.756589,37.6422776158,5.356155,0.0,S2B_MSIL2A_20200121T032039_N0213_R118_T48PXS_20200121T070515,1579590315000,Tien Giang,2020-01-21 07:05:15,0.026926238431695632
0.292856,0.0,76.741588,38.1754455464,3.945196,0.0,S2B_MSIL2A_20200121T032039_N0213_R118_T48PWS_20200121T070515,1579590315000,Soc Trang,2020-01-21 07:05:15,0.0
0.292856,0.0,76.741588,38.1754455464,3.945196,0.0,S2B_MSIL2A_20200121T032039_N0213_R118_T48PWS_20200121T070515,1579590315000,Tra Vinh,2020-01-21 07:05:15,0.0
0.292856,0.0,76.741588,38.1754455464,3.945196,0.0,S2B_MSIL2A_20200121T032039_N0213_R118_T48PWS_20200121T070515,1579590315000,Vinh Long,2020-01-21 07:05:15,0.008262962869453034
0.292856,0.0,76.741588,38.1754455464,3.945196,0.0,S2B_MSIL2A_20200121T032039_N0213_R118_T48PWS_20200121T070515,1579590315000,Can Tho city,2020-01-21 07:05:15,0.015832451647954115
0.292856,0.0,76.741588,38.1754455464,3.945196,0.0,S2B_MSIL2A_20200121T032039_N0213_R118_T48PWS_20200121T070515,1579590315000,Hau Giang,2020-01-21 07:05:15,0.0
0.292856,0.0,76.741588,38.1754455464,3.945196,0.0,S2B_MSIL2A_20200121T032039_N0213_R118_T48PWS_20200121T070515,1579590315000,An Giang,2020-01-21 07:05:15,0.011502509684663266
0.292856,0.0,76.741588,38.1754455464,3.945196,0.0,S2B_MSIL2A_20200121T032039_N0213_R118_T48PWS_20200121T070515,1579590315000,Dong Thap,2020-01-21 07:05:15,0.11731329725341118
0.292856,0.0,76.741588,38.1754455464,3.945196,0.0,S2B_MSIL2A_20200121T032039_N0213_R118_T48PWS_20200121T070515,1579590315000,Kien Giang,2020-01-21 07:05:15,0.06272774562986612
0.292856,0.0,76.741588,38.1754455464,3.945196,0.0,S2B_MSIL2A_20200121T032039_N0213_R118_T48PWS_20200121T070515,1579590315000,Long An,2020-01-21 07:05:15,0.2847059463331427
0.292856,0.0,76.741588,38.1754455464,3.945196,0.0,S2B_MSIL2A_20200121T032039_N0213_R118_T48PWS_20200121T070515,1579590315000,Tien Giang,2020-01-21 07:05:15,0.026926238431695632
0.052349,0.0,33.424771,38.7196741957,43.825284,0.000385,S2B_MSIL2A_20200121T032039_N0213_R118_T48PVS_20200121T070515,1579590315000,An Giang,2020-01-21 07:05:15,0.011502509684663266
0.052349,0.0,33.424771,38.7196741957,43.825284,0.000385,S2B_MSIL2A_20200121T032039_N0213_R118_T48PVS_20200121T070515,1579590315000,Kien Giang,2020-01-21 07:05:15,0.06272774562986612
0.097912,0.0,31.980228,39.2740215443,63.291836,6.3e-05,S2B_MSIL2A_20200121T032039_N0213_R118_T48PUS_20200121T070515,1579590315000,Kien Giang,2020-01-21 07:05:15,0.06272774562986612
0.539843,4.9e-05,32.072863,36.8821998547,45.5493,0.00056,S2B_MSIL2A_20200121T032039_N0213_R118_T48PXR_20200121T070515,1579590315000,Soc Trang,2020-01-21 07:05:15,0.0
0.539843,4.9e-05,32.072863,36.8821998547,45.5493,0.00056,S2B_MSIL2A_20200121T032039_N0213_R118_T48PXR_20200121T070515,1579590315000,Tra Vinh,2020-01-21 07:05:15,0.0
0.539843,4.9e-05,32.072863,36.8821998547,45.5493,0.00056,S2B_MSIL2A_20200121T032039_N0213_R118_T48PXR_20200121T070515,1579590315000,Vinh Long,2020-01-21 07:05:15,0.008262962869453034
0.539843,4.9e-05,32.072863,36.8821998547,45.5493,0.00056,S2B_MSIL2A_20200121T032039_N0213_R118_T48PXR_20200121T070515,1579590315000,Ben Tre,2020-01-21 07:05:15,0.0
2.224731,6.6e-05,40.254718,37.4230421946,18.539296,0.002349,S2B_MSIL2A_20200121T032039_N0213_R118_T48PWR_20200121T070515,1579590315000,Soc Trang,2020-01-21 07:05:15,0.0
2.224731,6.6e-05,40.254718,37.4230421946,18.539296,0.002349,S2B_MSIL2A_20200121T032039_N0213_R118_T48PWR_20200121T070515,1579590315000,Tra Vinh,2020-01-21 07:05:15,0.0
2.224731,6.6e-05,40.254718,37.4230421946,18.539296,0.002349,S2B_MSIL2A_20200121T032039_N0213_R118_T48PWR_20200121T070515,1579590315000,Vinh Long,2020-01-21 07:05:15,0.008262962869453034
2.224731,6.6e-05,40.254718,37.4230421946,18.539296,0.002349,S2B_MSIL2A_20200121T032039_N0213_R118_T48PWR_20200121T070515,1579590315000,Bac Lieu,2020-01-21 07:05:15,0.0
2.224731,6.6e-05,40.254718,37.4230421946,18.539296,0.002349,S2B_MSIL2A_20200121T032039_N0213_R118_T48PWR_20200121T070515,1579590315000,Ca Mau,2020-01-21 07:05:15,0.04628288917279517
2.224731,6.6e-05,40.254718,37.4230421946,18.539296,0.002349,S2B_MSIL2A_20200121T032039_N0213_R118_T48PWR_20200121T070515,1579590315000,Can Tho city,2020-01-21 07:05:15,0.015832451647954115
2.224731,6.6e-05,40.254718,37.4230421946,18.539296,0.002349,S2B_MSIL2A_20200121T032039_N0213_R118_T48PWR_20200121T070515,1579590315000,Hau Giang,2020-01-21 07:05:15,0.0
2.224731,6.6e-05,40.254718,37.4230421946,18.539296,0.002349,S2B_MSIL2A_20200121T032039_N0213_R118_T48PWR_20200121T070515,1579590315000,Kien Giang,2020-01-21 07:05:15,0.06272774562986612
1.718475,0.118852,10.037601,37.9750655953,75.403601,0.0,S2B_MSIL2A_20200121T032039_N0213_R118_T48PVR_20200121T070515,1579590315000,Ca Mau,2020-01-21 07:05:15,0.04628288917279517
1.718475,0.118852,10.037601,37.9750655953,75.403601,0.0,S2B_MSIL2A_20200121T032039_N0213_R118_T48PVR_20200121T070515,1579590315000,Kien Giang,2020-01-21 07:05:15,0.06272774562986612
7.14236,7.071884,0.052276,38.5373008903,92.803633,0.0,S2B_MSIL2A_20200121T032039_N0213_R118_T48PUR_20200121T070515,1579590315000,Kien Giang,2020-01-21 07:05:15,0.06272774562986612
0.471913,0.015382,3.202727,36.6758176564,89.850187,0.003188,S2B_MSIL2A_20200121T032039_N0213_R118_T48PWQ_20200121T070515,1579590315000,Bac Lieu,2020-01-21 07:05:15,0.0
0.471913,0.015382,3.202727,36.6758176564,89.850187,0.003188,S2B_MSIL2A_20200121T032039_N0213_R118_T48PWQ_20200121T070515,1579590315000,Ca Mau,2020-01-21 07:05:15,0.04628288917279517
0.308267,0.006934,4.48249,37.2359318204,87.349302,0.000136,S2B_MSIL2A_20200121T032039_N0213_R118_T48PVQ_20200121T070515,1579590315000,Ca Mau,2020-01-21 07:05:15,0.04628288917279517
9.919141,0.020109,28.427792,38.8879599074,26.168478,0.045589,S2A_MSIL2A_20200123T031021_N0213_R075_T48PXS_20200123T071501,1579763701000,Tra Vinh,2020-01-23 07:15:01,0.0
9.919141,0.020109,28.427792,38.8879599074,26.168478,0.045589,S2A_MSIL2A_20200123T031021_N0213_R075_T48PXS_20200123T071501,1579763701000,Ben Tre,2020-01-23 07:15:01,0.0
9.919141,0.020109,28.427792,38.8879599074,26.168478,0.045589,S2A_MSIL2A_20200123T031021_N0213_R075_T48PXS_20200123T071501,1579763701000,Long An,2020-01-23 07:15:01,0.019102221269907686
9.919141,0.020109,28.427792,38.8879599074,26.168478,0.045589,S2A_MSIL2A_20200123T031021_N0213_R075_T48PXS_20200123T071501,1579763701000,Tien Giang,2020-01-23 07:15:01,0.0
17.382002,0.126267,4.216336,38.1596176071,69.168061,0.007985,S2A_MSIL2A_20200123T031021_N0213_R075_T48PXR_20200123T071501,1579763701000,Soc Trang,2020-01-23 07:15:01,0.0
17.382002,0.126267,4.216336,38.1596176071,69.168061,0.007985,S2A_MSIL2A_20200123T031021_N0213_R075_T48PXR_20200123T071501,1579763701000,Tra Vinh,2020-01-23 07:15:01,0.0
17.382002,0.126267,4.216336,38.1596176071,69.168061,0.007985,S2A_MSIL2A_20200123T031021_N0213_R075_T48PXR_20200123T071501,1579763701000,Vinh Long,2020-01-23 07:15:01,0.0
17.382002,0.126267,4.216336,38.1596176071,69.168061,0.007985,S2A_MSIL2A_20200123T031021_N0213_R075_T48PXR_20200123T071501,1579763701000,Ben Tre,2020-01-23 07:15:01,0.0
21.41748,20.946242,18.498881,37.3580939861,54.487813,7e-06,S2B_MSIL2A_20200124T033029_N0213_R018_T48PUS_20200124T073102,1579851062000,Kien Giang,2020-01-24 07:31:02,0.06164039116705173
22.351687,22.19611,0.139058,36.6042626838,77.495795,0.0,S2B_MSIL2A_20200124T033029_N0213_R018_T48PUR_20200124T073102,1579851062000,Kien Giang,2020-01-24 07:31:02,0.06164039116705173
9.020939,0.00779,58.312595,37.6748179672,1.988611,0.0,S2A_MSIL2A_20200126T032011_N0213_R118_T48PXT_20200126T071110,1580022670000,Dong Thap,2020-01-26 07:11:10,0.0
9.020939,0.00779,58.312595,37.6748179672,1.988611,0.0,S2A_MSIL2A_20200126T032011_N0213_R118_T48PXT_20200126T071110,1580022670000,Long An,2020-01-26 07:11:10,0.0
18.78385,0.153613,31.569976,38.2199840187,1.81743,0.0,S2A_MSIL2A_20200126T032011_N0213_R118_T48PWT_20200126T071110,1580022670000,An Giang,2020-01-26 07:11:10,0.0
18.78385,0.153613,31.569976,38.2199840187,1.81743,0.0,S2A_MSIL2A_20200126T032011_N0213_R118_T48PWT_20200126T071110,1580022670000,Dong Thap,2020-01-26 07:11:10,0.0
18.78385,0.153613,31.569976,38.2199840187,1.81743,0.0,S2A_MSIL2A_20200126T032011_N0213_R118_T48PWT_20200126T071110,1580022670000,Long An,2020-01-26 07:11:10,0.0
10.35327,1.113565,26.677564,38.7759076719,1.064972,0.0,S2A_MSIL2A_20200126T032011_N0213_R118_T48PVT_20200126T071110,1580022670000,An Giang,2020-01-26 07:11:10,0.0
10.647814,0.008697,59.831965,36.9230430035,4.762858,0.001604,S2A_MSIL2A_20200126T032011_N0213_R118_T48PXS_20200126T071110,1580022670000,Soc Trang,2020-01-26 07:11:10,0.0
10.647814,0.008697,59.831965,36.9230430035,4.762858,0.001604,S2A_MSIL2A_20200126T032011_N0213_R118_T48PXS_20200126T071110,1580022670000,Tra Vinh,2020-01-26 07:11:10,0.0
10.647814,0.008697,59.831965,36.9230430035,4.762858,0.001604,S2A_MSIL2A_20200126T032011_N0213_R118_T48PXS_20200126T071110,1580022670000,Vinh Long,2020-01-26 07:11:10,0.0
10.647814,0.008697,59.831965,36.9230430035,4.762858,0.001604,S2A_MSIL2A_20200126T032011_N0213_R118_T48PXS_20200126T071110,1580022670000,Ben Tre,2020-01-26 07:11:10,0.0
10.647814,0.008697,59.831965,36.9230430035,4.762858,0.001604,S2A_MSIL2A_20200126T032011_N0213_R118_T48PXS_20200126T071110,1580022670000,Dong Thap,2020-01-26 07:11:10,0.0
10.647814,0.008697,59.831965,36.9230430035,4.762858,0.001604,S2A_MSIL2A_20200126T032011_N0213_R118_T48PXS_20200126T071110,1580022670000,Long An,2020-01-26 07:11:10,0.0
10.647814,0.008697,59.831965,36.9230430035,4.762858,0.001604,S2A_MSIL2A_20200126T032011_N0213_R118_T48PXS_20200126T071110,1580022670000,Tien Giang,2020-01-26 07:11:10,0.0
19.478644,0.690665,56.936198,37.4759582618,3.053345,0.0,S2A_MSIL2A_20200126T032011_N0213_R118_T48PWS_20200126T071110,1580022670000,Soc Trang,2020-01-26 07:11:10,0.0
19.478644,0.690665,56.936198,37.4759582618,3.053345,0.0,S2A_MSIL2A_20200126T032011_N0213_R118_T48PWS_20200126T071110,1580022670000,Tra Vinh,2020-01-26 07:11:10,0.0
19.478644,0.690665,56.936198,37.4759582618,3.053345,0.0,S2A_MSIL2A_20200126T032011_N0213_R118_T48PWS_20200126T071110,1580022670000,Vinh Long,2020-01-26 07:11:10,0.0
19.478644,0.690665,56.936198,37.4759582618,3.053345,0.0,S2A_MSIL2A_20200126T032011_N0213_R118_T48PWS_20200126T071110,1580022670000,Can Tho city,2020-01-26 07:11:10,0.0
19.478644,0.690665,56.936198,37.4759582618,3.053345,0.0,S2A_MSIL2A_20200126T032011_N0213_R118_T48PWS_20200126T071110,1580022670000,Hau Giang,2020-01-26 07:11:10,0.0
19.478644,0.690665,56.936198,37.4759582618,3.053345,0.0,S2A_MSIL2A_20200126T032011_N0213_R118_T48PWS_20200126T071110,1580022670000,An Giang,2020-01-26 07:11:10,0.0
19.478644,0.690665,56.936198,37.4759582618,3.053345,0.0,S2A_MSIL2A_20200126T032011_N0213_R118_T48PWS_20200126T071110,1580022670000,Dong Thap,2020-01-26 07:11:10,0.0
19.478644,0.690665,56.936198,37.4759582618,3.053345,0.0,S2A_MSIL2A_20200126T032011_N0213_R118_T48PWS_20200126T071110,1580022670000,Kien Giang,2020-01-26 07:11:10,0.0
19.478644,0.690665,56.936198,37.4759582618,3.053345,0.0,S2A_MSIL2A_20200126T032011_N0213_R118_T48PWS_20200126T071110,1580022670000,Long An,2020-01-26 07:11:10,0.0
19.478644,0.690665,56.936198,37.4759582618,3.053345,0.0,S2A_MSIL2A_20200126T032011_N0213_R118_T48PWS_20200126T071110,1580022670000,Tien Giang,2020-01-26 07:11:10,0.0
23.208964,4.28921,21.972458,38.0397321163,33.067432,0.011158,S2A_MSIL2A_20200126T032011_N0213_R118_T48PVS_20200126T071110,1580022670000,An Giang,2020-01-26 07:11:10,0.0
23.208964,4.28921,21.972458,38.0397321163,33.067432,0.011158,S2A_MSIL2A_20200126T032011_N0213_R118_T48PVS_20200126T071110,1580022670000,Kien Giang,2020-01-26 07:11:10,0.0
18.371858,0.216445,17.956199,38.6133919886,55.962956,0.060649,S2A_MSIL2A_20200126T032011_N0213_R118_T48PUS_20200126T071110,1580022670000,Kien Giang,2020-01-26 07:11:10,0.0
13.888299,2.151418,22.26215,36.1772751674,42.071825,0.000969,S2A_MSIL2A_20200126T032011_N0213_R118_T48PXR_20200126T071110,1580022670000,Soc Trang,2020-01-26 07:11:10,0.0
13.888299,2.151418,22.26215,36.1772751674,42.071825,0.000969,S2A_MSIL2A_20200126T032011_N0213_R118_T48PXR_20200126T071110,1580022670000,Tra Vinh,2020-01-26 07:11:10,0.0
13.888299,2.151418,22.26215,36.1772751674,42.071825,0.000969,S2A_MSIL2A_20200126T032011_N0213_R118_T48PXR_20200126T071110,1580022670000,Vinh Long,2020-01-26 07:11:10,0.0
13.888299,2.151418,22.26215,36.1772751674,42.071825,0.000969,S2A_MSIL2A_20200126T032011_N0213_R118_T48PXR_20200126T071110,1580022670000,Ben Tre,2020-01-26 07:11:10,0.0
16.272807,0.098338,31.498897,36.7382483331,17.419705,0.006984,S2A_MSIL2A_20200126T032011_N0213_R118_T48PWR_20200126T071110,1580022670000,Soc Trang,2020-01-26 07:11:10,0.0
16.272807,0.098338,31.498897,36.7382483331,17.419705,0.006984,S2A_MSIL2A_20200126T032011_N0213_R118_T48PWR_20200126T071110,1580022670000,Tra Vinh,2020-01-26 07:11:10,0.0
16.272807,0.098338,31.498897,36.7382483331,17.419705,0.006984,S2A_MSIL2A_20200126T032011_N0213_R118_T48PWR_20200126T071110,1580022670000,Vinh Long,2020-01-26 07:11:10,0.0
16.272807,0.098338,31.498897,36.7382483331,17.419705,0.006984,S2A_MSIL2A_20200126T032011_N0213_R118_T48PWR_20200126T071110,1580022670000,Bac Lieu,2020-01-26 07:11:10,0.15213713967425266
16.272807,0.098338,31.498897,36.7382483331,17.419705,0.006984,S2A_MSIL2A_20200126T032011_N0213_R118_T48PWR_20200126T071110,1580022670000,Ca Mau,2020-01-26 07:11:10,0.038245359112849084
16.272807,0.098338,31.498897,36.7382483331,17.419705,0.006984,S2A_MSIL2A_20200126T032011_N0213_R118_T48PWR_20200126T071110,1580022670000,Can Tho city,2020-01-26 07:11:10,0.0
16.272807,0.098338,31.498897,36.7382483331,17.419705,0.006984,S2A_MSIL2A_20200126T032011_N0213_R118_T48PWR_20200126T071110,1580022670000,Hau Giang,2020-01-26 07:11:10,0.0
16.272807,0.098338,31.498897,36.7382483331,17.419705,0.006984,S2A_MSIL2A_20200126T032011_N0213_R118_T48PWR_20200126T071110,1580022670000,Kien Giang,2020-01-26 07:11:10,0.0
9.66608,0.530151,6.51907,37.3101678662,71.813399,0.0,S2A_MSIL2A_20200126T032011_N0213_R118_T48PVR_20200126T071110,1580022670000,Ca Mau,2020-01-26 07:11:10,0.038245359112849084
9.66608,0.530151,6.51907,37.3101678662,71.813399,0.0,S2A_MSIL2A_20200126T032011_N0213_R118_T48PVR_20200126T071110,1580022670000,Kien Giang,2020-01-26 07:11:10,0.0
8.812157,0.189975,0.027179,37.892032382,91.155213,0.0,S2A_MSIL2A_20200126T032011_N0213_R118_T48PUR_20200126T071110,1580022670000,Kien Giang,2020-01-26 07:11:10,0.0
11.341243,5.192375,2.305888,36.0063894903,80.945808,0.000922,S2A_MSIL2A_20200126T032011_N0213_R118_T48PWQ_20200126T071110,1580022670000,Bac Lieu,2020-01-26 07:11:10,0.15213713967425266
11.341243,5.192375,2.305888,36.0063894903,80.945808,0.000922,S2A_MSIL2A_20200126T032011_N0213_R118_T48PWQ_20200126T071110,1580022670000,Ca Mau,2020-01-26 07:11:10,0.038245359112849084
6.869864,0.376634,3.019097,36.5867339309,83.184671,0.000717,S2A_MSIL2A_20200126T032011_N0213_R118_T48PVQ_20200126T071110,1580022670000,Ca Mau,2020-01-26 07:11:10,0.038245359112849084
35.532879,0.000376,19.042574,38.1701564674,19.997631,0.032089,S2B_MSIL2A_20200128T030959_N0213_R075_T48PXS_20200128T064827,1580194107000,Tra Vinh,2020-01-28 06:48:27,0.028833424553659916
35.532879,0.000376,19.042574,38.1701564674,19.997631,0.032089,S2B_MSIL2A_20200128T030959_N0213_R075_T48PXS_20200128T064827,1580194107000,Ben Tre,2020-01-28 06:48:27,0.0
35.532879,0.000376,19.042574,38.1701564674,19.997631,0.032089,S2B_MSIL2A_20200128T030959_N0213_R075_T48PXS_20200128T064827,1580194107000,Long An,2020-01-28 06:48:27,0.06632110842885679
35.532879,0.000376,19.042574,38.1701564674,19.997631,0.032089,S2B_MSIL2A_20200128T030959_N0213_R075_T48PXS_20200128T064827,1580194107000,Tien Giang,2020-01-28 06:48:27,0.0
29.642959,0.0015,2.273973,37.4579814669,62.444508,0.006127,S2B_MSIL2A_20200128T030959_N0213_R075_T48PXR_20200128T064827,1580194107000,Soc Trang,2020-01-28 06:48:27,0.04806401013555343
29.642959,0.0015,2.273973,37.4579814669,62.444508,0.006127,S2B_MSIL2A_20200128T030959_N0213_R075_T48PXR_20200128T064827,1580194107000,Tra Vinh,2020-01-28 06:48:27,0.028833424553659916
29.642959,0.0015,2.273973,37.4579814669,62.444508,0.006127,S2B_MSIL2A_20200128T030959_N0213_R075_T48PXR_20200128T064827,1580194107000,Vinh Long,2020-01-28 06:48:27,0.028307160429628733
29.642959,0.0015,2.273973,37.4579814669,62.444508,0.006127,S2B_MSIL2A_20200128T030959_N0213_R075_T48PXR_20200128T064827,1580194107000,Ben Tre,2020-01-28 06:48:27,0.0
23.741877,12.169255,12.154461,36.5615982865,56.558323,0.145161,S2A_MSIL2A_20200129T033001_N0213_R018_T48PUS_20200130T163841,1580402321000,Kien Giang,2020-01-30 16:38:41,0.1551092466077131
13.08381,2.647769,0.051643,35.8230630285,86.83275,0.0,S2A_MSIL2A_20200129T033001_N0213_R018_T48PUR_20200130T163841,1580402321000,Kien Giang,2020-01-30 16:38:41,0.1551092466077131
7.773242,4.123973,33.792078,37.3229507225,23.847523,0.0583,S2A_MSIL2A_20200202T030931_N0213_R075_T48PXS_20200202T070655,1580627215000,Tra Vinh,2020-02-02 07:06:55,0.05591594006512183
7.773242,4.123973,33.792078,37.3229507225,23.847523,0.0583,S2A_MSIL2A_20200202T030931_N0213_R075_T48PXS_20200202T070655,1580627215000,Ben Tre,2020-02-02 07:06:55,0.06558715359418775
7.773242,4.123973,33.792078,37.3229507225,23.847523,0.0583,S2A_MSIL2A_20200202T030931_N0213_R075_T48PXS_20200202T070655,1580627215000,Long An,2020-02-02 07:06:55,0.016706944086078132
7.773242,4.123973,33.792078,37.3229507225,23.847523,0.0583,S2A_MSIL2A_20200202T030931_N0213_R075_T48PXS_20200202T070655,1580627215000,Tien Giang,2020-02-02 07:06:55,0.012735123280017482
39.039098,33.014044,0.131127,34.9128388988,60.804701,0.0,S2B_MSIL2A_20200203T032939_N0213_R018_T48PUR_20200203T084018,1580719218000,Kien Giang,2020-02-03 08:40:18,0.014558812124051435
0.607186,0.426181,67.285019,35.8126505815,1.344956,0.0,S2A_MSIL2A_20200205T031921_N0214_R118_T48PXT_20200205T071906,1580887146000,Dong Thap,2020-02-05 07:19:06,0.0
0.607186,0.426181,67.285019,35.8126505815,1.344956,0.0,S2A_MSIL2A_20200205T031921_N0214_R118_T48PXT_20200205T071906,1580887146000,Long An,2020-02-05 07:19:06,0.00507895870141105
7.675366,7.214953,37.493083,36.3992586018,1.382706,0.0,S2A_MSIL2A_20200205T031921_N0214_R118_T48PWT_20200205T071906,1580887146000,An Giang,2020-02-05 07:19:06,0.0
7.675366,7.214953,37.493083,36.3992586018,1.382706,0.0,S2A_MSIL2A_20200205T031921_N0214_R118_T48PWT_20200205T071906,1580887146000,Dong Thap,2020-02-05 07:19:06,0.0
7.675366,7.214953,37.493083,36.3992586018,1.382706,0.0,S2A_MSIL2A_20200205T031921_N0214_R118_T48PWT_20200205T071906,1580887146000,Long An,2020-02-05 07:19:06,0.00507895870141105
1.733131,1.459936,26.580587,36.9962518895,0.998207,0.0,S2A_MSIL2A_20200205T031921_N0214_R118_T48PVT_20200205T071906,1580887146000,An Giang,2020-02-05 07:19:06,0.0
14.685596,14.238556,59.824896,35.0933170589,2.977721,0.0,S2A_MSIL2A_20200205T031921_N0214_R118_T48PXS_20200205T071906,1580887146000,Soc Trang,2020-02-05 07:19:06,0.05154044643272624
14.685596,14.238556,59.824896,35.0933170589,2.977721,0.0,S2A_MSIL2A_20200205T031921_N0214_R118_T48PXS_20200205T071906,1580887146000,Tra Vinh,2020-02-05 07:19:06,8.710149987163332e-05
14.685596,14.238556,59.824896,35.0933170589,2.977721,0.0,S2A_MSIL2A_20200205T031921_N0214_R118_T48PXS_20200205T071906,1580887146000,Vinh Long,2020-02-05 07:19:06,0.00010541811660958333
14.685596,14.238556,59.824896,35.0933170589,2.977721,0.0,S2A_MSIL2A_20200205T031921_N0214_R118_T48PXS_20200205T071906,1580887146000,Ben Tre,2020-02-05 07:19:06,0.06558715359418775
14.685596,14.238556,59.824896,35.0933170589,2.977721,0.0,S2A_MSIL2A_20200205T031921_N0214_R118_T48PXS_20200205T071906,1580887146000,Dong Thap,2020-02-05 07:19:06,0.0
14.685596,14.238556,59.824896,35.0933170589,2.977721,0.0,S2A_MSIL2A_20200205T031921_N0214_R118_T48PXS_20200205T071906,1580887146000,Long An,2020-02-05 07:19:06,0.00507895870141105
14.685596,14.238556,59.824896,35.0933170589,2.977721,0.0,S2A_MSIL2A_20200205T031921_N0214_R118_T48PXS_20200205T071906,1580887146000,Tien Giang,2020-02-05 07:19:06,0.012735123280017482
4.94141,4.571657,74.764222,35.688546115,2.268516,0.0,S2A_MSIL2A_20200205T031921_N0214_R118_T48PWS_20200205T071906,1580887146000,Soc Trang,2020-02-05 07:19:06,0.05154044643272624
4.94141,4.571657,74.764222,35.688546115,2.268516,0.0,S2A_MSIL2A_20200205T031921_N0214_R118_T48PWS_20200205T071906,1580887146000,Tra Vinh,2020-02-05 07:19:06,8.710149987163332e-05
4.94141,4.571657,74.764222,35.688546115,2.268516,0.0,S2A_MSIL2A_20200205T031921_N0214_R118_T48PWS_20200205T071906,1580887146000,Vinh Long,2020-02-05 07:19:06,0.00010541811660958333
4.94141,4.571657,74.764222,35.688546115,2.268516,0.0,S2A_MSIL2A_20200205T031921_N0214_R118_T48PWS_20200205T071906,1580887146000,Can Tho city,2020-02-05 07:19:06,0.0
4.94141,4.571657,74.764222,35.688546115,2.268516,0.0,S2A_MSIL2A_20200205T031921_N0214_R118_T48PWS_20200205T071906,1580887146000,Hau Giang,2020-02-05 07:19:06,0.03711318108682985
4.94141,4.571657,74.764222,35.688546115,2.268516,0.0,S2A_MSIL2A_20200205T031921_N0214_R118_T48PWS_20200205T071906,1580887146000,An Giang,2020-02-05 07:19:06,0.0
4.94141,4.571657,74.764222,35.688546115,2.268516,0.0,S2A_MSIL2A_20200205T031921_N0214_R118_T48PWS_20200205T071906,1580887146000,Dong Thap,2020-02-05 07:19:06,0.0
4.94141,4.571657,74.764222,35.688546115,2.268516,0.0,S2A_MSIL2A_20200205T031921_N0214_R118_T48PWS_20200205T071906,1580887146000,Kien Giang,2020-02-05 07:19:06,0.014099991931639319
4.94141,4.571657,74.764222,35.688546115,2.268516,0.0,S2A_MSIL2A_20200205T031921_N0214_R118_T48PWS_20200205T071906,1580887146000,Long An,2020-02-05 07:19:06,0.00507895870141105
4.94141,4.571657,74.764222,35.688546115,2.268516,0.0,S2A_MSIL2A_20200205T031921_N0214_R118_T48PWS_20200205T071906,1580887146000,Tien Giang,2020-02-05 07:19:06,0.012735123280017482
10.821583,10.644796,26.301175,36.2941860189,36.559689,0.000557,S2A_MSIL2A_20200205T031921_N0214_R118_T48PVS_20200205T071906,1580887146000,An Giang,2020-02-05 07:19:06,0.0
10.821583,10.644796,26.301175,36.2941860189,36.559689,0.000557,S2A_MSIL2A_20200205T031921_N0214_R118_T48PVS_20200205T071906,1580887146000,Kien Giang,2020-02-05 07:19:06,0.014099991931639319
12.583667,12.4492,31.251872,36.9091928504,50.610888,1.3e-05,S2A_MSIL2A_20200205T031921_N0214_R118_T48PUS_20200205T071906,1580887146000,Kien Giang,2020-02-05 07:19:06,0.014099991931639319
26.746571,26.257917,24.868888,34.381580161,26.625627,0.001945,S2A_MSIL2A_20200205T031921_N0214_R118_T48PXR_20200205T071906,1580887146000,Soc Trang,2020-02-05 07:19:06,0.05154044643272624
26.746571,26.257917,24.868888,34.381580161,26.625627,0.001945,S2A_MSIL2A_20200205T031921_N0214_R118_T48PXR_20200205T071906,1580887146000,Tra Vinh,2020-02-05 07:19:06,8.710149987163332e-05
26.746571,26.257917,24.868888,34.381580161,26.625627,0.001945,S2A_MSIL2A_20200205T031921_N0214_R118_T48PXR_20200205T071906,1580887146000,Vinh Long,2020-02-05 07:19:06,0.00010541811660958333
26.746571,26.257917,24.868888,34.381580161,26.625627,0.001945,S2A_MSIL2A_20200205T031921_N0214_R118_T48PXR_20200205T071906,1580887146000,Ben Tre,2020-02-05 07:19:06,0.06558715359418775
9.646359,8.352912,39.714408,34.9857138153,12.727307,0.005939,S2A_MSIL2A_20200205T031921_N0214_R118_T48PWR_20200205T071906,1580887146000,Soc Trang,2020-02-05 07:19:06,0.05154044643272624
9.646359,8.352912,39.714408,34.9857138153,12.727307,0.005939,S2A_MSIL2A_20200205T031921_N0214_R118_T48PWR_20200205T071906,1580887146000,Tra Vinh,2020-02-05 07:19:06,8.710149987163332e-05
9.646359,8.352912,39.714408,34.9857138153,12.727307,0.005939,S2A_MSIL2A_20200205T031921_N0214_R118_T48PWR_20200205T071906,1580887146000,Vinh Long,2020-02-05 07:19:06,0.00010541811660958333
9.646359,8.352912,39.714408,34.9857138153,12.727307,0.005939,S2A_MSIL2A_20200205T031921_N0214_R118_T48PWR_20200205T071906,1580887146000,Bac Lieu,2020-02-05 07:19:06,0.017273903496610298
9.646359,8.352912,39.714408,34.9857138153,12.727307,0.005939,S2A_MSIL2A_20200205T031921_N0214_R118_T48PWR_20200205T071906,1580887146000,Ca Mau,2020-02-05 07:19:06,0.0
9.646359,8.352912,39.714408,34.9857138153,12.727307,0.005939,S2A_MSIL2A_20200205T031921_N0214_R118_T48PWR_20200205T071906,1580887146000,Can Tho city,2020-02-05 07:19:06,0.0
9.646359,8.352912,39.714408,34.9857138153,12.727307,0.005939,S2A_MSIL2A_20200205T031921_N0214_R118_T48PWR_20200205T071906,1580887146000,Hau Giang,2020-02-05 07:19:06,0.03711318108682985
9.646359,8.352912,39.714408,34.9857138153,12.727307,0.005939,S2A_MSIL2A_20200205T031921_N0214_R118_T48PWR_20200205T071906,1580887146000,Kien Giang,2020-02-05 07:19:06,0.014099991931639319
16.082479,14.643154,7.688289,35.6002738567,62.089759,0.0,S2A_MSIL2A_20200205T031921_N0214_R118_T48PVR_20200205T071906,1580887146000,Ca Mau,2020-02-05 07:19:06,0.0
16.082479,14.643154,7.688289,35.6002738567,62.089759,0.0,S2A_MSIL2A_20200205T031921_N0214_R118_T48PVR_20200205T071906,1580887146000,Kien Giang,2020-02-05 07:19:06,0.014099991931639319
24.866872,20.958695,0.051505,36.2241914911,75.075924,0.0,S2A_MSIL2A_20200205T031921_N0214_R118_T48PUR_20200205T071906,1580887146000,Kien Giang,2020-02-05 07:19:06,0.014099991931639319
25.023308,16.956393,1.472865,34.2904685872,66.989493,0.016145,S2A_MSIL2A_20200205T031921_N0214_R118_T48PWQ_20200205T071906,1580887146000,Bac Lieu,2020-02-05 07:19:06,0.017273903496610298
25.023308,16.956393,1.472865,34.2904685872,66.989493,0.016145,S2A_MSIL2A_20200205T031921_N0214_R118_T48PWQ_20200205T071906,1580887146000,Ca Mau,2020-02-05 07:19:06,0.0
21.654911,11.615343,2.129943,34.914239636,68.47831,0.002027,S2A_MSIL2A_20200205T031921_N0214_R118_T48PVQ_20200205T071906,1580887146000,Ca Mau,2020-02-05 07:19:06,0.0
45.546336,41.496858,28.459051,36.3525820562,5.538512,0.043553,S2B_MSIL2A_20200207T030909_N0214_R075_T48PXS_20200207T063831,1581057511000,Tra Vinh,2020-02-07 06:38:31,0.0
45.546336,41.496858,28.459051,36.3525820562,5.538512,0.043553,S2B_MSIL2A_20200207T030909_N0214_R075_T48PXS_20200207T063831,1581057511000,Ben Tre,2020-02-07 06:38:31,0.06943020179098643
45.546336,41.496858,28.459051,36.3525820562,5.538512,0.043553,S2B_MSIL2A_20200207T030909_N0214_R075_T48PXS_20200207T063831,1581057511000,Long An,2020-02-07 06:38:31,0.0
45.546336,41.496858,28.459051,36.3525820562,5.538512,0.043553,S2B_MSIL2A_20200207T030909_N0214_R075_T48PXS_20200207T063831,1581057511000,Tien Giang,2020-02-07 06:38:31,0.0
35.938249,1.968704,40.452114,34.6968505435,1.405437,0.0,S2B_MSIL2A_20200210T031849_N0214_R118_T48PXT_20200210T072850,1581319730000,Dong Thap,2020-02-10 07:28:50,0.0
35.938249,1.968704,40.452114,34.6968505435,1.405437,0.0,S2B_MSIL2A_20200210T031849_N0214_R118_T48PXT_20200210T072850,1581319730000,Long An,2020-02-10 07:28:50,0.00061627986121405
16.018184,14.524628,36.776057,35.2910031974,15.375991,0.090064,S2A_MSIL2A_20200212T030831_N0214_R075_T48PXS_20200212T072017,1581492017000,Tra Vinh,2020-02-12 07:20:17,0.0
16.018184,14.524628,36.776057,35.2910031974,15.375991,0.090064,S2A_MSIL2A_20200212T030831_N0214_R075_T48PXS_20200212T072017,1581492017000,Ben Tre,2020-02-12 07:20:17,0.05690017071279759
16.018184,14.524628,36.776057,35.2910031974,15.375991,0.090064,S2A_MSIL2A_20200212T030831_N0214_R075_T48PXS_20200212T072017,1581492017000,Long An,2020-02-12 07:20:17,0.00061627986121405
16.018184,14.524628,36.776057,35.2910031974,15.375991,0.090064,S2A_MSIL2A_20200212T030831_N0214_R075_T48PXS_20200212T072017,1581492017000,Tien Giang,2020-02-12 07:20:17,0.0239125643118151
17.816552,9.87863,5.0909,34.6392594172,67.18021,0.001199,S2A_MSIL2A_20200212T030831_N0214_R075_T48PXR_20200212T072017,1581492017000,Soc Trang,2020-02-12 07:20:17,0.0029290186038164
17.816552,9.87863,5.0909,34.6392594172,67.18021,0.001199,S2A_MSIL2A_20200212T030831_N0214_R075_T48PXR_20200212T072017,1581492017000,Tra Vinh,2020-02-12 07:20:17,0.0
17.816552,9.87863,5.0909,34.6392594172,67.18021,0.001199,S2A_MSIL2A_20200212T030831_N0214_R075_T48PXR_20200212T072017,1581492017000,Vinh Long,2020-02-12 07:20:17,0.0
17.816552,9.87863,5.0909,34.6392594172,67.18021,0.001199,S2A_MSIL2A_20200212T030831_N0214_R075_T48PXR_20200212T072017,1581492017000,Ben Tre,2020-02-12 07:20:17,0.05690017071279759
8.062955,0.019828,14.390008,33.4470045629,71.148556,0.002775,S2B_MSIL2A_20200213T032839_N0214_R018_T48PUS_20200213T073659,1581579419000,Kien Giang,2020-02-13 07:36:59,0.04504602091427463
8.586998,0.0,0.099463,32.7659639413,91.284627,0.0,S2B_MSIL2A_20200213T032839_N0214_R018_T48PUR_20200213T073659,1581579419000,Kien Giang,2020-02-13 07:36:59,0.04504602091427463
12.008999,7e-06,52.710032,33.4981966002,1.459365,0.0,S2A_MSIL2A_20200215T031821_N0214_R118_T48PXT_20200215T071914,1581751154000,Dong Thap,2020-02-15 07:19:14,0.03402183273584992
12.008999,7e-06,52.710032,33.4981966002,1.459365,0.0,S2A_MSIL2A_20200215T031821_N0214_R118_T48PXT_20200215T071914,1581751154000,Long An,2020-02-15 07:19:14,0.038627881104660165
4.505752,0.000401,32.163975,34.129342851,2.153893,0.0,S2A_MSIL2A_20200215T031821_N0214_R118_T48PWT_20200215T071914,1581751154000,An Giang,2020-02-15 07:19:14,0.08896206092175418
4.505752,0.000401,32.163975,34.129342851,2.153893,0.0,S2A_MSIL2A_20200215T031821_N0214_R118_T48PWT_20200215T071914,1581751154000,Dong Thap,2020-02-15 07:19:14,0.03402183273584992
4.505752,0.000401,32.163975,34.129342851,2.153893,0.0,S2A_MSIL2A_20200215T031821_N0214_R118_T48PWT_20200215T071914,1581751154000,Long An,2020-02-15 07:19:14,0.038627881104660165
0.60606,0.000236,28.04226,34.7703927898,1.480135,0.0,S2A_MSIL2A_20200215T031821_N0214_R118_T48PVT_20200215T071914,1581751154000,An Giang,2020-02-15 07:19:14,0.08896206092175418
27.177877,0.0,37.280282,32.8191743379,3.674057,8.5e-05,S2A_MSIL2A_20200215T031821_N0214_R118_T48PXS_20200215T071914,1581751154000,Soc Trang,2020-02-15 07:19:14,0.13269094245215565
27.177877,0.0,37.280282,32.8191743379,3.674057,8.5e-05,S2A_MSIL2A_20200215T031821_N0214_R118_T48PXS_20200215T071914,1581751154000,Tra Vinh,2020-02-15 07:19:14,0.03297291233516337
27.177877,0.0,37.280282,32.8191743379,3.674057,8.5e-05,S2A_MSIL2A_20200215T031821_N0214_R118_T48PXS_20200215T071914,1581751154000,Vinh Long,2020-02-15 07:19:14,0.013328231488158683
27.177877,0.0,37.280282,32.8191743379,3.674057,8.5e-05,S2A_MSIL2A_20200215T031821_N0214_R118_T48PXS_20200215T071914,1581751154000,Ben Tre,2020-02-15 07:19:14,0.08932080023349738
27.177877,0.0,37.280282,32.8191743379,3.674057,8.5e-05,S2A_MSIL2A_20200215T031821_N0214_R118_T48PXS_20200215T071914,1581751154000,Dong Thap,2020-02-15 07:19:14,0.03402183273584992
27.177877,0.0,37.280282,32.8191743379,3.674057,8.5e-05,S2A_MSIL2A_20200215T031821_N0214_R118_T48PXS_20200215T071914,1581751154000,Long An,2020-02-15 07:19:14,0.038627881104660165
27.177877,0.0,37.280282,32.8191743379,3.674057,8.5e-05,S2A_MSIL2A_20200215T031821_N0214_R118_T48PXS_20200215T071914,1581751154000,Tien Giang,2020-02-15 07:19:14,0.18856843661020362
12.287613,0.000103,54.703611,33.4599204972,3.765393,0.0,S2A_MSIL2A_20200215T031821_N0214_R118_T48PWS_20200215T071914,1581751154000,Soc Trang,2020-02-15 07:19:14,0.13269094245215565
12.287613,0.000103,54.703611,33.4599204972,3.765393,0.0,S2A_MSIL2A_20200215T031821_N0214_R118_T48PWS_20200215T071914,1581751154000,Tra Vinh,2020-02-15 07:19:14,0.03297291233516337
12.287613,0.000103,54.703611,33.4599204972,3.765393,0.0,S2A_MSIL2A_20200215T031821_N0214_R118_T48PWS_20200215T071914,1581751154000,Vinh Long,2020-02-15 07:19:14,0.013328231488158683
12.287613,0.000103,54.703611,33.4599204972,3.765393,0.0,S2A_MSIL2A_20200215T031821_N0214_R118_T48PWS_20200215T071914,1581751154000,Can Tho city,2020-02-15 07:19:14,0.11454797670152743
12.287613,0.000103,54.703611,33.4599204972,3.765393,0.0,S2A_MSIL2A_20200215T031821_N0214_R118_T48PWS_20200215T071914,1581751154000,Hau Giang,2020-02-15 07:19:14,0.0641279273276556
12.287613,0.000103,54.703611,33.4599204972,3.765393,0.0,S2A_MSIL2A_20200215T031821_N0214_R118_T48PWS_20200215T071914,1581751154000,An Giang,2020-02-15 07:19:14,0.08896206092175418
12.287613,0.000103,54.703611,33.4599204972,3.765393,0.0,S2A_MSIL2A_20200215T031821_N0214_R118_T48PWS_20200215T071914,1581751154000,Dong Thap,2020-02-15 07:19:14,0.03402183273584992
12.287613,0.000103,54.703611,33.4599204972,3.765393,0.0,S2A_MSIL2A_20200215T031821_N0214_R118_T48PWS_20200215T071914,1581751154000,Kien Giang,2020-02-15 07:19:14,0.14905072107588271
12.287613,0.000103,54.703611,33.4599204972,3.765393,0.0,S2A_MSIL2A_20200215T031821_N0214_R118_T48PWS_20200215T071914,1581751154000,Long An,2020-02-15 07:19:14,0.038627881104660165
12.287613,0.000103,54.703611,33.4599204972,3.765393,0.0,S2A_MSIL2A_20200215T031821_N0214_R118_T48PWS_20200215T071914,1581751154000,Tien Giang,2020-02-15 07:19:14,0.18856843661020362
7.083148,1.573764,24.076569,34.1105009999,40.139046,0.002956,S2A_MSIL2A_20200215T031821_N0214_R118_T48PVS_20200215T071914,1581751154000,An Giang,2020-02-15 07:19:14,0.08896206092175418
7.083148,1.573764,24.076569,34.1105009999,40.139046,0.002956,S2A_MSIL2A_20200215T031821_N0214_R118_T48PVS_20200215T071914,1581751154000,Kien Giang,2020-02-15 07:19:14,0.14905072107588271
16.117345,4.760055,20.857038,34.7697967905,55.887407,6.4e-05,S2A_MSIL2A_20200215T031821_N0214_R118_T48PUS_20200215T071914,1581751154000,Kien Giang,2020-02-15 07:19:14,0.14905072107588271
22.594211,0.0,16.991344,32.1499515737,35.422,0.000442,S2A_MSIL2A_20200215T031821_N0214_R118_T48PXR_20200215T071914,1581751154000,Soc Trang,2020-02-15 07:19:14,0.13269094245215565
22.594211,0.0,16.991344,32.1499515737,35.422,0.000442,S2A_MSIL2A_20200215T031821_N0214_R118_T48PXR_20200215T071914,1581751154000,Tra Vinh,2020-02-15 07:19:14,0.03297291233516337
22.594211,0.0,16.991344,32.1499515737,35.422,0.000442,S2A_MSIL2A_20200215T031821_N0214_R118_T48PXR_20200215T071914,1581751154000,Vinh Long,2020-02-15 07:19:14,0.013328231488158683
22.594211,0.0,16.991344,32.1499515737,35.422,0.000442,S2A_MSIL2A_20200215T031821_N0214_R118_T48PXR_20200215T071914,1581751154000,Ben Tre,2020-02-15 07:19:14,0.08932080023349738
12.52972,0.001911,31.615195,32.8005560491,17.393512,0.005664,S2A_MSIL2A_20200215T031821_N0214_R118_T48PWR_20200215T071914,1581751154000,Soc Trang,2020-02-15 07:19:14,0.13269094245215565
12.52972,0.001911,31.615195,32.8005560491,17.393512,0.005664,S2A_MSIL2A_20200215T031821_N0214_R118_T48PWR_20200215T071914,1581751154000,Tra Vinh,2020-02-15 07:19:14,0.03297291233516337
12.52972,0.001911,31.615195,32.8005560491,17.393512,0.005664,S2A_MSIL2A_20200215T031821_N0214_R118_T48PWR_20200215T071914,1581751154000,Vinh Long,2020-02-15 07:19:14,0.013328231488158683
12.52972,0.001911,31.615195,32.8005560491,17.393512,0.005664,S2A_MSIL2A_20200215T031821_N0214_R118_T48PWR_20200215T071914,1581751154000,Bac Lieu,2020-02-15 07:19:14,0.017446278582578936
12.52972,0.001911,31.615195,32.8005560491,17.393512,0.005664,S2A_MSIL2A_20200215T031821_N0214_R118_T48PWR_20200215T071914,1581751154000,Ca Mau,2020-02-15 07:19:14,0.0
12.52972,0.001911,31.615195,32.8005560491,17.393512,0.005664,S2A_MSIL2A_20200215T031821_N0214_R118_T48PWR_20200215T071914,1581751154000,Can Tho city,2020-02-15 07:19:14,0.11454797670152743
12.52972,0.001911,31.615195,32.8005560491,17.393512,0.005664,S2A_MSIL2A_20200215T031821_N0214_R118_T48PWR_20200215T071914,1581751154000,Hau Giang,2020-02-15 07:19:14,0.0641279273276556
12.52972,0.001911,31.615195,32.8005560491,17.393512,0.005664,S2A_MSIL2A_20200215T031821_N0214_R118_T48PWR_20200215T071914,1581751154000,Kien Giang,2020-02-15 07:19:14,0.14905072107588271
0.935229,0.252939,8.010259,33.4609084092,76.976174,0.0,S2A_MSIL2A_20200215T031821_N0214_R118_T48PVR_20200215T071914,1581751154000,Ca Mau,2020-02-15 07:19:14,0.0
0.935229,0.252939,8.010259,33.4609084092,76.976174,0.0,S2A_MSIL2A_20200215T031821_N0214_R118_T48PVR_20200215T071914,1581751154000,Kien Giang,2020-02-15 07:19:14,0.14905072107588271
18.497132,13.552327,0.052602,34.1298691005,81.448209,0.0,S2A_MSIL2A_20200215T031821_N0214_R118_T48PUR_20200215T071914,1581751154000,Kien Giang,2020-02-15 07:19:14,0.14905072107588271
3.287375,0.318383,2.639139,32.1511184198,87.763393,0.000455,S2A_MSIL2A_20200215T031821_N0214_R118_T48PWQ_20200215T071914,1581751154000,Bac Lieu,2020-02-15 07:19:14,0.017446278582578936
3.287375,0.318383,2.639139,32.1511184198,87.763393,0.000455,S2A_MSIL2A_20200215T031821_N0214_R118_T48PWQ_20200215T071914,1581751154000,Ca Mau,2020-02-15 07:19:14,0.0
9.0912,7.433147,3.855017,32.8215067022,79.177737,0.0,S2A_MSIL2A_20200215T031821_N0214_R118_T48PVQ_20200215T071914,1581751154000,Ca Mau,2020-02-15 07:19:14,0.0
12.42069,0.0,26.937205,34.132801782265,27.802092,0.049736,S2B_MSIL2A_20200217T030809_N0214_R075_T48PXS_20200217T071631,1581923791000,Tra Vinh,2020-02-17 07:16:31,0.03297291233516337
12.42069,0.0,26.937205,34.132801782265,27.802092,0.049736,S2B_MSIL2A_20200217T030809_N0214_R075_T48PXS_20200217T071631,1581923791000,Ben Tre,2020-02-17 07:16:31,0.08900531200785583
12.42069,0.0,26.937205,34.132801782265,27.802092,0.049736,S2B_MSIL2A_20200217T030809_N0214_R075_T48PXS_20200217T071631,1581923791000,Long An,2020-02-17 07:16:31,0.038627881104660165
12.42069,0.0,26.937205,34.132801782265,27.802092,0.049736,S2B_MSIL2A_20200217T030809_N0214_R075_T48PXS_20200217T071631,1581923791000,Tien Giang,2020-02-17 07:16:31,0.17975441475091514
8.070148,6.173908,5.472672,33.5058853306522,76.736856,0.036896,S2B_MSIL2A_20200217T030809_N0214_R075_T48PXR_20200217T071631,1581923791000,Soc Trang,2020-02-17 07:16:31,0.13269094245215565
8.070148,6.173908,5.472672,33.5058853306522,76.736856,0.036896,S2B_MSIL2A_20200217T030809_N0214_R075_T48PXR_20200217T071631,1581923791000,Tra Vinh,2020-02-17 07:16:31,0.03297291233516337
8.070148,6.173908,5.472672,33.5058853306522,76.736856,0.036896,S2B_MSIL2A_20200217T030809_N0214_R075_T48PXR_20200217T071631,1581923791000,Vinh Long,2020-02-17 07:16:31,0.013328231488158683
8.070148,6.173908,5.472672,33.5058853306522,76.736856,0.036896,S2B_MSIL2A_20200217T030809_N0214_R075_T48PXR_20200217T071631,1581923791000,Ben Tre,2020-02-17 07:16:31,0.08900531200785583
12.849795,4.16396,11.631342,32.2286307428728,68.108016,0.000335,S2A_MSIL2A_20200218T032811_N0214_R018_T48PUS_20200218T072701,1582010821000,Kien Giang,2020-02-18 07:27:01,0.15402329588052607
19.139876,0.231757,0.14988,31.5718405196917,80.646408,0.0,S2A_MSIL2A_20200218T032811_N0214_R018_T48PUR_20200218T072701,1582010821000,Kien Giang,2020-02-18 07:27:01,0.15402329588052607
0.117261,0.001536,65.672964,32.2098969949338,1.776728,0.0,S2B_MSIL2A_20200220T031749_N0214_R118_T48PXT_20200220T072401,1582183441000,Dong Thap,2020-02-20 07:24:01,0.006851913275998917
0.117261,0.001536,65.672964,32.2098969949338,1.776728,0.0,S2B_MSIL2A_20200220T031749_N0214_R118_T48PXT_20200220T072401,1582183441000,Long An,2020-02-20 07:24:01,0.033728866957612486
0.112737,0.002007,31.407934,32.8644498658014,2.243358,0.0,S2B_MSIL2A_20200220T031749_N0214_R118_T48PWT_20200220T072401,1582183441000,An Giang,2020-02-20 07:24:01,0.08559239761807502
0.112737,0.002007,31.407934,32.8644498658014,2.243358,0.0,S2B_MSIL2A_20200220T031749_N0214_R118_T48PWT_20200220T072401,1582183441000,Dong Thap,2020-02-20 07:24:01,0.006851913275998917
0.112737,0.002007,31.407934,32.8644498658014,2.243358,0.0,S2B_MSIL2A_20200220T031749_N0214_R118_T48PWT_20200220T072401,1582183441000,Long An,2020-02-20 07:24:01,0.033728866957612486
1.570952,0.000614,20.781879,33.5285780028842,1.496673,0.0,S2B_MSIL2A_20200220T031749_N0214_R118_T48PVT_20200220T072401,1582183441000,An Giang,2020-02-20 07:24:01,0.08559239761807502
0.888712,0.748638,63.007039,31.5547230048518,5.101186,0.0,S2B_MSIL2A_20200220T031749_N0214_R118_T48PXS_20200220T072401,1582183441000,Soc Trang,2020-02-20 07:24:01,0.0
0.888712,0.748638,63.007039,31.5547230048518,5.101186,0.0,S2B_MSIL2A_20200220T031749_N0214_R118_T48PXS_20200220T072401,1582183441000,Tra Vinh,2020-02-20 07:24:01,0.0045430207869582495
0.888712,0.748638,63.007039,31.5547230048518,5.101186,0.0,S2B_MSIL2A_20200220T031749_N0214_R118_T48PXS_20200220T072401,1582183441000,Vinh Long,2020-02-20 07:24:01,0.0
0.888712,0.748638,63.007039,31.5547230048518,5.101186,0.0,S2B_MSIL2A_20200220T031749_N0214_R118_T48PXS_20200220T072401,1582183441000,Ben Tre,2020-02-20 07:24:01,0.05376502158886421
0.888712,0.748638,63.007039,31.5547230048518,5.101186,0.0,S2B_MSIL2A_20200220T031749_N0214_R118_T48PXS_20200220T072401,1582183441000,Dong Thap,2020-02-20 07:24:01,0.006851913275998917
0.888712,0.748638,63.007039,31.5547230048518,5.101186,0.0,S2B_MSIL2A_20200220T031749_N0214_R118_T48PXS_20200220T072401,1582183441000,Long An,2020-02-20 07:24:01,0.033728866957612486
0.888712,0.748638,63.007039,31.5547230048518,5.101186,0.0,S2B_MSIL2A_20200220T031749_N0214_R118_T48PXS_20200220T072401,1582183441000,Tien Giang,2020-02-20 07:24:01,0.12505018845510815
7.883791,0.015312,49.853674,32.2193707508829,3.868677,0.0,S2B_MSIL2A_20200220T031749_N0214_R118_T48PWS_20200220T072401,1582183441000,Soc Trang,2020-02-20 07:24:01,0.0
7.883791,0.015312,49.853674,32.2193707508829,3.868677,0.0,S2B_MSIL2A_20200220T031749_N0214_R118_T48PWS_20200220T072401,1582183441000,Tra Vinh,2020-02-20 07:24:01,0.0045430207869582495
7.883791,0.015312,49.853674,32.2193707508829,3.868677,0.0,S2B_MSIL2A_20200220T031749_N0214_R118_T48PWS_20200220T072401,1582183441000,Vinh Long,2020-02-20 07:24:01,0.0
7.883791,0.015312,49.853674,32.2193707508829,3.868677,0.0,S2B_MSIL2A_20200220T031749_N0214_R118_T48PWS_20200220T072401,1582183441000,Can Tho city,2020-02-20 07:24:01,0.0
7.883791,0.015312,49.853674,32.2193707508829,3.868677,0.0,S2B_MSIL2A_20200220T031749_N0214_R118_T48PWS_20200220T072401,1582183441000,Hau Giang,2020-02-20 07:24:01,0.0
7.883791,0.015312,49.853674,32.2193707508829,3.868677,0.0,S2B_MSIL2A_20200220T031749_N0214_R118_T48PWS_20200220T072401,1582183441000,An Giang,2020-02-20 07:24:01,0.08559239761807502
7.883791,0.015312,49.853674,32.2193707508829,3.868677,0.0,S2B_MSIL2A_20200220T031749_N0214_R118_T48PWS_20200220T072401,1582183441000,Dong Thap,2020-02-20 07:24:01,0.006851913275998917
7.883791,0.015312,49.853674,32.2193707508829,3.868677,0.0,S2B_MSIL2A_20200220T031749_N0214_R118_T48PWS_20200220T072401,1582183441000,Kien Giang,2020-02-20 07:24:01,0.004972574804643384
7.883791,0.015312,49.853674,32.2193707508829,3.868677,0.0,S2B_MSIL2A_20200220T031749_N0214_R118_T48PWS_20200220T072401,1582183441000,Long An,2020-02-20 07:24:01,0.033728866957612486
7.883791,0.015312,49.853674,32.2193707508829,3.868677,0.0,S2B_MSIL2A_20200220T031749_N0214_R118_T48PWS_20200220T072401,1582183441000,Tien Giang,2020-02-20 07:24:01,0.12505018845510815
9.108928,7.6e-05,16.919927,32.8934731020648,40.994921,0.004469,S2B_MSIL2A_20200220T031749_N0214_R118_T48PVS_20200220T072401,1582183441000,An Giang,2020-02-20 07:24:01,0.08559239761807502
9.108928,7.6e-05,16.919927,32.8934731020648,40.994921,0.004469,S2B_MSIL2A_20200220T031749_N0214_R118_T48PVS_20200220T072401,1582183441000,Kien Giang,2020-02-20 07:24:01,0.004972574804643384
4.04574,6.3e-05,27.509651,33.5758747714689,60.864151,2.5e-05,S2B_MSIL2A_20200220T031749_N0214_R118_T48PUS_20200220T072401,1582183441000,Kien Giang,2020-02-20 07:24:01,0.004972574804643384
0.934469,0.307303,27.496472,30.9107583476007,44.801733,0.001494,S2B_MSIL2A_20200220T031749_N0214_R118_T48PXR_20200220T072401,1582183441000,Soc Trang,2020-02-20 07:24:01,0.0
0.934469,0.307303,27.496472,30.9107583476007,44.801733,0.001494,S2B_MSIL2A_20200220T031749_N0214_R118_T48PXR_20200220T072401,1582183441000,Tra Vinh,2020-02-20 07:24:01,0.0045430207869582495
0.934469,0.307303,27.496472,30.9107583476007,44.801733,0.001494,S2B_MSIL2A_20200220T031749_N0214_R118_T48PXR_20200220T072401,1582183441000,Vinh Long,2020-02-20 07:24:01,0.0
0.934469,0.307303,27.496472,30.9107583476007,44.801733,0.001494,S2B_MSIL2A_20200220T031749_N0214_R118_T48PXR_20200220T072401,1582183441000,Ben Tre,2020-02-20 07:24:01,0.05376502158886421
2.138188,0.061407,36.297268,31.5857539934131,19.032598,0.001569,S2B_MSIL2A_20200220T031749_N0214_R118_T48PWR_20200220T072401,1582183441000,Soc Trang,2020-02-20 07:24:01,0.0
2.138188,0.061407,36.297268,31.5857539934131,19.032598,0.001569,S2B_MSIL2A_20200220T031749_N0214_R118_T48PWR_20200220T072401,1582183441000,Tra Vinh,2020-02-20 07:24:01,0.0045430207869582495
2.138188,0.061407,36.297268,31.5857539934131,19.032598,0.001569,S2B_MSIL2A_20200220T031749_N0214_R118_T48PWR_20200220T072401,1582183441000,Vinh Long,2020-02-20 07:24:01,0.0
2.138188,0.061407,36.297268,31.5857539934131,19.032598,0.001569,S2B_MSIL2A_20200220T031749_N0214_R118_T48PWR_20200220T072401,1582183441000,Bac Lieu,2020-02-20 07:24:01,0.0
2.138188,0.061407,36.297268,31.5857539934131,19.032598,0.001569,S2B_MSIL2A_20200220T031749_N0214_R118_T48PWR_20200220T072401,1582183441000,Ca Mau,2020-02-20 07:24:01,0.0
2.138188,0.061407,36.297268,31.5857539934131,19.032598,0.001569,S2B_MSIL2A_20200220T031749_N0214_R118_T48PWR_20200220T072401,1582183441000,Can Tho city,2020-02-20 07:24:01,0.0
2.138188,0.061407,36.297268,31.5857539934131,19.032598,0.001569,S2B_MSIL2A_20200220T031749_N0214_R118_T48PWR_20200220T072401,1582183441000,Hau Giang,2020-02-20 07:24:01,0.0
2.138188,0.061407,36.297268,31.5857539934131,19.032598,0.001569,S2B_MSIL2A_20200220T031749_N0214_R118_T48PWR_20200220T072401,1582183441000,Kien Giang,2020-02-20 07:24:01,0.004972574804643384
9.009688,0.0,6.40104,32.2700486339873,69.032145,0.0,S2B_MSIL2A_20200220T031749_N0214_R118_T48PVR_20200220T072401,1582183441000,Ca Mau,2020-02-20 07:24:01,0.0
9.009688,0.0,6.40104,32.2700486339873,69.032145,0.0,S2B_MSIL2A_20200220T031749_N0214_R118_T48PVR_20200220T072401,1582183441000,Kien Giang,2020-02-20 07:24:01,0.004972574804643384
14.750542,0.0,0.031736,32.9624707668323,85.20354,0.0,S2B_MSIL2A_20200220T031749_N0214_R118_T48PUR_20200220T072401,1582183441000,Kien Giang,2020-02-20 07:24:01,0.004972574804643384
0.056921,0.0,2.506803,30.9635037215633,90.046817,0.016005,S2B_MSIL2A_20200220T031749_N0214_R118_T48PWQ_20200220T072401,1582183441000,Bac Lieu,2020-02-20 07:24:01,0.0
0.056921,0.0,2.506803,30.9635037215633,90.046817,0.016005,S2B_MSIL2A_20200220T031749_N0214_R118_T48PWQ_20200220T072401,1582183441000,Ca Mau,2020-02-20 07:24:01,0.0
0.033258,0.0,3.587082,31.6582213262243,87.422913,0.000873,S2B_MSIL2A_20200220T031749_N0214_R118_T48PVQ_20200220T072401,1582183441000,Ca Mau,2020-02-20 07:24:01,0.0
0.556869,8.9e-05,38.769782,32.9232352464919,28.641963,0.092455,S2A_MSIL2A_20200222T030731_N0214_R075_T48PXS_20200222T071130,1582355490000,Tra Vinh,2020-02-22 07:11:30,0.0045430207869582495
0.556869,8.9e-05,38.769782,32.9232352464919,28.641963,0.092455,S2A_MSIL2A_20200222T030731_N0214_R075_T48PXS_20200222T071130,1582355490000,Ben Tre,2020-02-22 07:11:30,0.05376502158886421
0.556869,8.9e-05,38.769782,32.9232352464919,28.641963,0.092455,S2A_MSIL2A_20200222T030731_N0214_R075_T48PXS_20200222T071130,1582355490000,Long An,2020-02-22 07:11:30,0.033728866957612486
0.556869,8.9e-05,38.769782,32.9232352464919,28.641963,0.092455,S2A_MSIL2A_20200222T030731_N0214_R075_T48PXS_20200222T071130,1582355490000,Tien Giang,2020-02-22 07:11:30,0.12505018845510815
0.134644,0.106919,5.972344,32.3244119469677,84.062421,0.015889,S2A_MSIL2A_20200222T030731_N0214_R075_T48PXR_20200222T071130,1582355490000,Soc Trang,2020-02-22 07:11:30,0.0
0.134644,0.106919,5.972344,32.3244119469677,84.062421,0.015889,S2A_MSIL2A_20200222T030731_N0214_R075_T48PXR_20200222T071130,1582355490000,Tra Vinh,2020-02-22 07:11:30,0.0045430207869582495
0.134644,0.106919,5.972344,32.3244119469677,84.062421,0.015889,S2A_MSIL2A_20200222T030731_N0214_R075_T48PXR_20200222T071130,1582355490000,Vinh Long,2020-02-22 07:11:30,0.0
0.134644,0.106919,5.972344,32.3244119469677,84.062421,0.015889,S2A_MSIL2A_20200222T030731_N0214_R075_T48PXR_20200222T071130,1582355490000,Ben Tre,2020-02-22 07:11:30,0.05376502158886421
2.55868,0.108177,17.898303,30.9346260444102,73.256588,0.003315,S2B_MSIL2A_20200223T032739_N0214_R018_T48PUS_20200223T073756,1582443476000,Kien Giang,2020-02-23 07:37:56,0.046593675100312204
0.003209,0.0,0.2618,30.3049375236547,99.722195,0.0,S2B_MSIL2A_20200223T032739_N0214_R018_T48PUR_20200223T073756,1582443476000,Kien Giang,2020-02-23 07:37:56,0.046593675100312204
0.000492,0.0,0.062304,30.9346260444102,99.93434,0.0,S2B_MSIL2A_20200223T032739_N0214_R018_T48PUS_20200223T084300,1582447380000,Kien Giang,2020-02-23 08:43:00,0.046593675100312204
0.002985,0.0,0.157939,30.3049375236547,99.828684,0.0,S2B_MSIL2A_20200223T032739_N0214_R018_T48PUR_20200223T084300,1582447380000,Kien Giang,2020-02-23 08:43:00,0.046593675100312204
0.192591,0.000369,63.5593,30.8758901907824,1.675024,0.0,S2A_MSIL2A_20200225T031711_N0214_R118_T48PXT_20200225T072321,1582615401000,Dong Thap,2020-02-25 07:23:21,0.0
0.192591,0.000369,63.5593,30.8758901907824,1.675024,0.0,S2A_MSIL2A_20200225T031711_N0214_R118_T48PXT_20200225T072321,1582615401000,Long An,2020-02-25 07:23:21,0.0
0.135739,0.000299,27.956602,31.554908515244,2.003866,0.0,S2A_MSIL2A_20200225T031711_N0214_R118_T48PWT_20200225T072321,1582615401000,An Giang,2020-02-25 07:23:21,0.0
0.135739,0.000299,27.956602,31.554908515244,2.003866,0.0,S2A_MSIL2A_20200225T031711_N0214_R118_T48PWT_20200225T072321,1582615401000,Dong Thap,2020-02-25 07:23:21,0.0
0.135739,0.000299,27.956602,31.554908515244,2.003866,0.0,S2A_MSIL2A_20200225T031711_N0214_R118_T48PWT_20200225T072321,1582615401000,Long An,2020-02-25 07:23:21,0.0
0.697617,0.000535,20.247723,32.243084321665,1.300449,0.0,S2A_MSIL2A_20200225T031711_N0214_R118_T48PVT_20200225T072321,1582615401000,An Giang,2020-02-25 07:23:21,0.0
1.230109,9e-06,58.331901,30.2479534378207,4.343494,0.0,S2A_MSIL2A_20200225T031711_N0214_R118_T48PXS_20200225T072321,1582615401000,Soc Trang,2020-02-25 07:23:21,0.021567709347959818
1.230109,9e-06,58.331901,30.2479534378207,4.343494,0.0,S2A_MSIL2A_20200225T031711_N0214_R118_T48PXS_20200225T072321,1582615401000,Tra Vinh,2020-02-25 07:23:21,0.0045430207869582495
1.230109,9e-06,58.331901,30.2479534378207,4.343494,0.0,S2A_MSIL2A_20200225T031711_N0214_R118_T48PXS_20200225T072321,1582615401000,Vinh Long,2020-02-25 07:23:21,0.0
1.230109,9e-06,58.331901,30.2479534378207,4.343494,0.0,S2A_MSIL2A_20200225T031711_N0214_R118_T48PXS_20200225T072321,1582615401000,Ben Tre,2020-02-25 07:23:21,0.050117503057084616
1.230109,9e-06,58.331901,30.2479534378207,4.343494,0.0,S2A_MSIL2A_20200225T031711_N0214_R118_T48PXS_20200225T072321,1582615401000,Dong Thap,2020-02-25 07:23:21,0.0
1.230109,9e-06,58.331901,30.2479534378207,4.343494,0.0,S2A_MSIL2A_20200225T031711_N0214_R118_T48PXS_20200225T072321,1582615401000,Long An,2020-02-25 07:23:21,0.0
1.230109,9e-06,58.331901,30.2479534378207,4.343494,0.0,S2A_MSIL2A_20200225T031711_N0214_R118_T48PXS_20200225T072321,1582615401000,Tien Giang,2020-02-25 07:23:21,0.019629334156094733
0.60605,0.000133,52.931362,30.9375419959649,3.968541,0.0,S2A_MSIL2A_20200225T031711_N0214_R118_T48PWS_20200225T072321,1582615401000,Soc Trang,2020-02-25 07:23:21,0.021567709347959818
0.60605,0.000133,52.931362,30.9375419959649,3.968541,0.0,S2A_MSIL2A_20200225T031711_N0214_R118_T48PWS_20200225T072321,1582615401000,Tra Vinh,2020-02-25 07:23:21,0.0045430207869582495
0.60605,0.000133,52.931362,30.9375419959649,3.968541,0.0,S2A_MSIL2A_20200225T031711_N0214_R118_T48PWS_20200225T072321,1582615401000,Vinh Long,2020-02-25 07:23:21,0.0
0.60605,0.000133,52.931362,30.9375419959649,3.968541,0.0,S2A_MSIL2A_20200225T031711_N0214_R118_T48PWS_20200225T072321,1582615401000,Can Tho city,2020-02-25 07:23:21,0.0
0.60605,0.000133,52.931362,30.9375419959649,3.968541,0.0,S2A_MSIL2A_20200225T031711_N0214_R118_T48PWS_20200225T072321,1582615401000,Hau Giang,2020-02-25 07:23:21,0.0015325615093291
0.60605,0.000133,52.931362,30.9375419959649,3.968541,0.0,S2A_MSIL2A_20200225T031711_N0214_R118_T48PWS_20200225T072321,1582615401000,An Giang,2020-02-25 07:23:21,0.0
0.60605,0.000133,52.931362,30.9375419959649,3.968541,0.0,S2A_MSIL2A_20200225T031711_N0214_R118_T48PWS_20200225T072321,1582615401000,Dong Thap,2020-02-25 07:23:21,0.0
0.60605,0.000133,52.931362,30.9375419959649,3.968541,0.0,S2A_MSIL2A_20200225T031711_N0214_R118_T48PWS_20200225T072321,1582615401000,Kien Giang,2020-02-25 07:23:21,0.04162110029566882
0.60605,0.000133,52.931362,30.9375419959649,3.968541,0.0,S2A_MSIL2A_20200225T031711_N0214_R118_T48PWS_20200225T072321,1582615401000,Long An,2020-02-25 07:23:21,0.0
0.60605,0.000133,52.931362,30.9375419959649,3.968541,0.0,S2A_MSIL2A_20200225T031711_N0214_R118_T48PWS_20200225T072321,1582615401000,Tien Giang,2020-02-25 07:23:21,0.019629334156094733
0.737015,3e-06,22.106928,31.6360946330188,43.299249,0.007117,S2A_MSIL2A_20200225T031711_N0214_R118_T48PVS_20200225T072321,1582615401000,An Giang,2020-02-25 07:23:21,0.0
0.737015,3e-06,22.106928,31.6360946330188,43.299249,0.007117,S2A_MSIL2A_20200225T031711_N0214_R118_T48PVS_20200225T072321,1582615401000,Kien Giang,2020-02-25 07:23:21,0.04162110029566882
5.457699,0.0,27.76767,32.342427507818,59.745413,0.001327,S2A_MSIL2A_20200225T031711_N0214_R118_T48PUS_20200225T072321,1582615401000,Kien Giang,2020-02-25 07:23:21,0.04162110029566882
6.87428,0.0,26.513964,29.6328005934057,39.140239,0.001029,S2A_MSIL2A_20200225T031711_N0214_R118_T48PXR_20200225T072321,1582615401000,Soc Trang,2020-02-25 07:23:21,0.021567709347959818
6.87428,0.0,26.513964,29.6328005934057,39.140239,0.001029,S2A_MSIL2A_20200225T031711_N0214_R118_T48PXR_20200225T072321,1582615401000,Tra Vinh,2020-02-25 07:23:21,0.0045430207869582495
6.87428,0.0,26.513964,29.6328005934057,39.140239,0.001029,S2A_MSIL2A_20200225T031711_N0214_R118_T48PXR_20200225T072321,1582615401000,Vinh Long,2020-02-25 07:23:21,0.0
6.87428,0.0,26.513964,29.6328005934057,39.140239,0.001029,S2A_MSIL2A_20200225T031711_N0214_R118_T48PXR_20200225T072321,1582615401000,Ben Tre,2020-02-25 07:23:21,0.050117503057084616
5.569824,5.3e-05,34.023115,30.333182467692,16.871777,0.007505,S2A_MSIL2A_20200225T031711_N0214_R118_T48PWR_20200225T072321,1582615401000,Soc Trang,2020-02-25 07:23:21,0.021567709347959818
5.569824,5.3e-05,34.023115,30.333182467692,16.871777,0.007505,S2A_MSIL2A_20200225T031711_N0214_R118_T48PWR_20200225T072321,1582615401000,Tra Vinh,2020-02-25 07:23:21,0.0045430207869582495
5.569824,5.3e-05,34.023115,30.333182467692,16.871777,0.007505,S2A_MSIL2A_20200225T031711_N0214_R118_T48PWR_20200225T072321,1582615401000,Vinh Long,2020-02-25 07:23:21,0.0
5.569824,5.3e-05,34.023115,30.333182467692,16.871777,0.007505,S2A_MSIL2A_20200225T031711_N0214_R118_T48PWR_20200225T072321,1582615401000,Bac Lieu,2020-02-25 07:23:21,0.0016848640576848331
5.569824,5.3e-05,34.023115,30.333182467692,16.871777,0.007505,S2A_MSIL2A_20200225T031711_N0214_R118_T48PWR_20200225T072321,1582615401000,Ca Mau,2020-02-25 07:23:21,0.00052110528733305
5.569824,5.3e-05,34.023115,30.333182467692,16.871777,0.007505,S2A_MSIL2A_20200225T031711_N0214_R118_T48PWR_20200225T072321,1582615401000,Can Tho city,2020-02-25 07:23:21,0.0
5.569824,5.3e-05,34.023115,30.333182467692,16.871777,0.007505,S2A_MSIL2A_20200225T031711_N0214_R118_T48PWR_20200225T072321,1582615401000,Hau Giang,2020-02-25 07:23:21,0.0015325615093291
5.569824,5.3e-05,34.023115,30.333182467692,16.871777,0.007505,S2A_MSIL2A_20200225T031711_N0214_R118_T48PWR_20200225T072321,1582615401000,Kien Giang,2020-02-25 07:23:21,0.04162110029566882
7.416435,0.0,5.262006,31.0423091812355,72.045517,0.0,S2A_MSIL2A_20200225T031711_N0214_R118_T48PVR_20200225T072321,1582615401000,Ca Mau,2020-02-25 07:23:21,0.00052110528733305
7.416435,0.0,5.262006,31.0423091812355,72.045517,0.0,S2A_MSIL2A_20200225T031711_N0214_R118_T48PVR_20200225T072321,1582615401000,Kien Giang,2020-02-25 07:23:21,0.04162110029566882
16.472489,0.0,0.030812,31.758981575686,83.47882,0.0,S2A_MSIL2A_20200225T031711_N0214_R118_T48PUR_20200225T072321,1582615401000,Kien Giang,2020-02-25 07:23:21,0.04162110029566882
18.420327,0.0,1.151698,29.7419653277004,75.050688,0.016619,S2A_MSIL2A_20200225T031711_N0214_R118_T48PWQ_20200225T072321,1582615401000,Bac Lieu,2020-02-25 07:23:21,0.0016848640576848331
18.420327,0.0,1.151698,29.7419653277004,75.050688,0.016619,S2A_MSIL2A_20200225T031711_N0214_R118_T48PWQ_20200225T072321,1582615401000,Ca Mau,2020-02-25 07:23:21,0.00052110528733305
12.43811,0.000196,1.414707,30.4618268221092,80.8819,0.018653,S2A_MSIL2A_20200225T031711_N0214_R118_T48PVQ_20200225T072321,1582615401000,Ca Mau,2020-02-25 07:23:21,0.00052110528733305
6.298057,5.815538,36.591065,31.6549882282701,22.494696,0.0844,S2B_MSIL2A_20200227T030659_N0214_R075_T48PXS_20200227T071451,1582787691000,Tra Vinh,2020-02-27 07:14:51,0.0
6.298057,5.815538,36.591065,31.6549882282701,22.494696,0.0844,S2B_MSIL2A_20200227T030659_N0214_R075_T48PXS_20200227T071451,1582787691000,Ben Tre,2020-02-27 07:14:51,0.0
6.298057,5.815538,36.591065,31.6549882282701,22.494696,0.0844,S2B_MSIL2A_20200227T030659_N0214_R075_T48PXS_20200227T071451,1582787691000,Long An,2020-02-27 07:14:51,0.0
6.298057,5.815538,36.591065,31.6549882282701,22.494696,0.0844,S2B_MSIL2A_20200227T030659_N0214_R075_T48PXS_20200227T071451,1582787691000,Tien Giang,2020-02-27 07:14:51,0.0
14.906554,14.7983,5.674088,31.087397387115,69.105393,0.00371,S2B_MSIL2A_20200227T030659_N0214_R075_T48PXR_20200227T071451,1582787691000,Soc Trang,2020-02-27 07:14:51,0.045366685890063686
14.906554,14.7983,5.674088,31.087397387115,69.105393,0.00371,S2B_MSIL2A_20200227T030659_N0214_R075_T48PXR_20200227T071451,1582787691000,Tra Vinh,2020-02-27 07:14:51,0.0
14.906554,14.7983,5.674088,31.087397387115,69.105393,0.00371,S2B_MSIL2A_20200227T030659_N0214_R075_T48PXR_20200227T071451,1582787691000,Vinh Long,2020-02-27 07:14:51,0.0
14.906554,14.7983,5.674088,31.087397387115,69.105393,0.00371,S2B_MSIL2A_20200227T030659_N0214_R075_T48PXR_20200227T071451,1582787691000,Ben Tre,2020-02-27 07:14:51,0.0
32.950001,8.775438,0.107553,29.0121122977462,66.899633,0.0,S2A_MSIL2A_20200228T032701_N0214_R018_T48PUR_20200228T074137,1582875697000,Kien Giang,2020-02-28 07:41:37,0.007050210255338283
44.595187,44.036478,36.643577,29.4913008780129,0.913993,0.0,S2B_MSIL2A_20200301T031639_N0214_R118_T48PXT_20200301T072900,1583047740000,Dong Thap,2020-03-01 07:29:00,0.0
44.595187,44.036478,36.643577,29.4913008780129,0.913993,0.0,S2B_MSIL2A_20200301T031639_N0214_R118_T48PXT_20200301T072900,1583047740000,Long An,2020-03-01 07:29:00,0.0
47.347885,38.398376,0.004921,30.5126297500818,52.646083,0.0,S2B_MSIL2A_20200301T031639_N0214_R118_T48PUR_20200301T072900,1583047740000,Kien Giang,2020-03-01 07:29:00,0.007050210255338283
38.83778,3.746312,14.895198,30.3757182654032,17.630596,0.062092,S2A_MSIL2A_20200303T030621_N0214_R075_T48PXS_20200303T074317,1583221397000,Tra Vinh,2020-03-03 07:43:17,0.3609073636442257
38.83778,3.746312,14.895198,30.3757182654032,17.630596,0.062092,S2A_MSIL2A_20200303T030621_N0214_R075_T48PXS_20200303T074317,1583221397000,Ben Tre,2020-03-03 07:43:17,0.06482483252304198
38.83778,3.746312,14.895198,30.3757182654032,17.630596,0.062092,S2A_MSIL2A_20200303T030621_N0214_R075_T48PXS_20200303T074317,1583221397000,Long An,2020-03-03 07:43:17,0.012395214035779499
38.83778,3.746312,14.895198,30.3757182654032,17.630596,0.062092,S2A_MSIL2A_20200303T030621_N0214_R075_T48PXS_20200303T074317,1583221397000,Tien Giang,2020-03-03 07:43:17,0.21361700215222082
29.672477,9.431809,1.992477,29.8434464310344,61.283594,0.00769,S2A_MSIL2A_20200303T030621_N0214_R075_T48PXR_20200303T074317,1583221397000,Soc Trang,2020-03-03 07:43:17,0.7247530591323406
29.672477,9.431809,1.992477,29.8434464310344,61.283594,0.00769,S2A_MSIL2A_20200303T030621_N0214_R075_T48PXR_20200303T074317,1583221397000,Tra Vinh,2020-03-03 07:43:17,0.3609073636442257
29.672477,9.431809,1.992477,29.8434464310344,61.283594,0.00769,S2A_MSIL2A_20200303T030621_N0214_R075_T48PXR_20200303T074317,1583221397000,Vinh Long,2020-03-03 07:43:17,0.2320185183310189
29.672477,9.431809,1.992477,29.8434464310344,61.283594,0.00769,S2A_MSIL2A_20200303T030621_N0214_R075_T48PXR_20200303T074317,1583221397000,Ben Tre,2020-03-03 07:43:17,0.06482483252304198
32.201574,11.570609,5.226629,28.2530818422296,56.370115,0.056969,S2B_MSIL2A_20200304T032629_N0214_R018_T48PUS_20200304T091934,1583313574000,Kien Giang,2020-03-04 09:19:34,0.7411563465098091
17.675525,7.305329,0.134389,27.6894129487411,82.153004,0.0,S2B_MSIL2A_20200304T032629_N0214_R018_T48PUR_20200304T091934,1583313574000,Kien Giang,2020-03-04 09:19:34,0.7411563465098091
43.376747,0.551358,8.524229,28.2817623379242,1.571704,0.0,S2A_MSIL2A_20200306T031601_N0214_R118_T48PWS_20200306T074852,1583480932000,Soc Trang,2020-03-06 07:48:52,0.7163953260357924
43.376747,0.551358,8.524229,28.2817623379242,1.571704,0.0,S2A_MSIL2A_20200306T031601_N0214_R118_T48PWS_20200306T074852,1583480932000,Tra Vinh,2020-03-06 07:48:52,0.3609073636442257
43.376747,0.551358,8.524229,28.2817623379242,1.571704,0.0,S2A_MSIL2A_20200306T031601_N0214_R118_T48PWS_20200306T074852,1583480932000,Vinh Long,2020-03-06 07:48:52,0.2320185183310189
43.376747,0.551358,8.524229,28.2817623379242,1.571704,0.0,S2A_MSIL2A_20200306T031601_N0214_R118_T48PWS_20200306T074852,1583480932000,Can Tho city,2020-03-06 07:48:52,0.6708779197464366
43.376747,0.551358,8.524229,28.2817623379242,1.571704,0.0,S2A_MSIL2A_20200306T031601_N0214_R118_T48PWS_20200306T074852,1583480932000,Hau Giang,2020-03-06 07:48:52,0.966017618624834
43.376747,0.551358,8.524229,28.2817623379242,1.571704,0.0,S2A_MSIL2A_20200306T031601_N0214_R118_T48PWS_20200306T074852,1583480932000,An Giang,2020-03-06 07:48:52,0.881797486333059
43.376747,0.551358,8.524229,28.2817623379242,1.571704,0.0,S2A_MSIL2A_20200306T031601_N0214_R118_T48PWS_20200306T074852,1583480932000,Dong Thap,2020-03-06 07:48:52,0.2870772117694616
43.376747,0.551358,8.524229,28.2817623379242,1.571704,0.0,S2A_MSIL2A_20200306T031601_N0214_R118_T48PWS_20200306T074852,1583480932000,Kien Giang,2020-03-06 07:48:52,0.9818809080221476
43.376747,0.551358,8.524229,28.2817623379242,1.571704,0.0,S2A_MSIL2A_20200306T031601_N0214_R118_T48PWS_20200306T074852,1583480932000,Long An,2020-03-06 07:48:52,0.012395214035779499
43.376747,0.551358,8.524229,28.2817623379242,1.571704,0.0,S2A_MSIL2A_20200306T031601_N0214_R118_T48PWS_20200306T074852,1583480932000,Tien Giang,2020-03-06 07:48:52,0.21361700215222082
30.282226,16.859925,10.297325,29.0304070859736,30.035225,0.0,S2A_MSIL2A_20200306T031601_N0214_R118_T48PVS_20200306T074852,1583480932000,An Giang,2020-03-06 07:48:52,0.881797486333059
30.282226,16.859925,10.297325,29.0304070859736,30.035225,0.0,S2A_MSIL2A_20200306T031601_N0214_R118_T48PVS_20200306T074852,1583480932000,Kien Giang,2020-03-06 07:48:52,0.9818809080221476
39.828395,6.485672,14.460137,27.7477221270082,6.932734,0.01567,S2A_MSIL2A_20200306T031601_N0214_R118_T48PWR_20200306T074852,1583480932000,Soc Trang,2020-03-06 07:48:52,0.7163953260357924
39.828395,6.485672,14.460137,27.7477221270082,6.932734,0.01567,S2A_MSIL2A_20200306T031601_N0214_R118_T48PWR_20200306T074852,1583480932000,Tra Vinh,2020-03-06 07:48:52,0.3609073636442257
39.828395,6.485672,14.460137,27.7477221270082,6.932734,0.01567,S2A_MSIL2A_20200306T031601_N0214_R118_T48PWR_20200306T074852,1583480932000,Vinh Long,2020-03-06 07:48:52,0.2320185183310189
39.828395,6.485672,14.460137,27.7477221270082,6.932734,0.01567,S2A_MSIL2A_20200306T031601_N0214_R118_T48PWR_20200306T074852,1583480932000,Bac Lieu,2020-03-06 07:48:52,0.4943879101846204
39.828395,6.485672,14.460137,27.7477221270082,6.932734,0.01567,S2A_MSIL2A_20200306T031601_N0214_R118_T48PWR_20200306T074852,1583480932000,Ca Mau,2020-03-06 07:48:52,1.567062149031546
39.828395,6.485672,14.460137,27.7477221270082,6.932734,0.01567,S2A_MSIL2A_20200306T031601_N0214_R118_T48PWR_20200306T074852,1583480932000,Can Tho city,2020-03-06 07:48:52,0.6708779197464366
39.828395,6.485672,14.460137,27.7477221270082,6.932734,0.01567,S2A_MSIL2A_20200306T031601_N0214_R118_T48PWR_20200306T074852,1583480932000,Hau Giang,2020-03-06 07:48:52,0.966017618624834
39.828395,6.485672,14.460137,27.7477221270082,6.932734,0.01567,S2A_MSIL2A_20200306T031601_N0214_R118_T48PWR_20200306T074852,1583480932000,Kien Giang,2020-03-06 07:48:52,0.9818809080221476
30.651571,8.795761,3.119223,28.5073979588564,54.740506,0.0,S2A_MSIL2A_20200306T031601_N0214_R118_T48PVR_20200306T074852,1583480932000,Ca Mau,2020-03-06 07:48:52,1.567062149031546
30.651571,8.795761,3.119223,28.5073979588564,54.740506,0.0,S2A_MSIL2A_20200306T031601_N0214_R118_T48PVR_20200306T074852,1583480932000,Kien Giang,2020-03-06 07:48:52,0.9818809080221476
30.53639,18.202755,0.015003,29.2731033968186,69.436032,0.0,S2A_MSIL2A_20200306T031601_N0214_R118_T48PUR_20200306T074852,1583480932000,Kien Giang,2020-03-06 07:48:52,0.9818809080221476
48.411088,1.554072,7.462209,29.0817110966877,10.79685,0.05302,S2B_MSIL2A_20200308T030549_N0214_R075_T48PXS_20200308T071653,1583651813000,Tra Vinh,2020-03-08 07:16:53,0.3728591561432975
48.411088,1.554072,7.462209,29.0817110966877,10.79685,0.05302,S2B_MSIL2A_20200308T030549_N0214_R075_T48PXS_20200308T071653,1583651813000,Ben Tre,2020-03-08 07:16:53,0.47307421852005865
48.411088,1.554072,7.462209,29.0817110966877,10.79685,0.05302,S2B_MSIL2A_20200308T030549_N0214_R075_T48PXS_20200308T071653,1583651813000,Long An,2020-03-08 07:16:53,0.6566674249253879
48.411088,1.554072,7.462209,29.0817110966877,10.79685,0.05302,S2B_MSIL2A_20200308T030549_N0214_R075_T48PXS_20200308T071653,1583651813000,Tien Giang,2020-03-08 07:16:53,0.5632427903260475
16.339454,0.002739,9.156276,26.9112779138804,66.44907,0.100288,S2A_MSIL2A_20200309T032551_N0214_R018_T48PUS_20200309T073920,1583739560000,Kien Giang,2020-03-09 07:39:20,1.1955647641893585
12.627171,0.012621,0.082303,26.3876703438769,87.240815,0.0,S2A_MSIL2A_20200309T032551_N0214_R018_T48PUR_20200309T073920,1583739560000,Kien Giang,2020-03-09 07:39:20,1.1955647641893585
10.17065,0.002195,5.46764,28.2295392792926,0.640388,0.0,S2B_MSIL2A_20200311T031539_N0214_R118_T48PVT_20200311T091950,1583918390000,An Giang,2020-03-11 09:19:50,1.0672358958658903
34.08474,0.002299,2.578983,27.7293738601757,34.487662,0.490184,S2B_MSIL2A_20200311T031539_N0214_R118_T48PVS_20200311T091950,1583918390000,An Giang,2020-03-11 09:19:50,1.0672358958658903
34.08474,0.002299,2.578983,27.7293738601757,34.487662,0.490184,S2B_MSIL2A_20200311T031539_N0214_R118_T48PVS_20200311T091950,1583918390000,Kien Giang,2020-03-11 09:19:50,0.9799534825535567
6.633642,0.00107,19.772939,28.5087072558387,62.534225,0.002848,S2B_MSIL2A_20200311T031539_N0214_R118_T48PUS_20200311T091950,1583918390000,Kien Giang,2020-03-11 09:19:50,0.9799534825535567
47.35863,12.491402,0.049034,27.2485456776426,50.533235,0.0,S2B_MSIL2A_20200311T031539_N0214_R118_T48PVR_20200311T091950,1583918390000,Ca Mau,2020-03-11 09:19:50,2.1224020816399274
47.35863,12.491402,0.049034,27.2485456776426,50.533235,0.0,S2B_MSIL2A_20200311T031539_N0214_R118_T48PVR_20200311T091950,1583918390000,Kien Giang,2020-03-11 09:19:50,0.9799534825535567
6.485386,4.506015,0.041653,28.0384255858885,93.454492,0.0,S2B_MSIL2A_20200311T031539_N0214_R118_T48PUR_20200311T091950,1583918390000,Kien Giang,2020-03-11 09:19:50,0.9799534825535567
34.488302,12.174386,0.292381,25.991922978181,62.758702,0.018288,S2B_MSIL2A_20200311T031539_N0214_R118_T48PWQ_20200311T091950,1583918390000,Bac Lieu,2020-03-11 09:19:50,1.3163258434091727
34.488302,12.174386,0.292381,25.991922978181,62.758702,0.018288,S2B_MSIL2A_20200311T031539_N0214_R118_T48PWQ_20200311T091950,1583918390000,Ca Mau,2020-03-11 09:19:50,2.1224020816399274
20.372122,8.509288,0.594162,26.7875880567501,74.270386,0.000192,S2B_MSIL2A_20200311T031539_N0214_R118_T48PVQ_20200311T091950,1583918390000,Ca Mau,2020-03-11 09:19:50,2.1224020816399274
36.980602,4.980105,12.679024,27.8252146295573,16.574909,0.061708,S2A_MSIL2A_20200313T030541_N0214_R075_T48PXS_20200313T073609,1584084969000,Tra Vinh,2020-03-13 07:36:09,0.3728591561432975
36.980602,4.980105,12.679024,27.8252146295573,16.574909,0.061708,S2A_MSIL2A_20200313T030541_N0214_R075_T48PXS_20200313T073609,1584084969000,Ben Tre,2020-03-13 07:36:09,0.4336854393914162
36.980602,4.980105,12.679024,27.8252146295573,16.574909,0.061708,S2A_MSIL2A_20200313T030541_N0214_R075_T48PXS_20200313T073609,1584084969000,Long An,2020-03-13 07:36:09,0.6566674249253879
36.980602,4.980105,12.679024,27.8252146295573,16.574909,0.061708,S2A_MSIL2A_20200313T030541_N0214_R075_T48PXS_20200313T073609,1584084969000,Tien Giang,2020-03-13 07:36:09,0.5632427903260475
23.804601,5.816295,1.770129,27.3768942735997,66.796684,0.001387,S2A_MSIL2A_20200313T030541_N0214_R075_T48PXR_20200313T073609,1584084969000,Soc Trang,2020-03-13 07:36:09,0.5042157379623314
23.804601,5.816295,1.770129,27.3768942735997,66.796684,0.001387,S2A_MSIL2A_20200313T030541_N0214_R075_T48PXR_20200313T073609,1584084969000,Tra Vinh,2020-03-13 07:36:09,0.3728591561432975
23.804601,5.816295,1.770129,27.3768942735997,66.796684,0.001387,S2A_MSIL2A_20200313T030541_N0214_R075_T48PXR_20200313T073609,1584084969000,Vinh Long,2020-03-13 07:36:09,0.28266662186698566
23.804601,5.816295,1.770129,27.3768942735997,66.796684,0.001387,S2A_MSIL2A_20200313T030541_N0214_R075_T48PXR_20200313T073609,1584084969000,Ben Tre,2020-03-13 07:36:09,0.4336854393914162
24.057453,0.658996,5.730199,25.5872572458639,62.35829,0.00357,S2B_MSIL2A_20200314T032539_N0214_R018_T48PUS_20200314T084604,1584175564000,Kien Giang,2020-03-14 08:46:04,0.38837495567956726
11.839952,4.9345,0.121699,25.1091609183936,87.995023,0.0,S2B_MSIL2A_20200314T032539_N0214_R018_T48PUR_20200314T084604,1584175564000,Kien Giang,2020-03-14 08:46:04,0.38837495567956726
3.304056,0.961661,51.793194,25.3679491570564,1.215833,0.0,S2A_MSIL2A_20200316T031541_N0214_R118_T48PXT_20200316T072923,1584343763000,Dong Thap,2020-03-16 07:29:23,0.08193138056024644
3.304056,0.961661,51.793194,25.3679491570564,1.215833,0.0,S2A_MSIL2A_20200316T031541_N0214_R118_T48PXT_20200316T072923,1584343763000,Long An,2020-03-16 07:29:23,0.0
4.707234,3.240497,18.400529,26.1495600674285,1.384518,0.0,S2A_MSIL2A_20200316T031541_N0214_R118_T48PWT_20200316T072923,1584343763000,An Giang,2020-03-16 07:29:23,0.002646589500730517
4.707234,3.240497,18.400529,26.1495600674285,1.384518,0.0,S2A_MSIL2A_20200316T031541_N0214_R118_T48PWT_20200316T072923,1584343763000,Dong Thap,2020-03-16 07:29:23,0.08193138056024644
4.707234,3.240497,18.400529,26.1495600674285,1.384518,0.0,S2A_MSIL2A_20200316T031541_N0214_R118_T48PWT_20200316T072923,1584343763000,Long An,2020-03-16 07:29:23,0.0
38.939988,10.765024,5.14063,26.9373661091061,1.01708,0.0,S2A_MSIL2A_20200316T031541_N0214_R118_T48PVT_20200316T072923,1584343763000,An Giang,2020-03-16 07:29:23,0.002646589500730517
5.84707,1.440541,45.218283,24.8907370813814,2.420612,0.0,S2A_MSIL2A_20200316T031541_N0214_R118_T48PXS_20200316T072923,1584343763000,Soc Trang,2020-03-16 07:29:23,0.012471904259535283
5.84707,1.440541,45.218283,24.8907370813814,2.420612,0.0,S2A_MSIL2A_20200316T031541_N0214_R118_T48PXS_20200316T072923,1584343763000,Tra Vinh,2020-03-16 07:29:23,0.0
5.84707,1.440541,45.218283,24.8907370813814,2.420612,0.0,S2A_MSIL2A_20200316T031541_N0214_R118_T48PXS_20200316T072923,1584343763000,Vinh Long,2020-03-16 07:29:23,0.0
5.84707,1.440541,45.218283,24.8907370813814,2.420612,0.0,S2A_MSIL2A_20200316T031541_N0214_R118_T48PXS_20200316T072923,1584343763000,Ben Tre,2020-03-16 07:29:23,0.0
5.84707,1.440541,45.218283,24.8907370813814,2.420612,0.0,S2A_MSIL2A_20200316T031541_N0214_R118_T48PXS_20200316T072923,1584343763000,Dong Thap,2020-03-16 07:29:23,0.08193138056024644
5.84707,1.440541,45.218283,24.8907370813814,2.420612,0.0,S2A_MSIL2A_20200316T031541_N0214_R118_T48PXS_20200316T072923,1584343763000,Long An,2020-03-16 07:29:23,0.0
5.84707,1.440541,45.218283,24.8907370813814,2.420612,0.0,S2A_MSIL2A_20200316T031541_N0214_R118_T48PXS_20200316T072923,1584343763000,Tien Giang,2020-03-16 07:29:23,0.0
28.167365,20.636952,31.435892,25.6837497155705,1.573764,0.0,S2A_MSIL2A_20200316T031541_N0214_R118_T48PWS_20200316T072923,1584343763000,Soc Trang,2020-03-16 07:29:23,0.012471904259535283
28.167365,20.636952,31.435892,25.6837497155705,1.573764,0.0,S2A_MSIL2A_20200316T031541_N0214_R118_T48PWS_20200316T072923,1584343763000,Tra Vinh,2020-03-16 07:29:23,0.0
28.167365,20.636952,31.435892,25.6837497155705,1.573764,0.0,S2A_MSIL2A_20200316T031541_N0214_R118_T48PWS_20200316T072923,1584343763000,Vinh Long,2020-03-16 07:29:23,0.0
28.167365,20.636952,31.435892,25.6837497155705,1.573764,0.0,S2A_MSIL2A_20200316T031541_N0214_R118_T48PWS_20200316T072923,1584343763000,Can Tho city,2020-03-16 07:29:23,0.0
28.167365,20.636952,31.435892,25.6837497155705,1.573764,0.0,S2A_MSIL2A_20200316T031541_N0214_R118_T48PWS_20200316T072923,1584343763000,Hau Giang,2020-03-16 07:29:23,0.0825515713739151
28.167365,20.636952,31.435892,25.6837497155705,1.573764,0.0,S2A_MSIL2A_20200316T031541_N0214_R118_T48PWS_20200316T072923,1584343763000,An Giang,2020-03-16 07:29:23,0.002646589500730517
28.167365,20.636952,31.435892,25.6837497155705,1.573764,0.0,S2A_MSIL2A_20200316T031541_N0214_R118_T48PWS_20200316T072923,1584343763000,Dong Thap,2020-03-16 07:29:23,0.08193138056024644
28.167365,20.636952,31.435892,25.6837497155705,1.573764,0.0,S2A_MSIL2A_20200316T031541_N0214_R118_T48PWS_20200316T072923,1584343763000,Kien Giang,2020-03-16 07:29:23,0.40368505448648123
28.167365,20.636952,31.435892,25.6837497155705,1.573764,0.0,S2A_MSIL2A_20200316T031541_N0214_R118_T48PWS_20200316T072923,1584343763000,Long An,2020-03-16 07:29:23,0.0
28.167365,20.636952,31.435892,25.6837497155705,1.573764,0.0,S2A_MSIL2A_20200316T031541_N0214_R118_T48PWS_20200316T072923,1584343763000,Tien Giang,2020-03-16 07:29:23,0.0
29.920006,7.118803,16.286829,24.4359090528949,26.117483,0.0,S2A_MSIL2A_20200316T031541_N0214_R118_T48PXR_20200316T072923,1584343763000,Soc Trang,2020-03-16 07:29:23,0.012471904259535283
29.920006,7.118803,16.286829,24.4359090528949,26.117483,0.0,S2A_MSIL2A_20200316T031541_N0214_R118_T48PXR_20200316T072923,1584343763000,Tra Vinh,2020-03-16 07:29:23,0.0
29.920006,7.118803,16.286829,24.4359090528949,26.117483,0.0,S2A_MSIL2A_20200316T031541_N0214_R118_T48PXR_20200316T072923,1584343763000,Vinh Long,2020-03-16 07:29:23,0.0
29.920006,7.118803,16.286829,24.4359090528949,26.117483,0.0,S2A_MSIL2A_20200316T031541_N0214_R118_T48PXR_20200316T072923,1584343763000,Ben Tre,2020-03-16 07:29:23,0.0
42.06353,14.396273,1.631892,26.0494513005017,49.627677,0.0,S2A_MSIL2A_20200316T031541_N0214_R118_T48PVR_20200316T072923,1584343763000,Ca Mau,2020-03-16 07:29:23,0.13813397144100717
42.06353,14.396273,1.631892,26.0494513005017,49.627677,0.0,S2A_MSIL2A_20200316T031541_N0214_R118_T48PVR_20200316T072923,1584343763000,Kien Giang,2020-03-16 07:29:23,0.40368505448648123
49.307486,15.305588,0.000424,26.8628081418888,50.666338,0.0,S2A_MSIL2A_20200316T031541_N0214_R118_T48PUR_20200316T072923,1584343763000,Kien Giang,2020-03-16 07:29:23,0.40368505448648123
23.653034,5.654265,0.885727,24.8192508224882,69.953054,0.026108,S2A_MSIL2A_20200316T031541_N0214_R118_T48PWQ_20200316T072923,1584343763000,Bac Lieu,2020-03-16 07:29:23,0.0004610253010156
23.653034,5.654265,0.885727,24.8192508224882,69.953054,0.026108,S2A_MSIL2A_20200316T031541_N0214_R118_T48PWQ_20200316T072923,1584343763000,Ca Mau,2020-03-16 07:29:23,0.13813397144100717
30.629022,12.044913,1.034011,25.6389805853765,62.229735,0.00432,S2A_MSIL2A_20200316T031541_N0214_R118_T48PVQ_20200316T072923,1584343763000,Ca Mau,2020-03-16 07:29:23,0.13813397144100717
37.943607,20.582935,1.222294,26.2088858319446,49.667862,0.002747,S2B_MSIL2A_20200318T030539_N0214_R075_T48PXR_20200318T071829,1584515909000,Soc Trang,2020-03-18 07:18:29,0.012471904259535283
37.943607,20.582935,1.222294,26.2088858319446,49.667862,0.002747,S2B_MSIL2A_20200318T030539_N0214_R075_T48PXR_20200318T071829,1584515909000,Tra Vinh,2020-03-18 07:18:29,0.0
37.943607,20.582935,1.222294,26.2088858319446,49.667862,0.002747,S2B_MSIL2A_20200318T030539_N0214_R075_T48PXR_20200318T071829,1584515909000,Vinh Long,2020-03-18 07:18:29,0.0
37.943607,20.582935,1.222294,26.2088858319446,49.667862,0.002747,S2B_MSIL2A_20200318T030539_N0214_R075_T48PXR_20200318T071829,1584515909000,Ben Tre,2020-03-18 07:18:29,0.0
7.372454,1.125498,11.748917,24.334921342587,72.418469,0.00243,S2A_MSIL2A_20200319T032531_N0214_R018_T48PUS_20200319T072540,1584602740000,Kien Giang,2020-03-19 07:25:40,0.17743848750166444
4.979991,0.30243,0.104026,23.908878585908,94.829524,0.0,S2A_MSIL2A_20200319T032531_N0214_R018_T48PUR_20200319T072540,1584602740000,Kien Giang,2020-03-19 07:25:40,0.17743848750166444
9.534475,0.000291,50.383002,24.0769006135684,1.196068,0.0,S2B_MSIL2A_20200321T031539_N0214_R118_T48PXT_20200321T072956,1584775796000,Dong Thap,2020-03-21 07:29:56,0.19912158669948254
9.534475,0.000291,50.383002,24.0769006135684,1.196068,0.0,S2B_MSIL2A_20200321T031539_N0214_R118_T48PXT_20200321T072956,1584775796000,Long An,2020-03-21 07:29:56,0.21848464700744077
10.725113,0.000494,17.088935,24.883812406669,1.68456,0.0,S2B_MSIL2A_20200321T031539_N0214_R118_T48PWT_20200321T072956,1584775796000,An Giang,2020-03-21 07:29:56,0.0822607398109801
10.725113,0.000494,17.088935,24.883812406669,1.68456,0.0,S2B_MSIL2A_20200321T031539_N0214_R118_T48PWT_20200321T072956,1584775796000,Dong Thap,2020-03-21 07:29:56,0.19912158669948254
10.725113,0.000494,17.088935,24.883812406669,1.68456,0.0,S2B_MSIL2A_20200321T031539_N0214_R118_T48PWT_20200321T072956,1584775796000,Long An,2020-03-21 07:29:56,0.21848464700744077
1.52814,0.133162,15.559165,25.6957989974724,1.221581,0.0,S2B_MSIL2A_20200321T031539_N0214_R118_T48PVT_20200321T072956,1584775796000,An Giang,2020-03-21 07:29:56,0.0822607398109801
26.295834,0.0,29.416153,23.6514310693401,1.803951,0.000796,S2B_MSIL2A_20200321T031539_N0214_R118_T48PXS_20200321T072956,1584775796000,Soc Trang,2020-03-21 07:29:56,0.0
26.295834,0.0,29.416153,23.6514310693401,1.803951,0.000796,S2B_MSIL2A_20200321T031539_N0214_R118_T48PXS_20200321T072956,1584775796000,Tra Vinh,2020-03-21 07:29:56,0.0
26.295834,0.0,29.416153,23.6514310693401,1.803951,0.000796,S2B_MSIL2A_20200321T031539_N0214_R118_T48PXS_20200321T072956,1584775796000,Vinh Long,2020-03-21 07:29:56,0.0
26.295834,0.0,29.416153,23.6514310693401,1.803951,0.000796,S2B_MSIL2A_20200321T031539_N0214_R118_T48PXS_20200321T072956,1584775796000,Ben Tre,2020-03-21 07:29:56,0.14068339712383077
26.295834,0.0,29.416153,23.6514310693401,1.803951,0.000796,S2B_MSIL2A_20200321T031539_N0214_R118_T48PXS_20200321T072956,1584775796000,Dong Thap,2020-03-21 07:29:56,0.19912158669948254
26.295834,0.0,29.416153,23.6514310693401,1.803951,0.000796,S2B_MSIL2A_20200321T031539_N0214_R118_T48PXS_20200321T072956,1584775796000,Long An,2020-03-21 07:29:56,0.21848464700744077
26.295834,0.0,29.416153,23.6514310693401,1.803951,0.000796,S2B_MSIL2A_20200321T031539_N0214_R118_T48PXS_20200321T072956,1584775796000,Tien Giang,2020-03-21 07:29:56,0.2377973996616178
18.925346,0.0,29.650673,24.4692745377102,3.239172,0.0,S2B_MSIL2A_20200321T031539_N0214_R118_T48PWS_20200321T072956,1584775796000,Soc Trang,2020-03-21 07:29:56,0.0
18.925346,0.0,29.650673,24.4692745377102,3.239172,0.0,S2B_MSIL2A_20200321T031539_N0214_R118_T48PWS_20200321T072956,1584775796000,Tra Vinh,2020-03-21 07:29:56,0.0
18.925346,0.0,29.650673,24.4692745377102,3.239172,0.0,S2B_MSIL2A_20200321T031539_N0214_R118_T48PWS_20200321T072956,1584775796000,Vinh Long,2020-03-21 07:29:56,0.0
18.925346,0.0,29.650673,24.4692745377102,3.239172,0.0,S2B_MSIL2A_20200321T031539_N0214_R118_T48PWS_20200321T072956,1584775796000,Can Tho city,2020-03-21 07:29:56,0.07945532856002883
18.925346,0.0,29.650673,24.4692745377102,3.239172,0.0,S2B_MSIL2A_20200321T031539_N0214_R118_T48PWS_20200321T072956,1584775796000,Hau Giang,2020-03-21 07:29:56,0.060987806437647014
18.925346,0.0,29.650673,24.4692745377102,3.239172,0.0,S2B_MSIL2A_20200321T031539_N0214_R118_T48PWS_20200321T072956,1584775796000,An Giang,2020-03-21 07:29:56,0.0822607398109801
18.925346,0.0,29.650673,24.4692745377102,3.239172,0.0,S2B_MSIL2A_20200321T031539_N0214_R118_T48PWS_20200321T072956,1584775796000,Dong Thap,2020-03-21 07:29:56,0.19912158669948254
18.925346,0.0,29.650673,24.4692745377102,3.239172,0.0,S2B_MSIL2A_20200321T031539_N0214_R118_T48PWS_20200321T072956,1584775796000,Kien Giang,2020-03-21 07:29:56,0.11798863835514284
18.925346,0.0,29.650673,24.4692745377102,3.239172,0.0,S2B_MSIL2A_20200321T031539_N0214_R118_T48PWS_20200321T072956,1584775796000,Long An,2020-03-21 07:29:56,0.21848464700744077
18.925346,0.0,29.650673,24.4692745377102,3.239172,0.0,S2B_MSIL2A_20200321T031539_N0214_R118_T48PWS_20200321T072956,1584775796000,Tien Giang,2020-03-21 07:29:56,0.2377973996616178
4.326857,0.000713,12.825911,25.2916299535307,43.036243,0.003169,S2B_MSIL2A_20200321T031539_N0214_R118_T48PVS_20200321T072956,1584775796000,An Giang,2020-03-21 07:29:56,0.0822607398109801
4.326857,0.000713,12.825911,25.2916299535307,43.036243,0.003169,S2B_MSIL2A_20200321T031539_N0214_R118_T48PVS_20200321T072956,1584775796000,Kien Giang,2020-03-21 07:29:56,0.11798863835514284
5.452564,1.2e-05,27.230996,26.117373148898,59.689307,0.000386,S2B_MSIL2A_20200321T031539_N0214_R118_T48PUS_20200321T072956,1584775796000,Kien Giang,2020-03-21 07:29:56,0.11798863835514284
29.512103,6.2e-05,13.946798,23.2514611964216,27.732906,0.007229,S2B_MSIL2A_20200321T031539_N0214_R118_T48PXR_20200321T072956,1584775796000,Soc Trang,2020-03-21 07:29:56,0.0
29.512103,6.2e-05,13.946798,23.2514611964216,27.732906,0.007229,S2B_MSIL2A_20200321T031539_N0214_R118_T48PXR_20200321T072956,1584775796000,Tra Vinh,2020-03-21 07:29:56,0.0
29.512103,6.2e-05,13.946798,23.2514611964216,27.732906,0.007229,S2B_MSIL2A_20200321T031539_N0214_R118_T48PXR_20200321T072956,1584775796000,Vinh Long,2020-03-21 07:29:56,0.0
29.512103,6.2e-05,13.946798,23.2514611964216,27.732906,0.007229,S2B_MSIL2A_20200321T031539_N0214_R118_T48PXR_20200321T072956,1584775796000,Ben Tre,2020-03-21 07:29:56,0.14068339712383077
17.910789,2.7e-05,17.011119,24.0798381426463,15.161905,0.021974,S2B_MSIL2A_20200321T031539_N0214_R118_T48PWR_20200321T072956,1584775796000,Soc Trang,2020-03-21 07:29:56,0.0
17.910789,2.7e-05,17.011119,24.0798381426463,15.161905,0.021974,S2B_MSIL2A_20200321T031539_N0214_R118_T48PWR_20200321T072956,1584775796000,Tra Vinh,2020-03-21 07:29:56,0.0
17.910789,2.7e-05,17.011119,24.0798381426463,15.161905,0.021974,S2B_MSIL2A_20200321T031539_N0214_R118_T48PWR_20200321T072956,1584775796000,Vinh Long,2020-03-21 07:29:56,0.0
17.910789,2.7e-05,17.011119,24.0798381426463,15.161905,0.021974,S2B_MSIL2A_20200321T031539_N0214_R118_T48PWR_20200321T072956,1584775796000,Bac Lieu,2020-03-21 07:29:56,0.0
17.910789,2.7e-05,17.011119,24.0798381426463,15.161905,0.021974,S2B_MSIL2A_20200321T031539_N0214_R118_T48PWR_20200321T072956,1584775796000,Ca Mau,2020-03-21 07:29:56,0.002184366228502633
17.910789,2.7e-05,17.011119,24.0798381426463,15.161905,0.021974,S2B_MSIL2A_20200321T031539_N0214_R118_T48PWR_20200321T072956,1584775796000,Can Tho city,2020-03-21 07:29:56,0.07945532856002883
17.910789,2.7e-05,17.011119,24.0798381426463,15.161905,0.021974,S2B_MSIL2A_20200321T031539_N0214_R118_T48PWR_20200321T072956,1584775796000,Hau Giang,2020-03-21 07:29:56,0.060987806437647014
17.910789,2.7e-05,17.011119,24.0798381426463,15.161905,0.021974,S2B_MSIL2A_20200321T031539_N0214_R118_T48PWR_20200321T072956,1584775796000,Kien Giang,2020-03-21 07:29:56,0.11798863835514284
5.016729,0.0,4.832028,24.9121512136276,75.78547,0.0,S2B_MSIL2A_20200321T031539_N0214_R118_T48PVR_20200321T072956,1584775796000,Ca Mau,2020-03-21 07:29:56,0.002184366228502633
5.016729,0.0,4.832028,24.9121512136276,75.78547,0.0,S2B_MSIL2A_20200321T031539_N0214_R118_T48PVR_20200321T072956,1584775796000,Kien Giang,2020-03-21 07:29:56,0.11798863835514284
1.541894,0.0,0.043287,25.7473127108028,98.399234,0.0,S2B_MSIL2A_20200321T031539_N0214_R118_T48PUR_20200321T072956,1584775796000,Kien Giang,2020-03-21 07:29:56,0.11798863835514284
7.023975,0.020431,1.6746,23.7163016609823,85.693741,0.004612,S2B_MSIL2A_20200321T031539_N0214_R118_T48PWQ_20200321T072956,1584775796000,Bac Lieu,2020-03-21 07:29:56,0.0
7.023975,0.020431,1.6746,23.7163016609823,85.693741,0.004612,S2B_MSIL2A_20200321T031539_N0214_R118_T48PWQ_20200321T072956,1584775796000,Ca Mau,2020-03-21 07:29:56,0.002184366228502633
13.749364,0.020007,2.157713,24.5580606385113,77.320421,0.006699,S2B_MSIL2A_20200321T031539_N0214_R118_T48PVQ_20200321T072956,1584775796000,Ca Mau,2020-03-21 07:29:56,0.002184366228502633
22.368932,0.000379,13.860072,25.4809559534289,23.326004,0.065152,S2A_MSIL2A_20200323T030541_N0214_R075_T48PXS_20200323T071747,1584947867000,Tra Vinh,2020-03-23 07:17:47,0.0
22.368932,0.000379,13.860072,25.4809559534289,23.326004,0.065152,S2A_MSIL2A_20200323T030541_N0214_R075_T48PXS_20200323T071747,1584947867000,Ben Tre,2020-03-23 07:17:47,0.14068339712383077
22.368932,0.000379,13.860072,25.4809559534289,23.326004,0.065152,S2A_MSIL2A_20200323T030541_N0214_R075_T48PXS_20200323T071747,1584947867000,Long An,2020-03-23 07:17:47,0.2203804985580445
22.368932,0.000379,13.860072,25.4809559534289,23.326004,0.065152,S2A_MSIL2A_20200323T030541_N0214_R075_T48PXS_20200323T071747,1584947867000,Tien Giang,2020-03-23 07:17:47,0.2377973996616178
11.882321,0.000571,1.767966,25.1379476010621,76.110584,0.000475,S2A_MSIL2A_20200323T030541_N0214_R075_T48PXR_20200323T071747,1584947867000,Soc Trang,2020-03-23 07:17:47,0.0
11.882321,0.000571,1.767966,25.1379476010621,76.110584,0.000475,S2A_MSIL2A_20200323T030541_N0214_R075_T48PXR_20200323T071747,1584947867000,Tra Vinh,2020-03-23 07:17:47,0.0
11.882321,0.000571,1.767966,25.1379476010621,76.110584,0.000475,S2A_MSIL2A_20200323T030541_N0214_R075_T48PXR_20200323T071747,1584947867000,Vinh Long,2020-03-23 07:17:47,0.0
11.882321,0.000571,1.767966,25.1379476010621,76.110584,0.000475,S2A_MSIL2A_20200323T030541_N0214_R075_T48PXR_20200323T071747,1584947867000,Ben Tre,2020-03-23 07:17:47,0.14068339712383077
34.611532,18.393798,7.854362,23.1581929539304,49.3494,0.022746,S2B_MSIL2A_20200324T032539_N0214_R018_T48PUS_20200324T082913,1585038553000,Kien Giang,2020-03-24 08:29:13,0.13600948789275616
17.916661,14.343207,0.12659,22.7908608286509,81.91694,0.0,S2B_MSIL2A_20200324T032539_N0214_R018_T48PUR_20200324T082913,1585038553000,Kien Giang,2020-03-24 08:29:13,0.13600948789275616
1.46414,0.005231,51.874316,22.8906473997705,1.086032,0.0,S2A_MSIL2A_20200326T031541_N0214_R118_T48PXT_20200326T072427,1585207467000,Dong Thap,2020-03-26 07:24:27,0.3698679774100207
1.46414,0.005231,51.874316,22.8906473997705,1.086032,0.0,S2A_MSIL2A_20200326T031541_N0214_R118_T48PXT_20200326T072427,1585207467000,Long An,2020-03-26 07:24:27,0.513220500821696
3.024131,0.000236,18.68583,23.7215140203839,1.725466,0.0,S2A_MSIL2A_20200326T031541_N0214_R118_T48PWT_20200326T072427,1585207467000,An Giang,2020-03-26 07:24:27,0.7671347263892428
3.024131,0.000236,18.68583,23.7215140203839,1.725466,0.0,S2A_MSIL2A_20200326T031541_N0214_R118_T48PWT_20200326T072427,1585207467000,Dong Thap,2020-03-26 07:24:27,0.3698679774100207
3.024131,0.000236,18.68583,23.7215140203839,1.725466,0.0,S2A_MSIL2A_20200326T031541_N0214_R118_T48PWT_20200326T072427,1585207467000,Long An,2020-03-26 07:24:27,0.513220500821696
2.23444,0.257687,13.557784,24.5562271583003,1.16459,0.0,S2A_MSIL2A_20200326T031541_N0214_R118_T48PVT_20200326T072427,1585207467000,An Giang,2020-03-26 07:24:27,0.7671347263892428
27.464958,0.171625,20.166746,22.5240401694677,1.229593,0.001304,S2A_MSIL2A_20200326T031541_N0214_R118_T48PXS_20200326T072427,1585207467000,Soc Trang,2020-03-26 07:24:27,0.0
27.464958,0.171625,20.166746,22.5240401694677,1.229593,0.001304,S2A_MSIL2A_20200326T031541_N0214_R118_T48PXS_20200326T072427,1585207467000,Tra Vinh,2020-03-26 07:24:27,0.0
27.464958,0.171625,20.166746,22.5240401694677,1.229593,0.001304,S2A_MSIL2A_20200326T031541_N0214_R118_T48PXS_20200326T072427,1585207467000,Vinh Long,2020-03-26 07:24:27,0.0
27.464958,0.171625,20.166746,22.5240401694677,1.229593,0.001304,S2A_MSIL2A_20200326T031541_N0214_R118_T48PXS_20200326T072427,1585207467000,Ben Tre,2020-03-26 07:24:27,0.14068339712383077
27.464958,0.171625,20.166746,22.5240401694677,1.229593,0.001304,S2A_MSIL2A_20200326T031541_N0214_R118_T48PXS_20200326T072427,1585207467000,Dong Thap,2020-03-26 07:24:27,0.3698679774100207
27.464958,0.171625,20.166746,22.5240401694677,1.229593,0.001304,S2A_MSIL2A_20200326T031541_N0214_R118_T48PXS_20200326T072427,1585207467000,Long An,2020-03-26 07:24:27,0.513220500821696
27.464958,0.171625,20.166746,22.5240401694677,1.229593,0.001304,S2A_MSIL2A_20200326T031541_N0214_R118_T48PXS_20200326T072427,1585207467000,Tien Giang,2020-03-26 07:24:27,0.20800295530045088
11.458376,0.000481,30.62762,23.3649016803926,3.130571,0.0,S2A_MSIL2A_20200326T031541_N0214_R118_T48PWS_20200326T072427,1585207467000,Soc Trang,2020-03-26 07:24:27,0.0
11.458376,0.000481,30.62762,23.3649016803926,3.130571,0.0,S2A_MSIL2A_20200326T031541_N0214_R118_T48PWS_20200326T072427,1585207467000,Tra Vinh,2020-03-26 07:24:27,0.0
11.458376,0.000481,30.62762,23.3649016803926,3.130571,0.0,S2A_MSIL2A_20200326T031541_N0214_R118_T48PWS_20200326T072427,1585207467000,Vinh Long,2020-03-26 07:24:27,0.0
11.458376,0.000481,30.62762,23.3649016803926,3.130571,0.0,S2A_MSIL2A_20200326T031541_N0214_R118_T48PWS_20200326T072427,1585207467000,Can Tho city,2020-03-26 07:24:27,0.0038561191116287335
11.458376,0.000481,30.62762,23.3649016803926,3.130571,0.0,S2A_MSIL2A_20200326T031541_N0214_R118_T48PWS_20200326T072427,1585207467000,Hau Giang,2020-03-26 07:24:27,0.0
11.458376,0.000481,30.62762,23.3649016803926,3.130571,0.0,S2A_MSIL2A_20200326T031541_N0214_R118_T48PWS_20200326T072427,1585207467000,An Giang,2020-03-26 07:24:27,0.7671347263892428
11.458376,0.000481,30.62762,23.3649016803926,3.130571,0.0,S2A_MSIL2A_20200326T031541_N0214_R118_T48PWS_20200326T072427,1585207467000,Dong Thap,2020-03-26 07:24:27,0.3698679774100207
11.458376,0.000481,30.62762,23.3649016803926,3.130571,0.0,S2A_MSIL2A_20200326T031541_N0214_R118_T48PWS_20200326T072427,1585207467000,Kien Giang,2020-03-26 07:24:27,0.3707355388766301
11.458376,0.000481,30.62762,23.3649016803926,3.130571,0.0,S2A_MSIL2A_20200326T031541_N0214_R118_T48PWS_20200326T072427,1585207467000,Long An,2020-03-26 07:24:27,0.513220500821696
11.458376,0.000481,30.62762,23.3649016803926,3.130571,0.0,S2A_MSIL2A_20200326T031541_N0214_R118_T48PWS_20200326T072427,1585207467000,Tien Giang,2020-03-26 07:24:27,0.20800295530045088
5.503067,1.609587,11.761633,24.2090151230752,40.954134,0.003796,S2A_MSIL2A_20200326T031541_N0214_R118_T48PVS_20200326T072427,1585207467000,An Giang,2020-03-26 07:24:27,0.7671347263892428
5.503067,1.609587,11.761633,24.2090151230752,40.954134,0.003796,S2A_MSIL2A_20200326T031541_N0214_R118_T48PVS_20200326T072427,1585207467000,Kien Giang,2020-03-26 07:24:27,0.3707355388766301
16.897738,9.467446,22.324365,25.0553387444141,51.270807,0.000371,S2A_MSIL2A_20200326T031541_N0214_R118_T48PUS_20200326T072427,1585207467000,Kien Giang,2020-03-26 07:24:27,0.3707355388766301
43.423565,0.289752,5.594935,22.186241980422,26.069745,0.000193,S2A_MSIL2A_20200326T031541_N0214_R118_T48PXR_20200326T072427,1585207467000,Soc Trang,2020-03-26 07:24:27,0.0
43.423565,0.289752,5.594935,22.186241980422,26.069745,0.000193,S2A_MSIL2A_20200326T031541_N0214_R118_T48PXR_20200326T072427,1585207467000,Tra Vinh,2020-03-26 07:24:27,0.0
43.423565,0.289752,5.594935,22.186241980422,26.069745,0.000193,S2A_MSIL2A_20200326T031541_N0214_R118_T48PXR_20200326T072427,1585207467000,Vinh Long,2020-03-26 07:24:27,0.0
43.423565,0.289752,5.594935,22.186241980422,26.069745,0.000193,S2A_MSIL2A_20200326T031541_N0214_R118_T48PXR_20200326T072427,1585207467000,Ben Tre,2020-03-26 07:24:27,0.14068339712383077
25.764679,1.740559,12.94229,23.0364288348512,10.853975,0.006772,S2A_MSIL2A_20200326T031541_N0214_R118_T48PWR_20200326T072427,1585207467000,Soc Trang,2020-03-26 07:24:27,0.0
25.764679,1.740559,12.94229,23.0364288348512,10.853975,0.006772,S2A_MSIL2A_20200326T031541_N0214_R118_T48PWR_20200326T072427,1585207467000,Tra Vinh,2020-03-26 07:24:27,0.0
25.764679,1.740559,12.94229,23.0364288348512,10.853975,0.006772,S2A_MSIL2A_20200326T031541_N0214_R118_T48PWR_20200326T072427,1585207467000,Vinh Long,2020-03-26 07:24:27,0.0
25.764679,1.740559,12.94229,23.0364288348512,10.853975,0.006772,S2A_MSIL2A_20200326T031541_N0214_R118_T48PWR_20200326T072427,1585207467000,Bac Lieu,2020-03-26 07:24:27,0.0
25.764679,1.740559,12.94229,23.0364288348512,10.853975,0.006772,S2A_MSIL2A_20200326T031541_N0214_R118_T48PWR_20200326T072427,1585207467000,Ca Mau,2020-03-26 07:24:27,0.005348800411631816
25.764679,1.740559,12.94229,23.0364288348512,10.853975,0.006772,S2A_MSIL2A_20200326T031541_N0214_R118_T48PWR_20200326T072427,1585207467000,Can Tho city,2020-03-26 07:24:27,0.0038561191116287335
25.764679,1.740559,12.94229,23.0364288348512,10.853975,0.006772,S2A_MSIL2A_20200326T031541_N0214_R118_T48PWR_20200326T072427,1585207467000,Hau Giang,2020-03-26 07:24:27,0.0
25.764679,1.740559,12.94229,23.0364288348512,10.853975,0.006772,S2A_MSIL2A_20200326T031541_N0214_R118_T48PWR_20200326T072427,1585207467000,Kien Giang,2020-03-26 07:24:27,0.3707355388766301
8.591305,3.077199,4.929486,23.8893013826625,70.676911,0.0,S2A_MSIL2A_20200326T031541_N0214_R118_T48PVR_20200326T072427,1585207467000,Ca Mau,2020-03-26 07:24:27,0.005348800411631816
8.591305,3.077199,4.929486,23.8893013826625,70.676911,0.0,S2A_MSIL2A_20200326T031541_N0214_R118_T48PVR_20200326T072427,1585207467000,Kien Giang,2020-03-26 07:24:27,0.3707355388766301
6.843426,3.398009,0.047416,24.7438609184592,93.083894,0.0,S2A_MSIL2A_20200326T031541_N0214_R118_T48PUR_20200326T072427,1585207467000,Kien Giang,2020-03-26 07:24:27,0.3707355388766301
10.50535,1.513837,1.826168,22.7370571052323,81.703651,0.002392,S2A_MSIL2A_20200326T031541_N0214_R118_T48PWQ_20200326T072427,1585207467000,Bac Lieu,2020-03-26 07:24:27,0.0
10.50535,1.513837,1.826168,22.7370571052323,81.703651,0.002392,S2A_MSIL2A_20200326T031541_N0214_R118_T48PWQ_20200326T072427,1585207467000,Ca Mau,2020-03-26 07:24:27,0.005348800411631816
6.15338,0.009058,2.658953,23.5979370563528,83.491081,0.000401,S2A_MSIL2A_20200326T031541_N0214_R118_T48PVQ_20200326T072427,1585207467000,Ca Mau,2020-03-26 07:24:27,0.005348800411631816
44.275223,0.000217,5.44605,24.4463159834524,23.671092,0.08736,S2B_MSIL2A_20200328T030539_N0214_R075_T48PXS_20200328T071435,1585379675000,Tra Vinh,2020-03-28 07:14:35,0.04590472136410451
44.275223,0.000217,5.44605,24.4463159834524,23.671092,0.08736,S2B_MSIL2A_20200328T030539_N0214_R075_T48PXS_20200328T071435,1585379675000,Ben Tre,2020-03-28 07:14:35,0.1707589532003704
44.275223,0.000217,5.44605,24.4463159834524,23.671092,0.08736,S2B_MSIL2A_20200328T030539_N0214_R075_T48PXS_20200328T071435,1585379675000,Long An,2020-03-28 07:14:35,0.4244010762262953
44.275223,0.000217,5.44605,24.4463159834524,23.671092,0.08736,S2B_MSIL2A_20200328T030539_N0214_R075_T48PXS_20200328T071435,1585379675000,Tien Giang,2020-03-28 07:14:35,0.005988868012383567
28.390189,11.986592,0.831719,24.1644270400128,62.038183,0.00016,S2B_MSIL2A_20200328T030539_N0214_R075_T48PXR_20200328T071435,1585379675000,Soc Trang,2020-03-28 07:14:35,0.06870967484939054
28.390189,11.986592,0.831719,24.1644270400128,62.038183,0.00016,S2B_MSIL2A_20200328T030539_N0214_R075_T48PXR_20200328T071435,1585379675000,Tra Vinh,2020-03-28 07:14:35,0.04590472136410451
28.390189,11.986592,0.831719,24.1644270400128,62.038183,0.00016,S2B_MSIL2A_20200328T030539_N0214_R075_T48PXR_20200328T071435,1585379675000,Vinh Long,2020-03-28 07:14:35,0.06466659384036283
28.390189,11.986592,0.831719,24.1644270400128,62.038183,0.00016,S2B_MSIL2A_20200328T030539_N0214_R075_T48PXR_20200328T071435,1585379675000,Ben Tre,2020-03-28 07:14:35,0.1707589532003704
28.527606,0.118594,7.303957,22.1094591820075,54.826212,0.022207,S2A_MSIL2A_20200329T032531_N0214_R018_T48PUS_20200329T073036,1585467036000,Kien Giang,2020-03-29 07:30:36,0.34460620739112097
16.02999,0.000284,0.114171,21.8081063975253,83.78939,0.0,S2A_MSIL2A_20200329T032531_N0214_R018_T48PUR_20200329T073036,1585467036000,Kien Giang,2020-03-29 07:30:36,0.34460620739112097
39.987521,0.673896,6.894463,22.6651641155403,1.450891,0.0,S2B_MSIL2A_20200331T031539_N0214_R118_T48PWT_20200331T072948,1585639788000,An Giang,2020-03-31 07:29:48,0.0
39.987521,0.673896,6.894463,22.6651641155403,1.450891,0.0,S2B_MSIL2A_20200331T031539_N0214_R118_T48PWT_20200331T072948,1585639788000,Dong Thap,2020-03-31 07:29:48,0.0006035536236846167
39.987521,0.673896,6.894463,22.6651641155403,1.450891,0.0,S2B_MSIL2A_20200331T031539_N0214_R118_T48PWT_20200331T072948,1585639788000,Long An,2020-03-31 07:29:48,0.0
1.80403,0.000398,11.640069,23.5198824989623,1.198962,0.0,S2B_MSIL2A_20200331T031539_N0214_R118_T48PVT_20200331T072948,1585639788000,An Giang,2020-03-31 07:29:48,0.0
24.043141,0.000206,27.687088,22.37274371298,4.066944,0.0,S2B_MSIL2A_20200331T031539_N0214_R118_T48PWS_20200331T072948,1585639788000,Soc Trang,2020-03-31 07:29:48,0.06870967484939054
24.043141,0.000206,27.687088,22.37274371298,4.066944,0.0,S2B_MSIL2A_20200331T031539_N0214_R118_T48PWS_20200331T072948,1585639788000,Tra Vinh,2020-03-31 07:29:48,0.04590472136410451
24.043141,0.000206,27.687088,22.37274371298,4.066944,0.0,S2B_MSIL2A_20200331T031539_N0214_R118_T48PWS_20200331T072948,1585639788000,Vinh Long,2020-03-31 07:29:48,0.06466659384036283
24.043141,0.000206,27.687088,22.37274371298,4.066944,0.0,S2B_MSIL2A_20200331T031539_N0214_R118_T48PWS_20200331T072948,1585639788000,Can Tho city,2020-03-31 07:29:48,0.0
24.043141,0.000206,27.687088,22.37274371298,4.066944,0.0,S2B_MSIL2A_20200331T031539_N0214_R118_T48PWS_20200331T072948,1585639788000,Hau Giang,2020-03-31 07:29:48,0.004742008875083933
24.043141,0.000206,27.687088,22.37274371298,4.066944,0.0,S2B_MSIL2A_20200331T031539_N0214_R118_T48PWS_20200331T072948,1585639788000,An Giang,2020-03-31 07:29:48,0.0
24.043141,0.000206,27.687088,22.37274371298,4.066944,0.0,S2B_MSIL2A_20200331T031539_N0214_R118_T48PWS_20200331T072948,1585639788000,Dong Thap,2020-03-31 07:29:48,0.0006035536236846167
24.043141,0.000206,27.687088,22.37274371298,4.066944,0.0,S2B_MSIL2A_20200331T031539_N0214_R118_T48PWS_20200331T072948,1585639788000,Kien Giang,2020-03-31 07:29:48,0.06518963891641456
24.043141,0.000206,27.687088,22.37274371298,4.066944,0.0,S2B_MSIL2A_20200331T031539_N0214_R118_T48PWS_20200331T072948,1585639788000,Long An,2020-03-31 07:29:48,0.0
24.043141,0.000206,27.687088,22.37274371298,4.066944,0.0,S2B_MSIL2A_20200331T031539_N0214_R118_T48PWS_20200331T072948,1585639788000,Tien Giang,2020-03-31 07:29:48,0.004351798251237067
8.59747,0.000282,9.052406,23.2353903072067,43.371013,0.007989,S2B_MSIL2A_20200331T031539_N0214_R118_T48PVS_20200331T072948,1585639788000,An Giang,2020-03-31 07:29:48,0.0
8.59747,0.000282,9.052406,23.2353903072067,43.371013,0.007989,S2B_MSIL2A_20200331T031539_N0214_R118_T48PVS_20200331T072948,1585639788000,Kien Giang,2020-03-31 07:29:48,0.06518963891641456
2.567164,0.0,25.945973,24.0991260403853,63.241154,0.002051,S2B_MSIL2A_20200331T031539_N0214_R118_T48PUS_20200331T072948,1585639788000,Kien Giang,2020-03-31 07:29:48,0.06518963891641456
25.841577,2.493584,15.460475,22.1116148060838,13.201572,0.011616,S2B_MSIL2A_20200331T031539_N0214_R118_T48PWR_20200331T072948,1585639788000,Soc Trang,2020-03-31 07:29:48,0.06870967484939054
25.841577,2.493584,15.460475,22.1116148060838,13.201572,0.011616,S2B_MSIL2A_20200331T031539_N0214_R118_T48PWR_20200331T072948,1585639788000,Tra Vinh,2020-03-31 07:29:48,0.04590472136410451
25.841577,2.493584,15.460475,22.1116148060838,13.201572,0.011616,S2B_MSIL2A_20200331T031539_N0214_R118_T48PWR_20200331T072948,1585639788000,Vinh Long,2020-03-31 07:29:48,0.06466659384036283
25.841577,2.493584,15.460475,22.1116148060838,13.201572,0.011616,S2B_MSIL2A_20200331T031539_N0214_R118_T48PWR_20200331T072948,1585639788000,Bac Lieu,2020-03-31 07:29:48,0.033414383828265115
25.841577,2.493584,15.460475,22.1116148060838,13.201572,0.011616,S2B_MSIL2A_20200331T031539_N0214_R118_T48PWR_20200331T072948,1585639788000,Ca Mau,2020-03-31 07:29:48,0.19067516069182086
25.841577,2.493584,15.460475,22.1116148060838,13.201572,0.011616,S2B_MSIL2A_20200331T031539_N0214_R118_T48PWR_20200331T072948,1585639788000,Can Tho city,2020-03-31 07:29:48,0.0
25.841577,2.493584,15.460475,22.1116148060838,13.201572,0.011616,S2B_MSIL2A_20200331T031539_N0214_R118_T48PWR_20200331T072948,1585639788000,Hau Giang,2020-03-31 07:29:48,0.004742008875083933
25.841577,2.493584,15.460475,22.1116148060838,13.201572,0.011616,S2B_MSIL2A_20200331T031539_N0214_R118_T48PWR_20200331T072948,1585639788000,Kien Giang,2020-03-31 07:29:48,0.06518963891641456
6.169754,0.000103,4.103586,22.9812744010438,75.800383,0.0,S2B_MSIL2A_20200331T031539_N0214_R118_T48PVR_20200331T072948,1585639788000,Ca Mau,2020-03-31 07:29:48,0.19067516069182086
6.169754,0.000103,4.103586,22.9812744010438,75.800383,0.0,S2B_MSIL2A_20200331T031539_N0214_R118_T48PVR_20200331T072948,1585639788000,Kien Giang,2020-03-31 07:29:48,0.06518963891641456
0.119036,0.0,0.068463,23.8515587267175,99.80529,0.0,S2B_MSIL2A_20200331T031539_N0214_R118_T48PUR_20200331T072948,1585639788000,Kien Giang,2020-03-31 07:29:48,0.06518963891641456
14.547788,0.073878,1.809622,21.8825907045714,77.766907,0.003935,S2B_MSIL2A_20200331T031539_N0214_R118_T48PWQ_20200331T072948,1585639788000,Bac Lieu,2020-03-31 07:29:48,0.033414383828265115
14.547788,0.073878,1.809622,21.8825907045714,77.766907,0.003935,S2B_MSIL2A_20200331T031539_N0214_R118_T48PWQ_20200331T072948,1585639788000,Ca Mau,2020-03-31 07:29:48,0.19067516069182086
4.499428,0.0,2.175736,22.7582711575858,86.221039,0.001954,S2B_MSIL2A_20200331T031539_N0214_R118_T48PVQ_20200331T072948,1585639788000,Ca Mau,2020-03-31 07:29:48,0.19067516069182086
22.24353,1.238171,17.5111,23.551666711757,25.319284,0.072483,S2A_MSIL2A_20200402T030541_N0214_R075_T48PXS_20200402T071721,1585811841000,Tra Vinh,2020-04-02 07:17:21,0.0
22.24353,1.238171,17.5111,23.551666711757,25.319284,0.072483,S2A_MSIL2A_20200402T030541_N0214_R075_T48PXS_20200402T071721,1585811841000,Ben Tre,2020-04-02 07:17:21,0.0
22.24353,1.238171,17.5111,23.551666711757,25.319284,0.072483,S2A_MSIL2A_20200402T030541_N0214_R075_T48PXS_20200402T071721,1585811841000,Long An,2020-04-02 07:17:21,0.0
22.24353,1.238171,17.5111,23.551666711757,25.319284,0.072483,S2A_MSIL2A_20200402T030541_N0214_R075_T48PXS_20200402T071721,1585811841000,Tien Giang,2020-04-02 07:17:21,0.0
6.398835,0.005826,2.318711,23.3363719383171,80.237508,0.000396,S2A_MSIL2A_20200402T030541_N0214_R075_T48PXR_20200402T071721,1585811841000,Soc Trang,2020-04-02 07:17:21,0.0
6.398835,0.005826,2.318711,23.3363719383171,80.237508,0.000396,S2A_MSIL2A_20200402T030541_N0214_R075_T48PXR_20200402T071721,1585811841000,Tra Vinh,2020-04-02 07:17:21,0.0
6.398835,0.005826,2.318711,23.3363719383171,80.237508,0.000396,S2A_MSIL2A_20200402T030541_N0214_R075_T48PXR_20200402T071721,1585811841000,Vinh Long,2020-04-02 07:17:21,0.0
6.398835,0.005826,2.318711,23.3363719383171,80.237508,0.000396,S2A_MSIL2A_20200402T030541_N0214_R075_T48PXR_20200402T071721,1585811841000,Ben Tre,2020-04-02 07:17:21,0.0
20.911823,0.939977,7.044972,21.191154015582,64.382714,0.025791,S2B_MSIL2A_20200403T032539_N0214_R018_T48PUS_20200403T085133,1585903893000,Kien Giang,2020-04-03 08:51:33,0.40548719169382563
3.669228,0.0,0.133931,20.9622329177744,96.159631,0.0,S2B_MSIL2A_20200403T032539_N0214_R018_T48PUR_20200403T085133,1585903893000,Kien Giang,2020-04-03 08:51:33,0.40548719169382563
1.878621,1.17018,54.888093,20.8891872815492,0.795708,0.0,S2A_MSIL2A_20200405T031541_N0214_R118_T48PXT_20200405T074259,1586072579000,Dong Thap,2020-04-05 07:42:59,0.842438984921805
1.878621,1.17018,54.888093,20.8891872815492,0.795708,0.0,S2A_MSIL2A_20200405T031541_N0214_R118_T48PXT_20200405T074259,1586072579000,Long An,2020-04-05 07:42:59,0.843015093701664
9.112727,0.3461,16.753007,21.7587376671968,0.988331,0.0,S2A_MSIL2A_20200405T031541_N0214_R118_T48PWT_20200405T074259,1586072579000,An Giang,2020-04-05 07:42:59,0.9092743033535043
9.112727,0.3461,16.753007,21.7587376671968,0.988331,0.0,S2A_MSIL2A_20200405T031541_N0214_R118_T48PWT_20200405T074259,1586072579000,Dong Thap,2020-04-05 07:42:59,0.842438984921805
9.112727,0.3461,16.753007,21.7587376671968,0.988331,0.0,S2A_MSIL2A_20200405T031541_N0214_R118_T48PWT_20200405T074259,1586072579000,Long An,2020-04-05 07:42:59,0.843015093701664
19.993737,3.462408,6.359087,22.6297391002439,0.71049,0.0,S2A_MSIL2A_20200405T031541_N0214_R118_T48PVT_20200405T074259,1586072579000,An Giang,2020-04-05 07:42:59,0.9092743033535043
22.3893,0.686293,33.79243,20.6608391376055,1.162633,0.002107,S2A_MSIL2A_20200405T031541_N0214_R118_T48PXS_20200405T074259,1586072579000,Soc Trang,2020-04-05 07:42:59,0.0
22.3893,0.686293,33.79243,20.6608391376055,1.162633,0.002107,S2A_MSIL2A_20200405T031541_N0214_R118_T48PXS_20200405T074259,1586072579000,Tra Vinh,2020-04-05 07:42:59,0.0
22.3893,0.686293,33.79243,20.6608391376055,1.162633,0.002107,S2A_MSIL2A_20200405T031541_N0214_R118_T48PXS_20200405T074259,1586072579000,Vinh Long,2020-04-05 07:42:59,0.05375467136001003
22.3893,0.686293,33.79243,20.6608391376055,1.162633,0.002107,S2A_MSIL2A_20200405T031541_N0214_R118_T48PXS_20200405T074259,1586072579000,Ben Tre,2020-04-05 07:42:59,0.00466650760303815
22.3893,0.686293,33.79243,20.6608391376055,1.162633,0.002107,S2A_MSIL2A_20200405T031541_N0214_R118_T48PXS_20200405T074259,1586072579000,Dong Thap,2020-04-05 07:42:59,0.842438984921805
22.3893,0.686293,33.79243,20.6608391376055,1.162633,0.002107,S2A_MSIL2A_20200405T031541_N0214_R118_T48PXS_20200405T074259,1586072579000,Long An,2020-04-05 07:42:59,0.843015093701664
22.3893,0.686293,33.79243,20.6608391376055,1.162633,0.002107,S2A_MSIL2A_20200405T031541_N0214_R118_T48PXS_20200405T074259,1586072579000,Tien Giang,2020-04-05 07:42:59,0.09087054100241593
16.971666,0.310915,37.522763,21.5367034492467,2.312169,0.0,S2A_MSIL2A_20200405T031541_N0214_R118_T48PWS_20200405T074259,1586072579000,Soc Trang,2020-04-05 07:42:59,0.0
16.971666,0.310915,37.522763,21.5367034492467,2.312169,0.0,S2A_MSIL2A_20200405T031541_N0214_R118_T48PWS_20200405T074259,1586072579000,Tra Vinh,2020-04-05 07:42:59,0.0
16.971666,0.310915,37.522763,21.5367034492467,2.312169,0.0,S2A_MSIL2A_20200405T031541_N0214_R118_T48PWS_20200405T074259,1586072579000,Vinh Long,2020-04-05 07:42:59,0.05375467136001003
16.971666,0.310915,37.522763,21.5367034492467,2.312169,0.0,S2A_MSIL2A_20200405T031541_N0214_R118_T48PWS_20200405T074259,1586072579000,Can Tho city,2020-04-05 07:42:59,0.5563411378378486
16.971666,0.310915,37.522763,21.5367034492467,2.312169,0.0,S2A_MSIL2A_20200405T031541_N0214_R118_T48PWS_20200405T074259,1586072579000,Hau Giang,2020-04-05 07:42:59,0.011415778242369666
16.971666,0.310915,37.522763,21.5367034492467,2.312169,0.0,S2A_MSIL2A_20200405T031541_N0214_R118_T48PWS_20200405T074259,1586072579000,An Giang,2020-04-05 07:42:59,0.9092743033535043
16.971666,0.310915,37.522763,21.5367034492467,2.312169,0.0,S2A_MSIL2A_20200405T031541_N0214_R118_T48PWS_20200405T074259,1586072579000,Dong Thap,2020-04-05 07:42:59,0.842438984921805
16.971666,0.310915,37.522763,21.5367034492467,2.312169,0.0,S2A_MSIL2A_20200405T031541_N0214_R118_T48PWS_20200405T074259,1586072579000,Kien Giang,2020-04-05 07:42:59,1.4011076182487692
16.971666,0.310915,37.522763,21.5367034492467,2.312169,0.0,S2A_MSIL2A_20200405T031541_N0214_R118_T48PWS_20200405T074259,1586072579000,Long An,2020-04-05 07:42:59,0.843015093701664
16.971666,0.310915,37.522763,21.5367034492467,2.312169,0.0,S2A_MSIL2A_20200405T031541_N0214_R118_T48PWS_20200405T074259,1586072579000,Tien Giang,2020-04-05 07:42:59,0.09087054100241593
14.967409,6.98928,7.599835,22.413562488867,35.253531,0.005544,S2A_MSIL2A_20200405T031541_N0214_R118_T48PVS_20200405T074259,1586072579000,An Giang,2020-04-05 07:42:59,0.9092743033535043
14.967409,6.98928,7.599835,22.413562488867,35.253531,0.005544,S2A_MSIL2A_20200405T031541_N0214_R118_T48PVS_20200405T074259,1586072579000,Kien Giang,2020-04-05 07:42:59,1.4011076182487692
31.024893,10.247552,11.079833,23.290567887932,49.107903,0.001707,S2A_MSIL2A_20200405T031541_N0214_R118_T48PUS_20200405T074259,1586072579000,Kien Giang,2020-04-05 07:42:59,1.4011076182487692
34.054176,0.848836,10.234546,20.4677906006444,24.981332,0.002329,S2A_MSIL2A_20200405T031541_N0214_R118_T48PXR_20200405T074259,1586072579000,Soc Trang,2020-04-05 07:42:59,0.0
34.054176,0.848836,10.234546,20.4677906006444,24.981332,0.002329,S2A_MSIL2A_20200405T031541_N0214_R118_T48PXR_20200405T074259,1586072579000,Tra Vinh,2020-04-05 07:42:59,0.0
34.054176,0.848836,10.234546,20.4677906006444,24.981332,0.002329,S2A_MSIL2A_20200405T031541_N0214_R118_T48PXR_20200405T074259,1586072579000,Vinh Long,2020-04-05 07:42:59,0.05375467136001003
34.054176,0.848836,10.234546,20.4677906006444,24.981332,0.002329,S2A_MSIL2A_20200405T031541_N0214_R118_T48PXR_20200405T074259,1586072579000,Ben Tre,2020-04-05 07:42:59,0.00466650760303815
13.737968,0.289136,19.573914,21.3487433389147,10.853265,0.003683,S2A_MSIL2A_20200405T031541_N0214_R118_T48PWR_20200405T074259,1586072579000,Soc Trang,2020-04-05 07:42:59,0.0
13.737968,0.289136,19.573914,21.3487433389147,10.853265,0.003683,S2A_MSIL2A_20200405T031541_N0214_R118_T48PWR_20200405T074259,1586072579000,Tra Vinh,2020-04-05 07:42:59,0.0
13.737968,0.289136,19.573914,21.3487433389147,10.853265,0.003683,S2A_MSIL2A_20200405T031541_N0214_R118_T48PWR_20200405T074259,1586072579000,Vinh Long,2020-04-05 07:42:59,0.05375467136001003
13.737968,0.289136,19.573914,21.3487433389147,10.853265,0.003683,S2A_MSIL2A_20200405T031541_N0214_R118_T48PWR_20200405T074259,1586072579000,Bac Lieu,2020-04-05 07:42:59,0.0
13.737968,0.289136,19.573914,21.3487433389147,10.853265,0.003683,S2A_MSIL2A_20200405T031541_N0214_R118_T48PWR_20200405T074259,1586072579000,Ca Mau,2020-04-05 07:42:59,0.15098963920042038
13.737968,0.289136,19.573914,21.3487433389147,10.853265,0.003683,S2A_MSIL2A_20200405T031541_N0214_R118_T48PWR_20200405T074259,1586072579000,Can Tho city,2020-04-05 07:42:59,0.5563411378378486
13.737968,0.289136,19.573914,21.3487433389147,10.853265,0.003683,S2A_MSIL2A_20200405T031541_N0214_R118_T48PWR_20200405T074259,1586072579000,Hau Giang,2020-04-05 07:42:59,0.011415778242369666
13.737968,0.289136,19.573914,21.3487433389147,10.853265,0.003683,S2A_MSIL2A_20200405T031541_N0214_R118_T48PWR_20200405T074259,1586072579000,Kien Giang,2020-04-05 07:42:59,1.4011076182487692
9.166794,2.732612,4.598021,22.2303240689027,69.974315,0.0,S2A_MSIL2A_20200405T031541_N0214_R118_T48PVR_20200405T074259,1586072579000,Ca Mau,2020-04-05 07:42:59,0.15098963920042038
9.166794,2.732612,4.598021,22.2303240689027,69.974315,0.0,S2A_MSIL2A_20200405T031541_N0214_R118_T48PVR_20200405T074259,1586072579000,Kien Giang,2020-04-05 07:42:59,1.4011076182487692
9.826967,0.43782,0.03252,23.1117177070672,89.880103,0.0,S2A_MSIL2A_20200405T031541_N0214_R118_T48PUR_20200405T074259,1586072579000,Kien Giang,2020-04-05 07:42:59,1.4011076182487692
10.835691,0.01643,1.396213,21.1956744860268,81.873399,0.035517,S2A_MSIL2A_20200405T031541_N0214_R118_T48PWQ_20200405T074259,1586072579000,Bac Lieu,2020-04-05 07:42:59,0.0
10.835691,0.01643,1.396213,21.1956744860268,81.873399,0.035517,S2A_MSIL2A_20200405T031541_N0214_R118_T48PWQ_20200405T074259,1586072579000,Ca Mau,2020-04-05 07:42:59,0.15098963920042038
27.466731,13.514252,1.890097,22.0807111608265,62.944084,0.003368,S2A_MSIL2A_20200405T031541_N0214_R118_T48PVQ_20200405T074259,1586072579000,Ca Mau,2020-04-05 07:42:59,0.15098963920042038
26.112229,19.879268,0.923214,22.6497341547934,63.111836,0.000102,S2B_MSIL2A_20200407T030539_N0214_R075_T48PXR_20200407T071521,1586243721000,Soc Trang,2020-04-07 07:15:21,0.0
26.112229,19.879268,0.923214,22.6497341547934,63.111836,0.000102,S2B_MSIL2A_20200407T030539_N0214_R075_T48PXR_20200407T071521,1586243721000,Tra Vinh,2020-04-07 07:15:21,0.0
26.112229,19.879268,0.923214,22.6497341547934,63.111836,0.000102,S2B_MSIL2A_20200407T030539_N0214_R075_T48PXR_20200407T071521,1586243721000,Vinh Long,2020-04-07 07:15:21,0.05375467136001003
26.112229,19.879268,0.923214,22.6497341547934,63.111836,0.000102,S2B_MSIL2A_20200407T030539_N0214_R075_T48PXR_20200407T071521,1586243721000,Ben Tre,2020-04-07 07:15:21,0.00466650760303815
43.24754,10.616487,0.093834,20.2898542527699,56.612283,0.0,S2A_MSIL2A_20200408T032531_N0214_R018_T48PUR_20200408T073814,1586331494000,Kien Giang,2020-04-08 07:38:14,1.543628861731406
40.56164,31.039047,9.9e-05,22.5307939736868,59.264803,0.0,S2B_MSIL2A_20200410T031539_N0214_R118_T48PUR_20200410T082930,1586507370000,Kien Giang,2020-04-10 08:29:30,7.488466149372985
24.612703,4.354315,14.394738,22.1987942052533,22.214058,0.043749,S2A_MSIL2A_20200412T030541_N0214_R075_T48PXS_20200412T073216,1586676736000,Tra Vinh,2020-04-12 07:32:16,2.813445992680736
24.612703,4.354315,14.394738,22.1987942052533,22.214058,0.043749,S2A_MSIL2A_20200412T030541_N0214_R075_T48PXS_20200412T073216,1586676736000,Ben Tre,2020-04-12 07:32:16,2.5428026080293855
24.612703,4.354315,14.394738,22.1987942052533,22.214058,0.043749,S2A_MSIL2A_20200412T030541_N0214_R075_T48PXS_20200412T073216,1586676736000,Long An,2020-04-12 07:32:16,5.3927811010145845
24.612703,4.354315,14.394738,22.1987942052533,22.214058,0.043749,S2A_MSIL2A_20200412T030541_N0214_R075_T48PXS_20200412T073216,1586676736000,Tien Giang,2020-04-12 07:32:16,3.2572978924182046
1.529467,0.0,2.502656,22.1281410923701,82.090205,6.7e-05,S2A_MSIL2A_20200412T030541_N0214_R075_T48PXR_20200412T073216,1586676736000,Soc Trang,2020-04-12 07:32:16,4.960405880770417
1.529467,0.0,2.502656,22.1281410923701,82.090205,6.7e-05,S2A_MSIL2A_20200412T030541_N0214_R075_T48PXR_20200412T073216,1586676736000,Tra Vinh,2020-04-12 07:32:16,2.813445992680736
1.529467,0.0,2.502656,22.1281410923701,82.090205,6.7e-05,S2A_MSIL2A_20200412T030541_N0214_R075_T48PXR_20200412T073216,1586676736000,Vinh Long,2020-04-12 07:32:16,3.280253762286668
1.529467,0.0,2.502656,22.1281410923701,82.090205,6.7e-05,S2A_MSIL2A_20200412T030541_N0214_R075_T48PXR_20200412T073216,1586676736000,Ben Tre,2020-04-12 07:32:16,2.5428026080293855
23.411327,10.272971,38.122258,19.5490093276021,1.129651,0.0,S2A_MSIL2A_20200415T031541_N0214_R118_T48PXT_20200415T072754,1586935674000,Dong Thap,2020-04-15 07:27:54,6.0201926689442
23.411327,10.272971,38.122258,19.5490093276021,1.129651,0.0,S2A_MSIL2A_20200415T031541_N0214_R118_T48PXT_20200415T072754,1586935674000,Long An,2020-04-15 07:27:54,4.487549659121521
25.054704,3.2e-05,30.364531,19.4803970958177,0.965838,0.002134,S2A_MSIL2A_20200415T031541_N0214_R118_T48PXS_20200415T072754,1586935674000,Soc Trang,2020-04-15 07:27:54,2.9419137676772045
25.054704,3.2e-05,30.364531,19.4803970958177,0.965838,0.002134,S2A_MSIL2A_20200415T031541_N0214_R118_T48PXS_20200415T072754,1586935674000,Tra Vinh,2020-04-15 07:27:54,2.7645423173476265
25.054704,3.2e-05,30.364531,19.4803970958177,0.965838,0.002134,S2A_MSIL2A_20200415T031541_N0214_R118_T48PXS_20200415T072754,1586935674000,Vinh Long,2020-04-15 07:27:54,2.9208111842216167
25.054704,3.2e-05,30.364531,19.4803970958177,0.965838,0.002134,S2A_MSIL2A_20200415T031541_N0214_R118_T48PXS_20200415T072754,1586935674000,Ben Tre,2020-04-15 07:27:54,2.5428026080293855
25.054704,3.2e-05,30.364531,19.4803970958177,0.965838,0.002134,S2A_MSIL2A_20200415T031541_N0214_R118_T48PXS_20200415T072754,1586935674000,Dong Thap,2020-04-15 07:27:54,6.0201926689442
25.054704,3.2e-05,30.364531,19.4803970958177,0.965838,0.002134,S2A_MSIL2A_20200415T031541_N0214_R118_T48PXS_20200415T072754,1586935674000,Long An,2020-04-15 07:27:54,4.487549659121521
25.054704,3.2e-05,30.364531,19.4803970958177,0.965838,0.002134,S2A_MSIL2A_20200415T031541_N0214_R118_T48PXS_20200415T072754,1586935674000,Tien Giang,2020-04-15 07:27:54,2.832161803066081
44.646591,0.451833,25.276577,20.3682673361423,1.814158,0.0,S2A_MSIL2A_20200415T031541_N0214_R118_T48PWS_20200415T072754,1586935674000,Soc Trang,2020-04-15 07:27:54,2.9419137676772045
44.646591,0.451833,25.276577,20.3682673361423,1.814158,0.0,S2A_MSIL2A_20200415T031541_N0214_R118_T48PWS_20200415T072754,1586935674000,Tra Vinh,2020-04-15 07:27:54,2.7645423173476265
44.646591,0.451833,25.276577,20.3682673361423,1.814158,0.0,S2A_MSIL2A_20200415T031541_N0214_R118_T48PWS_20200415T072754,1586935674000,Vinh Long,2020-04-15 07:27:54,2.9208111842216167
44.646591,0.451833,25.276577,20.3682673361423,1.814158,0.0,S2A_MSIL2A_20200415T031541_N0214_R118_T48PWS_20200415T072754,1586935674000,Can Tho city,2020-04-15 07:27:54,4.628455120715331
44.646591,0.451833,25.276577,20.3682673361423,1.814158,0.0,S2A_MSIL2A_20200415T031541_N0214_R118_T48PWS_20200415T072754,1586935674000,Hau Giang,2020-04-15 07:27:54,3.8604913026401206
44.646591,0.451833,25.276577,20.3682673361423,1.814158,0.0,S2A_MSIL2A_20200415T031541_N0214_R118_T48PWS_20200415T072754,1586935674000,An Giang,2020-04-15 07:27:54,7.519492565642416
44.646591,0.451833,25.276577,20.3682673361423,1.814158,0.0,S2A_MSIL2A_20200415T031541_N0214_R118_T48PWS_20200415T072754,1586935674000,Dong Thap,2020-04-15 07:27:54,6.0201926689442
44.646591,0.451833,25.276577,20.3682673361423,1.814158,0.0,S2A_MSIL2A_20200415T031541_N0214_R118_T48PWS_20200415T072754,1586935674000,Kien Giang,2020-04-15 07:27:54,7.0024530025285125
44.646591,0.451833,25.276577,20.3682673361423,1.814158,0.0,S2A_MSIL2A_20200415T031541_N0214_R118_T48PWS_20200415T072754,1586935674000,Long An,2020-04-15 07:27:54,4.487549659121521
44.646591,0.451833,25.276577,20.3682673361423,1.814158,0.0,S2A_MSIL2A_20200415T031541_N0214_R118_T48PWS_20200415T072754,1586935674000,Tien Giang,2020-04-15 07:27:54,2.832161803066081
32.115603,0.000875,10.726086,19.4514337302184,24.613163,0.0,S2A_MSIL2A_20200415T031541_N0214_R118_T48PXR_20200415T072754,1586935674000,Soc Trang,2020-04-15 07:27:54,2.9419137676772045
32.115603,0.000875,10.726086,19.4514337302184,24.613163,0.0,S2A_MSIL2A_20200415T031541_N0214_R118_T48PXR_20200415T072754,1586935674000,Tra Vinh,2020-04-15 07:27:54,2.7645423173476265
32.115603,0.000875,10.726086,19.4514337302184,24.613163,0.0,S2A_MSIL2A_20200415T031541_N0214_R118_T48PXR_20200415T072754,1586935674000,Vinh Long,2020-04-15 07:27:54,2.9208111842216167
32.115603,0.000875,10.726086,19.4514337302184,24.613163,0.0,S2A_MSIL2A_20200415T031541_N0214_R118_T48PXR_20200415T072754,1586935674000,Ben Tre,2020-04-15 07:27:54,2.5428026080293855
35.737759,0.809496,11.116597,20.3379731900217,10.741492,0.023643,S2A_MSIL2A_20200415T031541_N0214_R118_T48PWR_20200415T072754,1586935674000,Soc Trang,2020-04-15 07:27:54,2.9419137676772045
35.737759,0.809496,11.116597,20.3379731900217,10.741492,0.023643,S2A_MSIL2A_20200415T031541_N0214_R118_T48PWR_20200415T072754,1586935674000,Tra Vinh,2020-04-15 07:27:54,2.7645423173476265
35.737759,0.809496,11.116597,20.3379731900217,10.741492,0.023643,S2A_MSIL2A_20200415T031541_N0214_R118_T48PWR_20200415T072754,1586935674000,Vinh Long,2020-04-15 07:27:54,2.9208111842216167
35.737759,0.809496,11.116597,20.3379731900217,10.741492,0.023643,S2A_MSIL2A_20200415T031541_N0214_R118_T48PWR_20200415T072754,1586935674000,Bac Lieu,2020-04-15 07:27:54,3.1102957601487273
35.737759,0.809496,11.116597,20.3379731900217,10.741492,0.023643,S2A_MSIL2A_20200415T031541_N0214_R118_T48PWR_20200415T072754,1586935674000,Ca Mau,2020-04-15 07:27:54,3.884638854321613
35.737759,0.809496,11.116597,20.3379731900217,10.741492,0.023643,S2A_MSIL2A_20200415T031541_N0214_R118_T48PWR_20200415T072754,1586935674000,Can Tho city,2020-04-15 07:27:54,4.628455120715331
35.737759,0.809496,11.116597,20.3379731900217,10.741492,0.023643,S2A_MSIL2A_20200415T031541_N0214_R118_T48PWR_20200415T072754,1586935674000,Hau Giang,2020-04-15 07:27:54,3.8604913026401206
35.737759,0.809496,11.116597,20.3379731900217,10.741492,0.023643,S2A_MSIL2A_20200415T031541_N0214_R118_T48PWR_20200415T072754,1586935674000,Kien Giang,2020-04-15 07:27:54,7.0024530025285125
35.004784,7.447746,3.300072,21.2247355939787,49.081925,0.0,S2A_MSIL2A_20200415T031541_N0214_R118_T48PVR_20200415T072754,1586935674000,Ca Mau,2020-04-15 07:27:54,3.884638854321613
35.004784,7.447746,3.300072,21.2247355939787,49.081925,0.0,S2A_MSIL2A_20200415T031541_N0214_R118_T48PVR_20200415T072754,1586935674000,Kien Giang,2020-04-15 07:27:54,7.0024530025285125
21.060713,0.019114,1.187458,20.3459589870953,72.927415,0.170341,S2A_MSIL2A_20200415T031541_N0214_R118_T48PWQ_20200415T072754,1586935674000,Bac Lieu,2020-04-15 07:27:54,3.1102957601487273
21.060713,0.019114,1.187458,20.3459589870953,72.927415,0.170341,S2A_MSIL2A_20200415T031541_N0214_R118_T48PWQ_20200415T072754,1586935674000,Ca Mau,2020-04-15 07:27:54,3.884638854321613
36.153106,6.707124,1.668505,21.2299634383849,56.489307,0.022004,S2A_MSIL2A_20200415T031541_N0214_R118_T48PVQ_20200415T072754,1586935674000,Ca Mau,2020-04-15 07:27:54,3.884638854321613
41.850481,6.985652,9.72181,21.8017452932766,17.165326,0.0362,S2B_MSIL2A_20200417T030539_N0214_R075_T48PXS_20200417T071652,1587107812000,Tra Vinh,2020-04-17 07:16:52,0.0
41.850481,6.985652,9.72181,21.8017452932766,17.165326,0.0362,S2B_MSIL2A_20200417T030539_N0214_R075_T48PXS_20200417T071652,1587107812000,Ben Tre,2020-04-17 07:16:52,0.0
41.850481,6.985652,9.72181,21.8017452932766,17.165326,0.0362,S2B_MSIL2A_20200417T030539_N0214_R075_T48PXS_20200417T071652,1587107812000,Long An,2020-04-17 07:16:52,1.5877453857098816
41.850481,6.985652,9.72181,21.8017452932766,17.165326,0.0362,S2B_MSIL2A_20200417T030539_N0214_R075_T48PXS_20200417T071652,1587107812000,Tien Giang,2020-04-17 07:16:52,0.040435107113003334
22.285355,12.997033,1.600345,21.8059758740415,65.318078,0.002901,S2B_MSIL2A_20200417T030539_N0214_R075_T48PXR_20200417T071652,1587107812000,Soc Trang,2020-04-17 07:16:52,0.0
22.285355,12.997033,1.600345,21.8059758740415,65.318078,0.002901,S2B_MSIL2A_20200417T030539_N0214_R075_T48PXR_20200417T071652,1587107812000,Tra Vinh,2020-04-17 07:16:52,0.0
22.285355,12.997033,1.600345,21.8059758740415,65.318078,0.002901,S2B_MSIL2A_20200417T030539_N0214_R075_T48PXR_20200417T071652,1587107812000,Vinh Long,2020-04-17 07:16:52,0.07161825797304243
22.285355,12.997033,1.600345,21.8059758740415,65.318078,0.002901,S2B_MSIL2A_20200417T030539_N0214_R075_T48PXR_20200417T071652,1587107812000,Ben Tre,2020-04-17 07:16:52,0.0
20.750433,4.84469,12.215289,19.4944276643422,59.670901,0.000271,S2A_MSIL2A_20200418T032541_N0214_R018_T48PUS_20200418T072214,1587194534000,Kien Giang,2020-04-18 07:22:14,2.399832972381819
25.555984,14.937112,0.144897,19.5084029020232,74.27392,0.0,S2A_MSIL2A_20200418T032541_N0214_R018_T48PUR_20200418T072214,1587194534000,Kien Giang,2020-04-18 07:22:14,2.399832972381819
3.943584,0.380115,57.67042,19.1938642285554,0.871246,0.0,S2B_MSIL2A_20200420T031539_N0214_R118_T48PXT_20200420T072439,1587367479000,Dong Thap,2020-04-20 07:24:39,0.2263583123726759
3.943584,0.380115,57.67042,19.1938642285554,0.871246,0.0,S2B_MSIL2A_20200420T031539_N0214_R118_T48PXT_20200420T072439,1587367479000,Long An,2020-04-20 07:24:39,0.11193039571669826
1.838654,0.019293,30.410737,20.0803211207099,1.768253,0.0,S2B_MSIL2A_20200420T031539_N0214_R118_T48PWT_20200420T072439,1587367479000,An Giang,2020-04-20 07:24:39,1.004651549750321
1.838654,0.019293,30.410737,20.0803211207099,1.768253,0.0,S2B_MSIL2A_20200420T031539_N0214_R118_T48PWT_20200420T072439,1587367479000,Dong Thap,2020-04-20 07:24:39,0.2263583123726759
1.838654,0.019293,30.410737,20.0803211207099,1.768253,0.0,S2B_MSIL2A_20200420T031539_N0214_R118_T48PWT_20200420T072439,1587367479000,Long An,2020-04-20 07:24:39,0.11193039571669826
16.612233,0.320942,17.645603,20.967006387929,1.057821,0.0,S2B_MSIL2A_20200420T031539_N0214_R118_T48PVT_20200420T072439,1587367479000,An Giang,2020-04-20 07:24:39,1.004651549750321
9.355493,0.627018,46.572644,19.2080307959815,0.901741,9e-06,S2B_MSIL2A_20200420T031539_N0214_R118_T48PXS_20200420T072439,1587367479000,Soc Trang,2020-04-20 07:24:39,0.00422816705584365
9.355493,0.627018,46.572644,19.2080307959815,0.901741,9e-06,S2B_MSIL2A_20200420T031539_N0214_R118_T48PXS_20200420T072439,1587367479000,Tra Vinh,2020-04-20 07:24:39,0.0
9.355493,0.627018,46.572644,19.2080307959815,0.901741,9e-06,S2B_MSIL2A_20200420T031539_N0214_R118_T48PXS_20200420T072439,1587367479000,Vinh Long,2020-04-20 07:24:39,0.0
9.355493,0.627018,46.572644,19.2080307959815,0.901741,9e-06,S2B_MSIL2A_20200420T031539_N0214_R118_T48PXS_20200420T072439,1587367479000,Ben Tre,2020-04-20 07:24:39,0.006074659672450217
9.355493,0.627018,46.572644,19.2080307959815,0.901741,9e-06,S2B_MSIL2A_20200420T031539_N0214_R118_T48PXS_20200420T072439,1587367479000,Dong Thap,2020-04-20 07:24:39,0.2263583123726759
9.355493,0.627018,46.572644,19.2080307959815,0.901741,9e-06,S2B_MSIL2A_20200420T031539_N0214_R118_T48PXS_20200420T072439,1587367479000,Long An,2020-04-20 07:24:39,0.11193039571669826
9.355493,0.627018,46.572644,19.2080307959815,0.901741,9e-06,S2B_MSIL2A_20200420T031539_N0214_R118_T48PXS_20200420T072439,1587367479000,Tien Giang,2020-04-20 07:24:39,0.05528136271707518
2.27855,3e-06,57.475531,20.0913293700068,3.765902,0.0,S2B_MSIL2A_20200420T031539_N0214_R118_T48PWS_20200420T072439,1587367479000,Soc Trang,2020-04-20 07:24:39,0.00422816705584365
2.27855,3e-06,57.475531,20.0913293700068,3.765902,0.0,S2B_MSIL2A_20200420T031539_N0214_R118_T48PWS_20200420T072439,1587367479000,Tra Vinh,2020-04-20 07:24:39,0.0
2.27855,3e-06,57.475531,20.0913293700068,3.765902,0.0,S2B_MSIL2A_20200420T031539_N0214_R118_T48PWS_20200420T072439,1587367479000,Vinh Long,2020-04-20 07:24:39,0.0
2.27855,3e-06,57.475531,20.0913293700068,3.765902,0.0,S2B_MSIL2A_20200420T031539_N0214_R118_T48PWS_20200420T072439,1587367479000,Can Tho city,2020-04-20 07:24:39,0.21206277212191796
2.27855,3e-06,57.475531,20.0913293700068,3.765902,0.0,S2B_MSIL2A_20200420T031539_N0214_R118_T48PWS_20200420T072439,1587367479000,Hau Giang,2020-04-20 07:24:39,0.11307783696472624
2.27855,3e-06,57.475531,20.0913293700068,3.765902,0.0,S2B_MSIL2A_20200420T031539_N0214_R118_T48PWS_20200420T072439,1587367479000,An Giang,2020-04-20 07:24:39,1.004651549750321
2.27855,3e-06,57.475531,20.0913293700068,3.765902,0.0,S2B_MSIL2A_20200420T031539_N0214_R118_T48PWS_20200420T072439,1587367479000,Dong Thap,2020-04-20 07:24:39,0.2263583123726759
2.27855,3e-06,57.475531,20.0913293700068,3.765902,0.0,S2B_MSIL2A_20200420T031539_N0214_R118_T48PWS_20200420T072439,1587367479000,Kien Giang,2020-04-20 07:24:39,1.0722999903070567
2.27855,3e-06,57.475531,20.0913293700068,3.765902,0.0,S2B_MSIL2A_20200420T031539_N0214_R118_T48PWS_20200420T072439,1587367479000,Long An,2020-04-20 07:24:39,0.11193039571669826
2.27855,3e-06,57.475531,20.0913293700068,3.765902,0.0,S2B_MSIL2A_20200420T031539_N0214_R118_T48PWS_20200420T072439,1587367479000,Tien Giang,2020-04-20 07:24:39,0.05528136271707518
7.104791,0.879237,14.121643,20.9751142074427,43.534452,0.000219,S2B_MSIL2A_20200420T031539_N0214_R118_T48PVS_20200420T072439,1587367479000,An Giang,2020-04-20 07:24:39,1.004651549750321
7.104791,0.879237,14.121643,20.9751142074427,43.534452,0.000219,S2B_MSIL2A_20200420T031539_N0214_R118_T48PVS_20200420T072439,1587367479000,Kien Giang,2020-04-20 07:24:39,1.0722999903070567
15.153298,0.0,15.821819,21.8585832006165,60.476768,0.000101,S2B_MSIL2A_20200420T031539_N0214_R118_T48PUS_20200420T072439,1587367479000,Kien Giang,2020-04-20 07:24:39,1.0722999903070567
33.361224,0.933088,10.898406,19.2625585191063,21.779704,2.5e-05,S2B_MSIL2A_20200420T031539_N0214_R118_T48PXR_20200420T072439,1587367479000,Soc Trang,2020-04-20 07:24:39,0.00422816705584365
33.361224,0.933088,10.898406,19.2625585191063,21.779704,2.5e-05,S2B_MSIL2A_20200420T031539_N0214_R118_T48PXR_20200420T072439,1587367479000,Tra Vinh,2020-04-20 07:24:39,0.0
33.361224,0.933088,10.898406,19.2625585191063,21.779704,2.5e-05,S2B_MSIL2A_20200420T031539_N0214_R118_T48PXR_20200420T072439,1587367479000,Vinh Long,2020-04-20 07:24:39,0.0
33.361224,0.933088,10.898406,19.2625585191063,21.779704,2.5e-05,S2B_MSIL2A_20200420T031539_N0214_R118_T48PXR_20200420T072439,1587367479000,Ben Tre,2020-04-20 07:24:39,0.006074659672450217
8.456683,0.0,21.856686,20.1410148543813,14.741589,0.000806,S2B_MSIL2A_20200420T031539_N0214_R118_T48PWR_20200420T072439,1587367479000,Soc Trang,2020-04-20 07:24:39,0.00422816705584365
8.456683,0.0,21.856686,20.1410148543813,14.741589,0.000806,S2B_MSIL2A_20200420T031539_N0214_R118_T48PWR_20200420T072439,1587367479000,Tra Vinh,2020-04-20 07:24:39,0.0
8.456683,0.0,21.856686,20.1410148543813,14.741589,0.000806,S2B_MSIL2A_20200420T031539_N0214_R118_T48PWR_20200420T072439,1587367479000,Vinh Long,2020-04-20 07:24:39,0.0
8.456683,0.0,21.856686,20.1410148543813,14.741589,0.000806,S2B_MSIL2A_20200420T031539_N0214_R118_T48PWR_20200420T072439,1587367479000,Bac Lieu,2020-04-20 07:24:39,0.0
8.456683,0.0,21.856686,20.1410148543813,14.741589,0.000806,S2B_MSIL2A_20200420T031539_N0214_R118_T48PWR_20200420T072439,1587367479000,Ca Mau,2020-04-20 07:24:39,0.0026129652175065667
8.456683,0.0,21.856686,20.1410148543813,14.741589,0.000806,S2B_MSIL2A_20200420T031539_N0214_R118_T48PWR_20200420T072439,1587367479000,Can Tho city,2020-04-20 07:24:39,0.21206277212191796
8.456683,0.0,21.856686,20.1410148543813,14.741589,0.000806,S2B_MSIL2A_20200420T031539_N0214_R118_T48PWR_20200420T072439,1587367479000,Hau Giang,2020-04-20 07:24:39,0.11307783696472624
8.456683,0.0,21.856686,20.1410148543813,14.741589,0.000806,S2B_MSIL2A_20200420T031539_N0214_R118_T48PWR_20200420T072439,1587367479000,Kien Giang,2020-04-20 07:24:39,1.0722999903070567
0.163662,0.0,6.643057,21.0203455189665,77.483773,0.0,S2B_MSIL2A_20200420T031539_N0214_R118_T48PVR_20200420T072439,1587367479000,Ca Mau,2020-04-20 07:24:39,0.0026129652175065667
0.163662,0.0,6.643057,21.0203455189665,77.483773,0.0,S2B_MSIL2A_20200420T031539_N0214_R118_T48PVR_20200420T072439,1587367479000,Kien Giang,2020-04-20 07:24:39,1.0722999903070567
0.180358,0.0,0.052168,21.8997073749357,99.750298,0.0,S2B_MSIL2A_20200420T031539_N0214_R118_T48PUR_20200420T072439,1587367479000,Kien Giang,2020-04-20 07:24:39,1.0722999903070567
6.633442,0.0,2.385241,20.2291449734514,83.992654,1.7e-05,S2B_MSIL2A_20200420T031539_N0214_R118_T48PWQ_20200420T072439,1587367479000,Bac Lieu,2020-04-20 07:24:39,0.0
6.633442,0.0,2.385241,20.2291449734514,83.992654,1.7e-05,S2B_MSIL2A_20200420T031539_N0214_R118_T48PWQ_20200420T072439,1587367479000,Ca Mau,2020-04-20 07:24:39,0.0026129652175065667
1.350244,0.243964,3.686789,21.102534863808,86.129785,0.0,S2B_MSIL2A_20200420T031539_N0214_R118_T48PVQ_20200420T072439,1587367479000,Ca Mau,2020-04-20 07:24:39,0.0026129652175065667
43.661597,22.845818,8.269881,19.3419864586282,43.394393,5.9e-05,S2B_MSIL2A_20200423T032529_N0214_R018_T48PUS_20200423T073946,1587627586000,Kien Giang,2020-04-23 07:39:46,4.40615020284513
13.349681,11.776476,0.142716,19.4370513939706,86.485726,0.0,S2B_MSIL2A_20200423T032529_N0214_R018_T48PUR_20200423T073946,1587627586000,Kien Giang,2020-04-23 07:39:46,4.40615020284513
3.424603,1.981547,62.542754,18.9850868082604,0.900257,0.0,S2A_MSIL2A_20200425T031541_N0214_R118_T48PXT_20200425T074830,1587800910000,Dong Thap,2020-04-25 07:48:30,3.1274761561251925
3.424603,1.981547,62.542754,18.9850868082604,0.900257,0.0,S2A_MSIL2A_20200425T031541_N0214_R118_T48PXT_20200425T074830,1587800910000,Long An,2020-04-25 07:48:30,3.132482186539141
12.879536,3.269227,27.844009,19.8636527858145,1.204492,0.0,S2A_MSIL2A_20200425T031541_N0214_R118_T48PWT_20200425T074830,1587800910000,An Giang,2020-04-25 07:48:30,5.096966245307882
12.879536,3.269227,27.844009,19.8636527858145,1.204492,0.0,S2A_MSIL2A_20200425T031541_N0214_R118_T48PWT_20200425T074830,1587800910000,Dong Thap,2020-04-25 07:48:30,3.1274761561251925
12.879536,3.269227,27.844009,19.8636527858145,1.204492,0.0,S2A_MSIL2A_20200425T031541_N0214_R118_T48PWT_20200425T074830,1587800910000,Long An,2020-04-25 07:48:30,3.132482186539141
40.060878,4.721827,8.214325,20.7431067610143,0.780553,0.0,S2A_MSIL2A_20200425T031541_N0214_R118_T48PVT_20200425T074830,1587800910000,An Giang,2020-04-25 07:48:30,5.096966245307882
16.863047,3.014558,41.14902,19.0801556492292,0.995949,0.0,S2A_MSIL2A_20200425T031541_N0214_R118_T48PXS_20200425T074830,1587800910000,Soc Trang,2020-04-25 07:48:30,0.5613968715166237
16.863047,3.014558,41.14902,19.0801556492292,0.995949,0.0,S2A_MSIL2A_20200425T031541_N0214_R118_T48PXS_20200425T074830,1587800910000,Tra Vinh,2020-04-25 07:48:30,0.29870709817484675
16.863047,3.014558,41.14902,19.0801556492292,0.995949,0.0,S2A_MSIL2A_20200425T031541_N0214_R118_T48PXS_20200425T074830,1587800910000,Vinh Long,2020-04-25 07:48:30,1.184655869053242
16.863047,3.014558,41.14902,19.0801556492292,0.995949,0.0,S2A_MSIL2A_20200425T031541_N0214_R118_T48PXS_20200425T074830,1587800910000,Ben Tre,2020-04-25 07:48:30,0.2761110581103185
16.863047,3.014558,41.14902,19.0801556492292,0.995949,0.0,S2A_MSIL2A_20200425T031541_N0214_R118_T48PXS_20200425T074830,1587800910000,Dong Thap,2020-04-25 07:48:30,3.1274761561251925
16.863047,3.014558,41.14902,19.0801556492292,0.995949,0.0,S2A_MSIL2A_20200425T031541_N0214_R118_T48PXS_20200425T074830,1587800910000,Long An,2020-04-25 07:48:30,3.132482186539141
16.863047,3.014558,41.14902,19.0801556492292,0.995949,0.0,S2A_MSIL2A_20200425T031541_N0214_R118_T48PXS_20200425T074830,1587800910000,Tien Giang,2020-04-25 07:48:30,1.8563561360619898
26.763884,2.519375,39.390269,19.9521486891863,1.810027,0.0,S2A_MSIL2A_20200425T031541_N0214_R118_T48PWS_20200425T074830,1587800910000,Soc Trang,2020-04-25 07:48:30,0.5613968715166237
26.763884,2.519375,39.390269,19.9521486891863,1.810027,0.0,S2A_MSIL2A_20200425T031541_N0214_R118_T48PWS_20200425T074830,1587800910000,Tra Vinh,2020-04-25 07:48:30,0.29870709817484675
26.763884,2.519375,39.390269,19.9521486891863,1.810027,0.0,S2A_MSIL2A_20200425T031541_N0214_R118_T48PWS_20200425T074830,1587800910000,Vinh Long,2020-04-25 07:48:30,1.184655869053242
26.763884,2.519375,39.390269,19.9521486891863,1.810027,0.0,S2A_MSIL2A_20200425T031541_N0214_R118_T48PWS_20200425T074830,1587800910000,Can Tho city,2020-04-25 07:48:30,2.2004437106931283
26.763884,2.519375,39.390269,19.9521486891863,1.810027,0.0,S2A_MSIL2A_20200425T031541_N0214_R118_T48PWS_20200425T074830,1587800910000,Hau Giang,2020-04-25 07:48:30,2.2872923649682546
26.763884,2.519375,39.390269,19.9521486891863,1.810027,0.0,S2A_MSIL2A_20200425T031541_N0214_R118_T48PWS_20200425T074830,1587800910000,An Giang,2020-04-25 07:48:30,5.096966245307882
26.763884,2.519375,39.390269,19.9521486891863,1.810027,0.0,S2A_MSIL2A_20200425T031541_N0214_R118_T48PWS_20200425T074830,1587800910000,Dong Thap,2020-04-25 07:48:30,3.1274761561251925
26.763884,2.519375,39.390269,19.9521486891863,1.810027,0.0,S2A_MSIL2A_20200425T031541_N0214_R118_T48PWS_20200425T074830,1587800910000,Kien Giang,2020-04-25 07:48:30,4.8926817973972705
26.763884,2.519375,39.390269,19.9521486891863,1.810027,0.0,S2A_MSIL2A_20200425T031541_N0214_R118_T48PWS_20200425T074830,1587800910000,Long An,2020-04-25 07:48:30,3.132482186539141
26.763884,2.519375,39.390269,19.9521486891863,1.810027,0.0,S2A_MSIL2A_20200425T031541_N0214_R118_T48PWS_20200425T074830,1587800910000,Tien Giang,2020-04-25 07:48:30,1.8563561360619898
40.648041,1.279684,4.622759,20.8255501870053,31.429845,0.158294,S2A_MSIL2A_20200425T031541_N0214_R118_T48PVS_20200425T074830,1587800910000,An Giang,2020-04-25 07:48:30,5.096966245307882
40.648041,1.279684,4.622759,20.8255501870053,31.429845,0.158294,S2A_MSIL2A_20200425T031541_N0214_R118_T48PVS_20200425T074830,1587800910000,Kien Giang,2020-04-25 07:48:30,4.8926817973972705
27.73837,2.808951,10.699488,21.6994566906497,54.874784,0.01937,S2A_MSIL2A_20200425T031541_N0214_R118_T48PUS_20200425T074830,1587800910000,Kien Giang,2020-04-25 07:48:30,4.8926817973972705
36.283241,1.128819,10.489938,19.2151624504525,22.711988,0.006594,S2A_MSIL2A_20200425T031541_N0214_R118_T48PXR_20200425T074830,1587800910000,Soc Trang,2020-04-25 07:48:30,0.5613968715166237
36.283241,1.128819,10.489938,19.2151624504525,22.711988,0.006594,S2A_MSIL2A_20200425T031541_N0214_R118_T48PXR_20200425T074830,1587800910000,Tra Vinh,2020-04-25 07:48:30,0.29870709817484675
36.283241,1.128819,10.489938,19.2151624504525,22.711988,0.006594,S2A_MSIL2A_20200425T031541_N0214_R118_T48PXR_20200425T074830,1587800910000,Vinh Long,2020-04-25 07:48:30,1.184655869053242
36.283241,1.128819,10.489938,19.2151624504525,22.711988,0.006594,S2A_MSIL2A_20200425T031541_N0214_R118_T48PXR_20200425T074830,1587800910000,Ben Tre,2020-04-25 07:48:30,0.2761110581103185
28.429575,0.184246,15.462209,20.0790008508961,9.973288,0.059213,S2A_MSIL2A_20200425T031541_N0214_R118_T48PWR_20200425T074830,1587800910000,Soc Trang,2020-04-25 07:48:30,0.5613968715166237
28.429575,0.184246,15.462209,20.0790008508961,9.973288,0.059213,S2A_MSIL2A_20200425T031541_N0214_R118_T48PWR_20200425T074830,1587800910000,Tra Vinh,2020-04-25 07:48:30,0.29870709817484675
28.429575,0.184246,15.462209,20.0790008508961,9.973288,0.059213,S2A_MSIL2A_20200425T031541_N0214_R118_T48PWR_20200425T074830,1587800910000,Vinh Long,2020-04-25 07:48:30,1.184655869053242
28.429575,0.184246,15.462209,20.0790008508961,9.973288,0.059213,S2A_MSIL2A_20200425T031541_N0214_R118_T48PWR_20200425T074830,1587800910000,Bac Lieu,2020-04-25 07:48:30,2.2607788833289786
28.429575,0.184246,15.462209,20.0790008508961,9.973288,0.059213,S2A_MSIL2A_20200425T031541_N0214_R118_T48PWR_20200425T074830,1587800910000,Ca Mau,2020-04-25 07:48:30,4.315810210821143
28.429575,0.184246,15.462209,20.0790008508961,9.973288,0.059213,S2A_MSIL2A_20200425T031541_N0214_R118_T48PWR_20200425T074830,1587800910000,Can Tho city,2020-04-25 07:48:30,2.2004437106931283
28.429575,0.184246,15.462209,20.0790008508961,9.973288,0.059213,S2A_MSIL2A_20200425T031541_N0214_R118_T48PWR_20200425T074830,1587800910000,Hau Giang,2020-04-25 07:48:30,2.2872923649682546
28.429575,0.184246,15.462209,20.0790008508961,9.973288,0.059213,S2A_MSIL2A_20200425T031541_N0214_R118_T48PWR_20200425T074830,1587800910000,Kien Giang,2020-04-25 07:48:30,4.8926817973972705
15.814175,1.714835,4.301253,20.9448951797894,66.118884,0.0,S2A_MSIL2A_20200425T031541_N0214_R118_T48PVR_20200425T074830,1587800910000,Ca Mau,2020-04-25 07:48:30,4.315810210821143
15.814175,1.714835,4.301253,20.9448951797894,66.118884,0.0,S2A_MSIL2A_20200425T031541_N0214_R118_T48PVR_20200425T074830,1587800910000,Kien Giang,2020-04-25 07:48:30,4.8926817973972705
10.517487,4.396104,0.050463,21.8118708877487,89.362788,0.0,S2A_MSIL2A_20200425T031541_N0214_R118_T48PUR_20200425T074830,1587800910000,Kien Giang,2020-04-25 07:48:30,4.8926817973972705
14.957535,1.16705,1.894808,21.10075892316,76.028067,0.094519,S2A_MSIL2A_20200425T031541_N0214_R118_T48PVQ_20200425T074830,1587800910000,Ca Mau,2020-04-25 07:48:30,4.315810210821143
8.286456,6.687361,56.801736,19.0076325317597,1.04206,0.0,S2B_MSIL2A_20200430T031539_N0214_R118_T48PXT_20200430T072914,1588231754000,Dong Thap,2020-04-30 07:29:14,0.10645538340544214
8.286456,6.687361,56.801736,19.0076325317597,1.04206,0.0,S2B_MSIL2A_20200430T031539_N0214_R118_T48PXT_20200430T072914,1588231754000,Long An,2020-04-30 07:29:14,0.19206875505213797
11.212335,3.187226,28.498223,19.8724595235459,1.106287,0.0,S2B_MSIL2A_20200430T031539_N0214_R118_T48PWT_20200430T072914,1588231754000,An Giang,2020-04-30 07:29:14,0.1730851322294533
11.212335,3.187226,28.498223,19.8724595235459,1.106287,0.0,S2B_MSIL2A_20200430T031539_N0214_R118_T48PWT_20200430T072914,1588231754000,Dong Thap,2020-04-30 07:29:14,0.10645538340544214
11.212335,3.187226,28.498223,19.8724595235459,1.106287,0.0,S2B_MSIL2A_20200430T031539_N0214_R118_T48PWT_20200430T072914,1588231754000,Long An,2020-04-30 07:29:14,0.19206875505213797
12.395059,1.439446,39.309725,19.1783945253043,1.807465,0.005462,S2B_MSIL2A_20200430T031539_N0214_R118_T48PXS_20200430T072914,1588231754000,Soc Trang,2020-04-30 07:29:14,0.08271215915730824
12.395059,1.439446,39.309725,19.1783945253043,1.807465,0.005462,S2B_MSIL2A_20200430T031539_N0214_R118_T48PXS_20200430T072914,1588231754000,Tra Vinh,2020-04-30 07:29:14,0.096154088435515
12.395059,1.439446,39.309725,19.1783945253043,1.807465,0.005462,S2B_MSIL2A_20200430T031539_N0214_R118_T48PXS_20200430T072914,1588231754000,Vinh Long,2020-04-30 07:29:14,0.4509349233528561
12.395059,1.439446,39.309725,19.1783945253043,1.807465,0.005462,S2B_MSIL2A_20200430T031539_N0214_R118_T48PXS_20200430T072914,1588231754000,Ben Tre,2020-04-30 07:29:14,0.02647355909730123
12.395059,1.439446,39.309725,19.1783945253043,1.807465,0.005462,S2B_MSIL2A_20200430T031539_N0214_R118_T48PXS_20200430T072914,1588231754000,Dong Thap,2020-04-30 07:29:14,0.10645538340544214
12.395059,1.439446,39.309725,19.1783945253043,1.807465,0.005462,S2B_MSIL2A_20200430T031539_N0214_R118_T48PXS_20200430T072914,1588231754000,Long An,2020-04-30 07:29:14,0.19206875505213797
12.395059,1.439446,39.309725,19.1783945253043,1.807465,0.005462,S2B_MSIL2A_20200430T031539_N0214_R118_T48PXS_20200430T072914,1588231754000,Tien Giang,2020-04-30 07:29:14,0.07502376929900702
4.538217,1.165355,60.844874,20.0336262260553,2.408201,0.0,S2B_MSIL2A_20200430T031539_N0214_R118_T48PWS_20200430T072914,1588231754000,Soc Trang,2020-04-30 07:29:14,0.08271215915730824
4.538217,1.165355,60.844874,20.0336262260553,2.408201,0.0,S2B_MSIL2A_20200430T031539_N0214_R118_T48PWS_20200430T072914,1588231754000,Tra Vinh,2020-04-30 07:29:14,0.096154088435515
4.538217,1.165355,60.844874,20.0336262260553,2.408201,0.0,S2B_MSIL2A_20200430T031539_N0214_R118_T48PWS_20200430T072914,1588231754000,Vinh Long,2020-04-30 07:29:14,0.4509349233528561
4.538217,1.165355,60.844874,20.0336262260553,2.408201,0.0,S2B_MSIL2A_20200430T031539_N0214_R118_T48PWS_20200430T072914,1588231754000,Can Tho city,2020-04-30 07:29:14,0.22202423840261395
4.538217,1.165355,60.844874,20.0336262260553,2.408201,0.0,S2B_MSIL2A_20200430T031539_N0214_R118_T48PWS_20200430T072914,1588231754000,Hau Giang,2020-04-30 07:29:14,0.632827371495409
4.538217,1.165355,60.844874,20.0336262260553,2.408201,0.0,S2B_MSIL2A_20200430T031539_N0214_R118_T48PWS_20200430T072914,1588231754000,An Giang,2020-04-30 07:29:14,0.1730851322294533
4.538217,1.165355,60.844874,20.0336262260553,2.408201,0.0,S2B_MSIL2A_20200430T031539_N0214_R118_T48PWS_20200430T072914,1588231754000,Dong Thap,2020-04-30 07:29:14,0.10645538340544214
4.538217,1.165355,60.844874,20.0336262260553,2.408201,0.0,S2B_MSIL2A_20200430T031539_N0214_R118_T48PWS_20200430T072914,1588231754000,Kien Giang,2020-04-30 07:29:14,0.7275076582069427
4.538217,1.165355,60.844874,20.0336262260553,2.408201,0.0,S2B_MSIL2A_20200430T031539_N0214_R118_T48PWS_20200430T072914,1588231754000,Long An,2020-04-30 07:29:14,0.19206875505213797
4.538217,1.165355,60.844874,20.0336262260553,2.408201,0.0,S2B_MSIL2A_20200430T031539_N0214_R118_T48PWS_20200430T072914,1588231754000,Tien Giang,2020-04-30 07:29:14,0.07502376929900702
33.602131,15.129814,9.877486,20.8916001706229,25.837991,0.001178,S2B_MSIL2A_20200430T031539_N0214_R118_T48PVS_20200430T072914,1588231754000,An Giang,2020-04-30 07:29:14,0.1730851322294533
33.602131,15.129814,9.877486,20.8916001706229,25.837991,0.001178,S2B_MSIL2A_20200430T031539_N0214_R118_T48PVS_20200430T072914,1588231754000,Kien Giang,2020-04-30 07:29:14,0.7275076582069427
31.904453,3.036233,13.043086,19.3877644931555,18.627602,0.000302,S2B_MSIL2A_20200430T031539_N0214_R118_T48PXR_20200430T072914,1588231754000,Soc Trang,2020-04-30 07:29:14,0.08271215915730824
31.904453,3.036233,13.043086,19.3877644931555,18.627602,0.000302,S2B_MSIL2A_20200430T031539_N0214_R118_T48PXR_20200430T072914,1588231754000,Tra Vinh,2020-04-30 07:29:14,0.096154088435515
31.904453,3.036233,13.043086,19.3877644931555,18.627602,0.000302,S2B_MSIL2A_20200430T031539_N0214_R118_T48PXR_20200430T072914,1588231754000,Vinh Long,2020-04-30 07:29:14,0.4509349233528561
31.904453,3.036233,13.043086,19.3877644931555,18.627602,0.000302,S2B_MSIL2A_20200430T031539_N0214_R118_T48PXR_20200430T072914,1588231754000,Ben Tre,2020-04-30 07:29:14,0.02647355909730123
43.830512,2.986755,18.622211,20.2320342593991,3.158788,0.001496,S2B_MSIL2A_20200430T031539_N0214_R118_T48PWR_20200430T072914,1588231754000,Soc Trang,2020-04-30 07:29:14,0.08271215915730824
43.830512,2.986755,18.622211,20.2320342593991,3.158788,0.001496,S2B_MSIL2A_20200430T031539_N0214_R118_T48PWR_20200430T072914,1588231754000,Tra Vinh,2020-04-30 07:29:14,0.096154088435515
43.830512,2.986755,18.622211,20.2320342593991,3.158788,0.001496,S2B_MSIL2A_20200430T031539_N0214_R118_T48PWR_20200430T072914,1588231754000,Vinh Long,2020-04-30 07:29:14,0.4509349233528561
43.830512,2.986755,18.622211,20.2320342593991,3.158788,0.001496,S2B_MSIL2A_20200430T031539_N0214_R118_T48PWR_20200430T072914,1588231754000,Bac Lieu,2020-04-30 07:29:14,0.2904714461812433
43.830512,2.986755,18.622211,20.2320342593991,3.158788,0.001496,S2B_MSIL2A_20200430T031539_N0214_R118_T48PWR_20200430T072914,1588231754000,Ca Mau,2020-04-30 07:29:14,0.2778099273038291
43.830512,2.986755,18.622211,20.2320342593991,3.158788,0.001496,S2B_MSIL2A_20200430T031539_N0214_R118_T48PWR_20200430T072914,1588231754000,Can Tho city,2020-04-30 07:29:14,0.22202423840261395
43.830512,2.986755,18.622211,20.2320342593991,3.158788,0.001496,S2B_MSIL2A_20200430T031539_N0214_R118_T48PWR_20200430T072914,1588231754000,Hau Giang,2020-04-30 07:29:14,0.632827371495409
43.830512,2.986755,18.622211,20.2320342593991,3.158788,0.001496,S2B_MSIL2A_20200430T031539_N0214_R118_T48PWR_20200430T072914,1588231754000,Kien Giang,2020-04-30 07:29:14,0.7275076582069427
39.458041,13.941193,8.077236,21.5659265109723,19.952603,0.053322,S2A_MSIL2A_20200502T030551_N0214_R075_T48PXS_20200502T072814,1588404494000,Tra Vinh,2020-05-02 07:28:14,0.0
39.458041,13.941193,8.077236,21.5659265109723,19.952603,0.053322,S2A_MSIL2A_20200502T030551_N0214_R075_T48PXS_20200502T072814,1588404494000,Ben Tre,2020-05-02 07:28:14,0.0
39.458041,13.941193,8.077236,21.5659265109723,19.952603,0.053322,S2A_MSIL2A_20200502T030551_N0214_R075_T48PXS_20200502T072814,1588404494000,Long An,2020-05-02 07:28:14,0.37577191394651743
39.458041,13.941193,8.077236,21.5659265109723,19.952603,0.053322,S2A_MSIL2A_20200502T030551_N0214_R075_T48PXS_20200502T072814,1588404494000,Tien Giang,2020-05-02 07:28:14,0.06127693959812915
48.140151,19.849391,4.545626,19.4989860052583,41.828436,0.219659,S2B_MSIL2A_20200503T032539_N0214_R018_T48PUS_20200503T090125,1588496485000,Kien Giang,2020-05-03 09:01:25,2.279251872807366
24.810987,14.782198,0.154479,19.7401138848327,75.00208,0.0,S2B_MSIL2A_20200503T032539_N0214_R018_T48PUR_20200503T090125,1588496485000,Kien Giang,2020-05-03 09:01:25,2.279251872807366
41.727966,0.001226,23.717633,19.1320452557703,0.731343,0.0,S2A_MSIL2A_20200505T031541_N0214_R118_T48PXT_20200505T074750,1588664870000,Dong Thap,2020-05-05 07:47:50,0.1192490786075069
41.727966,0.001226,23.717633,19.1320452557703,0.731343,0.0,S2A_MSIL2A_20200505T031541_N0214_R118_T48PXT_20200505T074750,1588664870000,Long An,2020-05-05 07:47:50,0.3598232878631768
34.412491,2.3e-05,22.364093,19.9787734623868,1.177952,0.0,S2A_MSIL2A_20200505T031541_N0214_R118_T48PWT_20200505T074750,1588664870000,An Giang,2020-05-05 07:47:50,0.8523748484278147
34.412491,2.3e-05,22.364093,19.9787734623868,1.177952,0.0,S2A_MSIL2A_20200505T031541_N0214_R118_T48PWT_20200505T074750,1588664870000,Dong Thap,2020-05-05 07:47:50,0.1192490786075069
34.412491,2.3e-05,22.364093,19.9787734623868,1.177952,0.0,S2A_MSIL2A_20200505T031541_N0214_R118_T48PWT_20200505T074750,1588664870000,Long An,2020-05-05 07:47:50,0.3598232878631768
7.230488,0.001135,31.093496,20.8289269675511,0.934779,0.0,S2A_MSIL2A_20200505T031541_N0214_R118_T48PVT_20200505T074750,1588664870000,An Giang,2020-05-05 07:47:50,0.8523748484278147
43.176962,0.000124,22.351471,19.3718181345521,3.023736,0.146092,S2A_MSIL2A_20200505T031541_N0214_R118_T48PXS_20200505T074750,1588664870000,Soc Trang,2020-05-05 07:47:50,0.18692848143786053
43.176962,0.000124,22.351471,19.3718181345521,3.023736,0.146092,S2A_MSIL2A_20200505T031541_N0214_R118_T48PXS_20200505T074750,1588664870000,Tra Vinh,2020-05-05 07:47:50,0.0416773931818795
43.176962,0.000124,22.351471,19.3718181345521,3.023736,0.146092,S2A_MSIL2A_20200505T031541_N0214_R118_T48PXS_20200505T074750,1588664870000,Vinh Long,2020-05-05 07:47:50,0.3338638454429725
43.176962,0.000124,22.351471,19.3718181345521,3.023736,0.146092,S2A_MSIL2A_20200505T031541_N0214_R118_T48PXS_20200505T074750,1588664870000,Ben Tre,2020-05-05 07:47:50,0.0
43.176962,0.000124,22.351471,19.3718181345521,3.023736,0.146092,S2A_MSIL2A_20200505T031541_N0214_R118_T48PXS_20200505T074750,1588664870000,Dong Thap,2020-05-05 07:47:50,0.1192490786075069
43.176962,0.000124,22.351471,19.3718181345521,3.023736,0.146092,S2A_MSIL2A_20200505T031541_N0214_R118_T48PXS_20200505T074750,1588664870000,Long An,2020-05-05 07:47:50,0.3598232878631768
43.176962,0.000124,22.351471,19.3718181345521,3.023736,0.146092,S2A_MSIL2A_20200505T031541_N0214_R118_T48PXS_20200505T074750,1588664870000,Tien Giang,2020-05-05 07:47:50,0.0554731032212313
22.884538,5.3e-05,44.509545,20.2064538972948,3.397402,0.0,S2A_MSIL2A_20200505T031541_N0214_R118_T48PWS_20200505T074750,1588664870000,Soc Trang,2020-05-05 07:47:50,0.18692848143786053
22.884538,5.3e-05,44.509545,20.2064538972948,3.397402,0.0,S2A_MSIL2A_20200505T031541_N0214_R118_T48PWS_20200505T074750,1588664870000,Tra Vinh,2020-05-05 07:47:50,0.0416773931818795
22.884538,5.3e-05,44.509545,20.2064538972948,3.397402,0.0,S2A_MSIL2A_20200505T031541_N0214_R118_T48PWS_20200505T074750,1588664870000,Vinh Long,2020-05-05 07:47:50,0.3338638454429725
22.884538,5.3e-05,44.509545,20.2064538972948,3.397402,0.0,S2A_MSIL2A_20200505T031541_N0214_R118_T48PWS_20200505T074750,1588664870000,Can Tho city,2020-05-05 07:47:50,1.21577350258033
22.884538,5.3e-05,44.509545,20.2064538972948,3.397402,0.0,S2A_MSIL2A_20200505T031541_N0214_R118_T48PWS_20200505T074750,1588664870000,Hau Giang,2020-05-05 07:47:50,2.3779737997793617
22.884538,5.3e-05,44.509545,20.2064538972948,3.397402,0.0,S2A_MSIL2A_20200505T031541_N0214_R118_T48PWS_20200505T074750,1588664870000,An Giang,2020-05-05 07:47:50,0.8523748484278147
22.884538,5.3e-05,44.509545,20.2064538972948,3.397402,0.0,S2A_MSIL2A_20200505T031541_N0214_R118_T48PWS_20200505T074750,1588664870000,Dong Thap,2020-05-05 07:47:50,0.1192490786075069
22.884538,5.3e-05,44.509545,20.2064538972948,3.397402,0.0,S2A_MSIL2A_20200505T031541_N0214_R118_T48PWS_20200505T074750,1588664870000,Kien Giang,2020-05-05 07:47:50,2.3203768630362833
22.884538,5.3e-05,44.509545,20.2064538972948,3.397402,0.0,S2A_MSIL2A_20200505T031541_N0214_R118_T48PWS_20200505T074750,1588664870000,Long An,2020-05-05 07:47:50,0.3598232878631768
22.884538,5.3e-05,44.509545,20.2064538972948,3.397402,0.0,S2A_MSIL2A_20200505T031541_N0214_R118_T48PWS_20200505T074750,1588664870000,Tien Giang,2020-05-05 07:47:50,0.0554731032212313
19.663306,1.131094,14.126042,21.045401472737,41.385871,0.304412,S2A_MSIL2A_20200505T031541_N0214_R118_T48PVS_20200505T074750,1588664870000,An Giang,2020-05-05 07:47:50,0.8523748484278147
19.663306,1.131094,14.126042,21.045401472737,41.385871,0.304412,S2A_MSIL2A_20200505T031541_N0214_R118_T48PVS_20200505T074750,1588664870000,Kien Giang,2020-05-05 07:47:50,2.3203768630362833
25.526435,4.419548,20.398961,21.8874547874601,47.425804,0.110796,S2A_MSIL2A_20200505T031541_N0214_R118_T48PUS_20200505T074750,1588664870000,Kien Giang,2020-05-05 07:47:50,2.3203768630362833
42.524858,17.865163,8.635479,19.648249287917,17.01137,0.002361,S2A_MSIL2A_20200505T031541_N0214_R118_T48PXR_20200505T074750,1588664870000,Soc Trang,2020-05-05 07:47:50,0.18692848143786053
42.524858,17.865163,8.635479,19.648249287917,17.01137,0.002361,S2A_MSIL2A_20200505T031541_N0214_R118_T48PXR_20200505T074750,1588664870000,Tra Vinh,2020-05-05 07:47:50,0.0416773931818795
42.524858,17.865163,8.635479,19.648249287917,17.01137,0.002361,S2A_MSIL2A_20200505T031541_N0214_R118_T48PXR_20200505T074750,1588664870000,Vinh Long,2020-05-05 07:47:50,0.3338638454429725
42.524858,17.865163,8.635479,19.648249287917,17.01137,0.002361,S2A_MSIL2A_20200505T031541_N0214_R118_T48PXR_20200505T074750,1588664870000,Ben Tre,2020-05-05 07:47:50,0.0
30.428354,5.099659,16.843446,20.4696501833023,14.632991,0.059061,S2A_MSIL2A_20200505T031541_N0214_R118_T48PWR_20200505T074750,1588664870000,Soc Trang,2020-05-05 07:47:50,0.18692848143786053
30.428354,5.099659,16.843446,20.4696501833023,14.632991,0.059061,S2A_MSIL2A_20200505T031541_N0214_R118_T48PWR_20200505T074750,1588664870000,Tra Vinh,2020-05-05 07:47:50,0.0416773931818795
30.428354,5.099659,16.843446,20.4696501833023,14.632991,0.059061,S2A_MSIL2A_20200505T031541_N0214_R118_T48PWR_20200505T074750,1588664870000,Vinh Long,2020-05-05 07:47:50,0.3338638454429725
30.428354,5.099659,16.843446,20.4696501833023,14.632991,0.059061,S2A_MSIL2A_20200505T031541_N0214_R118_T48PWR_20200505T074750,1588664870000,Bac Lieu,2020-05-05 07:47:50,0.5692843225107252
30.428354,5.099659,16.843446,20.4696501833023,14.632991,0.059061,S2A_MSIL2A_20200505T031541_N0214_R118_T48PWR_20200505T074750,1588664870000,Ca Mau,2020-05-05 07:47:50,0.6469640152630988
30.428354,5.099659,16.843446,20.4696501833023,14.632991,0.059061,S2A_MSIL2A_20200505T031541_N0214_R118_T48PWR_20200505T074750,1588664870000,Can Tho city,2020-05-05 07:47:50,1.21577350258033
30.428354,5.099659,16.843446,20.4696501833023,14.632991,0.059061,S2A_MSIL2A_20200505T031541_N0214_R118_T48PWR_20200505T074750,1588664870000,Hau Giang,2020-05-05 07:47:50,2.3779737997793617
30.428354,5.099659,16.843446,20.4696501833023,14.632991,0.059061,S2A_MSIL2A_20200505T031541_N0214_R118_T48PWR_20200505T074750,1588664870000,Kien Giang,2020-05-05 07:47:50,2.3203768630362833
20.827121,11.592045,2.369992,21.2962937074767,63.283646,0.0,S2A_MSIL2A_20200505T031541_N0214_R118_T48PVR_20200505T074750,1588664870000,Ca Mau,2020-05-05 07:47:50,0.6469640152630988
20.827121,11.592045,2.369992,21.2962937074767,63.283646,0.0,S2A_MSIL2A_20200505T031541_N0214_R118_T48PVR_20200505T074750,1588664870000,Kien Giang,2020-05-05 07:47:50,2.3203768630362833
27.18529,15.58838,0.001046,22.1268942033726,72.7799,0.0,S2A_MSIL2A_20200505T031541_N0214_R118_T48PUR_20200505T074750,1588664870000,Kien Giang,2020-05-05 07:47:50,2.3203768630362833
23.565555,11.341714,1.799304,20.7673285862288,68.420941,0.003228,S2A_MSIL2A_20200505T031541_N0214_R118_T48PWQ_20200505T074750,1588664870000,Bac Lieu,2020-05-05 07:47:50,0.5692843225107252
23.565555,11.341714,1.799304,20.7673285862288,68.420941,0.003228,S2A_MSIL2A_20200505T031541_N0214_R118_T48PWQ_20200505T074750,1588664870000,Ca Mau,2020-05-05 07:47:50,0.6469640152630988
15.675594,6.642984,1.719706,21.5807455797399,74.995494,0.002339,S2A_MSIL2A_20200505T031541_N0214_R118_T48PVQ_20200505T074750,1588664870000,Ca Mau,2020-05-05 07:47:50,0.6469640152630988
35.562422,1.363157,11.356432,21.8068863837688,24.764922,0.071466,S2B_MSIL2A_20200507T030539_N0214_R075_T48PXS_20200507T071605,1588835765000,Tra Vinh,2020-05-07 07:16:05,0.05819181022353984
35.562422,1.363157,11.356432,21.8068863837688,24.764922,0.071466,S2B_MSIL2A_20200507T030539_N0214_R075_T48PXS_20200507T071605,1588835765000,Ben Tre,2020-05-07 07:16:05,0.0
35.562422,1.363157,11.356432,21.8068863837688,24.764922,0.071466,S2B_MSIL2A_20200507T030539_N0214_R075_T48PXS_20200507T071605,1588835765000,Long An,2020-05-07 07:16:05,0.2105062534082802
35.562422,1.363157,11.356432,21.8068863837688,24.764922,0.071466,S2B_MSIL2A_20200507T030539_N0214_R075_T48PXS_20200507T071605,1588835765000,Tien Giang,2020-05-07 07:16:05,0.0
4.816258,0.598934,2.874701,22.0772401332554,81.230152,0.000295,S2B_MSIL2A_20200507T030539_N0214_R075_T48PXR_20200507T071605,1588835765000,Soc Trang,2020-05-07 07:16:05,0.19795707056073622
4.816258,0.598934,2.874701,22.0772401332554,81.230152,0.000295,S2B_MSIL2A_20200507T030539_N0214_R075_T48PXR_20200507T071605,1588835765000,Tra Vinh,2020-05-07 07:16:05,0.05819181022353984
4.816258,0.598934,2.874701,22.0772401332554,81.230152,0.000295,S2B_MSIL2A_20200507T030539_N0214_R075_T48PXR_20200507T071605,1588835765000,Vinh Long,2020-05-07 07:16:05,0.33986860323419693
4.816258,0.598934,2.874701,22.0772401332554,81.230152,0.000295,S2B_MSIL2A_20200507T030539_N0214_R075_T48PXR_20200507T071605,1588835765000,Ben Tre,2020-05-07 07:16:05,0.0
45.715339,18.823908,8.384759,20.0690902840531,16.11761,0.001555,S2B_MSIL2A_20200510T031539_N0214_R118_T48PXR_20200512T235944,1589327984000,Soc Trang,2020-05-12 23:59:44,0.5851437058337012
45.715339,18.823908,8.384759,20.0690902840531,16.11761,0.001555,S2B_MSIL2A_20200510T031539_N0214_R118_T48PXR_20200512T235944,1589327984000,Tra Vinh,2020-05-12 23:59:44,0.01651441704166035
45.715339,18.823908,8.384759,20.0690902840531,16.11761,0.001555,S2B_MSIL2A_20200510T031539_N0214_R118_T48PXR_20200512T235944,1589327984000,Vinh Long,2020-05-12 23:59:44,0.009660596583307134
45.715339,18.823908,8.384759,20.0690902840531,16.11761,0.001555,S2B_MSIL2A_20200510T031539_N0214_R118_T48PXR_20200512T235944,1589327984000,Ben Tre,2020-05-12 23:59:44,0.0
43.987674,30.443272,0.0024,22.48111409207,56.00965,0.0,S2B_MSIL2A_20200510T031539_N0214_R118_T48PUR_20200512T235944,1589327984000,Kien Giang,2020-05-12 23:59:44,1.316054220518646
37.739139,1.587402,30.834669,19.7911513571418,0.607074,0.0,S2A_MSIL2A_20200515T031541_N0214_R118_T48PXT_20200515T072805,1589527685000,Dong Thap,2020-05-15 07:28:05,1.059370741168108
37.739139,1.587402,30.834669,19.7911513571418,0.607074,0.0,S2A_MSIL2A_20200515T031541_N0214_R118_T48PXT_20200515T072805,1589527685000,Long An,2020-05-15 07:28:05,1.5432577347774483
30.190962,0.390169,14.610507,21.408009471801,0.526585,0.0,S2A_MSIL2A_20200515T031541_N0214_R118_T48PVT_20200515T072805,1589527685000,An Giang,2020-05-15 07:28:05,1.4680270813551612
47.93679,10.50324,27.003545,20.93198228015,1.718412,0.0,S2A_MSIL2A_20200515T031541_N0214_R118_T48PWS_20200515T072805,1589527685000,Soc Trang,2020-05-15 07:28:05,2.0868199871454416
47.93679,10.50324,27.003545,20.93198228015,1.718412,0.0,S2A_MSIL2A_20200515T031541_N0214_R118_T48PWS_20200515T072805,1589527685000,Tra Vinh,2020-05-15 07:28:05,1.6684987659237818
47.93679,10.50324,27.003545,20.93198228015,1.718412,0.0,S2A_MSIL2A_20200515T031541_N0214_R118_T48PWS_20200515T072805,1589527685000,Vinh Long,2020-05-15 07:28:05,0.5917015936855976
47.93679,10.50324,27.003545,20.93198228015,1.718412,0.0,S2A_MSIL2A_20200515T031541_N0214_R118_T48PWS_20200515T072805,1589527685000,Can Tho city,2020-05-15 07:28:05,1.930835843746234
47.93679,10.50324,27.003545,20.93198228015,1.718412,0.0,S2A_MSIL2A_20200515T031541_N0214_R118_T48PWS_20200515T072805,1589527685000,Hau Giang,2020-05-15 07:28:05,2.1157096514024616
47.93679,10.50324,27.003545,20.93198228015,1.718412,0.0,S2A_MSIL2A_20200515T031541_N0214_R118_T48PWS_20200515T072805,1589527685000,An Giang,2020-05-15 07:28:05,1.4680270813551612
47.93679,10.50324,27.003545,20.93198228015,1.718412,0.0,S2A_MSIL2A_20200515T031541_N0214_R118_T48PWS_20200515T072805,1589527685000,Dong Thap,2020-05-15 07:28:05,1.059370741168108
47.93679,10.50324,27.003545,20.93198228015,1.718412,0.0,S2A_MSIL2A_20200515T031541_N0214_R118_T48PWS_20200515T072805,1589527685000,Kien Giang,2020-05-15 07:28:05,2.9868737396967764
47.93679,10.50324,27.003545,20.93198228015,1.718412,0.0,S2A_MSIL2A_20200515T031541_N0214_R118_T48PWS_20200515T072805,1589527685000,Long An,2020-05-15 07:28:05,1.5432577347774483
47.93679,10.50324,27.003545,20.93198228015,1.718412,0.0,S2A_MSIL2A_20200515T031541_N0214_R118_T48PWS_20200515T072805,1589527685000,Tien Giang,2020-05-15 07:28:05,1.100997689595583
34.511362,6.155899,12.298384,21.729332522357,23.104936,0.075587,S2A_MSIL2A_20200515T031541_N0214_R118_T48PVS_20200515T072805,1589527685000,An Giang,2020-05-15 07:28:05,1.4680270813551612
34.511362,6.155899,12.298384,21.729332522357,23.104936,0.075587,S2A_MSIL2A_20200515T031541_N0214_R118_T48PVS_20200515T072805,1589527685000,Kien Giang,2020-05-15 07:28:05,2.9868737396967764
47.501016,19.901191,2.412487,22.0812831742137,40.561005,0.0,S2A_MSIL2A_20200515T031541_N0214_R118_T48PVR_20200515T072805,1589527685000,Ca Mau,2020-05-15 07:28:05,4.217723766663886
47.501016,19.901191,2.412487,22.0812831742137,40.561005,0.0,S2A_MSIL2A_20200515T031541_N0214_R118_T48PVR_20200515T072805,1589527685000,Kien Giang,2020-05-15 07:28:05,2.9868737396967764
39.361724,31.155205,1.18846,22.8869178750147,53.161591,0.000264,S2B_MSIL2A_20200517T030539_N0214_R075_T48PXR_20200517T071742,1589699862000,Soc Trang,2020-05-17 07:17:42,5.416614185347762
39.361724,31.155205,1.18846,22.8869178750147,53.161591,0.000264,S2B_MSIL2A_20200517T030539_N0214_R075_T48PXR_20200517T071742,1589699862000,Tra Vinh,2020-05-17 07:17:42,3.846393020938598
39.361724,31.155205,1.18846,22.8869178750147,53.161591,0.000264,S2B_MSIL2A_20200517T030539_N0214_R075_T48PXR_20200517T071742,1589699862000,Vinh Long,2020-05-17 07:17:42,3.1412186199212155
39.361724,31.155205,1.18846,22.8869178750147,53.161591,0.000264,S2B_MSIL2A_20200517T030539_N0214_R075_T48PXR_20200517T071742,1589699862000,Ben Tre,2020-05-17 07:17:42,3.355539721069231
48.690101,8.738744,3.93821,21.5930892470697,32.018885,0.187332,S2A_MSIL2A_20200525T031551_N0214_R118_T48PXR_20200525T075341,1590393221000,Soc Trang,2020-05-25 07:53:41,5.716758714900088
48.690101,8.738744,3.93821,21.5930892470697,32.018885,0.187332,S2A_MSIL2A_20200525T031551_N0214_R118_T48PXR_20200525T075341,1590393221000,Tra Vinh,2020-05-25 07:53:41,4.091340526233773
48.690101,8.738744,3.93821,21.5930892470697,32.018885,0.187332,S2A_MSIL2A_20200525T031551_N0214_R118_T48PXR_20200525T075341,1590393221000,Vinh Long,2020-05-25 07:53:41,6.212232184796622
48.690101,8.738744,3.93821,21.5930892470697,32.018885,0.187332,S2A_MSIL2A_20200525T031551_N0214_R118_T48PXR_20200525T075341,1590393221000,Ben Tre,2020-05-25 07:53:41,5.223996328681484
44.711378,17.497098,1.67303,22.7902612788458,47.368768,0.009857,S2A_MSIL2A_20200525T031551_N0214_R118_T48PWQ_20200525T075341,1590393221000,Bac Lieu,2020-05-25 07:53:41,4.938656746306886
44.711378,17.497098,1.67303,22.7902612788458,47.368768,0.009857,S2A_MSIL2A_20200525T031551_N0214_R118_T48PWQ_20200525T075341,1590393221000,Ca Mau,2020-05-25 07:53:41,4.585145143583556
37.009575,20.79296,1.043175,23.5191231498532,55.486089,0.000103,S2A_MSIL2A_20200525T031551_N0214_R118_T48PVQ_20200525T075341,1590393221000,Ca Mau,2020-05-25 07:53:41,4.585145143583556
38.649918,7.197443,27.445608,21.6632642742578,2.070904,0.374522,S2B_MSIL2A_20200530T031539_N0214_R118_T48PXS_20200530T072929,1590823769000,Soc Trang,2020-05-30 07:29:29,10.812962473367625
38.649918,7.197443,27.445608,21.6632642742578,2.070904,0.374522,S2B_MSIL2A_20200530T031539_N0214_R118_T48PXS_20200530T072929,1590823769000,Tra Vinh,2020-05-30 07:29:29,8.759790126200949
38.649918,7.197443,27.445608,21.6632642742578,2.070904,0.374522,S2B_MSIL2A_20200530T031539_N0214_R118_T48PXS_20200530T072929,1590823769000,Vinh Long,2020-05-30 07:29:29,8.535618727659928
38.649918,7.197443,27.445608,21.6632642742578,2.070904,0.374522,S2B_MSIL2A_20200530T031539_N0214_R118_T48PXS_20200530T072929,1590823769000,Ben Tre,2020-05-30 07:29:29,9.242986660205402
38.649918,7.197443,27.445608,21.6632642742578,2.070904,0.374522,S2B_MSIL2A_20200530T031539_N0214_R118_T48PXS_20200530T072929,1590823769000,Dong Thap,2020-05-30 07:29:29,6.79583685204841
38.649918,7.197443,27.445608,21.6632642742578,2.070904,0.374522,S2B_MSIL2A_20200530T031539_N0214_R118_T48PXS_20200530T072929,1590823769000,Long An,2020-05-30 07:29:29,10.022567302015608
38.649918,7.197443,27.445608,21.6632642742578,2.070904,0.374522,S2B_MSIL2A_20200530T031539_N0214_R118_T48PXS_20200530T072929,1590823769000,Tien Giang,2020-05-30 07:29:29,9.584425501344688
22.182548,3.091412,50.751626,22.3996700265254,2.767879,0.0,S2B_MSIL2A_20200530T031539_N0214_R118_T48PWS_20200530T072929,1590823769000,Soc Trang,2020-05-30 07:29:29,10.812962473367625
22.182548,3.091412,50.751626,22.3996700265254,2.767879,0.0,S2B_MSIL2A_20200530T031539_N0214_R118_T48PWS_20200530T072929,1590823769000,Tra Vinh,2020-05-30 07:29:29,8.759790126200949
22.182548,3.091412,50.751626,22.3996700265254,2.767879,0.0,S2B_MSIL2A_20200530T031539_N0214_R118_T48PWS_20200530T072929,1590823769000,Vinh Long,2020-05-30 07:29:29,8.535618727659928
22.182548,3.091412,50.751626,22.3996700265254,2.767879,0.0,S2B_MSIL2A_20200530T031539_N0214_R118_T48PWS_20200530T072929,1590823769000,Can Tho city,2020-05-30 07:29:29,7.366584915263663
22.182548,3.091412,50.751626,22.3996700265254,2.767879,0.0,S2B_MSIL2A_20200530T031539_N0214_R118_T48PWS_20200530T072929,1590823769000,Hau Giang,2020-05-30 07:29:29,9.523867236420074
22.182548,3.091412,50.751626,22.3996700265254,2.767879,0.0,S2B_MSIL2A_20200530T031539_N0214_R118_T48PWS_20200530T072929,1590823769000,An Giang,2020-05-30 07:29:29,5.3794827940821195
22.182548,3.091412,50.751626,22.3996700265254,2.767879,0.0,S2B_MSIL2A_20200530T031539_N0214_R118_T48PWS_20200530T072929,1590823769000,Dong Thap,2020-05-30 07:29:29,6.79583685204841
22.182548,3.091412,50.751626,22.3996700265254,2.767879,0.0,S2B_MSIL2A_20200530T031539_N0214_R118_T48PWS_20200530T072929,1590823769000,Kien Giang,2020-05-30 07:29:29,8.332579088282033
22.182548,3.091412,50.751626,22.3996700265254,2.767879,0.0,S2B_MSIL2A_20200530T031539_N0214_R118_T48PWS_20200530T072929,1590823769000,Long An,2020-05-30 07:29:29,10.022567302015608
22.182548,3.091412,50.751626,22.3996700265254,2.767879,0.0,S2B_MSIL2A_20200530T031539_N0214_R118_T48PWS_20200530T072929,1590823769000,Tien Giang,2020-05-30 07:29:29,9.584425501344688
39.026853,12.473885,17.17962,22.8592071621117,12.675819,1.642497,S2B_MSIL2A_20200530T031539_N0214_R118_T48PWR_20200530T072929,1590823769000,Soc Trang,2020-05-30 07:29:29,10.812962473367625
39.026853,12.473885,17.17962,22.8592071621117,12.675819,1.642497,S2B_MSIL2A_20200530T031539_N0214_R118_T48PWR_20200530T072929,1590823769000,Tra Vinh,2020-05-30 07:29:29,8.759790126200949
39.026853,12.473885,17.17962,22.8592071621117,12.675819,1.642497,S2B_MSIL2A_20200530T031539_N0214_R118_T48PWR_20200530T072929,1590823769000,Vinh Long,2020-05-30 07:29:29,8.535618727659928
39.026853,12.473885,17.17962,22.8592071621117,12.675819,1.642497,S2B_MSIL2A_20200530T031539_N0214_R118_T48PWR_20200530T072929,1590823769000,Bac Lieu,2020-05-30 07:29:29,9.709331008822666
39.026853,12.473885,17.17962,22.8592071621117,12.675819,1.642497,S2B_MSIL2A_20200530T031539_N0214_R118_T48PWR_20200530T072929,1590823769000,Ca Mau,2020-05-30 07:29:29,8.366349794159783
39.026853,12.473885,17.17962,22.8592071621117,12.675819,1.642497,S2B_MSIL2A_20200530T031539_N0214_R118_T48PWR_20200530T072929,1590823769000,Can Tho city,2020-05-30 07:29:29,7.366584915263663
39.026853,12.473885,17.17962,22.8592071621117,12.675819,1.642497,S2B_MSIL2A_20200530T031539_N0214_R118_T48PWR_20200530T072929,1590823769000,Hau Giang,2020-05-30 07:29:29,9.523867236420074
39.026853,12.473885,17.17962,22.8592071621117,12.675819,1.642497,S2B_MSIL2A_20200530T031539_N0214_R118_T48PWR_20200530T072929,1590823769000,Kien Giang,2020-05-30 07:29:29,8.332579088282033
43.435286,25.946054,1.84225,23.5900057459906,46.041006,0.0,S2B_MSIL2A_20200530T031539_N0214_R118_T48PVR_20200530T072929,1590823769000,Ca Mau,2020-05-30 07:29:29,8.366349794159783
43.435286,25.946054,1.84225,23.5900057459906,46.041006,0.0,S2B_MSIL2A_20200530T031539_N0214_R118_T48PVR_20200530T072929,1590823769000,Kien Giang,2020-05-30 07:29:29,8.332579088282033
38.799373,26.827535,1.463366,23.3434731936839,53.8221,0.483704,S2B_MSIL2A_20200530T031539_N0214_R118_T48PWQ_20200530T072929,1590823769000,Bac Lieu,2020-05-30 07:29:29,9.709331008822666
38.799373,26.827535,1.463366,23.3434731936839,53.8221,0.483704,S2B_MSIL2A_20200530T031539_N0214_R118_T48PWQ_20200530T072929,1590823769000,Ca Mau,2020-05-30 07:29:29,8.366349794159783
41.712026,27.519691,1.153052,24.0583357567704,49.908018,0.495864,S2B_MSIL2A_20200530T031539_N0214_R118_T48PVQ_20200530T072929,1590823769000,Ca Mau,2020-05-30 07:29:29,8.366349794159783
25.9676,0.795922,44.960117,23.4613275901108,1.447918,0.0,S2A_MSIL2A_20200601T030551_N0214_R075_T48PXT_20200601T071603,1590995763000,Long An,2020-06-01 07:16:03,8.85782926791788
19.817898,2.460625,20.551243,23.8826392242877,24.718735,0.005246,S2A_MSIL2A_20200601T030551_N0214_R075_T48PXS_20200601T071603,1590995763000,Tra Vinh,2020-06-01 07:16:03,8.659465161997389
19.817898,2.460625,20.551243,23.8826392242877,24.718735,0.005246,S2A_MSIL2A_20200601T030551_N0214_R075_T48PXS_20200601T071603,1590995763000,Ben Tre,2020-06-01 07:16:03,9.449455345977649
19.817898,2.460625,20.551243,23.8826392242877,24.718735,0.005246,S2A_MSIL2A_20200601T030551_N0214_R075_T48PXS_20200601T071603,1590995763000,Long An,2020-06-01 07:16:03,8.85782926791788
19.817898,2.460625,20.551243,23.8826392242877,24.718735,0.005246,S2A_MSIL2A_20200601T030551_N0214_R075_T48PXS_20200601T071603,1590995763000,Tien Giang,2020-06-01 07:16:03,8.929826252008116
17.241047,11.072328,2.283102,24.3280759813681,70.579487,0.003867,S2A_MSIL2A_20200601T030551_N0214_R075_T48PXR_20200601T071603,1590995763000,Soc Trang,2020-06-01 07:16:03,9.501815655137973
17.241047,11.072328,2.283102,24.3280759813681,70.579487,0.003867,S2A_MSIL2A_20200601T030551_N0214_R075_T48PXR_20200601T071603,1590995763000,Tra Vinh,2020-06-01 07:16:03,8.659465161997389
17.241047,11.072328,2.283102,24.3280759813681,70.579487,0.003867,S2A_MSIL2A_20200601T030551_N0214_R075_T48PXR_20200601T071603,1590995763000,Vinh Long,2020-06-01 07:16:03,7.3391705649793275
17.241047,11.072328,2.283102,24.3280759813681,70.579487,0.003867,S2A_MSIL2A_20200601T030551_N0214_R075_T48PXR_20200601T071603,1590995763000,Ben Tre,2020-06-01 07:16:03,9.449455345977649
45.956,17.027046,31.987265,21.6559376850739,0.147452,0.0,S2A_MSIL2A_20200604T031551_N0214_R118_T48PXT_20200604T072023,1591255223000,Dong Thap,2020-06-04 07:20:23,2.5706366680835253
45.956,17.027046,31.987265,21.6559376850739,0.147452,0.0,S2A_MSIL2A_20200604T031551_N0214_R118_T48PXT_20200604T072023,1591255223000,Long An,2020-06-04 07:20:23,4.993345122207098
24.927706,12.783384,34.476373,22.3974425925144,0.770714,0.0,S2A_MSIL2A_20200604T031551_N0214_R118_T48PWT_20200604T072023,1591255223000,An Giang,2020-06-04 07:20:23,1.926626711393344
24.927706,12.783384,34.476373,22.3974425925144,0.770714,0.0,S2A_MSIL2A_20200604T031551_N0214_R118_T48PWT_20200604T072023,1591255223000,Dong Thap,2020-06-04 07:20:23,2.5706366680835253
24.927706,12.783384,34.476373,22.3974425925144,0.770714,0.0,S2A_MSIL2A_20200604T031551_N0214_R118_T48PWT_20200604T072023,1591255223000,Long An,2020-06-04 07:20:23,4.993345122207098
48.635085,14.319408,11.845341,24.3313766757364,13.960339,0.512164,S2B_MSIL2A_20200606T030549_N0214_R075_T48PXS_20200606T071641,1591427801000,Tra Vinh,2020-06-06 07:16:41,6.440768941673679
48.635085,14.319408,11.845341,24.3313766757364,13.960339,0.512164,S2B_MSIL2A_20200606T030549_N0214_R075_T48PXS_20200606T071641,1591427801000,Ben Tre,2020-06-06 07:16:41,6.171521109178005
48.635085,14.319408,11.845341,24.3313766757364,13.960339,0.512164,S2B_MSIL2A_20200606T030549_N0214_R075_T48PXS_20200606T071641,1591427801000,Long An,2020-06-06 07:16:41,4.9186977806255765
48.635085,14.319408,11.845341,24.3313766757364,13.960339,0.512164,S2B_MSIL2A_20200606T030549_N0214_R075_T48PXS_20200606T071641,1591427801000,Tien Giang,2020-06-06 07:16:41,5.311742606381743
39.157548,15.807585,2.740498,25.7653499683594,51.855081,0.24349,S2A_MSIL2A_20200621T030551_N0214_R075_T48PXR_20200621T071539,1592723739000,Soc Trang,2020-06-21 07:15:39,7.785157761016087
39.157548,15.807585,2.740498,25.7653499683594,51.855081,0.24349,S2A_MSIL2A_20200621T030551_N0214_R075_T48PXR_20200621T071539,1592723739000,Tra Vinh,2020-06-21 07:15:39,6.647583829560442
39.157548,15.807585,2.740498,25.7653499683594,51.855081,0.24349,S2A_MSIL2A_20200621T030551_N0214_R075_T48PXR_20200621T071539,1592723739000,Vinh Long,2020-06-21 07:15:39,6.996810970836601
39.157548,15.807585,2.740498,25.7653499683594,51.855081,0.24349,S2A_MSIL2A_20200621T030551_N0214_R075_T48PXR_20200621T071539,1592723739000,Ben Tre,2020-06-21 07:15:39,7.086435174383464
37.314704,1.323279,6.124327,23.5250586964357,50.462782,2.584789,S2B_MSIL2A_20200622T032539_N0214_R018_T48PUS_20200622T073958,1592811598000,Kien Giang,2020-06-22 07:39:58,8.2232754658208
7.18924,0.026508,0.108933,24.0212570242313,92.675608,0.0,S2B_MSIL2A_20200622T032539_N0214_R018_T48PUR_20200622T073958,1592811598000,Kien Giang,2020-06-22 07:39:58,8.2232754658208
35.228867,25.979784,36.141986,23.66321781508,0.84657,0.0,S2A_MSIL2A_20200624T031551_N0214_R118_T48PWT_20200624T073635,1592984195000,An Giang,2020-06-24 07:36:35,4.39679882295697
35.228867,25.979784,36.141986,23.66321781508,0.84657,0.0,S2A_MSIL2A_20200624T031551_N0214_R118_T48PWT_20200624T073635,1592984195000,Dong Thap,2020-06-24 07:36:35,4.384127845376939
35.228867,25.979784,36.141986,23.66321781508,0.84657,0.0,S2A_MSIL2A_20200624T031551_N0214_R118_T48PWT_20200624T073635,1592984195000,Long An,2020-06-24 07:36:35,5.638868362678355
43.220931,33.949754,30.196416,24.4061162417193,0.63753,0.0,S2A_MSIL2A_20200624T031551_N0214_R118_T48PVT_20200624T073635,1592984195000,An Giang,2020-06-24 07:36:35,4.39679882295697
36.952455,12.622942,35.522586,23.4107158126516,3.349853,0.031323,S2A_MSIL2A_20200624T031551_N0214_R118_T48PXS_20200624T073635,1592984195000,Soc Trang,2020-06-24 07:36:35,5.736971023099805
36.952455,12.622942,35.522586,23.4107158126516,3.349853,0.031323,S2A_MSIL2A_20200624T031551_N0214_R118_T48PXS_20200624T073635,1592984195000,Tra Vinh,2020-06-24 07:36:35,3.944956800199398
36.952455,12.622942,35.522586,23.4107158126516,3.349853,0.031323,S2A_MSIL2A_20200624T031551_N0214_R118_T48PXS_20200624T073635,1592984195000,Vinh Long,2020-06-24 07:36:35,3.6336868347974725
36.952455,12.622942,35.522586,23.4107158126516,3.349853,0.031323,S2A_MSIL2A_20200624T031551_N0214_R118_T48PXS_20200624T073635,1592984195000,Ben Tre,2020-06-24 07:36:35,3.6870829140898533
36.952455,12.622942,35.522586,23.4107158126516,3.349853,0.031323,S2A_MSIL2A_20200624T031551_N0214_R118_T48PXS_20200624T073635,1592984195000,Dong Thap,2020-06-24 07:36:35,4.384127845376939
36.952455,12.622942,35.522586,23.4107158126516,3.349853,0.031323,S2A_MSIL2A_20200624T031551_N0214_R118_T48PXS_20200624T073635,1592984195000,Long An,2020-06-24 07:36:35,5.638868362678355
36.952455,12.622942,35.522586,23.4107158126516,3.349853,0.031323,S2A_MSIL2A_20200624T031551_N0214_R118_T48PXS_20200624T073635,1592984195000,Tien Giang,2020-06-24 07:36:35,4.239294424359158
31.239542,13.558929,43.885049,24.1280935981397,2.535447,0.0,S2A_MSIL2A_20200624T031551_N0214_R118_T48PWS_20200624T073635,1592984195000,Soc Trang,2020-06-24 07:36:35,5.736971023099805
31.239542,13.558929,43.885049,24.1280935981397,2.535447,0.0,S2A_MSIL2A_20200624T031551_N0214_R118_T48PWS_20200624T073635,1592984195000,Tra Vinh,2020-06-24 07:36:35,3.944956800199398
31.239542,13.558929,43.885049,24.1280935981397,2.535447,0.0,S2A_MSIL2A_20200624T031551_N0214_R118_T48PWS_20200624T073635,1592984195000,Vinh Long,2020-06-24 07:36:35,3.6336868347974725
31.239542,13.558929,43.885049,24.1280935981397,2.535447,0.0,S2A_MSIL2A_20200624T031551_N0214_R118_T48PWS_20200624T073635,1592984195000,Can Tho city,2020-06-24 07:36:35,4.486014671947881
31.239542,13.558929,43.885049,24.1280935981397,2.535447,0.0,S2A_MSIL2A_20200624T031551_N0214_R118_T48PWS_20200624T073635,1592984195000,Hau Giang,2020-06-24 07:36:35,4.04600751990476
31.239542,13.558929,43.885049,24.1280935981397,2.535447,0.0,S2A_MSIL2A_20200624T031551_N0214_R118_T48PWS_20200624T073635,1592984195000,An Giang,2020-06-24 07:36:35,4.39679882295697
31.239542,13.558929,43.885049,24.1280935981397,2.535447,0.0,S2A_MSIL2A_20200624T031551_N0214_R118_T48PWS_20200624T073635,1592984195000,Dong Thap,2020-06-24 07:36:35,4.384127845376939
31.239542,13.558929,43.885049,24.1280935981397,2.535447,0.0,S2A_MSIL2A_20200624T031551_N0214_R118_T48PWS_20200624T073635,1592984195000,Kien Giang,2020-06-24 07:36:35,5.965196117181251
31.239542,13.558929,43.885049,24.1280935981397,2.535447,0.0,S2A_MSIL2A_20200624T031551_N0214_R118_T48PWS_20200624T073635,1592984195000,Long An,2020-06-24 07:36:35,5.638868362678355
31.239542,13.558929,43.885049,24.1280935981397,2.535447,0.0,S2A_MSIL2A_20200624T031551_N0214_R118_T48PWS_20200624T073635,1592984195000,Tien Giang,2020-06-24 07:36:35,4.239294424359158
44.610411,34.766531,10.547788,25.5928427864223,42.239222,0.07201,S2A_MSIL2A_20200624T031551_N0214_R118_T48PUS_20200624T073635,1592984195000,Kien Giang,2020-06-24 07:36:35,5.965196117181251
39.76851,31.515369,3.677271,25.3282892886098,45.808315,0.0,S2A_MSIL2A_20200624T031551_N0214_R118_T48PVR_20200624T073635,1592984195000,Ca Mau,2020-06-24 07:36:35,6.188515005188786
39.76851,31.515369,3.677271,25.3282892886098,45.808315,0.0,S2A_MSIL2A_20200624T031551_N0214_R118_T48PVR_20200624T073635,1592984195000,Kien Giang,2020-06-24 07:36:35,5.965196117181251
29.355839,23.044017,0.053797,26.0507041712792,70.58205,0.0,S2A_MSIL2A_20200624T031551_N0214_R118_T48PUR_20200624T073635,1592984195000,Kien Giang,2020-06-24 07:36:35,5.965196117181251
41.086663,13.111243,3.549697,26.0176671508899,46.846232,0.001323,S2A_MSIL2A_20200701T030551_N0214_R075_T48PXR_20200701T084659,1593593219000,Soc Trang,2020-07-01 08:46:59,9.711371556948361
41.086663,13.111243,3.549697,26.0176671508899,46.846232,0.001323,S2A_MSIL2A_20200701T030551_N0214_R075_T48PXR_20200701T084659,1593593219000,Tra Vinh,2020-07-01 08:46:59,10.533279490160984
41.086663,13.111243,3.549697,26.0176671508899,46.846232,0.001323,S2A_MSIL2A_20200701T030551_N0214_R075_T48PXR_20200701T084659,1593593219000,Vinh Long,2020-07-01 08:46:59,9.059694943272829
41.086663,13.111243,3.549697,26.0176671508899,46.846232,0.001323,S2A_MSIL2A_20200701T030551_N0214_R075_T48PXR_20200701T084659,1593593219000,Ben Tre,2020-07-01 08:46:59,9.435225197213393
43.946605,1.79466,9.448877,23.7250030909819,42.141718,0.259087,S2B_MSIL2A_20200702T032539_N0214_R018_T48PUS_20200702T073845,1593675525000,Kien Giang,2020-07-02 07:38:45,10.0180312479896
17.606965,5.476644,0.133247,24.2011018945673,82.227325,0.0,S2B_MSIL2A_20200702T032539_N0214_R018_T48PUR_20200702T073845,1593675525000,Kien Giang,2020-07-02 07:38:45,10.0180312479896
47.220978,0.603883,21.152714,23.8245458457819,0.684248,0.0,S2A_MSIL2A_20200704T031541_N0214_R118_T48PWT_20200704T074315,1593848595000,An Giang,2020-07-04 07:43:15,5.565272993519901
47.220978,0.603883,21.152714,23.8245458457819,0.684248,0.0,S2A_MSIL2A_20200704T031541_N0214_R118_T48PWT_20200704T074315,1593848595000,Dong Thap,2020-07-04 07:43:15,4.273504441154453
47.220978,0.603883,21.152714,23.8245458457819,0.684248,0.0,S2A_MSIL2A_20200704T031541_N0214_R118_T48PWT_20200704T074315,1593848595000,Long An,2020-07-04 07:43:15,4.962849263484641
45.527845,31.180492,35.58999,23.0200325615199,0.737283,0.0,S2B_MSIL2A_20200709T031539_N0214_R118_T48PXT_20200709T072454,1594279494000,Dong Thap,2020-07-09 07:24:54,4.16748922260908
45.527845,31.180492,35.58999,23.0200325615199,0.737283,0.0,S2B_MSIL2A_20200709T031539_N0214_R118_T48PXT_20200709T072454,1594279494000,Long An,2020-07-09 07:24:54,4.462880503617845
21.779418,3.171111,47.158113,23.4564148746424,3.046121,0.007573,S2B_MSIL2A_20200709T031539_N0214_R118_T48PXS_20200709T072454,1594279494000,Soc Trang,2020-07-09 07:24:54,4.848948060356967
21.779418,3.171111,47.158113,23.4564148746424,3.046121,0.007573,S2B_MSIL2A_20200709T031539_N0214_R118_T48PXS_20200709T072454,1594279494000,Tra Vinh,2020-07-09 07:24:54,3.700795334549696
21.779418,3.171111,47.158113,23.4564148746424,3.046121,0.007573,S2B_MSIL2A_20200709T031539_N0214_R118_T48PXS_20200709T072454,1594279494000,Vinh Long,2020-07-09 07:24:54,4.358472547275041
21.779418,3.171111,47.158113,23.4564148746424,3.046121,0.007573,S2B_MSIL2A_20200709T031539_N0214_R118_T48PXS_20200709T072454,1594279494000,Ben Tre,2020-07-09 07:24:54,3.1156160529332744
21.779418,3.171111,47.158113,23.4564148746424,3.046121,0.007573,S2B_MSIL2A_20200709T031539_N0214_R118_T48PXS_20200709T072454,1594279494000,Dong Thap,2020-07-09 07:24:54,4.16748922260908
21.779418,3.171111,47.158113,23.4564148746424,3.046121,0.007573,S2B_MSIL2A_20200709T031539_N0214_R118_T48PXS_20200709T072454,1594279494000,Long An,2020-07-09 07:24:54,4.462880503617845
21.779418,3.171111,47.158113,23.4564148746424,3.046121,0.007573,S2B_MSIL2A_20200709T031539_N0214_R118_T48PXS_20200709T072454,1594279494000,Tien Giang,2020-07-09 07:24:54,4.0031561188764115
33.522167,17.132491,41.006708,24.2015500407734,2.227883,0.0,S2B_MSIL2A_20200709T031539_N0214_R118_T48PWS_20200709T072454,1594279494000,Soc Trang,2020-07-09 07:24:54,4.848948060356967
33.522167,17.132491,41.006708,24.2015500407734,2.227883,0.0,S2B_MSIL2A_20200709T031539_N0214_R118_T48PWS_20200709T072454,1594279494000,Tra Vinh,2020-07-09 07:24:54,3.700795334549696
33.522167,17.132491,41.006708,24.2015500407734,2.227883,0.0,S2B_MSIL2A_20200709T031539_N0214_R118_T48PWS_20200709T072454,1594279494000,Vinh Long,2020-07-09 07:24:54,4.358472547275041
33.522167,17.132491,41.006708,24.2015500407734,2.227883,0.0,S2B_MSIL2A_20200709T031539_N0214_R118_T48PWS_20200709T072454,1594279494000,Can Tho city,2020-07-09 07:24:54,4.782613142857243
33.522167,17.132491,41.006708,24.2015500407734,2.227883,0.0,S2B_MSIL2A_20200709T031539_N0214_R118_T48PWS_20200709T072454,1594279494000,Hau Giang,2020-07-09 07:24:54,6.265636434937496
33.522167,17.132491,41.006708,24.2015500407734,2.227883,0.0,S2B_MSIL2A_20200709T031539_N0214_R118_T48PWS_20200709T072454,1594279494000,An Giang,2020-07-09 07:24:54,4.873890625542884
33.522167,17.132491,41.006708,24.2015500407734,2.227883,0.0,S2B_MSIL2A_20200709T031539_N0214_R118_T48PWS_20200709T072454,1594279494000,Dong Thap,2020-07-09 07:24:54,4.16748922260908
33.522167,17.132491,41.006708,24.2015500407734,2.227883,0.0,S2B_MSIL2A_20200709T031539_N0214_R118_T48PWS_20200709T072454,1594279494000,Kien Giang,2020-07-09 07:24:54,7.210167126800663
33.522167,17.132491,41.006708,24.2015500407734,2.227883,0.0,S2B_MSIL2A_20200709T031539_N0214_R118_T48PWS_20200709T072454,1594279494000,Long An,2020-07-09 07:24:54,4.462880503617845
33.522167,17.132491,41.006708,24.2015500407734,2.227883,0.0,S2B_MSIL2A_20200709T031539_N0214_R118_T48PWS_20200709T072454,1594279494000,Tien Giang,2020-07-09 07:24:54,4.0031561188764115
21.051361,8.137234,19.887212,23.9168884080355,36.042935,0.004746,S2B_MSIL2A_20200709T031539_N0214_R118_T48PXR_20200709T072454,1594279494000,Soc Trang,2020-07-09 07:24:54,4.848948060356967
21.051361,8.137234,19.887212,23.9168884080355,36.042935,0.004746,S2B_MSIL2A_20200709T031539_N0214_R118_T48PXR_20200709T072454,1594279494000,Tra Vinh,2020-07-09 07:24:54,3.700795334549696
21.051361,8.137234,19.887212,23.9168884080355,36.042935,0.004746,S2B_MSIL2A_20200709T031539_N0214_R118_T48PXR_20200709T072454,1594279494000,Vinh Long,2020-07-09 07:24:54,4.358472547275041
21.051361,8.137234,19.887212,23.9168884080355,36.042935,0.004746,S2B_MSIL2A_20200709T031539_N0214_R118_T48PXR_20200709T072454,1594279494000,Ben Tre,2020-07-09 07:24:54,3.1156160529332744
32.540901,11.312303,25.146645,24.6470518126633,8.79616,0.405752,S2B_MSIL2A_20200709T031539_N0214_R118_T48PWR_20200709T072454,1594279494000,Soc Trang,2020-07-09 07:24:54,4.848948060356967
32.540901,11.312303,25.146645,24.6470518126633,8.79616,0.405752,S2B_MSIL2A_20200709T031539_N0214_R118_T48PWR_20200709T072454,1594279494000,Tra Vinh,2020-07-09 07:24:54,3.700795334549696
32.540901,11.312303,25.146645,24.6470518126633,8.79616,0.405752,S2B_MSIL2A_20200709T031539_N0214_R118_T48PWR_20200709T072454,1594279494000,Vinh Long,2020-07-09 07:24:54,4.358472547275041
32.540901,11.312303,25.146645,24.6470518126633,8.79616,0.405752,S2B_MSIL2A_20200709T031539_N0214_R118_T48PWR_20200709T072454,1594279494000,Bac Lieu,2020-07-09 07:24:54,5.5190281098488745
32.540901,11.312303,25.146645,24.6470518126633,8.79616,0.405752,S2B_MSIL2A_20200709T031539_N0214_R118_T48PWR_20200709T072454,1594279494000,Ca Mau,2020-07-09 07:24:54,6.369255383193784
32.540901,11.312303,25.146645,24.6470518126633,8.79616,0.405752,S2B_MSIL2A_20200709T031539_N0214_R118_T48PWR_20200709T072454,1594279494000,Can Tho city,2020-07-09 07:24:54,4.782613142857243
32.540901,11.312303,25.146645,24.6470518126633,8.79616,0.405752,S2B_MSIL2A_20200709T031539_N0214_R118_T48PWR_20200709T072454,1594279494000,Hau Giang,2020-07-09 07:24:54,6.265636434937496
32.540901,11.312303,25.146645,24.6470518126633,8.79616,0.405752,S2B_MSIL2A_20200709T031539_N0214_R118_T48PWR_20200709T072454,1594279494000,Kien Giang,2020-07-09 07:24:54,7.210167126800663
43.678768,36.173156,0.342242,25.1157834138032,54.927599,0.100554,S2B_MSIL2A_20200709T031539_N0214_R118_T48PWQ_20200709T072454,1594279494000,Bac Lieu,2020-07-09 07:24:54,5.5190281098488745
43.678768,36.173156,0.342242,25.1157834138032,54.927599,0.100554,S2B_MSIL2A_20200709T031539_N0214_R118_T48PWQ_20200709T072454,1594279494000,Ca Mau,2020-07-09 07:24:54,6.369255383193784
47.284009,26.682889,1.304233,25.8410941824555,49.535215,0.0949,S2B_MSIL2A_20200709T031539_N0214_R118_T48PVQ_20200709T072454,1594279494000,Ca Mau,2020-07-09 07:24:54,6.369255383193784
9.182251,2.846813,69.193941,22.8586238634038,0.760439,0.0,S2A_MSIL2A_20200714T031541_N0214_R118_T48PXT_20200714T090020,1594717220000,Dong Thap,2020-07-14 09:00:20,5.614608176700081
9.182251,2.846813,69.193941,22.8586238634038,0.760439,0.0,S2A_MSIL2A_20200714T031541_N0214_R118_T48PXT_20200714T090020,1594717220000,Long An,2020-07-14 09:00:20,8.003202553352756
8.253964,4.291162,55.517125,23.6321854314785,1.527879,0.0,S2A_MSIL2A_20200714T031541_N0214_R118_T48PWT_20200714T090020,1594717220000,An Giang,2020-07-14 09:00:20,5.939512798202883
8.253964,4.291162,55.517125,23.6321854314785,1.527879,0.0,S2A_MSIL2A_20200714T031541_N0214_R118_T48PWT_20200714T090020,1594717220000,Dong Thap,2020-07-14 09:00:20,5.614608176700081
8.253964,4.291162,55.517125,23.6321854314785,1.527879,0.0,S2A_MSIL2A_20200714T031541_N0214_R118_T48PWT_20200714T090020,1594717220000,Long An,2020-07-14 09:00:20,8.003202553352756
9.062577,2.345781,53.309065,24.4132351747526,0.713513,0.0,S2A_MSIL2A_20200714T031541_N0214_R118_T48PVT_20200714T090020,1594717220000,An Giang,2020-07-14 09:00:20,5.939512798202883
25.645469,0.989841,43.611974,23.2707328385752,1.304404,2.7e-05,S2A_MSIL2A_20200714T031541_N0214_R118_T48PXS_20200714T090020,1594717220000,Soc Trang,2020-07-14 09:00:20,6.8281201802192895
25.645469,0.989841,43.611974,23.2707328385752,1.304404,2.7e-05,S2A_MSIL2A_20200714T031541_N0214_R118_T48PXS_20200714T090020,1594717220000,Tra Vinh,2020-07-14 09:00:20,5.121527923016793
25.645469,0.989841,43.611974,23.2707328385752,1.304404,2.7e-05,S2A_MSIL2A_20200714T031541_N0214_R118_T48PXS_20200714T090020,1594717220000,Vinh Long,2020-07-14 09:00:20,7.575307009294633
25.645469,0.989841,43.611974,23.2707328385752,1.304404,2.7e-05,S2A_MSIL2A_20200714T031541_N0214_R118_T48PXS_20200714T090020,1594717220000,Ben Tre,2020-07-14 09:00:20,6.071089995878578
25.645469,0.989841,43.611974,23.2707328385752,1.304404,2.7e-05,S2A_MSIL2A_20200714T031541_N0214_R118_T48PXS_20200714T090020,1594717220000,Dong Thap,2020-07-14 09:00:20,5.614608176700081
25.645469,0.989841,43.611974,23.2707328385752,1.304404,2.7e-05,S2A_MSIL2A_20200714T031541_N0214_R118_T48PXS_20200714T090020,1594717220000,Long An,2020-07-14 09:00:20,8.003202553352756
25.645469,0.989841,43.611974,23.2707328385752,1.304404,2.7e-05,S2A_MSIL2A_20200714T031541_N0214_R118_T48PXS_20200714T090020,1594717220000,Tien Giang,2020-07-14 09:00:20,6.799930967225609
28.425273,3.207727,44.931298,24.0298310859553,0.992485,0.0,S2A_MSIL2A_20200714T031541_N0214_R118_T48PWS_20200714T090020,1594717220000,Soc Trang,2020-07-14 09:00:20,6.8281201802192895
28.425273,3.207727,44.931298,24.0298310859553,0.992485,0.0,S2A_MSIL2A_20200714T031541_N0214_R118_T48PWS_20200714T090020,1594717220000,Tra Vinh,2020-07-14 09:00:20,5.121527923016793
28.425273,3.207727,44.931298,24.0298310859553,0.992485,0.0,S2A_MSIL2A_20200714T031541_N0214_R118_T48PWS_20200714T090020,1594717220000,Vinh Long,2020-07-14 09:00:20,7.575307009294633
28.425273,3.207727,44.931298,24.0298310859553,0.992485,0.0,S2A_MSIL2A_20200714T031541_N0214_R118_T48PWS_20200714T090020,1594717220000,Can Tho city,2020-07-14 09:00:20,7.139523304641149
28.425273,3.207727,44.931298,24.0298310859553,0.992485,0.0,S2A_MSIL2A_20200714T031541_N0214_R118_T48PWS_20200714T090020,1594717220000,Hau Giang,2020-07-14 09:00:20,8.776814005699263
28.425273,3.207727,44.931298,24.0298310859553,0.992485,0.0,S2A_MSIL2A_20200714T031541_N0214_R118_T48PWS_20200714T090020,1594717220000,An Giang,2020-07-14 09:00:20,5.939512798202883
28.425273,3.207727,44.931298,24.0298310859553,0.992485,0.0,S2A_MSIL2A_20200714T031541_N0214_R118_T48PWS_20200714T090020,1594717220000,Dong Thap,2020-07-14 09:00:20,5.614608176700081
28.425273,3.207727,44.931298,24.0298310859553,0.992485,0.0,S2A_MSIL2A_20200714T031541_N0214_R118_T48PWS_20200714T090020,1594717220000,Kien Giang,2020-07-14 09:00:20,8.543729670046156
28.425273,3.207727,44.931298,24.0298310859553,0.992485,0.0,S2A_MSIL2A_20200714T031541_N0214_R118_T48PWS_20200714T090020,1594717220000,Long An,2020-07-14 09:00:20,8.003202553352756
28.425273,3.207727,44.931298,24.0298310859553,0.992485,0.0,S2A_MSIL2A_20200714T031541_N0214_R118_T48PWS_20200714T090020,1594717220000,Tien Giang,2020-07-14 09:00:20,6.799930967225609
28.330929,6.805494,31.176433,24.7971227127138,24.106492,0.001944,S2A_MSIL2A_20200714T031541_N0214_R118_T48PVS_20200714T090020,1594717220000,An Giang,2020-07-14 09:00:20,5.939512798202883
28.330929,6.805494,31.176433,24.7971227127138,24.106492,0.001944,S2A_MSIL2A_20200714T031541_N0214_R118_T48PVS_20200714T090020,1594717220000,Kien Giang,2020-07-14 09:00:20,8.543729670046156
29.565085,12.746522,2.016529,25.7099099917505,65.207785,0.142563,S2B_MSIL2A_20200716T030549_N0214_R075_T48PXR_20200716T071140,1594883500000,Soc Trang,2020-07-16 07:11:40,4.6707828896629415
29.565085,12.746522,2.016529,25.7099099917505,65.207785,0.142563,S2B_MSIL2A_20200716T030549_N0214_R075_T48PXR_20200716T071140,1594883500000,Tra Vinh,2020-07-16 07:11:40,3.5828782995385686
29.565085,12.746522,2.016529,25.7099099917505,65.207785,0.142563,S2B_MSIL2A_20200716T030549_N0214_R075_T48PXR_20200716T071140,1594883500000,Vinh Long,2020-07-16 07:11:40,4.7998304035570625
29.565085,12.746522,2.016529,25.7099099917505,65.207785,0.142563,S2B_MSIL2A_20200716T030549_N0214_R075_T48PXR_20200716T071140,1594883500000,Ben Tre,2020-07-16 07:11:40,4.454203331504564
41.685344,28.71418,0.151232,23.7207264491461,58.144909,0.0,S2A_MSIL2A_20200717T032541_N0214_R018_T48PUR_20200717T072805,1594970885000,Kien Giang,2020-07-17 07:28:05,4.219595878484785
48.167557,8.509962,10.349084,23.0173245131572,37.41937,0.514827,S2B_MSIL2A_20200722T032539_N0214_R018_T48PUS_20200722T073851,1595403531000,Kien Giang,2020-07-22 07:38:51,6.917994759174508
44.793507,33.886597,3.968467,25.0790146904072,48.473409,0.000117,S2B_MSIL2A_20200726T030549_N0214_R075_T48PXR_20200726T071414,1595747654000,Soc Trang,2020-07-26 07:14:14,5.418870774000598
44.793507,33.886597,3.968467,25.0790146904072,48.473409,0.000117,S2B_MSIL2A_20200726T030549_N0214_R075_T48PXR_20200726T071414,1595747654000,Tra Vinh,2020-07-26 07:14:14,4.734541541857523
44.793507,33.886597,3.968467,25.0790146904072,48.473409,0.000117,S2B_MSIL2A_20200726T030549_N0214_R075_T48PXR_20200726T071414,1595747654000,Vinh Long,2020-07-26 07:14:14,5.233896857260119
44.793507,33.886597,3.968467,25.0790146904072,48.473409,0.000117,S2B_MSIL2A_20200726T030549_N0214_R075_T48PXR_20200726T071414,1595747654000,Ben Tre,2020-07-26 07:14:14,3.3560999302437664
43.497439,13.801648,37.753376,21.977874788132,0.654288,0.0,S2B_MSIL2A_20200729T031539_N0214_R118_T48PXT_20200729T084333,1596012213000,Dong Thap,2020-07-29 08:43:33,7.199682066025319
43.497439,13.801648,37.753376,21.977874788132,0.654288,0.0,S2B_MSIL2A_20200729T031539_N0214_R118_T48PXT_20200729T084333,1596012213000,Long An,2020-07-29 08:43:33,8.700845633182535
48.753501,10.342231,30.536795,23.6282456593826,0.134305,0.0,S2B_MSIL2A_20200729T031539_N0214_R118_T48PVT_20200729T084333,1596012213000,An Giang,2020-07-29 08:43:33,9.250484249069657
43.738774,9.641746,32.511076,22.2835081178671,1.266931,1.12406,S2B_MSIL2A_20200729T031539_N0214_R118_T48PXS_20200729T084333,1596012213000,Soc Trang,2020-07-29 08:43:33,14.873287505656206
43.738774,9.641746,32.511076,22.2835081178671,1.266931,1.12406,S2B_MSIL2A_20200729T031539_N0214_R118_T48PXS_20200729T084333,1596012213000,Tra Vinh,2020-07-29 08:43:33,11.504909305109765
43.738774,9.641746,32.511076,22.2835081178671,1.266931,1.12406,S2B_MSIL2A_20200729T031539_N0214_R118_T48PXS_20200729T084333,1596012213000,Vinh Long,2020-07-29 08:43:33,9.59509074535644
43.738774,9.641746,32.511076,22.2835081178671,1.266931,1.12406,S2B_MSIL2A_20200729T031539_N0214_R118_T48PXS_20200729T084333,1596012213000,Ben Tre,2020-07-29 08:43:33,8.453180615297645
43.738774,9.641746,32.511076,22.2835081178671,1.266931,1.12406,S2B_MSIL2A_20200729T031539_N0214_R118_T48PXS_20200729T084333,1596012213000,Dong Thap,2020-07-29 08:43:33,7.199682066025319
43.738774,9.641746,32.511076,22.2835081178671,1.266931,1.12406,S2B_MSIL2A_20200729T031539_N0214_R118_T48PXS_20200729T084333,1596012213000,Long An,2020-07-29 08:43:33,8.700845633182535
43.738774,9.641746,32.511076,22.2835081178671,1.266931,1.12406,S2B_MSIL2A_20200729T031539_N0214_R118_T48PXS_20200729T084333,1596012213000,Tien Giang,2020-07-29 08:43:33,8.470619793165708
31.242644,18.577288,1.363254,23.7670730639628,62.932414,0.085096,S2B_MSIL2A_20200729T031539_N0214_R118_T48PWQ_20200729T084333,1596012213000,Bac Lieu,2020-07-29 08:43:33,15.901361852671371
31.242644,18.577288,1.363254,23.7670730639628,62.932414,0.085096,S2B_MSIL2A_20200729T031539_N0214_R118_T48PWQ_20200729T084333,1596012213000,Ca Mau,2020-07-29 08:43:33,17.9207436861857
27.301409,10.454625,9.78422,21.2900022340386,58.655757,0.314389,S2B_MSIL2A_20200811T032539_N0214_R018_T48PUS_20200811T064541,1597128341000,Kien Giang,2020-08-11 06:45:41,6.838454142668404
32.339611,21.795118,0.143584,21.4832308443152,67.497689,0.0,S2B_MSIL2A_20200811T032539_N0214_R018_T48PUR_20200811T064541,1597128341000,Kien Giang,2020-08-11 06:45:41,6.838454142668404
45.724702,16.429381,10.857025,20.8282537064043,38.895276,0.691817,S2A_MSIL2A_20200816T032541_N0214_R018_T48PUS_20200816T072227,1597562547000,Kien Giang,2020-08-16 07:22:27,5.750467796297296
43.65104,32.833549,0.167016,20.9577834510437,56.171054,0.0,S2A_MSIL2A_20200816T032541_N0214_R018_T48PUR_20200816T072227,1597562547000,Kien Giang,2020-08-16 07:22:27,5.750467796297296
19.78382,11.776102,47.147974,21.263347857606,1.523631,0.0,S2B_MSIL2A_20200818T031549_N0214_R118_T48PWT_20200818T063226,1597732346000,An Giang,2020-08-18 06:32:26,3.0835160797112118
19.78382,11.776102,47.147974,21.263347857606,1.523631,0.0,S2B_MSIL2A_20200818T031549_N0214_R118_T48PWT_20200818T063226,1597732346000,Dong Thap,2020-08-18 06:32:26,3.319482659047139
19.78382,11.776102,47.147974,21.263347857606,1.523631,0.0,S2B_MSIL2A_20200818T031549_N0214_R118_T48PWT_20200818T063226,1597732346000,Long An,2020-08-18 06:32:26,4.150037658365371
34.668272,26.191661,43.670958,22.1451706860227,1.124806,0.0,S2B_MSIL2A_20200818T031549_N0214_R118_T48PVT_20200818T063226,1597732346000,An Giang,2020-08-18 06:32:26,3.0835160797112118
34.965163,23.608787,20.132989,22.2080337545441,32.339975,0.0001,S2B_MSIL2A_20200818T031549_N0214_R118_T48PVS_20200818T063226,1597732346000,An Giang,2020-08-18 06:32:26,3.0835160797112118
34.965163,23.608787,20.132989,22.2080337545441,32.339975,0.0001,S2B_MSIL2A_20200818T031549_N0214_R118_T48PVS_20200818T063226,1597732346000,Kien Giang,2020-08-18 06:32:26,4.290319429806523
47.167363,23.90375,13.782661,23.0851675645619,34.792051,0.011786,S2B_MSIL2A_20200818T031549_N0214_R118_T48PUS_20200818T063226,1597732346000,Kien Giang,2020-08-18 06:32:26,4.290319429806523
29.168914,19.197531,0.008515,23.1768769179077,70.812267,0.0,S2B_MSIL2A_20200818T031549_N0214_R118_T48PUR_20200818T063226,1597732346000,Kien Giang,2020-08-18 06:32:26,4.290319429806523
46.182232,17.870082,10.760861,20.4308388641225,38.716668,0.034363,S2B_MSIL2A_20200821T032539_N0214_R018_T48PUS_20200821T064831,1597992511000,Kien Giang,2020-08-21 06:48:31,2.547576349338138
26.902066,11.204566,0.140624,20.4893398468064,72.929823,0.0,S2B_MSIL2A_20200821T032539_N0214_R018_T48PUR_20200821T064831,1597992511000,Kien Giang,2020-08-21 06:48:31,2.547576349338138
33.113209,4.875681,35.462806,20.9534241397939,0.994526,0.0,S2A_MSIL2A_20200823T031551_N0214_R118_T48PWT_20200823T065603,1598165763000,An Giang,2020-08-23 06:56:03,0.8713818209147259
33.113209,4.875681,35.462806,20.9534241397939,0.994526,0.0,S2A_MSIL2A_20200823T031551_N0214_R118_T48PWT_20200823T065603,1598165763000,Dong Thap,2020-08-23 06:56:03,1.3830812076344339
33.113209,4.875681,35.462806,20.9534241397939,0.994526,0.0,S2A_MSIL2A_20200823T031551_N0214_R118_T48PWT_20200823T065603,1598165763000,Long An,2020-08-23 06:56:03,1.9780395935389723
34.676771,13.144095,42.921302,21.8408264209093,0.904486,0.0,S2A_MSIL2A_20200823T031551_N0214_R118_T48PVT_20200823T065603,1598165763000,An Giang,2020-08-23 06:56:03,0.8713818209147259
44.497856,9.093442,33.040047,20.0637300451848,0.650178,0.527206,S2A_MSIL2A_20200823T031551_N0214_R118_T48PXS_20200823T065603,1598165763000,Soc Trang,2020-08-23 06:56:03,1.353544683524526
44.497856,9.093442,33.040047,20.0637300451848,0.650178,0.527206,S2A_MSIL2A_20200823T031551_N0214_R118_T48PXS_20200823T065603,1598165763000,Tra Vinh,2020-08-23 06:56:03,1.434408135946185
44.497856,9.093442,33.040047,20.0637300451848,0.650178,0.527206,S2A_MSIL2A_20200823T031551_N0214_R118_T48PXS_20200823T065603,1598165763000,Vinh Long,2020-08-23 06:56:03,2.9046143448466175
44.497856,9.093442,33.040047,20.0637300451848,0.650178,0.527206,S2A_MSIL2A_20200823T031551_N0214_R118_T48PXS_20200823T065603,1598165763000,Ben Tre,2020-08-23 06:56:03,2.992099045898938
44.497856,9.093442,33.040047,20.0637300451848,0.650178,0.527206,S2A_MSIL2A_20200823T031551_N0214_R118_T48PXS_20200823T065603,1598165763000,Dong Thap,2020-08-23 06:56:03,1.3830812076344339
44.497856,9.093442,33.040047,20.0637300451848,0.650178,0.527206,S2A_MSIL2A_20200823T031551_N0214_R118_T48PXS_20200823T065603,1598165763000,Long An,2020-08-23 06:56:03,1.9780395935389723
44.497856,9.093442,33.040047,20.0637300451848,0.650178,0.527206,S2A_MSIL2A_20200823T031551_N0214_R118_T48PXS_20200823T065603,1598165763000,Tien Giang,2020-08-23 06:56:03,3.7476303679077776
44.385711,5.355095,25.397509,20.9486025210046,1.236068,0.0,S2A_MSIL2A_20200823T031551_N0214_R118_T48PWS_20200823T065603,1598165763000,Soc Trang,2020-08-23 06:56:03,1.353544683524526
44.385711,5.355095,25.397509,20.9486025210046,1.236068,0.0,S2A_MSIL2A_20200823T031551_N0214_R118_T48PWS_20200823T065603,1598165763000,Tra Vinh,2020-08-23 06:56:03,1.434408135946185
44.385711,5.355095,25.397509,20.9486025210046,1.236068,0.0,S2A_MSIL2A_20200823T031551_N0214_R118_T48PWS_20200823T065603,1598165763000,Vinh Long,2020-08-23 06:56:03,2.9046143448466175
44.385711,5.355095,25.397509,20.9486025210046,1.236068,0.0,S2A_MSIL2A_20200823T031551_N0214_R118_T48PWS_20200823T065603,1598165763000,Can Tho city,2020-08-23 06:56:03,1.6557634251325288
44.385711,5.355095,25.397509,20.9486025210046,1.236068,0.0,S2A_MSIL2A_20200823T031551_N0214_R118_T48PWS_20200823T065603,1598165763000,Hau Giang,2020-08-23 06:56:03,3.1047936554946105
44.385711,5.355095,25.397509,20.9486025210046,1.236068,0.0,S2A_MSIL2A_20200823T031551_N0214_R118_T48PWS_20200823T065603,1598165763000,An Giang,2020-08-23 06:56:03,0.8713818209147259
44.385711,5.355095,25.397509,20.9486025210046,1.236068,0.0,S2A_MSIL2A_20200823T031551_N0214_R118_T48PWS_20200823T065603,1598165763000,Dong Thap,2020-08-23 06:56:03,1.3830812076344339
44.385711,5.355095,25.397509,20.9486025210046,1.236068,0.0,S2A_MSIL2A_20200823T031551_N0214_R118_T48PWS_20200823T065603,1598165763000,Kien Giang,2020-08-23 06:56:03,1.687362575613195
44.385711,5.355095,25.397509,20.9486025210046,1.236068,0.0,S2A_MSIL2A_20200823T031551_N0214_R118_T48PWS_20200823T065603,1598165763000,Long An,2020-08-23 06:56:03,1.9780395935389723
44.385711,5.355095,25.397509,20.9486025210046,1.236068,0.0,S2A_MSIL2A_20200823T031551_N0214_R118_T48PWS_20200823T065603,1598165763000,Tien Giang,2020-08-23 06:56:03,3.7476303679077776
48.604962,24.469014,17.469458,21.8338199422441,21.279906,0.152511,S2A_MSIL2A_20200823T031551_N0214_R118_T48PVS_20200823T065603,1598165763000,An Giang,2020-08-23 06:56:03,0.8713818209147259
48.604962,24.469014,17.469458,21.8338199422441,21.279906,0.152511,S2A_MSIL2A_20200823T031551_N0214_R118_T48PVS_20200823T065603,1598165763000,Kien Giang,2020-08-23 06:56:03,1.687362575613195
47.836727,13.432932,18.717383,20.0996813010223,21.815695,0.130205,S2A_MSIL2A_20200823T031551_N0214_R118_T48PXR_20200823T065603,1598165763000,Soc Trang,2020-08-23 06:56:03,1.353544683524526
47.836727,13.432932,18.717383,20.0996813010223,21.815695,0.130205,S2A_MSIL2A_20200823T031551_N0214_R118_T48PXR_20200823T065603,1598165763000,Tra Vinh,2020-08-23 06:56:03,1.434408135946185
47.836727,13.432932,18.717383,20.0996813010223,21.815695,0.130205,S2A_MSIL2A_20200823T031551_N0214_R118_T48PXR_20200823T065603,1598165763000,Vinh Long,2020-08-23 06:56:03,2.9046143448466175
47.836727,13.432932,18.717383,20.0996813010223,21.815695,0.130205,S2A_MSIL2A_20200823T031551_N0214_R118_T48PXR_20200823T065603,1598165763000,Ben Tre,2020-08-23 06:56:03,2.992099045898938
45.078668,15.073664,18.072928,20.9806659162438,7.916703,1.331336,S2A_MSIL2A_20200823T031551_N0214_R118_T48PWR_20200823T065603,1598165763000,Soc Trang,2020-08-23 06:56:03,1.353544683524526
45.078668,15.073664,18.072928,20.9806659162438,7.916703,1.331336,S2A_MSIL2A_20200823T031551_N0214_R118_T48PWR_20200823T065603,1598165763000,Tra Vinh,2020-08-23 06:56:03,1.434408135946185
45.078668,15.073664,18.072928,20.9806659162438,7.916703,1.331336,S2A_MSIL2A_20200823T031551_N0214_R118_T48PWR_20200823T065603,1598165763000,Vinh Long,2020-08-23 06:56:03,2.9046143448466175
45.078668,15.073664,18.072928,20.9806659162438,7.916703,1.331336,S2A_MSIL2A_20200823T031551_N0214_R118_T48PWR_20200823T065603,1598165763000,Bac Lieu,2020-08-23 06:56:03,1.366507101048464
45.078668,15.073664,18.072928,20.9806659162438,7.916703,1.331336,S2A_MSIL2A_20200823T031551_N0214_R118_T48PWR_20200823T065603,1598165763000,Ca Mau,2020-08-23 06:56:03,1.3598180611171917
45.078668,15.073664,18.072928,20.9806659162438,7.916703,1.331336,S2A_MSIL2A_20200823T031551_N0214_R118_T48PWR_20200823T065603,1598165763000,Can Tho city,2020-08-23 06:56:03,1.6557634251325288
45.078668,15.073664,18.072928,20.9806659162438,7.916703,1.331336,S2A_MSIL2A_20200823T031551_N0214_R118_T48PWR_20200823T065603,1598165763000,Hau Giang,2020-08-23 06:56:03,3.1047936554946105
45.078668,15.073664,18.072928,20.9806659162438,7.916703,1.331336,S2A_MSIL2A_20200823T031551_N0214_R118_T48PWR_20200823T065603,1598165763000,Kien Giang,2020-08-23 06:56:03,1.687362575613195
33.073828,17.26322,6.252816,21.8623039673504,50.707406,0.0,S2A_MSIL2A_20200823T031551_N0214_R118_T48PVR_20200823T065603,1598165763000,Ca Mau,2020-08-23 06:56:03,1.3598180611171917
33.073828,17.26322,6.252816,21.8623039673504,50.707406,0.0,S2A_MSIL2A_20200823T031551_N0214_R118_T48PVR_20200823T065603,1598165763000,Kien Giang,2020-08-23 06:56:03,1.687362575613195
49.226798,24.060382,0.004102,22.7437770644737,50.748944,0.0,S2A_MSIL2A_20200823T031551_N0214_R118_T48PUR_20200823T065603,1598165763000,Kien Giang,2020-08-23 06:56:03,1.687362575613195
27.77452,19.893965,3.463953,21.9262870888303,61.585093,0.094874,S2A_MSIL2A_20200823T031551_N0214_R118_T48PVQ_20200823T065603,1598165763000,Ca Mau,2020-08-23 06:56:03,1.3598180611171917
15.347348,0.0,34.672379,22.3864410410168,26.471907,0.000591,S2B_MSIL2A_20200825T030549_N0214_R075_T48PXS_20200825T063150,1598337110000,Tra Vinh,2020-08-25 06:31:50,1.852029571473534
15.347348,0.0,34.672379,22.3864410410168,26.471907,0.000591,S2B_MSIL2A_20200825T030549_N0214_R075_T48PXS_20200825T063150,1598337110000,Ben Tre,2020-08-25 06:31:50,5.508553845313052
15.347348,0.0,34.672379,22.3864410410168,26.471907,0.000591,S2B_MSIL2A_20200825T030549_N0214_R075_T48PXS_20200825T063150,1598337110000,Long An,2020-08-25 06:31:50,3.1101541814957723
15.347348,0.0,34.672379,22.3864410410168,26.471907,0.000591,S2B_MSIL2A_20200825T030549_N0214_R075_T48PXS_20200825T063150,1598337110000,Tien Giang,2020-08-25 06:31:50,5.090437882616238
3.295003,0.0,7.853084,22.3908761427334,81.576824,0.000154,S2B_MSIL2A_20200825T030549_N0214_R075_T48PXR_20200825T063150,1598337110000,Soc Trang,2020-08-25 06:31:50,0.7802514299119649
3.295003,0.0,7.853084,22.3908761427334,81.576824,0.000154,S2B_MSIL2A_20200825T030549_N0214_R075_T48PXR_20200825T063150,1598337110000,Tra Vinh,2020-08-25 06:31:50,1.852029571473534
3.295003,0.0,7.853084,22.3908761427334,81.576824,0.000154,S2B_MSIL2A_20200825T030549_N0214_R075_T48PXR_20200825T063150,1598337110000,Vinh Long,2020-08-25 06:31:50,4.818035848239297
3.295003,0.0,7.853084,22.3908761427334,81.576824,0.000154,S2B_MSIL2A_20200825T030549_N0214_R075_T48PXR_20200825T063150,1598337110000,Ben Tre,2020-08-25 06:31:50,5.508553845313052
13.124468,0.018297,17.309399,20.0903308340718,64.961606,0.206002,S2A_MSIL2A_20200826T032541_N0214_R018_T48PUS_20200826T073212,1598427132000,Kien Giang,2020-08-26 07:32:12,2.975430582171652
9.260753,1.157967,0.660465,20.0713454129813,89.970469,0.0,S2A_MSIL2A_20200826T032541_N0214_R018_T48PUR_20200826T073212,1598427132000,Kien Giang,2020-08-26 07:32:12,2.975430582171652
26.173369,14.33389,0.214867,20.0903308340719,73.533934,0.0,S2A_MSIL2A_20200826T032541_N0214_R018_T48PUS_20200826T074843,1598428123000,Kien Giang,2020-08-26 07:48:43,2.975430582171652
23.727048,11.645924,0.14762,20.0713454129814,76.097476,0.0,S2A_MSIL2A_20200826T032541_N0214_R018_T48PUR_20200826T074843,1598428123000,Kien Giang,2020-08-26 07:48:43,2.975430582171652
37.995772,22.341624,0.959104,20.6116111924993,56.63287,0.257365,S2B_MSIL2A_20200828T031539_N0214_R118_T48PWQ_20200828T063612,1598596572000,Bac Lieu,2020-08-28 06:36:12,2.412595962536411
37.995772,22.341624,0.959104,20.6116111924993,56.63287,0.257365,S2B_MSIL2A_20200828T031539_N0214_R118_T48PWQ_20200828T063612,1598596572000,Ca Mau,2020-08-28 06:36:12,1.5517195844133151
31.964634,1.885486,27.012926,22.127955499407,20.208581,0.781154,S2A_MSIL2A_20200830T030551_N0214_R075_T48PXS_20200830T064233,1598769753000,Tra Vinh,2020-08-30 06:42:33,5.471656956695637
31.964634,1.885486,27.012926,22.127955499407,20.208581,0.781154,S2A_MSIL2A_20200830T030551_N0214_R075_T48PXS_20200830T064233,1598769753000,Ben Tre,2020-08-30 06:42:33,6.498365637738716
31.964634,1.885486,27.012926,22.127955499407,20.208581,0.781154,S2A_MSIL2A_20200830T030551_N0214_R075_T48PXS_20200830T064233,1598769753000,Long An,2020-08-30 06:42:33,8.45995742749973
31.964634,1.885486,27.012926,22.127955499407,20.208581,0.781154,S2A_MSIL2A_20200830T030551_N0214_R075_T48PXS_20200830T064233,1598769753000,Tien Giang,2020-08-30 06:42:33,6.921898657984419
12.001087,0.39066,3.48997,22.0582517763293,78.542125,0.729426,S2A_MSIL2A_20200830T030551_N0214_R075_T48PXR_20200830T064233,1598769753000,Soc Trang,2020-08-30 06:42:33,4.843760283976352
12.001087,0.39066,3.48997,22.0582517763293,78.542125,0.729426,S2A_MSIL2A_20200830T030551_N0214_R075_T48PXR_20200830T064233,1598769753000,Tra Vinh,2020-08-30 06:42:33,5.471656956695637
12.001087,0.39066,3.48997,22.0582517763293,78.542125,0.729426,S2A_MSIL2A_20200830T030551_N0214_R075_T48PXR_20200830T064233,1598769753000,Vinh Long,2020-08-30 06:42:33,9.957556383000815
12.001087,0.39066,3.48997,22.0582517763293,78.542125,0.729426,S2A_MSIL2A_20200830T030551_N0214_R075_T48PXR_20200830T064233,1598769753000,Ben Tre,2020-08-30 06:42:33,6.498365637738716
31.64867,3.72519,10.507786,19.8698910581088,52.623355,2.141466,S2B_MSIL2A_20200831T032539_N0214_R018_T48PUS_20200831T080239,1598860959000,Kien Giang,2020-08-31 08:02:39,7.917644535324825
20.075009,11.138513,0.142895,19.7679575171885,79.746568,0.0,S2B_MSIL2A_20200831T032539_N0214_R018_T48PUR_20200831T080239,1598860959000,Kien Giang,2020-08-31 08:02:39,7.917644535324825
26.374441,1.20893,28.923687,21.9944110928107,23.440273,0.060618,S2B_MSIL2A_20200904T030549_N0214_R075_T48PXS_20200904T063836,1599201516000,Tra Vinh,2020-09-04 06:38:36,3.4516859765159076
26.374441,1.20893,28.923687,21.9944110928107,23.440273,0.060618,S2B_MSIL2A_20200904T030549_N0214_R075_T48PXS_20200904T063836,1599201516000,Ben Tre,2020-09-04 06:38:36,2.9948579496219634
26.374441,1.20893,28.923687,21.9944110928107,23.440273,0.060618,S2B_MSIL2A_20200904T030549_N0214_R075_T48PXS_20200904T063836,1599201516000,Long An,2020-09-04 06:38:36,6.166440877711184
26.374441,1.20893,28.923687,21.9944110928107,23.440273,0.060618,S2B_MSIL2A_20200904T030549_N0214_R075_T48PXS_20200904T063836,1599201516000,Tien Giang,2020-09-04 06:38:36,4.773049273438864
19.004432,13.794512,5.814636,21.8470496509619,68.619287,0.079055,S2B_MSIL2A_20200904T030549_N0214_R075_T48PXR_20200904T063836,1599201516000,Soc Trang,2020-09-04 06:38:36,3.6506819134715713
19.004432,13.794512,5.814636,21.8470496509619,68.619287,0.079055,S2B_MSIL2A_20200904T030549_N0214_R075_T48PXR_20200904T063836,1599201516000,Tra Vinh,2020-09-04 06:38:36,3.4516859765159076
19.004432,13.794512,5.814636,21.8470496509619,68.619287,0.079055,S2B_MSIL2A_20200904T030549_N0214_R075_T48PXR_20200904T063836,1599201516000,Vinh Long,2020-09-04 06:38:36,4.74546946239663
19.004432,13.794512,5.814636,21.8470496509619,68.619287,0.079055,S2B_MSIL2A_20200904T030549_N0214_R075_T48PXR_20200904T063836,1599201516000,Ben Tre,2020-09-04 06:38:36,2.9948579496219634
42.959897,13.531493,12.404606,19.7698683389379,39.610568,0.617758,S2A_MSIL2A_20200905T032541_N0214_R018_T48PUS_20200905T070211,1599289331000,Kien Giang,2020-09-05 07:02:11,3.7476653212896713
11.560772,1.769716,63.515317,19.8252666636075,0.581312,0.0,S2B_MSIL2A_20200907T031539_N0214_R118_T48PXT_20200907T070231,1599462151000,Dong Thap,2020-09-07 07:02:31,5.858770219108294
11.560772,1.769716,63.515317,19.8252666636075,0.581312,0.0,S2B_MSIL2A_20200907T031539_N0214_R118_T48PXT_20200907T070231,1599462151000,Long An,2020-09-07 07:02:31,6.7857371820652626
37.574193,0.402361,32.636917,20.688836776919,1.747018,0.0,S2B_MSIL2A_20200907T031539_N0214_R118_T48PWT_20200907T070231,1599462151000,An Giang,2020-09-07 07:02:31,6.293466331015992
37.574193,0.402361,32.636917,20.688836776919,1.747018,0.0,S2B_MSIL2A_20200907T031539_N0214_R118_T48PWT_20200907T070231,1599462151000,Dong Thap,2020-09-07 07:02:31,5.858770219108294
37.574193,0.402361,32.636917,20.688836776919,1.747018,0.0,S2B_MSIL2A_20200907T031539_N0214_R118_T48PWT_20200907T070231,1599462151000,Long An,2020-09-07 07:02:31,6.7857371820652626
25.420122,0.409118,50.981665,21.5543855321889,1.478516,0.0,S2B_MSIL2A_20200907T031539_N0214_R118_T48PVT_20200907T070231,1599462151000,An Giang,2020-09-07 07:02:31,6.293466331015992
14.011137,0.956075,61.196905,19.5700950837414,0.656651,8.1e-05,S2B_MSIL2A_20200907T031539_N0214_R118_T48PXS_20200907T070231,1599462151000,Soc Trang,2020-09-07 07:02:31,6.2754847745240605
14.011137,0.956075,61.196905,19.5700950837414,0.656651,8.1e-05,S2B_MSIL2A_20200907T031539_N0214_R118_T48PXS_20200907T070231,1599462151000,Tra Vinh,2020-09-07 07:02:31,3.7955582125599707
14.011137,0.956075,61.196905,19.5700950837414,0.656651,8.1e-05,S2B_MSIL2A_20200907T031539_N0214_R118_T48PXS_20200907T070231,1599462151000,Vinh Long,2020-09-07 07:02:31,5.813341080300955
14.011137,0.956075,61.196905,19.5700950837414,0.656651,8.1e-05,S2B_MSIL2A_20200907T031539_N0214_R118_T48PXS_20200907T070231,1599462151000,Ben Tre,2020-09-07 07:02:31,3.4679863216470665
14.011137,0.956075,61.196905,19.5700950837414,0.656651,8.1e-05,S2B_MSIL2A_20200907T031539_N0214_R118_T48PXS_20200907T070231,1599462151000,Dong Thap,2020-09-07 07:02:31,5.858770219108294
14.011137,0.956075,61.196905,19.5700950837414,0.656651,8.1e-05,S2B_MSIL2A_20200907T031539_N0214_R118_T48PXS_20200907T070231,1599462151000,Long An,2020-09-07 07:02:31,6.7857371820652626
14.011137,0.956075,61.196905,19.5700950837414,0.656651,8.1e-05,S2B_MSIL2A_20200907T031539_N0214_R118_T48PXS_20200907T070231,1599462151000,Tien Giang,2020-09-07 07:02:31,5.087700087452284
40.215142,0.642048,28.084829,20.4413704484266,1.440679,0.0,S2B_MSIL2A_20200907T031539_N0214_R118_T48PWS_20200907T070231,1599462151000,Soc Trang,2020-09-07 07:02:31,6.2754847745240605
40.215142,0.642048,28.084829,20.4413704484266,1.440679,0.0,S2B_MSIL2A_20200907T031539_N0214_R118_T48PWS_20200907T070231,1599462151000,Tra Vinh,2020-09-07 07:02:31,3.7955582125599707
40.215142,0.642048,28.084829,20.4413704484266,1.440679,0.0,S2B_MSIL2A_20200907T031539_N0214_R118_T48PWS_20200907T070231,1599462151000,Vinh Long,2020-09-07 07:02:31,5.813341080300955
40.215142,0.642048,28.084829,20.4413704484266,1.440679,0.0,S2B_MSIL2A_20200907T031539_N0214_R118_T48PWS_20200907T070231,1599462151000,Can Tho city,2020-09-07 07:02:31,6.416313317231192
40.215142,0.642048,28.084829,20.4413704484266,1.440679,0.0,S2B_MSIL2A_20200907T031539_N0214_R118_T48PWS_20200907T070231,1599462151000,Hau Giang,2020-09-07 07:02:31,8.911322514632003
40.215142,0.642048,28.084829,20.4413704484266,1.440679,0.0,S2B_MSIL2A_20200907T031539_N0214_R118_T48PWS_20200907T070231,1599462151000,An Giang,2020-09-07 07:02:31,6.293466331015992
40.215142,0.642048,28.084829,20.4413704484266,1.440679,0.0,S2B_MSIL2A_20200907T031539_N0214_R118_T48PWS_20200907T070231,1599462151000,Dong Thap,2020-09-07 07:02:31,5.858770219108294
40.215142,0.642048,28.084829,20.4413704484266,1.440679,0.0,S2B_MSIL2A_20200907T031539_N0214_R118_T48PWS_20200907T070231,1599462151000,Kien Giang,2020-09-07 07:02:31,8.765233193442521
40.215142,0.642048,28.084829,20.4413704484266,1.440679,0.0,S2B_MSIL2A_20200907T031539_N0214_R118_T48PWS_20200907T070231,1599462151000,Long An,2020-09-07 07:02:31,6.7857371820652626
40.215142,0.642048,28.084829,20.4413704484266,1.440679,0.0,S2B_MSIL2A_20200907T031539_N0214_R118_T48PWS_20200907T070231,1599462151000,Tien Giang,2020-09-07 07:02:31,5.087700087452284
40.415901,15.163052,1.332129,20.9374182334093,55.833137,0.212836,S2B_MSIL2A_20200907T031539_N0214_R118_T48PVQ_20200907T070231,1599462151000,Ca Mau,2020-09-07 07:02:31,8.064325565303326
29.825313,1.386006,42.570192,20.045863811127,0.767638,0.0,S2A_MSIL2A_20200912T031541_N0214_R118_T48PXT_20200912T064840,1599893320000,Dong Thap,2020-09-12 06:48:40,8.34469681226687
29.825313,1.386006,42.570192,20.045863811127,0.767638,0.0,S2A_MSIL2A_20200912T031541_N0214_R118_T48PXT_20200912T064840,1599893320000,Long An,2020-09-12 06:48:40,8.82663539640563
22.46665,1.089822,41.046631,20.8853624160595,2.902014,0.0,S2A_MSIL2A_20200912T031541_N0214_R118_T48PWT_20200912T064840,1599893320000,An Giang,2020-09-12 06:48:40,8.850359354066109
22.46665,1.089822,41.046631,20.8853624160595,2.902014,0.0,S2A_MSIL2A_20200912T031541_N0214_R118_T48PWT_20200912T064840,1599893320000,Dong Thap,2020-09-12 06:48:40,8.34469681226687
22.46665,1.089822,41.046631,20.8853624160595,2.902014,0.0,S2A_MSIL2A_20200912T031541_N0214_R118_T48PWT_20200912T064840,1599893320000,Long An,2020-09-12 06:48:40,8.82663539640563
12.340065,1.13309,62.387317,21.7286225185713,2.475945,0.0,S2A_MSIL2A_20200912T031541_N0214_R118_T48PVT_20200912T064840,1599893320000,An Giang,2020-09-12 06:48:40,8.850359354066109
26.690106,5.35698,34.409535,20.5555273373613,2.736662,0.0,S2A_MSIL2A_20200912T031541_N0214_R118_T48PWS_20200912T064840,1599893320000,Soc Trang,2020-09-12 06:48:40,15.066147304476965
26.690106,5.35698,34.409535,20.5555273373613,2.736662,0.0,S2A_MSIL2A_20200912T031541_N0214_R118_T48PWS_20200912T064840,1599893320000,Tra Vinh,2020-09-12 06:48:40,8.132163872126059
26.690106,5.35698,34.409535,20.5555273373613,2.736662,0.0,S2A_MSIL2A_20200912T031541_N0214_R118_T48PWS_20200912T064840,1599893320000,Vinh Long,2020-09-12 06:48:40,8.948384322277546
26.690106,5.35698,34.409535,20.5555273373613,2.736662,0.0,S2A_MSIL2A_20200912T031541_N0214_R118_T48PWS_20200912T064840,1599893320000,Can Tho city,2020-09-12 06:48:40,9.451505677948703
26.690106,5.35698,34.409535,20.5555273373613,2.736662,0.0,S2A_MSIL2A_20200912T031541_N0214_R118_T48PWS_20200912T064840,1599893320000,Hau Giang,2020-09-12 06:48:40,14.832831632787736
26.690106,5.35698,34.409535,20.5555273373613,2.736662,0.0,S2A_MSIL2A_20200912T031541_N0214_R118_T48PWS_20200912T064840,1599893320000,An Giang,2020-09-12 06:48:40,8.850359354066109
26.690106,5.35698,34.409535,20.5555273373613,2.736662,0.0,S2A_MSIL2A_20200912T031541_N0214_R118_T48PWS_20200912T064840,1599893320000,Dong Thap,2020-09-12 06:48:40,8.34469681226687
26.690106,5.35698,34.409535,20.5555273373613,2.736662,0.0,S2A_MSIL2A_20200912T031541_N0214_R118_T48PWS_20200912T064840,1599893320000,Kien Giang,2020-09-12 06:48:40,12.66549891760963
26.690106,5.35698,34.409535,20.5555273373613,2.736662,0.0,S2A_MSIL2A_20200912T031541_N0214_R118_T48PWS_20200912T064840,1599893320000,Long An,2020-09-12 06:48:40,8.82663539640563
26.690106,5.35698,34.409535,20.5555273373613,2.736662,0.0,S2A_MSIL2A_20200912T031541_N0214_R118_T48PWS_20200912T064840,1599893320000,Tien Giang,2020-09-12 06:48:40,8.113366495213477
27.4963,12.8801,26.513866,21.4087326898851,29.100084,0.220606,S2A_MSIL2A_20200912T031541_N0214_R118_T48PVS_20200912T064840,1599893320000,An Giang,2020-09-12 06:48:40,8.850359354066109
27.4963,12.8801,26.513866,21.4087326898851,29.100084,0.220606,S2A_MSIL2A_20200912T031541_N0214_R118_T48PVS_20200912T064840,1599893320000,Kien Giang,2020-09-12 06:48:40,12.66549891760963
45.965321,7.357304,16.898049,20.2590861530305,5.920077,0.375225,S2A_MSIL2A_20200912T031541_N0214_R118_T48PWR_20200912T064840,1599893320000,Soc Trang,2020-09-12 06:48:40,15.066147304476965
45.965321,7.357304,16.898049,20.2590861530305,5.920077,0.375225,S2A_MSIL2A_20200912T031541_N0214_R118_T48PWR_20200912T064840,1599893320000,Tra Vinh,2020-09-12 06:48:40,8.132163872126059
45.965321,7.357304,16.898049,20.2590861530305,5.920077,0.375225,S2A_MSIL2A_20200912T031541_N0214_R118_T48PWR_20200912T064840,1599893320000,Vinh Long,2020-09-12 06:48:40,8.948384322277546
45.965321,7.357304,16.898049,20.2590861530305,5.920077,0.375225,S2A_MSIL2A_20200912T031541_N0214_R118_T48PWR_20200912T064840,1599893320000,Bac Lieu,2020-09-12 06:48:40,19.31427819005799
45.965321,7.357304,16.898049,20.2590861530305,5.920077,0.375225,S2A_MSIL2A_20200912T031541_N0214_R118_T48PWR_20200912T064840,1599893320000,Ca Mau,2020-09-12 06:48:40,18.829392826967684
45.965321,7.357304,16.898049,20.2590861530305,5.920077,0.375225,S2A_MSIL2A_20200912T031541_N0214_R118_T48PWR_20200912T064840,1599893320000,Can Tho city,2020-09-12 06:48:40,9.451505677948703
45.965321,7.357304,16.898049,20.2590861530305,5.920077,0.375225,S2A_MSIL2A_20200912T031541_N0214_R118_T48PWR_20200912T064840,1599893320000,Hau Giang,2020-09-12 06:48:40,14.832831632787736
45.965321,7.357304,16.898049,20.2590861530305,5.920077,0.375225,S2A_MSIL2A_20200912T031541_N0214_R118_T48PWR_20200912T064840,1599893320000,Kien Giang,2020-09-12 06:48:40,12.66549891760963
43.265607,21.141805,5.772592,21.1212311747854,42.094108,0.0,S2A_MSIL2A_20200912T031541_N0214_R118_T48PVR_20200912T064840,1599893320000,Ca Mau,2020-09-12 06:48:40,18.829392826967684
43.265607,21.141805,5.772592,21.1212311747854,42.094108,0.0,S2A_MSIL2A_20200912T031541_N0214_R118_T48PVR_20200912T064840,1599893320000,Kien Giang,2020-09-12 06:48:40,12.66549891760963
31.735599,3.549619,40.93942,21.0333556155678,1.392475,0.0,S2A_MSIL2A_20200922T031541_N0214_R118_T48PXT_20200922T070939,1600758579000,Dong Thap,2020-09-22 07:09:39,7.52687646454135
31.735599,3.549619,40.93942,21.0333556155678,1.392475,0.0,S2A_MSIL2A_20200922T031541_N0214_R118_T48PXT_20200922T070939,1600758579000,Long An,2020-09-22 07:09:39,9.080031617793038
40.213346,1.100378,27.910638,20.537220546179,2.331157,1.037122,S2A_MSIL2A_20200922T031541_N0214_R118_T48PXS_20200922T070939,1600758579000,Soc Trang,2020-09-22 07:09:39,7.947232087601116
40.213346,1.100378,27.910638,20.537220546179,2.331157,1.037122,S2A_MSIL2A_20200922T031541_N0214_R118_T48PXS_20200922T070939,1600758579000,Tra Vinh,2020-09-22 07:09:39,5.933052327165169
40.213346,1.100378,27.910638,20.537220546179,2.331157,1.037122,S2A_MSIL2A_20200922T031541_N0214_R118_T48PXS_20200922T070939,1600758579000,Vinh Long,2020-09-22 07:09:39,9.010949895063357
40.213346,1.100378,27.910638,20.537220546179,2.331157,1.037122,S2A_MSIL2A_20200922T031541_N0214_R118_T48PXS_20200922T070939,1600758579000,Ben Tre,2020-09-22 07:09:39,6.698794680808677
40.213346,1.100378,27.910638,20.537220546179,2.331157,1.037122,S2A_MSIL2A_20200922T031541_N0214_R118_T48PXS_20200922T070939,1600758579000,Dong Thap,2020-09-22 07:09:39,7.52687646454135
40.213346,1.100378,27.910638,20.537220546179,2.331157,1.037122,S2A_MSIL2A_20200922T031541_N0214_R118_T48PXS_20200922T070939,1600758579000,Long An,2020-09-22 07:09:39,9.080031617793038
40.213346,1.100378,27.910638,20.537220546179,2.331157,1.037122,S2A_MSIL2A_20200922T031541_N0214_R118_T48PXS_20200922T070939,1600758579000,Tien Giang,2020-09-22 07:09:39,8.814175570641625
41.849699,3.017597,12.207951,20.8673286139669,9.694709,1.361337,S2A_MSIL2A_20200922T031541_N0214_R118_T48PWR_20200922T070939,1600758579000,Soc Trang,2020-09-22 07:09:39,7.947232087601116
41.849699,3.017597,12.207951,20.8673286139669,9.694709,1.361337,S2A_MSIL2A_20200922T031541_N0214_R118_T48PWR_20200922T070939,1600758579000,Tra Vinh,2020-09-22 07:09:39,5.933052327165169
41.849699,3.017597,12.207951,20.8673286139669,9.694709,1.361337,S2A_MSIL2A_20200922T031541_N0214_R118_T48PWR_20200922T070939,1600758579000,Vinh Long,2020-09-22 07:09:39,9.010949895063357
41.849699,3.017597,12.207951,20.8673286139669,9.694709,1.361337,S2A_MSIL2A_20200922T031541_N0214_R118_T48PWR_20200922T070939,1600758579000,Bac Lieu,2020-09-22 07:09:39,10.397796292589149
41.849699,3.017597,12.207951,20.8673286139669,9.694709,1.361337,S2A_MSIL2A_20200922T031541_N0214_R118_T48PWR_20200922T070939,1600758579000,Ca Mau,2020-09-22 07:09:39,11.370112022218146
41.849699,3.017597,12.207951,20.8673286139669,9.694709,1.361337,S2A_MSIL2A_20200922T031541_N0214_R118_T48PWR_20200922T070939,1600758579000,Can Tho city,2020-09-22 07:09:39,10.12876841252134
41.849699,3.017597,12.207951,20.8673286139669,9.694709,1.361337,S2A_MSIL2A_20200922T031541_N0214_R118_T48PWR_20200922T070939,1600758579000,Hau Giang,2020-09-22 07:09:39,11.571827548699906
41.849699,3.017597,12.207951,20.8673286139669,9.694709,1.361337,S2A_MSIL2A_20200922T031541_N0214_R118_T48PWR_20200922T070939,1600758579000,Kien Giang,2020-09-22 07:09:39,10.978311788086302
40.475111,16.170971,2.031549,20.4404567733172,51.742256,0.40481,S2A_MSIL2A_20200922T031541_N0214_R118_T48PWQ_20200922T070939,1600758579000,Bac Lieu,2020-09-22 07:09:39,10.397796292589149
40.475111,16.170971,2.031549,20.4404567733172,51.742256,0.40481,S2A_MSIL2A_20200922T031541_N0214_R118_T48PWQ_20200922T070939,1600758579000,Ca Mau,2020-09-22 07:09:39,11.370112022218146
38.177586,10.050079,2.119754,21.2593019958638,54.137665,0.809812,S2A_MSIL2A_20200922T031541_N0214_R118_T48PVQ_20200922T070939,1600758579000,Ca Mau,2020-09-22 07:09:39,11.370112022218146
43.481941,1.061348,25.102916,22.9401105892822,10.74273,0.193124,S2B_MSIL2A_20200924T030549_N0214_R075_T48PXS_20200924T062350,1600928630000,Tra Vinh,2020-09-24 06:23:50,13.859787881877262
43.481941,1.061348,25.102916,22.9401105892822,10.74273,0.193124,S2B_MSIL2A_20200924T030549_N0214_R075_T48PXS_20200924T062350,1600928630000,Ben Tre,2020-09-24 06:23:50,12.4562334386328
43.481941,1.061348,25.102916,22.9401105892822,10.74273,0.193124,S2B_MSIL2A_20200924T030549_N0214_R075_T48PXS_20200924T062350,1600928630000,Long An,2020-09-24 06:23:50,11.674817469789796
43.481941,1.061348,25.102916,22.9401105892822,10.74273,0.193124,S2B_MSIL2A_20200924T030549_N0214_R075_T48PXS_20200924T062350,1600928630000,Tien Giang,2020-09-24 06:23:50,12.606429753273412
46.525084,18.210174,0.130267,21.325933182205,53.325361,0.0,S2B_MSIL2A_20200930T032539_N0214_R018_T48PUR_20200930T130333,1601471013000,Kien Giang,2020-09-30 13:03:33,10.571862855470794
41.02195,27.100453,0.150711,25.5794037194172,58.804411,0.0,S2B_MSIL2A_20201020T032749_N0214_R018_T48PUR_20201020T065343,1603176823000,Kien Giang,2020-10-20 06:53:43,12.175807938580798
48.079453,27.413851,16.11075,27.8035712524965,23.054725,0.000803,S2A_MSIL2A_20201022T031801_N0214_R118_T48PVS_20201022T064653,1603349213000,An Giang,2020-10-22 06:46:53,4.397158207349005
48.079453,27.413851,16.11075,27.8035712524965,23.054725,0.000803,S2A_MSIL2A_20201022T031801_N0214_R118_T48PVS_20201022T064653,1603349213000,Kien Giang,2020-10-22 06:46:53,8.269229779434596
40.067685,8.459327,13.101223,28.3768977510183,42.414957,0.02948,S2A_MSIL2A_20201022T031801_N0214_R118_T48PUS_20201022T064653,1603349213000,Kien Giang,2020-10-22 06:46:53,8.269229779434596
39.347471,19.134061,0.026822,26.8489290318332,60.617667,0.0,S2A_MSIL2A_20201025T032821_N0214_R018_T48PUR_20201025T071130,1603609890000,Kien Giang,2020-10-25 07:11:30,5.751397570333496
14.724181,3.500082,11.328658,28.9412487035195,69.677019,0.348874,S2B_MSIL2A_20201030T032859_N0214_R018_T48PUS_20201030T071939,1604042379000,Kien Giang,2020-10-30 07:19:39,11.964951538817502
16.078669,9.737141,0.117283,28.1542997138128,83.774215,0.0,S2B_MSIL2A_20201030T032859_N0214_R018_T48PUR_20201030T071939,1604042379000,Kien Giang,2020-10-30 07:19:39,11.964951538817502
49.835569,10.143993,9.999967,28.5541833066611,23.076072,0.9223,S2A_MSIL2A_20201101T031901_N0214_R118_T48PXR_20201101T065959,1604213999000,Soc Trang,2020-11-01 06:59:59,8.930313012952546
49.835569,10.143993,9.999967,28.5541833066611,23.076072,0.9223,S2A_MSIL2A_20201101T031901_N0214_R118_T48PXR_20201101T065959,1604213999000,Tra Vinh,2020-11-01 06:59:59,6.418492780947697
49.835569,10.143993,9.999967,28.5541833066611,23.076072,0.9223,S2A_MSIL2A_20201101T031901_N0214_R118_T48PXR_20201101T065959,1604213999000,Vinh Long,2020-11-01 06:59:59,10.519695509534284
49.835569,10.143993,9.999967,28.5541833066611,23.076072,0.9223,S2A_MSIL2A_20201101T031901_N0214_R118_T48PXR_20201101T065959,1604213999000,Ben Tre,2020-11-01 06:59:59,6.993055662757631
49.721843,35.474226,0.578692,30.4621771210642,48.34373,0.019663,S2B_MSIL2A_20201103T030909_N0214_R075_T48PXR_20201103T063120,1604385080000,Soc Trang,2020-11-03 06:31:20,7.034436588532014
49.721843,35.474226,0.578692,30.4621771210642,48.34373,0.019663,S2B_MSIL2A_20201103T030909_N0214_R075_T48PXR_20201103T063120,1604385080000,Tra Vinh,2020-11-03 06:31:20,5.9478733001403095
49.721843,35.474226,0.578692,30.4621771210642,48.34373,0.019663,S2B_MSIL2A_20201103T030909_N0214_R075_T48PXR_20201103T063120,1604385080000,Vinh Long,2020-11-03 06:31:20,10.351156161660539
49.721843,35.474226,0.578692,30.4621771210642,48.34373,0.019663,S2B_MSIL2A_20201103T030909_N0214_R075_T48PXR_20201103T063120,1604385080000,Ben Tre,2020-11-03 06:31:20,9.28325115009404
32.367711,7.013695,12.224993,30.3336691055025,23.478858,0.17496,S2B_MSIL2A_20201106T031929_N0214_R118_T48PWR_20201106T070235,1604646155000,Soc Trang,2020-11-06 07:02:35,4.624477384982499
32.367711,7.013695,12.224993,30.3336691055025,23.478858,0.17496,S2B_MSIL2A_20201106T031929_N0214_R118_T48PWR_20201106T070235,1604646155000,Tra Vinh,2020-11-06 07:02:35,3.1658023864457285
32.367711,7.013695,12.224993,30.3336691055025,23.478858,0.17496,S2B_MSIL2A_20201106T031929_N0214_R118_T48PWR_20201106T070235,1604646155000,Vinh Long,2020-11-06 07:02:35,5.227241110718799
32.367711,7.013695,12.224993,30.3336691055025,23.478858,0.17496,S2B_MSIL2A_20201106T031929_N0214_R118_T48PWR_20201106T070235,1604646155000,Bac Lieu,2020-11-06 07:02:35,6.537359066555337
32.367711,7.013695,12.224993,30.3336691055025,23.478858,0.17496,S2B_MSIL2A_20201106T031929_N0214_R118_T48PWR_20201106T070235,1604646155000,Ca Mau,2020-11-06 07:02:35,5.389955653405479
32.367711,7.013695,12.224993,30.3336691055025,23.478858,0.17496,S2B_MSIL2A_20201106T031929_N0214_R118_T48PWR_20201106T070235,1604646155000,Can Tho city,2020-11-06 07:02:35,3.7295826259766827
32.367711,7.013695,12.224993,30.3336691055025,23.478858,0.17496,S2B_MSIL2A_20201106T031929_N0214_R118_T48PWR_20201106T070235,1604646155000,Hau Giang,2020-11-06 07:02:35,2.719426792440821
32.367711,7.013695,12.224993,30.3336691055025,23.478858,0.17496,S2B_MSIL2A_20201106T031929_N0214_R118_T48PWR_20201106T070235,1604646155000,Kien Giang,2020-11-06 07:02:35,3.967853793761936
23.679825,10.206502,4.273453,30.8232579394099,61.966455,0.0,S2B_MSIL2A_20201106T031929_N0214_R118_T48PVR_20201106T070235,1604646155000,Ca Mau,2020-11-06 07:02:35,5.389955653405479
23.679825,10.206502,4.273453,30.8232579394099,61.966455,0.0,S2B_MSIL2A_20201106T031929_N0214_R118_T48PVR_20201106T070235,1604646155000,Kien Giang,2020-11-06 07:02:35,3.967853793761936
39.052217,12.59978,0.00331,31.3282351564541,60.938776,0.0,S2B_MSIL2A_20201106T031929_N0214_R118_T48PUR_20201106T070235,1604646155000,Kien Giang,2020-11-06 07:02:35,3.967853793761936
7.835422,0.704599,3.138095,29.5437592415942,83.804327,0.065989,S2B_MSIL2A_20201106T031929_N0214_R118_T48PWQ_20201106T070235,1604646155000,Bac Lieu,2020-11-06 07:02:35,6.537359066555337
7.835422,0.704599,3.138095,29.5437592415942,83.804327,0.065989,S2B_MSIL2A_20201106T031929_N0214_R118_T48PWQ_20201106T070235,1604646155000,Ca Mau,2020-11-06 07:02:35,5.389955653405479
15.173732,0.050879,3.323469,30.0432354780187,75.67119,0.069184,S2B_MSIL2A_20201106T031929_N0214_R118_T48PVQ_20201106T070235,1604646155000,Ca Mau,2020-11-06 07:02:35,5.389955653405479
32.623458,31.883508,0.141353,30.7366125976616,67.227221,0.0,S2B_MSIL2A_20201109T032949_N0214_R018_T48PUR_20201109T062054,1604902854000,Kien Giang,2020-11-09 06:20:54,2.2364510611785855
34.537933,9.050946,22.514689,33.6917725726338,18.627284,0.112239,S2B_MSIL2A_20201113T030959_N0214_R075_T48PXS_20201113T051346,1605244426000,Tra Vinh,2020-11-13 05:13:46,0.0700113970702869
34.537933,9.050946,22.514689,33.6917725726338,18.627284,0.112239,S2B_MSIL2A_20201113T030959_N0214_R075_T48PXS_20201113T051346,1605244426000,Ben Tre,2020-11-13 05:13:46,0.15138312636817847
34.537933,9.050946,22.514689,33.6917725726338,18.627284,0.112239,S2B_MSIL2A_20201113T030959_N0214_R075_T48PXS_20201113T051346,1605244426000,Long An,2020-11-13 05:13:46,1.7921587136542356
34.537933,9.050946,22.514689,33.6917725726338,18.627284,0.112239,S2B_MSIL2A_20201113T030959_N0214_R075_T48PXS_20201113T051346,1605244426000,Tien Giang,2020-11-13 05:13:46,0.9626673377580114
33.562512,18.756025,20.310144,32.7860530721185,43.686935,7e-06,S2A_MSIL2A_20201114T033011_N0214_R018_T48PUS_20201114T070909,1605337749000,Kien Giang,2020-11-14 07:09:09,0.35147359489939817
15.152563,0.133101,53.270453,33.9888827869938,4.66761,0.0,S2B_MSIL2A_20201116T032019_N0214_R118_T48PXT_20201116T074206,1605512526000,Dong Thap,2020-11-16 07:42:06,1.4149536045107425
15.152563,0.133101,53.270453,33.9888827869938,4.66761,0.0,S2B_MSIL2A_20201116T032019_N0214_R118_T48PXT_20201116T074206,1605512526000,Long An,2020-11-16 07:42:06,2.1613775386443006
8.142143,0.014562,41.746566,34.4156701602745,14.724678,0.0,S2B_MSIL2A_20201116T032019_N0214_R118_T48PWT_20201116T074206,1605512526000,An Giang,2020-11-16 07:42:06,0.25168222657380146
8.142143,0.014562,41.746566,34.4156701602745,14.724678,0.0,S2B_MSIL2A_20201116T032019_N0214_R118_T48PWT_20201116T074206,1605512526000,Dong Thap,2020-11-16 07:42:06,1.4149536045107425
8.142143,0.014562,41.746566,34.4156701602745,14.724678,0.0,S2B_MSIL2A_20201116T032019_N0214_R118_T48PWT_20201116T074206,1605512526000,Long An,2020-11-16 07:42:06,2.1613775386443006
15.128077,0.0,53.856331,34.8577143763068,6.766325,0.0,S2B_MSIL2A_20201116T032019_N0214_R118_T48PVT_20201116T074206,1605512526000,An Giang,2020-11-16 07:42:06,0.25168222657380146
15.417413,0.003117,44.697511,33.1651967559467,9.786715,0.249057,S2B_MSIL2A_20201116T032019_N0214_R118_T48PXS_20201116T074206,1605512526000,Soc Trang,2020-11-16 07:42:06,0.3637844508162144
15.417413,0.003117,44.697511,33.1651967559467,9.786715,0.249057,S2B_MSIL2A_20201116T032019_N0214_R118_T48PXS_20201116T074206,1605512526000,Tra Vinh,2020-11-16 07:42:06,0.08525748742455175
15.417413,0.003117,44.697511,33.1651967559467,9.786715,0.249057,S2B_MSIL2A_20201116T032019_N0214_R118_T48PXS_20201116T074206,1605512526000,Vinh Long,2020-11-16 07:42:06,1.3442998398614268
15.417413,0.003117,44.697511,33.1651967559467,9.786715,0.249057,S2B_MSIL2A_20201116T032019_N0214_R118_T48PXS_20201116T074206,1605512526000,Ben Tre,2020-11-16 07:42:06,1.2868879319569275
15.417413,0.003117,44.697511,33.1651967559467,9.786715,0.249057,S2B_MSIL2A_20201116T032019_N0214_R118_T48PXS_20201116T074206,1605512526000,Dong Thap,2020-11-16 07:42:06,1.4149536045107425
15.417413,0.003117,44.697511,33.1651967559467,9.786715,0.249057,S2B_MSIL2A_20201116T032019_N0214_R118_T48PXS_20201116T074206,1605512526000,Long An,2020-11-16 07:42:06,2.1613775386443006
15.417413,0.003117,44.697511,33.1651967559467,9.786715,0.249057,S2B_MSIL2A_20201116T032019_N0214_R118_T48PXS_20201116T074206,1605512526000,Tien Giang,2020-11-16 07:42:06,2.208941081671384
25.146079,0.014824,27.546751,33.5994188366997,20.050244,0.0,S2B_MSIL2A_20201116T032019_N0214_R118_T48PWS_20201116T074206,1605512526000,Soc Trang,2020-11-16 07:42:06,0.3637844508162144
25.146079,0.014824,27.546751,33.5994188366997,20.050244,0.0,S2B_MSIL2A_20201116T032019_N0214_R118_T48PWS_20201116T074206,1605512526000,Tra Vinh,2020-11-16 07:42:06,0.08525748742455175
25.146079,0.014824,27.546751,33.5994188366997,20.050244,0.0,S2B_MSIL2A_20201116T032019_N0214_R118_T48PWS_20201116T074206,1605512526000,Vinh Long,2020-11-16 07:42:06,1.3442998398614268
25.146079,0.014824,27.546751,33.5994188366997,20.050244,0.0,S2B_MSIL2A_20201116T032019_N0214_R118_T48PWS_20201116T074206,1605512526000,Can Tho city,2020-11-16 07:42:06,1.9050528607915087
25.146079,0.014824,27.546751,33.5994188366997,20.050244,0.0,S2B_MSIL2A_20201116T032019_N0214_R118_T48PWS_20201116T074206,1605512526000,Hau Giang,2020-11-16 07:42:06,1.671119166404974
25.146079,0.014824,27.546751,33.5994188366997,20.050244,0.0,S2B_MSIL2A_20201116T032019_N0214_R118_T48PWS_20201116T074206,1605512526000,An Giang,2020-11-16 07:42:06,0.25168222657380146
25.146079,0.014824,27.546751,33.5994188366997,20.050244,0.0,S2B_MSIL2A_20201116T032019_N0214_R118_T48PWS_20201116T074206,1605512526000,Dong Thap,2020-11-16 07:42:06,1.4149536045107425
25.146079,0.014824,27.546751,33.5994188366997,20.050244,0.0,S2B_MSIL2A_20201116T032019_N0214_R118_T48PWS_20201116T074206,1605512526000,Kien Giang,2020-11-16 07:42:06,2.1251065033329
25.146079,0.014824,27.546751,33.5994188366997,20.050244,0.0,S2B_MSIL2A_20201116T032019_N0214_R118_T48PWS_20201116T074206,1605512526000,Long An,2020-11-16 07:42:06,2.1613775386443006
25.146079,0.014824,27.546751,33.5994188366997,20.050244,0.0,S2B_MSIL2A_20201116T032019_N0214_R118_T48PWS_20201116T074206,1605512526000,Tien Giang,2020-11-16 07:42:06,2.208941081671384
15.350751,0.0,20.434749,34.0492063244613,46.392122,0.013023,S2B_MSIL2A_20201116T032019_N0214_R118_T48PVS_20201116T074206,1605512526000,An Giang,2020-11-16 07:42:06,0.25168222657380146
15.350751,0.0,20.434749,34.0492063244613,46.392122,0.013023,S2B_MSIL2A_20201116T032019_N0214_R118_T48PVS_20201116T074206,1605512526000,Kien Giang,2020-11-16 07:42:06,2.1251065033329
11.202939,0.0,21.793066,34.5135463957419,61.720264,0.002,S2B_MSIL2A_20201116T032019_N0214_R118_T48PUS_20201116T074206,1605512526000,Kien Giang,2020-11-16 07:42:06,2.1251065033329
27.023363,0.018027,18.448292,32.3455301876655,36.72885,1.937646,S2B_MSIL2A_20201116T032019_N0214_R118_T48PXR_20201116T074206,1605512526000,Soc Trang,2020-11-16 07:42:06,0.3637844508162144
27.023363,0.018027,18.448292,32.3455301876655,36.72885,1.937646,S2B_MSIL2A_20201116T032019_N0214_R118_T48PXR_20201116T074206,1605512526000,Tra Vinh,2020-11-16 07:42:06,0.08525748742455175
27.023363,0.018027,18.448292,32.3455301876655,36.72885,1.937646,S2B_MSIL2A_20201116T032019_N0214_R118_T48PXR_20201116T074206,1605512526000,Vinh Long,2020-11-16 07:42:06,1.3442998398614268
27.023363,0.018027,18.448292,32.3455301876655,36.72885,1.937646,S2B_MSIL2A_20201116T032019_N0214_R118_T48PXR_20201116T074206,1605512526000,Ben Tre,2020-11-16 07:42:06,1.2868879319569275
28.609746,0.115332,15.673138,32.787564282886,22.521575,3.30245,S2B_MSIL2A_20201116T032019_N0214_R118_T48PWR_20201116T074206,1605512526000,Soc Trang,2020-11-16 07:42:06,0.3637844508162144
28.609746,0.115332,15.673138,32.787564282886,22.521575,3.30245,S2B_MSIL2A_20201116T032019_N0214_R118_T48PWR_20201116T074206,1605512526000,Tra Vinh,2020-11-16 07:42:06,0.08525748742455175
28.609746,0.115332,15.673138,32.787564282886,22.521575,3.30245,S2B_MSIL2A_20201116T032019_N0214_R118_T48PWR_20201116T074206,1605512526000,Vinh Long,2020-11-16 07:42:06,1.3442998398614268
28.609746,0.115332,15.673138,32.787564282886,22.521575,3.30245,S2B_MSIL2A_20201116T032019_N0214_R118_T48PWR_20201116T074206,1605512526000,Bac Lieu,2020-11-16 07:42:06,0.9759524262926114
28.609746,0.115332,15.673138,32.787564282886,22.521575,3.30245,S2B_MSIL2A_20201116T032019_N0214_R118_T48PWR_20201116T074206,1605512526000,Ca Mau,2020-11-16 07:42:06,0.6938705251802547
28.609746,0.115332,15.673138,32.787564282886,22.521575,3.30245,S2B_MSIL2A_20201116T032019_N0214_R118_T48PWR_20201116T074206,1605512526000,Can Tho city,2020-11-16 07:42:06,1.9050528607915087
28.609746,0.115332,15.673138,32.787564282886,22.521575,3.30245,S2B_MSIL2A_20201116T032019_N0214_R118_T48PWR_20201116T074206,1605512526000,Hau Giang,2020-11-16 07:42:06,1.671119166404974
28.609746,0.115332,15.673138,32.787564282886,22.521575,3.30245,S2B_MSIL2A_20201116T032019_N0214_R118_T48PWR_20201116T074206,1605512526000,Kien Giang,2020-11-16 07:42:06,2.1251065033329
28.079535,8.056546,5.280228,33.2454660507974,56.698471,0.0,S2B_MSIL2A_20201116T032019_N0214_R118_T48PVR_20201116T074206,1605512526000,Ca Mau,2020-11-16 07:42:06,0.6938705251802547
28.079535,8.056546,5.280228,33.2454660507974,56.698471,0.0,S2B_MSIL2A_20201116T032019_N0214_R118_T48PVR_20201116T074206,1605512526000,Kien Giang,2020-11-16 07:42:06,2.1251065033329
26.824252,16.144724,0.055168,33.7181789762801,73.105431,0.0,S2B_MSIL2A_20201116T032019_N0214_R118_T48PUR_20201116T074206,1605512526000,Kien Giang,2020-11-16 07:42:06,2.1251065033329
20.821501,6.819314,2.197322,31.9794440231456,72.499943,0.452285,S2B_MSIL2A_20201116T032019_N0214_R118_T48PWQ_20201116T074206,1605512526000,Bac Lieu,2020-11-16 07:42:06,0.9759524262926114
20.821501,6.819314,2.197322,31.9794440231456,72.499943,0.452285,S2B_MSIL2A_20201116T032019_N0214_R118_T48PWQ_20201116T074206,1605512526000,Ca Mau,2020-11-16 07:42:06,0.6938705251802547
39.216658,8.331389,2.056261,32.4458690540429,52.967447,0.836474,S2B_MSIL2A_20201116T032019_N0214_R118_T48PVQ_20201116T074206,1605512526000,Ca Mau,2020-11-16 07:42:06,0.6938705251802547
9.51949,0.098932,49.604058,35.6494595731143,2.489573,0.0,S2A_MSIL2A_20201118T031021_N0214_R075_T48PXT_20201118T062259,1605680579000,Long An,2020-11-18 06:22:59,4.734739334072262
7.618123,2.946833,41.490954,34.8484574145389,24.660571,0.003574,S2A_MSIL2A_20201118T031021_N0214_R075_T48PXS_20201118T062259,1605680579000,Tra Vinh,2020-11-18 06:22:59,0.22357462336444692
7.618123,2.946833,41.490954,34.8484574145389,24.660571,0.003574,S2A_MSIL2A_20201118T031021_N0214_R075_T48PXS_20201118T062259,1605680579000,Ben Tre,2020-11-18 06:22:59,1.5700028874163594
7.618123,2.946833,41.490954,34.8484574145389,24.660571,0.003574,S2A_MSIL2A_20201118T031021_N0214_R075_T48PXS_20201118T062259,1605680579000,Long An,2020-11-18 06:22:59,4.734739334072262
7.618123,2.946833,41.490954,34.8484574145389,24.660571,0.003574,S2A_MSIL2A_20201118T031021_N0214_R075_T48PXS_20201118T062259,1605680579000,Tien Giang,2020-11-18 06:22:59,3.37504657290511
42.47478,6.156101,8.005375,34.0521018987848,42.613658,0.003835,S2A_MSIL2A_20201118T031021_N0214_R075_T48PXR_20201118T062259,1605680579000,Soc Trang,2020-11-18 06:22:59,0.4233672342860062
42.47478,6.156101,8.005375,34.0521018987848,42.613658,0.003835,S2A_MSIL2A_20201118T031021_N0214_R075_T48PXR_20201118T062259,1605680579000,Tra Vinh,2020-11-18 06:22:59,0.22357462336444692
42.47478,6.156101,8.005375,34.0521018987848,42.613658,0.003835,S2A_MSIL2A_20201118T031021_N0214_R075_T48PXR_20201118T062259,1605680579000,Vinh Long,2020-11-18 06:22:59,2.074296075259729
42.47478,6.156101,8.005375,34.0521018987848,42.613658,0.003835,S2A_MSIL2A_20201118T031021_N0214_R075_T48PXR_20201118T062259,1605680579000,Ben Tre,2020-11-18 06:22:59,1.5700028874163594
23.87526,0.0021,38.902253,35.1340329617518,4.823412,0.0,S2A_MSIL2A_20201121T032041_N0214_R118_T48PXT_20201121T063028,1605940228000,Dong Thap,2020-11-21 06:30:28,4.995247366958826
23.87526,0.0021,38.902253,35.1340329617518,4.823412,0.0,S2A_MSIL2A_20201121T032041_N0214_R118_T48PXT_20201121T063028,1605940228000,Long An,2020-11-21 06:30:28,4.547987813567082
21.438248,0.116782,38.07624,34.3063511260981,8.502305,0.593433,S2A_MSIL2A_20201121T032041_N0214_R118_T48PXS_20201121T063028,1605940228000,Soc Trang,2020-11-21 06:30:28,4.380120380001901
21.438248,0.116782,38.07624,34.3063511260981,8.502305,0.593433,S2A_MSIL2A_20201121T032041_N0214_R118_T48PXS_20201121T063028,1605940228000,Tra Vinh,2020-11-21 06:30:28,0.583648385425147
21.438248,0.116782,38.07624,34.3063511260981,8.502305,0.593433,S2A_MSIL2A_20201121T032041_N0214_R118_T48PXS_20201121T063028,1605940228000,Vinh Long,2020-11-21 06:30:28,3.835630681112132
21.438248,0.116782,38.07624,34.3063511260981,8.502305,0.593433,S2A_MSIL2A_20201121T032041_N0214_R118_T48PXS_20201121T063028,1605940228000,Ben Tre,2020-11-21 06:30:28,1.5198326436334872
21.438248,0.116782,38.07624,34.3063511260981,8.502305,0.593433,S2A_MSIL2A_20201121T032041_N0214_R118_T48PXS_20201121T063028,1605940228000,Dong Thap,2020-11-21 06:30:28,4.995247366958826
21.438248,0.116782,38.07624,34.3063511260981,8.502305,0.593433,S2A_MSIL2A_20201121T032041_N0214_R118_T48PXS_20201121T063028,1605940228000,Long An,2020-11-21 06:30:28,4.547987813567082
21.438248,0.116782,38.07624,34.3063511260981,8.502305,0.593433,S2A_MSIL2A_20201121T032041_N0214_R118_T48PXS_20201121T063028,1605940228000,Tien Giang,2020-11-21 06:30:28,3.3877269315017613
26.306347,1.301161,27.820843,34.7317300181241,15.081315,0.0,S2A_MSIL2A_20201121T032041_N0214_R118_T48PWS_20201121T063028,1605940228000,Soc Trang,2020-11-21 06:30:28,4.380120380001901
26.306347,1.301161,27.820843,34.7317300181241,15.081315,0.0,S2A_MSIL2A_20201121T032041_N0214_R118_T48PWS_20201121T063028,1605940228000,Tra Vinh,2020-11-21 06:30:28,0.583648385425147
26.306347,1.301161,27.820843,34.7317300181241,15.081315,0.0,S2A_MSIL2A_20201121T032041_N0214_R118_T48PWS_20201121T063028,1605940228000,Vinh Long,2020-11-21 06:30:28,3.835630681112132
26.306347,1.301161,27.820843,34.7317300181241,15.081315,0.0,S2A_MSIL2A_20201121T032041_N0214_R118_T48PWS_20201121T063028,1605940228000,Can Tho city,2020-11-21 06:30:28,6.21881294470668
26.306347,1.301161,27.820843,34.7317300181241,15.081315,0.0,S2A_MSIL2A_20201121T032041_N0214_R118_T48PWS_20201121T063028,1605940228000,Hau Giang,2020-11-21 06:30:28,5.795410904489555
26.306347,1.301161,27.820843,34.7317300181241,15.081315,0.0,S2A_MSIL2A_20201121T032041_N0214_R118_T48PWS_20201121T063028,1605940228000,An Giang,2020-11-21 06:30:28,4.348671532094874
26.306347,1.301161,27.820843,34.7317300181241,15.081315,0.0,S2A_MSIL2A_20201121T032041_N0214_R118_T48PWS_20201121T063028,1605940228000,Dong Thap,2020-11-21 06:30:28,4.995247366958826
26.306347,1.301161,27.820843,34.7317300181241,15.081315,0.0,S2A_MSIL2A_20201121T032041_N0214_R118_T48PWS_20201121T063028,1605940228000,Kien Giang,2020-11-21 06:30:28,6.545058749907195
26.306347,1.301161,27.820843,34.7317300181241,15.081315,0.0,S2A_MSIL2A_20201121T032041_N0214_R118_T48PWS_20201121T063028,1605940228000,Long An,2020-11-21 06:30:28,4.547987813567082
26.306347,1.301161,27.820843,34.7317300181241,15.081315,0.0,S2A_MSIL2A_20201121T032041_N0214_R118_T48PWS_20201121T063028,1605940228000,Tien Giang,2020-11-21 06:30:28,3.3877269315017613
35.47894,7.90514,9.511933,35.1722266965401,36.94382,0.365387,S2A_MSIL2A_20201121T032041_N0214_R118_T48PVS_20201121T063028,1605940228000,An Giang,2020-11-21 06:30:28,4.348671532094874
35.47894,7.90514,9.511933,35.1722266965401,36.94382,0.365387,S2A_MSIL2A_20201121T032041_N0214_R118_T48PVS_20201121T063028,1605940228000,Kien Giang,2020-11-21 06:30:28,6.545058749907195
46.912552,8.581632,4.783775,35.6268844496662,41.282758,0.967982,S2A_MSIL2A_20201121T032041_N0214_R118_T48PUS_20201121T063028,1605940228000,Kien Giang,2020-11-21 06:30:28,6.545058749907195
32.063567,5.643674,17.748789,33.9150724663082,16.1148,0.921656,S2A_MSIL2A_20201121T032041_N0214_R118_T48PWR_20201121T063028,1605940228000,Soc Trang,2020-11-21 06:30:28,4.380120380001901
32.063567,5.643674,17.748789,33.9150724663082,16.1148,0.921656,S2A_MSIL2A_20201121T032041_N0214_R118_T48PWR_20201121T063028,1605940228000,Tra Vinh,2020-11-21 06:30:28,0.583648385425147
32.063567,5.643674,17.748789,33.9150724663082,16.1148,0.921656,S2A_MSIL2A_20201121T032041_N0214_R118_T48PWR_20201121T063028,1605940228000,Vinh Long,2020-11-21 06:30:28,3.835630681112132
32.063567,5.643674,17.748789,33.9150724663082,16.1148,0.921656,S2A_MSIL2A_20201121T032041_N0214_R118_T48PWR_20201121T063028,1605940228000,Bac Lieu,2020-11-21 06:30:28,3.7481563944306777
32.063567,5.643674,17.748789,33.9150724663082,16.1148,0.921656,S2A_MSIL2A_20201121T032041_N0214_R118_T48PWR_20201121T063028,1605940228000,Ca Mau,2020-11-21 06:30:28,4.250842928753529
32.063567,5.643674,17.748789,33.9150724663082,16.1148,0.921656,S2A_MSIL2A_20201121T032041_N0214_R118_T48PWR_20201121T063028,1605940228000,Can Tho city,2020-11-21 06:30:28,6.21881294470668
32.063567,5.643674,17.748789,33.9150724663082,16.1148,0.921656,S2A_MSIL2A_20201121T032041_N0214_R118_T48PWR_20201121T063028,1605940228000,Hau Giang,2020-11-21 06:30:28,5.795410904489555
32.063567,5.643674,17.748789,33.9150724663082,16.1148,0.921656,S2A_MSIL2A_20201121T032041_N0214_R118_T48PWR_20201121T063028,1605940228000,Kien Giang,2020-11-21 06:30:28,6.545058749907195
24.658767,16.293469,5.467278,34.3632047065325,58.798957,0.0,S2A_MSIL2A_20201121T032041_N0214_R118_T48PVR_20201121T063028,1605940228000,Ca Mau,2020-11-21 06:30:28,4.250842928753529
24.658767,16.293469,5.467278,34.3632047065325,58.798957,0.0,S2A_MSIL2A_20201121T032041_N0214_R118_T48PVR_20201121T063028,1605940228000,Kien Giang,2020-11-21 06:30:28,6.545058749907195
22.32109,16.29716,0.048441,34.8257606134659,77.622312,0.0,S2A_MSIL2A_20201121T032041_N0214_R118_T48PUR_20201121T063028,1605940228000,Kien Giang,2020-11-21 06:30:28,6.545058749907195
42.501718,27.52324,1.430125,33.1017367126968,50.944555,0.530363,S2A_MSIL2A_20201121T032041_N0214_R118_T48PWQ_20201121T063028,1605940228000,Bac Lieu,2020-11-21 06:30:28,3.7481563944306777
42.501718,27.52324,1.430125,33.1017367126968,50.944555,0.530363,S2A_MSIL2A_20201121T032041_N0214_R118_T48PWQ_20201121T063028,1605940228000,Ca Mau,2020-11-21 06:30:28,4.250842928753529
40.318193,21.479756,1.791019,33.5578779881471,52.873284,0.355954,S2A_MSIL2A_20201121T032041_N0214_R118_T48PVQ_20201121T063028,1605940228000,Ca Mau,2020-11-21 06:30:28,4.250842928753529
8.592146,0.218576,36.957821,35.9408835652232,27.360833,0.02538,S2B_MSIL2A_20201123T031039_N0214_R075_T48PXS_20201123T055638,1606110998000,Tra Vinh,2020-11-23 05:56:38,2.33177090375523
8.592146,0.218576,36.957821,35.9408835652232,27.360833,0.02538,S2B_MSIL2A_20201123T031039_N0214_R075_T48PXS_20201123T055638,1606110998000,Ben Tre,2020-11-23 05:56:38,1.951145161868357
8.592146,0.218576,36.957821,35.9408835652232,27.360833,0.02538,S2B_MSIL2A_20201123T031039_N0214_R075_T48PXS_20201123T055638,1606110998000,Long An,2020-11-23 05:56:38,4.228898173610738
8.592146,0.218576,36.957821,35.9408835652232,27.360833,0.02538,S2B_MSIL2A_20201123T031039_N0214_R075_T48PXS_20201123T055638,1606110998000,Tien Giang,2020-11-23 05:56:38,3.267597670483701
45.879245,5.061022,5.491269,35.1398929962669,41.678828,0.370946,S2B_MSIL2A_20201123T031039_N0214_R075_T48PXR_20201123T055638,1606110998000,Soc Trang,2020-11-23 05:56:38,4.471504813759917
45.879245,5.061022,5.491269,35.1398929962669,41.678828,0.370946,S2B_MSIL2A_20201123T031039_N0214_R075_T48PXR_20201123T055638,1606110998000,Tra Vinh,2020-11-23 05:56:38,2.33177090375523
45.879245,5.061022,5.491269,35.1398929962669,41.678828,0.370946,S2B_MSIL2A_20201123T031039_N0214_R075_T48PXR_20201123T055638,1606110998000,Vinh Long,2020-11-23 05:56:38,3.636485531359972
45.879245,5.061022,5.491269,35.1398929962669,41.678828,0.370946,S2B_MSIL2A_20201123T031039_N0214_R075_T48PXR_20201123T055638,1606110998000,Ben Tre,2020-11-23 05:56:38,1.951145161868357
45.197077,3.334533,12.046214,34.5329145211322,31.088138,0.000469,S2B_MSIL2A_20201126T032049_N0214_R118_T48PXR_20201126T052801,1606368481000,Soc Trang,2020-11-26 05:28:01,4.061550049984356
45.197077,3.334533,12.046214,34.5329145211322,31.088138,0.000469,S2B_MSIL2A_20201126T032049_N0214_R118_T48PXR_20201126T052801,1606368481000,Tra Vinh,2020-11-26 05:28:01,4.875579179651711
45.197077,3.334533,12.046214,34.5329145211322,31.088138,0.000469,S2B_MSIL2A_20201126T032049_N0214_R118_T48PXR_20201126T052801,1606368481000,Vinh Long,2020-11-26 05:28:01,5.633701248131191
45.197077,3.334533,12.046214,34.5329145211322,31.088138,0.000469,S2B_MSIL2A_20201126T032049_N0214_R118_T48PXR_20201126T052801,1606368481000,Ben Tre,2020-11-26 05:28:01,5.259239342724683
0.577771,4e-05,48.348516,37.8269526416285,28.197953,0.001542,S2B_MSIL2A_20201203T031109_N0214_R075_T48PXS_20201203T052110,1606972870000,Tra Vinh,2020-12-03 05:21:10,0.17242678144874377
0.577771,4e-05,48.348516,37.8269526416285,28.197953,0.001542,S2B_MSIL2A_20201203T031109_N0214_R075_T48PXS_20201203T052110,1606972870000,Ben Tre,2020-12-03 05:21:10,0.0818061047070479
0.577771,4e-05,48.348516,37.8269526416285,28.197953,0.001542,S2B_MSIL2A_20201203T031109_N0214_R075_T48PXS_20201203T052110,1606972870000,Long An,2020-12-03 05:21:10,0.11764113695445583
0.577771,4e-05,48.348516,37.8269526416285,28.197953,0.001542,S2B_MSIL2A_20201203T031109_N0214_R075_T48PXS_20201203T052110,1606972870000,Tien Giang,2020-12-03 05:21:10,0.16522949178468535
12.746206,12.616262,9.814306,37.0225335271074,71.156269,0.004502,S2B_MSIL2A_20201203T031109_N0214_R075_T48PXR_20201203T052110,1606972870000,Soc Trang,2020-12-03 05:21:10,0.3397273322380215
12.746206,12.616262,9.814306,37.0225335271074,71.156269,0.004502,S2B_MSIL2A_20201203T031109_N0214_R075_T48PXR_20201203T052110,1606972870000,Tra Vinh,2020-12-03 05:21:10,0.17242678144874377
12.746206,12.616262,9.814306,37.0225335271074,71.156269,0.004502,S2B_MSIL2A_20201203T031109_N0214_R075_T48PXR_20201203T052110,1606972870000,Vinh Long,2020-12-03 05:21:10,0.05665112471361772
12.746206,12.616262,9.814306,37.0225335271074,71.156269,0.004502,S2B_MSIL2A_20201203T031109_N0214_R075_T48PXR_20201203T052110,1606972870000,Ben Tre,2020-12-03 05:21:10,0.0818061047070479
3.754993,3.683404,21.369183,36.9057881909536,71.8198,0.000549,S2A_MSIL2A_20201204T033121_N0214_R018_T48PUS_20201204T053636,1607060196000,Kien Giang,2020-12-04 05:36:36,0.03452179359924643
13.812678,13.808489,0.176102,36.0775185638381,86.004478,0.0,S2A_MSIL2A_20201204T033121_N0214_R018_T48PUR_20201204T053636,1607060196000,Kien Giang,2020-12-04 05:36:36,0.03452179359924643
2.715036,2.507433,67.665088,37.9449740239188,3.977852,0.0,S2B_MSIL2A_20201206T032119_N0214_R118_T48PXT_20201206T065023,1607237423000,Dong Thap,2020-12-06 06:50:23,0.11073597887258028
2.715036,2.507433,67.665088,37.9449740239188,3.977852,0.0,S2B_MSIL2A_20201206T032119_N0214_R118_T48PXT_20201206T065023,1607237423000,Long An,2020-12-06 06:50:23,0.15596044890166494
10.376042,8.209246,37.195086,38.3592090240375,6.249119,0.0,S2B_MSIL2A_20201206T032119_N0214_R118_T48PWT_20201206T065023,1607237423000,An Giang,2020-12-06 06:50:23,0.007479828430353184
10.376042,8.209246,37.195086,38.3592090240375,6.249119,0.0,S2B_MSIL2A_20201206T032119_N0214_R118_T48PWT_20201206T065023,1607237423000,Dong Thap,2020-12-06 06:50:23,0.11073597887258028
10.376042,8.209246,37.195086,38.3592090240375,6.249119,0.0,S2B_MSIL2A_20201206T032119_N0214_R118_T48PWT_20201206T065023,1607237423000,Long An,2020-12-06 06:50:23,0.15596044890166494
28.721566,18.749593,42.955533,38.7868996732146,1.939164,0.0,S2B_MSIL2A_20201206T032119_N0214_R118_T48PVT_20201206T065023,1607237423000,An Giang,2020-12-06 06:50:23,0.007479828430353184
2.311669,2.040295,62.771189,37.1154887842791,8.201643,2.7e-05,S2B_MSIL2A_20201206T032119_N0214_R118_T48PXS_20201206T065023,1607237423000,Soc Trang,2020-12-06 06:50:23,0.37553314984611635
2.311669,2.040295,62.771189,37.1154887842791,8.201643,2.7e-05,S2B_MSIL2A_20201206T032119_N0214_R118_T48PXS_20201206T065023,1607237423000,Tra Vinh,2020-12-06 06:50:23,0.24086497269486296
2.311669,2.040295,62.771189,37.1154887842791,8.201643,2.7e-05,S2B_MSIL2A_20201206T032119_N0214_R118_T48PXS_20201206T065023,1607237423000,Vinh Long,2020-12-06 06:50:23,0.2394317811405167
2.311669,2.040295,62.771189,37.1154887842791,8.201643,2.7e-05,S2B_MSIL2A_20201206T032119_N0214_R118_T48PXS_20201206T065023,1607237423000,Ben Tre,2020-12-06 06:50:23,0.03254815361343528
2.311669,2.040295,62.771189,37.1154887842791,8.201643,2.7e-05,S2B_MSIL2A_20201206T032119_N0214_R118_T48PXS_20201206T065023,1607237423000,Dong Thap,2020-12-06 06:50:23,0.11073597887258028
2.311669,2.040295,62.771189,37.1154887842791,8.201643,2.7e-05,S2B_MSIL2A_20201206T032119_N0214_R118_T48PXS_20201206T065023,1607237423000,Long An,2020-12-06 06:50:23,0.15596044890166494
2.311669,2.040295,62.771189,37.1154887842791,8.201643,2.7e-05,S2B_MSIL2A_20201206T032119_N0214_R118_T48PXS_20201206T065023,1607237423000,Tien Giang,2020-12-06 06:50:23,0.04890574353972574
2.926094,2.613338,40.624398,37.5359133681744,8.444186,0.0,S2B_MSIL2A_20201206T032119_N0214_R118_T48PWS_20201206T065023,1607237423000,Soc Trang,2020-12-06 06:50:23,0.37553314984611635
2.926094,2.613338,40.624398,37.5359133681744,8.444186,0.0,S2B_MSIL2A_20201206T032119_N0214_R118_T48PWS_20201206T065023,1607237423000,Tra Vinh,2020-12-06 06:50:23,0.24086497269486296
2.926094,2.613338,40.624398,37.5359133681744,8.444186,0.0,S2B_MSIL2A_20201206T032119_N0214_R118_T48PWS_20201206T065023,1607237423000,Vinh Long,2020-12-06 06:50:23,0.2394317811405167
2.926094,2.613338,40.624398,37.5359133681744,8.444186,0.0,S2B_MSIL2A_20201206T032119_N0214_R118_T48PWS_20201206T065023,1607237423000,Can Tho city,2020-12-06 06:50:23,0.16103299053036257
2.926094,2.613338,40.624398,37.5359133681744,8.444186,0.0,S2B_MSIL2A_20201206T032119_N0214_R118_T48PWS_20201206T065023,1607237423000,Hau Giang,2020-12-06 06:50:23,0.08771111027492018
2.926094,2.613338,40.624398,37.5359133681744,8.444186,0.0,S2B_MSIL2A_20201206T032119_N0214_R118_T48PWS_20201206T065023,1607237423000,An Giang,2020-12-06 06:50:23,0.007479828430353184
2.926094,2.613338,40.624398,37.5359133681744,8.444186,0.0,S2B_MSIL2A_20201206T032119_N0214_R118_T48PWS_20201206T065023,1607237423000,Dong Thap,2020-12-06 06:50:23,0.11073597887258028
2.926094,2.613338,40.624398,37.5359133681744,8.444186,0.0,S2B_MSIL2A_20201206T032119_N0214_R118_T48PWS_20201206T065023,1607237423000,Kien Giang,2020-12-06 06:50:23,0.13807089749858398
2.926094,2.613338,40.624398,37.5359133681744,8.444186,0.0,S2B_MSIL2A_20201206T032119_N0214_R118_T48PWS_20201206T065023,1607237423000,Long An,2020-12-06 06:50:23,0.15596044890166494
2.926094,2.613338,40.624398,37.5359133681744,8.444186,0.0,S2B_MSIL2A_20201206T032119_N0214_R118_T48PWS_20201206T065023,1607237423000,Tien Giang,2020-12-06 06:50:23,0.04890574353972574
35.85914,25.33879,21.459132,37.9700838907902,28.484631,9e-05,S2B_MSIL2A_20201206T032119_N0214_R118_T48PVS_20201206T065023,1607237423000,An Giang,2020-12-06 06:50:23,0.007479828430353184
35.85914,25.33879,21.459132,37.9700838907902,28.484631,9e-05,S2B_MSIL2A_20201206T032119_N0214_R118_T48PVS_20201206T065023,1607237423000,Kien Giang,2020-12-06 06:50:23,0.13807089749858398
16.367185,14.898837,26.82977,38.4171429556754,53.717208,2.4e-05,S2B_MSIL2A_20201206T032119_N0214_R118_T48PUS_20201206T065023,1607237423000,Kien Giang,2020-12-06 06:50:23,0.13807089749858398
13.192273,11.134407,32.747781,36.2892691628354,38.871187,0.000375,S2B_MSIL2A_20201206T032119_N0214_R118_T48PXR_20201206T065023,1607237423000,Soc Trang,2020-12-06 06:50:23,0.37553314984611635
13.192273,11.134407,32.747781,36.2892691628354,38.871187,0.000375,S2B_MSIL2A_20201206T032119_N0214_R118_T48PXR_20201206T065023,1607237423000,Tra Vinh,2020-12-06 06:50:23,0.24086497269486296
13.192273,11.134407,32.747781,36.2892691628354,38.871187,0.000375,S2B_MSIL2A_20201206T032119_N0214_R118_T48PXR_20201206T065023,1607237423000,Vinh Long,2020-12-06 06:50:23,0.2394317811405167
13.192273,11.134407,32.747781,36.2892691628354,38.871187,0.000375,S2B_MSIL2A_20201206T032119_N0214_R118_T48PXR_20201206T065023,1607237423000,Ben Tre,2020-12-06 06:50:23,0.03254815361343528
6.462387,6.082561,34.052992,36.7161879007254,21.478793,0.000169,S2B_MSIL2A_20201206T032119_N0214_R118_T48PWR_20201206T065023,1607237423000,Soc Trang,2020-12-06 06:50:23,0.37553314984611635
6.462387,6.082561,34.052992,36.7161879007254,21.478793,0.000169,S2B_MSIL2A_20201206T032119_N0214_R118_T48PWR_20201206T065023,1607237423000,Tra Vinh,2020-12-06 06:50:23,0.24086497269486296
6.462387,6.082561,34.052992,36.7161879007254,21.478793,0.000169,S2B_MSIL2A_20201206T032119_N0214_R118_T48PWR_20201206T065023,1607237423000,Vinh Long,2020-12-06 06:50:23,0.2394317811405167
6.462387,6.082561,34.052992,36.7161879007254,21.478793,0.000169,S2B_MSIL2A_20201206T032119_N0214_R118_T48PWR_20201206T065023,1607237423000,Bac Lieu,2020-12-06 06:50:23,0.3060542375988931
6.462387,6.082561,34.052992,36.7161879007254,21.478793,0.000169,S2B_MSIL2A_20201206T032119_N0214_R118_T48PWR_20201206T065023,1607237423000,Ca Mau,2020-12-06 06:50:23,0.6150763427417507
6.462387,6.082561,34.052992,36.7161879007254,21.478793,0.000169,S2B_MSIL2A_20201206T032119_N0214_R118_T48PWR_20201206T065023,1607237423000,Can Tho city,2020-12-06 06:50:23,0.16103299053036257
6.462387,6.082561,34.052992,36.7161879007254,21.478793,0.000169,S2B_MSIL2A_20201206T032119_N0214_R118_T48PWR_20201206T065023,1607237423000,Hau Giang,2020-12-06 06:50:23,0.08771111027492018
6.462387,6.082561,34.052992,36.7161879007254,21.478793,0.000169,S2B_MSIL2A_20201206T032119_N0214_R118_T48PWR_20201206T065023,1607237423000,Kien Giang,2020-12-06 06:50:23,0.13807089749858398
43.050411,36.122701,10.226778,37.1571390620871,36.287367,0.0,S2B_MSIL2A_20201206T032119_N0214_R118_T48PVR_20201206T065023,1607237423000,Ca Mau,2020-12-06 06:50:23,0.6150763427417507
43.050411,36.122701,10.226778,37.1571390620871,36.287367,0.0,S2B_MSIL2A_20201206T032119_N0214_R118_T48PVR_20201206T065023,1607237423000,Kien Giang,2020-12-06 06:50:23,0.13807089749858398
25.532283,25.339934,0.052419,37.6112322917797,74.414062,0.0,S2B_MSIL2A_20201206T032119_N0214_R118_T48PUR_20201206T065023,1607237423000,Kien Giang,2020-12-06 06:50:23,0.13807089749858398
16.115895,16.091323,4.36614,35.8992714811253,74.254519,0.000292,S2B_MSIL2A_20201206T032119_N0214_R118_T48PWQ_20201206T065023,1607237423000,Bac Lieu,2020-12-06 06:50:23,0.3060542375988931
16.115895,16.091323,4.36614,35.8992714811253,74.254519,0.000292,S2B_MSIL2A_20201206T032119_N0214_R118_T48PWQ_20201206T065023,1607237423000,Ca Mau,2020-12-06 06:50:23,0.6150763427417507
16.570358,14.42942,20.143561,37.6444844027863,59.991068,4.2e-05,S2B_MSIL2A_20201209T033129_N0214_R018_T48PUS_20201209T061517,1607494517000,Kien Giang,2020-12-09 06:15:17,1.7566301443910144
10.160081,6.880129,0.149304,36.8177884040751,89.68336,0.0,S2B_MSIL2A_20201209T033129_N0214_R018_T48PUR_20201209T061517,1607494517000,Kien Giang,2020-12-09 06:15:17,1.7566301443910144
47.797219,30.089998,0.050268,37.4190564511797,52.14048,0.0,S2A_MSIL2A_20201214T033141_N0214_R018_T48PUR_20201214T064101,1607928061000,Kien Giang,2020-12-14 06:41:01,4.028231258864313
25.311271,22.803819,51.382756,39.1629410199965,1.788979,0.0,S2B_MSIL2A_20201216T032129_N0214_R118_T48PXT_20201216T052402,1608096242000,Dong Thap,2020-12-16 05:24:02,4.596358509723424
25.311271,22.803819,51.382756,39.1629410199965,1.788979,0.0,S2B_MSIL2A_20201216T032129_N0214_R118_T48PXT_20201216T052402,1608096242000,Long An,2020-12-16 05:24:02,4.279029960745684
41.101031,36.318618,28.144717,39.5887004960258,2.035282,0.0,S2B_MSIL2A_20201216T032129_N0214_R118_T48PWT_20201216T052402,1608096242000,An Giang,2020-12-16 05:24:02,3.6580022436413144
41.101031,36.318618,28.144717,39.5887004960258,2.035282,0.0,S2B_MSIL2A_20201216T032129_N0214_R118_T48PWT_20201216T052402,1608096242000,Dong Thap,2020-12-16 05:24:02,4.596358509723424
41.101031,36.318618,28.144717,39.5887004960258,2.035282,0.0,S2B_MSIL2A_20201216T032129_N0214_R118_T48PWT_20201216T052402,1608096242000,Long An,2020-12-16 05:24:02,4.279029960745684
28.142305,14.257075,44.052425,38.3390625357927,4.10975,9e-06,S2B_MSIL2A_20201216T032129_N0214_R118_T48PXS_20201216T052402,1608096242000,Soc Trang,2020-12-16 05:24:02,1.8015337544947645
28.142305,14.257075,44.052425,38.3390625357927,4.10975,9e-06,S2B_MSIL2A_20201216T032129_N0214_R118_T48PXS_20201216T052402,1608096242000,Tra Vinh,2020-12-16 05:24:02,2.121299121047832
28.142305,14.257075,44.052425,38.3390625357927,4.10975,9e-06,S2B_MSIL2A_20201216T032129_N0214_R118_T48PXS_20201216T052402,1608096242000,Vinh Long,2020-12-16 05:24:02,3.7525807355654366
28.142305,14.257075,44.052425,38.3390625357927,4.10975,9e-06,S2B_MSIL2A_20201216T032129_N0214_R118_T48PXS_20201216T052402,1608096242000,Ben Tre,2020-12-16 05:24:02,2.6417503579586117
28.142305,14.257075,44.052425,38.3390625357927,4.10975,9e-06,S2B_MSIL2A_20201216T032129_N0214_R118_T48PXS_20201216T052402,1608096242000,Dong Thap,2020-12-16 05:24:02,4.596358509723424
28.142305,14.257075,44.052425,38.3390625357927,4.10975,9e-06,S2B_MSIL2A_20201216T032129_N0214_R118_T48PXS_20201216T052402,1608096242000,Long An,2020-12-16 05:24:02,4.279029960745684
28.142305,14.257075,44.052425,38.3390625357927,4.10975,9e-06,S2B_MSIL2A_20201216T032129_N0214_R118_T48PXS_20201216T052402,1608096242000,Tien Giang,2020-12-16 05:24:02,3.07020494935675
17.451885,14.351255,40.562358,38.7708861194615,3.902871,0.0,S2B_MSIL2A_20201216T032129_N0214_R118_T48PWS_20201216T052402,1608096242000,Soc Trang,2020-12-16 05:24:02,1.8015337544947645
17.451885,14.351255,40.562358,38.7708861194615,3.902871,0.0,S2B_MSIL2A_20201216T032129_N0214_R118_T48PWS_20201216T052402,1608096242000,Tra Vinh,2020-12-16 05:24:02,2.121299121047832
17.451885,14.351255,40.562358,38.7708861194615,3.902871,0.0,S2B_MSIL2A_20201216T032129_N0214_R118_T48PWS_20201216T052402,1608096242000,Vinh Long,2020-12-16 05:24:02,3.7525807355654366
17.451885,14.351255,40.562358,38.7708861194615,3.902871,0.0,S2B_MSIL2A_20201216T032129_N0214_R118_T48PWS_20201216T052402,1608096242000,Can Tho city,2020-12-16 05:24:02,3.8089497750117096
17.451885,14.351255,40.562358,38.7708861194615,3.902871,0.0,S2B_MSIL2A_20201216T032129_N0214_R118_T48PWS_20201216T052402,1608096242000,Hau Giang,2020-12-16 05:24:02,2.727528105350283
17.451885,14.351255,40.562358,38.7708861194615,3.902871,0.0,S2B_MSIL2A_20201216T032129_N0214_R118_T48PWS_20201216T052402,1608096242000,An Giang,2020-12-16 05:24:02,3.6580022436413144
17.451885,14.351255,40.562358,38.7708861194615,3.902871,0.0,S2B_MSIL2A_20201216T032129_N0214_R118_T48PWS_20201216T052402,1608096242000,Dong Thap,2020-12-16 05:24:02,4.596358509723424
17.451885,14.351255,40.562358,38.7708861194615,3.902871,0.0,S2B_MSIL2A_20201216T032129_N0214_R118_T48PWS_20201216T052402,1608096242000,Kien Giang,2020-12-16 05:24:02,3.718842258316792
17.451885,14.351255,40.562358,38.7708861194615,3.902871,0.0,S2B_MSIL2A_20201216T032129_N0214_R118_T48PWS_20201216T052402,1608096242000,Long An,2020-12-16 05:24:02,4.279029960745684
17.451885,14.351255,40.562358,38.7708861194615,3.902871,0.0,S2B_MSIL2A_20201216T032129_N0214_R118_T48PWS_20201216T052402,1608096242000,Tien Giang,2020-12-16 05:24:02,3.07020494935675
44.980543,26.515171,18.755442,37.5184924557023,27.457193,0.000211,S2B_MSIL2A_20201216T032129_N0214_R118_T48PXR_20201216T052402,1608096242000,Soc Trang,2020-12-16 05:24:02,1.8015337544947645
44.980543,26.515171,18.755442,37.5184924557023,27.457193,0.000211,S2B_MSIL2A_20201216T032129_N0214_R118_T48PXR_20201216T052402,1608096242000,Tra Vinh,2020-12-16 05:24:02,2.121299121047832
44.980543,26.515171,18.755442,37.5184924557023,27.457193,0.000211,S2B_MSIL2A_20201216T032129_N0214_R118_T48PXR_20201216T052402,1608096242000,Vinh Long,2020-12-16 05:24:02,3.7525807355654366
44.980543,26.515171,18.755442,37.5184924557023,27.457193,0.000211,S2B_MSIL2A_20201216T032129_N0214_R118_T48PXR_20201216T052402,1608096242000,Ben Tre,2020-12-16 05:24:02,2.6417503579586117
15.707363,11.901838,28.932446,37.9566647839866,15.393366,0.000202,S2B_MSIL2A_20201216T032129_N0214_R118_T48PWR_20201216T052402,1608096242000,Soc Trang,2020-12-16 05:24:02,1.8015337544947645
15.707363,11.901838,28.932446,37.9566647839866,15.393366,0.000202,S2B_MSIL2A_20201216T032129_N0214_R118_T48PWR_20201216T052402,1608096242000,Tra Vinh,2020-12-16 05:24:02,2.121299121047832
15.707363,11.901838,28.932446,37.9566647839866,15.393366,0.000202,S2B_MSIL2A_20201216T032129_N0214_R118_T48PWR_20201216T052402,1608096242000,Vinh Long,2020-12-16 05:24:02,3.7525807355654366
15.707363,11.901838,28.932446,37.9566647839866,15.393366,0.000202,S2B_MSIL2A_20201216T032129_N0214_R118_T48PWR_20201216T052402,1608096242000,Bac Lieu,2020-12-16 05:24:02,2.1534067051703074
15.707363,11.901838,28.932446,37.9566647839866,15.393366,0.000202,S2B_MSIL2A_20201216T032129_N0214_R118_T48PWR_20201216T052402,1608096242000,Ca Mau,2020-12-16 05:24:02,1.1426564916429303
15.707363,11.901838,28.932446,37.9566647839866,15.393366,0.000202,S2B_MSIL2A_20201216T032129_N0214_R118_T48PWR_20201216T052402,1608096242000,Can Tho city,2020-12-16 05:24:02,3.8089497750117096
15.707363,11.901838,28.932446,37.9566647839866,15.393366,0.000202,S2B_MSIL2A_20201216T032129_N0214_R118_T48PWR_20201216T052402,1608096242000,Hau Giang,2020-12-16 05:24:02,2.727528105350283
15.707363,11.901838,28.932446,37.9566647839866,15.393366,0.000202,S2B_MSIL2A_20201216T032129_N0214_R118_T48PWR_20201216T052402,1608096242000,Kien Giang,2020-12-16 05:24:02,3.718842258316792
29.904824,22.667174,8.38199,38.4080428135706,49.385509,0.0,S2B_MSIL2A_20201216T032129_N0214_R118_T48PVR_20201216T052402,1608096242000,Ca Mau,2020-12-16 05:24:02,1.1426564916429303
29.904824,22.667174,8.38199,38.4080428135706,49.385509,0.0,S2B_MSIL2A_20201216T032129_N0214_R118_T48PVR_20201216T052402,1608096242000,Kien Giang,2020-12-16 05:24:02,3.718842258316792
32.57108,17.056254,2.92218,37.6036092759852,57.299471,0.013975,S2B_MSIL2A_20201216T032129_N0214_R118_T48PVQ_20201216T052402,1608096242000,Ca Mau,2020-12-16 05:24:02,1.1426564916429303
24.969005,10.144757,36.315113,39.9723814012829,3.278991,0.0,S2A_MSIL2A_20201221T032141_N0214_R118_T48PWT_20201221T052354,1608528234000,An Giang,2020-12-21 05:23:54,5.320890399677634
24.969005,10.144757,36.315113,39.9723814012829,3.278991,0.0,S2A_MSIL2A_20201221T032141_N0214_R118_T48PWT_20201221T052354,1608528234000,Dong Thap,2020-12-21 05:23:54,7.155122385853609
24.969005,10.144757,36.315113,39.9723814012829,3.278991,0.0,S2A_MSIL2A_20201221T032141_N0214_R118_T48PWT_20201221T052354,1608528234000,Long An,2020-12-21 05:23:54,7.2172215971223785
20.981405,12.683144,40.026119,40.4194605004126,2.197146,0.0,S2A_MSIL2A_20201221T032141_N0214_R118_T48PVT_20201221T052354,1608528234000,An Giang,2020-12-21 05:23:54,5.320890399677634
35.315474,34.412,32.399023,39.1590650250165,2.865751,0.0,S2A_MSIL2A_20201221T032141_N0214_R118_T48PWS_20201221T052354,1608528234000,Soc Trang,2020-12-21 05:23:54,5.090385204473101
35.315474,34.412,32.399023,39.1590650250165,2.865751,0.0,S2A_MSIL2A_20201221T032141_N0214_R118_T48PWS_20201221T052354,1608528234000,Tra Vinh,2020-12-21 05:23:54,6.087586555322235
35.315474,34.412,32.399023,39.1590650250165,2.865751,0.0,S2A_MSIL2A_20201221T032141_N0214_R118_T48PWS_20201221T052354,1608528234000,Vinh Long,2020-12-21 05:23:54,7.233385110107679
35.315474,34.412,32.399023,39.1590650250165,2.865751,0.0,S2A_MSIL2A_20201221T032141_N0214_R118_T48PWS_20201221T052354,1608528234000,Can Tho city,2020-12-21 05:23:54,6.796308400580014
35.315474,34.412,32.399023,39.1590650250165,2.865751,0.0,S2A_MSIL2A_20201221T032141_N0214_R118_T48PWS_20201221T052354,1608528234000,Hau Giang,2020-12-21 05:23:54,6.026840827620309
35.315474,34.412,32.399023,39.1590650250165,2.865751,0.0,S2A_MSIL2A_20201221T032141_N0214_R118_T48PWS_20201221T052354,1608528234000,An Giang,2020-12-21 05:23:54,5.320890399677634
35.315474,34.412,32.399023,39.1590650250165,2.865751,0.0,S2A_MSIL2A_20201221T032141_N0214_R118_T48PWS_20201221T052354,1608528234000,Dong Thap,2020-12-21 05:23:54,7.155122385853609
35.315474,34.412,32.399023,39.1590650250165,2.865751,0.0,S2A_MSIL2A_20201221T032141_N0214_R118_T48PWS_20201221T052354,1608528234000,Kien Giang,2020-12-21 05:23:54,5.204791299598157
35.315474,34.412,32.399023,39.1590650250165,2.865751,0.0,S2A_MSIL2A_20201221T032141_N0214_R118_T48PWS_20201221T052354,1608528234000,Long An,2020-12-21 05:23:54,7.2172215971223785
35.315474,34.412,32.399023,39.1590650250165,2.865751,0.0,S2A_MSIL2A_20201221T032141_N0214_R118_T48PWS_20201221T052354,1608528234000,Tien Giang,2020-12-21 05:23:54,6.900275372803381
10.341939,8.732995,29.739478,39.6124874722205,35.997474,0.000226,S2A_MSIL2A_20201221T032141_N0214_R118_T48PVS_20201221T052354,1608528234000,An Giang,2020-12-21 05:23:54,5.320890399677634
10.341939,8.732995,29.739478,39.6124874722205,35.997474,0.000226,S2A_MSIL2A_20201221T032141_N0214_R118_T48PVS_20201221T052354,1608528234000,Kien Giang,2020-12-21 05:23:54,5.204791299598157
29.179542,21.357362,25.94561,40.0776756232744,41.943693,1.2e-05,S2A_MSIL2A_20201221T032141_N0214_R118_T48PUS_20201221T052354,1608528234000,Kien Giang,2020-12-21 05:23:54,5.204791299598157
14.952721,14.888799,11.572928,38.8095222499666,62.58204,0.0,S2A_MSIL2A_20201221T032141_N0214_R118_T48PVR_20201221T052354,1608528234000,Ca Mau,2020-12-21 05:23:54,5.807725730729366
14.952721,14.888799,11.572928,38.8095222499666,62.58204,0.0,S2A_MSIL2A_20201221T032141_N0214_R118_T48PVR_20201221T052354,1608528234000,Kien Giang,2020-12-21 05:23:54,5.204791299598157
21.528579,21.494947,0.050294,39.281549957992,78.419459,0.0,S2A_MSIL2A_20201221T032141_N0214_R118_T48PUR_20201221T052354,1608528234000,Kien Giang,2020-12-21 05:23:54,5.204791299598157
33.393592,33.351469,4.201141,37.5428410150812,56.997424,0.003374,S2A_MSIL2A_20201221T032141_N0214_R118_T48PWQ_20201221T052354,1608528234000,Bac Lieu,2020-12-21 05:23:54,5.133621105807382
33.393592,33.351469,4.201141,37.5428410150812,56.997424,0.003374,S2A_MSIL2A_20201221T032141_N0214_R118_T48PWQ_20201221T052354,1608528234000,Ca Mau,2020-12-21 05:23:54,5.807725730729366
15.167488,13.417795,6.16483,38.0098092722507,72.680461,0.000544,S2A_MSIL2A_20201221T032141_N0214_R118_T48PVQ_20201221T052354,1608528234000,Ca Mau,2020-12-21 05:23:54,5.807725730729366
43.664623,16.584471,20.341884,40.2059074268396,1.771182,0.0,S2B_MSIL2A_20201226T032139_N0214_R118_T48PWT_20201226T053146,1608960706000,An Giang,2020-12-26 05:31:46,0.039405651398852735
43.664623,16.584471,20.341884,40.2059074268396,1.771182,0.0,S2B_MSIL2A_20201226T032139_N0214_R118_T48PWT_20201226T053146,1608960706000,Dong Thap,2020-12-26 05:31:46,0.015402561743267434
43.664623,16.584471,20.341884,40.2059074268396,1.771182,0.0,S2B_MSIL2A_20201226T032139_N0214_R118_T48PWT_20201226T053146,1608960706000,Long An,2020-12-26 05:31:46,0.30329471378743456
26.797794,11.083297,4.246854,39.0660380535745,60.56509,0.0,S2B_MSIL2A_20201226T032139_N0214_R118_T48PVR_20201226T053146,1608960706000,Ca Mau,2020-12-26 05:31:46,0.2308535291875253
26.797794,11.083297,4.246854,39.0660380535745,60.56509,0.0,S2B_MSIL2A_20201226T032139_N0214_R118_T48PVR_20201226T053146,1608960706000,Kien Giang,2020-12-26 05:31:46,0.007993675601438101
29.089455,20.534059,0.049349,39.5487758545738,70.855945,0.0,S2B_MSIL2A_20201226T032139_N0214_R118_T48PUR_20201226T053146,1608960706000,Kien Giang,2020-12-26 05:31:46,0.007993675601438101
41.11124,21.995567,1.506156,37.7945612100832,53.838629,0.04202,S2B_MSIL2A_20201226T032139_N0214_R118_T48PWQ_20201226T053146,1608960706000,Bac Lieu,2020-12-26 05:31:46,0.13945233183461916
41.11124,21.995567,1.506156,37.7945612100832,53.838629,0.04202,S2B_MSIL2A_20201226T032139_N0214_R118_T48PWQ_20201226T053146,1608960706000,Ca Mau,2020-12-26 05:31:46,0.2308535291875253
46.573147,22.868985,1.528067,38.272649556796,47.488669,0.047372,S2B_MSIL2A_20201226T032139_N0214_R118_T48PVQ_20201226T053146,1608960706000,Ca Mau,2020-12-26 05:31:46,0.2308535291875253
40.47463,27.364388,1.808944,39.4882897514849,53.259236,0.008446,S2A_MSIL2A_20201228T031131_N0214_R075_T48PXR_20201229T081151,1609229511000,Soc Trang,2020-12-29 08:11:51,0.5784417189793164
40.47463,27.364388,1.808944,39.4882897514849,53.259236,0.008446,S2A_MSIL2A_20201228T031131_N0214_R075_T48PXR_20201229T081151,1609229511000,Tra Vinh,2020-12-29 08:11:51,0.9838349661137253
40.47463,27.364388,1.808944,39.4882897514849,53.259236,0.008446,S2A_MSIL2A_20201228T031131_N0214_R075_T48PXR_20201229T081151,1609229511000,Vinh Long,2020-12-29 08:11:51,1.0907697859015575
40.47463,27.364388,1.808944,39.4882897514849,53.259236,0.008446,S2A_MSIL2A_20201228T031131_N0214_R075_T48PXR_20201229T081151,1609229511000,Ben Tre,2020-12-29 08:11:51,1.793061331499116
29.366017,14.693852,0.062982,38.3055167835804,70.523381,0.0,S2B_MSIL2A_20201229T033139_N0214_R018_T48PUR_20201229T070055,1609225255000,Kien Giang,2020-12-29 07:00:55,0.14088347331695347
